Date,Adj Close,Close,Dividends,High,Low,Open,Stock Splits,Volume
2019-05-02,65.75,65.75,0.0,72.94999694824219,45.0,46.0,0.0,23119000
2019-05-03,66.79000091552734,66.79000091552734,0.0,74.0,65.66000366210938,72.0,0.0,13139400
2019-05-06,74.79000091552734,74.79000091552734,0.0,74.83999633789062,62.5,62.72999954223633,0.0,8746200
2019-05-07,79.16999816894531,79.16999816894531,0.0,85.44999694824219,75.0,77.13999938964844,0.0,16532100
2019-05-08,72.25,72.25,0.0,85.37999725341797,70.78500366210938,83.61000061035156,0.0,14711800
2019-05-09,68.2699966430664,68.2699966430664,0.0,73.19999694824219,67.0999984741211,70.5,0.0,6284500
2019-05-10,66.22000122070312,66.22000122070312,0.0,69.33200073242188,61.599998474121094,69.08999633789062,0.0,4888000
2019-05-13,69.5,69.5,0.0,71.95999908447266,63.36000061035156,65.45999908447266,0.0,4784500
2019-05-14,79.68000030517578,79.68000030517578,0.0,80.75,71.12000274658203,72.4800033569336,0.0,7079600
2019-05-15,86.91999816894531,86.91999816894531,0.0,93.0,74.55000305175781,79.0,0.0,18356200
2019-05-16,92.91999816894531,92.91999816894531,0.0,96.78500366210938,89.51000213623047,90.0999984741211,0.0,13900300
2019-05-17,89.3499984741211,89.3499984741211,0.0,96.68000030517578,85.70999908447266,92.45999908447266,0.0,10724100
2019-05-20,86.08999633789062,86.08999633789062,0.0,90.95999908447266,83.12999725341797,88.9000015258789,0.0,5189700
2019-05-21,77.5,77.5,0.0,88.75,76.76000213623047,88.02999877929688,0.0,9065100
2019-05-22,77.62999725341797,77.62999725341797,0.0,81.73999786376953,77.0,77.37999725341797,0.0,3898400
2019-05-23,82.0999984741211,82.0999984741211,0.0,83.80000305175781,78.12300109863281,79.4000015258789,0.0,4331300
2019-05-24,79.66999816894531,79.66999816894531,0.0,85.5,79.51000213623047,83.91999816894531,0.0,2909500
2019-05-28,86.0,86.0,0.0,88.83000183105469,83.69999694824219,83.9800033569336,0.0,6604000
2019-05-29,97.5,97.5,0.0,97.6500015258789,87.31999969482422,90.05000305175781,0.0,8372000
2019-05-30,98.58999633789062,98.58999633789062,0.0,105.25,94.02999877929688,101.89700317382812,0.0,12359800
2019-05-31,104.12000274658203,104.12000274658203,0.0,104.55000305175781,97.26000213623047,100.0,0.0,7733900
2019-06-03,96.16000366210938,96.16000366210938,0.0,108.66999816894531,95.66200256347656,104.13999938964844,0.0,8027700
2019-06-04,103.41000366210938,103.41000366210938,0.0,103.5,97.81999969482422,101.25,0.0,5484900
2019-06-05,102.5999984741211,102.5999984741211,0.0,105.5,99.63999938964844,105.5,0.0,4283500
2019-06-06,99.5,99.5,0.0,102.25,98.8499984741211,102.0,0.0,6484000
2019-06-07,138.64999389648438,138.64999389648438,0.0,149.4600067138672,120.76000213623047,130.0,0.0,23916700
2019-06-10,168.10000610351562,168.10000610351562,0.0,186.42999267578125,147.0,155.6999969482422,0.0,24986000
2019-06-11,126.04000091552734,126.04000091552734,0.0,150.0,125.2300033569336,145.25,0.0,15516000
2019-06-12,141.97000122070312,141.97000122070312,0.0,150.4499969482422,131.56300354003906,133.99000549316406,0.0,16918600
2019-06-13,141.38999938964844,141.38999938964844,0.0,146.4499969482422,134.25,141.52000427246094,0.0,9474600
2019-06-14,151.47999572753906,151.47999572753906,0.0,157.89999389648438,141.8000030517578,142.00999450683594,0.0,14964600
2019-06-17,169.9600067138672,169.9600067138672,0.0,171.19000244140625,160.61099243164062,163.17999267578125,0.0,14626700
2019-06-18,169.88999938964844,169.88999938964844,0.0,201.8800048828125,160.6999969482422,200.0,0.0,23966900
2019-06-19,169.27999877929688,169.27999877929688,0.0,174.4499969482422,162.25,171.3699951171875,0.0,9452000
2019-06-20,165.1699981689453,165.1699981689453,0.0,174.0,163.3000030517578,173.0,0.0,6660500
2019-06-21,154.1300048828125,154.1300048828125,0.0,161.7899932861328,150.0,153.5399932861328,0.0,7474600
2019-06-24,140.99000549316406,140.99000549316406,0.0,152.6999969482422,138.0,151.8800048828125,0.0,6538500
2019-06-25,150.60000610351562,150.60000610351562,0.0,150.69000244140625,138.34300231933594,138.5,0.0,6632500
2019-06-26,160.47999572753906,160.47999572753906,0.0,162.25,153.02000427246094,160.10000610351562,0.0,6378600
2019-06-27,162.91000366210938,162.91000366210938,0.0,164.7899932861328,155.4499969482422,157.30999755859375,0.0,5731400
2019-06-28,160.67999267578125,160.67999267578125,0.0,168.8000030517578,159.5500030517578,165.3000030517578,0.0,7315300
2019-07-01,152.5800018310547,152.5800018310547,0.0,162.4499969482422,152.0,161.49000549316406,0.0,4438900
2019-07-02,149.7100067138672,149.7100067138672,0.0,153.6999969482422,147.02000427246094,153.0,0.0,3267500
2019-07-03,151.5,151.5,0.0,154.0,148.6999969482422,151.0,0.0,2261000
2019-07-05,152.6300048828125,152.6300048828125,0.0,153.7899932861328,148.05599975585938,150.0,0.0,2040300
2019-07-08,156.6699981689453,156.6699981689453,0.0,158.92999267578125,152.0,152.49000549316406,0.0,3615500
2019-07-09,157.82000732421875,157.82000732421875,0.0,159.58999633789062,154.50999450683594,158.72999572753906,0.0,2607700
2019-07-10,163.50999450683594,163.50999450683594,0.0,163.8800048828125,158.0,159.47999572753906,0.0,3982900
2019-07-11,174.1999969482422,174.1999969482422,0.0,174.24000549316406,163.5500030517578,165.0,0.0,5469500
2019-07-12,166.80999755859375,166.80999755859375,0.0,172.39999389648438,164.75,172.3699951171875,0.0,4659900
2019-07-15,166.52999877929688,166.52999877929688,0.0,170.6999969482422,166.0,168.16000366210938,0.0,2652900
2019-07-16,172.58999633789062,172.58999633789062,0.0,174.67300415039062,167.00999450683594,168.4499969482422,0.0,3969100
2019-07-17,169.63999938964844,169.63999938964844,0.0,173.42999267578125,168.1060028076172,173.0800018310547,0.0,2437300
2019-07-18,170.33999633789062,170.33999633789062,0.0,172.4499969482422,167.80999755859375,169.39999389648438,0.0,1692300
2019-07-19,176.7899932861328,176.7899932861328,0.0,178.5500030517578,170.77000427246094,172.0,0.0,4256200
2019-07-22,194.1999969482422,194.1999969482422,0.0,200.8000030517578,177.75999450683594,178.5,0.0,11395400
2019-07-23,195.47999572753906,195.47999572753906,0.0,208.47999572753906,191.77999877929688,199.60000610351562,0.0,10669200
2019-07-24,202.9199981689453,202.9199981689453,0.0,205.5,197.2100067138672,201.0,0.0,7168700
2019-07-25,222.86000061035156,222.86000061035156,0.0,222.88999938964844,205.4499969482422,207.0,0.0,10015800
2019-07-26,234.89999389648438,234.89999389648438,0.0,239.7100067138672,215.5,235.55999755859375,0.0,16531300
2019-07-29,222.1300048828125,222.1300048828125,0.0,233.8699951171875,201.0,228.89999389648438,0.0,16047000
2019-07-30,194.75999450683594,194.75999450683594,0.0,216.89999389648438,183.5,186.33999633789062,0.0,19060400
2019-07-31,196.50999450683594,196.50999450683594,0.0,207.0,193.5,195.75999450683594,0.0,11930600
2019-08-01,176.0399932861328,176.0399932861328,0.0,183.99000549316406,172.0,175.13999938964844,0.0,15083500
2019-08-02,177.11000061035156,177.11000061035156,0.0,181.91000366210938,175.0500030517578,177.60000610351562,0.0,5806900
2019-08-05,175.94000244140625,175.94000244140625,0.0,178.22999572753906,170.99000549316406,173.10000610351562,0.0,5665500
2019-08-06,161.24000549316406,161.24000549316406,0.0,181.75,160.6199951171875,180.10000610351562,0.0,8407700
2019-08-07,167.0,167.0,0.0,167.44500732421875,160.5500030517578,164.0,0.0,5858000
2019-08-08,162.6999969482422,162.6999969482422,0.0,168.67999267578125,158.0,168.57000732421875,0.0,5106000
2019-08-09,164.3699951171875,164.3699951171875,0.0,166.3000030517578,162.0500030517578,162.5399932861328,0.0,2756400
2019-08-12,169.11000061035156,169.11000061035156,0.0,172.1750030517578,162.5,164.52999877929688,0.0,3973800
2019-08-13,167.2899932861328,167.2899932861328,0.0,171.97999572753906,165.5800018310547,169.0,0.0,3048100
2019-08-14,162.89999389648438,162.89999389648438,0.0,166.7449951171875,161.05999755859375,165.75,0.0,2246600
2019-08-15,144.1999969482422,144.1999969482422,0.0,164.13999938964844,137.11000061035156,163.0,0.0,9600100
2019-08-16,144.77000427246094,144.77000427246094,0.0,148.5399932861328,136.27000427246094,144.2100067138672,0.0,5867000
2019-08-19,144.50999450683594,144.50999450683594,0.0,148.5,140.77000427246094,147.38999938964844,0.0,3840600
2019-08-20,153.97000122070312,153.97000122070312,0.0,158.1999969482422,151.52999877929688,155.0,0.0,7051800
2019-08-21,151.9499969482422,151.9499969482422,0.0,155.75,149.13400268554688,155.75,0.0,3659700
2019-08-22,150.99000549316406,150.99000549316406,0.0,152.2100067138672,146.10000610351562,151.0399932861328,0.0,2930200
2019-08-23,146.85000610351562,146.85000610351562,0.0,151.63999938964844,146.25999450683594,150.0,0.0,2214300
2019-08-26,155.1300048828125,155.1300048828125,0.0,155.39999389648438,150.3000030517578,153.8000030517578,0.0,3650400
2019-08-27,157.02000427246094,157.02000427246094,0.0,161.4250030517578,155.3000030517578,159.27999877929688,0.0,4423400
2019-08-28,160.30999755859375,160.30999755859375,0.0,162.5,155.39999389648438,158.27999877929688,0.0,3708100
2019-08-29,165.47999572753906,165.47999572753906,0.0,166.72000122070312,159.0,161.75,0.0,3764700
2019-08-30,167.6300048828125,167.6300048828125,0.0,172.2899932861328,166.6999969482422,168.6699981689453,0.0,4145800
2019-09-03,163.14999389648438,163.14999389648438,0.0,169.30999755859375,162.2100067138672,167.6300048828125,0.0,2425400
2019-09-04,163.67999267578125,163.67999267578125,0.0,165.5,161.6439971923828,165.36000061035156,0.0,2143100
2019-09-05,160.97000122070312,160.97000122070312,0.0,167.14999389648438,160.52000427246094,162.0500030517578,0.0,2281600
2019-09-06,154.99000549316406,154.99000549316406,0.0,157.625,151.67999267578125,155.83999633789062,0.0,3560600
2019-09-09,149.52999877929688,149.52999877929688,0.0,153.92599487304688,147.25399780273438,153.13999938964844,0.0,3097900
2019-09-10,146.89999389648438,146.89999389648438,0.0,147.5,142.97999572753906,147.0,0.0,1885600
2019-09-11,151.80999755859375,151.80999755859375,0.0,152.8000030517578,147.00999450683594,147.22999572753906,0.0,1869500
2019-09-12,152.9600067138672,152.9600067138672,0.0,154.41000366210938,149.13999938964844,151.60000610351562,0.0,1520100
2019-09-13,155.97999572753906,155.97999572753906,0.0,156.92999267578125,153.57699584960938,155.2899932861328,0.0,1810300
2019-09-16,158.97000122070312,158.97000122070312,0.0,159.85000610351562,154.5500030517578,155.83999633789062,0.0,1766800
2019-09-17,160.30999755859375,160.30999755859375,0.0,161.49000549316406,158.89999389648438,160.0,0.0,1558800
2019-09-18,153.99000549316406,153.99000549316406,0.0,160.49000549316406,149.0,160.00999450683594,0.0,3033300
2019-09-19,154.9199981689453,154.9199981689453,0.0,157.10000610351562,152.5,156.83999633789062,0.0,1570900
2019-09-20,155.25999450683594,155.25999450683594,0.0,156.55999755859375,153.44000244140625,154.97000122070312,0.0,1293800
2019-09-23,148.22000122070312,148.22000122070312,0.0,154.27000427246094,146.2899932861328,152.66000366210938,0.0,2396600
2019-09-24,142.99000549316406,142.99000549316406,0.0,147.0,139.07000732421875,146.74000549316406,0.0,2316900
2019-09-25,138.32000732421875,138.32000732421875,0.0,142.89999389648438,133.0800018310547,139.3000030517578,0.0,2531600
2019-09-26,154.33999633789062,154.33999633789062,0.0,160.60000610351562,148.60000610351562,160.50999450683594,0.0,8074700
2019-09-27,151.66000366210938,151.66000366210938,0.0,153.80999755859375,148.89999389648438,151.0,0.0,1989400
2019-09-30,148.6199951171875,148.6199951171875,0.0,151.0,145.67999267578125,150.69000244140625,0.0,1667100
2019-10-01,146.4199981689453,146.4199981689453,0.0,149.39999389648438,143.6999969482422,148.64999389648438,0.0,1491200
2019-10-02,143.3000030517578,143.3000030517578,0.0,145.25,141.10000610351562,144.9600067138672,0.0,1542300
2019-10-03,145.44000244140625,145.44000244140625,0.0,146.9250030517578,141.32000732421875,142.05999755859375,0.0,1160600
2019-10-04,145.72000122070312,145.72000122070312,0.0,147.1699981689453,144.27000427246094,146.05999755859375,0.0,1373500
2019-10-07,145.05999755859375,145.05999755859375,0.0,145.1699981689453,142.02999877929688,144.5,0.0,1319900
2019-10-08,142.72999572753906,142.72999572753906,0.0,143.94000244140625,140.17999267578125,143.0,0.0,1123400
2019-10-09,139.35000610351562,139.35000610351562,0.0,143.70199584960938,137.55999755859375,143.25999450683594,0.0,1477600
2019-10-10,136.0,136.0,0.0,138.9499969482422,134.91000366210938,138.5,0.0,1735600
2019-10-11,131.38999938964844,131.38999938964844,0.0,136.85000610351562,130.63999938964844,136.00999450683594,0.0,2441000
2019-10-14,126.30999755859375,126.30999755859375,0.0,128.4600067138672,124.62999725341797,128.4499969482422,0.0,2126900
2019-10-15,122.05000305175781,122.05000305175781,0.0,125.4000015258789,120.52999877929688,124.2699966430664,0.0,2635900
2019-10-16,123.91999816894531,123.91999816894531,0.0,126.48999786376953,121.7770004272461,122.0,0.0,1961900
2019-10-17,117.3499984741211,117.3499984741211,0.0,124.58000183105469,116.86000061035156,123.98999786376953,0.0,2838700
2019-10-18,109.98999786376953,109.98999786376953,0.0,115.38999938964844,107.91000366210938,115.0,0.0,3818800
2019-10-21,110.12999725341797,110.12999725341797,0.0,113.60900115966797,106.01000213623047,113.5999984741211,0.0,3585700
2019-10-22,106.4000015258789,106.4000015258789,0.0,112.87999725341797,105.55000305175781,110.0,0.0,2318200
2019-10-23,97.9000015258789,97.9000015258789,0.0,105.66999816894531,97.25,102.69999694824219,0.0,4719000
2019-10-24,101.69999694824219,101.69999694824219,0.0,103.7699966430664,96.1500015258789,96.5,0.0,4696000
2019-10-25,100.80999755859375,100.80999755859375,0.0,102.0,97.73899841308594,101.7699966430664,0.0,3302200
2019-10-28,105.41000366210938,105.41000366210938,0.0,108.16999816894531,97.8499984741211,101.0,0.0,8359600
2019-10-29,81.98999786376953,81.98999786376953,0.0,88.87999725341797,80.0999984741211,82.95999908447266,0.0,32782100
2019-10-30,88.88999938964844,88.88999938964844,0.0,90.0,83.0,84.3499984741211,0.0,14613800
2019-10-31,84.44999694824219,84.44999694824219,0.0,90.44000244140625,83.62999725341797,90.44000244140625,0.0,7036300
2019-11-01,82.0,82.0,0.0,85.29000091552734,81.83000183105469,84.37000274658203,0.0,5197900
2019-11-04,79.79000091552734,79.79000091552734,0.0,83.44000244140625,79.62999725341797,83.4000015258789,0.0,4697200
2019-11-05,81.44999694824219,81.44999694824219,0.0,84.97000122070312,81.38999938964844,83.25,0.0,8328100
2019-11-06,80.7300033569336,80.7300033569336,0.0,83.51000213623047,80.5,82.04000091552734,0.0,3654600
2019-11-07,78.98999786376953,78.98999786376953,0.0,81.19000244140625,77.22000122070312,81.0999984741211,0.0,6162300
2019-11-08,79.94999694824219,79.94999694824219,0.0,80.79000091552734,78.66999816894531,79.25,0.0,2816100
2019-11-11,76.79000091552734,76.79000091552734,0.0,79.96499633789062,75.64700317382812,79.87999725341797,0.0,4998700
2019-11-12,78.2699966430664,78.2699966430664,0.0,79.47000122070312,73.8499984741211,76.75,0.0,6289400
2019-11-13,79.01499938964844,79.01499938964844,0.0,80.18000030517578,77.0,78.0,0.0,3886400
2019-11-14,80.43000030517578,80.43000030517578,0.0,83.37999725341797,79.63999938964844,81.33999633789062,0.0,5525400
2019-11-15,80.80999755859375,80.80999755859375,0.0,83.13999938964844,79.05999755859375,81.04000091552734,0.0,4057800
2019-11-18,79.72000122070312,79.72000122070312,0.0,81.22000122070312,78.55000305175781,81.22000122070312,0.0,2931700
2019-11-19,77.3499984741211,77.3499984741211,0.0,80.0,76.55000305175781,79.75,0.0,2948000
2019-11-20,78.12000274658203,78.12000274658203,0.0,78.56999969482422,76.2300033569336,76.88999938964844,0.0,2196300
2019-11-21,78.62000274658203,78.62000274658203,0.0,80.17500305175781,77.18000030517578,78.30000305175781,0.0,2630600
2019-11-22,77.33999633789062,77.33999633789062,0.0,78.9000015258789,76.55000305175781,78.55000305175781,0.0,2343000
2019-11-25,77.27999877929688,77.27999877929688,0.0,78.80000305175781,76.05000305175781,78.04000091552734,0.0,3920700
2019-11-26,79.43000030517578,79.43000030517578,0.0,79.7300033569336,76.69999694824219,77.5199966430664,0.0,3298600
2019-11-27,81.66000366210938,81.66000366210938,0.0,83.6510009765625,79.75,79.95999908447266,0.0,5099900
2019-11-29,82.95999908447266,82.95999908447266,0.0,84.9000015258789,81.83000183105469,82.08000183105469,0.0,3694700
2019-12-02,79.2699966430664,79.2699966430664,0.0,83.64399719238281,77.02999877929688,83.30000305175781,0.0,5973100
2019-12-03,76.16000366210938,76.16000366210938,0.0,77.68000030517578,75.4000015258789,77.51000213623047,0.0,5244700
2019-12-04,73.88999938964844,73.88999938964844,0.0,77.05000305175781,73.51000213623047,76.75,0.0,5165700
2019-12-05,73.66000366210938,73.66000366210938,0.0,76.02999877929688,71.3010025024414,73.58999633789062,0.0,5681400
2019-12-06,76.22000122070312,76.22000122070312,0.0,76.30000305175781,73.25,74.0,0.0,3563100
2019-12-09,74.05000305175781,74.05000305175781,0.0,76.27400207519531,73.62999725341797,76.16000366210938,0.0,3014000
2019-12-10,74.6500015258789,74.6500015258789,0.0,75.08000183105469,73.4000015258789,73.44999694824219,0.0,2453000
2019-12-11,75.9000015258789,75.9000015258789,0.0,76.94999694824219,74.45999908447266,74.79000091552734,0.0,3321100
2019-12-12,75.2300033569336,75.2300033569336,0.0,76.87999725341797,74.2699966430664,75.91000366210938,0.0,2606500
2019-12-13,75.0199966430664,75.0199966430664,0.0,76.38999938964844,74.8499984741211,75.36000061035156,0.0,1771800
2019-12-16,73.5999984741211,73.5999984741211,0.0,75.01000213623047,71.64600372314453,75.0,0.0,4872400
2019-12-17,76.33000183105469,76.33000183105469,0.0,77.20999908447266,73.16999816894531,73.16999816894531,0.0,4608400
2019-12-18,77.30000305175781,77.30000305175781,0.0,77.87999725341797,75.44000244140625,76.55000305175781,0.0,3738500
2019-12-19,77.36000061035156,77.36000061035156,0.0,80.0199966430664,76.81999969482422,77.79000091552734,0.0,4775100
2019-12-20,76.83999633789062,76.83999633789062,0.0,77.0,75.06999969482422,76.87999725341797,0.0,5968100
2019-12-23,77.73999786376953,77.73999786376953,0.0,78.45999908447266,76.62999725341797,76.87999725341797,0.0,2860900
2019-12-24,77.7300033569336,77.7300033569336,0.0,79.27999877929688,76.93900299072266,78.0199966430664,0.0,2016400
2019-12-26,76.4000015258789,76.4000015258789,0.0,78.5790023803711,76.05000305175781,78.25,0.0,2957200
2019-12-27,75.63999938964844,75.63999938964844,0.0,77.41999816894531,75.13999938964844,76.7300033569336,0.0,2733200
2019-12-30,74.1500015258789,74.1500015258789,0.0,75.94999694824219,73.5999984741211,75.76000213623047,0.0,2548100
2019-12-31,75.5999984741211,75.5999984741211,0.0,75.7300033569336,73.22000122070312,73.55000305175781,0.0,2002000
2020-01-02,75.63999938964844,75.63999938964844,0.0,77.19999694824219,75.26000213623047,76.2300033569336,0.0,2221700
2020-01-03,75.41000366210938,75.41000366210938,0.0,76.19999694824219,74.31400299072266,75.12000274658203,0.0,1628700
2020-01-06,74.58999633789062,74.58999633789062,0.0,75.75,73.83000183105469,74.97000122070312,0.0,2324700
2020-01-07,83.88999938964844,83.88999938964844,0.0,84.87999725341797,75.0,75.0,0.0,12044600
2020-01-08,81.4800033569336,81.4800033569336,0.0,88.2699966430664,81.16000366210938,86.0,0.0,18216000
2020-01-09,90.25,90.25,0.0,90.39900207519531,81.3499984741211,82.9800033569336,0.0,17066000
2020-01-10,96.06999969482422,96.06999969482422,0.0,97.9000015258789,90.25,91.8239974975586,0.0,22552600
2020-01-13,114.33999633789062,114.33999633789062,0.0,115.5,98.80000305175781,99.70999908447266,0.0,29486000
2020-01-14,117.05000305175781,117.05000305175781,0.0,135.22999572753906,114.27999877929688,124.7300033569336,0.0,50610900
2020-01-15,107.08000183105469,107.08000183105469,0.0,115.25,106.11000061035156,110.79000091552734,0.0,23035000
2020-01-16,110.4000015258789,110.4000015258789,0.0,114.4000015258789,107.25,111.2699966430664,0.0,15019400
2020-01-17,109.12000274658203,109.12000274658203,0.0,113.11000061035156,107.43000030517578,110.83999633789062,0.0,10445500
2020-01-21,129.17999267578125,129.17999267578125,0.0,129.5500030517578,111.12000274658203,113.0,0.0,29424000
2020-01-22,122.4000015258789,122.4000015258789,0.0,134.6999969482422,119.01000213623047,126.93000030517578,0.0,25189100
2020-01-23,118.63999938964844,118.63999938964844,0.0,120.98999786376953,112.87999725341797,119.75,0.0,12073800
2020-01-24,119.48999786376953,119.48999786376953,0.0,126.73999786376953,116.41999816894531,123.80999755859375,0.0,13241500
2020-01-27,124.75,124.75,0.0,129.8300018310547,119.5999984741211,119.80000305175781,0.0,18454200
2020-01-28,120.12000274658203,120.12000274658203,0.0,127.88500213623047,117.26000213623047,124.43000030517578,0.0,12237600
2020-01-29,114.87999725341797,114.87999725341797,0.0,123.80000305175781,113.62999725341797,123.73999786376953,0.0,12994900
2020-01-30,117.29000091552734,117.29000091552734,0.0,118.47000122070312,114.48999786376953,115.4000015258789,0.0,6708400
2020-01-31,110.41999816894531,110.41999816894531,0.0,118.1500015258789,108.02999877929688,117.43000030517578,0.0,8055200
2020-02-03,106.0,106.0,0.0,112.69999694824219,102.43000030517578,111.80999755859375,0.0,11075700
2020-02-04,110.43000030517578,110.43000030517578,0.0,114.1500015258789,106.5,106.7699966430664,0.0,8532900
2020-02-05,110.16999816894531,110.16999816894531,0.0,113.98999786376953,108.95999908447266,113.5,0.0,5428400
2020-02-06,111.88999938964844,111.88999938964844,0.0,113.00499725341797,109.55000305175781,111.99700164794922,0.0,4170400
2020-02-07,116.44000244140625,116.44000244140625,0.0,120.5199966430664,111.30000305175781,111.9800033569336,0.0,12762200
2020-02-10,119.7300033569336,119.7300033569336,0.0,122.5,116.0999984741211,118.48999786376953,0.0,10574200
2020-02-11,117.13999938964844,117.13999938964844,0.0,123.0999984741211,116.0999984741211,120.45999908447266,0.0,7971100
2020-02-12,114.7300033569336,114.7300033569336,0.0,119.5,113.7699966430664,117.27999877929688,0.0,6242500
2020-02-13,112.01000213623047,112.01000213623047,0.0,117.0,111.0,114.79000091552734,0.0,7911200
2020-02-14,116.22000122070312,116.22000122070312,0.0,117.47000122070312,112.30999755859375,113.0,0.0,6969200
2020-02-18,122.02999877929688,122.02999877929688,0.0,123.69999694824219,117.5770034790039,118.0,0.0,8647400
2020-02-19,126.0999984741211,126.0999984741211,0.0,129.0,122.0999984741211,124.06999969482422,0.0,8705700
2020-02-20,120.58000183105469,120.58000183105469,0.0,126.0999984741211,115.13999938964844,126.08000183105469,0.0,8376500
2020-02-21,117.44999694824219,117.44999694824219,0.0,122.0,116.02999877929688,120.62000274658203,0.0,5571200
2020-02-24,113.95999908447266,113.95999908447266,0.0,114.80000305175781,109.05000305175781,110.0,0.0,5926500
2020-02-25,109.91999816894531,109.91999816894531,0.0,116.80000305175781,108.13999938964844,115.12000274658203,0.0,5461200
2020-02-26,112.51000213623047,112.51000213623047,0.0,118.19999694824219,111.55000305175781,115.33000183105469,0.0,7231900
2020-02-27,106.13999938964844,106.13999938964844,0.0,111.5,103.5,110.33999633789062,0.0,7833600
2020-02-28,89.6500015258789,89.6500015258789,0.0,91.7699966430664,85.0,88.0,0.0,13209600
2020-03-02,96.0999984741211,96.0999984741211,0.0,96.80000305175781,90.30000305175781,95.0,0.0,7240500
2020-03-03,95.43000030517578,95.43000030517578,0.0,101.66899871826172,94.62999725341797,101.5999984741211,0.0,9611900
2020-03-04,101.88999938964844,101.88999938964844,0.0,101.93000030517578,97.69999694824219,99.0199966430664,0.0,6576800
2020-03-05,95.87000274658203,95.87000274658203,0.0,100.25,95.06999969482422,99.23999786376953,0.0,4337400
2020-03-06,96.08999633789062,96.08999633789062,0.0,96.44000244140625,91.5999984741211,92.9000015258789,0.0,4210300
2020-03-09,87.95999908447266,87.95999908447266,0.0,91.6500015258789,82.22000122070312,85.5,0.0,5221200
2020-03-10,90.9800033569336,90.9800033569336,0.0,92.88999938964844,85.61000061035156,92.05000305175781,0.0,4388300
2020-03-11,82.63999938964844,82.63999938964844,0.0,89.5199966430664,81.32599639892578,87.87000274658203,0.0,4175500
2020-03-12,74.0,74.0,0.0,76.11000061035156,68.8499984741211,72.5,0.0,7099000
2020-03-13,73.05999755859375,73.05999755859375,0.0,79.4469985961914,68.61000061035156,76.01000213623047,0.0,5494000
2020-03-16,61.54999923706055,61.54999923706055,0.0,66.19000244140625,60.13999938964844,63.81999969482422,0.0,5988700
2020-03-17,60.31999969482422,60.31999969482422,0.0,65.88999938964844,57.7599983215332,61.560001373291016,0.0,5631500
2020-03-18,54.02000045776367,54.02000045776367,0.0,58.30799865722656,51.0,56.150001525878906,0.0,4744600
2020-03-19,57.33000183105469,57.33000183105469,0.0,58.79999923706055,48.18000030517578,52.04999923706055,0.0,5759800
2020-03-20,57.9900016784668,57.9900016784668,0.0,63.47800064086914,54.150001525878906,59.61000061035156,0.0,5121500
2020-03-23,57.54999923706055,57.54999923706055,0.0,60.869998931884766,55.11000061035156,57.5099983215332,0.0,3675500
2020-03-24,67.43000030517578,67.43000030517578,0.0,69.75,62.0,62.349998474121094,0.0,5678800
2020-03-25,73.0,73.0,0.0,78.5999984741211,70.56400299072266,73.12999725341797,0.0,6706100
2020-03-26,71.0999984741211,71.0999984741211,0.0,72.95999908447266,66.41999816894531,69.5,0.0,7950000
2020-03-27,66.12000274658203,66.12000274658203,0.0,68.21499633789062,64.22000122070312,68.16999816894531,0.0,4075700
2020-03-30,66.08999633789062,66.08999633789062,0.0,68.5,63.81999969482422,67.0,0.0,3106700
2020-03-31,66.5999984741211,66.5999984741211,0.0,69.0,65.33999633789062,67.19999694824219,0.0,2564600
2020-04-01,64.18000030517578,64.18000030517578,0.0,65.68000030517578,63.189998626708984,64.19999694824219,0.0,2368500
2020-04-02,57.95000076293945,57.95000076293945,0.0,63.970001220703125,57.0,63.86000061035156,0.0,4847400
2020-04-03,59.90999984741211,59.90999984741211,0.0,60.849998474121094,57.119998931884766,59.0099983215332,0.0,3221600
2020-04-06,65.91999816894531,65.91999816894531,0.0,66.66000366210938,62.04999923706055,62.75,0.0,3839100
2020-04-07,67.43000030517578,67.43000030517578,0.0,71.80000305175781,65.29399871826172,70.01000213623047,0.0,4450300
2020-04-08,69.47000122070312,69.47000122070312,0.0,71.4000015258789,67.38999938964844,68.3499984741211,0.0,2387000
2020-04-09,72.30000305175781,72.30000305175781,0.0,74.72000122070312,70.5999984741211,71.68000030517578,0.0,3338300
2020-04-13,76.66999816894531,76.66999816894531,0.0,77.16000366210938,71.2300033569336,73.01000213623047,0.0,3299200
2020-04-14,78.05000305175781,78.05000305175781,0.0,82.62999725341797,77.19999694824219,79.98999786376953,0.0,4982600
2020-04-15,74.69999694824219,74.69999694824219,0.0,77.0,72.62000274658203,76.70999908447266,0.0,2968500
2020-04-16,74.81999969482422,74.81999969482422,0.0,76.06999969482422,72.9000015258789,75.41999816894531,0.0,2040500
2020-04-17,76.91000366210938,76.91000366210938,0.0,78.0,75.33000183105469,77.77999877929688,0.0,2131100
2020-04-20,79.12000274658203,79.12000274658203,0.0,83.62000274658203,76.0,76.23999786376953,0.0,4607000
2020-04-21,84.95999908447266,84.95999908447266,0.0,92.0,82.10299682617188,87.51000213623047,0.0,13184900
2020-04-22,88.45999908447266,88.45999908447266,0.0,90.38999938964844,85.13999938964844,87.0,0.0,6116900
2020-04-23,99.77999877929688,99.77999877929688,0.0,101.55999755859375,89.29499816894531,89.87000274658203,0.0,11319900
2020-04-24,108.77999877929688,108.77999877929688,0.0,113.4800033569336,103.0,105.0,0.0,21184600
2020-04-27,99.62999725341797,99.62999725341797,0.0,116.63999938964844,97.5,111.91999816894531,0.0,20131500
2020-04-28,99.5199966430664,99.5199966430664,0.0,104.4800033569336,97.25,101.97000122070312,0.0,7076500
2020-04-29,100.0999984741211,100.0999984741211,0.0,103.0,97.91999816894531,100.55999755859375,0.0,4531300
2020-04-30,98.98999786376953,98.98999786376953,0.0,107.0,96.12999725341797,98.19000244140625,0.0,6718800
2020-05-01,91.52999877929688,91.52999877929688,0.0,98.72000122070312,89.9000015258789,94.4000015258789,0.0,6558400
2020-05-04,95.16000366210938,95.16000366210938,0.0,95.47100067138672,88.51000213623047,89.0,0.0,4267800
2020-05-05,100.16000366210938,100.16000366210938,0.0,102.5,96.66300201416016,100.5,0.0,11915200
2020-05-06,126.20999908447266,126.20999908447266,0.0,126.5,110.0,110.26000213623047,0.0,38572400
2020-05-07,122.66000366210938,122.66000366210938,0.0,127.83999633789062,117.12000274658203,126.72000122070312,0.0,22971000
2020-05-08,133.50999450683594,133.50999450683594,0.0,136.0,119.10099792480469,123.47000122070312,0.0,22483300
2020-05-11,130.82000732421875,130.82000732421875,0.0,139.2899932861328,129.0,129.50999450683594,0.0,15832000
2020-05-12,136.92999267578125,136.92999267578125,0.0,145.5,131.88999938964844,133.97000122070312,0.0,21441900
2020-05-13,134.50999450683594,134.50999450683594,0.0,147.5500030517578,127.20999908447266,140.5800018310547,0.0,22508200
2020-05-14,135.41000366210938,135.41000366210938,0.0,141.0,131.2100067138672,133.49000549316406,0.0,12681800
2020-05-15,134.16000366210938,134.16000366210938,0.0,140.1999969482422,132.6300048828125,134.97999572753906,0.0,8232900
2020-05-18,130.02999877929688,130.02999877929688,0.0,137.9499969482422,128.80999755859375,137.49000549316406,0.0,8007300
2020-05-19,136.1999969482422,136.1999969482422,0.0,142.0,132.6699981689453,132.72999572753906,0.0,13729700
2020-05-20,140.5,140.5,0.0,144.9199981689453,137.0399932861328,142.07000732421875,0.0,9777900
2020-05-21,138.11000061035156,138.11000061035156,0.0,141.9149932861328,134.4499969482422,141.02999877929688,0.0,5531800
2020-05-22,136.8000030517578,136.8000030517578,0.0,139.3800048828125,135.07000732421875,137.25999450683594,0.0,3318600
2020-05-26,132.8699951171875,132.8699951171875,0.0,139.8800048828125,131.5,139.8300018310547,0.0,4639100
2020-05-27,123.1500015258789,123.1500015258789,0.0,131.97999572753906,116.0,130.7100067138672,0.0,10083700
2020-05-28,120.81999969482422,120.81999969482422,0.0,126.5989990234375,120.0,121.55000305175781,0.0,4995800
2020-05-29,128.2899932861328,128.2899932861328,0.0,129.0,121.5,122.1500015258789,0.0,7669700
2020-06-01,138.69000244140625,138.69000244140625,0.0,139.1999969482422,133.27999877929688,134.30999755859375,0.0,11557800
2020-06-02,135.19000244140625,135.19000244140625,0.0,136.75,132.13999938964844,136.1300048828125,0.0,6732900
2020-06-03,134.22999572753906,134.22999572753906,0.0,138.4499969482422,133.22000122070312,135.0,0.0,4649000
2020-06-04,136.44000244140625,136.44000244140625,0.0,142.2100067138672,133.16000366210938,133.86000061035156,0.0,7779600
2020-06-05,133.52999877929688,133.52999877929688,0.0,137.88999938964844,132.77000427246094,136.0500030517578,0.0,4612000
2020-06-08,162.4600067138672,162.4600067138672,0.0,163.22000122070312,135.75,137.02000427246094,0.0,20318900
2020-06-09,153.9499969482422,153.9499969482422,0.0,161.5399932861328,148.55999755859375,156.7100067138672,0.0,13834100
2020-06-10,156.16000366210938,156.16000366210938,0.0,163.0800018310547,153.64999389648438,155.0,0.0,8852300
2020-06-11,143.50999450683594,143.50999450683594,0.0,155.24000549316406,140.25,147.2100067138672,0.0,9487200
2020-06-12,144.74000549316406,144.74000549316406,0.0,151.9409942626953,141.64999389648438,151.3300018310547,0.0,5705000
2020-06-15,154.0,154.0,0.0,154.39999389648438,141.00999450683594,142.60000610351562,0.0,6470500
2020-06-16,151.94000244140625,151.94000244140625,0.0,157.35000610351562,147.54100036621094,156.5,0.0,4797600
2020-06-17,156.33999633789062,156.33999633789062,0.0,167.16000366210938,154.3699951171875,155.97999572753906,0.0,16144400
2020-06-18,158.1999969482422,158.1999969482422,0.0,160.97000122070312,154.8800048828125,157.25999450683594,0.0,6264300
2020-06-19,158.27999877929688,158.27999877929688,0.0,165.4600067138672,156.8699951171875,160.1999969482422,0.0,7732100
2020-06-22,159.6300048828125,159.6300048828125,0.0,164.9600067138672,158.60000610351562,161.38999938964844,0.0,5035000
2020-06-23,152.7899932861328,152.7899932861328,0.0,160.13699340820312,151.55999755859375,159.4199981689453,0.0,7571100
2020-06-24,151.3800048828125,151.3800048828125,0.0,156.5800018310547,148.5,150.093994140625,0.0,5063400
2020-06-25,145.35000610351562,145.35000610351562,0.0,151.75,136.0,149.0,0.0,13608800
2020-06-26,141.67999267578125,141.67999267578125,0.0,146.0,140.25,143.77999877929688,0.0,4284400
2020-06-29,131.5500030517578,131.5500030517578,0.0,134.2100067138672,125.0,133.64999389648438,0.0,10411300
2020-06-30,133.97999572753906,133.97999572753906,0.0,136.6060028076172,130.5500030517578,132.7899932861328,0.0,4915800
2020-07-01,141.63999938964844,141.63999938964844,0.0,151.52999877929688,138.77000427246094,146.6699981689453,0.0,14713400
2020-07-02,140.72000122070312,140.72000122070312,0.0,146.9499969482422,140.3000030517578,146.66000366210938,0.0,4938800
2020-07-06,143.0,143.0,0.0,144.72000122070312,140.14999389648438,143.0,0.0,4625900
2020-07-07,143.11000061035156,143.11000061035156,0.0,146.4499969482422,138.5,142.58999633789062,0.0,4844600
2020-07-08,144.97999572753906,144.97999572753906,0.0,145.9499969482422,140.75,143.41000366210938,0.0,3049100
2020-07-09,141.22000122070312,141.22000122070312,0.0,145.5,136.5,145.0,0.0,4505200
2020-07-10,135.02999877929688,135.02999877929688,0.0,136.64999389648438,130.75,135.2100067138672,0.0,5998300
2020-07-13,125.9800033569336,125.9800033569336,0.0,136.1699981689453,125.87999725341797,135.10000610351562,0.0,6980900
2020-07-14,127.77999877929688,127.77999877929688,0.0,129.99000549316406,125.2699966430664,126.01000213623047,0.0,3448100
2020-07-15,131.75,131.75,0.0,135.66000366210938,126.87000274658203,129.1199951171875,0.0,6835800
2020-07-16,128.4499969482422,128.4499969482422,0.0,133.60000610351562,126.45700073242188,129.58999633789062,0.0,5508600
2020-07-17,128.27000427246094,128.27000427246094,0.0,129.74000549316406,126.5999984741211,128.6699981689453,0.0,2693400
2020-07-20,128.5,128.5,0.0,129.1280059814453,126.51000213623047,128.30999755859375,0.0,2487300
2020-07-21,129.9199981689453,129.9199981689453,0.0,135.9199981689453,128.75,129.83999633789062,0.0,5012900
2020-07-22,130.57000732421875,130.57000732421875,0.0,133.07000732421875,128.6999969482422,130.14999389648438,0.0,2716700
2020-07-23,127.1500015258789,127.1500015258789,0.0,132.8000030517578,124.56099700927734,130.0800018310547,0.0,3561600
2020-07-24,125.08999633789062,125.08999633789062,0.0,126.4000015258789,120.31999969482422,124.01499938964844,0.0,2700900
2020-07-27,126.72000122070312,126.72000122070312,0.0,126.77999877929688,122.25,125.25,0.0,2912200
2020-07-28,125.43000030517578,125.43000030517578,0.0,129.5780029296875,124.94999694824219,124.94999694824219,0.0,2062400
2020-07-29,126.68000030517578,126.68000030517578,0.0,128.33999633789062,125.20999908447266,126.5,0.0,2110900
2020-07-30,123.31999969482422,123.31999969482422,0.0,127.13999938964844,122.11000061035156,126.13999938964844,0.0,2667600
2020-07-31,125.9000015258789,125.9000015258789,0.0,125.9000015258789,122.41000366210938,124.08999633789062,0.0,2957100
2020-08-03,134.32000732421875,134.32000732421875,0.0,134.39999389648438,127.1500015258789,128.64999389648438,0.0,5635000
2020-08-04,142.25,142.25,0.0,142.50999450683594,134.16000366210938,138.66700744628906,0.0,10277600
2020-08-05,132.69000244140625,132.69000244140625,0.0,138.38999938964844,130.0,130.13999938964844,0.0,10536600
2020-08-06,132.5800018310547,132.5800018310547,0.0,136.22999572753906,131.57000732421875,133.52999877929688,0.0,3954000
2020-08-07,131.50999450683594,131.50999450683594,0.0,135.97999572753906,130.5,132.3300018310547,0.0,3478600
2020-08-10,127.43000030517578,127.43000030517578,0.0,132.5679931640625,124.66000366210938,132.1999969482422,0.0,3538900
2020-08-11,125.5,125.5,0.0,128.57000732421875,124.4000015258789,127.37999725341797,0.0,2602900
2020-08-12,123.83000183105469,123.83000183105469,0.0,126.7699966430664,123.08999633789062,126.27999877929688,0.0,3601600
2020-08-13,126.98999786376953,126.98999786376953,0.0,127.44999694824219,124.5,124.83000183105469,0.0,2528200
2020-08-14,125.04000091552734,125.04000091552734,0.0,127.3499984741211,124.6500015258789,127.05000305175781,0.0,1426100
2020-08-17,125.5,125.5,0.0,126.75,123.95999908447266,125.55999755859375,0.0,1708400
2020-08-18,124.30999755859375,124.30999755859375,0.0,126.63999938964844,122.66999816894531,125.1500015258789,0.0,2111200
2020-08-19,125.3499984741211,125.3499984741211,0.0,126.73999786376953,121.35399627685547,124.30999755859375,0.0,3013500
2020-08-20,127.91999816894531,127.91999816894531,0.0,129.63999938964844,123.2699966430664,124.58000183105469,0.0,2546500
2020-08-21,126.0,126.0,0.0,128.6699981689453,125.30000305175781,127.12999725341797,0.0,1791800
2020-08-24,124.51000213623047,124.51000213623047,0.0,127.4000015258789,123.75,126.23999786376953,0.0,1915100
2020-08-25,124.51000213623047,124.51000213623047,0.0,125.83000183105469,123.01300048828125,125.0,0.0,1930200
2020-08-26,125.5199966430664,125.5199966430664,0.0,126.13200378417969,123.36000061035156,124.4000015258789,0.0,2258400
2020-08-27,132.14999389648438,132.14999389648438,0.0,138.5,128.77999877929688,129.5,0.0,10979500
2020-08-28,131.02000427246094,131.02000427246094,0.0,134.64199829101562,129.58999633789062,132.27999877929688,0.0,2847000
2020-08-31,135.85000610351562,135.85000610351562,0.0,138.25,133.10000610351562,135.2100067138672,0.0,4298700
2020-09-01,135.24000549316406,135.24000549316406,0.0,136.67999267578125,131.8000030517578,136.0500030517578,0.0,2595800
2020-09-02,129.6999969482422,129.6999969482422,0.0,135.99000549316406,129.39999389648438,135.99000549316406,0.0,3004900
2020-09-03,129.8000030517578,129.8000030517578,0.0,142.5,128.7100067138672,133.00999450683594,0.0,10864300
2020-09-04,125.81999969482422,125.81999969482422,0.0,134.72000122070312,120.55000305175781,130.6199951171875,0.0,4671100
2020-09-08,134.47000122070312,134.47000122070312,0.0,137.77999877929688,123.44999694824219,123.80999755859375,0.0,7318300
2020-09-09,138.1699981689453,138.1699981689453,0.0,139.47000122070312,132.2480010986328,132.5,0.0,4381400
2020-09-10,143.0399932861328,143.0399932861328,0.0,149.57000732421875,138.58999633789062,139.39999389648438,0.0,8189300
2020-09-11,134.8800048828125,134.8800048828125,0.0,144.07000732421875,132.4499969482422,144.0,0.0,3989200
2020-09-14,143.17999267578125,143.17999267578125,0.0,145.3699951171875,136.0500030517578,136.14999389648438,0.0,4812000
2020-09-15,146.47999572753906,146.47999572753906,0.0,150.0,141.41299438476562,144.1199951171875,0.0,4324400
2020-09-16,156.57000732421875,156.57000732421875,0.0,158.60000610351562,146.16000366210938,147.47999572753906,0.0,8248500
2020-09-17,157.22000122070312,157.22000122070312,0.0,157.5800018310547,149.25999450683594,150.5,0.0,4796000
2020-09-18,149.0399932861328,149.0399932861328,0.0,153.44000244140625,146.02000427246094,150.0,0.0,8810000
2020-09-21,148.8000030517578,148.8000030517578,0.0,149.07000732421875,140.30999755859375,144.2550048828125,0.0,3839300
2020-09-22,153.82000732421875,153.82000732421875,0.0,162.5,150.3800048828125,150.52999877929688,0.0,8806300
2020-09-23,150.57000732421875,150.57000732421875,0.0,157.5,149.41000366210938,154.44000244140625,0.0,2890900
2020-09-24,147.89999389648438,147.89999389648438,0.0,150.97300720214844,144.6999969482422,148.50999450683594,0.0,2461100
2020-09-25,155.02000427246094,155.02000427246094,0.0,155.91000366210938,148.0,149.47000122070312,0.0,2569200
2020-09-28,151.3000030517578,151.3000030517578,0.0,160.0,150.41000366210938,158.1999969482422,0.0,2675900
2020-09-29,165.66000366210938,165.66000366210938,0.0,170.4499969482422,159.14999389648438,160.0,0.0,20636600
2020-09-30,166.05999755859375,166.05999755859375,0.0,172.4499969482422,163.83999633789062,164.83299255371094,0.0,6050700
2020-10-01,170.60000610351562,170.60000610351562,0.0,172.69000244140625,165.8800048828125,169.24000549316406,0.0,4729200
2020-10-02,166.24000549316406,166.24000549316406,0.0,171.75,164.80999755859375,165.58999633789062,0.0,2949000
2020-10-05,175.49000549316406,175.49000549316406,0.0,175.88999938964844,166.75900268554688,168.64999389648438,0.0,4163200
2020-10-06,181.86000061035156,181.86000061035156,0.0,186.6999969482422,175.0,176.22999572753906,0.0,8478800
2020-10-07,189.13999938964844,189.13999938964844,0.0,191.60000610351562,184.1999969482422,184.64999389648438,0.0,5167900
2020-10-08,193.3800048828125,193.3800048828125,0.0,197.5,188.63999938964844,193.0,0.0,5878900
2020-10-09,194.94500732421875,194.94500732421875,0.0,195.91000366210938,190.4499969482422,194.66000366210938,0.0,3107500
2020-10-12,192.3000030517578,192.3000030517578,0.0,197.25,190.75999450683594,196.52999877929688,0.0,2506000
2020-10-13,187.6199951171875,187.6199951171875,0.0,189.05999755859375,180.9600067138672,184.38999938964844,0.0,5048400
2020-10-14,188.72999572753906,188.72999572753906,0.0,191.42999267578125,186.0,186.63999938964844,0.0,2550900
2020-10-15,184.85000610351562,184.85000610351562,0.0,189.0,183.39999389648438,184.67999267578125,0.0,2272200
2020-10-16,183.5800018310547,183.5800018310547,0.0,188.30999755859375,182.35000610351562,187.1699981689453,0.0,1959800
2020-10-19,184.13999938964844,184.13999938964844,0.0,188.58999633789062,181.10000610351562,184.11000061035156,0.0,2255000
2020-10-20,176.2899932861328,176.2899932861328,0.0,185.0590057373047,175.9499969482422,185.0590057373047,0.0,2362500
2020-10-21,177.91000366210938,177.91000366210938,0.0,181.07000732421875,176.00799560546875,177.58999633789062,0.0,1845600
2020-10-22,172.1699981689453,172.1699981689453,0.0,178.83999633789062,167.89999389648438,178.4199981689453,0.0,3283700
2020-10-23,171.72999572753906,171.72999572753906,0.0,174.12399291992188,168.10000610351562,173.0,0.0,1711200
2020-10-26,164.5399932861328,164.5399932861328,0.0,175.33999633789062,161.83999633789062,171.4199981689453,0.0,2731500
2020-10-27,161.9499969482422,161.9499969482422,0.0,167.00999450683594,160.85000610351562,165.0,0.0,1894600
2020-10-28,156.0500030517578,156.0500030517578,0.0,160.52000427246094,154.7449951171875,159.5,0.0,2426600
2020-10-29,151.85000610351562,151.85000610351562,0.0,157.4499969482422,151.35000610351562,157.44000244140625,0.0,1985000
2020-10-30,142.42999267578125,142.42999267578125,0.0,152.3000030517578,141.07000732421875,150.5,0.0,3164100
2020-11-02,143.55999755859375,143.55999755859375,0.0,148.0,141.47500610351562,145.35000610351562,0.0,2155400
2020-11-03,146.35000610351562,146.35000610351562,0.0,150.75999450683594,145.7100067138672,146.25999450683594,0.0,2145100
2020-11-04,149.2899932861328,149.2899932861328,0.0,153.11000061035156,148.2100067138672,150.10000610351562,0.0,1673400
2020-11-05,157.0399932861328,157.0399932861328,0.0,157.35000610351562,152.31700134277344,153.5,0.0,2653300
2020-11-06,156.86000061035156,156.86000061035156,0.0,158.94000244140625,154.30999755859375,156.77999877929688,0.0,2302200
2020-11-09,150.5,150.5,0.0,170.8000030517578,141.2519989013672,164.3699951171875,0.0,21307500
2020-11-10,125.01000213623047,125.01000213623047,0.0,131.9199981689453,113.26000213623047,118.91999816894531,0.0,29678100
2020-11-11,127.88999938964844,127.88999938964844,0.0,129.89999389648438,125.0999984741211,127.08999633789062,0.0,7151600
2020-11-12,128.89999389648438,128.89999389648438,0.0,132.41700744628906,126.87999725341797,129.47000122070312,0.0,6376800
2020-11-13,124.73999786376953,124.73999786376953,0.0,130.41900634765625,123.25,130.2899932861328,0.0,5332200
2020-11-16,127.1500015258789,127.1500015258789,0.0,127.94999694824219,121.52999877929688,126.30000305175781,0.0,5256700
2020-11-17,129.89999389648438,129.89999389648438,0.0,129.97000122070312,126.15699768066406,126.61699676513672,0.0,2845600
2020-11-18,134.00999450683594,134.00999450683594,0.0,137.00999450683594,132.0,132.0,0.0,7279900
2020-11-19,137.4199981689453,137.4199981689453,0.0,139.64999389648438,134.0800018310547,134.64999389648438,0.0,3402300
2020-11-20,136.55999755859375,136.55999755859375,0.0,138.25,133.60000610351562,138.1999969482422,0.0,2652900
2020-11-23,140.9600067138672,140.9600067138672,0.0,144.14999389648438,136.25,136.75,0.0,3616600
2020-11-24,141.8300018310547,141.8300018310547,0.0,145.88999938964844,140.0,143.74000549316406,0.0,2819700
2020-11-25,139.5800018310547,139.5800018310547,0.0,142.60000610351562,137.7100067138672,140.6699981689453,0.0,2143600
2020-11-27,142.1999969482422,142.1999969482422,0.0,144.8000030517578,140.5,141.0,0.0,1565700
2020-11-30,139.89999389648438,139.89999389648438,0.0,143.4499969482422,135.58999633789062,142.38999938964844,0.0,2560500
2020-12-01,137.25,137.25,0.0,140.91000366210938,134.6300048828125,140.77000427246094,0.0,2588200
2020-12-02,138.52999877929688,138.52999877929688,0.0,140.0,134.66000366210938,135.64999389648438,0.0,2095800
2020-12-03,139.35000610351562,139.35000610351562,0.0,144.6999969482422,139.00999450683594,140.55999755859375,0.0,3062100
2020-12-04,139.6199951171875,139.6199951171875,0.0,140.85299682617188,137.89999389648438,140.67999267578125,0.0,1983300
2020-12-07,136.94000244140625,136.94000244140625,0.0,139.77999877929688,135.66000366210938,139.0,0.0,2834900
2020-12-08,140.72000122070312,140.72000122070312,0.0,141.6699981689453,136.33999633789062,136.61000061035156,0.0,3021200
2020-12-09,136.92999267578125,136.92999267578125,0.0,147.25,136.60000610351562,141.4499969482422,0.0,4232500
2020-12-10,137.4600067138672,137.4600067138672,0.0,139.00999450683594,134.5399932861328,137.32000732421875,0.0,2208600
2020-12-11,138.6999969482422,138.6999969482422,0.0,141.19000244140625,136.24000549316406,137.5,0.0,1828700
2020-12-14,137.72999572753906,137.72999572753906,0.0,142.58999633789062,136.67999267578125,139.42999267578125,0.0,3124800
2020-12-15,137.61000061035156,137.61000061035156,0.0,140.4499969482422,135.1300048828125,139.72000122070312,0.0,2426600
2020-12-16,139.3699951171875,139.3699951171875,0.0,141.60000610351562,137.6300048828125,138.14999389648438,0.0,2210300
2020-12-17,143.22999572753906,143.22999572753906,0.0,143.89999389648438,138.89999389648438,140.0,0.0,2947200
2020-12-18,144.72999572753906,144.72999572753906,0.0,145.7899932861328,141.89999389648438,143.22999572753906,0.0,2686600
2020-12-21,138.57000732421875,138.57000732421875,0.0,143.39999389648438,138.11000061035156,141.0,0.0,3127400
2020-12-22,138.67999267578125,138.67999267578125,0.0,141.4600067138672,136.4199981689453,140.0,0.0,2285700
2020-12-23,139.9199981689453,139.9199981689453,0.0,141.1699981689453,136.13999938964844,138.7100067138672,0.0,1790800
2020-12-24,136.58999633789062,136.58999633789062,0.0,140.39999389648438,135.05999755859375,139.58999633789062,0.0,1969700
2020-12-28,126.44000244140625,126.44000244140625,0.0,137.35000610351562,126.33000183105469,136.64300537109375,0.0,5988600
2020-12-29,125.9000015258789,125.9000015258789,0.0,129.9199981689453,123.87999725341797,127.7699966430664,0.0,3489600
2020-12-30,126.48999786376953,126.48999786376953,0.0,128.5800018310547,125.05999755859375,126.79000091552734,0.0,2606000
2020-12-31,125.0,125.0,0.0,126.62000274658203,123.22000122070312,126.55999755859375,0.0,2650100
2021-01-04,125.56999969482422,125.56999969482422,0.0,126.08000183105469,121.5999984741211,125.83000183105469,0.0,2912300
2021-01-05,126.06999969482422,126.06999969482422,0.0,128.8800048828125,124.31999969482422,125.55000305175781,0.0,2370800
2021-01-06,117.62999725341797,117.62999725341797,0.0,125.7699966430664,117.36000061035156,123.28500366210938,0.0,8515500
2021-01-07,120.69999694824219,120.69999694824219,0.0,121.5,116.5,119.5,0.0,4585100
2021-01-08,118.0999984741211,118.0999984741211,0.0,121.48999786376953,116.73699951171875,121.19999694824219,0.0,4443900
2021-01-11,116.63999938964844,116.63999938964844,0.0,117.9800033569336,114.05000305175781,116.70999908447266,0.0,3986300
2021-01-12,120.51000213623047,120.51000213623047,0.0,120.69999694824219,116.12000274658203,117.44999694824219,0.0,3258900
2021-01-13,125.3499984741211,125.3499984741211,0.0,128.80999755859375,120.21499633789062,120.93000030517578,0.0,5691100
2021-01-14,142.47000122070312,142.47000122070312,0.0,144.77999877929688,129.5,130.4969940185547,0.0,12970600
2021-01-15,140.10000610351562,140.10000610351562,0.0,143.8000030517578,135.8300018310547,138.7469940185547,0.0,5558700
2021-01-19,141.63999938964844,141.63999938964844,0.0,143.4600067138672,136.50999450683594,141.16000366210938,0.0,3386900
2021-01-20,135.2100067138672,135.2100067138672,0.0,140.4720001220703,134.27000427246094,138.19000244140625,0.0,3980500
2021-01-21,134.61000061035156,134.61000061035156,0.0,137.08999633789062,132.0,136.14999389648438,0.0,2735300
2021-01-22,140.6999969482422,140.6999969482422,0.0,142.92999267578125,133.02999877929688,133.9600067138672,0.0,4353700
2021-01-25,158.72999572753906,158.72999572753906,0.0,164.25100708007812,141.75999450683594,141.88999938964844,0.0,12868800
2021-01-26,186.8300018310547,186.8300018310547,0.0,221.0,183.60000610351562,218.89999389648438,0.0,33562100
2021-01-27,192.0800018310547,192.0800018310547,0.0,203.44000244140625,182.3000030517578,182.8000030517578,0.0,9672500
2021-01-28,179.7899932861328,179.7899932861328,0.0,192.0,177.0,187.2449951171875,0.0,4443200
2021-01-29,178.0800018310547,178.0800018310547,0.0,189.3699951171875,177.44000244140625,178.89999389648438,0.0,3136500
2021-02-01,177.97000122070312,177.97000122070312,0.0,181.0,170.83099365234375,179.6300048828125,0.0,3048200
2021-02-02,167.16000366210938,167.16000366210938,0.0,178.4250030517578,163.02000427246094,178.25999450683594,0.0,5385600
2021-02-03,168.2899932861328,168.2899932861328,0.0,170.8800048828125,164.0,165.10000610351562,0.0,3039200
2021-02-04,169.25,169.25,0.0,173.49000549316406,165.3249969482422,170.66000366210938,0.0,3282600
2021-02-05,168.9199981689453,168.9199981689453,0.0,170.98300170898438,165.8070068359375,168.74000549316406,0.0,1774900
2021-02-08,169.08999633789062,169.08999633789062,0.0,171.85000610351562,166.33999633789062,170.13999938964844,0.0,2024700
2021-02-09,166.66000366210938,166.66000366210938,0.0,173.3000030517578,165.83999633789062,169.4199981689453,0.0,2254300
2021-02-10,171.52999877929688,171.52999877929688,0.0,175.8000030517578,167.02000427246094,167.02000427246094,0.0,2937400
2021-02-11,175.66000366210938,175.66000366210938,0.0,176.6999969482422,166.39999389648438,172.67999267578125,0.0,3473800
2021-02-12,175.4499969482422,175.4499969482422,0.0,181.8000030517578,171.61000061035156,175.17999267578125,0.0,3135800
2021-02-16,173.0399932861328,173.0399932861328,0.0,183.75,172.8800048828125,182.0,0.0,3117700
2021-02-17,167.8699951171875,167.8699951171875,0.0,174.3699951171875,165.5,173.72000122070312,0.0,2355000
2021-02-18,167.08999633789062,167.08999633789062,0.0,168.3300018310547,161.34300231933594,165.2100067138672,0.0,2284300
2021-02-19,160.22000122070312,160.22000122070312,0.0,169.75999450683594,160.0,169.75999450683594,0.0,2329700
2021-02-22,150.86000061035156,150.86000061035156,0.0,160.86000061035156,150.3800048828125,160.35000610351562,0.0,3095200
2021-02-23,149.4199981689453,149.4199981689453,0.0,150.5399932861328,138.95399475097656,147.66000366210938,0.0,3588800
2021-02-24,152.0500030517578,152.0500030517578,0.0,152.72999572753906,147.1999969482422,150.75,0.0,1767600
2021-02-25,143.75,143.75,0.0,153.9499969482422,142.33999633789062,152.00999450683594,0.0,4762800
2021-02-26,145.47999572753906,145.47999572753906,0.0,162.77999877929688,141.72000122070312,156.0,0.0,6909900
2021-03-01,147.10499572753906,147.10499572753906,0.0,154.5399932861328,145.49000549316406,150.0,0.0,3690100
2021-03-02,139.66000366210938,139.66000366210938,0.0,155.0,139.47000122070312,152.49000549316406,0.0,6003100
2021-03-03,139.48500061035156,139.48500061035156,0.0,140.22000122070312,135.3300018310547,137.7449951171875,0.0,4953700
2021-03-04,136.4199981689453,136.4199981689453,0.0,140.5,130.1199951171875,138.4199981689453,0.0,4316200
2021-03-05,138.3000030517578,138.3000030517578,0.0,138.86300659179688,125.87100219726562,136.4199981689453,0.0,4460400
2021-03-08,135.3000030517578,135.3000030517578,0.0,142.7899932861328,135.0399932861328,137.55999755859375,0.0,2766900
2021-03-09,139.5800018310547,139.5800018310547,0.0,142.60000610351562,137.38699340820312,140.61000061035156,0.0,3800900
2021-03-10,138.61000061035156,138.61000061035156,0.0,143.30999755859375,137.0800018310547,143.1699981689453,0.0,2193500
2021-03-11,142.80999755859375,142.80999755859375,0.0,144.5500030517578,139.07000732421875,141.11000061035156,0.0,2912800
2021-03-12,142.4499969482422,142.4499969482422,0.0,143.2100067138672,138.36000061035156,140.4499969482422,0.0,1924800
2021-03-15,148.11000061035156,148.11000061035156,0.0,150.66000366210938,143.4239959716797,143.5800018310547,0.0,3152500
2021-03-16,139.1699981689453,139.1699981689453,0.0,148.32000732421875,137.00999450683594,148.00999450683594,0.0,4002700
2021-03-17,139.19000244140625,139.19000244140625,0.0,140.02000427246094,135.44000244140625,139.0,0.0,3241600
2021-03-18,133.72000122070312,133.72000122070312,0.0,138.14999389648438,132.90199279785156,138.0,0.0,3062400
2021-03-19,139.38999938964844,139.38999938964844,0.0,140.38999938964844,134.82000732421875,135.58999633789062,0.0,3253100
2021-03-22,139.60000610351562,139.60000610351562,0.0,141.77999877929688,138.05999755859375,140.33999633789062,0.0,1800000
2021-03-23,137.10000610351562,137.10000610351562,0.0,139.99000549316406,135.38999938964844,139.99000549316406,0.0,1908600
2021-03-24,130.2100067138672,130.2100067138672,0.0,136.77000427246094,129.6479949951172,136.0,0.0,2875700
2021-03-25,129.72999572753906,129.72999572753906,0.0,131.79600524902344,127.23999786376953,128.8699951171875,0.0,2589500
2021-03-26,129.7100067138672,129.7100067138672,0.0,132.19000244140625,126.9000015258789,130.50999450683594,0.0,2012500
2021-03-29,126.66000366210938,126.66000366210938,0.0,131.0800018310547,125.44000244140625,129.6999969482422,0.0,2270400
2021-03-30,126.12000274658203,126.12000274658203,0.0,127.5199966430664,123.5,126.5,0.0,2453900
2021-03-31,130.1199951171875,130.1199951171875,0.0,131.89999389648438,125.81999969482422,127.29000091552734,0.0,2775400
2021-04-01,131.3800048828125,131.3800048828125,0.0,135.32000732421875,130.75,132.00999450683594,0.0,1566800
2021-04-05,131.58999633789062,131.58999633789062,0.0,133.13999938964844,129.61000061035156,132.24000549316406,0.0,1471500
2021-04-06,133.9499969482422,133.9499969482422,0.0,136.52000427246094,131.11000061035156,131.50999450683594,0.0,3619000
2021-04-07,130.2899932861328,130.2899932861328,0.0,140.6999969482422,129.91000366210938,137.50999450683594,0.0,4769600
2021-04-08,134.8699951171875,134.8699951171875,0.0,135.89999389648438,131.77999877929688,132.80999755859375,0.0,2303200
2021-04-09,130.3699951171875,130.3699951171875,0.0,134.60000610351562,129.91000366210938,134.2899932861328,0.0,2023000
2021-04-12,132.25999450683594,132.25999450683594,0.0,133.05999755859375,127.4000015258789,130.99000549316406,0.0,1921400
2021-04-13,135.8300018310547,135.8300018310547,0.0,135.97999572753906,131.6699981689453,131.6699981689453,0.0,2238800
2021-04-14,135.17999267578125,135.17999267578125,0.0,138.1699981689453,134.03599548339844,136.35000610351562,0.0,2297700
2021-04-15,137.14999389648438,137.14999389648438,0.0,137.7899932861328,135.02000427246094,136.63999938964844,0.0,2308800
2021-04-16,137.30999755859375,137.30999755859375,0.0,140.5800018310547,135.5,137.8699951171875,0.0,2420500
2021-04-19,135.25,135.25,0.0,137.7899932861328,133.7899932861328,136.78500366210938,0.0,1375800
2021-04-20,131.47999572753906,131.47999572753906,0.0,135.5800018310547,129.0500030517578,135.25,0.0,1860000
2021-04-21,133.9499969482422,133.9499969482422,0.0,134.08999633789062,129.94000244140625,131.44900512695312,0.0,1263000
2021-04-22,132.8300018310547,132.8300018310547,0.0,136.6199951171875,132.16000366210938,133.72999572753906,0.0,1558400
2021-04-23,131.4199981689453,131.4199981689453,0.0,134.8800048828125,130.89999389648438,133.0399932861328,0.0,1812700
2021-04-26,132.05999755859375,132.05999755859375,0.0,132.89999389648438,129.50999450683594,132.1199951171875,0.0,1962000
2021-04-27,133.5,133.5,0.0,134.1999969482422,131.5500030517578,131.843994140625,0.0,2208900
2021-04-28,134.22000122070312,134.22000122070312,0.0,135.8000030517578,132.6699981689453,133.97000122070312,0.0,1446100
2021-04-29,133.39999389648438,133.39999389648438,0.0,137.38999938964844,131.61000061035156,135.5800018310547,0.0,2514200
2021-04-30,131.67999267578125,131.67999267578125,0.0,134.4980010986328,131.6199951171875,131.8800048828125,0.0,1436800
2021-05-03,126.4000015258789,126.4000015258789,0.0,131.32000732421875,125.01000213623047,130.52000427246094,0.0,3248800
2021-05-04,124.80000305175781,124.80000305175781,0.0,125.69999694824219,119.66000366210938,125.27999877929688,0.0,3704400
2021-05-05,121.56999969482422,121.56999969482422,0.0,125.73999786376953,120.19999694824219,125.51000213623047,0.0,2474500
2021-05-06,119.04000091552734,119.04000091552734,0.0,120.46499633789062,115.45999908447266,120.02999877929688,0.0,4849500
2021-05-07,110.7249984741211,110.7249984741211,0.0,116.87999725341797,106.91000366210938,107.7300033569336,0.0,9339600
2021-05-10,107.20999908447266,107.20999908447266,0.0,110.41999816894531,103.16000366210938,110.27999877929688,0.0,6432500
2021-05-11,109.63999938964844,109.63999938964844,0.0,110.69999694824219,100.81900024414062,100.88999938964844,0.0,4696800
2021-05-12,104.98999786376953,104.98999786376953,0.0,111.0,103.87999725341797,109.37999725341797,0.0,3693800
2021-05-13,101.5199966430664,101.5199966430664,0.0,106.94999694824219,99.86000061035156,105.0,0.0,3325400
2021-05-14,104.97000122070312,104.97000122070312,0.0,106.25199890136719,101.91000366210938,102.93000030517578,0.0,3431900
2021-05-17,102.51000213623047,102.51000213623047,0.0,106.0,100.41999816894531,105.70999908447266,0.0,3898600
2021-05-18,104.44999694824219,104.44999694824219,0.0,106.19999694824219,101.9000015258789,103.30000305175781,0.0,2793800
2021-05-19,103.80000305175781,103.80000305175781,0.0,104.44000244140625,102.0,103.25,0.0,1809900
2021-05-20,107.52999877929688,107.52999877929688,0.0,108.87999725341797,103.80999755859375,104.18000030517578,0.0,2633600
2021-05-21,106.58999633789062,106.58999633789062,0.0,109.36000061035156,106.46299743652344,108.5999984741211,0.0,1550100
2021-05-24,117.25,117.25,0.0,120.25,112.97000122070312,113.72000122070312,0.0,8866100
2021-05-25,119.66000366210938,119.66000366210938,0.0,120.08999633789062,116.9000015258789,118.08999633789062,0.0,3443400
2021-05-26,126.73999786376953,126.73999786376953,0.0,127.87999725341797,121.2699966430664,124.0,0.0,5569000
2021-05-27,142.61000061035156,142.61000061035156,0.0,146.8000030517578,133.5399932861328,134.38999938964844,0.0,21735600
2021-05-28,145.4199981689453,145.4199981689453,0.0,154.39999389648438,143.0,149.97999572753906,0.0,16985000
2021-06-01,135.19000244140625,135.19000244140625,0.0,143.36000061035156,132.1300048828125,142.89999389648438,0.0,8631500
2021-06-02,149.74000549316406,149.74000549316406,0.0,151.36000061035156,134.593994140625,134.593994140625,0.0,9488200
2021-06-03,143.05999755859375,143.05999755859375,0.0,149.63999938964844,140.11000061035156,145.0,0.0,4862000
2021-06-04,145.5500030517578,145.5500030517578,0.0,147.75999450683594,142.0,144.49000549316406,0.0,3027100
2021-06-07,152.44000244140625,152.44000244140625,0.0,156.1999969482422,145.5500030517578,148.22000122070312,0.0,6742300
2021-06-08,152.6999969482422,152.6999969482422,0.0,157.1999969482422,147.11000061035156,152.30999755859375,0.0,4086700
2021-06-09,150.14999389648438,150.14999389648438,0.0,154.35000610351562,149.66000366210938,153.10000610351562,0.0,2555900
2021-06-10,147.19000244140625,147.19000244140625,0.0,150.8800048828125,146.5,148.2899932861328,0.0,2515500
2021-06-11,149.4199981689453,149.4199981689453,0.0,149.44000244140625,144.6699981689453,147.00999450683594,0.0,2463100
2021-06-14,151.52999877929688,151.52999877929688,0.0,153.42999267578125,145.6439971923828,148.58999633789062,0.0,2810600
2021-06-15,145.25,145.25,0.0,151.19000244140625,142.7100067138672,150.8179931640625,0.0,2750200
2021-06-16,147.6300048828125,147.6300048828125,0.0,150.85899353027344,144.76400756835938,145.25999450683594,0.0,3089900
2021-06-17,149.61000061035156,149.61000061035156,0.0,152.8699951171875,145.125,145.125,0.0,2626400
2021-06-18,145.3699951171875,145.3699951171875,0.0,151.3300018310547,144.60000610351562,149.8800048828125,0.0,2533200
2021-06-21,147.2899932861328,147.2899932861328,0.0,147.42999267578125,142.6199951171875,145.3699951171875,0.0,1642200
2021-06-22,147.82000732421875,147.82000732421875,0.0,152.0800018310547,142.77999877929688,147.3000030517578,0.0,3217600
2021-06-23,147.44000244140625,147.44000244140625,0.0,150.42999267578125,144.8800048828125,146.77999877929688,0.0,1886200
2021-06-24,143.9199981689453,143.9199981689453,0.0,145.3300018310547,141.00999450683594,143.39999389648438,0.0,3137900
2021-06-25,148.00999450683594,148.00999450683594,0.0,148.25,143.2100067138672,143.77999877929688,0.0,2482900
2021-06-28,155.6999969482422,155.6999969482422,0.0,158.38999938964844,149.2100067138672,150.36000061035156,0.0,4825900
2021-06-29,155.8699951171875,155.8699951171875,0.0,157.1999969482422,151.72000122070312,155.27499389648438,0.0,2387300
2021-06-30,157.49000549316406,157.49000549316406,0.0,160.2790069580078,154.50999450683594,156.00999450683594,0.0,2655400
2021-07-01,152.99000549316406,152.99000549316406,0.0,158.5,149.66000366210938,156.42999267578125,0.0,2442700
2021-07-02,150.80999755859375,150.80999755859375,0.0,153.6999969482422,149.85000610351562,152.9320068359375,0.0,1365000
2021-07-06,145.55999755859375,145.55999755859375,0.0,151.25999450683594,144.17599487304688,150.32899475097656,0.0,1985200
2021-07-07,140.33999633789062,140.33999633789062,0.0,146.42999267578125,138.2100067138672,145.17999267578125,0.0,2566500
2021-07-08,139.22999572753906,139.22999572753906,0.0,142.99000549316406,137.0,138.17999267578125,0.0,2260500
2021-07-09,140.32000732421875,140.32000732421875,0.0,141.85499572753906,138.1999969482422,140.8000030517578,0.0,1432700
2021-07-12,138.8800048828125,138.8800048828125,0.0,141.27000427246094,136.69000244140625,141.22000122070312,0.0,1470200
2021-07-13,136.27999877929688,136.27999877929688,0.0,139.5,135.36000061035156,138.8800048828125,0.0,1553300
2021-07-14,127.97000122070312,127.97000122070312,0.0,136.99000549316406,127.58000183105469,136.50999450683594,0.0,3441700
2021-07-15,129.08999633789062,129.08999633789062,0.0,134.27999877929688,125.75,128.42999267578125,0.0,2936000
2021-07-16,124.94999694824219,124.94999694824219,0.0,129.6750030517578,124.43000030517578,129.10000610351562,0.0,2114200
2021-07-19,125.5199966430664,125.5199966430664,0.0,125.56999969482422,120.72000122070312,123.31999969482422,0.0,2042500
2021-07-20,130.60000610351562,130.60000610351562,0.0,131.52000427246094,123.06999969482422,126.0199966430664,0.0,2479100
2021-07-21,131.0,131.0,0.0,134.5,130.61000061035156,131.71299743652344,0.0,1717600
2021-07-22,128.10000610351562,128.10000610351562,0.0,131.38600158691406,127.25,131.0,0.0,1325100
2021-07-23,126.54000091552734,126.54000091552734,0.0,128.55999755859375,125.11000061035156,128.55999755859375,0.0,1221500
2021-07-26,125.97000122070312,125.97000122070312,0.0,128.78599548339844,124.0999984741211,126.55000305175781,0.0,1312100
2021-07-27,123.41999816894531,123.41999816894531,0.0,126.25,121.0,126.0,0.0,1513000
2021-07-28,126.20999908447266,126.20999908447266,0.0,127.0999984741211,124.0,124.5199966430664,0.0,1523600
2021-07-29,124.55999755859375,124.55999755859375,0.0,128.82000732421875,124.25,126.81999969482422,0.0,1434400
2021-07-30,122.69999694824219,122.69999694824219,0.0,124.94999694824219,121.69999694824219,124.0,0.0,1433400
2021-08-02,124.06999969482422,124.06999969482422,0.0,125.66200256347656,121.58000183105469,122.51000213623047,0.0,1641800
2021-08-03,122.55000305175781,122.55000305175781,0.0,124.91000366210938,121.1500015258789,124.41000366210938,0.0,1393600
2021-08-04,122.80000305175781,122.80000305175781,0.0,123.5,120.3499984741211,122.72000122070312,0.0,2005900
2021-08-05,121.81999969482422,121.81999969482422,0.0,123.25,120.05999755859375,122.5,0.0,3256000
2021-08-06,123.87999725341797,123.87999725341797,0.0,125.27999877929688,116.66000366210938,118.62999725341797,0.0,4834900
2021-08-09,130.32000732421875,130.32000732421875,0.0,131.0,122.25,122.25,0.0,3168100
2021-08-10,126.62999725341797,126.62999725341797,0.0,134.99000549316406,126.29000091552734,131.41000366210938,0.0,3371200
2021-08-11,124.76000213623047,124.76000213623047,0.0,127.22000122070312,124.16000366210938,126.44000244140625,0.0,1635200
2021-08-12,124.44000244140625,124.44000244140625,0.0,125.48999786376953,122.21499633789062,125.0,0.0,1339600
2021-08-13,121.23999786376953,121.23999786376953,0.0,125.0,121.06999969482422,124.5999984741211,0.0,1232700
2021-08-16,118.80999755859375,118.80999755859375,0.0,120.8740005493164,116.44499969482422,120.72000122070312,0.0,2429900
2021-08-17,117.69999694824219,117.69999694824219,0.0,120.22000122070312,116.37999725341797,117.19999694824219,0.0,1863500
2021-08-18,118.83999633789062,118.83999633789062,0.0,120.69000244140625,115.5999984741211,118.05000305175781,0.0,1330900
2021-08-19,115.08999633789062,115.08999633789062,0.0,119.69999694824219,114.41500091552734,118.56999969482422,0.0,1955400
2021-08-20,117.3499984741211,117.3499984741211,0.0,118.9800033569336,114.58999633789062,115.05999755859375,0.0,1600900
2021-08-23,121.48999786376953,121.48999786376953,0.0,122.12999725341797,116.20999908447266,117.95999908447266,0.0,1871700
2021-08-24,124.30000305175781,124.30000305175781,0.0,124.44999694824219,120.54100036621094,120.80500030517578,0.0,2043900
2021-08-25,122.31999969482422,122.31999969482422,0.0,122.55000305175781,120.19000244140625,122.44000244140625,0.0,1650500
2021-08-26,120.37000274658203,120.37000274658203,0.0,123.69999694824219,120.16999816894531,122.31999969482422,0.0,1226500
2021-08-27,121.5,121.5,0.0,123.16999816894531,119.5,120.37000274658203,0.0,1343400
2021-08-30,120.30000305175781,120.30000305175781,0.0,121.8499984741211,119.0999984741211,121.45999908447266,0.0,1170700
2021-08-31,119.63999938964844,119.63999938964844,0.0,122.3550033569336,118.91000366210938,121.30999755859375,0.0,1808700
2021-09-01,120.76000213623047,120.76000213623047,0.0,122.31999969482422,119.0009994506836,119.08000183105469,0.0,1499000
2021-09-02,119.73999786376953,119.73999786376953,0.0,122.26499938964844,119.3499984741211,120.52999877929688,0.0,1209200
2021-09-03,114.97000122070312,114.97000122070312,0.0,118.56999969482422,113.62999725341797,118.0,0.0,4310900
2021-09-07,113.7300033569336,113.7300033569336,0.0,115.77999877929688,113.33000183105469,115.12999725341797,0.0,2290000
2021-09-08,112.55000305175781,112.55000305175781,0.0,115.5989990234375,111.73400115966797,114.0,0.0,2020900
2021-09-09,114.12999725341797,114.12999725341797,0.0,116.27100372314453,112.9000015258789,115.80000305175781,0.0,2536400
2021-09-10,112.9000015258789,112.9000015258789,0.0,116.25,112.72000122070312,114.4800033569336,0.0,1637400
2021-09-13,112.94000244140625,112.94000244140625,0.0,115.30000305175781,111.16999816894531,113.55599975585938,0.0,1782100
2021-09-14,110.44999694824219,110.44999694824219,0.0,113.54000091552734,109.12999725341797,112.58999633789062,0.0,2242500
2021-09-15,110.80999755859375,110.80999755859375,0.0,111.98999786376953,108.88999938964844,110.25,0.0,2037200
2021-09-16,108.25,108.25,0.0,108.44000244140625,104.0199966430664,108.1449966430664,0.0,6211800
2021-09-17,112.94999694824219,112.94999694824219,0.0,113.37999725341797,107.8499984741211,107.8499984741211,0.0,4867100
2021-09-20,112.2699966430664,112.2699966430664,0.0,115.38999938964844,109.80000305175781,110.69999694824219,0.0,2933800
2021-09-21,112.2300033569336,112.2300033569336,0.0,113.87000274658203,111.69000244140625,112.80999755859375,0.0,1310900
2021-09-22,113.77999877929688,113.77999877929688,0.0,115.4800033569336,112.0,112.12000274658203,0.0,1651100
2021-09-23,112.87999725341797,112.87999725341797,0.0,115.02999877929688,112.36000061035156,114.08000183105469,0.0,1187500
2021-09-24,109.69000244140625,109.69000244140625,0.0,112.83000183105469,109.51000213623047,112.75,0.0,1852100
2021-09-27,113.37999725341797,113.37999725341797,0.0,113.79000091552734,109.12699890136719,110.45999908447266,0.0,1812800
2021-09-28,107.36000061035156,107.36000061035156,0.0,114.12000274658203,105.68499755859375,113.0,0.0,3297000
2021-09-29,106.31999969482422,106.31999969482422,0.0,107.81999969482422,105.8499984741211,107.36000061035156,0.0,2547000
2021-09-30,105.26000213623047,105.26000213623047,0.0,106.9000015258789,104.4000015258789,106.45999908447266,0.0,1954100
2021-10-01,105.08999633789062,105.08999633789062,0.0,106.19999694824219,104.12999725341797,106.19999694824219,0.0,1250200
2021-10-04,101.2300033569336,101.2300033569336,0.0,104.58000183105469,99.9000015258789,104.4000015258789,0.0,2787700
2021-10-05,100.66999816894531,100.66999816894531,0.0,103.19999694824219,100.08999633789062,101.4229965209961,0.0,1956800
2021-10-06,101.31999969482422,101.31999969482422,0.0,101.45999908447266,98.80000305175781,100.0,0.0,2125800
2021-10-07,104.41000366210938,104.41000366210938,0.0,106.01000213623047,100.76000213623047,101.5,0.0,2331600
2021-10-08,100.58000183105469,100.58000183105469,0.0,104.80000305175781,100.19999694824219,104.41999816894531,0.0,2624100
2021-10-11,101.70999908447266,101.70999908447266,0.0,103.8499984741211,100.1500015258789,100.63999938964844,0.0,1978100
2021-10-12,104.63999938964844,104.63999938964844,0.0,105.44499969482422,101.5,101.72000122070312,0.0,1932900
2021-10-13,104.98999786376953,104.98999786376953,0.0,106.22000122070312,103.31600189208984,104.52999877929688,0.0,1599600
2021-10-14,106.95999908447266,106.95999908447266,0.0,109.94999694824219,106.19000244140625,107.76799774169922,0.0,3078600
2021-10-15,105.63999938964844,105.63999938964844,0.0,107.48999786376953,104.98999786376953,107.0199966430664,0.0,1314100
2021-10-18,107.08000183105469,107.08000183105469,0.0,108.68000030517578,105.27999877929688,105.6500015258789,0.0,1391700
2021-10-19,107.47000122070312,107.47000122070312,0.0,108.44000244140625,105.38999938964844,107.52999877929688,0.0,1347900
2021-10-20,107.0999984741211,107.0999984741211,0.0,109.63999938964844,106.88999938964844,108.01200103759766,0.0,2166300
2021-10-21,108.62000274658203,108.62000274658203,0.0,109.76000213623047,106.76000213623047,106.76000213623047,0.0,1988600
2021-10-22,95.80000305175781,95.80000305175781,0.0,97.5,91.55000305175781,93.0,0.0,14105800
2021-10-25,96.0,96.0,0.0,96.0,92.41999816894531,94.51000213623047,0.0,4214300
2021-10-26,94.37000274658203,94.37000274658203,0.0,96.33000183105469,93.79000091552734,93.86000061035156,0.0,3608000
2021-10-27,95.58999633789062,95.58999633789062,0.0,99.44000244140625,93.63999938964844,94.0,0.0,3595600
2021-10-28,100.18000030517578,100.18000030517578,0.0,100.19999694824219,94.80000305175781,95.5,0.0,2614200
2021-10-29,98.9800033569336,98.9800033569336,0.0,101.5199966430664,98.8010025024414,99.45999908447266,0.0,2803200
2021-11-01,99.56999969482422,99.56999969482422,0.0,100.06999969482422,97.80999755859375,99.0199966430664,0.0,1982200
2021-11-02,99.19000244140625,99.19000244140625,0.0,100.16999816894531,97.2699966430664,99.84400177001953,0.0,1877800
2021-11-03,104.51000213623047,104.51000213623047,0.0,108.04000091552734,99.66000366210938,99.69999694824219,0.0,5452700
2021-11-04,102.5199966430664,102.5199966430664,0.0,107.19999694824219,102.5,104.51000213623047,0.0,2352600
2021-11-05,99.7699966430664,99.7699966430664,0.0,102.5999984741211,99.12000274658203,102.0,0.0,2242700
2021-11-08,98.27999877929688,98.27999877929688,0.0,99.98999786376953,96.25,99.9000015258789,0.0,2325800
2021-11-09,97.98999786376953,97.98999786376953,0.0,98.33999633789062,96.25,97.8499984741211,0.0,2419000
2021-11-10,94.4800033569336,94.4800033569336,0.0,97.80000305175781,93.80000305175781,97.30999755859375,0.0,7159200
2021-11-11,81.93000030517578,81.93000030517578,0.0,83.1500015258789,76.7699966430664,80.89700317382812,0.0,20672800
2021-11-12,85.1500015258789,85.1500015258789,0.0,85.29000091552734,79.80000305175781,82.0739974975586,0.0,7167300
2021-11-15,83.81999969482422,83.81999969482422,0.0,85.44000244140625,82.69999694824219,85.0,0.0,3272700
2021-11-16,83.4800033569336,83.4800033569336,0.0,84.55999755859375,81.5199966430664,83.4000015258789,0.0,3048300
2021-11-17,80.47000122070312,80.47000122070312,0.0,84.5,80.12000274658203,83.23999786376953,0.0,3024900
2021-11-18,78.37999725341797,78.37999725341797,0.0,81.16000366210938,76.87000274658203,80.93000030517578,0.0,3585900
2021-11-19,77.52999877929688,77.52999877929688,0.0,79.4000015258789,76.9000015258789,77.23999786376953,0.0,3143000
2021-11-22,75.62999725341797,75.62999725341797,0.0,78.44000244140625,74.6500015258789,77.75,0.0,2791200
2021-11-23,74.5,74.5,0.0,76.9000015258789,73.94000244140625,74.58000183105469,0.0,2314100
2021-11-24,75.55000305175781,75.55000305175781,0.0,76.4800033569336,72.51000213623047,73.5,0.0,1926900
2021-11-26,76.72000122070312,76.72000122070312,0.0,77.75,74.62000274658203,74.80999755859375,0.0,1830500
2021-11-29,74.5999984741211,74.5999984741211,0.0,77.0,73.06999969482422,76.5,0.0,2337100
2021-11-30,70.26000213623047,70.26000213623047,0.0,74.58000183105469,69.5199966430664,72.75,0.0,4092500
2021-12-01,66.26000213623047,66.26000213623047,0.0,72.2300033569336,66.20999908447266,70.79000091552734,0.0,3215900
2021-12-02,67.36000061035156,67.36000061035156,0.0,68.4800033569336,64.77999877929688,65.52999877929688,0.0,3054200
2021-12-03,64.61000061035156,64.61000061035156,0.0,68.75,63.50899887084961,67.36000061035156,0.0,2840300
2021-12-06,67.33999633789062,67.33999633789062,0.0,68.71499633789062,63.09000015258789,63.900001525878906,0.0,2571700
2021-12-07,71.25,71.25,0.0,72.75,68.0,68.35700225830078,0.0,2707000
2021-12-08,74.12999725341797,74.12999725341797,0.0,75.48999786376953,70.37999725341797,71.97000122070312,0.0,2880800
2021-12-09,70.08999633789062,70.08999633789062,0.0,74.48799896240234,69.5510025024414,74.0,0.0,2214200
2021-12-10,64.51000213623047,64.51000213623047,0.0,69.1500015258789,63.869998931884766,68.55000305175781,0.0,4295900
2021-12-13,63.41999816894531,63.41999816894531,0.0,65.0,62.060001373291016,64.81999969482422,0.0,3077600
2021-12-14,69.30999755859375,69.30999755859375,0.0,70.58000183105469,64.63999938964844,65.91000366210938,0.0,7716200
2021-12-15,66.79000091552734,66.79000091552734,0.0,69.11000061035156,63.91999816894531,68.5999984741211,0.0,4153200
2021-12-16,66.1500015258789,66.1500015258789,0.0,68.54000091552734,65.16699981689453,67.08000183105469,0.0,1655200
2021-12-17,69.23999786376953,69.23999786376953,0.0,69.56999969482422,63.54999923706055,65.55999755859375,0.0,3619100
2021-12-20,65.2699966430664,65.2699966430664,0.0,68.29000091552734,64.6520004272461,67.0,0.0,2027900
2021-12-21,70.2300033569336,70.2300033569336,0.0,70.33000183105469,65.22000122070312,65.22000122070312,0.0,2268800
2021-12-22,68.66000366210938,68.66000366210938,0.0,70.16999816894531,67.93000030517578,69.5199966430664,0.0,1844100
2021-12-23,67.98999786376953,67.98999786376953,0.0,68.69999694824219,66.88999938964844,68.02999877929688,0.0,1715900
2021-12-27,66.75,66.75,0.0,68.19000244140625,66.01000213623047,67.25,0.0,1670200
2021-12-28,66.30999755859375,66.30999755859375,0.0,68.12999725341797,65.2300033569336,65.62999725341797,0.0,1945300
2021-12-29,63.2599983215332,63.2599983215332,0.0,66.25,62.900001525878906,66.0199966430664,0.0,3149700
2021-12-30,67.38999938964844,67.38999938964844,0.0,68.4000015258789,63.27000045776367,63.33000183105469,0.0,3090500
2021-12-31,65.16000366210938,65.16000366210938,0.0,68.86000061035156,65.08999633789062,66.69999694824219,0.0,1902600
2022-01-03,64.87000274658203,64.87000274658203,0.0,66.58000183105469,63.7400016784668,65.68000030517578,0.0,2738700
2022-01-04,61.619998931884766,61.619998931884766,0.0,64.98999786376953,60.41999816894531,64.45999908447266,0.0,3666700
2022-01-05,58.4900016784668,58.4900016784668,0.0,66.02999877929688,58.42100143432617,65.91000366210938,0.0,10433900
2022-01-06,67.05999755859375,67.05999755859375,0.0,68.75,58.0,58.5,0.0,14914800
2022-01-07,68.5199966430664,68.5199966430664,0.0,73.33000183105469,65.6500015258789,65.65499877929688,0.0,11708700
2022-01-10,66.62000274658203,66.62000274658203,0.0,69.25199890136719,63.76100158691406,68.5,0.0,4532400
2022-01-11,69.37999725341797,69.37999725341797,0.0,70.33999633789062,65.25,66.0199966430664,0.0,3062500
2022-01-12,67.62000274658203,67.62000274658203,0.0,71.08000183105469,66.16000366210938,69.41999816894531,0.0,3155800
2022-01-13,70.83000183105469,70.83000183105469,0.0,74.0,67.94999694824219,68.14399719238281,0.0,7896200
2022-01-14,66.58000183105469,66.58000183105469,0.0,70.91000366210938,63.97999954223633,69.08999633789062,0.0,6028000
2022-01-18,63.7599983215332,63.7599983215332,0.0,64.95999908447266,62.62900161743164,64.94999694824219,0.0,3170200
2022-01-19,63.20000076293945,63.20000076293945,0.0,66.11000061035156,62.83000183105469,63.72999954223633,0.0,2423800
2022-01-20,61.41999816894531,61.41999816894531,0.0,67.55999755859375,61.15999984741211,66.80000305175781,0.0,5184700
2022-01-21,61.599998474121094,61.599998474121094,0.0,63.439998626708984,58.880001068115234,61.400001525878906,0.0,4297600
2022-01-24,62.4900016784668,62.4900016784668,0.0,62.599998474121094,54.58300018310547,59.779998779296875,0.0,5782800
2022-01-25,61.20000076293945,61.20000076293945,0.0,62.810001373291016,59.0,60.880001068115234,0.0,2921000
2022-01-26,60.18000030517578,60.18000030517578,0.0,64.55000305175781,59.0099983215332,62.97700119018555,0.0,4028500
2022-01-27,56.560001373291016,56.560001373291016,0.0,61.334999084472656,56.18000030517578,60.220001220703125,0.0,3143500
2022-01-28,56.540000915527344,56.540000915527344,0.0,56.654998779296875,53.099998474121094,56.560001373291016,0.0,4484800
2022-01-31,65.12999725341797,65.12999725341797,0.0,65.9000015258789,59.08000183105469,59.154998779296875,0.0,7371400
2022-02-01,66.87999725341797,66.87999725341797,0.0,68.05999755859375,63.91999816894531,65.1500015258789,0.0,3534600
2022-02-02,64.0,64.0,0.0,67.28500366210938,63.310001373291016,66.25499725341797,0.0,2538400
2022-02-03,58.0099983215332,58.0099983215332,0.0,63.5,57.70100021362305,63.0,0.0,3818400
2022-02-04,58.68000030517578,58.68000030517578,0.0,59.560001373291016,56.529998779296875,58.90999984741211,0.0,3078300
2022-02-07,59.279998779296875,59.279998779296875,0.0,61.47999954223633,58.86000061035156,59.0,0.0,3074100
2022-02-08,59.900001525878906,59.900001525878906,0.0,59.9900016784668,58.11000061035156,59.0,0.0,2077300
2022-02-09,62.66999816894531,62.66999816894531,0.0,63.22999954223633,59.650001525878906,60.529998779296875,0.0,2507600
2022-02-10,61.4900016784668,61.4900016784668,0.0,64.58999633789062,60.2599983215332,60.49800109863281,0.0,2205000
2022-02-11,59.869998931884766,59.869998931884766,0.0,62.72999954223633,59.099998474121094,61.20000076293945,0.0,2048800
2022-02-14,58.130001068115234,58.130001068115234,0.0,60.45000076293945,57.72999954223633,59.0099983215332,0.0,2153300
2022-02-15,62.0,62.0,0.0,62.189998626708984,59.02000045776367,59.400001525878906,0.0,1864500
2022-02-16,59.689998626708984,59.689998626708984,0.0,61.599998474121094,58.689998626708984,60.189998626708984,0.0,2171700
2022-02-17,56.209999084472656,56.209999084472656,0.0,59.31100082397461,55.72999954223633,59.14500045776367,0.0,2698600
2022-02-18,52.33000183105469,52.33000183105469,0.0,56.470001220703125,51.880001068115234,56.0,0.0,3856000
2022-02-22,50.540000915527344,50.540000915527344,0.0,52.56100082397461,50.0099983215332,50.880001068115234,0.0,3275300
2022-02-23,47.400001525878906,47.400001525878906,0.0,51.27000045776367,46.75,50.79999923706055,0.0,4249400
2022-02-24,49.0,49.0,0.0,49.560001373291016,42.650001525878906,44.064998626708984,0.0,7315700
2022-02-25,44.4900016784668,44.4900016784668,0.0,45.70000076293945,41.33000183105469,44.79999923706055,0.0,11613200
2022-02-28,46.779998779296875,46.779998779296875,0.0,47.66600036621094,43.72999954223633,44.36000061035156,0.0,5093000
2022-03-01,47.41999816894531,47.41999816894531,0.0,48.900001525878906,46.31999969482422,46.380001068115234,0.0,3344200
2022-03-02,45.900001525878906,45.900001525878906,0.0,47.709999084472656,44.630001068115234,47.41999816894531,0.0,3481700
2022-03-03,46.40999984741211,46.40999984741211,0.0,47.779998779296875,44.81999969482422,46.05500030517578,0.0,3198800
2022-03-04,43.18000030517578,43.18000030517578,0.0,46.7599983215332,42.70000076293945,45.56999969482422,0.0,3061500
2022-03-07,42.310001373291016,42.310001373291016,0.0,44.349998474121094,41.13999938964844,42.5,0.0,3495500
2022-03-08,42.47999954223633,42.47999954223633,0.0,44.08000183105469,40.29999923706055,42.0,0.0,2631000
2022-03-09,44.5099983215332,44.5099983215332,0.0,45.5,43.22999954223633,43.22999954223633,0.0,1899000
2022-03-10,42.58000183105469,42.58000183105469,0.0,43.9900016784668,41.72999954223633,43.95500183105469,0.0,1853200
2022-03-11,38.7599983215332,38.7599983215332,0.0,42.90599822998047,38.380001068115234,42.790000915527344,0.0,3422100
2022-03-14,36.16999816894531,36.16999816894531,0.0,38.400001525878906,36.099998474121094,38.130001068115234,0.0,2647200
2022-03-15,38.88999938964844,38.88999938964844,0.0,39.279998779296875,35.7400016784668,36.099998474121094,0.0,2636200
2022-03-16,43.959999084472656,43.959999084472656,0.0,43.959999084472656,39.38999938964844,40.150001525878906,0.0,3634000
2022-03-17,46.790000915527344,46.790000915527344,0.0,47.04999923706055,43.209999084472656,43.439998626708984,0.0,2728000
2022-03-18,50.279998779296875,50.279998779296875,0.0,51.9900016784668,47.189998626708984,48.220001220703125,0.0,4966000
2022-03-21,48.40999984741211,48.40999984741211,0.0,50.375,47.2599983215332,50.27000045776367,0.0,2764300
2022-03-22,51.2599983215332,51.2599983215332,0.0,51.625,47.810001373291016,48.845001220703125,0.0,3207900
2022-03-23,50.099998474121094,50.099998474121094,0.0,53.470001220703125,49.93000030517578,51.20000076293945,0.0,3074200
2022-03-24,50.58000183105469,50.58000183105469,0.0,50.650001525878906,47.70000076293945,50.279998779296875,0.0,2535600
2022-03-25,48.630001068115234,48.630001068115234,0.0,51.220001220703125,48.04999923706055,51.220001220703125,0.0,1747600
2022-03-28,49.13999938964844,49.13999938964844,0.0,49.41999816894531,45.5,45.650001525878906,0.0,4524600
2022-03-29,51.369998931884766,51.369998931884766,0.0,52.72999954223633,49.40999984741211,49.40999984741211,0.0,3650800
2022-03-30,48.9900016784668,48.9900016784668,0.0,51.93000030517578,48.5359992980957,50.279998779296875,0.0,1968100
2022-03-31,48.310001373291016,48.310001373291016,0.0,50.18000030517578,47.845001220703125,49.43000030517578,0.0,1959000
2022-04-01,49.29999923706055,49.29999923706055,0.0,49.4900016784668,47.380001068115234,48.47999954223633,0.0,1677800
2022-04-04,51.439998626708984,51.439998626708984,0.0,51.97999954223633,49.29999923706055,49.68000030517578,0.0,1872500
2022-04-05,47.400001525878906,47.400001525878906,0.0,50.880001068115234,46.900001525878906,50.70000076293945,0.0,2322600
2022-04-06,43.560001373291016,43.560001373291016,0.0,46.7400016784668,42.5099983215332,46.5,0.0,3296600
2022-04-07,43.939998626708984,43.939998626708984,0.0,44.683998107910156,41.430999755859375,43.63999938964844,0.0,2163000
2022-04-08,43.11000061035156,43.11000061035156,0.0,45.30500030517578,42.76499938964844,43.939998626708984,0.0,1692100
2022-04-11,43.959999084472656,43.959999084472656,0.0,44.880001068115234,42.40999984741211,43.0,0.0,1294800
2022-04-12,43.58000183105469,43.58000183105469,0.0,46.5,42.97999954223633,44.939998626708984,0.0,1812600
2022-04-13,45.02000045776367,45.02000045776367,0.0,45.31999969482422,43.0099983215332,43.20000076293945,0.0,1554900
2022-04-14,43.0099983215332,43.0099983215332,0.0,45.290000915527344,42.87200164794922,44.70000076293945,0.0,1786900
2022-04-18,40.7599983215332,40.7599983215332,0.0,43.20000076293945,40.279998779296875,43.06999969482422,0.0,2011700
2022-04-19,42.34000015258789,42.34000015258789,0.0,43.20000076293945,40.060001373291016,40.310001373291016,0.0,2641100
2022-04-20,40.189998626708984,40.189998626708984,0.0,42.16999816894531,39.59000015258789,42.0099983215332,0.0,1856000
2022-04-21,38.5099983215332,38.5099983215332,0.0,40.790000915527344,37.599998474121094,40.27000045776367,0.0,2193900
2022-04-22,37.599998474121094,37.599998474121094,0.0,40.11000061035156,37.529998779296875,38.630001068115234,0.0,2017200
2022-04-25,38.47999954223633,38.47999954223633,0.0,38.65999984741211,36.66999816894531,37.61000061035156,0.0,1579100
2022-04-26,35.529998779296875,35.529998779296875,0.0,38.47600173950195,35.529998779296875,38.18000030517578,0.0,2168400
2022-04-27,38.220001220703125,38.220001220703125,0.0,47.439998626708984,35.40999984741211,35.540000915527344,0.0,20088300
2022-04-28,39.81999969482422,39.81999969482422,0.0,39.880001068115234,36.63999938964844,37.7599983215332,0.0,3634500
2022-04-29,36.880001068115234,36.880001068115234,0.0,40.81999969482422,36.790000915527344,39.22999954223633,0.0,1814500
2022-05-02,38.33000183105469,38.33000183105469,0.0,38.33000183105469,35.939998626708984,36.529998779296875,0.0,1868800
2022-05-03,38.900001525878906,38.900001525878906,0.0,39.40999984741211,37.45000076293945,37.810001373291016,0.0,2266800
2022-05-04,41.7599983215332,41.7599983215332,0.0,41.95000076293945,37.92900085449219,38.79999923706055,0.0,2773800
2022-05-05,38.43000030517578,38.43000030517578,0.0,40.9900016784668,37.59000015258789,40.900001525878906,0.0,2110800
2022-05-06,35.83000183105469,35.83000183105469,0.0,38.720001220703125,35.43000030517578,38.540000915527344,0.0,1954100
2022-05-09,31.155000686645508,31.155000686645508,0.0,35.400001525878906,30.770000457763672,35.0,0.0,3578300
2022-05-10,30.3700008392334,30.3700008392334,0.0,32.61399841308594,28.280000686645508,31.84000015258789,0.0,3349500
2022-05-11,26.170000076293945,26.170000076293945,0.0,30.549999237060547,25.75,30.280000686645508,0.0,6870000
2022-05-12,25.079999923706055,25.079999923706055,0.0,29.399999618530273,20.5,21.030000686645508,0.0,22395300
2022-05-13,31.239999771118164,31.239999771118164,0.0,31.8799991607666,25.8799991607666,26.049999237060547,0.0,9799600
2022-05-16,27.239999771118164,27.239999771118164,0.0,31.07900047302246,27.049999237060547,30.700000762939453,0.0,3605400
2022-05-17,26.959999084472656,26.959999084472656,0.0,28.53499984741211,25.510000228881836,28.0,0.0,3825900
2022-05-18,26.420000076293945,26.420000076293945,0.0,27.68000030517578,25.1299991607666,26.600000381469727,0.0,2755500
2022-05-19,25.5,25.5,0.0,27.290000915527344,25.360000610351562,25.90999984741211,0.0,3209800
2022-05-20,24.3700008392334,24.3700008392334,0.0,26.0,23.510000228881836,25.709999084472656,0.0,3838500
2022-05-23,24.670000076293945,24.670000076293945,0.0,24.670000076293945,23.0,24.290000915527344,0.0,2472700
2022-05-24,22.940000534057617,22.940000534057617,0.0,26.559999465942383,22.200000762939453,26.40999984741211,0.0,4582400
2022-05-25,25.979999542236328,25.979999542236328,0.0,26.29199981689453,23.010000228881836,23.059999465942383,0.0,3689100
2022-05-26,26.170000076293945,26.170000076293945,0.0,27.299999237060547,25.309999465942383,25.3799991607666,0.0,2695800
2022-05-27,28.6299991607666,28.6299991607666,0.0,28.716999053955078,26.049999237060547,26.34000015258789,0.0,2408900
2022-05-31,26.450000762939453,26.450000762939453,0.0,28.8799991607666,26.010000228881836,28.274999618530273,0.0,3144300
2022-06-01,25.239999771118164,25.239999771118164,0.0,27.0,24.719999313354492,26.5,0.0,2541700
2022-06-02,27.40999984741211,27.40999984741211,0.0,27.68000030517578,25.09000015258789,25.09000015258789,0.0,2486700
2022-06-03,25.06999969482422,25.06999969482422,0.0,26.829999923706055,24.950000762939453,26.479999542236328,0.0,1463300
2022-06-06,25.020000457763672,25.020000457763672,0.0,25.8799991607666,24.378000259399414,25.469999313354492,0.0,1697100
2022-06-07,24.790000915527344,24.790000915527344,0.0,25.290000915527344,23.829999923706055,24.1200008392334,0.0,2131100
2022-06-08,25.049999237060547,25.049999237060547,0.0,26.729999542236328,24.530000686645508,24.530000686645508,0.0,1856200
2022-06-09,22.860000610351562,22.860000610351562,0.0,25.0,22.700000762939453,25.0,0.0,4266000
2022-06-10,22.860000610351562,22.860000610351562,0.0,23.299999237060547,22.200000762939453,22.860000610351562,0.0,2229800
2022-06-13,22.270000457763672,22.270000457763672,0.0,23.270000457763672,21.48900032043457,22.0,0.0,3246700
2022-06-14,22.43000030517578,22.43000030517578,0.0,23.55900001525879,21.809999465942383,23.55900001525879,0.0,2360600
2022-06-15,25.559999465942383,25.559999465942383,0.0,26.608999252319336,22.600000381469727,22.6200008392334,0.0,4758900
2022-06-16,23.90999984741211,23.90999984741211,0.0,25.219999313354492,23.079999923706055,24.200000762939453,0.0,2526000
2022-06-17,23.719999313354492,23.719999313354492,0.0,24.8700008392334,23.3799991607666,23.790000915527344,0.0,3503700
2022-06-21,25.420000076293945,25.420000076293945,0.0,25.610000610351562,23.979999542236328,24.0,0.0,2621100
2022-06-22,25.389999389648438,25.389999389648438,0.0,26.309999465942383,24.68000030517578,24.690000534057617,0.0,2272600
2022-06-23,26.059999465942383,26.059999465942383,0.0,26.6200008392334,24.69499969482422,25.389999389648438,0.0,2816200
2022-06-24,25.420000076293945,25.420000076293945,0.0,27.184999465942383,24.600000381469727,26.399999618530273,0.0,9299200
2022-06-27,25.18000030517578,25.18000030517578,0.0,26.198999404907227,23.860000610351562,25.652000427246094,0.0,3460800
2022-06-28,23.780000686645508,23.780000686645508,0.0,26.68000030517578,23.684999465942383,25.3799991607666,0.0,2819400
2022-06-29,24.360000610351562,24.360000610351562,0.0,24.43899917602539,22.65999984741211,24.010000228881836,0.0,1988100
2022-06-30,23.940000534057617,23.940000534057617,0.0,24.649999618530273,23.170000076293945,23.75,0.0,2474500
2022-07-01,25.65999984741211,25.65999984741211,0.0,25.829999923706055,23.75,23.760000228881836,0.0,2339900
2022-07-05,27.3799991607666,27.3799991607666,0.0,27.719999313354492,25.15999984741211,25.479999542236328,0.0,3274200
2022-07-06,29.030000686645508,29.030000686645508,0.0,29.90999984741211,26.679000854492188,27.030000686645508,0.0,3559200
2022-07-07,31.760000228881836,31.760000228881836,0.0,31.770000457763672,28.742000579833984,28.75,0.0,5179900
2022-07-08,31.950000762939453,31.950000762939453,0.0,33.09000015258789,30.760000228881836,30.860000610351562,0.0,3301700
2022-07-11,29.979999542236328,29.979999542236328,0.0,32.47999954223633,28.8799991607666,31.950000762939453,0.0,2438900
2022-07-12,30.670000076293945,30.670000076293945,0.0,30.899999618530273,29.579999923706055,29.799999237060547,0.0,2177600
2022-07-13,30.6200008392334,30.6200008392334,0.0,31.079999923706055,29.670000076293945,30.0,0.0,2322600
2022-07-14,29.920000076293945,29.920000076293945,0.0,30.600000381469727,29.25,30.100000381469727,0.0,1761200
2022-07-15,34.0099983215332,34.0099983215332,0.0,34.310001373291016,30.1200008392334,30.1200008392334,0.0,4364600
2022-07-18,34.68000030517578,34.68000030517578,0.0,35.93000030517578,33.349998474121094,34.70500183105469,0.0,3211800
2022-07-19,37.560001373291016,37.560001373291016,0.0,37.79999923706055,34.31999969482422,34.84000015258789,0.0,3050000
2022-07-20,37.16999816894531,37.16999816894531,0.0,38.57400131225586,35.95000076293945,37.4900016784668,0.0,2827600
2022-07-21,37.9900016784668,37.9900016784668,0.0,39.38999938964844,36.369998931884766,36.9900016784668,0.0,3222800
2022-07-22,36.290000915527344,36.290000915527344,0.0,38.06999969482422,35.540000915527344,37.31999969482422,0.0,1651200
2022-07-25,33.439998626708984,33.439998626708984,0.0,36.2400016784668,32.2599983215332,36.0,0.0,2970900
2022-07-26,30.510000228881836,30.510000228881836,0.0,32.83000183105469,30.315000534057617,32.755001068115234,0.0,2218900
2022-07-27,32.439998626708984,32.439998626708984,0.0,32.58000183105469,30.200000762939453,31.72800064086914,0.0,2391700
2022-07-28,31.43000030517578,31.43000030517578,0.0,32.43000030517578,29.844999313354492,30.549999237060547,0.0,2713200
2022-07-29,31.989999771118164,31.989999771118164,0.0,32.23500061035156,30.75,31.299999237060547,0.0,1406400
2022-08-01,32.029998779296875,32.029998779296875,0.0,34.150001525878906,31.43000030517578,31.440000534057617,0.0,1883000
2022-08-02,33.279998779296875,33.279998779296875,0.0,34.439998626708984,31.451000213623047,31.610000610351562,0.0,1548000
2022-08-03,34.04999923706055,34.04999923706055,0.0,34.5,33.04499816894531,33.349998474121094,0.0,1840700
2022-08-04,31.389999389648438,31.389999389648438,0.0,34.150001525878906,31.1299991607666,33.310001373291016,0.0,4257100
2022-08-05,38.2599983215332,38.2599983215332,0.0,39.65999984741211,30.025999069213867,30.1299991607666,0.0,12655600
2022-08-08,39.310001373291016,39.310001373291016,0.0,44.59000015258789,38.02000045776367,38.13999938964844,0.0,6186600
2022-08-09,37.04999923706055,37.04999923706055,0.0,38.79999923706055,35.880001068115234,38.70000076293945,0.0,2897500
2022-08-10,36.939998626708984,36.939998626708984,0.0,38.54999923706055,36.04999923706055,38.2400016784668,0.0,2229100
2022-08-11,36.65999984741211,36.65999984741211,0.0,41.9900016784668,36.0099983215332,37.37200164794922,0.0,3795200
2022-08-12,36.689998626708984,36.689998626708984,0.0,37.380001068115234,35.18000030517578,37.2599983215332,0.0,2492000
2022-08-15,35.70000076293945,35.70000076293945,0.0,37.28200149536133,35.19599914550781,36.79999923706055,0.0,1902600
2022-08-16,35.83000183105469,35.83000183105469,0.0,36.86000061035156,33.36000061035156,35.209999084472656,0.0,3833900
2022-08-17,34.709999084472656,34.709999084472656,0.0,36.18000030517578,34.540000915527344,35.380001068115234,0.0,2025800
2022-08-18,33.220001220703125,33.220001220703125,0.0,34.7400016784668,32.900001525878906,34.709999084472656,0.0,2353100
2022-08-19,29.170000076293945,29.170000076293945,0.0,32.48500061035156,28.915000915527344,32.36000061035156,0.0,4082200
2022-08-22,27.059999465942383,27.059999465942383,0.0,28.54800033569336,26.860000610351562,28.389999389648438,0.0,2825500
2022-08-23,26.079999923706055,26.079999923706055,0.0,27.530000686645508,26.06999969482422,27.399999618530273,0.0,2494800
2022-08-24,26.219999313354492,26.219999313354492,0.0,26.989999771118164,25.530000686645508,25.954999923706055,0.0,2044200
2022-08-25,26.780000686645508,26.780000686645508,0.0,27.829999923706055,26.18000030517578,26.899999618530273,0.0,3026500
2022-08-26,24.790000915527344,24.790000915527344,0.0,27.229999542236328,24.610000610351562,27.165000915527344,0.0,3439500
2022-08-29,24.520000457763672,24.520000457763672,0.0,25.190000534057617,23.90999984741211,24.40999984741211,0.0,2318900
2022-08-30,24.520000457763672,24.520000457763672,0.0,25.32900047302246,23.899999618530273,24.81999969482422,0.0,2062100
2022-08-31,24.399999618530273,24.399999618530273,0.0,25.875,24.059999465942383,24.850000381469727,0.0,2406000
2022-09-01,24.56999969482422,24.56999969482422,0.0,24.649999618530273,23.06999969482422,24.280000686645508,0.0,2375000
2022-09-02,23.420000076293945,23.420000076293945,0.0,24.799999237060547,23.270000457763672,24.700000762939453,0.0,2043100
2022-09-06,21.719999313354492,21.719999313354492,0.0,23.55500030517578,21.350000381469727,23.5,0.0,3842800
2022-09-07,21.959999084472656,21.959999084472656,0.0,22.31999969482422,21.059999465942383,21.770000457763672,0.0,2858200
2022-09-08,21.690000534057617,21.690000534057617,0.0,21.969999313354492,21.079999923706055,21.889999389648438,0.0,2854500
2022-09-09,22.549999237060547,22.549999237060547,0.0,22.8799991607666,21.860000610351562,22.100000381469727,0.0,3189300
2022-09-12,23.299999237060547,23.299999237060547,0.0,23.329999923706055,22.15999984741211,22.649999618530273,0.0,3185100
2022-09-13,21.1200008392334,21.1200008392334,0.0,22.34000015258789,20.989999771118164,21.979999542236328,0.0,3934700
2022-09-14,20.1299991607666,20.1299991607666,0.0,21.100000381469727,19.770000457763672,21.030000686645508,0.0,4170700
2022-09-15,19.549999237060547,19.549999237060547,0.0,20.489999771118164,19.350000381469727,20.149999618530273,0.0,3992300
2022-09-16,18.290000915527344,18.290000915527344,0.0,19.299999237060547,18.18000030517578,19.299999237060547,0.0,5198200
2022-09-19,17.059999465942383,17.059999465942383,0.0,18.191999435424805,17.045000076293945,18.139999389648438,0.0,4424600
2022-09-20,16.030000686645508,16.030000686645508,0.0,17.280000686645508,15.970000267028809,17.260000228881836,0.0,4758000
2022-09-21,15.899999618530273,15.899999618530273,0.0,17.90999984741211,15.770000457763672,16.110000610351562,0.0,12765700
2022-09-22,15.25,15.25,0.0,15.9399995803833,14.609999656677246,15.9399995803833,0.0,6241000
2022-09-23,15.6899995803833,15.6899995803833,0.0,15.880000114440918,14.649999618530273,14.970000267028809,0.0,5349400
2022-09-26,14.539999961853027,14.539999961853027,0.0,16.100000381469727,14.510000228881836,15.579999923706055,0.0,3605600
2022-09-27,14.729999542236328,14.729999542236328,0.0,15.137999534606934,14.279999732971191,15.039999961853027,0.0,3291300
2022-09-28,15.880000114440918,15.880000114440918,0.0,16.09000015258789,14.670000076293945,14.890000343322754,0.0,4077900
2022-09-29,14.430000305175781,14.430000305175781,0.0,15.699999809265137,14.3100004196167,15.640000343322754,0.0,3271400
2022-09-30,14.170000076293945,14.170000076293945,0.0,14.770000457763672,14.119999885559082,14.539999961853027,0.0,2268400
2022-10-03,14.529999732971191,14.529999732971191,0.0,14.854999542236328,13.84000015258789,14.300000190734863,0.0,2396700
2022-10-04,15.90999984741211,15.90999984741211,0.0,15.9399995803833,14.760000228881836,15.0,0.0,2942200
2022-10-05,16.030000686645508,16.030000686645508,0.0,16.40999984741211,14.729000091552734,15.229999542236328,0.0,4412600
2022-10-06,15.140000343322754,15.140000343322754,0.0,16.649999618530273,15.100000381469727,15.8100004196167,0.0,2242800
2022-10-07,14.09000015258789,14.09000015258789,0.0,15.0600004196167,13.875,14.890000343322754,0.0,2788800
2022-10-10,13.649999618530273,13.649999618530273,0.0,14.010000228881836,12.760000228881836,13.930000305175781,0.0,3818300
2022-10-11,14.109999656677246,14.109999656677246,0.0,14.550000190734863,13.40999984741211,13.770000457763672,0.0,2654700
2022-10-12,14.199999809265137,14.199999809265137,0.0,14.364999771118164,13.720000267028809,14.145000457763672,0.0,2128700
2022-10-13,14.779999732971191,14.779999732971191,0.0,15.40999984741211,13.420000076293945,13.699999809265137,0.0,3725800
2022-10-14,13.345000267028809,13.345000267028809,0.0,15.329999923706055,13.319999694824219,14.460000038146973,0.0,3820900
2022-10-17,13.430000305175781,13.430000305175781,0.0,13.949999809265137,13.192999839782715,13.529999732971191,0.0,3720500
2022-10-18,13.5600004196167,13.5600004196167,0.0,14.380000114440918,13.229000091552734,13.930000305175781,0.0,3399000
2022-10-19,13.550000190734863,13.550000190734863,0.0,14.170000076293945,13.449999809265137,13.5600004196167,0.0,2744900
2022-10-20,12.899999618530273,12.899999618530273,0.0,13.75,12.779999732971191,13.600000381469727,0.0,2624600
2022-10-21,12.630000114440918,12.630000114440918,0.0,12.920000076293945,12.1899995803833,12.819999694824219,0.0,3616800
2022-10-24,12.460000038146973,12.460000038146973,0.0,12.880000114440918,11.899999618530273,12.479999542236328,0.0,2457200
2022-10-25,14.220000267028809,14.220000267028809,0.0,14.32800006866455,12.46500015258789,12.470000267028809,0.0,3860100
2022-10-26,14.800000190734863,14.800000190734863,0.0,15.539999961853027,13.918000221252441,14.0,0.0,2916500
2022-10-27,14.489999771118164,14.489999771118164,0.0,15.600000381469727,14.449999809265137,15.010000228881836,0.0,1874400
2022-10-28,15.520000457763672,15.520000457763672,0.0,15.699999809265137,14.260000228881836,14.630000114440918,0.0,2697300
2022-10-31,15.699999809265137,15.699999809265137,0.0,15.960000038146973,15.329999923706055,15.600000381469727,0.0,2230000
2022-11-01,15.319999694824219,15.319999694824219,0.0,16.510000228881836,15.289999961853027,16.010000228881836,0.0,2487200
2022-11-02,14.75,14.75,0.0,16.030000686645508,14.739999771118164,15.279999732971191,0.0,1914400
2022-11-03,14.359999656677246,14.359999656677246,0.0,15.15999984741211,14.239999771118164,14.3100004196167,0.0,1680400
2022-11-04,13.90999984741211,13.90999984741211,0.0,14.819000244140625,13.430000305175781,14.720000267028809,0.0,1384400
2022-11-07,13.300000190734863,13.300000190734863,0.0,14.199999809265137,12.928000450134277,14.069999694824219,0.0,1957900
2022-11-08,13.020000457763672,13.020000457763672,0.0,13.657999992370605,12.640000343322754,13.300000190734863,0.0,2145600
2022-11-09,11.819999694824219,11.819999694824219,0.0,12.869999885559082,11.5600004196167,12.869999885559082,0.0,4004100
2022-11-10,14.199999809265137,14.199999809265137,0.0,14.640000343322754,12.710000038146973,12.789999961853027,0.0,6525300
2022-11-11,15.220000267028809,15.220000267028809,0.0,15.479999542236328,13.630000114440918,14.039999961853027,0.0,3656600
2022-11-14,15.539999961853027,15.539999961853027,0.0,16.350000381469727,14.920000076293945,15.130000114440918,0.0,3281300
2022-11-15,15.779999732971191,15.779999732971191,0.0,17.229999542236328,15.699999809265137,16.420000076293945,0.0,3478000
2022-11-16,14.489999771118164,14.489999771118164,0.0,15.529999732971191,14.3100004196167,15.449999809265137,0.0,2093400
2022-11-17,13.9399995803833,13.9399995803833,0.0,14.979999542236328,13.600000381469727,14.199999809265137,0.0,2509400
2022-11-18,13.449999809265137,13.449999809265137,0.0,14.329999923706055,13.239999771118164,14.199999809265137,0.0,1770400
2022-11-21,13.279999732971191,13.279999732971191,0.0,13.739999771118164,13.0600004196167,13.140000343322754,0.0,2247900
2022-11-22,12.720000267028809,12.720000267028809,0.0,13.25,12.09000015258789,13.100000381469727,0.0,3459600
2022-11-23,12.829999923706055,12.829999923706055,0.0,13.069999694824219,12.241000175476074,12.399999618530273,0.0,2470300
2022-11-25,12.720000267028809,12.720000267028809,0.0,12.859999656677246,12.529999732971191,12.779999732971191,0.0,628300
2022-11-28,12.40999984741211,12.40999984741211,0.0,13.069999694824219,12.25,12.5,0.0,1571300
2022-11-29,12.920000076293945,12.920000076293945,0.0,13.010000228881836,12.446999549865723,12.449999809265137,0.0,2479100
2022-11-30,14.59000015258789,14.59000015258789,0.0,14.59000015258789,12.520000457763672,12.829999923706055,0.0,3563500
2022-12-01,14.319999694824219,14.319999694824219,0.0,15.100000381469727,14.029999732971191,14.699999809265137,0.0,2897700
2022-12-02,14.300000190734863,14.300000190734863,0.0,14.350000381469727,13.555000305175781,13.979999542236328,0.0,1482900
2022-12-05,13.6899995803833,13.6899995803833,0.0,14.399999618530273,13.5,14.130000114440918,0.0,1355800
2022-12-06,13.880000114440918,13.880000114440918,0.0,14.50100040435791,13.109999656677246,13.520000457763672,0.0,2679900
2022-12-07,15.600000381469727,15.600000381469727,0.0,15.6899995803833,13.5,13.850000381469727,0.0,3784300
2022-12-08,16.149999618530273,16.149999618530273,0.0,17.0,15.300000190734863,15.5,0.0,4394100
2022-12-09,14.869999885559082,14.869999885559082,0.0,16.06999969482422,14.680000305175781,15.84000015258789,0.0,2245000
2022-12-12,14.680000305175781,14.680000305175781,0.0,15.682000160217285,14.220000267028809,14.710000038146973,0.0,1675700
2022-12-13,14.520000457763672,14.520000457763672,0.0,15.9399995803833,14.03499984741211,15.75,0.0,2127300
2022-12-14,14.619999885559082,14.619999885559082,0.0,15.180000305175781,14.3100004196167,14.449999809265137,0.0,1988200
2022-12-15,13.779999732971191,13.779999732971191,0.0,14.380000114440918,13.390000343322754,14.25,0.0,2161300
2022-12-16,14.130000114440918,14.130000114440918,0.0,14.258000373840332,13.380000114440918,13.5,0.0,2122200
2022-12-19,13.319999694824219,13.319999694824219,0.0,14.100000381469727,13.199999809265137,14.0,0.0,1396900
2022-12-20,13.180000305175781,13.180000305175781,0.0,13.270000457763672,12.550000190734863,13.109999656677246,0.0,1261700
2022-12-21,13.260000228881836,13.260000228881836,0.0,13.75,13.085000038146973,13.199999809265137,0.0,1420600
2022-12-22,12.920000076293945,12.920000076293945,0.0,13.25,12.600000381469727,13.020000457763672,0.0,1405500
2022-12-23,12.789999961853027,12.789999961853027,0.0,13.4399995803833,12.569999694824219,12.880000114440918,0.0,1437600
2022-12-27,11.829999923706055,11.829999923706055,0.0,12.84000015258789,11.819999694824219,12.600000381469727,0.0,1360100
2022-12-28,11.34000015258789,11.34000015258789,0.0,11.930000305175781,11.029999732971191,11.930000305175781,0.0,1811100
2022-12-29,12.399999618530273,12.399999618530273,0.0,13.180000305175781,11.4350004196167,11.4399995803833,0.0,3105100
2022-12-30,12.3100004196167,12.3100004196167,0.0,12.430000305175781,11.779999732971191,12.069999694824219,0.0,1771900
2023-01-03,12.380000114440918,12.380000114440918,0.0,12.8100004196167,12.119999885559082,12.600000381469727,0.0,1475000
2023-01-04,12.869999885559082,12.869999885559082,0.0,13.161999702453613,12.390000343322754,12.5,0.0,1839300
2023-01-05,13.0,13.0,0.0,13.25,12.470000267028809,12.880000114440918,0.0,2017000
2023-01-06,13.789999961853027,13.789999961853027,0.0,14.029999732971191,12.84000015258789,13.020000457763672,0.0,2170800
2023-01-09,14.039999961853027,14.039999961853027,0.0,14.529999732971191,13.800000190734863,14.300000190734863,0.0,1916400
2023-01-10,14.609999656677246,14.609999656677246,0.0,15.324999809265137,14.109999656677246,14.145000457763672,0.0,2174900
2023-01-11,15.920000076293945,15.920000076293945,0.0,16.079999923706055,14.569999694824219,14.75,0.0,3307600
2023-01-12,16.520000457763672,16.520000457763672,0.0,16.65999984741211,15.09000015258789,16.149999618530273,0.0,2781700
2023-01-13,15.930000305175781,15.930000305175781,0.0,17.280000686645508,15.800000190734863,16.360000610351562,0.0,3523100
2023-01-17,15.710000038146973,15.710000038146973,0.0,15.880000114440918,15.244999885559082,15.649999618530273,0.0,1553200
2023-01-18,14.579999923706055,14.579999923706055,0.0,15.989999771118164,14.550000190734863,15.899999618530273,0.0,2166500
2023-01-19,14.260000228881836,14.260000228881836,0.0,14.489999771118164,13.970000267028809,14.359999656677246,0.0,1592200
2023-01-20,15.119999885559082,15.119999885559082,0.0,15.479999542236328,14.069999694824219,14.420000076293945,0.0,2047400
2023-01-23,16.829999923706055,16.829999923706055,0.0,17.100000381469727,15.029999732971191,15.180000305175781,0.0,3467600
2023-01-24,15.979999542236328,15.979999542236328,0.0,17.020000457763672,15.86400032043457,16.684999465942383,0.0,2114700
2023-01-25,16.1299991607666,16.1299991607666,0.0,16.270000457763672,15.359999656677246,15.770000457763672,0.0,1422200
2023-01-26,16.190000534057617,16.190000534057617,0.0,16.799999237060547,15.899999618530273,16.280000686645508,0.0,1409800
2023-01-27,18.510000228881836,18.510000228881836,0.0,20.399999618530273,16.204999923706055,16.219999313354492,0.0,7002100
2023-01-30,16.450000762939453,16.450000762939453,0.0,18.290000915527344,16.420000076293945,18.010000228881836,0.0,4362500
2023-01-31,16.43000030517578,16.43000030517578,0.0,16.760000228881836,15.850000381469727,16.579999923706055,0.0,2544900
2023-02-01,16.969999313354492,16.969999313354492,0.0,16.989999771118164,15.600000381469727,16.399999618530273,0.0,2868100
2023-02-02,20.219999313354492,20.219999313354492,0.0,21.350000381469727,17.90399932861328,18.0,0.0,9211000
2023-02-03,19.420000076293945,19.420000076293945,0.0,20.8799991607666,19.229999542236328,19.450000762939453,0.0,2902400
2023-02-06,17.989999771118164,17.989999771118164,0.0,19.270000457763672,17.299999237060547,19.15999984741211,0.0,3830400
2023-02-07,17.190000534057617,17.190000534057617,0.0,17.979999542236328,16.600000381469727,17.8799991607666,0.0,3068400
2023-02-08,17.68000030517578,17.68000030517578,0.0,18.280000686645508,16.69499969482422,17.1200008392334,0.0,3697800
2023-02-09,16.25,16.25,0.0,18.190000534057617,16.079999923706055,18.190000534057617,0.0,2774500
2023-02-10,15.989999771118164,15.989999771118164,0.0,16.274999618530273,15.279999732971191,16.06999969482422,0.0,2478900
2023-02-13,16.15999984741211,16.15999984741211,0.0,16.40999984741211,15.510000228881836,16.0,0.0,1717400
2023-02-14,15.520000457763672,15.520000457763672,0.0,16.139999389648438,15.350000381469727,15.989999771118164,0.0,1654000
2023-02-15,17.43000030517578,17.43000030517578,0.0,17.450000762939453,15.449999809265137,15.5,0.0,2897700
2023-02-16,17.100000381469727,17.100000381469727,0.0,17.989999771118164,17.010000228881836,17.059999465942383,0.0,3191000
2023-02-17,17.739999771118164,17.739999771118164,0.0,17.8700008392334,16.360000610351562,17.1299991607666,0.0,2452600
2023-02-21,16.399999618530273,16.399999618530273,0.0,17.559999465942383,16.3700008392334,17.264999389648438,0.0,1902700
2023-02-22,17.100000381469727,17.100000381469727,0.0,17.1299991607666,16.139999389648438,16.489999771118164,0.0,1388100
2023-02-23,17.139999389648438,17.139999389648438,0.0,17.704999923706055,16.6299991607666,17.100000381469727,0.0,3940600
2023-02-24,18.8799991607666,18.8799991607666,0.0,22.8700008392334,18.420000076293945,19.549999237060547,0.0,25691700
2023-02-27,18.770000457763672,18.770000457763672,0.0,19.719999313354492,17.8799991607666,18.75,0.0,4778400
2023-02-28,17.84000015258789,17.84000015258789,0.0,19.239999771118164,17.709999084472656,18.649999618530273,0.0,3007500
2023-03-01,16.940000534057617,16.940000534057617,0.0,17.8799991607666,16.760000228881836,17.690000534057617,0.0,2332600
2023-03-02,17.68000030517578,17.68000030517578,0.0,17.864999771118164,16.520000457763672,16.799999237060547,0.0,1681700
2023-03-03,18.709999084472656,18.709999084472656,0.0,18.729999542236328,17.450000762939453,17.719999313354492,0.0,2218200
2023-03-06,18.079999923706055,18.079999923706055,0.0,18.670000076293945,17.56999969482422,18.450000762939453,0.0,2644100
2023-03-07,18.059999465942383,18.059999465942383,0.0,18.489999771118164,17.760000228881836,18.0,0.0,1573700
2023-03-08,18.18000030517578,18.18000030517578,0.0,18.219999313354492,17.56999969482422,17.850000381469727,0.0,1591200
2023-03-09,17.360000610351562,17.360000610351562,0.0,18.615999221801758,17.329999923706055,18.040000915527344,0.0,1630100
2023-03-10,17.270000457763672,17.270000457763672,0.0,17.600000381469727,16.40999984741211,17.459999084472656,0.0,2279300
2023-03-13,17.600000381469727,17.600000381469727,0.0,18.368999481201172,16.709999084472656,17.110000610351562,0.0,2609200
2023-03-14,17.799999237060547,17.799999237060547,0.0,18.68000030517578,17.6200008392334,17.850000381469727,0.0,1975400
2023-03-15,17.049999237060547,17.049999237060547,0.0,17.739999771118164,16.770000457763672,17.450000762939453,0.0,2484400
2023-03-16,16.850000381469727,16.850000381469727,0.0,17.110000610351562,16.450000762939453,17.110000610351562,0.0,1911400
2023-03-17,15.539999961853027,15.539999961853027,0.0,16.829999923706055,15.420000076293945,16.81999969482422,0.0,4413200
2023-03-20,15.170000076293945,15.170000076293945,0.0,16.049999237060547,15.041999816894531,15.550000190734863,0.0,1921600
2023-03-21,15.579999923706055,15.579999923706055,0.0,16.010000228881836,15.350000381469727,15.350000381469727,0.0,1658200
2023-03-22,15.0600004196167,15.0600004196167,0.0,15.789999961853027,15.039999961853027,15.630000114440918,0.0,1553000
2023-03-23,15.289999961853027,15.289999961853027,0.0,15.800000190734863,14.880000114440918,15.260000228881836,0.0,1511700
2023-03-24,16.270000457763672,16.270000457763672,0.0,16.920000076293945,15.140000343322754,15.15999984741211,0.0,2378800
2023-03-27,15.914999961853027,15.914999961853027,0.0,16.489999771118164,15.324999809265137,16.389999389648438,0.0,1930300
2023-03-28,15.680000305175781,15.680000305175781,0.0,16.3700008392334,15.470000267028809,15.520000457763672,0.0,1026300
2023-03-29,15.75,15.75,0.0,16.09000015258789,15.489999771118164,15.800000190734863,0.0,1187900
2023-03-30,15.890000343322754,15.890000343322754,0.0,16.187999725341797,15.5600004196167,15.989999771118164,0.0,1248900
2023-03-31,16.229999542236328,16.229999542236328,0.0,16.649999618530273,15.845000267028809,15.850000381469727,0.0,1407700
2023-04-03,16.34000015258789,16.34000015258789,0.0,16.479999542236328,15.869999885559082,16.229999542236328,0.0,1242500
2023-04-04,16.3700008392334,16.3700008392334,0.0,16.459999084472656,15.699999809265137,16.350000381469727,0.0,1356900
2023-04-05,15.970000267028809,15.970000267028809,0.0,16.15999984741211,15.670000076293945,16.100000381469727,0.0,1058800
2023-04-06,15.329999923706055,15.329999923706055,0.0,16.239999771118164,15.279999732971191,15.970000267028809,0.0,1661200
2023-04-10,15.210000038146973,15.210000038146973,0.0,15.470000267028809,14.649999618530273,15.300000190734863,0.0,1486400
2023-04-11,15.079999923706055,15.079999923706055,0.0,15.720000267028809,15.050000190734863,15.199999809265137,0.0,1061000
2023-04-12,14.680000305175781,14.680000305175781,0.0,15.399999618530273,14.460000038146973,15.1899995803833,0.0,1391900
2023-04-13,14.829999923706055,14.829999923706055,0.0,15.121000289916992,14.652000427246094,14.680000305175781,0.0,1157200
2023-04-14,14.819999694824219,14.819999694824219,0.0,15.369999885559082,14.600000381469727,14.829999923706055,0.0,1143900
2023-04-17,14.739999771118164,14.739999771118164,0.0,14.989999771118164,14.510000228881836,14.710000038146973,0.0,1266200
2023-04-18,14.819999694824219,14.819999694824219,0.0,14.918999671936035,14.529999732971191,14.649999618530273,0.0,927700
2023-04-19,14.859999656677246,14.859999656677246,0.0,15.149999618530273,14.420000076293945,14.699999809265137,0.0,1089900
2023-04-20,13.930000305175781,13.930000305175781,0.0,14.600000381469727,13.720000267028809,14.600000381469727,0.0,1664500
2023-04-21,14.09000015258789,14.09000015258789,0.0,14.430000305175781,13.789999961853027,13.869999885559082,0.0,1566900
2023-04-24,13.989999771118164,13.989999771118164,0.0,14.170000076293945,13.760000228881836,13.970000267028809,0.0,759000
2023-04-25,13.289999961853027,13.289999961853027,0.0,14.0,13.25,13.760000228881836,0.0,1420500
2023-04-26,12.960000038146973,12.960000038146973,0.0,13.527999877929688,12.859999656677246,13.369999885559082,0.0,988900
2023-04-27,13.550000190734863,13.550000190734863,0.0,13.970000267028809,13.029999732971191,13.0600004196167,0.0,1784900
2023-04-28,13.539999961853027,13.539999961853027,0.0,13.680000305175781,13.15999984741211,13.579999923706055,0.0,1074300
2023-05-01,13.34000015258789,13.34000015258789,0.0,14.180000305175781,13.329999923706055,13.550000190734863,0.0,1293700
2023-05-02,12.850000381469727,12.850000381469727,0.0,13.329999923706055,12.600000381469727,13.329999923706055,0.0,1441200
2023-05-03,12.739999771118164,12.739999771118164,0.0,13.350000381469727,12.6899995803833,12.800000190734863,0.0,1621100
2023-05-04,12.829999923706055,12.829999923706055,0.0,12.890000343322754,12.329999923706055,12.680000305175781,0.0,1045600
2023-05-05,12.90999984741211,12.90999984741211,0.0,13.25,12.829999923706055,12.949999809265137,0.0,1126900
2023-05-08,13.010000228881836,13.010000228881836,0.0,13.170000076293945,12.760000228881836,12.899999618530273,0.0,1670600
2023-05-09,12.239999771118164,12.239999771118164,0.0,12.859999656677246,12.069999694824219,12.850000381469727,0.0,3074500
2023-05-10,12.479999542236328,12.479999542236328,0.0,12.65999984741211,12.25,12.520000457763672,0.0,5663600
2023-05-11,10.199999809265137,10.199999809265137,0.0,11.899999618530273,10.109999656677246,11.819999694824219,0.0,12009400
2023-05-12,10.470000267028809,10.470000267028809,0.0,10.824999809265137,9.8149995803833,10.130000114440918,0.0,5452500
2023-05-15,10.680000305175781,10.680000305175781,0.0,10.869999885559082,10.34000015258789,10.539999961853027,0.0,2067300
2023-05-16,10.020000457763672,10.020000457763672,0.0,10.600000381469727,9.920000076293945,10.600000381469727,0.0,3577100
2023-05-17,10.90999984741211,10.90999984741211,0.0,10.98900032043457,9.989999771118164,9.989999771118164,0.0,2959700
2023-05-18,11.420000076293945,11.420000076293945,0.0,11.420000076293945,10.770000457763672,10.899999618530273,0.0,1988800
2023-05-19,10.710000038146973,10.710000038146973,0.0,11.359999656677246,10.260000228881836,11.220000267028809,0.0,2866600
2023-05-22,10.850000381469727,10.850000381469727,0.0,10.989999771118164,10.538999557495117,10.649999618530273,0.0,1902700
2023-05-23,11.100000381469727,11.100000381469727,0.0,11.470000267028809,10.699999809265137,10.8100004196167,0.0,2140700
2023-05-24,11.4399995803833,11.4399995803833,0.0,11.607000350952148,10.84000015258789,11.100000381469727,0.0,2017300
2023-05-25,10.859999656677246,10.859999656677246,0.0,11.430000305175781,10.579999923706055,11.430000305175781,0.0,1924900
2023-05-26,10.350000381469727,10.350000381469727,0.0,10.989999771118164,10.329999923706055,10.760000228881836,0.0,2092600
2023-05-30,10.300000190734863,10.300000190734863,0.0,10.59000015258789,9.954999923706055,10.460000038146973,0.0,2123900
2023-05-31,10.149999618530273,10.149999618530273,0.0,10.479999542236328,10.100000381469727,10.25,0.0,1417100
2023-06-01,10.170000076293945,10.170000076293945,0.0,10.470000267028809,9.920000076293945,10.079999923706055,0.0,2058900
2023-06-02,10.630000114440918,10.630000114440918,0.0,10.829999923706055,10.170000076293945,10.369999885559082,0.0,1614800
2023-06-05,10.880000114440918,10.880000114440918,0.0,10.989999771118164,10.510000228881836,10.710000038146973,0.0,1442600
2023-06-06,11.069999694824219,11.069999694824219,0.0,11.1899995803833,10.67199993133545,10.800000190734863,0.0,1598100
2023-06-07,10.760000228881836,10.760000228881836,0.0,11.369999885559082,10.680000305175781,11.180000305175781,0.0,1874300
2023-06-08,12.880000114440918,12.880000114440918,0.0,13.869999885559082,10.5600004196167,10.800000190734863,0.0,14984700
2023-06-09,12.0600004196167,12.0600004196167,0.0,13.300000190734863,11.470000267028809,13.220000267028809,0.0,5967100
2023-06-12,12.380000114440918,12.380000114440918,0.0,12.789999961853027,12.09000015258789,12.229999542236328,0.0,2501800
2023-06-13,13.9399995803833,13.9399995803833,0.0,14.630000114440918,12.510000228881836,12.928999900817871,0.0,8244700
2023-06-14,13.539999961853027,13.539999961853027,0.0,14.130000114440918,13.272000312805176,14.130000114440918,0.0,3274500
2023-06-15,13.069999694824219,13.069999694824219,0.0,13.65999984741211,12.789999961853027,13.479999542236328,0.0,4199300
2023-06-16,12.859999656677246,12.859999656677246,0.0,13.550000190734863,12.789999961853027,13.149999618530273,0.0,2852300
2023-06-20,12.180000305175781,12.180000305175781,0.0,13.180000305175781,12.069999694824219,13.180000305175781,0.0,2456200
2023-06-21,12.420000076293945,12.420000076293945,0.0,12.6899995803833,11.819999694824219,12.0,0.0,2043900
2023-06-22,12.520000457763672,12.520000457763672,0.0,13.170000076293945,11.932000160217285,12.380000114440918,0.0,3779000
2023-06-23,12.90999984741211,12.90999984741211,0.0,13.460000038146973,12.279999732971191,12.279999732971191,0.0,3323500
2023-06-26,11.949999809265137,11.949999809265137,0.0,12.960000038146973,11.720000267028809,12.960000038146973,0.0,3368200
2023-06-27,12.40999984741211,12.40999984741211,0.0,12.5,11.680000305175781,11.979999542236328,0.0,2322300
2023-06-28,12.529999732971191,12.529999732971191,0.0,12.579999923706055,12.10200023651123,12.239999771118164,0.0,1959100
2023-06-29,12.970000267028809,12.970000267028809,0.0,13.619999885559082,12.619999885559082,12.649999618530273,0.0,3525500
2023-06-30,12.979999542236328,12.979999542236328,0.0,13.34000015258789,12.890000343322754,13.15999984741211,0.0,1848200
2023-07-03,13.170000076293945,13.170000076293945,0.0,13.708999633789062,12.895000457763672,12.979999542236328,0.0,2033100
2023-07-05,13.8100004196167,13.8100004196167,0.0,14.329999923706055,13.0,13.03499984741211,0.0,4202200
2023-07-06,13.630000114440918,13.630000114440918,0.0,13.84000015258789,12.920000076293945,13.8100004196167,0.0,3733400
2023-07-07,14.779999732971191,14.779999732971191,0.0,15.09000015258789,13.5600004196167,13.789999961853027,0.0,4686800
2023-07-10,14.859999656677246,14.859999656677246,0.0,15.239999771118164,14.350000381469727,14.649999618530273,0.0,2778200
2023-07-11,15.460000038146973,15.460000038146973,0.0,16.0,14.928999900817871,15.460000038146973,0.0,4713400
2023-07-12,17.549999237060547,17.549999237060547,0.0,18.3799991607666,15.550000190734863,15.9399995803833,0.0,14395300
2023-07-13,17.670000076293945,17.670000076293945,0.0,17.959999084472656,16.549999237060547,17.899999618530273,0.0,6669000
2023-07-14,17.040000915527344,17.040000915527344,0.0,19.25,16.75,17.729999542236328,0.0,6091600
2023-07-17,16.809999465942383,16.809999465942383,0.0,17.549999237060547,16.399999618530273,16.985000610351562,0.0,2446000
2023-07-18,16.549999237060547,16.549999237060547,0.0,17.239999771118164,16.489999771118164,16.579999923706055,0.0,2658800
2023-07-19,17.010000228881836,17.010000228881836,0.0,17.959999084472656,16.739999771118164,16.770000457763672,0.0,3554400
2023-07-20,15.460000038146973,15.460000038146973,0.0,16.889999389648438,15.359999656677246,16.860000610351562,0.0,3787800
2023-07-21,15.170000076293945,15.170000076293945,0.0,15.779999732971191,14.84000015258789,15.600000381469727,0.0,3682900
2023-07-24,15.470000267028809,15.470000267028809,0.0,16.049999237060547,15.010000228881836,15.010000228881836,0.0,2152500
2023-07-25,15.529999732971191,15.529999732971191,0.0,15.8100004196167,15.319999694824219,15.649999618530273,0.0,1305400
2023-07-26,16.299999237060547,16.299999237060547,0.0,16.739999771118164,15.520000457763672,15.520000457763672,0.0,2392600
2023-07-27,15.274999618530273,15.274999618530273,0.0,16.8799991607666,15.25,16.799999237060547,0.0,2833200
2023-07-28,15.869999885559082,15.869999885559082,0.0,15.989999771118164,15.170000076293945,15.850000381469727,0.0,2192600
2023-07-31,17.200000762939453,17.200000762939453,0.0,17.239999771118164,15.800000190734863,16.459999084472656,0.0,3671200
2023-08-01,16.940000534057617,16.940000534057617,0.0,17.111000061035156,16.450000762939453,17.100000381469727,0.0,1898600
2023-08-02,15.789999961853027,15.789999961853027,0.0,16.739999771118164,15.449999809265137,16.600000381469727,0.0,2420600
2023-08-03,15.960000038146973,15.960000038146973,0.0,16.239999771118164,15.449999809265137,15.529999732971191,0.0,1545700
2023-08-04,15.739999771118164,15.739999771118164,0.0,16.3799991607666,15.619999885559082,16.1200008392334,0.0,1964700
2023-08-07,15.279999732971191,15.279999732971191,0.0,15.739999771118164,14.369999885559082,15.649999618530273,0.0,4134200
2023-08-08,13.100000381469727,13.100000381469727,0.0,13.154999732971191,11.850000381469727,12.550000190734863,0.0,7949300
2023-08-09,12.819999694824219,12.819999694824219,0.0,13.25,12.529999732971191,13.020000457763672,0.0,2349800
2023-08-10,13.020000457763672,13.020000457763672,0.0,13.399999618530273,12.869999885559082,12.869999885559082,0.0,2073900
2023-08-11,12.989999771118164,12.989999771118164,0.0,13.104999542236328,12.5600004196167,13.0,0.0,1264200
2023-08-14,12.930000305175781,12.930000305175781,0.0,12.949999809265137,12.510000228881836,12.760000228881836,0.0,1174600
2023-08-15,12.430000305175781,12.430000305175781,0.0,12.920000076293945,12.140000343322754,12.90999984741211,0.0,1618500
2023-08-16,12.289999961853027,12.289999961853027,0.0,12.640000343322754,12.199999809265137,12.430000305175781,0.0,1142400
2023-08-17,12.079999923706055,12.079999923706055,0.0,12.5,12.050999641418457,12.220000267028809,0.0,1341400
2023-08-18,12.100000381469727,12.100000381469727,0.0,12.319999694824219,11.710000038146973,11.920000076293945,0.0,1206500
2023-08-21,11.65999984741211,11.65999984741211,0.0,12.140000343322754,11.510000228881836,12.020000457763672,0.0,1350600
2023-08-22,11.550000190734863,11.550000190734863,0.0,11.949999809265137,11.289999961853027,11.789999961853027,0.0,1305100
2023-08-23,11.470000267028809,11.470000267028809,0.0,11.729999542236328,11.289999961853027,11.390000343322754,0.0,1243300
2023-08-24,11.359999656677246,11.359999656677246,0.0,11.550000190734863,11.220000267028809,11.529999732971191,0.0,1188700
2023-08-25,11.550000190734863,11.550000190734863,0.0,11.800000190734863,11.369999885559082,11.420000076293945,0.0,1016200
2023-08-28,11.979999542236328,11.979999542236328,0.0,12.079999923706055,11.644000053405762,11.65999984741211,0.0,1424700
2023-08-29,12.109999656677246,12.109999656677246,0.0,12.529999732971191,12.0,12.020000457763672,0.0,1366200
2023-08-30,12.390000343322754,12.390000343322754,0.0,12.470000267028809,11.84000015258789,12.180000305175781,0.0,1292900
2023-08-31,11.800000190734863,11.800000190734863,0.0,12.359999656677246,11.779999732971191,12.300000190734863,0.0,1226800
2023-09-01,12.039999961853027,12.039999961853027,0.0,12.17199993133545,11.859999656677246,11.949999809265137,0.0,1202800
2023-09-05,11.770000457763672,11.770000457763672,0.0,11.989999771118164,11.699999809265137,11.899999618530273,0.0,1210900
2023-09-06,11.449999809265137,11.449999809265137,0.0,11.869999885559082,11.050000190734863,11.65999984741211,0.0,2708600
2023-09-07,11.289999961853027,11.289999961853027,0.0,11.369999885559082,10.760000228881836,11.199999809265137,0.0,1960100
2023-09-08,10.9399995803833,10.9399995803833,0.0,11.225000381469727,10.800000190734863,11.069999694824219,0.0,1331100
2023-09-11,10.75,10.75,0.0,11.050000190734863,10.460000038146973,11.0,0.0,2328900
2023-09-12,10.819999694824219,10.819999694824219,0.0,11.020000457763672,10.520000457763672,10.720000267028809,0.0,1704300
2023-09-13,10.279999732971191,10.279999732971191,0.0,10.6899995803833,10.210000038146973,10.5600004196167,0.0,2464900
2023-09-14,10.479999542236328,10.479999542236328,0.0,10.779999732971191,10.260000228881836,10.359999656677246,0.0,1620500
2023-09-15,10.350000381469727,10.350000381469727,0.0,10.463000297546387,10.069999694824219,10.399999618530273,0.0,2831800
2023-09-18,10.180000305175781,10.180000305175781,0.0,10.420000076293945,10.130000114440918,10.420000076293945,0.0,955000
2023-09-19,10.239999771118164,10.239999771118164,0.0,10.470000267028809,10.029999732971191,10.180000305175781,0.0,1423100
2023-09-20,10.25,10.25,0.0,10.484999656677246,10.119999885559082,10.34000015258789,0.0,1475600
2023-09-21,9.859999656677246,9.859999656677246,0.0,10.15999984741211,9.850000381469727,10.109999656677246,0.0,1825300
2023-09-22,9.5600004196167,9.5600004196167,0.0,9.920000076293945,9.40999984741211,9.699999809265137,0.0,2582000
2023-09-25,9.399999618530273,9.399999618530273,0.0,9.595000267028809,9.279999732971191,9.399999618530273,0.0,1798300
2023-09-26,9.369999885559082,9.369999885559082,0.0,9.880000114440918,9.25,9.25,0.0,2368900
2023-09-27,9.5,9.5,0.0,9.829999923706055,9.220000267028809,9.329999923706055,0.0,2252800
2023-09-28,9.449999809265137,9.449999809265137,0.0,9.649999618530273,9.329999923706055,9.449999809265137,0.0,1461900
2023-09-29,9.619999885559082,9.619999885559082,0.0,9.776000022888184,9.479000091552734,9.609999656677246,0.0,2006600
2023-10-02,9.239999771118164,9.239999771118164,0.0,9.569999694824219,9.100000381469727,9.5600004196167,0.0,2000000
2023-10-03,8.699999809265137,8.699999809265137,0.0,9.199000358581543,8.569999694824219,9.180000305175781,0.0,1879100
2023-10-04,8.479999542236328,8.479999542236328,0.0,8.75,8.255000114440918,8.699999809265137,0.0,1824800
2023-10-05,8.1899995803833,8.1899995803833,0.0,8.399999618530273,8.109999656677246,8.369999885559082,0.0,1910900
2023-10-06,8.260000228881836,8.260000228881836,0.0,8.34000015258789,7.900000095367432,8.079999923706055,0.0,2377800
2023-10-09,8.0,8.0,0.0,8.25,7.980000019073486,8.119999885559082,0.0,2080500
2023-10-10,8.5600004196167,8.5600004196167,0.0,8.8100004196167,8.0,8.0,0.0,2197800
2023-10-11,8.84000015258789,8.84000015258789,0.0,8.970000267028809,8.5600004196167,8.5600004196167,0.0,1817100
2023-10-12,8.319999694824219,8.319999694824219,0.0,8.5600004196167,8.09000015258789,8.369999885559082,0.0,2239800
2023-10-13,8.640000343322754,8.640000343322754,0.0,8.699999809265137,8.300999641418457,8.359999656677246,0.0,1658700
2023-10-16,8.800000190734863,8.800000190734863,0.0,8.883000373840332,8.470000267028809,8.75,0.0,1162700
2023-10-17,8.399999618530273,8.399999618530273,0.0,8.729999542236328,8.329999923706055,8.5,0.0,1998100
2023-10-18,8.140000343322754,8.140000343322754,0.0,8.3100004196167,8.0600004196167,8.300000190734863,0.0,1259500
2023-10-19,7.429999828338623,7.429999828338623,0.0,8.079999923706055,7.304999828338623,8.039999961853027,0.0,3075200
2023-10-20,6.835000038146973,6.835000038146973,0.0,7.429999828338623,6.789999961853027,7.389999866485596,0.0,2684700
2023-10-23,6.289999961853027,6.289999961853027,0.0,6.710000038146973,6.269999980926514,6.710000038146973,0.0,2928500
2023-10-24,6.139999866485596,6.139999866485596,0.0,6.520999908447266,6.070000171661377,6.309999942779541,0.0,3239800
2023-10-25,5.690000057220459,5.690000057220459,0.0,6.210000038146973,5.635000228881836,6.199999809265137,0.0,2917800
2023-10-26,5.679999828338623,5.679999828338623,0.0,5.860000133514404,5.579999923706055,5.71999979019165,0.0,2646400
2023-10-27,5.96999979019165,5.96999979019165,0.0,6.199999809265137,5.690999984741211,5.800000190734863,0.0,2844300
2023-10-30,5.880000114440918,5.880000114440918,0.0,6.429999828338623,5.760000228881836,6.179999828338623,0.0,2115900
2023-10-31,5.96999979019165,5.96999979019165,0.0,6.130000114440918,5.760000228881836,5.860000133514404,0.0,1295600
2023-11-01,5.909999847412109,5.909999847412109,0.0,6.070000171661377,5.730000019073486,5.989999771118164,0.0,1794300
2023-11-02,7.0,7.0,0.0,7.150000095367432,6.059999942779541,6.059999942779541,0.0,5440200
2023-11-03,6.989999771118164,6.989999771118164,0.0,7.53000020980835,6.889999866485596,7.079999923706055,0.0,3398200
2023-11-06,6.880000114440918,6.880000114440918,0.0,7.239999771118164,6.864999771118164,7.070000171661377,0.0,1874300
2023-11-07,6.96999979019165,6.96999979019165,0.0,7.215000152587891,6.75,6.800000190734863,0.0,1765400
2023-11-08,6.619999885559082,6.619999885559082,0.0,7.005000114440918,6.550000190734863,7.0,0.0,2424200
2023-11-09,6.789999961853027,6.789999961853027,0.0,7.659999847412109,6.610000133514404,6.619999885559082,0.0,3964200
2023-11-10,6.909999847412109,6.909999847412109,0.0,7.0,6.494999885559082,6.820000171661377,0.0,2574300
2023-11-13,6.389999866485596,6.389999866485596,0.0,6.869999885559082,6.300000190734863,6.869999885559082,0.0,2307700
2023-11-14,6.739999771118164,6.739999771118164,0.0,6.889999866485596,6.5,6.659999847412109,0.0,2445700
2023-11-15,7.239999771118164,7.239999771118164,0.0,7.590000152587891,6.940000057220459,6.96999979019165,0.0,3847800
2023-11-16,6.880000114440918,6.880000114440918,0.0,7.159999847412109,6.65500020980835,7.119999885559082,0.0,2198900
2023-11-17,6.679999828338623,6.679999828338623,0.0,6.940000057220459,6.5,6.940000057220459,0.0,1827500
2023-11-20,6.670000076293945,6.670000076293945,0.0,6.775000095367432,6.465000152587891,6.670000076293945,0.0,2418600
2023-11-21,6.329999923706055,6.329999923706055,0.0,6.599999904632568,6.25,6.599999904632568,0.0,1863100
2023-11-22,6.599999904632568,6.599999904632568,0.0,6.659999847412109,6.309999942779541,6.360000133514404,0.0,2491300
2023-11-24,6.760000228881836,6.760000228881836,0.0,7.019999980926514,6.599999904632568,6.599999904632568,0.0,1666700
2023-11-27,6.460000038146973,6.460000038146973,0.0,6.75,6.360000133514404,6.75,0.0,2446900
2023-11-28,6.679999828338623,6.679999828338623,0.0,6.760000228881836,6.349999904632568,6.400000095367432,0.0,1868400
2023-11-29,6.880000114440918,6.880000114440918,0.0,7.199999809265137,6.539999961853027,6.78000020980835,0.0,3872100
2023-11-30,7.289999961853027,7.289999961853027,0.0,7.440000057220459,6.610000133514404,6.880000114440918,0.0,3604400
2023-12-01,7.570000171661377,7.570000171661377,0.0,7.639999866485596,7.110000133514404,7.21999979019165,0.0,3282000
2023-12-04,8.609999656677246,8.609999656677246,0.0,9.390000343322754,7.849999904632568,7.940000057220459,0.0,10208900
2023-12-05,8.850000381469727,8.850000381469727,0.0,9.140000343322754,8.100000381469727,8.3100004196167,0.0,4326000
2023-12-06,9.65999984741211,9.65999984741211,0.0,9.75,8.880000114440918,9.119999885559082,0.0,6158700
2023-12-07,9.100000381469727,9.100000381469727,0.0,9.699999809265137,8.680000305175781,9.670000076293945,0.0,4153700
2023-12-08,9.09000015258789,9.09000015258789,0.0,9.439000129699707,8.920000076293945,9.0,0.0,2684300
2023-12-11,9.9399995803833,9.9399995803833,0.0,10.029999732971191,8.734999656677246,9.0,0.0,4720200
2023-12-12,10.550000190734863,10.550000190734863,0.0,10.8100004196167,9.899999618530273,10.300000190734863,0.0,9443000
2023-12-13,10.430000305175781,10.430000305175781,0.0,10.600000381469727,9.470000267028809,10.300000190734863,0.0,5235400
2023-12-14,10.539999961853027,10.539999961853027,0.0,11.09000015258789,10.449999809265137,10.5,0.0,4920100
2023-12-15,9.989999771118164,9.989999771118164,0.0,10.84000015258789,9.979999542236328,10.619999885559082,0.0,4417000
2023-12-18,9.899999618530273,9.899999618530273,0.0,10.255000114440918,9.550000190734863,9.8100004196167,0.0,2795400
2023-12-19,10.039999961853027,10.039999961853027,0.0,10.369000434875488,9.819999694824219,9.819999694824219,0.0,2829700
2023-12-20,9.210000038146973,9.210000038146973,0.0,10.0600004196167,9.109000205993652,10.0600004196167,0.0,3463600
2023-12-21,9.380000114440918,9.380000114440918,0.0,9.489999771118164,9.175000190734863,9.399999618530273,0.0,2047000
2023-12-22,8.949999809265137,8.949999809265137,0.0,9.460000038146973,8.869000434875488,9.25,0.0,2971200
2023-12-26,8.8100004196167,8.8100004196167,0.0,8.984999656677246,8.71500015258789,8.859999656677246,0.0,1734200
2023-12-27,8.699999809265137,8.699999809265137,0.0,8.960000038146973,8.60200023651123,8.800000190734863,0.0,2148100
2023-12-28,8.720000267028809,8.720000267028809,0.0,8.829999923706055,8.489999771118164,8.800000190734863,0.0,1905500
2023-12-29,8.899999618530273,8.899999618530273,0.0,9.470000267028809,8.649999618530273,8.65999984741211,0.0,3697600
2024-01-02,8.1899995803833,8.1899995803833,0.0,8.90999984741211,8.0,8.899999618530273,0.0,3185900
2024-01-03,8.260000228881836,8.260000228881836,0.0,8.380000114440918,7.870999813079834,8.010000228881836,0.0,1591300
2024-01-04,8.350000381469727,8.350000381469727,0.0,8.774999618530273,8.0600004196167,8.260000228881836,0.0,2380500
2024-01-05,8.4399995803833,8.4399995803833,0.0,8.5,8.149999618530273,8.199999809265137,0.0,1537600
2024-01-08,8.550000190734863,8.550000190734863,0.0,8.680000305175781,8.3149995803833,8.420000076293945,0.0,2497200
2024-01-09,8.130000114440918,8.130000114440918,0.0,8.449999809265137,8.0600004196167,8.449999809265137,0.0,3158700
2024-01-10,8.239999771118164,8.239999771118164,0.0,8.5600004196167,8.069999694824219,8.229999542236328,0.0,1673800
2024-01-11,7.739999771118164,7.739999771118164,0.0,8.180999755859375,7.519999980926514,8.050000190734863,0.0,2554400
2024-01-12,7.570000171661377,7.570000171661377,0.0,8.010000228881836,7.460000038146973,7.699999809265137,0.0,1712800
2024-01-16,7.289999961853027,7.289999961853027,0.0,7.480000019073486,7.125,7.460000038146973,0.0,2080800
2024-01-17,7.28000020980835,7.28000020980835,0.0,7.289999961853027,6.989999771118164,7.059999942779541,0.0,1622100
2024-01-18,7.389999866485596,7.389999866485596,0.0,7.480000019073486,7.079999923706055,7.199999809265137,0.0,1886700
2024-01-19,7.320000171661377,7.320000171661377,0.0,7.485000133514404,7.289999961853027,7.349999904632568,0.0,2073100
2024-01-22,7.235000133514404,7.235000133514404,0.0,7.619999885559082,7.039999961853027,7.300000190734863,0.0,2262200
2024-01-23,6.820000171661377,6.820000171661377,0.0,7.570000171661377,6.75,7.340000152587891,0.0,3596500
2024-01-24,6.849999904632568,6.849999904632568,0.0,7.039999961853027,6.795000076293945,6.929999828338623,0.0,1769100
2024-01-25,7.050000190734863,7.050000190734863,0.0,7.21999979019165,6.909999847412109,7.050000190734863,0.0,1834100
2024-01-26,7.150000095367432,7.150000095367432,0.0,7.639999866485596,7.050000190734863,7.050000190734863,0.0,1727600
2024-01-29,7.090000152587891,7.090000152587891,0.0,7.139999866485596,6.909999847412109,7.139999866485596,0.0,1709300
2024-01-30,6.820000171661377,6.820000171661377,0.0,7.059999942779541,6.820000171661377,7.050000190734863,0.0,1842700
2024-01-31,6.619999885559082,6.619999885559082,0.0,7.199999809265137,6.605000019073486,6.900000095367432,0.0,2254300
2024-02-01,6.690000057220459,6.690000057220459,0.0,6.889999866485596,6.599999904632568,6.639999866485596,0.0,1224300
2024-02-02,6.429999828338623,6.429999828338623,0.0,6.599999904632568,6.360000133514404,6.599999904632568,0.0,1787800
2024-02-05,6.130000114440918,6.130000114440918,0.0,6.389999866485596,6.079999923706055,6.389999866485596,0.0,1598100
2024-02-06,6.119999885559082,6.119999885559082,0.0,6.324999809265137,6.0,6.070000171661377,0.0,2231900
2024-02-07,6.210000038146973,6.210000038146973,0.0,6.349999904632568,5.980000019073486,6.139999866485596,0.0,2213700
2024-02-08,6.570000171661377,6.570000171661377,0.0,6.599999904632568,6.230000019073486,6.340000152587891,0.0,1869600
2024-02-09,7.130000114440918,7.130000114440918,0.0,7.445000171661377,6.550000190734863,6.550000190734863,0.0,3485500
2024-02-12,6.929999828338623,6.929999828338623,0.0,7.349999904632568,6.840000152587891,7.199999809265137,0.0,2888400
2024-02-13,6.5,6.5,0.0,6.739999771118164,6.380000114440918,6.739999771118164,0.0,2285000
2024-02-14,6.659999847412109,6.659999847412109,0.0,6.800000190734863,6.489999771118164,6.53000020980835,0.0,1752300
2024-02-15,7.260000228881836,7.260000228881836,0.0,7.28000020980835,6.690000057220459,6.710000038146973,0.0,2889100
2024-02-16,7.070000171661377,7.070000171661377,0.0,7.309999942779541,6.940000057220459,7.230000019073486,0.0,2101800
2024-02-20,7.179999828338623,7.179999828338623,0.0,7.179999828338623,6.71999979019165,7.0,0.0,2260100
2024-02-21,7.329999923706055,7.329999923706055,0.0,7.570000171661377,6.989999771118164,7.300000190734863,0.0,3496700
2024-02-22,7.579999923706055,7.579999923706055,0.0,7.769999980926514,7.070000171661377,7.440000057220459,0.0,3365800
2024-02-23,7.809999942779541,7.809999942779541,0.0,7.809999942779541,7.375,7.699999809265137,0.0,2191400
2024-02-26,7.449999809265137,7.449999809265137,0.0,8.138999938964844,7.21999979019165,7.789999961853027,0.0,3586500
2024-02-27,7.519999980926514,7.519999980926514,0.0,7.835000038146973,7.21999979019165,7.385000228881836,0.0,15710100
2024-02-28,9.829999923706055,9.829999923706055,0.0,12.119999885559082,9.619999885559082,11.300000190734863,0.0,44768200
2024-02-29,10.6899995803833,10.6899995803833,0.0,11.699999809265137,9.3100004196167,9.5,0.0,15793700
2024-03-01,9.770000457763672,9.770000457763672,0.0,11.1899995803833,9.75,10.850000381469727,0.0,9587800
2024-03-04,8.510000228881836,8.510000228881836,0.0,9.779999732971191,8.420000076293945,9.720000267028809,0.0,7599400
2024-03-05,8.385000228881836,8.385000228881836,0.0,9.09000015258789,8.239999771118164,8.420000076293945,0.0,5215100
2024-03-06,8.069999694824219,8.069999694824219,0.0,8.59000015258789,8.010000228881836,8.449999809265137,0.0,2925300
2024-03-07,7.980000019073486,7.980000019073486,0.0,8.220000267028809,7.829999923706055,8.100000381469727,0.0,2309100
2024-03-08,8.149999618530273,8.149999618530273,0.0,8.510000228881836,8.010000228881836,8.069999694824219,0.0,2766700
2024-03-11,7.900000095367432,7.900000095367432,0.0,8.380000114440918,7.889999866485596,8.149999618530273,0.0,2392300
2024-03-12,8.199999809265137,8.199999809265137,0.0,8.239999771118164,7.650000095367432,7.900000095367432,0.0,2424100
2024-03-13,8.869999885559082,8.869999885559082,0.0,8.930000305175781,8.0,8.100000381469727,0.0,3519700
2024-03-14,8.229999542236328,8.229999542236328,0.0,8.819999694824219,8.15999984741211,8.819999694824219,0.0,2745500
2024-03-15,8.5,8.5,0.0,8.524999618530273,8.029999732971191,8.109999656677246,0.0,2626700
2024-03-18,8.3100004196167,8.3100004196167,0.0,8.5600004196167,8.055000305175781,8.5,0.0,2995300
2024-03-19,7.960000038146973,7.960000038146973,0.0,8.140000343322754,7.400000095367432,7.960000038146973,0.0,3897400
2024-03-20,8.1899995803833,8.1899995803833,0.0,8.25,7.802999973297119,7.90500020980835,0.0,1342400
2024-03-21,8.100000381469727,8.100000381469727,0.0,8.414999961853027,8.079999923706055,8.270000457763672,0.0,1384800
2024-03-22,7.900000095367432,7.900000095367432,0.0,8.149999618530273,7.860000133514404,8.130000114440918,0.0,1079800
2024-03-25,7.929999828338623,7.929999828338623,0.0,8.145000457763672,7.809999942779541,7.820000171661377,0.0,1836700
2024-03-26,8.220000267028809,8.220000267028809,0.0,8.545999526977539,7.929999828338623,8.050000190734863,0.0,2855800
2024-03-27,8.289999961853027,8.289999961853027,0.0,8.4350004196167,8.170000076293945,8.260000228881836,0.0,1105500
2024-03-28,8.279999732971191,8.279999732971191,0.0,8.680000305175781,8.220000267028809,8.430000305175781,0.0,2061000
2024-04-01,7.760000228881836,7.760000228881836,0.0,8.239999771118164,7.630000114440918,8.1899995803833,0.0,2631600
2024-04-02,7.619999885559082,7.619999885559082,0.0,7.815000057220459,7.579999923706055,7.650000095367432,0.0,1828700
2024-04-03,7.570000171661377,7.570000171661377,0.0,7.644999980926514,7.309999942779541,7.599999904632568,0.0,1281600
2024-04-04,7.489999771118164,7.489999771118164,0.0,7.784999847412109,7.420000076293945,7.619999885559082,0.0,1508100
2024-04-05,7.409999847412109,7.409999847412109,0.0,7.585000038146973,7.380000114440918,7.519999980926514,0.0,1088000
2024-04-08,7.380000114440918,7.380000114440918,0.0,7.550000190734863,7.309999942779541,7.329999923706055,0.0,1134700
2024-04-09,7.46999979019165,7.46999979019165,0.0,7.599999904632568,7.388999938964844,7.420000076293945,0.0,1429800
2024-04-10,7.050000190734863,7.050000190734863,0.0,7.25,6.960000038146973,7.25,0.0,1941100
2024-04-11,6.909999847412109,6.909999847412109,0.0,7.25,6.880000114440918,7.25,0.0,1299000
2024-04-12,6.639999866485596,6.639999866485596,0.0,6.860000133514404,6.554999828338623,6.800000190734863,0.0,1436300
2024-04-15,6.489999771118164,6.489999771118164,0.0,6.670000076293945,6.4019999504089355,6.599999904632568,0.0,1344800
2024-04-16,6.559999942779541,6.559999942779541,0.0,6.590000152587891,6.329999923706055,6.449999809265137,0.0,1455300
2024-04-17,6.429999828338623,6.429999828338623,0.0,6.670000076293945,6.340000152587891,6.53000020980835,0.0,1519700
2024-04-18,6.400000095367432,6.400000095367432,0.0,6.510000228881836,6.179999828338623,6.429999828338623,0.0,1660300
2024-04-19,6.409999847412109,6.409999847412109,0.0,6.438000202178955,6.224999904632568,6.349999904632568,0.0,1322700
2024-04-22,6.159999847412109,6.159999847412109,0.0,6.429999828338623,6.050000190734863,6.429999828338623,0.0,1796700
2024-04-23,6.070000171661377,6.070000171661377,0.0,6.309999942779541,6.059999942779541,6.199999809265137,0.0,2145100
2024-04-24,6.059999942779541,6.059999942779541,0.0,6.300000190734863,5.940000057220459,6.300000190734863,0.0,1827000
2024-04-25,6.340000152587891,6.340000152587891,0.0,6.409999847412109,5.920000076293945,6.0,0.0,2258200
2024-04-26,6.400000095367432,6.400000095367432,0.0,6.554999828338623,6.199999809265137,6.309999942779541,0.0,2218600
2024-04-29,6.71999979019165,6.71999979019165,0.0,6.90500020980835,6.5,6.539999961853027,0.0,2766800
2024-04-30,6.78000020980835,6.78000020980835,0.0,6.929999828338623,6.53000020980835,6.670000076293945,0.0,1645600
2024-05-01,6.789999961853027,6.789999961853027,0.0,7.130000114440918,6.619999885559082,6.78000020980835,0.0,1878400
2024-05-02,7.25,7.25,0.0,7.289999961853027,6.864999771118164,7.119999885559082,0.0,2250900
2024-05-03,8.229999542236328,8.229999542236328,0.0,8.289999961853027,7.28000020980835,7.409999847412109,0.0,3594300
2024-05-06,8.229999542236328,8.229999542236328,0.0,8.479999542236328,7.840000152587891,8.199999809265137,0.0,4046500
2024-05-07,8.279999732971191,8.279999732971191,0.0,8.310999870300293,7.875,8.1899995803833,0.0,2051200
2024-05-08,8.210000038146973,8.210000038146973,0.0,8.399999618530273,7.760000228881836,8.100000381469727,0.0,4438200
2024-05-09,7.03000020980835,7.03000020980835,0.0,7.590000152587891,6.920000076293945,7.03000020980835,0.0,4069300
2024-05-10,7.15500020980835,7.15500020980835,0.0,7.639999866485596,7.045000076293945,7.130000114440918,0.0,2120500
2024-05-13,7.960000038146973,7.960000038146973,0.0,8.1899995803833,7.202000141143799,7.25,0.0,5419400
2024-05-14,8.010000228881836,8.010000228881836,0.0,10.3100004196167,7.869999885559082,9.470000267028809,0.0,21833100
2024-05-15,7.679999828338623,7.679999828338623,0.0,8.1899995803833,7.400000095367432,7.940000057220459,0.0,4258300
2024-05-16,7.199999809265137,7.199999809265137,0.0,7.820000171661377,7.179999828338623,7.75,0.0,3104900
2024-05-17,7.190000057220459,7.190000057220459,0.0,7.650000095367432,7.070000171661377,7.130000114440918,0.0,2448300
2024-05-20,7.275000095367432,7.275000095367432,0.0,7.418000221252441,7.098999977111816,7.21999979019165,0.0,2300300
2024-05-21,7.300000190734863,7.300000190734863,0.0,7.389999866485596,7.1529998779296875,7.199999809265137,0.0,1196200
2024-05-22,7.320000171661377,7.320000171661377,0.0,7.505000114440918,7.179999828338623,7.21999979019165,0.0,1373900
2024-05-23,7.199999809265137,7.199999809265137,0.0,7.320000171661377,7.099999904632568,7.320000171661377,0.0,1998600
2024-05-24,7.170000076293945,7.170000076293945,0.0,7.739999771118164,7.123000144958496,7.179999828338623,0.0,2472900
2024-05-28,7.170000076293945,7.170000076293945,0.0,7.320000171661377,7.010000228881836,7.199999809265137,0.0,2094800
2024-05-29,7.179999828338623,7.179999828338623,0.0,7.28000020980835,6.989999771118164,6.99399995803833,0.0,1139900
2024-05-30,7.349999904632568,7.349999904632568,0.0,7.380000114440918,7.099999904632568,7.099999904632568,0.0,1087200
2024-05-31,7.590000152587891,7.590000152587891,0.0,7.599999904632568,7.289999961853027,7.340000152587891,0.0,1499800
2024-06-03,7.760000228881836,7.760000228881836,0.0,7.989999771118164,7.639999866485596,7.900000095367432,0.0,1744900
2024-06-04,7.760000228881836,7.760000228881836,0.0,7.900000095367432,7.610000133514404,7.800000190734863,0.0,1344200
2024-06-05,7.46999979019165,7.46999979019165,0.0,8.079999923706055,7.360000133514404,7.78000020980835,0.0,2339600
2024-06-06,7.800000190734863,7.800000190734863,0.0,7.835000038146973,7.257999897003174,7.420000076293945,0.0,2096300
2024-06-07,7.590000152587891,7.590000152587891,0.0,8.199999809265137,7.460000038146973,7.670000076293945,0.0,2179100
2024-06-10,7.179999828338623,7.179999828338623,0.0,7.449999809265137,7.03000020980835,7.449999809265137,0.0,2282700
2024-06-11,7.130000114440918,7.130000114440918,0.0,7.210000038146973,6.670000076293945,7.190000057220459,0.0,3293500
2024-06-12,7.050000190734863,7.050000190734863,0.0,7.300000190734863,7.0,7.170000076293945,0.0,1762900
2024-06-13,6.809999942779541,6.809999942779541,0.0,7.130000114440918,6.760000228881836,7.019999980926514,0.0,1924100
2024-06-14,6.650000095367432,6.650000095367432,0.0,6.900000095367432,6.550000190734863,6.900000095367432,0.0,1458900
2024-06-17,6.489999771118164,6.489999771118164,0.0,6.590000152587891,6.260000228881836,6.590000152587891,0.0,2532400
2024-06-18,6.389999866485596,6.389999866485596,0.0,6.570000171661377,6.380000114440918,6.5,0.0,1598000
2024-06-20,6.570000171661377,6.570000171661377,0.0,6.769999980926514,6.28000020980835,6.289999961853027,0.0,1731700
2024-06-21,6.510000228881836,6.510000228881836,0.0,6.710000038146973,6.409999847412109,6.710000038146973,0.0,2022300
2024-06-24,6.670000076293945,6.670000076293945,0.0,7.074999809265137,6.420000076293945,6.449999809265137,0.0,3795000
2024-06-25,6.510000228881836,6.510000228881836,0.0,6.869999885559082,6.485000133514404,6.679999828338623,0.0,2032800
2024-06-26,6.409999847412109,6.409999847412109,0.0,6.579999923706055,6.179999828338623,6.5,0.0,2493400
2024-06-27,6.840000152587891,6.840000152587891,0.0,6.949999809265137,6.389999866485596,6.400000095367432,0.0,2446100
2024-06-28,6.710000038146973,6.710000038146973,0.0,6.96999979019165,6.559999942779541,6.800000190734863,0.0,2194600
2024-07-01,6.75,6.75,0.0,6.929999828338623,6.679999828338623,6.699999809265137,0.0,1757900
2024-07-02,6.920000076293945,6.920000076293945,0.0,6.940000057220459,6.610000133514404,6.699999809265137,0.0,1176200
2024-07-03,6.829999923706055,6.829999923706055,0.0,7.110000133514404,6.71999979019165,6.900000095367432,0.0,1334400
2024-07-05,7.119999885559082,7.119999885559082,0.0,7.355000019073486,6.769999980926514,6.809999942779541,0.0,2772600
2024-07-08,6.800000190734863,6.800000190734863,0.0,7.199999809265137,6.760000228881836,7.150000095367432,0.0,2285200
2024-07-09,6.599999904632568,6.599999904632568,0.0,6.889999866485596,6.579999923706055,6.71999979019165,0.0,1670200
2024-07-10,6.820000171661377,6.820000171661377,0.0,6.840000152587891,6.510000228881836,6.599999904632568,0.0,1672900
2024-07-11,6.840000152587891,6.840000152587891,0.0,7.119999885559082,6.710000038146973,6.840000152587891,0.0,2877200
2024-07-12,6.920000076293945,6.920000076293945,0.0,7.09499979019165,6.855000019073486,6.929999828338623,0.0,1476100
2024-07-15,6.699999809265137,6.699999809265137,0.0,6.929999828338623,6.639999866485596,6.860000133514404,0.0,1946800
2024-07-16,7.489999771118164,7.489999771118164,0.0,7.550000190734863,6.695000171661377,6.730000019073486,0.0,3927100
2024-07-17,7.170000076293945,7.170000076293945,0.0,7.659999847412109,7.039999961853027,7.150000095367432,0.0,5004000
2024-07-18,6.429999828338623,6.429999828338623,0.0,6.679999828338623,6.230000019073486,6.260000228881836,0.0,4287000
2024-07-19,6.130000114440918,6.130000114440918,0.0,6.550000190734863,5.989999771118164,6.550000190734863,0.0,3568100
2024-07-22,6.159999847412109,6.159999847412109,0.0,6.170000076293945,5.599999904632568,6.139999866485596,0.0,4228500
2024-07-23,6.159999847412109,6.159999847412109,0.0,6.25,6.0,6.03000020980835,0.0,2908700
2024-07-24,6.079999923706055,6.079999923706055,0.0,6.179999828338623,5.880000114440918,6.099999904632568,0.0,1898300
2024-07-25,5.940000057220459,5.940000057220459,0.0,6.28000020980835,5.925000190734863,6.099999904632568,0.0,2425600
2024-07-26,6.25,6.25,0.0,6.269999980926514,6.010000228881836,6.050000190734863,0.0,1890500
2024-07-29,6.019999980926514,6.019999980926514,0.0,6.539999961853027,6.019999980926514,6.260000228881836,0.0,3183300
2024-07-30,6.139999866485596,6.139999866485596,0.0,6.170000076293945,5.909999847412109,6.059999942779541,0.0,2538800
2024-07-31,6.28000020980835,6.28000020980835,0.0,6.485000133514404,6.079999923706055,6.079999923706055,0.0,1974600
2024-08-01,6.139999866485596,6.139999866485596,0.0,6.300000190734863,5.985000133514404,6.25,0.0,1753000
2024-08-02,5.599999904632568,5.599999904632568,0.0,6.070000171661377,5.5,6.010000228881836,0.0,2692200
2024-08-05,5.269999980926514,5.269999980926514,0.0,5.5,5.130000114440918,5.199999809265137,0.0,2768600
2024-08-06,5.300000190734863,5.300000190734863,0.0,5.389999866485596,5.210000038146973,5.320000171661377,0.0,1899800
2024-08-07,5.239999771118164,5.239999771118164,0.0,5.639999866485596,5.210000038146973,5.420000076293945,0.0,4390700
2024-08-08,6.53000020980835,6.53000020980835,0.0,6.789999961853027,5.510000228881836,5.570000171661377,0.0,8832900
2024-08-09,6.389999866485596,6.389999866485596,0.0,9.239999771118164,6.199999809265137,6.5,0.0,31846000
2024-08-12,5.900000095367432,5.900000095367432,0.0,6.329999923706055,5.880000114440918,6.269999980926514,0.0,6353800
2024-08-13,5.619999885559082,5.619999885559082,0.0,6.099999904632568,5.53000020980835,5.860000133514404,0.0,5103500
2024-08-14,5.760000228881836,5.760000228881836,0.0,5.820000171661377,5.559999942779541,5.630000114440918,0.0,2220000
2024-08-15,6.139999866485596,6.139999866485596,0.0,6.218999862670898,5.860000133514404,5.880000114440918,0.0,2988700
2024-08-16,6.139999866485596,6.139999866485596,0.0,6.195000171661377,5.989999771118164,6.110000133514404,0.0,2281600
2024-08-19,6.179999828338623,6.179999828338623,0.0,6.389999866485596,6.090000152587891,6.099999904632568,0.0,2255300
2024-08-20,6.039999961853027,6.039999961853027,0.0,6.190000057220459,6.010000228881836,6.190000057220459,0.0,1300600
2024-08-21,6.389999866485596,6.389999866485596,0.0,6.389999866485596,6.059999942779541,6.059999942779541,0.0,2040100
2024-08-22,6.329999923706055,6.329999923706055,0.0,6.550000190734863,6.260000228881836,6.389999866485596,0.0,2184700
2024-08-23,6.739999771118164,6.739999771118164,0.0,7.070000171661377,6.309999942779541,6.349999904632568,0.0,4977400
2024-08-26,6.519999980926514,6.519999980926514,0.0,6.849999904632568,6.480000019073486,6.800000190734863,0.0,1994200
2024-08-27,6.130000114440918,6.130000114440918,0.0,6.510000228881836,6.130000114440918,6.400000095367432,0.0,1384500
2024-08-28,6.070000171661377,6.070000171661377,0.0,6.210000038146973,5.96999979019165,6.099999904632568,0.0,1267400
2024-08-29,6.329999923706055,6.329999923706055,0.0,6.599999904632568,6.074999809265137,6.079999923706055,0.0,1816700
2024-08-30,6.079999923706055,6.079999923706055,0.0,6.400000095367432,6.039999961853027,6.369999885559082,0.0,1675000
2024-09-03,5.989999771118164,5.989999771118164,0.0,6.099999904632568,5.900000095367432,6.099999904632568,0.0,2073600
2024-09-04,5.949999809265137,5.949999809265137,0.0,6.175000190734863,5.880000114440918,5.880000114440918,0.0,1636700
2024-09-05,6.210000038146973,6.210000038146973,0.0,6.210000038146973,5.909999847412109,5.909999847412109,0.0,1812000
2024-09-06,5.920000076293945,5.920000076293945,0.0,6.210000038146973,5.894999980926514,6.210000038146973,0.0,1942700
2024-09-09,5.909999847412109,5.909999847412109,0.0,6.070000171661377,5.880000114440918,5.900000095367432,0.0,1634600
2024-09-10,6.099999904632568,6.099999904632568,0.0,6.110000133514404,5.920000076293945,6.059999942779541,0.0,1376500
2024-09-11,6.179999828338623,6.179999828338623,0.0,6.28000020980835,5.980000019073486,6.090000152587891,0.0,1119700
2024-09-12,6.300000190734863,6.300000190734863,0.0,6.494999885559082,6.059999942779541,6.150000095367432,0.0,1422700
2024-09-13,6.260000228881836,6.260000228881836,0.0,6.5,6.204999923706055,6.5,0.0,1349600
2024-09-16,6.150000095367432,6.150000095367432,0.0,6.309999942779541,6.125,6.199999809265137,0.0,1033300
2024-09-17,6.300000190734863,6.300000190734863,0.0,6.5,6.179999828338623,6.179999828338623,0.0,1734900
2024-09-18,6.289999961853027,6.289999961853027,0.0,6.75,6.260000228881836,6.360000133514404,0.0,3087200
2024-09-19,6.329999923706055,6.329999923706055,0.0,6.480000019073486,6.230000019073486,6.460000038146973,0.0,1584100
2024-09-20,6.360000133514404,6.360000133514404,0.0,6.550000190734863,6.199999809265137,6.429999828338623,0.0,4230800
2024-09-23,6.369999885559082,6.369999885559082,0.0,6.480000019073486,6.21999979019165,6.369999885559082,0.0,1456000
2024-09-24,6.789999961853027,6.789999961853027,0.0,6.880000114440918,6.380000114440918,6.449999809265137,0.0,2198100
2024-09-25,6.75,6.75,0.0,6.925000190734863,6.704999923706055,6.75,0.0,1631400
2024-09-26,7.400000095367432,7.400000095367432,0.0,7.550000190734863,6.953000068664551,7.050000190734863,0.0,4695500
2024-09-27,7.159999847412109,7.159999847412109,0.0,7.599999904632568,7.150000095367432,7.429999828338623,0.0,3048600
2024-09-30,6.78000020980835,6.78000020980835,0.0,7.130000114440918,6.730000019073486,7.130000114440918,0.0,2426400
2024-10-01,6.400000095367432,6.400000095367432,0.0,6.71999979019165,6.340000152587891,6.699999809265137,0.0,2239300
2024-10-02,6.710000038146973,6.710000038146973,0.0,6.824999809265137,6.429999828338623,6.429999828338623,0.0,3096900
2024-10-03,6.46999979019165,6.46999979019165,0.0,6.599999904632568,6.34499979019165,6.579999923706055,0.0,1794300
2024-10-04,6.409999847412109,6.409999847412109,0.0,6.639999866485596,6.400000095367432,6.519999980926514,0.0,1114900
2024-10-07,6.239999771118164,6.239999771118164,0.0,6.400000095367432,6.179999828338623,6.369999885559082,0.0,1955600
2024-10-08,6.460000038146973,6.460000038146973,0.0,6.465000152587891,6.199999809265137,6.21999979019165,0.0,1574500
2024-10-09,6.489999771118164,6.489999771118164,0.0,6.638000011444092,6.400000095367432,6.5,0.0,1240500
2024-10-10,6.369999885559082,6.369999885559082,0.0,6.565000057220459,6.34499979019165,6.460000038146973,0.0,1385700
2024-10-11,6.590000152587891,6.590000152587891,0.0,6.71999979019165,6.328999996185303,6.360000133514404,0.0,1690200
2024-10-14,6.630000114440918,6.630000114440918,0.0,6.809999942779541,6.505000114440918,6.639999866485596,0.0,1186600
2024-10-15,6.599999904632568,6.599999904632568,0.0,6.769999980926514,6.579999923706055,6.619999885559082,0.0,1063900
2024-10-16,6.610000133514404,6.610000133514404,0.0,6.699999809265137,6.559999942779541,6.599999904632568,0.0,590800
2024-10-17,6.360000133514404,6.360000133514404,0.0,6.619999885559082,6.349999904632568,6.610000133514404,0.0,1200600
2024-10-18,6.389999866485596,6.389999866485596,0.0,6.460000038146973,6.28000020980835,6.369999885559082,0.0,1995100
2024-10-21,6.289999961853027,6.289999961853027,0.0,6.400000095367432,6.179999828338623,6.400000095367432,0.0,1400300
2024-10-22,6.400000095367432,6.400000095367432,0.0,6.420000076293945,6.239999771118164,6.300000190734863,0.0,1814900
2024-10-23,6.190000057220459,6.190000057220459,0.0,6.389999866485596,6.059999942779541,6.389999866485596,0.0,2193400
2024-10-24,6.449999809265137,6.449999809265137,0.0,6.489999771118164,6.15500020980835,6.199999809265137,0.0,1515500
2024-10-25,6.320000171661377,6.320000171661377,0.0,6.5,6.230000019073486,6.5,0.0,1581800
2024-10-28,6.579999923706055,6.579999923706055,0.0,6.636000156402588,6.320000171661377,6.380000114440918,0.0,2272000
2024-10-29,6.289999961853027,6.289999961853027,0.0,6.531000137329102,6.215000152587891,6.440000057220459,0.0,2406600
2024-10-30,6.179999828338623,6.179999828338623,0.0,6.559999942779541,6.150000095367432,6.28000020980835,0.0,1908900
2024-10-31,6.090000152587891,6.090000152587891,0.0,6.25,5.965000152587891,6.199999809265137,0.0,2300200
2024-11-01,6.090000152587891,6.090000152587891,0.0,6.28000020980835,6.03000020980835,6.179999828338623,0.0,2272000
2024-11-04,6.039999961853027,6.039999961853027,0.0,6.21999979019165,5.880000114440918,6.059999942779541,0.0,2944600
2024-11-05,6.380000114440918,6.380000114440918,0.0,6.389999866485596,6.070000171661377,6.150000095367432,0.0,2230600
2024-11-06,6.579999923706055,6.579999923706055,0.0,6.599999904632568,6.119999885559082,6.5,0.0,3686100
2024-11-07,5.840000152587891,5.840000152587891,0.0,6.28000020980835,5.829999923706055,6.110000133514404,0.0,7835500
2024-11-08,5.369999885559082,5.369999885559082,0.0,5.920000076293945,5.329999923706055,5.900000095367432,0.0,5475800
2024-11-11,5.269999980926514,5.269999980926514,0.0,5.440000057220459,5.099999904632568,5.389999866485596,0.0,5266000
2024-11-12,5.050000190734863,5.050000190734863,0.0,5.25,5.0,5.199999809265137,0.0,3700300
2024-11-13,5.269999980926514,5.269999980926514,0.0,5.324999809265137,5.019999980926514,5.079999923706055,0.0,2983300
2024-11-14,5.300000190734863,5.300000190734863,0.0,5.5,5.269999980926514,5.380000114440918,0.0,2883500
2024-11-15,5.139999866485596,5.139999866485596,0.0,5.320000171661377,5.019999980926514,5.309999942779541,0.0,2920000
2024-11-18,4.940000057220459,4.940000057220459,0.0,5.170000076293945,4.829999923706055,5.099999904632568,0.0,4129300
2024-11-19,4.880000114440918,4.880000114440918,0.0,4.920000076293945,4.789999961853027,4.900000095367432,0.0,2713700
2024-11-20,5.150000095367432,5.150000095367432,0.0,5.230000019073486,4.900000095367432,4.900000095367432,0.0,3407900
2024-11-21,5.010000228881836,5.010000228881836,0.0,5.210000038146973,5.000999927520752,5.150000095367432,0.0,2061000
2024-11-22,4.889999866485596,4.889999866485596,0.0,5.059999942779541,4.849999904632568,5.019999980926514,0.0,3805300
2024-11-25,5.25,5.25,0.0,5.330999851226807,4.840000152587891,4.900000095367432,0.0,6210300
2024-11-26,5.170000076293945,5.170000076293945,0.0,5.199999809265137,4.96999979019165,5.199999809265137,0.0,3994700
2024-11-27,5.050000190734863,5.050000190734863,0.0,5.239999771118164,5.039999961853027,5.170000076293945,0.0,1909800
2024-11-29,4.980000019073486,4.980000019073486,0.0,5.079999923706055,4.960000038146973,5.079999923706055,0.0,2186000
2024-12-02,4.960000038146973,4.960000038146973,0.0,5.010000228881836,4.829999923706055,5.0,0.0,4693500
2024-12-03,4.860000133514404,4.860000133514404,0.0,4.945000171661377,4.829999923706055,4.889999866485596,0.0,3562700
2024-12-04,4.659999847412109,4.659999847412109,0.0,4.869999885559082,4.619999885559082,4.869999885559082,0.0,5492800
2024-12-05,4.489999771118164,4.489999771118164,0.0,4.677000045776367,4.460000038146973,4.677000045776367,0.0,3974000
2024-12-06,4.550000190734863,4.550000190734863,0.0,4.625,4.489999771118164,4.534999847412109,0.0,3141600
2024-12-09,4.480000019073486,4.480000019073486,0.0,4.710000038146973,4.440000057220459,4.619999885559082,0.0,3549800
2024-12-10,4.159999847412109,4.159999847412109,0.0,4.480000019073486,4.119999885559082,4.449999809265137,0.0,5401200
2024-12-11,4.0,4.0,0.0,4.170000076293945,3.9010000228881836,4.159999847412109,0.0,4885800
2024-12-12,3.9100000858306885,3.9100000858306885,0.0,4.050000190734863,3.859999895095825,3.9700000286102295,0.0,3233100
2024-12-13,3.8399999141693115,3.8399999141693115,0.0,3.9149999618530273,3.690000057220459,3.9100000858306885,0.0,4427400
2024-12-16,3.7100000381469727,3.7100000381469727,0.0,3.7799999713897705,3.6500000953674316,3.7799999713897705,0.0,3481900
2024-12-17,3.799999952316284,3.799999952316284,0.0,3.9000000953674316,3.549999952316284,3.6500000953674316,0.0,3768500
2024-12-18,3.6500000953674316,3.6500000953674316,0.0,3.819999933242798,3.619999885559082,3.75,0.0,4780300
2024-12-19,3.4100000858306885,3.4100000858306885,0.0,3.6600000858306885,3.4000000953674316,3.6600000858306885,0.0,5317200
2024-12-20,3.549999952316284,3.549999952316284,0.0,3.630000114440918,3.299999952316284,3.369999885559082,0.0,4691000
2024-12-23,3.5399999618530273,3.5399999618530273,0.0,3.6500000953674316,3.4200000762939453,3.559999942779541,0.0,3885300
2024-12-24,3.549999952316284,3.549999952316284,0.0,3.640000104904175,3.440000057220459,3.509999990463257,0.0,1796100
2024-12-26,3.8299999237060547,3.8299999237060547,0.0,3.880000114440918,3.515000104904175,3.549999952316284,0.0,4661800
2024-12-27,4.079999923706055,4.079999923706055,0.0,4.199999809265137,3.8320000171661377,3.869999885559082,0.0,7499500
2024-12-30,3.859999895095825,3.859999895095825,0.0,3.994999885559082,3.759999990463257,3.9800000190734863,0.0,4787800
2024-12-31,3.759999990463257,3.759999990463257,0.0,3.930000066757202,3.630000114440918,3.880000114440918,0.0,4096800
2025-01-02,3.8499999046325684,3.8499999046325684,0.0,4.0,3.7899999618530273,3.8399999141693115,0.0,3317400
2025-01-03,4.010000228881836,4.010000228881836,0.0,4.079999923706055,3.8299999237060547,3.930000066757202,0.0,3051800
2025-01-06,3.9100000858306885,3.9100000858306885,0.0,4.159999847412109,3.859999895095825,4.050000190734863,0.0,4257400
2025-01-07,3.759999990463257,3.759999990463257,0.0,4.019999980926514,3.7200000286102295,3.9600000381469727,0.0,2869900
2025-01-08,3.5999999046325684,3.5999999046325684,0.0,3.7899999618530273,3.5999999046325684,3.7100000381469727,0.0,2947500
2025-01-10,3.5999999046325684,3.5999999046325684,0.0,3.619999885559082,3.430000066757202,3.552000045776367,0.0,2963700
2025-01-13,3.630000114440918,3.630000114440918,0.0,3.7100000381469727,3.505000114440918,3.559999942779541,0.0,4029500
2025-01-14,3.630000114440918,3.630000114440918,0.0,3.680000066757202,3.5,3.6600000858306885,0.0,1913500
2025-01-15,3.9700000286102295,3.9700000286102295,0.0,4.046999931335449,3.6600000858306885,3.6700000762939453,0.0,4722800
2025-01-16,4.179999828338623,4.179999828338623,0.0,4.179999828338623,3.8499999046325684,3.950000047683716,0.0,4693300
2025-01-17,4.079999923706055,4.079999923706055,0.0,4.21999979019165,4.0,4.179999828338623,0.0,5989000
2025-01-21,4.0,4.0,0.0,4.144999980926514,3.990000009536743,4.039999961853027,0.0,3760800
2025-01-22,3.9000000953674316,3.9000000953674316,0.0,3.990000009536743,3.819999933242798,3.9700000286102295,0.0,3419800
2025-01-23,4.059999942779541,4.059999942779541,0.0,4.150000095367432,3.872999906539917,3.9000000953674316,0.0,3223400
2025-01-24,4.070000171661377,4.070000171661377,0.0,4.099999904632568,3.9100000858306885,4.059999942779541,0.0,2190900
2025-01-27,4.130000114440918,4.130000114440918,0.0,4.465000152587891,3.990000009536743,3.990000009536743,0.0,5925500
2025-01-28,3.9800000190734863,3.9800000190734863,0.0,4.159999847412109,3.9100000858306885,4.079999923706055,0.0,2784100
2025-01-29,4.03000020980835,4.03000020980835,0.0,4.210000038146973,3.930000066757202,3.950000047683716,0.0,1926300
2025-01-30,4.070000171661377,4.070000171661377,0.0,4.179999828338623,4.033999919891357,4.070000171661377,0.0,1787600
2025-01-31,3.9600000381469727,3.9600000381469727,0.0,4.0980000495910645,3.930000066757202,4.070000171661377,0.0,2303100
2025-02-03,3.7899999618530273,3.7899999618530273,0.0,3.944999933242798,3.75,3.819999933242798,0.0,2892600
2025-02-04,3.8399999141693115,3.8399999141693115,0.0,3.869999885559082,3.75,3.7799999713897705,0.0,1754100
2025-02-05,3.869999885559082,3.869999885559082,0.0,3.9800000190734863,3.8299999237060547,3.8299999237060547,0.0,1401300
2025-02-06,3.930000066757202,3.930000066757202,0.0,4.034999847412109,3.8499999046325684,3.9000000953674316,0.0,2111300
2025-02-07,3.9200000762939453,3.9200000762939453,0.0,3.944999933242798,3.8499999046325684,3.9000000953674316,0.0,1480800
2025-02-10,3.9600000381469727,3.9600000381469727,0.0,3.9700000286102295,3.799999952316284,3.9200000762939453,0.0,2645700
2025-02-11,3.819999933242798,3.819999933242798,0.0,3.9800000190734863,3.809999942779541,3.950000047683716,0.0,2070200
2025-02-12,3.819999933242798,3.819999933242798,0.0,3.819999933242798,3.5899999141693115,3.799999952316284,0.0,3649900
2025-02-13,3.859999895095825,3.859999895095825,0.0,3.869999885559082,3.75,3.819999933242798,0.0,2307400
2025-02-14,3.950000047683716,3.950000047683716,0.0,3.990000009536743,3.8399999141693115,3.9100000858306885,0.0,3189900
2025-02-18,4.400000095367432,4.400000095367432,0.0,4.409999847412109,3.9100000858306885,3.950000047683716,0.0,8272600
2025-02-19,4.320000171661377,4.320000171661377,0.0,4.739999771118164,4.28000020980835,4.5,0.0,9462000
2025-02-20,4.079999923706055,4.079999923706055,0.0,4.260000228881836,4.0,4.25,0.0,4029300
2025-02-21,4.019999980926514,4.019999980926514,0.0,4.329999923706055,4.010000228881836,4.170000076293945,0.0,4335400
2025-02-24,3.859999895095825,3.859999895095825,0.0,4.090000152587891,3.8499999046325684,4.059999942779541,0.0,2933400
2025-02-25,3.7200000286102295,3.7200000286102295,0.0,3.9149999618530273,3.7100000381469727,3.880000114440918,0.0,3182800
2025-02-26,3.559999942779541,3.559999942779541,0.0,3.755000114440918,3.509999990463257,3.755000114440918,0.0,5169000
2025-02-27,3.180000066757202,3.180000066757202,0.0,3.6500000953674316,3.0999999046325684,3.440000057220459,0.0,8602500
2025-02-28,3.1600000858306885,3.1600000858306885,0.0,3.325000047683716,3.0999999046325684,3.140000104904175,0.0,4189400
2025-03-03,3.0799999237060547,3.0799999237060547,0.0,3.180000066757202,2.984999895095825,3.1500000953674316,0.0,4366400
2025-03-04,3.2300000190734863,3.2300000190734863,0.0,3.259999990463257,2.859999895095825,2.930000066757202,0.0,4655000
2025-03-05,3.2100000381469727,3.2100000381469727,0.0,3.259999990463257,3.1050000190734863,3.240000009536743,0.0,2753200
2025-03-06,3.1500000953674316,3.1500000953674316,0.0,3.2300000190734863,3.0850000381469727,3.130000114440918,0.0,2699600
2025-03-07,3.359999895095825,3.359999895095825,0.0,3.380000114440918,3.0999999046325684,3.1649999618530273,0.0,2412200
2025-03-10,3.259999990463257,3.259999990463257,0.0,3.5,3.259999990463257,3.3299999237060547,0.0,3804600
2025-03-11,3.109999895095825,3.109999895095825,0.0,3.4100000858306885,3.0299999713897705,3.4100000858306885,0.0,2875900
2025-03-12,3.3299999237060547,3.3299999237060547,0.0,3.369999885559082,3.069999933242798,3.109999895095825,0.0,2269400
2025-03-13,3.2899999618530273,3.2899999618530273,0.0,3.369999885559082,3.184999942779541,3.2899999618530273,0.0,1849600
2025-03-14,3.390000104904175,3.390000104904175,0.0,3.5,3.25,3.315000057220459,0.0,2359800
2025-03-17,3.5199999809265137,3.5199999809265137,0.0,3.575000047683716,3.3499999046325684,3.4100000858306885,0.0,3087000
2025-03-18,3.5299999713897705,3.5299999713897705,0.0,3.6080000400543213,3.4489998817443848,3.5450000762939453,0.0,1547200
2025-03-19,3.490000009536743,3.490000009536743,0.0,3.575000047683716,3.430000066757202,3.5,0.0,1276800
2025-03-20,3.4700000286102295,3.4700000286102295,0.0,3.5450000762939453,3.421999931335449,3.450000047683716,0.0,2212800
2025-03-21,3.549999952316284,3.549999952316284,0.0,3.6500000953674316,3.4600000381469727,3.5799999237060547,0.0,6494500
2025-03-24,3.3499999046325684,3.3499999046325684,0.0,3.700000047683716,3.2809998989105225,3.700000047683716,0.0,4031900
2025-03-25,3.3399999141693115,3.3399999141693115,0.0,3.440000057220459,3.240000009536743,3.2799999713897705,0.0,2185500
2025-03-26,3.240000009536743,3.240000009536743,0.0,3.375,3.2049999237060547,3.3299999237060547,0.0,1349400
2025-03-27,3.309999942779541,3.309999942779541,0.0,3.3949999809265137,3.200000047683716,3.200000047683716,0.0,1350300
2025-03-28,3.140000104904175,3.140000104904175,0.0,3.299999952316284,3.0299999713897705,3.259999990463257,0.0,2616200
2025-03-31,3.049999952316284,3.049999952316284,0.0,3.1500000953674316,3.0399999618530273,3.0399999618530273,0.0,1403400
2025-04-01,3.069999933242798,3.069999933242798,0.0,3.0799999237060547,2.940000057220459,3.069999933242798,0.0,1778900
2025-04-02,3.0899999141693115,3.0899999141693115,0.0,3.140000104904175,3.0250000953674316,3.049999952316284,0.0,1184600
2025-04-03,2.869999885559082,2.869999885559082,0.0,3.0,2.809999942779541,2.940000057220459,0.0,2205900
2025-04-04,2.869999885559082,2.869999885559082,0.0,2.9700000286102295,2.619999885559082,2.75,0.0,3577000
2025-04-07,2.9000000953674316,2.9000000953674316,0.0,2.990000009536743,2.619999885559082,2.700000047683716,0.0,2733200
2025-04-08,2.6700000762939453,2.6700000762939453,0.0,2.9800000190734863,2.630000114440918,2.9549999237060547,0.0,2336700
2025-04-09,2.890000104904175,2.890000104904175,0.0,2.9000000953674316,2.5899999141693115,2.619999885559082,0.0,2396500
2025-04-10,2.680000066757202,2.680000066757202,0.0,2.809999942779541,2.6500000953674316,2.809999942779541,0.0,1940600
2025-04-11,2.7100000381469727,2.7100000381469727,0.0,2.73799991607666,2.5999999046325684,2.680000066757202,0.0,1875100
2025-04-14,2.700000047683716,2.700000047683716,0.0,2.7899999618530273,2.6500000953674316,2.759999990463257,0.0,1763700
2025-04-15,2.549999952316284,2.549999952316284,0.0,2.7249999046325684,2.549999952316284,2.690000057220459,0.0,1984900
2025-04-16,2.559999942779541,2.559999942779541,0.0,2.5950000286102295,2.5,2.5299999713897705,0.0,1600700
2025-04-17,2.759999990463257,2.759999990463257,0.0,2.8450000286102295,2.569999933242798,2.5899999141693115,0.0,4413900
2025-04-21,2.6700000762939453,2.6700000762939453,0.0,2.759999990463257,2.575000047683716,2.740000009536743,0.0,1885100
2025-04-22,2.615000009536743,2.615000009536743,0.0,2.757999897003174,2.569999933242798,2.690000057220459,0.0,1710000
2025-04-23,2.5899999141693115,2.5899999141693115,0.0,2.696000099182129,2.569999933242798,2.690000057220459,0.0,2296300
2025-04-24,2.549999952316284,2.549999952316284,0.0,2.5910000801086426,2.509999990463257,2.5799999237060547,0.0,1424400
2025-04-25,2.5399999618530273,2.5399999618530273,0.0,2.559999942779541,2.505000114440918,2.5450000762939453,0.0,1220000
2025-04-28,2.4600000381469727,2.4600000381469727,0.0,2.5450000762939453,2.4100000858306885,2.5199999809265137,0.0,2369700
2025-04-29,2.509999990463257,2.509999990463257,0.0,2.5299999713897705,2.430000066757202,2.484999895095825,0.0,2168500
2025-04-30,2.4800000190734863,2.4800000190734863,0.0,2.5450000762939453,2.4489998817443848,2.4700000286102295,0.0,1604600
2025-05-01,2.509999990463257,2.509999990463257,0.0,2.549999952316284,2.4700000286102295,2.490000009536743,0.0,1333300
2025-05-02,2.515000104904175,2.515000104904175,0.0,2.5899999141693115,2.509999990463257,2.5299999713897705,0.0,1218800
2025-05-05,2.559999942779541,2.559999942779541,0.0,2.5999999046325684,2.490000009536743,2.5199999809265137,0.0,1653500
2025-05-06,2.5199999809265137,2.5199999809265137,0.0,2.5999999046325684,2.509999990463257,2.569999933242798,0.0,1315200
2025-05-07,2.5399999618530273,2.5399999618530273,0.0,2.569999933242798,2.4800000190734863,2.5199999809265137,0.0,1996000
2025-05-08,2.3399999141693115,2.3399999141693115,0.0,2.490000009536743,2.2249999046325684,2.4749999046325684,0.0,3306800
2025-05-09,2.2799999713897705,2.2799999713897705,0.0,2.3450000286102295,2.25,2.3450000286102295,0.0,1770700
2025-05-12,2.309999942779541,2.309999942779541,0.0,2.390000104904175,2.2839999198913574,2.3399999141693115,0.0,2131700
2025-05-13,2.509999990463257,2.509999990463257,0.0,2.559999942779541,2.299999952316284,2.299999952316284,0.0,3954000
2025-05-14,2.4700000286102295,2.4700000286102295,0.0,2.494999885559082,2.4000000953674316,2.4700000286102295,0.0,1596800
2025-05-15,2.4700000286102295,2.4700000286102295,0.0,2.5,2.359999895095825,2.440000057220459,0.0,1276500
2025-05-16,2.7699999809265137,2.7699999809265137,0.0,2.8299999237060547,2.4539999961853027,2.4800000190734863,0.0,3844300
2025-05-19,2.7899999618530273,2.7899999618530273,0.0,2.809999942779541,2.630000114440918,2.6700000762939453,0.0,1744400
2025-05-20,2.9700000286102295,2.9700000286102295,0.0,2.9700000286102295,2.7799999713897705,2.7899999618530273,0.0,2487900
2025-05-21,2.9600000381469727,2.9600000381469727,0.0,3.0999999046325684,2.9000000953674316,2.9100000858306885,0.0,2738800
2025-05-22,2.930000066757202,2.930000066757202,0.0,3.130000114440918,2.9010000228881836,2.9749999046325684,0.0,2119600
2025-05-23,2.8499999046325684,2.8499999046325684,0.0,2.934999942779541,2.7850000858306885,2.8499999046325684,0.0,1575900
2025-05-27,3.130000114440918,3.130000114440918,0.0,3.1700000762939453,2.8499999046325684,2.8499999046325684,0.0,3046300
2025-05-28,3.0299999713897705,3.0299999713897705,0.0,3.1500000953674316,2.9700000286102295,3.109999895095825,0.0,2155200
2025-05-29,2.9800000190734863,2.9800000190734863,0.0,3.0799999237060547,2.9649999141693115,3.0199999809265137,0.0,1225200
2025-05-30,2.930000066757202,2.930000066757202,0.0,3.009999990463257,2.9100000858306885,2.950000047683716,0.0,1237700
2025-06-02,3.109999895095825,3.109999895095825,0.0,3.1600000858306885,2.880000114440918,2.9200000762939453,0.0,1930600
2025-06-03,3.180000066757202,3.180000066757202,0.0,3.2950000762939453,3.0799999237060547,3.0999999046325684,0.0,2345700
2025-06-04,3.25,3.25,0.0,3.259999990463257,3.119999885559082,3.180000066757202,0.0,1147200
2025-06-05,3.0399999618530273,3.0399999618530273,0.0,3.2699999809265137,3.0199999809265137,3.259999990463257,0.0,1667600
2025-06-06,3.319999933242798,3.319999933242798,0.0,3.359999895095825,3.0299999713897705,3.0299999713897705,0.0,2667800
2025-06-09,3.430000066757202,3.430000066757202,0.0,3.4600000381469727,3.2699999809265137,3.319999933242798,0.0,2061800
2025-06-10,3.4100000858306885,3.4100000858306885,0.0,3.4800000190734863,3.3529999256134033,3.4200000762939453,0.0,1656400
2025-06-11,3.380000114440918,3.380000114440918,0.0,3.4649999141693115,3.3299999237060547,3.440000057220459,0.0,982200
2025-06-12,3.2699999809265137,3.2699999809265137,0.0,3.359999895095825,3.2100000381469727,3.309999942779541,0.0,1288600
2025-06-13,3.1600000858306885,3.1600000858306885,0.0,3.2899999618530273,3.1600000858306885,3.2100000381469727,0.0,1106500
2025-06-16,3.299999952316284,3.299999952316284,0.0,3.4200000762939453,3.1649999618530273,3.1700000762939453,0.0,2403400
2025-06-17,3.2899999618530273,3.2899999618530273,0.0,3.299999952316284,3.2249999046325684,3.259999990463257,0.0,1612200
2025-06-18,3.390000104904175,3.390000104904175,0.0,3.390000104904175,3.2300000190734863,3.265000104904175,0.0,1322300
2025-06-20,3.430000066757202,3.430000066757202,0.0,3.609999895095825,3.3299999237060547,3.390000104904175,0.0,5191400
2025-06-23,3.440000057220459,3.440000057220459,0.0,3.4549999237060547,3.2300000190734863,3.380000114440918,0.0,2357300
2025-06-24,3.4000000953674316,3.4000000953674316,0.0,3.5,3.380000114440918,3.4700000286102295,0.0,1190700
2025-06-25,3.319999933242798,3.319999933242798,0.0,3.5,3.2799999713897705,3.5,0.0,1092400
2025-06-26,3.4100000858306885,3.4100000858306885,0.0,3.450000047683716,3.2799999713897705,3.2899999618530273,0.0,1243800
2025-06-27,3.4200000762939453,3.4200000762939453,0.0,3.430000066757202,3.3299999237060547,3.4100000858306885,0.0,3546900
2025-06-30,3.490000009536743,3.490000009536743,0.0,3.5299999713897705,3.3499999046325684,3.4000000953674316,0.0,1614300
2025-07-01,3.450000047683716,3.450000047683716,0.0,3.549999952316284,3.4100000858306885,3.4700000286102295,0.0,1218400
2025-07-02,3.5799999237060547,3.5799999237060547,0.0,3.5850000381469727,3.424999952316284,3.440000057220459,0.0,1479900
2025-07-03,3.569999933242798,3.569999933242798,0.0,3.619999885559082,3.549999952316284,3.5899999141693115,0.0,836500
2025-07-07,3.509999990463257,3.509999990463257,0.0,3.6700000762939453,3.5,3.565000057220459,0.0,1531600
2025-07-08,3.5799999237060547,3.5799999237060547,0.0,3.5999999046325684,3.450000047683716,3.5,0.0,1040800
2025-07-09,3.509999990463257,3.509999990463257,0.0,3.5999999046325684,3.4800000190734863,3.5999999046325684,0.0,1024200
2025-07-10,3.5899999141693115,3.5899999141693115,0.0,3.619999885559082,3.505000114440918,3.5299999713897705,0.0,1022000
2025-07-11,3.509999990463257,3.509999990463257,0.0,3.578000068664551,3.494999885559082,3.559999942779541,0.0,910900
2025-07-14,3.4600000381469727,3.4600000381469727,0.0,3.5299999713897705,3.4149999618530273,3.5,0.0,676400
2025-07-15,3.259999990463257,3.259999990463257,0.0,3.505000114440918,3.259999990463257,3.4700000286102295,0.0,1283400
2025-07-16,3.3399999141693115,3.3399999141693115,0.0,3.3499999046325684,3.2300000190734863,3.309999942779541,0.0,1057000
2025-07-17,3.5,3.5,0.0,3.555000066757202,3.3399999141693115,3.3399999141693115,0.0,1577300
2025-07-18,3.5,3.5,0.0,3.565000057220459,3.450000047683716,3.5399999618530273,0.0,1086500
2025-07-21,4.099999904632568,4.099999904632568,0.0,4.559999942779541,3.494999885559082,3.494999885559082,0.0,14632500
2025-07-22,4.21999979019165,4.21999979019165,0.0,4.539999961853027,3.9489998817443848,4.150000095367432,0.0,9681900
2025-07-23,4.28000020980835,4.28000020980835,0.0,4.820000171661377,4.179999828338623,4.679999828338623,0.0,13175900
2025-07-24,3.8499999046325684,3.8499999046325684,0.0,4.210000038146973,3.7799999713897705,4.190000057220459,0.0,5107000
2025-07-25,3.640000104904175,3.640000104904175,0.0,3.859999895095825,3.609999895095825,3.8499999046325684,0.0,3029900
2025-07-28,3.390000104904175,3.390000104904175,0.0,3.6500000953674316,3.3499999046325684,3.6500000953674316,0.0,3269700
2025-07-29,3.259999990463257,3.259999990463257,0.0,3.4200000762939453,3.2249999046325684,3.4100000858306885,0.0,1869700
2025-07-30,3.240000009536743,3.240000009536743,0.0,3.450000047683716,3.2200000286102295,3.259999990463257,0.0,2440100
2025-07-31,3.0399999618530273,3.0399999618530273,0.0,3.244999885559082,3.0350000858306885,3.240000009536743,0.0,2485700
2025-08-01,2.869999885559082,2.869999885559082,0.0,3.0,2.8499999046325684,3.0,0.0,1948600
2025-08-04,3.0299999713897705,3.0299999713897705,0.0,3.0399999618530273,2.875,2.9100000858306885,0.0,2018300
2025-08-05,3.0999999046325684,3.0999999046325684,0.0,3.109999895095825,2.9800000190734863,3.0299999713897705,0.0,1586700
2025-08-06,2.9200000762939453,2.9200000762939453,0.0,3.065000057220459,2.9100000858306885,3.0299999713897705,0.0,2731900
2025-08-07,2.799999952316284,2.799999952316284,0.0,2.950000047683716,2.734999895095825,2.869999885559082,0.0,2704400
2025-08-08,2.6600000858306885,2.6600000858306885,0.0,2.808000087738037,2.6600000858306885,2.808000087738037,0.0,1659400
2025-08-11,2.700000047683716,2.700000047683716,0.0,2.7200000286102295,2.609999895095825,2.6600000858306885,0.0,2586700
2025-08-12,2.7200000286102295,2.7200000286102295,0.0,2.809999942779541,2.7100000381469727,2.7100000381469727,0.0,3051600
2025-08-13,2.819999933242798,2.819999933242798,0.0,2.890000104904175,2.7300000190734863,2.7300000190734863,0.0,1875000
2025-08-14,2.7899999618530273,2.7899999618530273,0.0,2.8450000286102295,2.7200000286102295,2.75,0.0,1833800
2025-08-15,2.5799999237060547,2.5799999237060547,0.0,2.75,2.569999933242798,2.740000009536743,0.0,4063400
2025-08-18,2.5299999713897705,2.5299999713897705,0.0,2.6449999809265137,2.5299999713897705,2.619999885559082,0.0,1959600
2025-08-19,2.4600000381469727,2.4600000381469727,0.0,2.5999999046325684,2.440000057220459,2.5399999618530273,0.0,2134100
2025-08-20,2.4100000858306885,2.4100000858306885,0.0,2.4649999141693115,2.359999895095825,2.430000066757202,0.0,1937400
2025-08-21,2.390000104904175,2.390000104904175,0.0,2.4100000858306885,2.3499999046325684,2.4000000953674316,0.0,1366100
2025-08-22,2.450000047683716,2.450000047683716,0.0,2.494999885559082,2.3949999809265137,2.4000000953674316,0.0,2125400
2025-08-25,2.5899999141693115,2.5899999141693115,0.0,2.700000047683716,2.450000047683716,2.509999990463257,0.0,5885900
2025-08-26,2.490000009536743,2.490000009536743,0.0,2.6600000858306885,2.4700000286102295,2.609999895095825,0.0,2703500
2025-08-27,2.5899999141693115,2.5899999141693115,0.0,2.630000114440918,2.4800000190734863,2.490000009536743,0.0,1904500
2025-08-28,2.5399999618530273,2.5399999618530273,0.0,2.609999895095825,2.490000009536743,2.5999999046325684,0.0,1217900
2025-08-29,2.5,2.5,0.0,2.559999942779541,2.4800000190734863,2.549999952316284,0.0,1373400
2025-09-02,2.369999885559082,2.369999885559082,0.0,2.490000009536743,2.359999895095825,2.490000009536743,0.0,1990700
2025-09-03,2.319999933242798,2.319999933242798,0.0,2.430000066757202,2.309999942779541,2.390000104904175,0.0,1547800
2025-09-04,2.3499999046325684,2.3499999046325684,0.0,2.380000114440918,2.2899999618530273,2.309999942779541,0.0,1228900
2025-09-05,2.4600000381469727,2.4600000381469727,0.0,2.4700000286102295,2.3499999046325684,2.3499999046325684,0.0,1592800
2025-09-08,2.5299999713897705,2.5299999713897705,0.0,2.559000015258789,2.4000000953674316,2.4700000286102295,0.0,2069900
2025-09-09,2.5799999237060547,2.5799999237060547,0.0,2.5999999046325684,2.4700000286102295,2.5,0.0,1227900
2025-09-10,2.490000009536743,2.490000009536743,0.0,2.5850000381469727,2.4800000190734863,2.569999933242798,0.0,1199800
2025-09-11,2.5999999046325684,2.5999999046325684,0.0,2.619999885559082,2.494999885559082,2.509999990463257,0.0,2340600
2025-09-12,2.680000066757202,2.680000066757202,0.0,2.690000057220459,2.5299999713897705,2.5999999046325684,0.0,1685000
2025-09-15,2.799999952316284,2.799999952316284,0.0,2.819999933242798,2.5899999141693115,2.609999895095825,0.0,3262000
2025-09-16,2.7100000381469727,2.7100000381469727,0.0,2.8299999237060547,2.700000047683716,2.809999942779541,0.0,1857700
2025-09-17,2.7300000190734863,2.7300000190734863,0.0,2.8350000381469727,2.621000051498413,2.700000047683716,0.0,3122600
2025-09-18,2.7699999809265137,2.7699999809265137,0.0,2.930000066757202,2.734999895095825,2.759999990463257,0.0,3905200
2025-09-19,2.8299999237060547,2.8299999237060547,0.0,2.9200000762939453,2.7699999809265137,2.799999952316284,0.0,2134200
2025-09-22,2.8399999141693115,2.8399999141693115,0.0,2.8399999141693115,2.7149999141693115,2.8299999237060547,0.0,1708800
2025-09-23,2.8499999046325684,2.8499999046325684,0.0,2.9800000190734863,2.8299999237060547,2.8399999141693115,0.0,2292200
2025-09-24,2.9000000953674316,2.9000000953674316,0.0,2.990000009536743,2.759999990463257,2.819999933242798,0.0,2181300
2025-09-25,2.8299999237060547,2.8299999237060547,0.0,2.890000104904175,2.7300000190734863,2.8399999141693115,0.0,2471500
2025-09-26,2.8499999046325684,2.8499999046325684,0.0,2.890000104904175,2.7799999713897705,2.8299999237060547,0.0,1256700
2025-09-29,1.8200000524520874,1.8200000524520874,0.0,2.2200000286102295,1.2300000190734863,1.2699999809265137,0.0,65310400
2025-09-30,1.8899999856948853,1.8899999856948853,0.0,1.9299999475479126,1.659999966621399,1.809999942779541,0.0,13954100
2025-10-01,2.309999942779541,2.309999942779541,0.0,2.430000066757202,1.9500000476837158,1.965000033378601,0.0,20834000
2025-10-02,2.3299999237060547,2.3299999237060547,0.0,2.490000009536743,2.299999952316284,2.3399999141693115,0.0,9679900
2025-10-03,2.569999933242798,2.569999933242798,0.0,2.6500000953674316,2.3499999046325684,2.3499999046325684,0.0,9492500
2025-10-06,2.3499999046325684,2.3499999046325684,0.0,2.630000114440918,2.2850000858306885,2.5999999046325684,0.0,8276700
2025-10-07,2.180000066757202,2.180000066757202,0.0,2.390000104904175,2.109999895095825,2.390000104904175,0.0,6539200
2025-10-08,2.0799999237060547,2.0799999237060547,0.0,2.2200000286102295,2.0399999618530273,2.200000047683716,0.0,6829300
2025-10-09,1.9700000286102295,1.9700000286102295,0.0,2.069999933242798,1.9500000476837158,2.059999942779541,0.0,8919800
2025-10-10,2.009999990463257,2.009999990463257,0.0,2.2799999713897705,1.9950000047683716,2.009999990463257,0.0,14533500
2025-10-13,1.034999966621399,1.034999966621399,0.0,1.1200000047683716,0.8450000286102295,0.8479999899864197,0.0,128357700
2025-10-14,0.781000018119812,0.781000018119812,0.0,0.9259999990463257,0.7699999809265137,0.9190000295639038,0.0,113067200
2025-10-15,0.6700000166893005,0.6700000166893005,0.0,0.8180000185966492,0.6510000228881836,0.7870000004768372,0.0,120425700
2025-10-16,0.5199999809265137,0.5199999809265137,0.0,0.6930000185966492,0.5,0.6930000185966492,0.0,174262400
2025-10-17,0.6460000276565552,0.6460000276565552,0.0,0.753000020980835,0.550000011920929,0.6079999804496765,0.0,438222600
2025-10-20,1.4700000286102295,1.4700000286102295,0.0,1.5299999713897705,0.8809999823570251,1.0199999809265137,0.0,1202828700
2025-10-21,3.619999885559082,3.619999885559082,0.0,3.859999895095825,1.9299999475479126,2.309999942779541,0.0,2071569300
2025-10-22,3.5799999237060547,3.5799999237060547,0.0,7.690000057220459,2.619999885559082,6.170000076293945,0.0,2227938200
2025-10-23,2.8399999141693115,2.8399999141693115,0.0,3.7279999256134033,2.7699999809265137,2.950000047683716,0.0,802209200
2025-10-24,2.184999942779541,2.184999942779541,0.0,3.3499999046325684,2.0799999237060547,3.315000057220459,0.0,803375300
2025-10-27,1.809999942779541,1.809999942779541,0.0,2.2300000190734863,1.7999999523162842,2.0,0.0,364020700
2025-10-28,1.975000023841858,1.975000023841858,0.0,2.359999895095825,1.8200000524520874,1.9199999570846558,0.0,478425600
2025-10-29,1.8450000286102295,1.8450000286102295,0.0,2.0799999237060547,1.7699999809265137,2.069999933242798,0.0,227981500
2025-10-30,1.649999976158142,1.649999976158142,0.0,1.7699999809265137,1.600000023841858,1.7549999952316284,0.0,147658000
2025-10-31,1.6549999713897705,1.6549999713897705,0.0,1.7100000381469727,1.5499999523162842,1.6549999713897705,0.0,103373900
2025-11-03,1.3899999856948853,1.3899999856948853,0.0,1.5399999618530273,1.350000023841858,1.5049999952316284,0.0,156997900
2025-11-04,1.3300000429153442,1.3300000429153442,0.0,1.5199999809265137,1.274999976158142,1.274999976158142,0.0,166175300
2025-11-05,1.2699999809265137,1.2699999809265137,0.0,1.3799999952316284,1.2300000190734863,1.3700000047683716,0.0,94676900
2025-11-06,1.190000057220459,1.190000057220459,0.0,1.559999942779541,1.190000057220459,1.2899999618530273,0.0,190986500
2025-11-07,1.3899999856948853,1.3899999856948853,0.0,1.4199999570846558,1.1299999952316284,1.1799999475479126,0.0,143987700
2025-11-10,1.340000033378601,1.340000033378601,0.0,1.4600000381469727,1.2899999618530273,1.409999966621399,0.0,125430400
2025-11-11,1.2200000286102295,1.2200000286102295,0.0,1.340000033378601,1.1799999475479126,1.25,0.0,82885200
2025-11-12,1.1150000095367432,1.1150000095367432,0.0,1.2899999618530273,1.1100000143051147,1.2100000381469727,0.0,84409000
2025-11-13,1.0099999904632568,1.0099999904632568,0.0,1.1100000143051147,1.0,1.1050000190734863,0.0,85509200
2025-11-14,1.0800000429153442,1.0800000429153442,0.0,1.2300000190734863,0.9359999895095825,0.9359999895095825,0.0,129603600
2025-11-17,1.0399999618530273,1.0399999618530273,0.0,1.1299999952316284,1.0,1.1200000047683716,0.0,61645200
2025-11-18,1.0,1.0,0.0,1.0700000524520874,1.0,1.0299999713897705,0.0,42674000
2025-11-19,0.9760000109672546,0.9760000109672546,0.0,1.0299999713897705,0.9520000219345093,1.0,0.0,56581200
2025-11-20,0.8799999952316284,0.8799999952316284,0.0,1.0199999809265137,0.8799999952316284,1.0099999904632568,0.0,102902500
2025-11-21,0.8619999885559082,0.8619999885559082,0.0,0.9049999713897705,0.8100000023841858,0.8759999871253967,0.0,74410400
2025-11-24,0.8629999756813049,0.8629999756813049,0.0,0.9399999976158142,0.8159999847412109,0.8820000290870667,0.0,89057800
2025-11-25,0.8569999933242798,0.8569999933242798,0.0,0.8840000033378601,0.824999988079071,0.8679999709129333,0.0,53104800
2025-11-26,1.0199999809265137,1.0199999809265137,0.0,1.0499999523162842,0.8640000224113464,0.8679999709129333,0.0,172661300
2025-11-28,0.9819999933242798,0.9819999933242798,0.0,1.0700000524520874,0.9639999866485596,1.0199999809265137,0.0,68571400
2025-12-01,1.340000033378601,1.340000033378601,0.0,1.4800000190734863,0.9319999814033508,0.9549999833106995,0.0,270280300
2025-12-02,1.2899999618530273,1.2899999618530273,0.0,1.4199999570846558,1.2300000190734863,1.3949999809265137,0.0,233171400
2025-12-03,1.25,1.25,0.0,1.2699999809265137,1.149999976158142,1.2300000190734863,0.0,77682500
2025-12-04,1.2400000095367432,1.2400000095367432,0.0,1.3700000047683716,1.2400000095367432,1.2549999952316284,0.0,59989700
2025-12-05,1.2200000286102295,1.2200000286102295,0.0,1.4199999570846558,1.2100000381469727,1.25,0.0,101323700
2025-12-08,1.1399999856948853,1.1399999856948853,0.0,1.2300000190734863,1.1299999952316284,1.2300000190734863,0.0,63587000
2025-12-09,1.2599999904632568,1.2599999904632568,0.0,1.2999999523162842,1.0980000495910645,1.100000023841858,0.0,70045100
2025-12-10,1.2300000190734863,1.2300000190734863,0.0,1.3200000524520874,1.2000000476837158,1.2450000047683716,0.0,54100700
2025-12-11,1.1799999475479126,1.1799999475479126,0.0,1.2400000095367432,1.1699999570846558,1.225000023841858,0.0,38198700
2025-12-12,1.090000033378601,1.090000033378601,0.0,1.2100000381469727,1.090000033378601,1.1699999570846558,0.0,41276800
2025-12-15,1.0399999618530273,1.0399999618530273,0.0,1.1349999904632568,1.0299999713897705,1.1050000190734863,0.0,55077700
2025-12-16,1.100000023841858,1.100000023841858,0.0,1.1200000047683716,1.0199999809265137,1.0199999809265137,0.0,46350600
2025-12-17,1.0499999523162842,1.0499999523162842,0.0,1.1299999952316284,1.0299999713897705,1.100000023841858,0.0,42384400
2025-12-18,1.0399999618530273,1.0399999618530273,0.0,1.1399999856948853,1.0299999713897705,1.0499999523162842,0.0,43522600
2025-12-19,1.1100000143051147,1.1100000143051147,0.0,1.2599999904632568,1.0299999713897705,1.0399999618530273,0.0,172579000
2025-12-22,1.0700000524520874,1.0700000524520874,0.0,1.1399999856948853,1.059999942779541,1.1200000047683716,0.0,43606300
2025-12-23,1.0099999904632568,1.0099999904632568,0.0,1.0700000524520874,0.9599999785423279,1.0700000524520874,0.0,68199700
2025-12-24,0.9869999885559082,0.9869999885559082,0.0,1.0,0.9800000190734863,0.9980000257492065,0.0,30993100
2025-12-26,0.8999999761581421,0.8999999761581421,0.0,0.9860000014305115,0.8999999761581421,0.9829999804496765,0.0,59588000
2025-12-29,0.8619999885559082,0.8619999885559082,0.0,0.9700000286102295,0.8610000014305115,0.8880000114440918,0.0,64899100
2025-12-30,0.847000002861023,0.847000002861023,0.0,0.9279999732971191,0.847000002861023,0.8989999890327454,0.0,53519300
2025-12-31,0.8199999928474426,0.8199999928474426,0.0,0.8600000143051147,0.8119999766349792,0.8500000238418579,0.0,50584800
2026-01-02,0.8809999823570251,0.8809999823570251,0.0,0.902999997138977,0.8399999737739563,0.8500000238418579,0.0,43051100
2026-01-05,0.8899999856948853,0.8899999856948853,0.0,0.9580000042915344,0.8569999933242798,0.8920000195503235,0.0,72141300
2026-01-06,0.9340000152587891,0.9340000152587891,0.0,0.9580000042915344,0.8799999952316284,0.8899999856948853,0.0,54938500
2026-01-07,1.0399999618530273,1.0399999618530273,0.0,1.090000033378601,0.8980000019073486,0.9409999847412109,0.0,109323300
2026-01-08,1.0299999713897705,1.0299999713897705,0.0,1.0800000429153442,0.9670000076293945,1.0099999904632568,0.0,63542400
2026-01-09,0.9750000238418579,0.9750000238418579,0.0,1.059999942779541,0.9649999737739563,1.0299999713897705,0.0,63007800
2026-01-12,0.9829999804496765,0.9829999804496765,0.0,1.0199999809265137,0.949999988079071,0.9750000238418579,0.0,43664000
2026-01-13,0.9470000267028809,0.9470000267028809,0.0,0.9800000190734863,0.9409999847412109,0.9800000190734863,0.0,35359800
2026-01-14,0.9620000123977661,0.9620000123977661,0.0,0.9869999885559082,0.8999999761581421,0.9350000023841858,0.0,46106600
2026-01-15,1.0399999618530273,1.0399999618530273,0.0,1.1100000143051147,0.9800000190734863,0.9800000190734863,0.0,86188800
2026-01-16,0.9850000143051147,0.9850000143051147,0.0,1.0399999618530273,0.9750000238418579,1.034999966621399,0.0,50788000
2026-01-20,0.9259999990463257,0.9259999990463257,0.0,0.9700000286102295,0.9210000038146973,0.9419999718666077,0.0,38315800
2026-01-21,0.9359999895095825,0.9359999895095825,0.0,0.9750000238418579,0.9020000100135803,0.9350000023841858,0.0,31633700
2026-01-22,0.9340000152587891,0.9340000152587891,0.0,1.0199999809265137,0.9309999942779541,0.9380000233650208,0.0,48253300
2026-01-23,0.9150000214576721,0.9150000214576721,0.0,0.9539999961853027,0.9100000262260437,0.9399999976158142,0.0,35520400
2026-01-26,0.8830000162124634,0.8830000162124634,0.0,0.9169999957084656,0.8799999952316284,0.9169999957084656,0.0,36061400
2026-01-27,0.8500000238418579,0.8500000238418579,0.0,0.890999972820282,0.8500000238418579,0.890999972820282,0.0,31775300
2026-01-28,0.8299999833106995,0.8299999833106995,0.0,0.9100000262260437,0.8299999833106995,0.8650000095367432,0.0,51553100
2026-01-29,0.7760000228881836,0.7760000228881836,0.0,0.8370000123977661,0.7699999809265137,0.8349999785423279,0.0,39456400
2026-01-30,0.7630000114440918,0.7630000114440918,0.0,0.8019999861717224,0.7509999871253967,0.7789999842643738,0.0,44856900
2026-02-02,0.7329999804496765,0.7329999804496765,0.0,0.7639999985694885,0.7260000109672546,0.7639999985694885,0.0,25456100
2026-02-03,0.7549999952316284,0.7549999952316284,0.0,0.7789999842643738,0.722000002861023,0.7570000290870667,0.0,23306200
2026-02-04,0.7120000123977661,0.7120000123977661,0.0,0.7670000195503235,0.7110000252723694,0.746999979019165,0.0,31136400
2026-02-05,0.6660000085830688,0.6660000085830688,0.0,0.718999981880188,0.6629999876022339,0.6959999799728394,0.0,26572000
2026-02-06,0.7289999723434448,0.7289999723434448,0.0,0.7429999709129333,0.6840000152587891,0.6890000104904175,0.0,31004000
2026-02-09,0.7699999809265137,0.7699999809265137,0.0,0.7699999809265137,0.7110000252723694,0.75,0.0,24066800
2026-02-10,0.75,0.75,0.0,0.8199999928474426,0.75,0.7670000195503235,0.0,37692000
2026-02-11,0.7089999914169312,0.7089999914169312,0.0,0.7590000033378601,0.699999988079071,0.7590000033378601,0.0,28114200
2026-02-12,0.6919999718666077,0.6919999718666077,0.0,0.718999981880188,0.6899999976158142,0.7099999785423279,0.0,19950800
2026-02-13,0.7110000252723694,0.7110000252723694,0.0,0.7400000095367432,0.6980000138282776,0.7039999961853027,0.0,14377300
2026-02-17,0.6990000009536743,0.6990000009536743,0.0,0.7350000143051147,0.6819999814033508,0.7210000157356262,0.0,15814100
2026-02-18,0.7129999995231628,0.7129999995231628,0.0,0.7429999709129333,0.6919999718666077,0.7400000095367432,0.0,21349900
2026-02-19,0.7900000214576721,0.7900000214576721,0.0,0.8180000185966492,0.6980000138282776,0.7049999833106995,0.0,49897600
2026-02-20,0.7250000238418579,0.7250000238418579,0.0,0.7699999809265137,0.7250000238418579,0.75,0.0,23569600
2026-02-23,0.6909999847412109,0.6909999847412109,0.0,0.7200000286102295,0.6909999847412109,0.7179999947547913,0.0,19645500
2026-02-24,0.7239999771118164,0.7239999771118164,0.0,0.75,0.699999988079071,0.7009999752044678,0.0,22043400
2026-02-25,0.796999990940094,0.796999990940094,0.0,0.800000011920929,0.7329999804496765,0.7440000176429749,0.0,39708900
2026-02-26,0.8199999928474426,0.8199999928474426,0.0,0.8199999928474426,0.75,0.7850000262260437,0.0,35309600
2026-02-27,0.9459999799728394,0.9459999799728394,0.0,1.0499999523162842,0.7900000214576721,0.7910000085830688,0.0,148107200
2026-03-02,0.824999988079071,0.824999988079071,0.0,0.8920000195503235,0.7799999713897705,0.8370000123977661,0.0,45098900
2026-03-03,0.7940000295639038,0.7940000295639038,0.0,0.8500000238418579,0.765999972820282,0.8220000267028809,0.0,31546100
2026-03-04,0.7900000214576721,0.7900000214576721,0.0,0.8299999833106995,0.7900000214576721,0.8090000152587891,0.0,22968400
2026-03-05,0.7770000100135803,0.7770000100135803,0.0,0.824999988079071,0.7699999809265137,0.7900000214576721,0.0,31980600
2026-03-06,0.7929999828338623,0.7929999828338623,0.0,0.7929999828338623,0.75,0.7620000243186951,0.0,19020500
2026-03-09,0.7630000114440918,0.7630000114440918,0.0,0.8199999928474426,0.7379999756813049,0.7730000019073486,0.0,28926500
2026-03-10,0.7559999823570251,0.7559999823570251,0.0,0.7889999747276306,0.7409999966621399,0.7609999775886536,0.0,19780500
2026-03-11,0.7900000214576721,0.7900000214576721,0.0,0.7979999780654907,0.75,0.75,0.0,25699300
2026-03-12,0.7319999933242798,0.7319999933242798,0.0,0.7910000085830688,0.7319999933242798,0.7789999842643738,0.0,25897400
2026-03-13,0.7599999904632568,0.7599999904632568,0.0,0.7919999957084656,0.7400000095367432,0.7429999709129333,0.0,27062800
2026-03-16,0.8080000281333923,0.8080000281333923,0.0,0.8080000281333923,0.7519999742507935,0.7599999904632568,0.0,26491900
2026-03-17,0.7490000128746033,0.7490000128746033,0.0,0.7770000100135803,0.7400000095367432,0.7649999856948853,0.0,27682400
2026-03-18,0.699999988079071,0.699999988079071,0.0,0.75,0.699999988079071,0.75,0.0,32320900
2026-03-19,0.7110000252723694,0.7110000252723694,0.0,0.7170000076293945,0.6899999976158142,0.699999988079071,0.0,18318500
2026-03-20,0.6959999799728394,0.6959999799728394,0.0,0.7129999995231628,0.6909999847412109,0.7099999785423279,0.0,18658500
2026-03-23,0.7200000286102295,0.7200000286102295,0.0,0.7360000014305115,0.6890000104904175,0.7059999704360962,0.0,35880900
2026-03-24,0.6869999766349792,0.6869999766349792,0.0,0.7250000238418579,0.6830000281333923,0.7110000252723694,0.0,17262700
2026-03-25,0.6959999799728394,0.6959999799728394,0.0,0.7070000171661377,0.6690000295639038,0.6990000009536743,0.0,26573900
2026-03-26,0.6499999761581421,0.6499999761581421,0.0,0.6850000023841858,0.6499999761581421,0.6800000071525574,0.0,15340600
2026-03-27,0.6370000243186951,0.6370000243186951,0.0,0.6620000004768372,0.6349999904632568,0.6499999761581421,0.0,18862100
2026-03-30,0.6100000143051147,0.6100000143051147,0.0,0.6549999713897705,0.6000000238418579,0.6370000243186951,0.0,26059900
2026-03-31,0.7020000219345093,0.7020000219345093,0.0,0.7289999723434448,0.6169999837875366,0.6200000047683716,0.0,62144900
2026-04-01,0.6200000047683716,0.6200000047683716,0.0,0.6650000214576721,0.6010000109672546,0.6320000290870667,0.0,58566300
2026-04-02,0.593999981880188,0.593999981880188,0.0,0.6100000143051147,0.5809999704360962,0.6019999980926514,0.0,47540200
2026-04-06,0.5899999737739563,0.5899999737739563,0.0,0.6399999856948853,0.5899999737739563,0.6000000238418579,0.0,30768700
2026-04-07,0.5799999833106995,0.5799999833106995,0.0,0.6000000238418579,0.5730000138282776,0.597000002861023,0.0,18918900
2026-04-08,0.6019999980926514,0.6019999980926514,0.0,0.6200000047683716,0.5920000076293945,0.6100000143051147,0.0,21939700
2026-04-09,0.6000000238418579,0.6000000238418579,0.0,0.6100000143051147,0.5839999914169312,0.5899999737739563,0.0,17857700
2026-04-10,0.597000002861023,0.597000002861023,0.0,0.6150000095367432,0.5849999785423279,0.6000000238418579,0.0,15562600
2026-04-13,0.6600000262260437,0.6600000262260437,0.0,0.6769999861717224,0.5889999866485596,0.5979999899864197,0.0,56660400
2026-04-14,0.7200000286102295,0.7200000286102295,0.0,0.7699999809265137,0.656000018119812,0.6629999876022339,0.0,55196900
2026-04-15,0.7509999871253967,0.7509999871253967,0.0,0.7680000066757202,0.7139999866485596,0.722000002861023,0.0,37798100
2026-04-16,0.7820000052452087,0.7820000052452087,0.0,0.8199999928474426,0.7699999809265137,0.7799999713897705,0.0,48491100
2026-04-17,0.8230000138282776,0.8230000138282776,0.0,0.9700000286102295,0.8230000138282776,0.9079999923706055,0.0,197859100
2026-04-20,1.159999966621399,1.159999966621399,0.0,1.1699999570846558,0.7799999713897705,0.8320000171661377,0.0,220171100
2026-04-21,1.0449999570846558,1.0449999570846558,0.0,1.399999976158142,1.0099999904632568,1.3799999952316284,0.0,397441100
2026-04-22,1.100000023841858,1.100000023841858,0.0,1.2599999904632568,1.0399999618530273,1.0449999570846558,0.0,134265800
2026-04-23,0.949999988079071,0.949999988079071,0.0,1.100000023841858,0.949999988079071,1.100000023841858,0.0,99830200
2026-04-24,0.8730000257492065,0.8730000257492065,0.0,1.0299999713897705,0.8629999756813049,0.949999988079071,0.0,117986000
2026-04-27,0.9089999794960022,0.9089999794960022,0.0,0.9580000042915344,0.8500000238418579,0.8650000095367432,0.0,78224800
2026-04-28,0.8600000143051147,0.8600000143051147,0.0,0.9369999766349792,0.8600000143051147,0.8999999761581421,0.0,46478900
2026-04-29,0.8149999976158142,0.8149999976158142,0.0,0.8899999856948853,0.8149999976158142,0.8629999756813049,0.0,36856000
2026-04-30,0.984000027179718,0.984000027179718,0.0,1.0499999523162842,0.8209999799728394,0.8209999799728394,0.0,169040200
2026-05-01,0.9490000009536743,0.9490000009536743,0.0,1.100000023841858,0.9309999942779541,1.0850000381469727,0.0,113736000
2026-05-04,0.9390000104904175,0.9390000104904175,0.0,1.0199999809265137,0.9279999732971191,0.9369999766349792,0.0,59119700
2026-05-05,0.9190000295639038,0.9190000295639038,0.0,0.9589999914169312,0.9139999747276306,0.9470000267028809,0.0,41076600
2026-05-06,1.0399999618530273,1.0399999618530273,0.0,1.0499999523162842,0.9200000166893005,0.9300000071525574,0.0,106782600
2026-05-07,0.8930000066757202,0.8930000066757202,0.0,0.9300000071525574,0.8799999952316284,0.925000011920929,0.0,89479300
2026-05-08,0.8330000042915344,0.8330000042915344,0.0,0.8989999890327454,0.8159999847412109,0.8939999938011169,0.0,77804500
2026-05-11,0.8090000152587891,0.8090000152587891,0.0,0.8500000238418579,0.7820000052452087,0.8209999799728394,0.0,51819600
2026-05-12,0.7950000166893005,0.7950000166893005,0.0,0.8059999942779541,0.7670000195503235,0.7979999780654907,0.0,43585600
2026-05-13,0.7799999713897705,0.7799999713897705,0.0,0.7940000295639038,0.7649999856948853,0.7860000133514404,0.0,34030700
2026-05-14,0.8040000200271606,0.8040000200271606,0.0,0.8100000023841858,0.7559999823570251,0.7839999794960022,0.0,36587500
2026-05-15,0.8040000200271606,0.8040000200271606,0.0,0.8349999785423279,0.7799999713897705,0.7799999713897705,0.0,38840800
2026-05-18,0.7620000243186951,0.7620000243186951,0.0,0.7979999780654907,0.7440000176429749,0.7950000166893005,0.0,30852900
2026-05-19,0.7570000290870667,0.7570000290870667,0.0,0.7570000290870667,0.7239999771118164,0.7519999742507935,0.0,25654900
2026-05-20,0.7870000004768372,0.7870000004768372,0.0,0.7900000214576721,0.7319999933242798,0.7549999952316284,0.0,22957500
2026-05-21,0.7889999747276306,0.7889999747276306,0.0,0.7889999747276306,0.7459999918937683,0.7739999890327454,0.0,25964400
2026-05-22,0.765999972820282,0.765999972820282,0.0,0.8149999976158142,0.7570000290870667,0.7829999923706055,0.0,30014600
2026-05-26,0.7680000066757202,0.7680000066757202,0.0,0.7919999957084656,0.7509999871253967,0.781000018119812,0.0,37030600
2026-05-27,0.7889999747276306,0.7889999747276306,0.0,0.7900000214576721,0.7450000047683716,0.7570000290870667,0.0,28855700
2026-05-28,0.8199999928474426,0.8199999928474426,0.0,0.843999981880188,0.7630000114440918,0.7799999713897705,0.0,46708800
2026-05-29,0.7889999747276306,0.7889999747276306,0.0,0.8289999961853027,0.7850000262260437,0.824999988079071,0.0,34711900
2026-06-01,0.7760000228881836,0.7760000228881836,0.0,0.7889999747276306,0.7620000243186951,0.7870000004768372,0.0,28953000
2026-06-02,0.7649999856948853,0.7649999856948853,0.0,0.7799999713897705,0.7519999742507935,0.7789999842643738,0.0,29756700
2026-06-03,0.7400000095367432,0.7400000095367432,0.0,0.7599999904632568,0.7139999866485596,0.7599999904632568,0.0,34374400
2026-06-04,0.7860000133514404,0.7860000133514404,0.0,0.7979999780654907,0.7260000109672546,0.7310000061988831,0.0,34224400
2026-06-05,0.7089999914169312,0.7089999914169312,0.0,0.777999997138977,0.699999988079071,0.777999997138977,0.0,47052200
