Date,Adj Close,Close,Dividends,High,Low,Open,Stock Splits,Volume
2019-11-20,9.0,9.0,0.0,9.0,9.0,9.0,0.0,100
2019-11-21,8.989999771118164,8.989999771118164,0.0,13.0,8.210000038146973,12.600000381469727,0.0,4070300
2019-11-22,8.979999542236328,8.979999542236328,0.0,8.979999542236328,7.5,8.050000190734863,0.0,663700
2019-11-25,8.289999961853027,8.289999961853027,0.0,8.979999542236328,7.360000133514404,8.880000114440918,0.0,1110400
2019-11-26,8.1899995803833,8.1899995803833,0.0,8.489999771118164,8.0,8.25,0.0,673600
2019-11-27,8.25,8.25,0.0,8.420000076293945,8.050000190734863,8.25,0.0,132500
2019-11-29,8.25,8.25,0.0,8.460000038146973,8.010000228881836,8.260000228881836,0.0,97100
2019-12-02,8.350000381469727,8.350000381469727,0.0,8.399999618530273,8.09000015258789,8.09000015258789,0.0,95300
2019-12-03,8.180000305175781,8.180000305175781,0.0,8.460000038146973,8.170000076293945,8.289999961853027,0.0,67100
2019-12-04,8.069999694824219,8.069999694824219,0.0,8.4350004196167,8.010000228881836,8.220000267028809,0.0,50200
2019-12-05,7.849999904632568,7.849999904632568,0.0,8.097000122070312,7.519999980926514,8.0,0.0,284600
2019-12-06,7.800000190734863,7.800000190734863,0.0,8.100000381469727,7.099999904632568,8.100000381469727,0.0,354900
2019-12-09,7.25,7.25,0.0,7.900000095367432,7.179999828338623,7.900000095367432,0.0,142800
2019-12-10,6.570000171661377,6.570000171661377,0.0,7.239999771118164,6.454999923706055,7.239999771118164,0.0,198400
2019-12-11,6.170000076293945,6.170000076293945,0.0,6.590000152587891,6.050000190734863,6.590000152587891,0.0,164000
2019-12-12,5.710000038146973,5.710000038146973,0.0,6.230000019073486,5.550000190734863,6.110000133514404,0.0,202200
2019-12-13,5.239999771118164,5.239999771118164,0.0,5.849999904632568,5.199999809265137,5.75,0.0,212200
2019-12-16,4.650000095367432,4.650000095367432,0.0,5.210000038146973,4.559999942779541,5.199999809265137,0.0,442300
2019-12-17,5.190000057220459,5.190000057220459,0.0,5.329999923706055,4.560999870300293,4.599999904632568,0.0,451700
2019-12-18,4.630000114440918,4.630000114440918,0.0,5.28000020980835,4.599999904632568,5.199999809265137,0.0,424800
2019-12-19,4.650000095367432,4.650000095367432,0.0,4.860000133514404,4.550000190734863,4.570000171661377,0.0,201800
2019-12-20,4.769999980926514,4.769999980926514,0.0,4.960000038146973,4.610000133514404,4.610000133514404,0.0,75800
2019-12-23,5.289999961853027,5.289999961853027,0.0,5.690000057220459,4.929999828338623,4.929999828338623,0.0,446400
2019-12-24,5.690000057220459,5.690000057220459,0.0,5.730000019073486,5.21999979019165,5.21999979019165,0.0,243600
2019-12-26,5.579999923706055,5.579999923706055,0.0,6.242000102996826,5.5,5.679999828338623,0.0,206800
2019-12-27,5.630000114440918,5.630000114440918,0.0,5.869999885559082,5.53000020980835,5.53000020980835,0.0,694000
2019-12-30,6.53000020980835,6.53000020980835,0.0,6.599999904632568,5.5,5.710000038146973,0.0,393000
2019-12-31,6.099999904632568,6.099999904632568,0.0,6.550000190734863,6.010000228881836,6.510000228881836,0.0,116700
2020-01-02,6.019999980926514,6.019999980926514,0.0,6.125,5.599999904632568,6.090000152587891,0.0,225500
2020-01-03,6.070000171661377,6.070000171661377,0.0,6.340000152587891,5.909999847412109,6.039999961853027,0.0,160600
2020-01-06,5.880000114440918,5.880000114440918,0.0,6.260000228881836,5.869999885559082,6.079999923706055,0.0,87300
2020-01-07,5.820000171661377,5.820000171661377,0.0,6.099999904632568,5.619999885559082,6.050000190734863,0.0,80000
2020-01-08,6.119999885559082,6.119999885559082,0.0,6.260000228881836,5.800000190734863,5.800000190734863,0.0,115900
2020-01-09,6.489999771118164,6.489999771118164,0.0,6.579999923706055,6.010000228881836,6.25,0.0,193300
2020-01-10,6.489999771118164,6.489999771118164,0.0,6.659999847412109,6.349999904632568,6.5,0.0,247100
2020-01-13,6.440000057220459,6.440000057220459,0.0,6.559999942779541,6.329999923706055,6.420000076293945,0.0,61100
2020-01-14,6.139999866485596,6.139999866485596,0.0,6.5,6.079999923706055,6.409999847412109,0.0,128900
2020-01-15,5.619999885559082,5.619999885559082,0.0,6.291999816894531,5.510000228881836,6.150000095367432,0.0,240700
2020-01-16,5.78000020980835,5.78000020980835,0.0,5.920000076293945,5.559999942779541,5.659999847412109,0.0,90700
2020-01-17,6.0,6.0,0.0,6.199999809265137,5.800000190734863,5.800000190734863,0.0,82400
2020-01-21,5.699999809265137,5.699999809265137,0.0,6.199999809265137,5.599999904632568,6.039999961853027,0.0,132700
2020-01-22,5.239999771118164,5.239999771118164,0.0,5.900000095367432,5.130000114440918,5.849999904632568,0.0,808500
2020-01-23,5.079999923706055,5.079999923706055,0.0,5.369999885559082,5.011000156402588,5.210000038146973,0.0,87800
2020-01-24,5.070000171661377,5.070000171661377,0.0,5.159999847412109,5.050000190734863,5.079999923706055,0.0,39500
2020-01-27,4.989999771118164,4.989999771118164,0.0,5.2820000648498535,4.800000190734863,5.050000190734863,0.0,61800
2020-01-28,5.050000190734863,5.050000190734863,0.0,5.203000068664551,5.0,5.0,0.0,60400
2020-01-29,5.670000076293945,5.670000076293945,0.0,5.710000038146973,5.039999961853027,5.039999961853027,0.0,89800
2020-01-30,5.860000133514404,5.860000133514404,0.0,5.880000114440918,5.550000190734863,5.699999809265137,0.0,168500
2020-01-31,6.0,6.0,0.0,6.5,5.296999931335449,5.900000095367432,0.0,262400
2020-02-03,5.579999923706055,5.579999923706055,0.0,5.920000076293945,5.400000095367432,5.920000076293945,0.0,216800
2020-02-04,5.110000133514404,5.110000133514404,0.0,5.5,5.050000190734863,5.5,0.0,277500
2020-02-05,4.940000057220459,4.940000057220459,0.0,5.489999771118164,4.860000133514404,5.199999809265137,0.0,149300
2020-02-06,4.880000114440918,4.880000114440918,0.0,5.289999961853027,4.820000171661377,5.099999904632568,0.0,253700
2020-02-07,4.550000190734863,4.550000190734863,0.0,5.110000133514404,4.5,5.050000190734863,0.0,336400
2020-02-10,4.570000171661377,4.570000171661377,0.0,4.650000095367432,4.440000057220459,4.5,0.0,355400
2020-02-11,4.400000095367432,4.400000095367432,0.0,4.760000228881836,4.309999942779541,4.760000228881836,0.0,325400
2020-02-12,8.039999961853027,8.039999961853027,0.0,8.6899995803833,4.409999847412109,4.420000076293945,0.0,11997700
2020-02-13,6.639999866485596,6.639999866485596,0.0,7.460000038146973,6.03000020980835,7.059999942779541,0.0,4089200
2020-02-14,6.78000020980835,6.78000020980835,0.0,7.480000019073486,6.75,6.949999809265137,0.0,1932600
2020-02-18,5.75,5.75,0.0,6.840000152587891,5.699999809265137,6.829999923706055,0.0,1349700
2020-02-19,5.710000038146973,5.710000038146973,0.0,6.380000114440918,5.699999809265137,5.820000171661377,0.0,1029100
2020-02-20,5.320000171661377,5.320000171661377,0.0,5.650000095367432,5.110000133514404,5.5,0.0,745300
2020-02-21,5.860000133514404,5.860000133514404,0.0,5.949999809265137,5.188000202178955,5.260000228881836,0.0,580400
2020-02-24,5.650000095367432,5.650000095367432,0.0,6.090000152587891,5.46999979019165,5.989999771118164,0.0,494800
2020-02-25,5.5,5.5,0.0,5.619999885559082,5.309999942779541,5.619999885559082,0.0,326500
2020-02-26,5.5,5.5,0.0,5.570000171661377,5.349999904632568,5.400000095367432,0.0,332800
2020-02-27,5.360000133514404,5.360000133514404,0.0,5.599999904632568,5.050000190734863,5.230000019073486,0.0,451600
2020-02-28,5.090000152587891,5.090000152587891,0.0,5.230000019073486,4.800000190734863,5.230000019073486,0.0,314000
2020-03-02,5.039999961853027,5.039999961853027,0.0,5.480000019073486,4.929999828338623,5.130000114440918,0.0,225100
2020-03-03,4.900000095367432,4.900000095367432,0.0,5.28000020980835,4.829999923706055,5.019999980926514,0.0,291900
2020-03-04,4.659999847412109,4.659999847412109,0.0,4.96999979019165,4.659999847412109,4.900000095367432,0.0,229000
2020-03-05,4.829999923706055,4.829999923706055,0.0,4.888999938964844,4.610000133514404,4.630000114440918,0.0,311800
2020-03-06,4.260000228881836,4.260000228881836,0.0,4.829999923706055,4.199999809265137,4.699999809265137,0.0,418800
2020-03-09,3.380000114440918,3.380000114440918,0.0,4.050000190734863,3.299999952316284,4.050000190734863,0.0,594700
2020-03-10,3.430000066757202,3.430000066757202,0.0,3.6500000953674316,3.4200000762939453,3.640000104904175,0.0,462700
2020-03-11,3.9100000858306885,3.9100000858306885,0.0,3.9600000381469727,3.299999952316284,3.309999942779541,0.0,510800
2020-03-12,3.509999990463257,3.509999990463257,0.0,3.559999942779541,3.390000104904175,3.450000047683716,0.0,442300
2020-03-13,3.369999885559082,3.369999885559082,0.0,3.5480000972747803,3.359999895095825,3.4600000381469727,0.0,285800
2020-03-16,2.880000114440918,2.880000114440918,0.0,3.2300000190734863,2.859999895095825,3.0,0.0,714500
2020-03-17,2.809999942779541,2.809999942779541,0.0,2.950000047683716,2.690000057220459,2.859999895095825,0.0,401200
2020-03-18,3.009999990463257,3.009999990463257,0.0,3.0999999046325684,2.5299999713897705,2.7300000190734863,0.0,428300
2020-03-19,3.2699999809265137,3.2699999809265137,0.0,3.2699999809265137,2.75,3.009999990463257,0.0,292000
2020-03-20,3.109999895095825,3.109999895095825,0.0,3.5799999237060547,2.9600000381469727,3.450000047683716,0.0,247500
2020-03-23,3.049999952316284,3.049999952316284,0.0,3.1700000762939453,2.859999895095825,3.1700000762939453,0.0,578900
2020-03-24,2.950000047683716,2.950000047683716,0.0,3.180000066757202,2.9000000953674316,3.1500000953674316,0.0,639500
2020-03-25,2.9800000190734863,2.9800000190734863,0.0,3.1700000762939453,2.9800000190734863,2.9800000190734863,0.0,245800
2020-03-26,3.059999942779541,3.059999942779541,0.0,3.130000114440918,2.950000047683716,3.0,0.0,344300
2020-03-27,3.049999952316284,3.049999952316284,0.0,3.180000066757202,2.950000047683716,2.9800000190734863,0.0,410700
2020-03-30,2.9000000953674316,2.9000000953674316,0.0,3.0199999809265137,2.880000114440918,3.009999990463257,0.0,324800
2020-03-31,3.0399999618530273,3.0399999618530273,0.0,3.0899999141693115,2.8499999046325684,2.950000047683716,0.0,115300
2020-04-01,2.869999885559082,2.869999885559082,0.0,3.0199999809265137,2.869999885559082,2.940000057220459,0.0,143600
2020-04-02,2.940000057220459,2.940000057220459,0.0,3.0199999809265137,2.869999885559082,2.890000104904175,0.0,199600
2020-04-03,2.880000114440918,2.880000114440918,0.0,3.0350000858306885,2.869999885559082,3.0199999809265137,0.0,73900
2020-04-06,3.5199999809265137,3.5199999809265137,0.0,3.690000057220459,3.055999994277954,3.069999933242798,0.0,405900
2020-04-07,3.5,3.5,0.0,3.990000009536743,3.430000066757202,3.990000009536743,0.0,223700
2020-04-08,3.5199999809265137,3.5199999809265137,0.0,3.736999988555908,3.444999933242798,3.7200000286102295,0.0,96100
2020-04-09,3.200000047683716,3.200000047683716,0.0,3.680000066757202,3.0999999046325684,3.680000066757202,0.0,303700
2020-04-13,4.03000020980835,4.03000020980835,0.0,4.329999923706055,3.25,3.5799999237060547,0.0,554600
2020-04-14,4.599999904632568,4.599999904632568,0.0,4.980000019073486,4.300000190734863,4.400000095367432,0.0,935100
2020-04-15,4.150000095367432,4.150000095367432,0.0,4.573999881744385,4.099999904632568,4.5,0.0,268700
2020-04-16,4.440000057220459,4.440000057220459,0.0,4.849999904632568,4.349999904632568,4.659999847412109,0.0,174400
2020-04-17,4.679999828338623,4.679999828338623,0.0,4.699999809265137,4.460000038146973,4.699999809265137,0.0,183300
2020-04-20,4.170000076293945,4.170000076293945,0.0,4.849999904632568,4.150000095367432,4.849999904632568,0.0,280700
2020-04-21,4.269999980926514,4.269999980926514,0.0,4.400000095367432,4.25,4.360000133514404,0.0,141700
2020-04-22,4.28000020980835,4.28000020980835,0.0,4.449999809265137,4.199999809265137,4.340000152587891,0.0,114000
2020-04-23,4.429999828338623,4.429999828338623,0.0,4.579999923706055,4.28000020980835,4.440000057220459,0.0,322200
2020-04-24,4.230000019073486,4.230000019073486,0.0,4.480000019073486,4.110000133514404,4.480000019073486,0.0,215800
2020-04-27,4.440000057220459,4.440000057220459,0.0,4.489999771118164,4.25,4.340000152587891,0.0,224300
2020-04-28,4.650000095367432,4.650000095367432,0.0,4.670000076293945,4.320000171661377,4.480000019073486,0.0,331700
2020-04-29,4.760000228881836,4.760000228881836,0.0,4.989999771118164,4.659999847412109,4.949999809265137,0.0,462300
2020-04-30,5.179999828338623,5.179999828338623,0.0,5.239999771118164,4.760000228881836,4.920000076293945,0.0,427900
2020-05-01,4.599999904632568,4.599999904632568,0.0,5.230000019073486,4.559999942779541,5.179999828338623,0.0,269600
2020-05-04,4.630000114440918,4.630000114440918,0.0,4.840000152587891,4.5,4.630000114440918,0.0,254600
2020-05-05,4.690000057220459,4.690000057220459,0.0,4.849999904632568,4.599999904632568,4.849999904632568,0.0,169800
2020-05-06,5.039999961853027,5.039999961853027,0.0,5.139999866485596,4.820000171661377,4.820000171661377,0.0,655300
2020-05-07,5.800000190734863,5.800000190734863,0.0,5.800000190734863,5.099999904632568,5.150000095367432,0.0,1149100
2020-05-08,5.889999866485596,5.889999866485596,0.0,5.989999771118164,5.550000190734863,5.949999809265137,0.0,903000
2020-05-11,5.389999866485596,5.389999866485596,0.0,5.889999866485596,5.199999809265137,5.849999904632568,0.0,623900
2020-05-12,5.730000019073486,5.730000019073486,0.0,5.789999961853027,5.400000095367432,5.699999809265137,0.0,459500
2020-05-13,5.989999771118164,5.989999771118164,0.0,6.0,5.559999942779541,5.869999885559082,0.0,356500
2020-05-14,5.96999979019165,5.96999979019165,0.0,5.980000019073486,5.389999866485596,5.929999828338623,0.0,459900
2020-05-15,4.389999866485596,4.389999866485596,0.0,5.760000228881836,4.0,5.590000152587891,0.0,1401300
2020-05-18,4.449999809265137,4.449999809265137,0.0,4.840000152587891,4.440000057220459,4.5,0.0,429500
2020-05-19,4.369999885559082,4.369999885559082,0.0,4.599999904632568,4.25,4.5,0.0,247100
2020-05-20,4.199999809265137,4.199999809265137,0.0,4.5,4.119999885559082,4.400000095367432,0.0,219700
2020-05-21,3.990000009536743,3.990000009536743,0.0,4.150000095367432,3.75,3.950000047683716,0.0,374200
2020-05-22,3.819999933242798,3.819999933242798,0.0,3.9600000381469727,3.75,3.9600000381469727,0.0,339400
2020-05-26,3.359999895095825,3.359999895095825,0.0,3.9800000190734863,3.3499999046325684,3.819999933242798,0.0,707500
2020-05-27,3.0,3.0,0.0,3.450000047683716,2.940000057220459,3.359999895095825,0.0,1415500
2020-05-28,2.9100000858306885,2.9100000858306885,0.0,3.1500000953674316,2.759999990463257,3.140000104904175,0.0,2186700
2020-05-29,2.359999895095825,2.359999895095825,0.0,2.8499999046325684,2.359999895095825,2.819999933242798,0.0,2786800
2020-06-01,2.119999885559082,2.119999885559082,0.0,2.5,2.0,2.5,0.0,3380000
2020-06-02,2.490000009536743,2.490000009536743,0.0,3.25,2.1500000953674316,2.25,0.0,11490000
2020-06-03,2.4100000858306885,2.4100000858306885,0.0,2.799999952316284,2.380000114440918,2.5299999713897705,0.0,4606300
2020-06-04,2.1500000953674316,2.1500000953674316,0.0,2.450000047683716,2.119999885559082,2.4100000858306885,0.0,4389700
2020-06-05,2.119999885559082,2.119999885559082,0.0,2.2200000286102295,2.0299999713897705,2.1600000858306885,0.0,2815300
2020-06-08,2.119999885559082,2.119999885559082,0.0,2.180000066757202,2.0399999618530273,2.1700000762939453,0.0,3273700
2020-06-09,2.450000047683716,2.450000047683716,0.0,2.5199999809265137,2.130000114440918,2.1500000953674316,0.0,7816300
2020-06-10,2.4200000762939453,2.4200000762939453,0.0,2.5799999237060547,2.200000047683716,2.5399999618530273,0.0,4401100
2020-06-11,2.119999885559082,2.119999885559082,0.0,2.2699999809265137,2.0999999046325684,2.1500000953674316,0.0,2427300
2020-06-12,2.059999942779541,2.059999942779541,0.0,2.2200000286102295,2.0350000858306885,2.190000057220459,0.0,2946200
2020-06-15,1.9800000190734863,1.9800000190734863,0.0,2.0799999237060547,1.9199999570846558,2.0199999809265137,0.0,3715300
2020-06-16,2.0199999809265137,2.0199999809265137,0.0,2.0899999141693115,1.940000057220459,2.0299999713897705,0.0,2586100
2020-06-17,1.9299999475479126,1.9299999475479126,0.0,2.009999990463257,1.909999966621399,2.0,0.0,4548000
2020-06-18,1.9199999570846558,1.9199999570846558,0.0,1.9800000190734863,1.8550000190734863,1.9700000286102295,0.0,4428600
2020-06-19,1.899999976158142,1.899999976158142,0.0,1.9800000190734863,1.8799999952316284,1.9800000190734863,0.0,3995000
2020-06-22,2.0899999141693115,2.0899999141693115,0.0,2.2699999809265137,1.899999976158142,1.9199999570846558,0.0,4313800
2020-06-23,2.119999885559082,2.119999885559082,0.0,2.1500000953674316,2.0199999809265137,2.140000104904175,0.0,1766100
2020-06-24,1.940000057220459,1.940000057220459,0.0,2.049999952316284,1.899999976158142,2.0399999618530273,0.0,2616600
2020-06-25,1.937000036239624,1.937000036239624,0.0,1.9700000286102295,1.909999966621399,1.9500000476837158,0.0,896900
2020-06-26,1.8899999856948853,1.8899999856948853,0.0,1.940000057220459,1.8799999952316284,1.940000057220459,0.0,1190400
2020-06-29,1.850000023841858,1.850000023841858,0.0,1.8799999952316284,1.7599999904632568,1.850000023841858,0.0,1176400
2020-06-30,1.899999976158142,1.899999976158142,0.0,1.9249999523162842,1.850000023841858,1.8700000047683716,0.0,1274500
2020-07-01,1.8799999952316284,1.8799999952316284,0.0,1.9500000476837158,1.850000023841858,1.8899999856948853,0.0,1155500
2020-07-02,1.809999942779541,1.809999942779541,0.0,1.909999966621399,1.809999942779541,1.909999966621399,0.0,1599800
2020-07-06,1.9600000381469727,1.9600000381469727,0.0,2.0,1.8650000095367432,1.9199999570846558,0.0,2612800
2020-07-07,1.8200000524520874,1.8200000524520874,0.0,1.9500000476837158,1.7999999523162842,1.909999966621399,0.0,1659800
2020-07-08,1.9600000381469727,1.9600000381469727,0.0,1.9850000143051147,1.840000033378601,1.8799999952316284,0.0,3341000
2020-07-09,1.9299999475479126,1.9299999475479126,0.0,1.9500000476837158,1.8799999952316284,1.9500000476837158,0.0,2802600
2020-07-10,1.8600000143051147,1.8600000143051147,0.0,1.9500000476837158,1.8300000429153442,1.9500000476837158,0.0,2454200
2020-07-13,1.7899999618530273,1.7899999618530273,0.0,1.9299999475479126,1.7699999809265137,1.9299999475479126,0.0,3277800
2020-07-14,1.840000033378601,1.840000033378601,0.0,1.8700000047683716,1.7699999809265137,1.8300000429153442,0.0,2348700
2020-07-15,1.9299999475479126,1.9299999475479126,0.0,2.140000104904175,1.7999999523162842,1.850000023841858,0.0,5695000
2020-07-16,1.8600000143051147,1.8600000143051147,0.0,1.940000057220459,1.8300000429153442,1.899999976158142,0.0,1916800
2020-07-17,1.9199999570846558,1.9199999570846558,0.0,1.9199999570846558,1.8300000429153442,1.8899999856948853,0.0,1873400
2020-07-20,2.259999990463257,2.259999990463257,0.0,2.3299999237060547,1.909999966621399,1.9500000476837158,0.0,8766600
2020-07-21,2.4200000762939453,2.4200000762939453,0.0,2.950000047683716,2.3399999141693115,2.3499999046325684,0.0,13614700
2020-07-22,2.2699999809265137,2.2699999809265137,0.0,2.5999999046325684,2.25,2.5,0.0,5282900
2020-07-23,2.130000114440918,2.130000114440918,0.0,2.5,2.0399999618530273,2.309999942779541,0.0,6206300
2020-07-24,2.4000000953674316,2.4000000953674316,0.0,2.4000000953674316,1.9800000190734863,2.1500000953674316,0.0,4837000
2020-07-27,2.5,2.5,0.0,2.740000009536743,2.4000000953674316,2.740000009536743,0.0,10304000
2020-07-28,2.5899999141693115,2.5899999141693115,0.0,2.740000009536743,2.4000000953674316,2.569999933242798,0.0,5488900
2020-07-29,2.6500000953674316,2.6500000953674316,0.0,2.690000057220459,2.4649999141693115,2.549999952316284,0.0,3379800
2020-07-30,2.700000047683716,2.700000047683716,0.0,2.700000047683716,2.5199999809265137,2.549999952316284,0.0,3354200
2020-07-31,2.5,2.5,0.0,2.690000057220459,2.5,2.680000066757202,0.0,4004200
2020-08-03,2.740000009536743,2.740000009536743,0.0,3.049999952316284,2.549999952316284,2.619999885559082,0.0,13434600
2020-08-04,2.5799999237060547,2.5799999237060547,0.0,2.740000009536743,2.309999942779541,2.740000009536743,0.0,6248000
2020-08-05,2.640000104904175,2.640000104904175,0.0,2.75,2.569999933242798,2.740000009536743,0.0,2851700
2020-08-06,2.619999885559082,2.619999885559082,0.0,2.6740000247955322,2.5,2.619999885559082,0.0,2935300
2020-08-07,2.380000114440918,2.380000114440918,0.0,2.549999952316284,2.2899999618530273,2.5399999618530273,0.0,3603100
2020-08-10,2.3399999141693115,2.3399999141693115,0.0,2.4800000190734863,2.2300000190734863,2.450000047683716,0.0,2173100
2020-08-11,2.140000104904175,2.140000104904175,0.0,2.319999933242798,2.130000114440918,2.299999952316284,0.0,2823100
2020-08-12,2.0199999809265137,2.0199999809265137,0.0,2.180999994277954,1.9900000095367432,2.180999994277954,0.0,3274800
2020-08-13,2.140000104904175,2.140000104904175,0.0,2.1700000762939453,2.0250000953674316,2.0299999713897705,0.0,2025700
2020-08-14,2.0999999046325684,2.0999999046325684,0.0,2.319999933242798,2.0999999046325684,2.1700000762939453,0.0,2836200
2020-08-17,2.0999999046325684,2.0999999046325684,0.0,2.2200000286102295,2.069999933242798,2.1500000953674316,0.0,2554700
2020-08-18,2.009999990463257,2.009999990463257,0.0,2.130000114440918,2.0,2.130000114440918,0.0,2074400
2020-08-19,2.0299999713897705,2.0299999713897705,0.0,2.140000104904175,1.9500000476837158,2.009999990463257,0.0,2307300
2020-08-20,2.0199999809265137,2.0199999809265137,0.0,2.069999933242798,1.9800000190734863,2.0199999809265137,0.0,772400
2020-08-21,1.9700000286102295,1.9700000286102295,0.0,2.0490000247955322,1.9500000476837158,2.0,0.0,1003100
2020-08-24,1.909999966621399,1.909999966621399,0.0,1.9600000381469727,1.8799999952316284,1.9600000381469727,0.0,2033700
2020-08-25,1.9700000286102295,1.9700000286102295,0.0,1.975000023841858,1.840000033378601,1.9199999570846558,0.0,1327400
2020-08-26,1.940000057220459,1.940000057220459,0.0,1.9500000476837158,1.8700000047683716,1.9299999475479126,0.0,1252400
2020-08-27,1.8799999952316284,1.8799999952316284,0.0,1.940000057220459,1.8600000143051147,1.9199999570846558,0.0,923200
2020-08-28,1.9700000286102295,1.9700000286102295,0.0,2.0,1.8700000047683716,1.8700000047683716,0.0,2122700
2020-08-31,2.009999990463257,2.009999990463257,0.0,2.2899999618530273,2.0,2.1700000762939453,0.0,4806900
2020-09-01,2.0799999237060547,2.0799999237060547,0.0,2.119999885559082,1.9800000190734863,2.069999933242798,0.0,2160400
2020-09-02,2.0399999618530273,2.0399999618530273,0.0,2.0899999141693115,1.9800000190734863,2.049999952316284,0.0,1532800
2020-09-03,1.9900000095367432,1.9900000095367432,0.0,2.0280001163482666,1.9600000381469727,1.9900000095367432,0.0,1322600
2020-09-04,1.9199999570846558,1.9199999570846558,0.0,2.0,1.7999999523162842,1.9700000286102295,0.0,2245200
2020-09-08,2.0299999713897705,2.0299999713897705,0.0,2.049999952316284,1.8600000143051147,1.9500000476837158,0.0,2014700
2020-09-09,2.059999942779541,2.059999942779541,0.0,2.0799999237060547,2.0,2.0399999618530273,0.0,1362800
2020-09-10,2.0199999809265137,2.0199999809265137,0.0,2.059999942779541,1.9700000286102295,2.059999942779541,0.0,1623600
2020-09-11,2.0,2.0,0.0,2.009999990463257,1.940000057220459,2.009999990463257,0.0,1303300
2020-09-14,1.9700000286102295,1.9700000286102295,0.0,2.009999990463257,1.940000057220459,2.0,0.0,1062400
2020-09-15,1.940000057220459,1.940000057220459,0.0,1.9700000286102295,1.909999966621399,1.9700000286102295,0.0,700400
2020-09-16,1.8899999856948853,1.8899999856948853,0.0,1.940000057220459,1.8600000143051147,1.9229999780654907,0.0,6041600
2020-09-17,1.8799999952316284,1.8799999952316284,0.0,1.909999966621399,1.8300000429153442,1.899999976158142,0.0,3402300
2020-09-18,1.8600000143051147,1.8600000143051147,0.0,1.9299999475479126,1.809999942779541,1.899999976158142,0.0,5555700
2020-09-21,1.9600000381469727,1.9600000381469727,0.0,1.9700000286102295,1.850000023841858,1.850000023841858,0.0,2042000
2020-09-22,1.899999976158142,1.899999976158142,0.0,1.9600000381469727,1.850000023841858,1.940000057220459,0.0,750800
2020-09-23,1.8700000047683716,1.8700000047683716,0.0,1.9140000343322754,1.850000023841858,1.899999976158142,0.0,683100
2020-09-24,1.8700000047683716,1.8700000047683716,0.0,1.8899999856948853,1.809999942779541,1.850000023841858,0.0,1075800
2020-09-25,2.0,2.0,0.0,2.0299999713897705,1.840000033378601,1.8600000143051147,0.0,3111800
2020-09-28,1.940000057220459,1.940000057220459,0.0,2.009999990463257,1.899999976158142,1.9900000095367432,0.0,767700
2020-09-29,1.9299999475479126,1.9299999475479126,0.0,1.9600000381469727,1.8700000047683716,1.899999976158142,0.0,586000
2020-09-30,1.8700000047683716,1.8700000047683716,0.0,1.940000057220459,1.8600000143051147,1.940000057220459,0.0,598200
2020-10-01,1.899999976158142,1.899999976158142,0.0,1.9390000104904175,1.8600000143051147,1.8700000047683716,0.0,442400
2020-10-02,1.8700000047683716,1.8700000047683716,0.0,1.8899999856948853,1.840000033378601,1.8600000143051147,0.0,633300
2020-10-05,1.8899999856948853,1.8899999856948853,0.0,1.8899999856948853,1.840000033378601,1.8600000143051147,0.0,454400
2020-10-06,1.909999966621399,1.909999966621399,0.0,1.9600000381469727,1.8600000143051147,1.9299999475479126,0.0,897200
2020-10-07,1.899999976158142,1.899999976158142,0.0,1.9290000200271606,1.8700000047683716,1.9199999570846558,0.0,471100
2020-10-08,1.9700000286102295,1.9700000286102295,0.0,2.009999990463257,1.8799999952316284,1.940000057220459,0.0,1640400
2020-10-09,1.9600000381469727,1.9600000381469727,0.0,1.9900000095367432,1.899999976158142,1.9800000190734863,0.0,1027300
2020-10-12,1.940000057220459,1.940000057220459,0.0,1.9900000095367432,1.8799999952316284,1.940000057220459,0.0,1310300
2020-10-13,1.9900000095367432,1.9900000095367432,0.0,2.0399999618530273,1.9199999570846558,1.940000057220459,0.0,2113400
2020-10-14,1.8799999952316284,1.8799999952316284,0.0,2.0399999618530273,1.8700000047683716,1.9900000095367432,0.0,1758700
2020-10-15,1.8799999952316284,1.8799999952316284,0.0,1.909999966621399,1.850000023841858,1.8700000047683716,0.0,1153100
2020-10-16,1.8899999856948853,1.8899999856948853,0.0,1.909999966621399,1.8600000143051147,1.909999966621399,0.0,734000
2020-10-19,1.899999976158142,1.899999976158142,0.0,1.934999942779541,1.8880000114440918,1.909999966621399,0.0,1009500
2020-10-20,1.9600000381469727,1.9600000381469727,0.0,1.9800000190734863,1.8899999856948853,1.899999976158142,0.0,1379100
2020-10-21,2.240000009536743,2.240000009536743,0.0,2.319999933242798,1.9900000095367432,2.0,0.0,10587200
2020-10-22,2.0299999713897705,2.0299999713897705,0.0,2.36299991607666,2.0,2.359999895095825,0.0,6771500
2020-10-23,1.9299999475479126,1.9299999475479126,0.0,2.1500000953674316,1.9199999570846558,2.0999999046325684,0.0,2468600
2020-10-26,1.9199999570846558,1.9199999570846558,0.0,1.9800000190734863,1.899999976158142,1.940000057220459,0.0,1489500
2020-10-27,2.009999990463257,2.009999990463257,0.0,2.0399999618530273,1.899999976158142,1.940000057220459,0.0,2772700
2020-10-28,1.850000023841858,1.850000023841858,0.0,1.9700000286102295,1.850000023841858,1.9199999570846558,0.0,2024300
2020-10-29,1.9500000476837158,1.9500000476837158,0.0,1.9700000286102295,1.850000023841858,1.850000023841858,0.0,1335800
2020-10-30,2.180000066757202,2.180000066757202,0.0,2.180000066757202,1.8700000047683716,1.9299999475479126,0.0,4795700
2020-11-02,2.109999895095825,2.109999895095825,0.0,2.1700000762939453,2.069999933242798,2.0899999141693115,0.0,3165600
2020-11-03,2.1600000858306885,2.1600000858306885,0.0,2.190000057220459,2.069999933242798,2.109999895095825,0.0,2601800
2020-11-04,2.130000114440918,2.130000114440918,0.0,2.2200000286102295,2.049999952316284,2.180000066757202,0.0,2064100
2020-11-05,2.380000114440918,2.380000114440918,0.0,2.4100000858306885,2.1700000762939453,2.2100000381469727,0.0,4521700
2020-11-06,2.4200000762939453,2.4200000762939453,0.0,2.4700000286102295,2.2899999618530273,2.359999895095825,0.0,3651100
2020-11-09,2.5299999713897705,2.5299999713897705,0.0,2.549999952316284,2.2899999618530273,2.359999895095825,0.0,4054700
2020-11-10,2.390000104904175,2.390000104904175,0.0,2.549999952316284,2.3499999046325684,2.4700000286102295,0.0,2329800
2020-11-11,2.619999885559082,2.619999885559082,0.0,2.6500000953674316,2.380000114440918,2.440000057220459,0.0,3451300
2020-11-12,2.640000104904175,2.640000104904175,0.0,2.7149999141693115,2.5299999713897705,2.6500000953674316,0.0,6252000
2020-11-13,2.6600000858306885,2.6600000858306885,0.0,2.680000066757202,2.549999952316284,2.640000104904175,0.0,1784600
2020-11-16,3.2899999618530273,3.2899999618530273,0.0,3.7300000190734863,2.7100000381469727,2.7300000190734863,0.0,25592900
2020-11-17,3.319999933242798,3.319999933242798,0.0,3.859999895095825,3.2100000381469727,3.5,0.0,10866000
2020-11-18,3.2100000381469727,3.2100000381469727,0.0,3.5799999237060547,3.0799999237060547,3.446000099182129,0.0,6233300
2020-11-19,3.490000009536743,3.490000009536743,0.0,3.5199999809265137,3.0999999046325684,3.240000009536743,0.0,5208500
2020-11-20,4.28000020980835,4.28000020980835,0.0,4.349999904632568,3.5,3.5,0.0,12121700
2020-11-23,5.059999942779541,5.059999942779541,0.0,5.28000020980835,4.710000038146973,4.98199987411499,0.0,11157000
2020-11-24,5.420000076293945,5.420000076293945,0.0,5.639999866485596,5.090000152587891,5.489999771118164,0.0,9611300
2020-11-25,6.369999885559082,6.369999885559082,0.0,7.260000228881836,5.119999885559082,5.449999809265137,0.0,20066100
2020-11-27,5.75,5.75,0.0,6.119999885559082,5.5,5.900000095367432,0.0,8517500
2020-11-30,5.0,5.0,0.0,6.059999942779541,4.800000190734863,5.989999771118164,0.0,13376000
2020-12-01,4.699999809265137,4.699999809265137,0.0,5.230000019073486,4.480000019073486,5.119999885559082,0.0,9528400
2020-12-02,3.75,3.75,0.0,4.269999980926514,3.5799999237060547,4.21999979019165,0.0,13120600
2020-12-03,3.7699999809265137,3.7699999809265137,0.0,3.9000000953674316,3.4100000858306885,3.8970000743865967,0.0,9534600
2020-12-04,3.7100000381469727,3.7100000381469727,0.0,3.890000104904175,3.559999942779541,3.7760000228881836,0.0,4246900
2020-12-07,3.75,3.75,0.0,4.139999866485596,3.5299999713897705,3.640000104904175,0.0,7747200
2020-12-08,3.859999895095825,3.859999895095825,0.0,3.9700000286102295,3.5999999046325684,3.700000047683716,0.0,3367400
2020-12-09,3.549999952316284,3.549999952316284,0.0,3.950000047683716,3.430000066757202,3.7699999809265137,0.0,4165300
2020-12-10,3.75,3.75,0.0,3.799999952316284,3.450000047683716,3.4600000381469727,0.0,2508700
2020-12-11,3.369999885559082,3.369999885559082,0.0,3.6700000762939453,3.180000066757202,3.6600000858306885,0.0,5281100
2020-12-14,3.509999990463257,3.509999990463257,0.0,3.5999999046325684,3.380000114440918,3.5,0.0,4013900
2020-12-15,3.559999942779541,3.559999942779541,0.0,3.5999999046325684,3.4000000953674316,3.5299999713897705,0.0,3697400
2020-12-16,3.799999952316284,3.799999952316284,0.0,4.110000133514404,3.688999891281128,3.9679999351501465,0.0,11403200
2020-12-17,4.25,4.25,0.0,4.64900016784668,4.019999980926514,4.260000228881836,0.0,16619500
2020-12-18,4.320000171661377,4.320000171661377,0.0,4.5,4.0,4.309999942779541,0.0,11585600
2020-12-21,4.190000057220459,4.190000057220459,0.0,4.485000133514404,4.159999847412109,4.21999979019165,0.0,5787400
2020-12-22,4.139999866485596,4.139999866485596,0.0,4.449999809265137,3.9100000858306885,4.300000190734863,0.0,6769500
2020-12-23,3.7699999809265137,3.7699999809265137,0.0,4.139999866485596,3.7699999809265137,4.139999866485596,0.0,5005500
2020-12-24,3.7300000190734863,3.7300000190734863,0.0,3.950000047683716,3.700000047683716,3.7899999618530273,0.0,1894300
2020-12-28,4.190000057220459,4.190000057220459,0.0,4.699999809265137,4.050000190734863,4.119999885559082,0.0,10366700
2020-12-29,3.9800000190734863,3.9800000190734863,0.0,4.284999847412109,3.6410000324249268,4.210000038146973,0.0,3947700
2020-12-30,4.380000114440918,4.380000114440918,0.0,4.489999771118164,4.039999961853027,4.130000114440918,0.0,12624700
2020-12-31,5.929999828338623,5.929999828338623,0.0,6.300000190734863,4.900000095367432,5.199999809265137,0.0,79006900
2021-01-04,6.679999828338623,6.679999828338623,0.0,7.349999904632568,6.170000076293945,6.980000019073486,0.0,35908700
2021-01-05,6.340000152587891,6.340000152587891,0.0,6.489999771118164,5.599999904632568,6.070000171661377,0.0,21213100
2021-01-06,6.230000019073486,6.230000019073486,0.0,6.940000057220459,5.940000057220459,6.353000164031982,0.0,16889200
2021-01-07,6.5,6.5,0.0,7.190000057220459,6.340000152587891,6.519999980926514,0.0,25813700
2021-01-08,6.25,6.25,0.0,6.840000152587891,5.909999847412109,6.840000152587891,0.0,17360100
2021-01-11,5.519999980926514,5.519999980926514,0.0,5.840000152587891,5.329999923706055,5.46999979019165,0.0,10173400
2021-01-12,5.650000095367432,5.650000095367432,0.0,5.795000076293945,5.449999809265137,5.559999942779541,0.0,6521500
2021-01-13,5.239999771118164,5.239999771118164,0.0,5.619999885559082,5.03000020980835,5.619999885559082,0.0,8634900
2021-01-14,5.28000020980835,5.28000020980835,0.0,5.650000095367432,5.21999979019165,5.5,0.0,7371500
2021-01-15,4.849999904632568,4.849999904632568,0.0,5.260000228881836,4.769999980926514,5.110000133514404,0.0,7381700
2021-01-19,4.929999828338623,4.929999828338623,0.0,5.130000114440918,4.835000038146973,5.048999786376953,0.0,5894000
2021-01-20,4.940000057220459,4.940000057220459,0.0,5.150000095367432,4.635000228881836,4.869999885559082,0.0,5976800
2021-01-21,4.800000190734863,4.800000190734863,0.0,4.815000057220459,4.545000076293945,4.690000057220459,0.0,6442000
2021-01-22,4.909999847412109,4.909999847412109,0.0,5.150000095367432,4.749000072479248,4.769999980926514,0.0,6494400
2021-01-25,5.239999771118164,5.239999771118164,0.0,5.340000152587891,4.820000171661377,5.03000020980835,0.0,7006100
2021-01-26,4.900000095367432,4.900000095367432,0.0,5.214000225067139,4.820000171661377,5.179999828338623,0.0,5218900
2021-01-27,4.510000228881836,4.510000228881836,0.0,4.619999885559082,4.300000190734863,4.599999904632568,0.0,4970200
2021-01-28,5.079999923706055,5.079999923706055,0.0,5.369999885559082,4.599999904632568,4.869999885559082,0.0,10180600
2021-01-29,4.559999942779541,4.559999942779541,0.0,5.90500020980835,4.559999942779541,5.550000190734863,0.0,17471900
2021-02-01,4.880000114440918,4.880000114440918,0.0,4.889999866485596,4.659999847412109,4.710000038146973,0.0,4965600
2021-02-02,5.150000095367432,5.150000095367432,0.0,5.179999828338623,4.760000228881836,4.880000114440918,0.0,7300000
2021-02-03,5.610000133514404,5.610000133514404,0.0,6.070000171661377,5.050000190734863,5.119999885559082,0.0,12988500
2021-02-04,5.639999866485596,5.639999866485596,0.0,6.014999866485596,5.360000133514404,5.760000228881836,0.0,8364700
2021-02-05,6.019999980926514,6.019999980926514,0.0,6.050000190734863,5.639999866485596,5.659999847412109,0.0,7357700
2021-02-08,7.059999942779541,7.059999942779541,0.0,7.150000095367432,6.620999813079834,6.909999847412109,0.0,14812600
2021-02-09,7.75,7.75,0.0,8.25,7.070000171661377,7.769999980926514,0.0,21648900
2021-02-10,8.270000457763672,8.270000457763672,0.0,9.050000190734863,7.900000095367432,8.26099967956543,0.0,22439900
2021-02-11,10.649999618530273,10.649999618530273,0.0,11.140000343322754,8.819999694824219,9.0,0.0,29547300
2021-02-12,13.039999961853027,13.039999961853027,0.0,13.479000091552734,9.788000106811523,10.305000305175781,0.0,26965000
2021-02-16,19.639999389648438,19.639999389648438,0.0,19.649999618530273,15.029999732971191,15.59000015258789,0.0,42459500
2021-02-17,20.5,20.5,0.0,22.25,16.809999465942383,19.420000076293945,0.0,36262900
2021-02-18,17.329999923706055,17.329999923706055,0.0,19.3799991607666,15.649999618530273,18.100000381469727,0.0,22286300
2021-02-19,24.790000915527344,24.790000915527344,0.0,25.777999877929688,19.1200008392334,19.149999618530273,0.0,52961200
2021-02-22,20.850000381469727,20.850000381469727,0.0,24.799999237060547,20.149999618530273,21.149999618530273,0.0,35081400
2021-02-23,17.760000228881836,17.760000228881836,0.0,19.670000076293945,14.609999656677246,16.93000030517578,0.0,29901500
2021-02-24,18.489999771118164,18.489999771118164,0.0,20.079999923706055,18.030000686645508,19.389999389648438,0.0,13399300
2021-02-25,15.710000038146973,15.710000038146973,0.0,20.295000076293945,15.404999732971191,19.049999237060547,0.0,18442700
2021-02-26,15.15999984741211,15.15999984741211,0.0,16.850000381469727,14.321999549865723,15.25,0.0,13404400
2021-03-01,22.25,22.25,0.0,22.290000915527344,16.90999984741211,17.639999389648438,0.0,35685400
2021-03-02,21.34000015258789,21.34000015258789,0.0,23.860000610351562,20.420000076293945,23.020000457763672,0.0,16280300
2021-03-03,22.729999542236328,22.729999542236328,0.0,25.299999237060547,21.850000381469727,24.030000686645508,0.0,23095700
2021-03-04,20.6200008392334,20.6200008392334,0.0,24.950000762939453,19.0,21.923999786376953,0.0,17813300
2021-03-05,19.969999313354492,19.969999313354492,0.0,22.09000015258789,17.110000610351562,22.079999923706055,0.0,14490200
2021-03-08,19.06999969482422,19.06999969482422,0.0,22.190000534057617,19.0,20.709999084472656,0.0,12681600
2021-03-09,28.690000534057617,28.690000534057617,0.0,30.290000915527344,21.31999969482422,21.738000869750977,0.0,40930100
2021-03-10,27.979999542236328,27.979999542236328,0.0,32.45000076293945,26.3700008392334,31.799999237060547,0.0,38070200
2021-03-11,36.400001525878906,36.400001525878906,0.0,36.79999923706055,28.709999084472656,29.469999313354492,0.0,27494400
2021-03-12,34.630001068115234,34.630001068115234,0.0,39.099998474121094,31.219999313354492,32.400001525878906,0.0,30093400
2021-03-15,33.54999923706055,33.54999923706055,0.0,37.779998779296875,31.3700008392334,35.404998779296875,0.0,19173300
2021-03-16,28.950000762939453,28.950000762939453,0.0,33.45000076293945,28.010000228881836,31.84000015258789,0.0,14918300
2021-03-17,32.29999923706055,32.29999923706055,0.0,32.38999938964844,26.937000274658203,28.030000686645508,0.0,24149600
2021-03-18,28.829999923706055,28.829999923706055,0.0,32.88999938964844,28.520000457763672,31.299999237060547,0.0,18504700
2021-03-19,27.6200008392334,27.6200008392334,0.0,29.420000076293945,27.25,28.76799964904785,0.0,11889200
2021-03-22,22.969999313354492,22.969999313354492,0.0,27.25,22.450000762939453,26.600000381469727,0.0,21364800
2021-03-23,21.059999465942383,21.059999465942383,0.0,23.790000915527344,19.899999618530273,22.299999237060547,0.0,21218300
2021-03-24,17.8799991607666,17.8799991607666,0.0,23.899999618530273,17.719999313354492,23.5,0.0,24788900
2021-03-25,18.209999084472656,18.209999084472656,0.0,18.489999771118164,15.59000015258789,15.819999694824219,0.0,24150500
2021-03-26,17.399999618530273,17.399999618530273,0.0,18.760000228881836,16.0,18.6200008392334,0.0,21990200
2021-03-29,17.610000610351562,17.610000610351562,0.0,20.399999618530273,17.110000610351562,19.270000457763672,0.0,20337800
2021-03-30,21.260000228881836,21.260000228881836,0.0,21.540000915527344,17.719999313354492,18.65999984741211,0.0,29170900
2021-03-31,20.670000076293945,20.670000076293945,0.0,21.940000534057617,19.520000457763672,20.59000015258789,0.0,17294100
2021-04-01,22.0,22.0,0.0,24.100000381469727,21.010000228881836,21.139999389648438,0.0,20380500
2021-04-05,19.780000686645508,19.780000686645508,0.0,21.700000762939453,19.1200008392334,21.600000381469727,0.0,15718500
2021-04-06,19.25,19.25,0.0,19.65999984741211,18.110000610351562,18.850000381469727,0.0,9839800
2021-04-07,18.639999389648438,18.639999389648438,0.0,19.260000228881836,18.079999923706055,18.510000228881836,0.0,7848000
2021-04-08,18.950000762939453,18.950000762939453,0.0,19.729999542236328,18.579999923706055,18.954999923706055,0.0,7479100
2021-04-09,18.670000076293945,18.670000076293945,0.0,19.34000015258789,17.510000228881836,19.100000381469727,0.0,8255700
2021-04-12,13.140000343322754,13.140000343322754,0.0,18.676000595092773,12.050000190734863,18.5,0.0,60359400
2021-04-13,14.609999656677246,14.609999656677246,0.0,15.869999885559082,13.760000228881836,14.5,0.0,41805300
2021-04-14,13.569999694824219,13.569999694824219,0.0,15.600000381469727,13.119999885559082,15.12600040435791,0.0,22426900
2021-04-15,12.729999542236328,12.729999542236328,0.0,13.600000381469727,12.220000267028809,13.4399995803833,0.0,12869700
2021-04-16,13.609999656677246,13.609999656677246,0.0,13.979999542236328,12.100000381469727,12.17300033569336,0.0,12925500
2021-04-19,12.399999618530273,12.399999618530273,0.0,12.8100004196167,11.520000457763672,12.395000457763672,0.0,11305600
2021-04-20,12.1899995803833,12.1899995803833,0.0,12.380000114440918,11.510000228881836,12.0600004196167,0.0,7675800
2021-04-21,13.770000457763672,13.770000457763672,0.0,13.859999656677246,11.779999732971191,11.850000381469727,0.0,10700700
2021-04-22,13.15999984741211,13.15999984741211,0.0,14.420000076293945,12.899999618530273,13.989999771118164,0.0,10124800
2021-04-23,13.359999656677246,13.359999656677246,0.0,13.479999542236328,12.100000381469727,12.125,0.0,7081200
2021-04-26,14.640000343322754,14.640000343322754,0.0,14.649999618530273,13.220000267028809,13.90999984741211,0.0,8583300
2021-04-27,14.239999771118164,14.239999771118164,0.0,15.020000457763672,13.859999656677246,14.916000366210938,0.0,5505900
2021-04-28,14.539999961853027,14.539999961853027,0.0,14.779999732971191,13.65999984741211,14.020000457763672,0.0,5681000
2021-04-29,13.020000457763672,13.020000457763672,0.0,13.109999656677246,12.5,12.850000381469727,0.0,15893500
2021-04-30,12.510000228881836,12.510000228881836,0.0,13.789999961853027,12.510000228881836,12.949999809265137,0.0,11675000
2021-05-03,13.229999542236328,13.229999542236328,0.0,13.300000190734863,12.513999938964844,12.784000396728516,0.0,8134200
2021-05-04,11.800000190734863,11.800000190734863,0.0,12.960000038146973,11.399999618530273,12.800000190734863,0.0,9176100
2021-05-05,12.119999885559082,12.119999885559082,0.0,12.420000076293945,11.40999984741211,12.0,0.0,6561700
2021-05-06,11.609999656677246,11.609999656677246,0.0,12.079999923706055,11.220000267028809,12.0600004196167,0.0,5470300
2021-05-07,11.630000114440918,11.630000114440918,0.0,12.260000228881836,11.399999618530273,11.739999771118164,0.0,4500500
2021-05-10,10.210000038146973,10.210000038146973,0.0,11.510000228881836,10.210000038146973,11.5,0.0,8526800
2021-05-11,10.289999961853027,10.289999961853027,0.0,10.381999969482422,9.050000190734863,9.104999542236328,0.0,7070500
2021-05-12,9.850000381469727,9.850000381469727,0.0,10.600000381469727,9.729999542236328,10.229999542236328,0.0,4722900
2021-05-13,8.710000038146973,8.710000038146973,0.0,9.850000381469727,8.470000267028809,9.270000457763672,0.0,8556200
2021-05-14,9.6899995803833,9.6899995803833,0.0,9.819999694824219,8.90999984741211,9.005000114440918,0.0,5835700
2021-05-17,9.680000305175781,9.680000305175781,0.0,9.829999923706055,9.050000190734863,9.100000381469727,0.0,4028600
2021-05-18,9.800000190734863,9.800000190734863,0.0,10.1899995803833,9.449999809265137,9.729999542236328,0.0,4355300
2021-05-19,8.520000457763672,8.520000457763672,0.0,9.029999732971191,8.25,8.720000267028809,0.0,9780400
2021-05-20,8.779999732971191,8.779999732971191,0.0,9.130000114440918,8.489999771118164,9.069999694824219,0.0,4958400
2021-05-21,7.96999979019165,7.96999979019165,0.0,9.079999923706055,7.920000076293945,8.770000457763672,0.0,9683500
2021-05-24,7.409999847412109,7.409999847412109,0.0,7.849999904632568,7.050000190734863,7.659999847412109,0.0,12561000
2021-05-25,7.659999847412109,7.659999847412109,0.0,7.929999828338623,7.179999828338623,7.389999866485596,0.0,7193100
2021-05-26,8.65999984741211,8.65999984741211,0.0,8.890000343322754,7.710000038146973,7.860000133514404,0.0,9429600
2021-05-27,9.149999618530273,9.149999618530273,0.0,9.380000114440918,8.350000381469727,8.960000038146973,0.0,11597800
2021-05-28,8.399999618530273,8.399999618530273,0.0,8.930000305175781,8.369999885559082,8.880000114440918,0.0,7021700
2021-06-01,10.260000228881836,10.260000228881836,0.0,11.100000381469727,8.65999984741211,8.850000381469727,0.0,22532300
2021-06-02,10.010000228881836,10.010000228881836,0.0,10.680000305175781,9.619999885559082,10.619999885559082,0.0,9967500
2021-06-03,10.890000343322754,10.890000343322754,0.0,11.5,9.899999618530273,10.0600004196167,0.0,11154300
2021-06-04,10.970000267028809,10.970000267028809,0.0,11.170000076293945,10.369999885559082,10.449999809265137,0.0,5539700
2021-06-07,10.0600004196167,10.0600004196167,0.0,10.859999656677246,9.319999694824219,10.720000267028809,0.0,11674900
2021-06-08,9.4399995803833,9.4399995803833,0.0,9.979999542236328,9.140000343322754,9.720000267028809,0.0,7057700
2021-06-09,9.819999694824219,9.819999694824219,0.0,10.699999809265137,9.510000228881836,9.670000076293945,0.0,9954200
2021-06-10,9.069999694824219,9.069999694824219,0.0,10.479999542236328,9.010000228881836,10.079999923706055,0.0,7554000
2021-06-11,8.720000267028809,8.720000267028809,0.0,9.25100040435791,8.619999885559082,9.100000381469727,0.0,6670900
2021-06-14,10.300000190734863,10.300000190734863,0.0,11.147000312805176,9.180000305175781,9.291999816894531,0.0,21917300
2021-06-15,9.920000076293945,9.920000076293945,0.0,10.520000457763672,9.329999923706055,10.5,0.0,9760700
2021-06-16,9.59000015258789,9.59000015258789,0.0,10.050000190734863,9.300000190734863,9.59000015258789,0.0,5750800
2021-06-17,9.420000076293945,9.420000076293945,0.0,9.722000122070312,9.329999923706055,9.59000015258789,0.0,6091700
2021-06-18,9.079999923706055,9.079999923706055,0.0,9.550000190734863,8.829999923706055,9.300000190734863,0.0,5919400
2021-06-21,8.380000114440918,8.380000114440918,0.0,9.109999656677246,8.220000267028809,8.640000343322754,0.0,6841300
2021-06-22,7.889999866485596,7.889999866485596,0.0,8.130000114440918,7.570000171661377,7.701000213623047,0.0,9027100
2021-06-23,7.829999923706055,7.829999923706055,0.0,8.49899959564209,7.715000152587891,8.220000267028809,0.0,7898200
2021-06-24,8.140000343322754,8.140000343322754,0.0,8.239999771118164,7.840000152587891,8.032999992370605,0.0,4827400
2021-06-25,7.599999904632568,7.599999904632568,0.0,8.0600004196167,7.519999980926514,7.96999979019165,0.0,6981700
2021-06-28,7.949999809265137,7.949999809265137,0.0,8.140000343322754,7.690000057220459,7.789999961853027,0.0,6218500
2021-06-29,8.149999618530273,8.149999618530273,0.0,8.9399995803833,8.050000190734863,8.258000373840332,0.0,10790000
2021-06-30,8.149999618530273,8.149999618530273,0.0,8.279999732971191,7.769999980926514,7.980000019073486,0.0,4720000
2021-07-01,7.619999885559082,7.619999885559082,0.0,8.039999961853027,7.440000057220459,7.96999979019165,0.0,7330500
2021-07-02,7.320000171661377,7.320000171661377,0.0,7.659999847412109,7.25,7.550000190734863,0.0,4279800
2021-07-06,7.579999923706055,7.579999923706055,0.0,7.78000020980835,7.179999828338623,7.389999866485596,0.0,4681900
2021-07-07,7.179999828338623,7.179999828338623,0.0,7.699999809265137,7.019999980926514,7.690000057220459,0.0,5124600
2021-07-08,6.590000152587891,6.590000152587891,0.0,6.840000152587891,6.400000095367432,6.739999771118164,0.0,7939400
2021-07-09,6.739999771118164,6.739999771118164,0.0,6.880000114440918,6.610000133514404,6.820000171661377,0.0,3309300
2021-07-12,6.670000076293945,6.670000076293945,0.0,6.869999885559082,6.480000019073486,6.710000038146973,0.0,3549800
2021-07-13,6.360000133514404,6.360000133514404,0.0,6.599999904632568,6.349999904632568,6.599999904632568,0.0,3999200
2021-07-14,6.510000228881836,6.510000228881836,0.0,6.940000057220459,6.28000020980835,6.369999885559082,0.0,6420300
2021-07-15,6.300000190734863,6.300000190734863,0.0,6.519999980926514,6.039999961853027,6.420000076293945,0.0,4538000
2021-07-16,5.769999980926514,5.769999980926514,0.0,6.289999961853027,5.690000057220459,6.25,0.0,5011400
2021-07-19,5.71999979019165,5.71999979019165,0.0,5.855000019073486,5.389999866485596,5.485000133514404,0.0,4889800
2021-07-20,5.619999885559082,5.619999885559082,0.0,5.690000057220459,5.320000171661377,5.579999923706055,0.0,4492800
2021-07-21,6.46999979019165,6.46999979019165,0.0,6.570000171661377,5.929999828338623,5.940000057220459,0.0,8031600
2021-07-22,6.179999828338623,6.179999828338623,0.0,6.630000114440918,6.034999847412109,6.590000152587891,0.0,3984000
2021-07-23,5.760000228881836,5.760000228881836,0.0,6.077000141143799,5.684999942779541,5.949999809265137,0.0,3595200
2021-07-26,6.679999828338623,6.679999828338623,0.0,6.900000095367432,6.179999828338623,6.349999904632568,0.0,15610600
2021-07-27,5.96999979019165,5.96999979019165,0.0,6.300000190734863,5.769999980926514,6.210000038146973,0.0,6951000
2021-07-28,7.070000171661377,7.070000171661377,0.0,7.339000225067139,6.210000038146973,6.502999782562256,0.0,11788100
2021-07-29,6.829999923706055,6.829999923706055,0.0,7.21999979019165,6.75,7.070000171661377,0.0,5562300
2021-07-30,6.880000114440918,6.880000114440918,0.0,7.230000019073486,6.679999828338623,6.739999771118164,0.0,6089700
2021-08-02,7.739999771118164,7.739999771118164,0.0,8.140000343322754,6.940000057220459,6.989999771118164,0.0,11412600
2021-08-03,7.820000171661377,7.820000171661377,0.0,7.860000133514404,7.239999771118164,7.650000095367432,0.0,4043500
2021-08-04,7.949999809265137,7.949999809265137,0.0,8.420000076293945,7.75,7.989999771118164,0.0,7960500
2021-08-05,8.239999771118164,8.239999771118164,0.0,8.515000343322754,7.559999942779541,7.829999923706055,0.0,6338200
2021-08-06,9.0,9.0,0.0,9.390000343322754,8.130000114440918,8.399999618530273,0.0,11185300
2021-08-09,9.979999542236328,9.979999542236328,0.0,10.699999809265137,9.59000015258789,10.119999885559082,0.0,20574500
2021-08-10,9.420000076293945,9.420000076293945,0.0,10.140000343322754,9.3100004196167,9.979999542236328,0.0,7264100
2021-08-11,9.75,9.75,0.0,10.449999809265137,9.53499984741211,9.90999984741211,0.0,8704300
2021-08-12,9.220000267028809,9.220000267028809,0.0,9.430000305175781,8.829999923706055,9.38700008392334,0.0,5203600
2021-08-13,9.260000228881836,9.260000228881836,0.0,10.0600004196167,9.175999641418457,9.619999885559082,0.0,5991400
2021-08-16,8.550000190734863,8.550000190734863,0.0,9.430000305175781,8.550000190734863,9.430000305175781,0.0,4128900
2021-08-17,8.180000305175781,8.180000305175781,0.0,8.479999542236328,7.769999980926514,8.220000267028809,0.0,4925700
2021-08-18,7.980000019073486,7.980000019073486,0.0,8.380000114440918,7.820000171661377,8.15999984741211,0.0,3675000
2021-08-19,7.760000228881836,7.760000228881836,0.0,7.949999809265137,7.480000019073486,7.690000057220459,0.0,4525500
2021-08-20,8.0600004196167,8.0600004196167,0.0,8.600000381469727,7.96999979019165,8.010000228881836,0.0,6418200
2021-08-23,9.170000076293945,9.170000076293945,0.0,9.199999809265137,8.263999938964844,8.708000183105469,0.0,8506900
2021-08-24,9.180000305175781,9.180000305175781,0.0,9.319999694824219,8.640999794006348,9.149999618530273,0.0,4851700
2021-08-25,9.699999809265137,9.699999809265137,0.0,9.920000076293945,8.75,9.0,0.0,5398200
2021-08-26,9.239999771118164,9.239999771118164,0.0,9.699999809265137,9.10200023651123,9.359999656677246,0.0,3196300
2021-08-27,9.869999885559082,9.869999885559082,0.0,10.010000228881836,9.390000343322754,9.420000076293945,0.0,4975800
2021-08-30,9.4399995803833,9.4399995803833,0.0,9.800000190734863,9.180000305175781,9.732999801635742,0.0,6911500
2021-08-31,9.399999618530273,9.399999618530273,0.0,9.880000114440918,9.180000305175781,9.880000114440918,0.0,5306000
2021-09-01,9.149999618530273,9.149999618530273,0.0,9.510000228881836,8.890000343322754,9.470000267028809,0.0,8277000
2021-09-02,9.300000190734863,9.300000190734863,0.0,9.899999618530273,9.270000457763672,9.430000305175781,0.0,6489000
2021-09-03,9.520000457763672,9.520000457763672,0.0,9.9399995803833,9.25,9.25,0.0,7710600
2021-09-07,9.579999923706055,9.579999923706055,0.0,10.229999542236328,9.329999923706055,9.8100004196167,0.0,7262000
2021-09-08,8.460000038146973,8.460000038146973,0.0,9.5,8.399999618530273,9.479999542236328,0.0,6668500
2021-09-09,8.829999923706055,8.829999923706055,0.0,8.989999771118164,8.5,8.75,0.0,3575700
2021-09-10,8.420000076293945,8.420000076293945,0.0,9.020000457763672,8.40999984741211,8.75,0.0,2996400
2021-09-13,8.670000076293945,8.670000076293945,0.0,8.937000274658203,8.09000015258789,8.289999961853027,0.0,4944900
2021-09-14,9.180000305175781,9.180000305175781,0.0,9.680000305175781,8.824999809265137,8.84000015258789,0.0,6918700
2021-09-15,8.210000038146973,8.210000038146973,0.0,9.739999771118164,7.909999847412109,9.630000114440918,0.0,18518900
2021-09-16,7.760000228881836,7.760000228881836,0.0,8.295000076293945,7.420000076293945,8.09000015258789,0.0,10777400
2021-09-17,8.010000228881836,8.010000228881836,0.0,8.194999694824219,7.619999885559082,7.699999809265137,0.0,11533800
2021-09-20,7.289999961853027,7.289999961853027,0.0,7.630000114440918,7.059999942779541,7.504000186920166,0.0,8377000
2021-09-21,7.269999980926514,7.269999980926514,0.0,7.400000095367432,7.150000095367432,7.360000133514404,0.0,3836300
2021-09-22,7.619999885559082,7.619999885559082,0.0,7.710000038146973,7.170000076293945,7.329999923706055,0.0,4333800
2021-09-23,7.75,7.75,0.0,7.75,7.429999828338623,7.659999847412109,0.0,3981000
2021-09-24,6.110000133514404,6.110000133514404,0.0,7.090000152587891,5.920000076293945,7.03000020980835,0.0,28427600
2021-09-27,6.019999980926514,6.019999980926514,0.0,6.340000152587891,5.860000133514404,6.090000152587891,0.0,8837800
2021-09-28,5.670000076293945,5.670000076293945,0.0,5.949999809265137,5.644999980926514,5.949999809265137,0.0,8097300
2021-09-29,5.539999961853027,5.539999961853027,0.0,5.820000171661377,5.460000038146973,5.764999866485596,0.0,4664500
2021-09-30,6.110000133514404,6.110000133514404,0.0,6.230000019073486,5.590000152587891,5.630000114440918,0.0,9520600
2021-10-01,6.409999847412109,6.409999847412109,0.0,6.550000190734863,6.079999923706055,6.400000095367432,0.0,6226500
2021-10-04,6.28000020980835,6.28000020980835,0.0,6.420000076293945,6.119999885559082,6.260000228881836,0.0,3479700
2021-10-05,6.579999923706055,6.579999923706055,0.0,6.679999828338623,6.369999885559082,6.440000057220459,0.0,4733500
2021-10-06,6.650000095367432,6.650000095367432,0.0,6.929999828338623,6.579999923706055,6.770999908447266,0.0,6477500
2021-10-07,6.639999866485596,6.639999866485596,0.0,6.813000202178955,6.420000076293945,6.760000228881836,0.0,4635500
2021-10-08,6.28000020980835,6.28000020980835,0.0,6.739999771118164,6.235000133514404,6.639999866485596,0.0,3909400
2021-10-11,6.71999979019165,6.71999979019165,0.0,6.809999942779541,6.400000095367432,6.400000095367432,0.0,6865500
2021-10-12,6.46999979019165,6.46999979019165,0.0,6.659999847412109,6.269999980926514,6.630000114440918,0.0,3613900
2021-10-13,6.380000114440918,6.380000114440918,0.0,6.480000019073486,6.144999980926514,6.380000114440918,0.0,3578400
2021-10-14,6.320000171661377,6.320000171661377,0.0,6.493000030517578,6.210000038146973,6.480000019073486,0.0,2995600
2021-10-15,6.510000228881836,6.510000228881836,0.0,6.699999809265137,6.300000190734863,6.409999847412109,0.0,9566000
2021-10-18,6.599999904632568,6.599999904632568,0.0,7.190000057220459,6.519999980926514,6.53000020980835,0.0,10972300
2021-10-19,7.389999866485596,7.389999866485596,0.0,7.440000057220459,6.550000190734863,6.699999809265137,0.0,7642300
2021-10-20,8.720000267028809,8.720000267028809,0.0,9.079999923706055,7.460000038146973,7.5,0.0,23097600
2021-10-21,8.680000305175781,8.680000305175781,0.0,8.739999771118164,8.0,8.536999702453613,0.0,9543900
2021-10-22,8.149999618530273,8.149999618530273,0.0,8.59000015258789,8.029999732971191,8.569999694824219,0.0,4665100
2021-10-25,9.25,9.25,0.0,9.300000190734863,8.369999885559082,8.390000343322754,0.0,8817400
2021-10-26,8.90999984741211,8.90999984741211,0.0,9.333999633789062,8.621000289916992,9.260000228881836,0.0,5313700
2021-10-27,8.430000305175781,8.430000305175781,0.0,8.779999732971191,8.229000091552734,8.3100004196167,0.0,4497700
2021-10-28,8.850000381469727,8.850000381469727,0.0,9.039999961853027,8.520000457763672,8.550000190734863,0.0,4280100
2021-10-29,8.569999694824219,8.569999694824219,0.0,8.970000267028809,8.569999694824219,8.760000228881836,0.0,3649200
2021-11-01,8.949999809265137,8.949999809265137,0.0,9.520000457763672,8.59000015258789,8.734000205993652,0.0,6306700
2021-11-02,9.199999809265137,9.199999809265137,0.0,9.430000305175781,8.479999542236328,9.279999732971191,0.0,8921800
2021-11-03,9.109999656677246,9.109999656677246,0.0,9.25,8.699999809265137,8.954999923706055,0.0,5134000
2021-11-04,9.289999961853027,9.289999961853027,0.0,9.6899995803833,9.010000228881836,9.149999618530273,0.0,7480100
2021-11-05,8.729999542236328,8.729999542236328,0.0,9.449999809265137,8.649999618530273,9.350000381469727,0.0,5599700
2021-11-08,10.289999961853027,10.289999961853027,0.0,10.449999809265137,9.149999618530273,9.170000076293945,0.0,10259700
2021-11-09,10.050000190734863,10.050000190734863,0.0,11.1899995803833,9.699999809265137,10.6899995803833,0.0,7095300
2021-11-10,9.710000038146973,9.710000038146973,0.0,10.479999542236328,9.510000228881836,10.074999809265137,0.0,5353900
2021-11-11,10.65999984741211,10.65999984741211,0.0,11.0,9.770000457763672,9.770000457763672,0.0,5607200
2021-11-12,10.359999656677246,10.359999656677246,0.0,10.6899995803833,10.170000076293945,10.390000343322754,0.0,4169200
2021-11-15,10.149999618530273,10.149999618530273,0.0,10.710000038146973,10.145000457763672,10.607999801635742,0.0,5350900
2021-11-16,10.699999809265137,10.699999809265137,0.0,11.0600004196167,9.270000457763672,10.003999710083008,0.0,6174700
2021-11-17,10.489999771118164,10.489999771118164,0.0,11.039999961853027,10.180000305175781,10.890000343322754,0.0,3262500
2021-11-18,9.430000305175781,9.430000305175781,0.0,10.5,9.050000190734863,10.449999809265137,0.0,4891700
2021-11-19,9.729999542236328,9.729999542236328,0.0,10.199999809265137,9.460000038146973,9.520000457763672,0.0,3482500
2021-11-22,8.949999809265137,8.949999809265137,0.0,9.878000259399414,8.699999809265137,9.789999961853027,0.0,3496100
2021-11-23,8.979999542236328,8.979999542236328,0.0,9.274999618530273,8.539999961853027,8.949999809265137,0.0,2836900
2021-11-24,8.930000305175781,8.930000305175781,0.0,9.010000228881836,8.520000457763672,8.789999961853027,0.0,2249100
2021-11-26,8.520000457763672,8.520000457763672,0.0,8.600000381469727,8.15999984741211,8.3100004196167,0.0,3186500
2021-11-29,8.800000190734863,8.800000190734863,0.0,9.0,8.489999771118164,8.829999923706055,0.0,2497600
2021-11-30,8.789999961853027,8.789999961853027,0.0,9.09000015258789,8.359000205993652,8.699999809265137,0.0,3678100
2021-12-01,8.550000190734863,8.550000190734863,0.0,9.187000274658203,8.489999771118164,8.880000114440918,0.0,3422200
2021-12-02,8.510000228881836,8.510000228881836,0.0,8.720999717712402,8.140000343322754,8.390000343322754,0.0,3394700
2021-12-03,6.059999942779541,6.059999942779541,0.0,8.449999809265137,6.0,8.331999778747559,0.0,14880700
2021-12-06,5.909999847412109,5.909999847412109,0.0,5.980000019073486,5.230000019073486,5.800000190734863,0.0,5951600
2021-12-07,6.440000057220459,6.440000057220459,0.0,6.730000019073486,6.079999923706055,6.079999923706055,0.0,4949900
2021-12-08,6.329999923706055,6.329999923706055,0.0,6.5,6.039999961853027,6.24399995803833,0.0,2599700
2021-12-09,5.900000095367432,5.900000095367432,0.0,6.314000129699707,5.860000133514404,6.210000038146973,0.0,2449100
2021-12-10,5.809999942779541,5.809999942779541,0.0,6.21999979019165,5.625,6.175000190734863,0.0,3379200
2021-12-13,5.639999866485596,5.639999866485596,0.0,5.866000175476074,5.539999961853027,5.789999961853027,0.0,3033900
2021-12-14,5.559999942779541,5.559999942779541,0.0,5.820000171661377,5.464000225067139,5.559999942779541,0.0,4496100
2021-12-15,5.5,5.5,0.0,5.599999904632568,5.21999979019165,5.570000171661377,0.0,5659400
2021-12-16,5.420000076293945,5.420000076293945,0.0,5.78000020980835,5.329999923706055,5.679999828338623,0.0,3814300
2021-12-17,5.300000190734863,5.300000190734863,0.0,5.440000057220459,4.920000076293945,5.210000038146973,0.0,5569700
2021-12-20,4.900000095367432,4.900000095367432,0.0,5.099999904632568,4.775000095367432,5.093999862670898,0.0,4044400
2021-12-21,5.159999847412109,5.159999847412109,0.0,5.210000038146973,4.989999771118164,5.090000152587891,0.0,4668600
2021-12-22,5.179999828338623,5.179999828338623,0.0,5.21999979019165,4.96999979019165,5.090000152587891,0.0,2463700
2021-12-23,5.449999809265137,5.449999809265137,0.0,5.53000020980835,5.074999809265137,5.1519999504089355,0.0,3534400
2021-12-27,5.380000114440918,5.380000114440918,0.0,5.630000114440918,5.329999923706055,5.550000190734863,0.0,3048100
2021-12-28,4.920000076293945,4.920000076293945,0.0,5.269999980926514,4.880000114440918,5.228000164031982,0.0,3524100
2021-12-29,4.889999866485596,4.889999866485596,0.0,5.119999885559082,4.849999904632568,4.960000038146973,0.0,2387400
2021-12-30,5.059999942779541,5.059999942779541,0.0,5.21999979019165,4.864999771118164,4.889999866485596,0.0,2515100
2021-12-31,5.150000095367432,5.150000095367432,0.0,5.489999771118164,5.079999923706055,5.119999885559082,0.0,3772700
2022-01-03,5.25,5.25,0.0,5.360000133514404,5.130000114440918,5.239999771118164,0.0,2539100
2022-01-04,5.179999828338623,5.179999828338623,0.0,5.400000095367432,4.889999866485596,5.389999866485596,0.0,3183900
2022-01-05,4.739999771118164,4.739999771118164,0.0,5.1620001792907715,4.724999904632568,5.03000020980835,0.0,3322800
2022-01-06,4.679999828338623,4.679999828338623,0.0,4.880000114440918,4.519999980926514,4.75,0.0,2466700
2022-01-07,4.670000076293945,4.670000076293945,0.0,4.760000228881836,4.460000038146973,4.570000171661377,0.0,2619600
2022-01-10,4.650000095367432,4.650000095367432,0.0,4.715000152587891,4.489999771118164,4.630000114440918,0.0,3232100
2022-01-11,4.989999771118164,4.989999771118164,0.0,5.110000133514404,4.630000114440918,4.670000076293945,0.0,3360800
2022-01-12,5.340000152587891,5.340000152587891,0.0,5.420000076293945,5.190000057220459,5.239999771118164,0.0,4060800
2022-01-13,5.099999904632568,5.099999904632568,0.0,5.449999809265137,5.059999942779541,5.369999885559082,0.0,2312000
2022-01-14,5.679999828338623,5.679999828338623,0.0,5.760000228881836,5.050000190734863,5.050000190734863,0.0,8290800
2022-01-18,5.210000038146973,5.210000038146973,0.0,5.630000114440918,5.190000057220459,5.480000019073486,0.0,3781900
2022-01-19,5.139999866485596,5.139999866485596,0.0,5.489999771118164,5.119999885559082,5.289999961853027,0.0,2522500
2022-01-20,5.039999961853027,5.039999961853027,0.0,5.460000038146973,5.03000020980835,5.379000186920166,0.0,2484800
2022-01-21,4.349999904632568,4.349999904632568,0.0,4.864999771118164,4.320000171661377,4.829999923706055,0.0,5313800
2022-01-24,4.019999980926514,4.019999980926514,0.0,4.099999904632568,3.700000047683716,3.859999895095825,0.0,7460900
2022-01-25,3.930000066757202,3.930000066757202,0.0,4.019999980926514,3.809999942779541,3.8499999046325684,0.0,3732400
2022-01-26,4.010000228881836,4.010000228881836,0.0,4.289999961853027,3.9549999237060547,4.159999847412109,0.0,4738300
2022-01-27,3.7100000381469727,3.7100000381469727,0.0,4.059999942779541,3.6700000762939453,4.010000228881836,0.0,3472900
2022-01-28,3.759999990463257,3.759999990463257,0.0,3.7980000972747803,3.5,3.5899999141693115,0.0,3072200
2022-01-31,4.300000190734863,4.300000190734863,0.0,4.300000190734863,3.819999933242798,3.859999895095825,0.0,3329600
2022-02-01,4.510000228881836,4.510000228881836,0.0,4.664999961853027,4.25,4.40500020980835,0.0,3083200
2022-02-02,4.360000133514404,4.360000133514404,0.0,4.579999923706055,4.239999771118164,4.579999923706055,0.0,1625800
2022-02-03,4.090000152587891,4.090000152587891,0.0,4.28000020980835,4.079999923706055,4.179999828338623,0.0,1587000
2022-02-04,4.510000228881836,4.510000228881836,0.0,4.550000190734863,4.099999904632568,4.099999904632568,0.0,2439600
2022-02-07,4.829999923706055,4.829999923706055,0.0,4.909999847412109,4.659999847412109,4.739999771118164,0.0,4985100
2022-02-08,4.71999979019165,4.71999979019165,0.0,4.769999980926514,4.460000038146973,4.679999828338623,0.0,2732800
2022-02-09,5.070000171661377,5.070000171661377,0.0,5.090000152587891,4.75,4.809999942779541,0.0,2140400
2022-02-10,5.179999828338623,5.179999828338623,0.0,5.519999980926514,4.820000171661377,4.822000026702881,0.0,4185800
2022-02-11,4.880000114440918,4.880000114440918,0.0,5.295000076293945,4.829999923706055,5.260000228881836,0.0,2382800
2022-02-14,4.840000152587891,4.840000152587891,0.0,5.139999866485596,4.71999979019165,4.849999904632568,0.0,2042500
2022-02-15,5.380000114440918,5.380000114440918,0.0,5.380000114440918,5.079999923706055,5.090000152587891,0.0,2346600
2022-02-16,5.480000019073486,5.480000019073486,0.0,5.589000225067139,5.320000171661377,5.329999923706055,0.0,3195300
2022-02-17,5.599999904632568,5.599999904632568,0.0,5.664999961853027,5.329999923706055,5.340000152587891,0.0,3430000
2022-02-18,5.730000019073486,5.730000019073486,0.0,5.849999904632568,5.40500020980835,5.5,0.0,3809500
2022-02-22,5.03000020980835,5.03000020980835,0.0,5.53000020980835,4.929999828338623,5.343999862670898,0.0,3541300
2022-02-23,4.650000095367432,4.650000095367432,0.0,5.309999942779541,4.619999885559082,5.239999771118164,0.0,2967400
2022-02-24,4.960000038146973,4.960000038146973,0.0,4.980000019073486,4.21999979019165,4.28000020980835,0.0,3277100
2022-02-25,4.989999771118164,4.989999771118164,0.0,5.079999923706055,4.840000152587891,5.0,0.0,1652000
2022-02-28,5.269999980926514,5.269999980926514,0.0,5.445000171661377,4.880000114440918,4.880000114440918,0.0,2557300
2022-03-01,5.320000171661377,5.320000171661377,0.0,5.644999980926514,5.269999980926514,5.5,0.0,2689400
2022-03-02,5.409999847412109,5.409999847412109,0.0,5.539999961853027,5.25,5.340000152587891,0.0,2501400
2022-03-03,6.25,6.25,0.0,6.539999961853027,5.920000076293945,6.260000228881836,0.0,22684200
2022-03-04,5.0,5.0,0.0,6.050000190734863,4.96999979019165,5.909999847412109,0.0,8326200
2022-03-07,5.190000057220459,5.190000057220459,0.0,5.46999979019165,5.099999904632568,5.159999847412109,0.0,4586600
2022-03-08,4.989999771118164,4.989999771118164,0.0,5.210000038146973,4.809999942779541,5.170000076293945,0.0,5097700
2022-03-09,5.440000057220459,5.440000057220459,0.0,5.651000022888184,5.309999942779541,5.420000076293945,0.0,4724200
2022-03-10,5.010000228881836,5.010000228881836,0.0,5.28000020980835,4.880000114440918,5.099999904632568,0.0,3145900
2022-03-11,4.230000019073486,4.230000019073486,0.0,5.059999942779541,4.179999828338623,5.050000190734863,0.0,5093100
2022-03-14,3.3499999046325684,3.3499999046325684,0.0,3.9600000381469727,3.0999999046325684,3.8399999141693115,0.0,12964500
2022-03-15,3.4600000381469727,3.4600000381469727,0.0,3.5,3.1600000858306885,3.440000057220459,0.0,8133900
2022-03-16,4.760000228881836,4.760000228881836,0.0,4.934999942779541,4.010000228881836,4.369999885559082,0.0,18885200
2022-03-17,4.789999961853027,4.789999961853027,0.0,4.824999809265137,4.489999771118164,4.550000190734863,0.0,4612300
2022-03-18,5.25,5.25,0.0,5.800000190734863,4.800000190734863,4.880000114440918,0.0,11868200
2022-03-21,5.340000152587891,5.340000152587891,0.0,5.519999980926514,5.079999923706055,5.119999885559082,0.0,5448000
2022-03-22,5.809999942779541,5.809999942779541,0.0,6.400000095367432,5.5,5.5,0.0,9904900
2022-03-23,6.519999980926514,6.519999980926514,0.0,6.900000095367432,5.579999923706055,5.650000095367432,0.0,10189700
2022-03-24,6.449999809265137,6.449999809265137,0.0,6.760000228881836,6.130000114440918,6.570000171661377,0.0,8835200
2022-03-25,5.829999923706055,5.829999923706055,0.0,6.389999866485596,5.540999889373779,6.275000095367432,0.0,8598800
2022-03-28,6.179999828338623,6.179999828338623,0.0,6.510000228881836,6.0,6.199999809265137,0.0,5385100
2022-03-29,6.139999866485596,6.139999866485596,0.0,6.389999866485596,5.811999797821045,6.389999866485596,0.0,7042600
2022-03-30,5.809999942779541,5.809999942779541,0.0,6.328999996185303,5.755000114440918,6.079999923706055,0.0,4778900
2022-03-31,5.429999828338623,5.429999828338623,0.0,5.809999942779541,5.429999828338623,5.739999771118164,0.0,3747400
2022-04-01,5.670000076293945,5.670000076293945,0.0,5.980000019073486,5.46999979019165,5.849999904632568,0.0,5556700
2022-04-04,6.449999809265137,6.449999809265137,0.0,6.59499979019165,5.739999771118164,5.960000038146973,0.0,7665600
2022-04-05,6.260000228881836,6.260000228881836,0.0,6.550000190734863,6.199999809265137,6.429999828338623,0.0,4828300
2022-04-06,6.090000152587891,6.090000152587891,0.0,6.239999771118164,5.900000095367432,6.119999885559082,0.0,4100800
2022-04-07,5.210000038146973,5.210000038146973,0.0,5.909999847412109,4.829999923706055,5.860000133514404,0.0,12041900
2022-04-08,4.71999979019165,4.71999979019165,0.0,5.190000057220459,4.610000133514404,5.170000076293945,0.0,7043800
2022-04-11,4.46999979019165,4.46999979019165,0.0,4.710000038146973,4.34499979019165,4.550000190734863,0.0,3975700
2022-04-12,4.360000133514404,4.360000133514404,0.0,4.710000038146973,4.300000190734863,4.690000057220459,0.0,4512600
2022-04-13,4.329999923706055,4.329999923706055,0.0,4.510000228881836,4.300000190734863,4.440000057220459,0.0,3882200
2022-04-14,4.190000057220459,4.190000057220459,0.0,4.449999809265137,4.181000232696533,4.400000095367432,0.0,2466100
2022-04-18,4.159999847412109,4.159999847412109,0.0,4.25,3.940000057220459,4.050000190734863,0.0,3709600
2022-04-19,4.239999771118164,4.239999771118164,0.0,4.260000228881836,3.9779999256134033,4.079999923706055,0.0,4361300
2022-04-20,4.139999866485596,4.139999866485596,0.0,4.289999961853027,4.079999923706055,4.239999771118164,0.0,3106500
2022-04-21,3.950000047683716,3.950000047683716,0.0,4.318999767303467,3.9200000762939453,4.260000228881836,0.0,3269700
2022-04-22,3.890000104904175,3.890000104904175,0.0,4.170000076293945,3.869999885559082,3.9700000286102295,0.0,3328000
2022-04-25,3.940000057220459,3.940000057220459,0.0,3.9549999237060547,3.640000104904175,3.680000066757202,0.0,4856800
2022-04-26,3.680000066757202,3.680000066757202,0.0,3.9100000858306885,3.6700000762939453,3.890000104904175,0.0,3706600
2022-04-27,3.7200000286102295,3.7200000286102295,0.0,4.130000114440918,3.690000057220459,3.75,0.0,6406200
2022-04-28,3.890000104904175,3.890000104904175,0.0,3.9000000953674316,3.609999895095825,3.7699999809265137,0.0,3215700
2022-04-29,3.799999952316284,3.799999952316284,0.0,4.224999904632568,3.7899999618530273,4.010000228881836,0.0,2990900
2022-05-02,3.890000104904175,3.890000104904175,0.0,3.940000057220459,3.6600000858306885,3.819999933242798,0.0,3714700
2022-05-03,3.809999942779541,3.809999942779541,0.0,4.03000020980835,3.7950000762939453,3.869999885559082,0.0,5448000
2022-05-04,3.9200000762939453,3.9200000762939453,0.0,3.9600000381469727,3.559999942779541,3.7699999809265137,0.0,3337000
2022-05-05,3.569999933242798,3.569999933242798,0.0,3.799999952316284,3.5,3.7300000190734863,0.0,2963200
2022-05-06,4.099999904632568,4.099999904632568,0.0,4.110000133514404,3.5,3.559999942779541,0.0,15812300
2022-05-09,3.059999942779541,3.059999942779541,0.0,3.8399999141693115,3.0,3.680000066757202,0.0,7382800
2022-05-10,3.180000066757202,3.180000066757202,0.0,3.2899999618530273,3.0999999046325684,3.259999990463257,0.0,4598300
2022-05-11,2.859999895095825,2.859999895095825,0.0,3.125,2.8399999141693115,3.0,0.0,5614700
2022-05-12,2.859999895095825,2.859999895095825,0.0,2.9600000381469727,2.559999942779541,2.7300000190734863,0.0,7266900
2022-05-13,3.0799999237060547,3.0799999237060547,0.0,3.2100000381469727,3.005000114440918,3.049999952316284,0.0,4108900
2022-05-16,2.8399999141693115,2.8399999141693115,0.0,3.069999933242798,2.8299999237060547,3.0299999713897705,0.0,4233200
2022-05-17,3.259999990463257,3.259999990463257,0.0,3.2950000762939453,2.9600000381469727,3.059999942779541,0.0,5680100
2022-05-18,3.140000104904175,3.140000104904175,0.0,3.3949999809265137,3.052000045776367,3.069999933242798,0.0,5361400
2022-05-19,3.380000114440918,3.380000114440918,0.0,3.809999942779541,3.3499999046325684,3.4619998931884766,0.0,10728600
2022-05-20,3.0999999046325684,3.0999999046325684,0.0,3.569999933242798,2.930000066757202,3.569999933242798,0.0,5282900
2022-05-23,3.200000047683716,3.200000047683716,0.0,3.3299999237060547,3.059999942779541,3.0899999141693115,0.0,3486600
2022-05-24,2.9800000190734863,2.9800000190734863,0.0,3.0899999141693115,2.869999885559082,3.0350000858306885,0.0,3726200
2022-05-25,3.200000047683716,3.200000047683716,0.0,3.240000009536743,2.990000009536743,2.990000009536743,0.0,2862400
2022-05-26,3.5,3.5,0.0,3.5199999809265137,3.059999942779541,3.0799999237060547,0.0,2934400
2022-05-27,3.609999895095825,3.609999895095825,0.0,3.6519999504089355,3.430000066757202,3.4700000286102295,0.0,3236200
2022-05-31,3.740000009536743,3.740000009536743,0.0,3.990000009536743,3.7100000381469727,3.890000104904175,0.0,4209800
2022-06-01,3.569999933242798,3.569999933242798,0.0,3.8299999237060547,3.4800000190734863,3.759999990463257,0.0,2345900
2022-06-02,3.75,3.75,0.0,3.8499999046325684,3.5,3.5399999618530273,0.0,1521000
2022-06-03,3.6700000762939453,3.6700000762939453,0.0,3.700000047683716,3.5399999618530273,3.609999895095825,0.0,1508000
2022-06-06,3.759999990463257,3.759999990463257,0.0,3.9600000381469727,3.7100000381469727,3.819999933242798,0.0,2005200
2022-06-07,3.809999942779541,3.809999942779541,0.0,3.819999933242798,3.509999990463257,3.690000057220459,0.0,1862800
2022-06-08,3.9700000286102295,3.9700000286102295,0.0,4.105000019073486,3.865000009536743,3.940000057220459,0.0,3072400
2022-06-09,3.7100000381469727,3.7100000381469727,0.0,3.924999952316284,3.7100000381469727,3.869999885559082,0.0,2044300
2022-06-10,3.7300000190734863,3.7300000190734863,0.0,3.819999933242798,3.619999885559082,3.6500000953674316,0.0,1904900
2022-06-13,3.25,3.25,0.0,3.4000000953674316,3.190000057220459,3.2699999809265137,0.0,3375800
2022-06-14,3.1500000953674316,3.1500000953674316,0.0,3.3499999046325684,3.009999990463257,3.309999942779541,0.0,5335500
2022-06-15,3.259999990463257,3.259999990463257,0.0,3.3499999046325684,3.055000066757202,3.130000114440918,0.0,3181700
2022-06-16,3.049999952316284,3.049999952316284,0.0,3.130000114440918,2.930000066757202,3.069999933242798,0.0,2204200
2022-06-17,3.1600000858306885,3.1600000858306885,0.0,3.25,3.0999999046325684,3.109999895095825,0.0,4052400
2022-06-21,3.259999990463257,3.259999990463257,0.0,3.5,3.2049999237060547,3.3299999237060547,0.0,3655600
2022-06-22,3.1700000762939453,3.1700000762939453,0.0,3.2699999809265137,3.0899999141693115,3.1500000953674316,0.0,1613300
2022-06-23,3.380000114440918,3.380000114440918,0.0,3.4000000953674316,3.2149999141693115,3.259999990463257,0.0,1810900
2022-06-24,3.5199999809265137,3.5199999809265137,0.0,3.6700000762939453,3.4200000762939453,3.490000009536743,0.0,3480800
2022-06-27,3.490000009536743,3.490000009536743,0.0,3.6010000705718994,3.430000066757202,3.549999952316284,0.0,1344600
2022-06-28,3.380000114440918,3.380000114440918,0.0,3.640000104904175,3.369999885559082,3.5399999618530273,0.0,1705600
2022-06-29,3.3299999237060547,3.3299999237060547,0.0,3.4049999713897705,3.265000104904175,3.359999895095825,0.0,1347200
2022-06-30,3.2200000286102295,3.2200000286102295,0.0,3.359999895095825,3.130000114440918,3.359999895095825,0.0,1667200
2022-07-01,3.2300000190734863,3.2300000190734863,0.0,3.319999933242798,3.1600000858306885,3.200000047683716,0.0,935200
2022-07-05,3.4600000381469727,3.4600000381469727,0.0,3.4600000381469727,3.109999895095825,3.1700000762939453,0.0,1767500
2022-07-06,3.369999885559082,3.369999885559082,0.0,3.4210000038146973,3.25,3.4000000953674316,0.0,1473900
2022-07-07,3.7100000381469727,3.7100000381469727,0.0,3.7200000286102295,3.4000000953674316,3.4200000762939453,0.0,2137900
2022-07-08,3.9000000953674316,3.9000000953674316,0.0,3.9649999141693115,3.559999942779541,3.619999885559082,0.0,2402100
2022-07-11,3.759999990463257,3.759999990463257,0.0,3.880000114440918,3.700000047683716,3.7249999046325684,0.0,1991900
2022-07-12,3.7899999618530273,3.7899999618530273,0.0,3.875,3.6600000858306885,3.799999952316284,0.0,1522000
2022-07-13,3.799999952316284,3.799999952316284,0.0,3.9200000762939453,3.6570000648498535,3.6700000762939453,0.0,1116000
2022-07-14,3.809999942779541,3.809999942779541,0.0,3.869999885559082,3.690000057220459,3.759999990463257,0.0,1038000
2022-07-15,3.7699999809265137,3.7699999809265137,0.0,3.869999885559082,3.690000057220459,3.8299999237060547,0.0,1410900
2022-07-18,3.9700000286102295,3.9700000286102295,0.0,4.150000095367432,3.8399999141693115,3.8499999046325684,0.0,3894800
2022-07-19,4.28000020980835,4.28000020980835,0.0,4.349999904632568,4.050000190734863,4.050000190734863,0.0,2670800
2022-07-20,4.429999828338623,4.429999828338623,0.0,4.449999809265137,4.193999767303467,4.329999923706055,0.0,4021000
2022-07-21,4.510000228881836,4.510000228881836,0.0,4.519999980926514,4.230999946594238,4.239999771118164,0.0,2174100
2022-07-22,4.190000057220459,4.190000057220459,0.0,4.539999961853027,4.150000095367432,4.539999961853027,0.0,2563000
2022-07-25,3.950000047683716,3.950000047683716,0.0,4.247000217437744,3.8949999809265137,4.142000198364258,0.0,2024800
2022-07-26,3.809999942779541,3.809999942779541,0.0,3.9590001106262207,3.7200000286102295,3.9100000858306885,0.0,1694400
2022-07-27,4.210000038146973,4.210000038146973,0.0,4.244999885559082,3.859999895095825,3.9000000953674316,0.0,1249100
2022-07-28,4.260000228881836,4.260000228881836,0.0,4.320000171661377,4.079999923706055,4.21999979019165,0.0,2388000
2022-07-29,3.930000066757202,3.930000066757202,0.0,4.204999923706055,3.9000000953674316,4.199999809265137,0.0,6578700
2022-08-01,3.6700000762939453,3.6700000762939453,0.0,3.940000057220459,3.609999895095825,3.940000057220459,0.0,2759500
2022-08-02,3.809999942779541,3.809999942779541,0.0,3.950000047683716,3.5899999141693115,3.640000104904175,0.0,2370500
2022-08-03,3.9000000953674316,3.9000000953674316,0.0,3.990000009536743,3.7799999713897705,3.880000114440918,0.0,1286300
2022-08-04,3.9200000762939453,3.9200000762939453,0.0,4.090000152587891,3.890000104904175,3.930000066757202,0.0,1666700
2022-08-05,3.880000114440918,3.880000114440918,0.0,3.9700000286102295,3.75,3.8499999046325684,0.0,1322300
2022-08-08,3.9800000190734863,3.9800000190734863,0.0,4.199999809265137,3.9700000286102295,4.099999904632568,0.0,1860700
2022-08-09,3.819999933242798,3.819999933242798,0.0,3.9600000381469727,3.759999990463257,3.9200000762939453,0.0,1193500
2022-08-10,4.079999923706055,4.079999923706055,0.0,4.089000225067139,3.859999895095825,3.9700000286102295,0.0,1914600
2022-08-11,4.070000171661377,4.070000171661377,0.0,4.380000114440918,4.059999942779541,4.230000019073486,0.0,2015700
2022-08-12,4.239999771118164,4.239999771118164,0.0,4.300000190734863,3.9700000286102295,4.050000190734863,0.0,1862500
2022-08-15,4.289999961853027,4.289999961853027,0.0,4.380000114440918,4.105000019073486,4.179999828338623,0.0,1492400
2022-08-16,4.070000171661377,4.070000171661377,0.0,4.275000095367432,4.019999980926514,4.269999980926514,0.0,1421800
2022-08-17,3.9100000858306885,3.9100000858306885,0.0,4.090000152587891,3.8919999599456787,4.090000152587891,0.0,1570400
2022-08-18,3.940000057220459,3.940000057220459,0.0,3.990000009536743,3.509999990463257,3.9800000190734863,0.0,1798000
2022-08-19,3.680000066757202,3.680000066757202,0.0,3.8499999046325684,3.619999885559082,3.740000009536743,0.0,1842900
2022-08-22,3.430000066757202,3.430000066757202,0.0,3.5999999046325684,3.430000066757202,3.5899999141693115,0.0,1497000
2022-08-23,3.490000009536743,3.490000009536743,0.0,3.6700000762939453,3.440000057220459,3.450000047683716,0.0,991300
2022-08-24,3.4700000286102295,3.4700000286102295,0.0,3.619999885559082,3.450000047683716,3.5,0.0,1084600
2022-08-25,3.6700000762939453,3.6700000762939453,0.0,3.690000057220459,3.5199999809265137,3.5999999046325684,0.0,1104500
2022-08-26,3.559999942779541,3.559999942779541,0.0,3.8949999809265137,3.549999952316284,3.8499999046325684,0.0,2014400
2022-08-29,3.5199999809265137,3.5199999809265137,0.0,3.7699999809265137,3.490000009536743,3.5,0.0,1228200
2022-08-30,3.4100000858306885,3.4100000858306885,0.0,3.6600000858306885,3.3399999141693115,3.5999999046325684,0.0,1478700
2022-08-31,3.509999990463257,3.509999990463257,0.0,3.680000066757202,3.390000104904175,3.450000047683716,0.0,3292100
2022-09-01,3.430000066757202,3.430000066757202,0.0,3.5399999618530273,3.1649999618530273,3.430000066757202,0.0,1915100
2022-09-02,3.4000000953674316,3.4000000953674316,0.0,3.4709999561309814,3.3299999237060547,3.430000066757202,0.0,1170100
2022-09-06,3.2100000381469727,3.2100000381469727,0.0,3.390000104904175,3.190000057220459,3.3499999046325684,0.0,1047900
2022-09-07,3.2200000286102295,3.2200000286102295,0.0,3.325000047683716,3.140000104904175,3.2300000190734863,0.0,1704900
2022-09-08,3.2200000286102295,3.2200000286102295,0.0,3.2950000762939453,3.109999895095825,3.2200000286102295,0.0,1682100
2022-09-09,3.380000114440918,3.380000114440918,0.0,3.440000057220459,3.3299999237060547,3.4000000953674316,0.0,1792000
2022-09-12,3.4600000381469727,3.4600000381469727,0.0,3.490000009536743,3.390000104904175,3.440000057220459,0.0,662400
2022-09-13,3.25,3.25,0.0,3.4200000762939453,3.2200000286102295,3.390000104904175,0.0,1515700
2022-09-14,3.2899999618530273,3.2899999618530273,0.0,3.3299999237060547,3.190000057220459,3.2899999618530273,0.0,1044400
2022-09-15,3.2799999713897705,3.2799999713897705,0.0,3.36899995803833,3.259999990463257,3.2899999618530273,0.0,914200
2022-09-16,3.200000047683716,3.200000047683716,0.0,3.246000051498413,3.125,3.2300000190734863,0.0,1176200
2022-09-19,3.1700000762939453,3.1700000762939453,0.0,3.190000057220459,3.0799999237060547,3.130000114440918,0.0,1054600
2022-09-20,3.069999933242798,3.069999933242798,0.0,3.1600000858306885,3.0399999618530273,3.1600000858306885,0.0,882200
2022-09-21,3.0899999141693115,3.0899999141693115,0.0,3.2200000286102295,3.009999990463257,3.0999999046325684,0.0,1068400
2022-09-22,3.0399999618530273,3.0399999618530273,0.0,3.1500000953674316,3.015000104904175,3.0799999237060547,0.0,980300
2022-09-23,3.059999942779541,3.059999942779541,0.0,3.069999933242798,2.8949999809265137,3.0,0.0,1323700
2022-09-26,3.109999895095825,3.109999895095825,0.0,3.25,3.0399999618530273,3.069999933242798,0.0,1207200
2022-09-27,3.2200000286102295,3.2200000286102295,0.0,3.3299999237060547,3.115000009536743,3.190000057220459,0.0,1150100
2022-09-28,3.319999933242798,3.319999933242798,0.0,3.3399999141693115,3.1500000953674316,3.1700000762939453,0.0,749000
2022-09-29,3.259999990463257,3.259999990463257,0.0,3.309999942779541,3.1600000858306885,3.2300000190734863,0.0,1096300
2022-09-30,3.2799999713897705,3.2799999713897705,0.0,3.36899995803833,3.2300000190734863,3.25,0.0,821600
2022-10-03,3.0899999141693115,3.0899999141693115,0.0,3.2799999713897705,3.0899999141693115,3.25,0.0,883600
2022-10-04,3.359999895095825,3.359999895095825,0.0,3.3949999809265137,3.190000057220459,3.190000057220459,0.0,1084100
2022-10-05,3.359999895095825,3.359999895095825,0.0,3.4000000953674316,3.2200000286102295,3.3399999141693115,0.0,725800
2022-10-06,3.4700000286102295,3.4700000286102295,0.0,3.4800000190734863,3.3299999237060547,3.390000104904175,0.0,738600
2022-10-07,3.200000047683716,3.200000047683716,0.0,3.450000047683716,3.200000047683716,3.380000114440918,0.0,594700
2022-10-10,3.0899999141693115,3.0899999141693115,0.0,3.190000057220459,3.0299999713897705,3.190000057220459,0.0,901200
2022-10-11,3.0899999141693115,3.0899999141693115,0.0,3.2049999237060547,3.009999990463257,3.0899999141693115,0.0,764500
2022-10-12,3.180000066757202,3.180000066757202,0.0,3.2100000381469727,3.0899999141693115,3.0899999141693115,0.0,737000
2022-10-13,3.2899999618530273,3.2899999618530273,0.0,3.305000066757202,3.0199999809265137,3.069999933242798,0.0,1163900
2022-10-14,3.130000114440918,3.130000114440918,0.0,3.3350000381469727,3.119999885559082,3.309999942779541,0.0,783900
2022-10-17,3.319999933242798,3.319999933242798,0.0,3.3299999237060547,3.2100000381469727,3.2100000381469727,0.0,820800
2022-10-18,3.309999942779541,3.309999942779541,0.0,3.4200000762939453,3.240000009536743,3.369999885559082,0.0,562200
2022-10-19,3.2899999618530273,3.2899999618530273,0.0,3.319999933242798,3.2300000190734863,3.25,0.0,468300
2022-10-20,3.1500000953674316,3.1500000953674316,0.0,3.384999990463257,3.140000104904175,3.2699999809265137,0.0,742800
2022-10-21,3.2300000190734863,3.2300000190734863,0.0,3.25,3.119999885559082,3.119999885559082,0.0,821200
2022-10-24,3.119999885559082,3.119999885559082,0.0,3.1500000953674316,2.799999952316284,3.0899999141693115,0.0,3266300
2022-10-25,3.25,3.25,0.0,3.299999952316284,3.0999999046325684,3.0999999046325684,0.0,1199100
2022-10-26,3.4700000286102295,3.4700000286102295,0.0,3.569999933242798,3.25,3.25,0.0,1898300
2022-10-27,3.369999885559082,3.369999885559082,0.0,3.5,3.325000047683716,3.450000047683716,0.0,1037600
2022-10-28,3.1700000762939453,3.1700000762939453,0.0,3.378000020980835,3.140000104904175,3.299999952316284,0.0,1582000
2022-10-31,2.9000000953674316,2.9000000953674316,0.0,3.2300000190734863,2.8299999237060547,3.190000057220459,0.0,6287300
2022-11-01,3.0199999809265137,3.0199999809265137,0.0,3.109999895095825,2.943000078201294,3.049999952316284,0.0,1780000
2022-11-02,2.930000066757202,2.930000066757202,0.0,3.0950000286102295,2.9200000762939453,3.059999942779541,0.0,1178000
2022-11-03,3.0,3.0,0.0,3.0350000858306885,2.9049999713897705,2.9700000286102295,0.0,1044700
2022-11-04,3.1500000953674316,3.1500000953674316,0.0,3.190000057220459,3.009999990463257,3.130000114440918,0.0,1197800
2022-11-07,3.190000057220459,3.190000057220459,0.0,3.2149999141693115,3.0999999046325684,3.140000104904175,0.0,846700
2022-11-08,2.930000066757202,2.930000066757202,0.0,3.140000104904175,2.871000051498413,3.140000104904175,0.0,2492400
2022-11-09,2.569999933242798,2.569999933242798,0.0,2.9000000953674316,2.559999942779541,2.8299999237060547,0.0,2664200
2022-11-10,2.740000009536743,2.740000009536743,0.0,2.75,2.609999895095825,2.740000009536743,0.0,1862000
2022-11-11,2.690000057220459,2.690000057220459,0.0,2.819999933242798,2.630000114440918,2.75,0.0,4436800
2022-11-14,2.9600000381469727,2.9600000381469727,0.0,3.1700000762939453,2.4600000381469727,2.700000047683716,0.0,4003700
2022-11-15,3.140000104904175,3.140000104904175,0.0,3.3399999141693115,3.0199999809265137,3.0999999046325684,0.0,2229000
2022-11-16,2.869999885559082,2.869999885559082,0.0,3.13100004196167,2.869999885559082,3.0999999046325684,0.0,1373200
2022-11-17,2.859999895095825,2.859999895095825,0.0,2.9649999141693115,2.7699999809265137,2.809999942779541,0.0,1085600
2022-11-18,2.759999990463257,2.759999990463257,0.0,2.950000047683716,2.734999895095825,2.950000047683716,0.0,1091900
2022-11-21,2.5199999809265137,2.5199999809265137,0.0,2.75,2.4700000286102295,2.75,0.0,1638600
2022-11-22,2.680000066757202,2.680000066757202,0.0,2.7300000190734863,2.4800000190734863,2.5899999141693115,0.0,2504200
2022-11-23,2.700000047683716,2.700000047683716,0.0,2.740000009536743,2.640000104904175,2.690000057220459,0.0,821700
2022-11-25,2.5799999237060547,2.5799999237060547,0.0,2.690000057220459,2.559999942779541,2.690000057220459,0.0,566900
2022-11-28,2.369999885559082,2.369999885559082,0.0,2.5999999046325684,2.319999933242798,2.509999990463257,0.0,2085600
2022-11-29,2.4000000953674316,2.4000000953674316,0.0,2.5,2.3499999046325684,2.430000066757202,0.0,1336900
2022-11-30,2.5999999046325684,2.5999999046325684,0.0,2.5999999046325684,2.4100000858306885,2.440000057220459,0.0,3232700
2022-12-01,2.5199999809265137,2.5199999809265137,0.0,2.674999952316284,2.509999990463257,2.5999999046325684,0.0,1590400
2022-12-02,2.619999885559082,2.619999885559082,0.0,2.630000114440918,2.450000047683716,2.4800000190734863,0.0,1902200
2022-12-05,2.5199999809265137,2.5199999809265137,0.0,2.7699999809265137,2.505000114440918,2.7699999809265137,0.0,1285800
2022-12-06,2.450000047683716,2.450000047683716,0.0,2.609999895095825,2.430000066757202,2.609999895095825,0.0,1228900
2022-12-07,2.4200000762939453,2.4200000762939453,0.0,2.4700000286102295,2.4049999713897705,2.4100000858306885,0.0,737300
2022-12-08,2.4800000190734863,2.4800000190734863,0.0,2.494999885559082,2.4000000953674316,2.450000047683716,0.0,802700
2022-12-09,2.4100000858306885,2.4100000858306885,0.0,2.500999927520752,2.4100000858306885,2.4800000190734863,0.0,688600
2022-12-12,2.380000114440918,2.380000114440918,0.0,2.4200000762939453,2.3399999141693115,2.4100000858306885,0.0,798900
2022-12-13,2.430000066757202,2.430000066757202,0.0,2.5999999046325684,2.4000000953674316,2.509999990463257,0.0,2176200
2022-12-14,2.4800000190734863,2.4800000190734863,0.0,2.509999990463257,2.4149999618530273,2.450000047683716,0.0,1018400
2022-12-15,2.3399999141693115,2.3399999141693115,0.0,2.4549999237060547,2.309999942779541,2.450000047683716,0.0,1360200
2022-12-16,2.2300000190734863,2.2300000190734863,0.0,2.3389999866485596,2.2200000286102295,2.319999933242798,0.0,2495600
2022-12-19,2.1500000953674316,2.1500000953674316,0.0,2.2799999713897705,2.0999999046325684,2.25,0.0,2406800
2022-12-20,2.180000066757202,2.180000066757202,0.0,2.240000009536743,2.0899999141693115,2.0899999141693115,0.0,985800
2022-12-21,2.130000114440918,2.130000114440918,0.0,2.2200000286102295,2.115000009536743,2.1500000953674316,0.0,858000
2022-12-22,2.140000104904175,2.140000104904175,0.0,2.1500000953674316,2.0299999713897705,2.119999885559082,0.0,1737800
2022-12-23,2.0799999237060547,2.0799999237060547,0.0,2.1549999713897705,2.053999900817871,2.140000104904175,0.0,739400
2022-12-27,1.909999966621399,1.909999966621399,0.0,2.0799999237060547,1.909999966621399,2.0799999237060547,0.0,1419200
2022-12-28,1.8899999856948853,1.8899999856948853,0.0,1.9869999885559082,1.8799999952316284,1.909999966621399,0.0,1844500
2022-12-29,2.049999952316284,2.049999952316284,0.0,2.065000057220459,1.8700000047683716,1.940000057220459,0.0,1474500
2022-12-30,2.059999942779541,2.059999942779541,0.0,2.0950000286102295,1.9800000190734863,1.9800000190734863,0.0,1055800
2023-01-03,1.940000057220459,1.940000057220459,0.0,2.1600000858306885,1.909999966621399,2.109999895095825,0.0,1689100
2023-01-04,2.1700000762939453,2.1700000762939453,0.0,2.2899999618530273,1.940000057220459,1.9800000190734863,0.0,3732700
2023-01-05,2.2200000286102295,2.2200000286102295,0.0,2.2699999809265137,2.0299999713897705,2.119999885559082,0.0,2029600
2023-01-06,2.2799999713897705,2.2799999713897705,0.0,2.3399999141693115,2.0999999046325684,2.2100000381469727,0.0,1257700
2023-01-09,2.5,2.5,0.0,2.549999952316284,2.369999885559082,2.369999885559082,0.0,2392700
2023-01-10,2.619999885559082,2.619999885559082,0.0,2.625,2.3919999599456787,2.5,0.0,2142400
2023-01-11,2.5199999809265137,2.5199999809265137,0.0,2.619999885559082,2.5,2.619999885559082,0.0,2091800
2023-01-12,2.799999952316284,2.799999952316284,0.0,2.8499999046325684,2.5350000858306885,2.630000114440918,0.0,3144700
2023-01-13,2.950000047683716,2.950000047683716,0.0,3.1600000858306885,2.7690000534057617,2.7799999713897705,0.0,5239600
2023-01-17,3.0999999046325684,3.0999999046325684,0.0,3.430000066757202,3.0799999237060547,3.2899999618530273,0.0,5782300
2023-01-18,2.9000000953674316,2.9000000953674316,0.0,3.25,2.869999885559082,3.1500000953674316,0.0,4194700
2023-01-19,2.9800000190734863,2.9800000190734863,0.0,3.119999885559082,2.809999942779541,2.869999885559082,0.0,2421200
2023-01-20,3.140000104904175,3.140000104904175,0.0,3.1500000953674316,2.869999885559082,3.0399999618530273,0.0,2362700
2023-01-23,3.359999895095825,3.359999895095825,0.0,3.390000104904175,3.134999990463257,3.190000057220459,0.0,2985600
2023-01-24,3.3299999237060547,3.3299999237060547,0.0,3.424999952316284,3.25,3.259999990463257,0.0,2748900
2023-01-25,3.130000114440918,3.130000114440918,0.0,3.2899999618530273,3.0299999713897705,3.2899999618530273,0.0,2715500
2023-01-26,3.299999952316284,3.299999952316284,0.0,3.369999885559082,3.180000066757202,3.2200000286102295,0.0,2237500
2023-01-27,3.440000057220459,3.440000057220459,0.0,3.5299999713897705,3.25,3.299999952316284,0.0,2169400
2023-01-30,3.055000066757202,3.055000066757202,0.0,3.390000104904175,3.049999952316284,3.309999942779541,0.0,2630500
2023-01-31,3.140000104904175,3.140000104904175,0.0,3.2049999237060547,3.049999952316284,3.049999952316284,0.0,2316600
2023-02-01,3.309999942779541,3.309999942779541,0.0,3.3570001125335693,3.069999933242798,3.140000104904175,0.0,2474100
2023-02-02,3.890000104904175,3.890000104904175,0.0,3.9800000190734863,3.4800000190734863,3.5,0.0,5680800
2023-02-03,3.5999999046325684,3.5999999046325684,0.0,3.88100004196167,3.5209999084472656,3.6500000953674316,0.0,3099200
2023-02-06,3.3399999141693115,3.3399999141693115,0.0,3.549999952316284,3.309999942779541,3.509999990463257,0.0,2079100
2023-02-07,3.3399999141693115,3.3399999141693115,0.0,3.549999952316284,3.240000009536743,3.440000057220459,0.0,2266300
2023-02-08,3.2200000286102295,3.2200000286102295,0.0,3.4230000972747803,3.2200000286102295,3.3499999046325684,0.0,1132800
2023-02-09,3.009999990463257,3.009999990463257,0.0,3.3499999046325684,2.990000009536743,3.3299999237060547,0.0,3141500
2023-02-10,2.7699999809265137,2.7699999809265137,0.0,2.994999885559082,2.7300000190734863,2.9800000190734863,0.0,2111600
2023-02-13,2.809999942779541,2.809999942779541,0.0,2.8399999141693115,2.700000047683716,2.7699999809265137,0.0,1092200
2023-02-14,2.8499999046325684,2.8499999046325684,0.0,2.930000066757202,2.7300000190734863,2.819999933242798,0.0,2582000
2023-02-15,3.109999895095825,3.109999895095825,0.0,3.109999895095825,2.819999933242798,2.924999952316284,0.0,2888400
2023-02-16,2.950000047683716,2.950000047683716,0.0,3.180000066757202,2.930000066757202,3.0899999141693115,0.0,5467200
2023-02-17,2.990000009536743,2.990000009536743,0.0,3.009999990463257,2.8499999046325684,2.8499999046325684,0.0,3161400
2023-02-21,2.799999952316284,2.799999952316284,0.0,3.049999952316284,2.7899999618530273,2.940000057220459,0.0,2036400
2023-02-22,2.880000114440918,2.880000114440918,0.0,2.9200000762939453,2.7300000190734863,2.799999952316284,0.0,1642100
2023-02-23,2.9000000953674316,2.9000000953674316,0.0,2.9749999046325684,2.7899999618530273,2.930000066757202,0.0,1030500
2023-02-24,2.7699999809265137,2.7699999809265137,0.0,2.8399999141693115,2.7300000190734863,2.7300000190734863,0.0,1923800
2023-02-27,2.7300000190734863,2.7300000190734863,0.0,2.8450000286102295,2.7200000286102295,2.819999933242798,0.0,1144100
2023-02-28,2.799999952316284,2.799999952316284,0.0,2.869999885559082,2.740000009536743,2.740000009536743,0.0,1672500
2023-03-01,2.7799999713897705,2.7799999713897705,0.0,2.884999990463257,2.75,2.869999885559082,0.0,696700
2023-03-02,2.690000057220459,2.690000057220459,0.0,2.740000009536743,2.559999942779541,2.740000009536743,0.0,1400000
2023-03-03,2.740000009536743,2.740000009536743,0.0,2.7699999809265137,2.630000114440918,2.630000114440918,0.0,1381300
2023-03-06,2.509999990463257,2.509999990463257,0.0,2.75,2.4600000381469727,2.740000009536743,0.0,2813100
2023-03-07,2.609999895095825,2.609999895095825,0.0,2.740000009536743,2.5899999141693115,2.619999885559082,0.0,1612500
2023-03-08,2.509999990463257,2.509999990463257,0.0,2.609999895095825,2.4749999046325684,2.569999933242798,0.0,1400600
2023-03-09,2.3399999141693115,2.3399999141693115,0.0,2.505000114440918,2.325000047683716,2.4700000286102295,0.0,1535000
2023-03-10,2.3299999237060547,2.3299999237060547,0.0,2.4200000762939453,2.259999990463257,2.3299999237060547,0.0,1673000
2023-03-13,2.5799999237060547,2.5799999237060547,0.0,2.690000057220459,2.299999952316284,2.4200000762939453,0.0,2583900
2023-03-14,2.8499999046325684,2.8499999046325684,0.0,2.940000057220459,2.700000047683716,2.7100000381469727,0.0,4656200
2023-03-15,2.930000066757202,2.930000066757202,0.0,2.994999885559082,2.734999895095825,2.7799999713897705,0.0,4757300
2023-03-16,2.9200000762939453,2.9200000762939453,0.0,2.9579999446868896,2.7890000343322754,2.930000066757202,0.0,1178500
2023-03-17,3.0799999237060547,3.0799999237060547,0.0,3.109999895095825,2.9600000381469727,3.0899999141693115,0.0,3698700
2023-03-20,2.890000104904175,2.890000104904175,0.0,3.1500000953674316,2.880000114440918,3.140000104904175,0.0,2050400
2023-03-21,2.9800000190734863,2.9800000190734863,0.0,3.009999990463257,2.8299999237060547,2.9000000953674316,0.0,2486600
2023-03-22,2.75,2.75,0.0,2.984999895095825,2.75,2.950000047683716,0.0,1399200
2023-03-23,2.7899999618530273,2.7899999618530273,0.0,2.9100000858306885,2.700000047683716,2.7899999618530273,0.0,2552900
2023-03-24,2.7300000190734863,2.7300000190734863,0.0,2.799999952316284,2.680000066757202,2.75,0.0,1029800
2023-03-27,2.690000057220459,2.690000057220459,0.0,2.75,2.615000009536743,2.75,0.0,1444100
2023-03-28,2.569999933242798,2.569999933242798,0.0,2.697000026702881,2.509999990463257,2.690000057220459,0.0,1329100
2023-03-29,2.6500000953674316,2.6500000953674316,0.0,2.7149999141693115,2.5950000286102295,2.6600000858306885,0.0,1199000
2023-03-30,2.640000104904175,2.640000104904175,0.0,2.75,2.609999895095825,2.700000047683716,0.0,914000
2023-03-31,2.700000047683716,2.700000047683716,0.0,2.744999885559082,2.609999895095825,2.630000114440918,0.0,1239800
2023-04-03,2.6500000953674316,2.6500000953674316,0.0,2.765000104904175,2.559999942779541,2.7300000190734863,0.0,1145900
2023-04-04,2.569999933242798,2.569999933242798,0.0,2.6549999713897705,2.5350000858306885,2.6500000953674316,0.0,720900
2023-04-05,2.509999990463257,2.509999990463257,0.0,2.5799999237060547,2.4700000286102295,2.559999942779541,0.0,1045400
2023-04-06,2.490000009536743,2.490000009536743,0.0,2.5299999713897705,2.440000057220459,2.4700000286102295,0.0,448900
2023-04-10,2.5899999141693115,2.5899999141693115,0.0,2.619999885559082,2.4000000953674316,2.5,0.0,2048000
2023-04-11,2.9200000762939453,2.9200000762939453,0.0,2.9749999046325684,2.690000057220459,2.75,0.0,5344900
2023-04-12,2.869999885559082,2.869999885559082,0.0,2.9600000381469727,2.809999942779541,2.940000057220459,0.0,1904000
2023-04-13,3.119999885559082,3.119999885559082,0.0,3.190000057220459,2.880000114440918,2.880000114440918,0.0,3597400
2023-04-14,3.119999885559082,3.119999885559082,0.0,3.190000057220459,3.0199999809265137,3.1600000858306885,0.0,1656100
2023-04-17,2.9000000953674316,2.9000000953674316,0.0,3.0,2.8499999046325684,2.9800000190734863,0.0,1805900
2023-04-18,2.9100000858306885,2.9100000858306885,0.0,3.0399999618530273,2.8499999046325684,2.9800000190734863,0.0,1400300
2023-04-19,2.7300000190734863,2.7300000190734863,0.0,2.8299999237060547,2.6449999809265137,2.809999942779541,0.0,2075200
2023-04-20,2.640000104904175,2.640000104904175,0.0,2.7249999046325684,2.61299991607666,2.680000066757202,0.0,751500
2023-04-21,2.619999885559082,2.619999885559082,0.0,2.6500000953674316,2.575000047683716,2.630000114440918,0.0,728300
2023-04-24,2.5,2.5,0.0,2.5899999141693115,2.4749999046325684,2.5799999237060547,0.0,1344800
2023-04-25,2.4000000953674316,2.4000000953674316,0.0,2.51200008392334,2.369999885559082,2.5,0.0,2369300
2023-04-26,2.5,2.5,0.0,2.5999999046325684,2.4549999237060547,2.5299999713897705,0.0,1908600
2023-04-27,2.5399999618530273,2.5399999618530273,0.0,2.5399999618530273,2.450000047683716,2.5399999618530273,0.0,1321500
2023-04-28,2.819999933242798,2.819999933242798,0.0,2.8299999237060547,2.4700000286102295,2.490000009536743,0.0,5417600
2023-05-01,2.75,2.75,0.0,2.8550000190734863,2.690000057220459,2.700000047683716,0.0,2360300
2023-05-02,2.7699999809265137,2.7699999809265137,0.0,2.7799999713897705,2.684999942779541,2.7300000190734863,0.0,1162800
2023-05-03,2.690000057220459,2.690000057220459,0.0,2.809000015258789,2.6700000762939453,2.7699999809265137,0.0,1021500
2023-05-04,2.680000066757202,2.680000066757202,0.0,2.7899999618530273,2.6600000858306885,2.7100000381469727,0.0,1427900
2023-05-05,2.609999895095825,2.609999895095825,0.0,2.740000009536743,2.569999933242798,2.700000047683716,0.0,2258100
2023-05-08,2.490000009536743,2.490000009536743,0.0,2.569999933242798,2.4700000286102295,2.5299999713897705,0.0,1347000
2023-05-09,2.4700000286102295,2.4700000286102295,0.0,2.509999990463257,2.440000057220459,2.5,0.0,1293800
2023-05-10,2.549999952316284,2.549999952316284,0.0,2.6700000762939453,2.490000009536743,2.5399999618530273,0.0,2296300
2023-05-11,2.5,2.5,0.0,2.553999900817871,2.4700000286102295,2.5399999618530273,0.0,1188100
2023-05-12,2.4200000762939453,2.4200000762939453,0.0,2.4600000381469727,2.3450000286102295,2.450000047683716,0.0,1884600
2023-05-15,2.490000009536743,2.490000009536743,0.0,2.5199999809265137,2.4200000762939453,2.450000047683716,0.0,1468000
2023-05-16,2.559999942779541,2.559999942779541,0.0,2.5799999237060547,2.440000057220459,2.440000057220459,0.0,1157400
2023-05-17,2.619999885559082,2.619999885559082,0.0,2.625999927520752,2.490000009536743,2.5,0.0,1358300
2023-05-18,2.490000009536743,2.490000009536743,0.0,2.630000114440918,2.4800000190734863,2.630000114440918,0.0,1381200
2023-05-19,2.4800000190734863,2.4800000190734863,0.0,2.549999952316284,2.450000047683716,2.509999990463257,0.0,998000
2023-05-22,2.7100000381469727,2.7100000381469727,0.0,2.7249999046325684,2.5,2.509999990463257,0.0,2426800
2023-05-23,2.5899999141693115,2.5899999141693115,0.0,2.7100000381469727,2.549999952316284,2.690000057220459,0.0,1786300
2023-05-24,2.569999933242798,2.569999933242798,0.0,2.5899999141693115,2.490000009536743,2.5299999713897705,0.0,1215900
2023-05-25,2.5799999237060547,2.5799999237060547,0.0,2.609999895095825,2.490000009536743,2.5799999237060547,0.0,1399300
2023-05-26,1.8899999856948853,1.8899999856948853,0.0,2.4700000286102295,1.850000023841858,2.450000047683716,0.0,12121800
2023-05-30,2.009999990463257,2.009999990463257,0.0,2.130000114440918,1.9249999523162842,2.0,0.0,4604200
2023-05-31,2.0399999618530273,2.0399999618530273,0.0,2.049999952316284,1.9199999570846558,1.9900000095367432,0.0,2015100
2023-06-01,1.9500000476837158,1.9500000476837158,0.0,2.130000114440918,1.934999942779541,2.0399999618530273,0.0,2983300
2023-06-02,2.0399999618530273,2.0399999618530273,0.0,2.0399999618530273,1.9550000429153442,2.0,0.0,1360100
2023-06-05,1.909999966621399,1.909999966621399,0.0,2.0199999809265137,1.899999976158142,2.009999990463257,0.0,2368700
2023-06-06,1.9299999475479126,1.9299999475479126,0.0,1.940000057220459,1.8300000429153442,1.899999976158142,0.0,3152800
2023-06-07,1.9299999475479126,1.9299999475479126,0.0,2.009999990463257,1.909999966621399,1.940000057220459,0.0,2864800
2023-06-08,2.0399999618530273,2.0399999618530273,0.0,2.0799999237060547,1.9299999475479126,1.9500000476837158,0.0,2350200
2023-06-09,2.119999885559082,2.119999885559082,0.0,2.180000066757202,2.0450000762939453,2.059999942779541,0.0,2805500
2023-06-12,2.240000009536743,2.240000009536743,0.0,2.2799999713897705,2.0,2.0,0.0,2927800
2023-06-13,2.2100000381469727,2.2100000381469727,0.0,2.319999933242798,2.1700000762939453,2.259999990463257,0.0,2012900
2023-06-14,2.259999990463257,2.259999990463257,0.0,2.319999933242798,2.174999952316284,2.190000057220459,0.0,1957000
2023-06-15,2.2200000286102295,2.2200000286102295,0.0,2.25,2.140000104904175,2.180000066757202,0.0,1596200
2023-06-16,2.1500000953674316,2.1500000953674316,0.0,2.2200000286102295,2.059999942779541,2.2200000286102295,0.0,6526700
2023-06-20,2.0999999046325684,2.0999999046325684,0.0,2.2100000381469727,2.0299999713897705,2.1500000953674316,0.0,4595400
2023-06-21,2.190000057220459,2.190000057220459,0.0,2.259999990463257,2.109999895095825,2.140000104904175,0.0,4633100
2023-06-22,2.0,2.0,0.0,2.200000047683716,2.0,2.1500000953674316,0.0,2981500
2023-06-23,2.0399999618530273,2.0399999618530273,0.0,2.119999885559082,1.9800000190734863,2.0299999713897705,0.0,4668700
2023-06-26,2.0199999809265137,2.0199999809265137,0.0,2.069999933242798,1.9700000286102295,2.0,0.0,1653400
2023-06-27,2.2100000381469727,2.2100000381469727,0.0,2.2200000286102295,2.0199999809265137,2.049999952316284,0.0,4187100
2023-06-28,2.059999942779541,2.059999942779541,0.0,2.200000047683716,2.0299999713897705,2.190000057220459,0.0,2111500
2023-06-29,2.0899999141693115,2.0899999141693115,0.0,2.1449999809265137,2.059999942779541,2.069999933242798,0.0,1026600
2023-06-30,2.130000114440918,2.130000114440918,0.0,2.1410000324249268,2.059999942779541,2.140000104904175,0.0,1119200
2023-07-03,2.2899999618530273,2.2899999618530273,0.0,2.3299999237060547,2.109999895095825,2.130000114440918,0.0,2711600
2023-07-05,2.2699999809265137,2.2699999809265137,0.0,2.3299999237060547,2.180000066757202,2.2300000190734863,0.0,2938600
2023-07-06,2.240000009536743,2.240000009536743,0.0,2.3389999866485596,2.2200000286102295,2.25,0.0,1904800
2023-07-07,2.4800000190734863,2.4800000190734863,0.0,2.559999942779541,2.240000009536743,2.25,0.0,4326000
2023-07-10,2.700000047683716,2.700000047683716,0.0,2.7249999046325684,2.4000000953674316,2.430000066757202,0.0,5886800
2023-07-11,2.9200000762939453,2.9200000762939453,0.0,2.9200000762939453,2.674999952316284,2.75,0.0,6365800
2023-07-12,2.8399999141693115,2.8399999141693115,0.0,3.075000047683716,2.799999952316284,3.0,0.0,5545200
2023-07-13,3.180000066757202,3.180000066757202,0.0,3.255000114440918,2.8499999046325684,2.9700000286102295,0.0,7792900
2023-07-14,2.940000057220459,2.940000057220459,0.0,3.2190001010894775,2.859999895095825,3.200000047683716,0.0,4734100
2023-07-17,2.9149999618530273,2.9149999618530273,0.0,3.0199999809265137,2.8499999046325684,2.930000066757202,0.0,2280100
2023-07-18,2.8299999237060547,2.8299999237060547,0.0,2.9800000190734863,2.7899999618530273,2.9200000762939453,0.0,2783600
2023-07-19,2.9200000762939453,2.9200000762939453,0.0,3.0799999237060547,2.859999895095825,2.880000114440918,0.0,3749000
2023-07-20,2.9100000858306885,2.9100000858306885,0.0,3.0799999237060547,2.859999895095825,2.940000057220459,0.0,2714700
2023-07-21,2.9200000762939453,2.9200000762939453,0.0,2.990000009536743,2.8399999141693115,2.940000057220459,0.0,1933300
2023-07-24,2.799999952316284,2.799999952316284,0.0,2.890000104904175,2.680000066757202,2.869999885559082,0.0,3491400
2023-07-25,2.9000000953674316,2.9000000953674316,0.0,3.0299999713897705,2.799999952316284,2.819999933242798,0.0,2634500
2023-07-26,2.950000047683716,2.950000047683716,0.0,2.9700000286102295,2.8350000381469727,2.9000000953674316,0.0,2059500
2023-07-27,2.869999885559082,2.869999885559082,0.0,3.059999942779541,2.8499999046325684,2.930000066757202,0.0,2286400
2023-07-28,3.0399999618530273,3.0399999618530273,0.0,3.059999942779541,2.9000000953674316,2.9200000762939453,0.0,1688000
2023-07-31,3.180000066757202,3.180000066757202,0.0,3.180000066757202,2.994999885559082,3.0399999618530273,0.0,5341100
2023-08-01,3.1500000953674316,3.1500000953674316,0.0,3.1600000858306885,2.934999942779541,3.0399999618530273,0.0,3275000
2023-08-02,2.9100000858306885,2.9100000858306885,0.0,3.1600000858306885,2.890000104904175,3.0299999713897705,0.0,2698800
2023-08-03,2.809999942779541,2.809999942779541,0.0,2.940000057220459,2.799999952316284,2.9200000762939453,0.0,1710600
2023-08-04,2.75,2.75,0.0,2.880000114440918,2.75,2.8299999237060547,0.0,1875400
2023-08-07,2.690000057220459,2.690000057220459,0.0,2.806999921798706,2.5999999046325684,2.7699999809265137,0.0,2041100
2023-08-08,2.809999942779541,2.809999942779541,0.0,2.8299999237060547,2.630000114440918,2.700000047683716,0.0,3306300
2023-08-09,2.700000047683716,2.700000047683716,0.0,2.859999895095825,2.6649999618530273,2.859999895095825,0.0,2317000
2023-08-10,2.7799999713897705,2.7799999713897705,0.0,2.890000104904175,2.6600000858306885,2.700000047683716,0.0,3942300
2023-08-11,2.7200000286102295,2.7200000286102295,0.0,2.7750000953674316,2.680000066757202,2.7200000286102295,0.0,2203500
2023-08-14,2.619999885559082,2.619999885559082,0.0,2.680000066757202,2.5799999237060547,2.680000066757202,0.0,1950400
2023-08-15,2.5199999809265137,2.5199999809265137,0.0,2.618000030517578,2.509999990463257,2.5999999046325684,0.0,1926300
2023-08-16,2.4800000190734863,2.4800000190734863,0.0,2.509999990463257,2.4100000858306885,2.5,0.0,2083900
2023-08-17,2.3499999046325684,2.3499999046325684,0.0,2.4749999046325684,2.3299999237060547,2.450000047683716,0.0,1993700
2023-08-18,2.059999942779541,2.059999942779541,0.0,2.200000047683716,2.0,2.0899999141693115,0.0,5567100
2023-08-21,2.109999895095825,2.109999895095825,0.0,2.1500000953674316,2.0799999237060547,2.130000114440918,0.0,1209800
2023-08-22,2.0299999713897705,2.0299999713897705,0.0,2.174999952316284,1.9850000143051147,2.1600000858306885,0.0,2791300
2023-08-23,2.130000114440918,2.130000114440918,0.0,2.1500000953674316,2.0199999809265137,2.0199999809265137,0.0,1884900
2023-08-24,1.9600000381469727,1.9600000381469727,0.0,2.1500000953674316,1.940000057220459,2.1500000953674316,0.0,2182900
2023-08-25,2.0399999618530273,2.0399999618530273,0.0,2.069999933242798,1.9199999570846558,1.9500000476837158,0.0,2463000
2023-08-28,1.9900000095367432,1.9900000095367432,0.0,2.0899999141693115,1.9800000190734863,2.009999990463257,0.0,2085900
2023-08-29,2.130000114440918,2.130000114440918,0.0,2.190000057220459,1.850000023841858,1.909999966621399,0.0,6180700
2023-08-30,2.009999990463257,2.009999990463257,0.0,2.0999999046325684,1.9600000381469727,2.0899999141693115,0.0,3575200
2023-08-31,2.009999990463257,2.009999990463257,0.0,2.0999999046325684,1.9700000286102295,2.0,0.0,2507900
2023-09-01,1.9900000095367432,1.9900000095367432,0.0,2.0450000762939453,1.940000057220459,2.0299999713897705,0.0,3748400
2023-09-05,1.9900000095367432,1.9900000095367432,0.0,2.0450000762939453,1.9600000381469727,2.0199999809265137,0.0,1973200
2023-09-06,1.899999976158142,1.899999976158142,0.0,2.009999990463257,1.8899999856948853,1.9800000190734863,0.0,3150600
2023-09-07,1.909999966621399,1.909999966621399,0.0,1.9299999475479126,1.840000033378601,1.899999976158142,0.0,2333400
2023-09-08,1.8899999856948853,1.8899999856948853,0.0,1.9299999475479126,1.8600000143051147,1.9199999570846558,0.0,753600
2023-09-11,1.8799999952316284,1.8799999952316284,0.0,1.940000057220459,1.850000023841858,1.9199999570846558,0.0,949800
2023-09-12,1.850000023841858,1.850000023841858,0.0,1.9700000286102295,1.840000033378601,1.899999976158142,0.0,2411500
2023-09-13,1.7999999523162842,1.7999999523162842,0.0,1.9199999570846558,1.7899999618530273,1.8600000143051147,0.0,2346300
2023-09-14,1.8700000047683716,1.8700000047683716,0.0,1.909999966621399,1.8200000524520874,1.8300000429153442,0.0,1239700
2023-09-15,1.8799999952316284,1.8799999952316284,0.0,1.899999976158142,1.8200000524520874,1.8700000047683716,0.0,2251700
2023-09-18,1.8600000143051147,1.8600000143051147,0.0,1.9249999523162842,1.8300000429153442,1.899999976158142,0.0,1158600
2023-09-19,1.8600000143051147,1.8600000143051147,0.0,1.899999976158142,1.809999942779541,1.8799999952316284,0.0,1490400
2023-09-20,1.809999942779541,1.809999942779541,0.0,1.875,1.7899999618530273,1.840000033378601,0.0,1644400
2023-09-21,1.7899999618530273,1.7899999618530273,0.0,1.809999942779541,1.7300000190734863,1.7799999713897705,0.0,2116000
2023-09-22,1.7999999523162842,1.7999999523162842,0.0,1.8660000562667847,1.7799999713897705,1.8200000524520874,0.0,1013800
2023-09-25,1.75,1.75,0.0,1.8049999475479126,1.7350000143051147,1.7799999713897705,0.0,959400
2023-09-26,1.6799999475479126,1.6799999475479126,0.0,1.7699999809265137,1.6699999570846558,1.7400000095367432,0.0,2377300
2023-09-27,1.6799999475479126,1.6799999475479126,0.0,1.7450000047683716,1.6399999856948853,1.7200000286102295,0.0,1122200
2023-09-28,1.7400000095367432,1.7400000095367432,0.0,1.809999942779541,1.6549999713897705,1.6799999475479126,0.0,2173900
2023-09-29,1.8200000524520874,1.8200000524520874,0.0,1.8350000381469727,1.7649999856948853,1.7799999713897705,0.0,1607100
2023-10-02,1.840000033378601,1.840000033378601,0.0,1.909999966621399,1.809999942779541,1.850000023841858,0.0,1868500
2023-10-03,1.809999942779541,1.809999942779541,0.0,1.8250000476837158,1.75,1.809999942779541,0.0,1973100
2023-10-04,1.8799999952316284,1.8799999952316284,0.0,1.8949999809265137,1.7699999809265137,1.809999942779541,0.0,1417100
2023-10-05,1.8600000143051147,1.8600000143051147,0.0,1.899999976158142,1.8450000286102295,1.8799999952316284,0.0,643800
2023-10-06,1.8799999952316284,1.8799999952316284,0.0,1.8899999856948853,1.8200000524520874,1.840000033378601,0.0,1209100
2023-10-09,1.8899999856948853,1.8899999856948853,0.0,1.9249999523162842,1.8300000429153442,1.850000023841858,0.0,866800
2023-10-10,1.8799999952316284,1.8799999952316284,0.0,1.9299999475479126,1.8700000047683716,1.8700000047683716,0.0,1140400
2023-10-11,1.8300000429153442,1.8300000429153442,0.0,1.8949999809265137,1.809999942779541,1.8700000047683716,0.0,800600
2023-10-12,1.7799999713897705,1.7799999713897705,0.0,1.840000033378601,1.75,1.840000033378601,0.0,952800
2023-10-13,1.7999999523162842,1.7999999523162842,0.0,1.809999942779541,1.7649999856948853,1.7799999713897705,0.0,996300
2023-10-16,1.9500000476837158,1.9500000476837158,0.0,1.9500000476837158,1.8200000524520874,1.8300000429153442,0.0,2111200
2023-10-17,1.9199999570846558,1.9199999570846558,0.0,1.9600000381469727,1.8849999904632568,1.9299999475479126,0.0,1368300
2023-10-18,1.75,1.75,0.0,1.909999966621399,1.75,1.899999976158142,0.0,1013400
2023-10-19,1.7100000381469727,1.7100000381469727,0.0,1.7599999904632568,1.649999976158142,1.7599999904632568,0.0,1875600
2023-10-20,1.690000057220459,1.690000057220459,0.0,1.774999976158142,1.6799999475479126,1.7100000381469727,0.0,1239200
2023-10-23,1.7100000381469727,1.7100000381469727,0.0,1.7899999618530273,1.690000057220459,1.7899999618530273,0.0,2068200
2023-10-24,1.9299999475479126,1.9299999475479126,0.0,2.0250000953674316,1.815000057220459,1.8700000047683716,0.0,4445000
2023-10-25,1.9800000190734863,1.9800000190734863,0.0,2.0199999809265137,1.9140000343322754,1.9700000286102295,0.0,2492200
2023-10-26,1.9199999570846558,1.9199999570846558,0.0,2.0899999141693115,1.909999966621399,1.9600000381469727,0.0,2692600
2023-10-27,1.909999966621399,1.909999966621399,0.0,2.009999990463257,1.899999976158142,1.9299999475479126,0.0,1896700
2023-10-30,2.0199999809265137,2.0199999809265137,0.0,2.049999952316284,1.9110000133514404,1.940000057220459,0.0,3160600
2023-10-31,1.9199999570846558,1.9199999570846558,0.0,2.049999952316284,1.8849999904632568,2.0299999713897705,0.0,7187900
2023-11-01,1.7999999523162842,1.7999999523162842,0.0,1.9800000190734863,1.7200000286102295,1.9600000381469727,0.0,3676000
2023-11-02,1.909999966621399,1.909999966621399,0.0,1.9500000476837158,1.8600000143051147,1.899999976158142,0.0,1279800
2023-11-03,1.8700000047683716,1.8700000047683716,0.0,1.940000057220459,1.850000023841858,1.8799999952316284,0.0,1527300
2023-11-06,1.8700000047683716,1.8700000047683716,0.0,1.9900000095367432,1.8550000190734863,1.8799999952316284,0.0,1543700
2023-11-07,1.850000023841858,1.850000023841858,0.0,1.8700000047683716,1.7699999809265137,1.8700000047683716,0.0,2040600
2023-11-08,1.7400000095367432,1.7400000095367432,0.0,1.8550000190734863,1.7400000095367432,1.850000023841858,0.0,1372700
2023-11-09,1.5700000524520874,1.5700000524520874,0.0,1.9700000286102295,1.5199999809265137,1.7899999618530273,0.0,9648200
2023-11-10,1.659999966621399,1.659999966621399,0.0,1.659999966621399,1.5299999713897705,1.6200000047683716,0.0,3053800
2023-11-13,1.6100000143051147,1.6100000143051147,0.0,1.6699999570846558,1.590000033378601,1.6699999570846558,0.0,1857900
2023-11-14,1.649999976158142,1.649999976158142,0.0,1.6749999523162842,1.559999942779541,1.590000033378601,0.0,2583400
2023-11-15,1.7599999904632568,1.7599999904632568,0.0,1.7799999713897705,1.6399999856948853,1.6799999475479126,0.0,2313100
2023-11-16,1.6699999570846558,1.6699999570846558,0.0,1.7050000429153442,1.649999976158142,1.6799999475479126,0.0,1873200
2023-11-17,1.7100000381469727,1.7100000381469727,0.0,1.7200000286102295,1.6399999856948853,1.6699999570846558,0.0,908900
2023-11-20,1.690000057220459,1.690000057220459,0.0,1.75,1.6699999570846558,1.7200000286102295,0.0,2365100
2023-11-21,1.6299999952316284,1.6299999952316284,0.0,1.6699999570846558,1.6100000143051147,1.659999966621399,0.0,1640300
2023-11-22,1.6100000143051147,1.6100000143051147,0.0,1.649999976158142,1.5800000429153442,1.6299999952316284,0.0,1541300
2023-11-24,1.7300000190734863,1.7300000190734863,0.0,1.7300000190734863,1.621000051498413,1.6299999952316284,0.0,1796300
2023-11-27,1.690000057220459,1.690000057220459,0.0,1.75,1.63100004196167,1.690000057220459,0.0,3926400
2023-11-28,1.7200000286102295,1.7200000286102295,0.0,1.7599999904632568,1.590000033378601,1.659999966621399,0.0,5077900
2023-11-29,1.600000023841858,1.600000023841858,0.0,1.840000033378601,1.5800000429153442,1.7300000190734863,0.0,6454400
2023-11-30,1.5099999904632568,1.5099999904632568,0.0,1.6399999856948853,1.5,1.6299999952316284,0.0,7027600
2023-12-01,1.590000033378601,1.590000033378601,0.0,1.600000023841858,1.434999942779541,1.5499999523162842,0.0,10602300
2023-12-04,1.7000000476837158,1.7000000476837158,0.0,1.7999999523162842,1.6200000047683716,1.7649999856948853,0.0,18451800
2023-12-05,1.5499999523162842,1.5499999523162842,0.0,1.7300000190734863,1.5499999523162842,1.7200000286102295,0.0,11301000
2023-12-06,1.559999942779541,1.559999942779541,0.0,1.6799999475479126,1.5499999523162842,1.600000023841858,0.0,15019900
2023-12-07,1.4600000381469727,1.4600000381469727,0.0,1.5800000429153442,1.4500000476837158,1.5700000524520874,0.0,6805900
2023-12-08,1.4199999570846558,1.4199999570846558,0.0,1.5099999904632568,1.409999966621399,1.4700000286102295,0.0,5517300
2023-12-11,1.2699999809265137,1.2699999809265137,0.0,1.3799999952316284,1.25,1.3700000047683716,0.0,8415800
2023-12-12,1.2200000286102295,1.2200000286102295,0.0,1.3200000524520874,1.1799999475479126,1.2799999713897705,0.0,5456300
2023-12-13,1.3200000524520874,1.3200000524520874,0.0,1.3200000524520874,1.1299999952316284,1.2300000190734863,0.0,9101700
2023-12-14,1.7400000095367432,1.7400000095367432,0.0,1.7549999952316284,1.3899999856948853,1.3899999856948853,0.0,24528600
2023-12-15,1.9199999570846558,1.9199999570846558,0.0,1.9600000381469727,1.7100000381469727,1.7999999523162842,0.0,29119500
2023-12-18,2.200000047683716,2.200000047683716,0.0,2.25,1.850000023841858,1.8700000047683716,0.0,28891200
2023-12-19,2.2300000190734863,2.2300000190734863,0.0,2.369999885559082,2.059999942779541,2.3499999046325684,0.0,31305900
2023-12-20,2.569999933242798,2.569999933242798,0.0,3.180000066757202,2.299999952316284,2.3399999141693115,0.0,50981800
2023-12-21,2.5799999237060547,2.5799999237060547,0.0,2.9100000858306885,2.4200000762939453,2.9100000858306885,0.0,40701300
2023-12-22,3.1700000762939453,3.1700000762939453,0.0,3.359999895095825,2.619999885559082,2.619999885559082,0.0,46307100
2023-12-26,3.0299999713897705,3.0299999713897705,0.0,3.200000047683716,2.7799999713897705,3.130000114440918,0.0,26197900
2023-12-27,3.190000057220459,3.190000057220459,0.0,3.5,3.0299999713897705,3.2300000190734863,0.0,36305300
2023-12-28,2.809999942779541,2.809999942779541,0.0,3.0399999618530273,2.75,2.9649999141693115,0.0,24103700
2023-12-29,2.309999942779541,2.309999942779541,0.0,2.9600000381469727,2.200000047683716,2.9200000762939453,0.0,41864800
2024-01-02,2.1600000858306885,2.1600000858306885,0.0,2.5250000953674316,2.119999885559082,2.5250000953674316,0.0,31624300
2024-01-03,2.0399999618530273,2.0399999618530273,0.0,2.1600000858306885,1.8600000143051147,1.8799999952316284,0.0,31420600
2024-01-04,2.180000066757202,2.180000066757202,0.0,2.36899995803833,1.9800000190734863,2.069999933242798,0.0,22007800
2024-01-05,2.109999895095825,2.109999895095825,0.0,2.190000057220459,2.0199999809265137,2.1700000762939453,0.0,15001200
2024-01-08,2.2799999713897705,2.2799999713897705,0.0,2.3299999237060547,1.9450000524520874,2.119999885559082,0.0,21181800
2024-01-09,2.130000114440918,2.130000114440918,0.0,2.3399999141693115,2.0799999237060547,2.309999942779541,0.0,15365300
2024-01-10,2.140000104904175,2.140000104904175,0.0,2.265000104904175,2.005000114440918,2.0899999141693115,0.0,13771700
2024-01-11,2.130000114440918,2.130000114440918,0.0,2.630000114440918,2.059999942779541,2.440000057220459,0.0,50671000
2024-01-12,1.940000057220459,1.940000057220459,0.0,2.119999885559082,1.909999966621399,2.059999942779541,0.0,20648300
2024-01-16,2.0999999046325684,2.0999999046325684,0.0,2.1700000762939453,1.850000023841858,1.940000057220459,0.0,15885400
2024-01-17,1.9299999475479126,1.9299999475479126,0.0,1.9900000095367432,1.8600000143051147,1.9800000190734863,0.0,11083300
2024-01-18,1.840000033378601,1.840000033378601,0.0,2.059999942779541,1.8300000429153442,2.0,0.0,13202100
2024-01-19,1.7999999523162842,1.7999999523162842,0.0,1.840000033378601,1.649999976158142,1.8200000524520874,0.0,15778300
2024-01-22,1.7300000190734863,1.7300000190734863,0.0,1.809999942779541,1.7000000476837158,1.7300000190734863,0.0,8609400
2024-01-23,1.559999942779541,1.559999942779541,0.0,1.7100000381469727,1.5199999809265137,1.6799999475479126,0.0,20340900
2024-01-24,1.5499999523162842,1.5499999523162842,0.0,1.6699999570846558,1.5399999618530273,1.6200000047683716,0.0,9259500
2024-01-25,1.4500000476837158,1.4500000476837158,0.0,1.5399999618530273,1.4199999570846558,1.5299999713897705,0.0,14304500
2024-01-26,1.6200000047683716,1.6200000047683716,0.0,1.7000000476837158,1.5099999904632568,1.5499999523162842,0.0,23028800
2024-01-29,1.6399999856948853,1.6399999856948853,0.0,1.7699999809265137,1.559999942779541,1.690000057220459,0.0,17882700
2024-01-30,1.4900000095367432,1.4900000095367432,0.0,1.7000000476837158,1.4700000286102295,1.649999976158142,0.0,18952700
2024-01-31,1.434999942779541,1.434999942779541,0.0,1.5399999618530273,1.4299999475479126,1.4600000381469727,0.0,7734200
2024-02-01,1.3799999952316284,1.3799999952316284,0.0,1.4600000381469727,1.3200000524520874,1.4600000381469727,0.0,18170600
2024-02-02,1.3300000429153442,1.3300000429153442,0.0,1.3799999952316284,1.2799999713897705,1.3600000143051147,0.0,8745200
2024-02-05,1.2000000476837158,1.2000000476837158,0.0,1.340000033378601,1.190000057220459,1.309999942779541,0.0,14400100
2024-02-06,1.2699999809265137,1.2699999809265137,0.0,1.309999942779541,1.2009999752044678,1.2300000190734863,0.0,10743700
2024-02-07,1.2799999713897705,1.2799999713897705,0.0,1.2999999523162842,1.2300000190734863,1.2899999618530273,0.0,9015300
2024-02-08,1.5399999618530273,1.5399999618530273,0.0,1.559999942779541,1.350000023841858,1.399999976158142,0.0,25032600
2024-02-09,1.600000023841858,1.600000023841858,0.0,1.7999999523162842,1.534999966621399,1.7300000190734863,0.0,30025700
2024-02-12,1.8700000047683716,1.8700000047683716,0.0,2.009999990463257,1.5800000429153442,1.590000033378601,0.0,41348000
2024-02-13,1.7300000190734863,1.7300000190734863,0.0,1.8279999494552612,1.659999966621399,1.7000000476837158,0.0,25234600
2024-02-14,2.2799999713897705,2.2799999713897705,0.0,2.3499999046325684,1.934999942779541,1.9600000381469727,0.0,48658500
2024-02-15,2.309999942779541,2.309999942779541,0.0,2.4149999618530273,2.0899999141693115,2.390000104904175,0.0,38642700
2024-02-16,2.299999952316284,2.299999952316284,0.0,2.5399999618530273,2.2100000381469727,2.3499999046325684,0.0,22857300
2024-02-20,2.1500000953674316,2.1500000953674316,0.0,2.430000066757202,1.972000002861023,2.309999942779541,0.0,32214800
2024-02-21,1.8899999856948853,1.8899999856948853,0.0,2.0299999713897705,1.8600000143051147,1.9800000190734863,0.0,14022800
2024-02-22,2.0299999713897705,2.0299999713897705,0.0,2.0399999618530273,1.899999976158142,1.899999976158142,0.0,13367500
2024-02-23,1.7899999618530273,1.7899999618530273,0.0,2.009999990463257,1.7799999713897705,1.9600000381469727,0.0,16931500
2024-02-26,1.9700000286102295,1.9700000286102295,0.0,2.0799999237060547,1.8300000429153442,1.840000033378601,0.0,36298300
2024-02-27,1.75,1.75,0.0,2.1700000762939453,1.7200000286102295,2.0950000286102295,0.0,56073300
2024-02-28,1.850000023841858,1.850000023841858,0.0,1.9800000190734863,1.7999999523162842,1.899999976158142,0.0,31786300
2024-02-29,1.5700000524520874,1.5700000524520874,0.0,1.899999976158142,1.5399999618530273,1.850000023841858,0.0,26754200
2024-03-01,1.6299999952316284,1.6299999952316284,0.0,1.6699999570846558,1.5299999713897705,1.600000023841858,0.0,16100500
2024-03-04,1.5700000524520874,1.5700000524520874,0.0,1.7200000286102295,1.5299999713897705,1.690000057220459,0.0,21650900
2024-03-05,1.5700000524520874,1.5700000524520874,0.0,1.715000033378601,1.5199999809265137,1.5499999523162842,0.0,20164800
2024-03-06,1.5800000429153442,1.5800000429153442,0.0,1.6299999952316284,1.5099999904632568,1.6299999952316284,0.0,11714500
2024-03-07,1.5099999904632568,1.5099999904632568,0.0,1.5800000429153442,1.4800000190734863,1.5399999618530273,0.0,9114300
2024-03-08,1.559999942779541,1.559999942779541,0.0,1.6699999570846558,1.5099999904632568,1.5299999713897705,0.0,15462800
2024-03-11,1.3899999856948853,1.3899999856948853,0.0,1.659999966621399,1.3700000047683716,1.659999966621399,0.0,22361300
2024-03-12,1.3899999856948853,1.3899999856948853,0.0,1.496999979019165,1.3600000143051147,1.399999976158142,0.0,15401400
2024-03-13,1.3700000047683716,1.3700000047683716,0.0,1.4700000286102295,1.350000023841858,1.3899999856948853,0.0,14461400
2024-03-14,1.2699999809265137,1.2699999809265137,0.0,1.3700000047683716,1.2599999904632568,1.3600000143051147,0.0,13368700
2024-03-15,1.340000033378601,1.340000033378601,0.0,1.3700000047683716,1.225000023841858,1.2300000190734863,0.0,18869900
2024-03-18,1.2999999523162842,1.2999999523162842,0.0,1.3799999952316284,1.2799999713897705,1.3200000524520874,0.0,8332200
2024-03-19,1.2699999809265137,1.2699999809265137,0.0,1.3200000524520874,1.2100000381469727,1.2699999809265137,0.0,10128800
2024-03-20,1.600000023841858,1.600000023841858,0.0,1.600000023841858,1.2799999713897705,1.309999942779541,0.0,28283800
2024-03-21,1.5499999523162842,1.5499999523162842,0.0,1.6649999618530273,1.5199999809265137,1.6299999952316284,0.0,20054900
2024-03-22,1.4199999570846558,1.4199999570846558,0.0,1.4900000095367432,1.409999966621399,1.440000057220459,0.0,8873600
2024-03-25,1.4199999570846558,1.4199999570846558,0.0,1.5,1.3899999856948853,1.4600000381469727,0.0,14826000
2024-03-26,1.409999966621399,1.409999966621399,0.0,1.5099999904632568,1.399999976158142,1.4500000476837158,0.0,8524200
2024-03-27,1.4199999570846558,1.4199999570846558,0.0,1.4800000190734863,1.399999976158142,1.4299999475479126,0.0,6810100
2024-03-28,1.5199999809265137,1.5199999809265137,0.0,1.6299999952316284,1.409999966621399,1.4299999475479126,0.0,19344700
2024-04-01,1.399999976158142,1.399999976158142,0.0,1.5199999809265137,1.3600000143051147,1.4900000095367432,0.0,8740100
2024-04-02,1.309999942779541,1.309999942779541,0.0,1.3799999952316284,1.2799999713897705,1.3700000047683716,0.0,7022400
2024-04-03,1.2999999523162842,1.2999999523162842,0.0,1.350000023841858,1.2799999713897705,1.3200000524520874,0.0,5151800
2024-04-04,1.2999999523162842,1.2999999523162842,0.0,1.3700000047683716,1.2799999713897705,1.3200000524520874,0.0,5254500
2024-04-05,1.2699999809265137,1.2699999809265137,0.0,1.309999942779541,1.2599999904632568,1.2999999523162842,0.0,3919900
2024-04-08,1.309999942779541,1.309999942779541,0.0,1.3949999809265137,1.2699999809265137,1.3300000429153442,0.0,6286400
2024-04-09,1.2899999618530273,1.2899999618530273,0.0,1.3200000524520874,1.2599999904632568,1.2799999713897705,0.0,4529100
2024-04-10,1.2899999618530273,1.2899999618530273,0.0,1.340000033378601,1.2400000095367432,1.2699999809265137,0.0,6419100
2024-04-11,1.2599999904632568,1.2599999904632568,0.0,1.3300000429153442,1.2400000095367432,1.309999942779541,0.0,3944700
2024-04-12,1.2000000476837158,1.2000000476837158,0.0,1.274999976158142,1.2000000476837158,1.2599999904632568,0.0,6011600
2024-04-15,1.1299999952316284,1.1299999952316284,0.0,1.2100000381469727,1.1100000143051147,1.2100000381469727,0.0,8681100
2024-04-16,1.100000023841858,1.100000023841858,0.0,1.2000000476837158,1.0700000524520874,1.1100000143051147,0.0,9159300
2024-04-17,1.1100000143051147,1.1100000143051147,0.0,1.1799999475479126,1.090000033378601,1.100000023841858,0.0,6649500
2024-04-18,0.9200000166893005,0.9200000166893005,0.0,1.0399999618530273,0.8899999856948853,0.9599999785423279,0.0,19317100
2024-04-19,0.7519999742507935,0.7519999742507935,0.0,0.9769999980926514,0.75,0.9200000166893005,0.0,19392300
2024-04-22,0.9300000071525574,0.9300000071525574,0.0,0.9480000138282776,0.7649999856948853,0.8119999766349792,0.0,29223500
2024-04-23,0.9509999752044678,0.9509999752044678,0.0,1.100000023841858,0.9100000262260437,0.9559999704360962,0.0,21265600
2024-04-24,0.9909999966621399,0.9909999966621399,0.0,1.0099999904632568,0.9229999780654907,0.953000009059906,0.0,11230900
2024-04-25,0.9300000071525574,0.9300000071525574,0.0,0.9700000286102295,0.9010000228881836,0.9700000286102295,0.0,11283100
2024-04-26,0.9139999747276306,0.9139999747276306,0.0,0.9399999976158142,0.8759999871253967,0.9300000071525574,0.0,9345300
2024-04-29,0.949999988079071,0.949999988079071,0.0,1.0499999523162842,0.9010000228881836,0.9100000262260437,0.0,14781700
2024-04-30,0.875,0.875,0.0,0.9900000095367432,0.8650000095367432,0.9399999976158142,0.0,10678200
2024-05-01,0.8730000257492065,0.8730000257492065,0.0,0.9100000262260437,0.8399999737739563,0.8600000143051147,0.0,5201700
2024-05-02,0.9200000166893005,0.9200000166893005,0.0,0.9200000166893005,0.8410000205039978,0.8999999761581421,0.0,6073200
2024-05-03,0.8790000081062317,0.8790000081062317,0.0,0.9559999704360962,0.8679999709129333,0.9399999976158142,0.0,8968400
2024-05-06,0.8820000290870667,0.8820000290870667,0.0,0.9700000286102295,0.875,0.8899999856948853,0.0,13050200
2024-05-07,0.847000002861023,0.847000002861023,0.0,0.8999999761581421,0.8429999947547913,0.8840000033378601,0.0,8530400
2024-05-08,0.8799999952316284,0.8799999952316284,0.0,0.8970000147819519,0.8119999766349792,0.843999981880188,0.0,7318500
2024-05-09,0.925000011920929,0.925000011920929,0.0,0.9399999976158142,0.8700000047683716,0.875,0.0,5141000
2024-05-10,0.9589999914169312,0.9589999914169312,0.0,0.996999979019165,0.906000018119812,0.9470000267028809,0.0,11969800
2024-05-13,0.9160000085830688,0.9160000085830688,0.0,0.9599999785423279,0.8999999761581421,0.9279999732971191,0.0,5888600
2024-05-14,0.9409999847412109,0.9409999847412109,0.0,0.9860000014305115,0.9020000100135803,0.9100000262260437,0.0,13742400
2024-05-15,1.0499999523162842,1.0499999523162842,0.0,1.149999976158142,0.9620000123977661,0.9800000190734863,0.0,11656600
2024-05-16,1.1699999570846558,1.1699999570846558,0.0,1.2000000476837158,1.059999942779541,1.090000033378601,0.0,18252300
2024-05-17,1.0499999523162842,1.0499999523162842,0.0,1.2899999618530273,1.0399999618530273,1.2000000476837158,0.0,12105100
2024-05-20,1.2200000286102295,1.2200000286102295,0.0,1.2200000286102295,1.0299999713897705,1.059999942779541,0.0,10437400
2024-05-21,1.0750000476837158,1.0750000476837158,0.0,1.2599999904632568,1.0399999618530273,1.2599999904632568,0.0,10815600
2024-05-22,1.090000033378601,1.090000033378601,0.0,1.149999976158142,1.059999942779541,1.090000033378601,0.0,4875900
2024-05-23,1.0199999809265137,1.0199999809265137,0.0,1.1050000190734863,1.0,1.090000033378601,0.0,6498600
2024-05-24,1.0499999523162842,1.0499999523162842,0.0,1.059999942779541,1.0,1.0199999809265137,0.0,3226400
2024-05-28,0.996999979019165,0.996999979019165,0.0,1.0700000524520874,0.9800000190734863,1.0499999523162842,0.0,4956500
2024-05-29,1.0099999904632568,1.0099999904632568,0.0,1.100000023841858,0.972000002861023,1.0,0.0,6982600
2024-05-30,1.0399999618530273,1.0399999618530273,0.0,1.0700000524520874,1.0199999809265137,1.0199999809265137,0.0,3499600
2024-05-31,1.0099999904632568,1.0099999904632568,0.0,1.0800000429153442,1.0,1.0299999713897705,0.0,8240800
2024-06-03,0.9959999918937683,0.9959999918937683,0.0,1.0700000524520874,0.9800000190734863,1.0499999523162842,0.0,6863500
2024-06-04,0.9660000205039978,0.9660000205039978,0.0,1.0,0.925000011920929,0.9829999804496765,0.0,8260600
2024-06-05,0.9800000190734863,0.9800000190734863,0.0,0.9980000257492065,0.949999988079071,0.9549999833106995,0.0,4006000
2024-06-06,1.0399999618530273,1.0399999618530273,0.0,1.059999942779541,0.949999988079071,0.9800000190734863,0.0,5320000
2024-06-07,1.0299999713897705,1.0299999713897705,0.0,1.149999976158142,1.0199999809265137,1.0399999618530273,0.0,7445600
2024-06-10,1.0700000524520874,1.0700000524520874,0.0,1.090000033378601,1.0099999904632568,1.0199999809265137,0.0,2843800
2024-06-11,1.0700000524520874,1.0700000524520874,0.0,1.090000033378601,0.9739999771118164,1.0199999809265137,0.0,5573600
2024-06-12,1.0499999523162842,1.0499999523162842,0.0,1.1100000143051147,1.0499999523162842,1.100000023841858,0.0,5261400
2024-06-13,1.0299999713897705,1.0299999713897705,0.0,1.090000033378601,1.0099999904632568,1.0499999523162842,0.0,4093400
2024-06-14,1.0199999809265137,1.0199999809265137,0.0,1.0700000524520874,1.0099999904632568,1.0499999523162842,0.0,3498400
2024-06-17,1.2200000286102295,1.2200000286102295,0.0,1.25,1.0199999809265137,1.0499999523162842,0.0,16976600
2024-06-18,1.1399999856948853,1.1399999856948853,0.0,1.2699999809265137,1.100000023841858,1.2300000190734863,0.0,12030100
2024-06-20,1.1399999856948853,1.1399999856948853,0.0,1.2400000095367432,1.1100000143051147,1.149999976158142,0.0,8281200
2024-06-21,1.1100000143051147,1.1100000143051147,0.0,1.1200000047683716,1.034999966621399,1.1200000047683716,0.0,20227400
2024-06-24,1.0299999713897705,1.0299999713897705,0.0,1.0800000429153442,1.0,1.0800000429153442,0.0,5950900
2024-06-25,1.0700000524520874,1.0700000524520874,0.0,1.090000033378601,1.0099999904632568,1.0299999713897705,0.0,4396800
2024-06-26,1.059999942779541,1.059999942779541,0.0,1.1100000143051147,1.0399999618530273,1.090000033378601,0.0,3308000
2024-06-27,1.0399999618530273,1.0399999618530273,0.0,1.149999976158142,1.0299999713897705,1.0700000524520874,0.0,6254500
2024-06-28,1.0,1.0,0.0,1.059999942779541,0.9810000061988831,1.0499999523162842,0.0,4749800
2024-07-01,1.0299999713897705,1.0299999713897705,0.0,1.0579999685287476,1.0099999904632568,1.0299999713897705,0.0,3836000
2024-07-02,1.0099999904632568,1.0099999904632568,0.0,1.0499999523162842,1.0,1.0399999618530273,0.0,2356300
2024-07-03,1.0099999904632568,1.0099999904632568,0.0,1.0399999618530273,0.9620000123977661,0.9929999709129333,0.0,2261700
2024-07-05,0.9869999885559082,0.9869999885559082,0.0,1.0099999904632568,0.9520000219345093,0.9599999785423279,0.0,6987500
2024-07-08,1.0399999618530273,1.0399999618530273,0.0,1.0499999523162842,0.9819999933242798,0.9819999933242798,0.0,3734600
2024-07-09,1.0099999904632568,1.0099999904632568,0.0,1.0399999618530273,1.0099999904632568,1.0399999618530273,0.0,2203700
2024-07-10,1.0199999809265137,1.0199999809265137,0.0,1.1200000047683716,1.0,1.0199999809265137,0.0,8716800
2024-07-11,1.0399999618530273,1.0399999618530273,0.0,1.090000033378601,1.0199999809265137,1.059999942779541,0.0,2740700
2024-07-12,1.0700000524520874,1.0700000524520874,0.0,1.0800000429153442,1.0199999809265137,1.0399999618530273,0.0,3837900
2024-07-15,1.2100000381469727,1.2100000381469727,0.0,1.2200000286102295,1.0800000429153442,1.1299999952316284,0.0,7845100
2024-07-16,1.2100000381469727,1.2100000381469727,0.0,1.25,1.1449999809265137,1.1699999570846558,0.0,8692900
2024-07-17,1.2200000286102295,1.2200000286102295,0.0,1.309999942779541,1.149999976158142,1.190000057220459,0.0,9495700
2024-07-18,1.1799999475479126,1.1799999475479126,0.0,1.2699999809265137,1.1319999694824219,1.2100000381469727,0.0,7653600
2024-07-19,1.2100000381469727,1.2100000381469727,0.0,1.2300000190734863,1.149999976158142,1.1799999475479126,0.0,4227500
2024-07-22,1.159999966621399,1.159999966621399,0.0,1.2300000190734863,1.1200000047683716,1.190000057220459,0.0,5899500
2024-07-23,1.0800000429153442,1.0800000429153442,0.0,1.159999966621399,1.0700000524520874,1.159999966621399,0.0,4097200
2024-07-24,1.0099999904632568,1.0099999904632568,0.0,1.100000023841858,1.0099999904632568,1.090000033378601,0.0,4158600
2024-07-25,1.0099999904632568,1.0099999904632568,0.0,1.0499999523162842,0.9900000095367432,1.0,0.0,3669400
2024-07-26,1.059999942779541,1.059999942779541,0.0,1.090000033378601,1.0399999618530273,1.0499999523162842,0.0,3034700
2024-07-29,0.9819999933242798,0.9819999933242798,0.0,1.100000023841858,0.9629999995231628,1.0800000429153442,0.0,13515600
2024-07-30,0.9800000190734863,0.9800000190734863,0.0,1.0199999809265137,0.9710000157356262,1.0,0.0,4951700
2024-07-31,1.0,1.0,0.0,1.0499999523162842,0.9919999837875366,1.0,0.0,2827600
2024-08-01,0.9779999852180481,0.9779999852180481,0.0,1.0099999904632568,0.9359999895095825,1.0,0.0,21885700
2024-08-02,0.9279999732971191,0.9279999732971191,0.0,0.9760000109672546,0.902999997138977,0.9760000109672546,0.0,5736700
2024-08-05,0.8539999723434448,0.8539999723434448,0.0,0.8880000114440918,0.7200000286102295,0.7699999809265137,0.0,16798800
2024-08-06,0.8659999966621399,0.8659999966621399,0.0,0.9089999794960022,0.8500000238418579,0.8799999952316284,0.0,4322400
2024-08-07,0.8309999704360962,0.8309999704360962,0.0,0.8899999856948853,0.8309999704360962,0.8889999985694885,0.0,2998600
2024-08-08,0.9120000004768372,0.9120000004768372,0.0,0.9139999747276306,0.8600000143051147,0.8619999885559082,0.0,3918200
2024-08-09,0.9120000004768372,0.9120000004768372,0.0,0.9200000166893005,0.8700000047683716,0.9200000166893005,0.0,3182900
2024-08-12,0.8579999804496765,0.8579999804496765,0.0,0.8939999938011169,0.8529999852180481,0.8899999856948853,0.0,2432100
2024-08-13,0.8659999966621399,0.8659999966621399,0.0,0.8849999904632568,0.8600000143051147,0.8619999885559082,0.0,6052500
2024-08-14,0.8320000171661377,0.8320000171661377,0.0,0.8790000081062317,0.8050000071525574,0.8600000143051147,0.0,3414800
2024-08-15,0.8289999961853027,0.8289999961853027,0.0,0.8629999756813049,0.7300000190734863,0.8600000143051147,0.0,7824400
2024-08-16,0.8600000143051147,0.8600000143051147,0.0,0.8619999885559082,0.8149999976158142,0.8379999995231628,0.0,3920600
2024-08-19,0.9760000109672546,0.9760000109672546,0.0,0.9760000109672546,0.8429999947547913,0.8539999723434448,0.0,6567800
2024-08-20,0.9950000047683716,0.9950000047683716,0.0,1.0499999523162842,0.9599999785423279,0.9789999723434448,0.0,5963600
2024-08-21,1.0199999809265137,1.0199999809265137,0.0,1.0199999809265137,0.9700000286102295,0.9959999918937683,0.0,2422000
2024-08-22,0.9670000076293945,0.9670000076293945,0.0,1.0199999809265137,0.9670000076293945,1.0099999904632568,0.0,2920300
2024-08-23,0.9919999837875366,0.9919999837875366,0.0,1.0199999809265137,0.9700000286102295,0.9800000190734863,0.0,3748900
2024-08-26,1.059999942779541,1.059999942779541,0.0,1.1200000047683716,0.9819999933242798,1.0,0.0,6277400
2024-08-27,1.0299999713897705,1.0299999713897705,0.0,1.0499999523162842,1.0099999904632568,1.0499999523162842,0.0,1895700
2024-08-28,0.9649999737739563,0.9649999737739563,0.0,1.0299999713897705,0.9610000252723694,1.0299999713897705,0.0,2850400
2024-08-29,1.0099999904632568,1.0099999904632568,0.0,1.0499999523162842,0.9900000095367432,0.9900000095367432,0.0,1357400
2024-08-30,0.921999990940094,0.921999990940094,0.0,1.0099999904632568,0.8700000047683716,1.0,0.0,5863000
2024-09-03,0.9120000004768372,0.9120000004768372,0.0,0.9300000071525574,0.8830000162124634,0.9300000071525574,0.0,2562500
2024-09-04,0.925000011920929,0.925000011920929,0.0,0.9620000123977661,0.8899999856948853,0.8999999761581421,0.0,3536700
2024-09-05,0.949999988079071,0.949999988079071,0.0,0.9599999785423279,0.9089999794960022,0.9200000166893005,0.0,5251200
2024-09-06,0.9160000085830688,0.9160000085830688,0.0,0.949999988079071,0.9049999713897705,0.9419999718666077,0.0,2761700
2024-09-09,0.9259999990463257,0.9259999990463257,0.0,0.9490000009536743,0.8999999761581421,0.9279999732971191,0.0,2874800
2024-09-10,0.921999990940094,0.921999990940094,0.0,0.9359999895095825,0.9089999794960022,0.9359999895095825,0.0,1671700
2024-09-11,0.9100000262260437,0.9100000262260437,0.0,0.949999988079071,0.8999999761581421,0.9399999976158142,0.0,4111600
2024-09-12,0.9279999732971191,0.9279999732971191,0.0,0.9359999895095825,0.9010000228881836,0.9359999895095825,0.0,5726700
2024-09-13,1.0700000524520874,1.0700000524520874,0.0,1.1299999952316284,0.9300000071525574,0.9300000071525574,0.0,9948800
2024-09-16,1.0299999713897705,1.0299999713897705,0.0,1.059999942779541,1.0,1.0099999904632568,0.0,2369200
2024-09-17,1.0800000429153442,1.0800000429153442,0.0,1.1200000047683716,1.059999942779541,1.0700000524520874,0.0,3361100
2024-09-18,1.0700000524520874,1.0700000524520874,0.0,1.1349999904632568,1.0499999523162842,1.100000023841858,0.0,4464100
2024-09-19,1.1100000143051147,1.1100000143051147,0.0,1.1399999856948853,1.100000023841858,1.1299999952316284,0.0,3318400
2024-09-20,1.0099999904632568,1.0099999904632568,0.0,1.1100000143051147,1.0099999904632568,1.1100000143051147,0.0,8150700
2024-09-23,0.9399999976158142,0.9399999976158142,0.0,1.0399999618530273,0.8999999761581421,1.0399999618530273,0.0,10130300
2024-09-24,0.9380000233650208,0.9380000233650208,0.0,0.9800000190734863,0.9309999942779541,0.9800000190734863,0.0,4860800
2024-09-25,0.921999990940094,0.921999990940094,0.0,0.9879999756813049,0.9200000166893005,0.9399999976158142,0.0,7081700
2024-09-26,1.0399999618530273,1.0399999618530273,0.0,1.059999942779541,0.9419999718666077,0.9639999866485596,0.0,9796600
2024-09-27,1.059999942779541,1.059999942779541,0.0,1.090000033378601,1.0399999618530273,1.0399999618530273,0.0,4854100
2024-09-30,1.0099999904632568,1.0099999904632568,0.0,1.090000033378601,0.9779999852180481,1.0700000524520874,0.0,7882000
2024-10-01,0.9700000286102295,0.9700000286102295,0.0,1.0199999809265137,0.9549999833106995,1.0,0.0,4821700
2024-10-02,1.0199999809265137,1.0199999809265137,0.0,1.0299999713897705,0.972000002861023,1.0099999904632568,0.0,6063500
2024-10-03,1.0099999904632568,1.0099999904632568,0.0,1.0299999713897705,0.9900000095367432,1.0,0.0,1954900
2024-10-04,1.0299999713897705,1.0299999713897705,0.0,1.0399999618530273,1.0,1.0299999713897705,0.0,3778000
2024-10-07,1.0499999523162842,1.0499999523162842,0.0,1.0700000524520874,1.0,1.0,0.0,5535800
2024-10-08,1.0199999809265137,1.0199999809265137,0.0,1.0399999618530273,1.0,1.0099999904632568,0.0,3268500
2024-10-09,0.9750000238418579,0.9750000238418579,0.0,1.0,0.9679999947547913,0.9919999837875366,0.0,4137300
2024-10-10,0.9399999976158142,0.9399999976158142,0.0,0.9750000238418579,0.9319999814033508,0.9750000238418579,0.0,3500000
2024-10-11,0.9549999833106995,0.9549999833106995,0.0,0.984000027179718,0.9340000152587891,0.9399999976158142,0.0,5235900
2024-10-14,1.0099999904632568,1.0099999904632568,0.0,1.0199999809265137,0.9710000157356262,1.0,0.0,4748000
2024-10-15,0.9700000286102295,0.9700000286102295,0.0,1.0199999809265137,0.9660000205039978,0.9800000190734863,0.0,4592900
2024-10-16,1.0,1.0,0.0,1.0399999618530273,0.9900000095367432,0.996999979019165,0.0,5991300
2024-10-17,0.9559999704360962,0.9559999704360962,0.0,0.996999979019165,0.9509999752044678,0.9900000095367432,0.0,5779700
2024-10-18,0.9860000014305115,0.9860000014305115,0.0,1.0199999809265137,0.9599999785423279,0.9599999785423279,0.0,6610400
2024-10-21,0.9900000095367432,0.9900000095367432,0.0,1.0,0.9700000286102295,0.9850000143051147,0.0,4380700
2024-10-22,1.0099999904632568,1.0099999904632568,0.0,1.0199999809265137,0.9800000190734863,0.9900000095367432,0.0,2567200
2024-10-23,0.9700000286102295,0.9700000286102295,0.0,1.0199999809265137,0.9599999785423279,1.0,0.0,5439300
2024-10-24,1.0199999809265137,1.0199999809265137,0.0,1.0199999809265137,0.9700000286102295,0.9700000286102295,0.0,4528800
2024-10-25,0.9710000157356262,0.9710000157356262,0.0,1.0199999809265137,0.9700000286102295,1.0199999809265137,0.0,4531700
2024-10-28,1.059999942779541,1.059999942779541,0.0,1.0700000524520874,0.972000002861023,0.9900000095367432,0.0,6663800
2024-10-29,1.2999999523162842,1.2999999523162842,0.0,1.2999999523162842,1.090000033378601,1.090000033378601,0.0,23990700
2024-10-30,1.3600000143051147,1.3600000143051147,0.0,1.4299999475479126,1.1699999570846558,1.2400000095367432,0.0,12114700
2024-10-31,1.159999966621399,1.159999966621399,0.0,1.340000033378601,1.149999976158142,1.3300000429153442,0.0,9309500
2024-11-01,1.25,1.25,0.0,1.3200000524520874,1.1729999780654907,1.2100000381469727,0.0,5722000
2024-11-04,1.2000000476837158,1.2000000476837158,0.0,1.2400000095367432,1.1399999856948853,1.2400000095367432,0.0,4912100
2024-11-05,1.309999942779541,1.309999942779541,0.0,1.3250000476837158,1.225000023841858,1.2300000190734863,0.0,5196900
2024-11-06,1.4800000190734863,1.4800000190734863,0.0,1.4900000095367432,1.2999999523162842,1.4600000381469727,0.0,15726500
2024-11-07,1.440000057220459,1.440000057220459,0.0,1.4700000286102295,1.3799999952316284,1.4600000381469727,0.0,6943500
2024-11-08,1.2599999904632568,1.2599999904632568,0.0,1.4199999570846558,1.1649999618530273,1.409999966621399,0.0,16073200
2024-11-11,1.7799999713897705,1.7799999713897705,0.0,1.7999999523162842,1.4299999475479126,1.440000057220459,0.0,46382300
2024-11-12,1.649999976158142,1.649999976158142,0.0,1.8799999952316284,1.600000023841858,1.7000000476837158,0.0,20694200
2024-11-13,1.5099999904632568,1.5099999904632568,0.0,2.009999990463257,1.5,1.75,0.0,32975900
2024-11-14,1.4800000190734863,1.4800000190734863,0.0,1.718999981880188,1.4709999561309814,1.659999966621399,0.0,13750700
2024-11-15,1.649999976158142,1.649999976158142,0.0,1.6799999475479126,1.4299999475479126,1.5099999904632568,0.0,16522100
2024-11-18,1.5299999713897705,1.5299999713897705,0.0,1.649999976158142,1.5,1.5700000524520874,0.0,13645600
2024-11-19,1.590000033378601,1.590000033378601,0.0,1.649999976158142,1.5399999618530273,1.5700000524520874,0.0,11045200
2024-11-20,1.6699999570846558,1.6699999570846558,0.0,1.809999942779541,1.4700000286102295,1.590000033378601,0.0,25534100
2024-11-21,1.8200000524520874,1.8200000524520874,0.0,1.8799999952316284,1.5299999713897705,1.7899999618530273,0.0,35166100
2024-11-22,1.9700000286102295,1.9700000286102295,0.0,1.9900000095367432,1.7100000381469727,1.7949999570846558,0.0,19138600
2024-11-25,2.0799999237060547,2.0799999237060547,0.0,2.1500000953674316,1.8799999952316284,2.0399999618530273,0.0,26885500
2024-11-26,1.7999999523162842,1.7999999523162842,0.0,1.9800000190734863,1.7899999618530273,1.909999966621399,0.0,18227600
2024-11-27,1.8200000524520874,1.8200000524520874,0.0,1.9800000190734863,1.7300000190734863,1.8799999952316284,0.0,19173400
2024-11-29,2.119999885559082,2.119999885559082,0.0,2.259999990463257,1.8450000286102295,1.8700000047683716,0.0,31570000
2024-12-02,2.0799999237060547,2.0799999237060547,0.0,2.2300000190734863,2.009999990463257,2.119999885559082,0.0,20546300
2024-12-03,2.140000104904175,2.140000104904175,0.0,2.200000047683716,1.9800000190734863,2.0,0.0,21337300
2024-12-04,2.309999942779541,2.309999942779541,0.0,2.505000114440918,2.0999999046325684,2.1500000953674316,0.0,32675400
2024-12-05,2.25,2.25,0.0,2.5299999713897705,2.2300000190734863,2.490000009536743,0.0,29585000
2024-12-06,3.0399999618530273,3.0399999618530273,0.0,3.059999942779541,2.315000057220459,2.319999933242798,0.0,47326700
2024-12-09,2.990000009536743,2.990000009536743,0.0,3.0999999046325684,2.7699999809265137,3.049999952316284,0.0,33874400
2024-12-10,2.5299999713897705,2.5299999713897705,0.0,3.005000114440918,2.430000066757202,2.930000066757202,0.0,27198900
2024-12-11,2.6600000858306885,2.6600000858306885,0.0,2.7300000190734863,2.4800000190734863,2.7100000381469727,0.0,20733500
2024-12-12,2.759999990463257,2.759999990463257,0.0,3.0299999713897705,2.640000104904175,2.6700000762939453,0.0,25008800
2024-12-13,2.859999895095825,2.859999895095825,0.0,2.930000066757202,2.619999885559082,2.9000000953674316,0.0,24774900
2024-12-16,3.0899999141693115,3.0899999141693115,0.0,3.2699999809265137,2.859999895095825,2.9600000381469727,0.0,28694600
2024-12-17,2.9700000286102295,2.9700000286102295,0.0,3.190000057220459,2.865000009536743,3.140000104904175,0.0,19430100
2024-12-18,2.5899999141693115,2.5899999141693115,0.0,2.9800000190734863,2.549999952316284,2.9010000228881836,0.0,21299000
2024-12-19,2.309999942779541,2.309999942779541,0.0,2.7699999809265137,2.2750000953674316,2.6600000858306885,0.0,18746700
2024-12-20,2.319999933242798,2.319999933242798,0.0,2.4000000953674316,2.1700000762939453,2.2100000381469727,0.0,27986400
2024-12-23,2.059999942779541,2.059999942779541,0.0,2.265000104904175,2.009999990463257,2.259999990463257,0.0,13940700
2024-12-24,2.25,2.25,0.0,2.3550000190734863,2.0799999237060547,2.187999963760376,0.0,13819200
2024-12-26,2.2899999618530273,2.2899999618530273,0.0,2.390000104904175,2.180000066757202,2.25,0.0,18715600
2024-12-27,2.2300000190734863,2.2300000190734863,0.0,2.3399999141693115,2.130000114440918,2.3299999237060547,0.0,21042100
2024-12-30,2.2200000286102295,2.2200000286102295,0.0,2.2750000953674316,2.015000104904175,2.109999895095825,0.0,19558900
2024-12-31,2.049999952316284,2.049999952316284,0.0,2.2950000762939453,2.0299999713897705,2.2899999618530273,0.0,11292900
2025-01-02,2.2200000286102295,2.2200000286102295,0.0,2.390000104904175,2.0950000286102295,2.109999895095825,0.0,21111900
2025-01-03,2.319999933242798,2.319999933242798,0.0,2.365000009536743,2.1600000858306885,2.2300000190734863,0.0,21387300
2025-01-06,2.3399999141693115,2.3399999141693115,0.0,2.4700000286102295,2.2799999713897705,2.4200000762939453,0.0,21464800
2025-01-07,2.119999885559082,2.119999885559082,0.0,2.2950000762939453,2.0999999046325684,2.2899999618530273,0.0,13386800
2025-01-08,1.9299999475479126,1.9299999475479126,0.0,2.049999952316284,1.8700000047683716,2.049999952316284,0.0,18967700
2025-01-10,1.940000057220459,1.940000057220459,0.0,1.9769999980926514,1.809999942779541,1.8899999856948853,0.0,9767500
2025-01-13,1.7599999904632568,1.7599999904632568,0.0,1.7999999523162842,1.7000000476837158,1.7899999618530273,0.0,10773000
2025-01-14,1.7999999523162842,1.7999999523162842,0.0,1.899999976158142,1.7799999713897705,1.850000023841858,0.0,6032900
2025-01-15,1.940000057220459,1.940000057220459,0.0,1.968000054359436,1.8700000047683716,1.9299999475479126,0.0,8209800
2025-01-16,1.899999976158142,1.899999976158142,0.0,1.934999942779541,1.840000033378601,1.9199999570846558,0.0,9697400
2025-01-17,2.009999990463257,2.009999990463257,0.0,2.256999969482422,1.9950000047683716,2.059999942779541,0.0,27192900
2025-01-21,2.140000104904175,2.140000104904175,0.0,2.390000104904175,1.9500000476837158,2.384999990463257,0.0,54361300
2025-01-22,2.180000066757202,2.180000066757202,0.0,2.2950000762939453,2.049999952316284,2.130000114440918,0.0,18777800
2025-01-23,2.119999885559082,2.119999885559082,0.0,2.259999990463257,2.0999999046325684,2.109999895095825,0.0,14343900
2025-01-24,2.0899999141693115,2.0899999141693115,0.0,2.240000009536743,2.0399999618530273,2.190000057220459,0.0,17001700
2025-01-27,2.049999952316284,2.049999952316284,0.0,2.1050000190734863,1.840000033378601,1.9600000381469727,0.0,19977900
2025-01-28,1.8899999856948853,1.8899999856948853,0.0,2.069999933242798,1.850000023841858,2.0399999618530273,0.0,11985800
2025-01-29,1.8600000143051147,1.8600000143051147,0.0,1.9199999570846558,1.7999999523162842,1.8799999952316284,0.0,14506600
2025-01-30,2.2300000190734863,2.2300000190734863,0.0,2.25,1.909999966621399,1.9199999570846558,0.0,24090900
2025-01-31,2.069999933242798,2.069999933242798,0.0,2.25,2.049999952316284,2.2100000381469727,0.0,16937200
2025-02-03,1.9700000286102295,1.9700000286102295,0.0,1.9900000095367432,1.850000023841858,1.8650000095367432,0.0,24763900
2025-02-04,1.8200000524520874,1.8200000524520874,0.0,1.9900000095367432,1.7799999713897705,1.9800000190734863,0.0,18861400
2025-02-05,1.809999942779541,1.809999942779541,0.0,1.8700000047683716,1.7799999713897705,1.8600000143051147,0.0,7934800
2025-02-06,1.8700000047683716,1.8700000047683716,0.0,1.909999966621399,1.8300000429153442,1.850000023841858,0.0,7388500
2025-02-07,1.8899999856948853,1.8899999856948853,0.0,2.0799999237060547,1.8899999856948853,1.899999976158142,0.0,14686900
2025-02-10,1.899999976158142,1.899999976158142,0.0,1.940000057220459,1.850000023841858,1.9299999475479126,0.0,9610200
2025-02-11,1.75,1.75,0.0,1.8799999952316284,1.75,1.8799999952316284,0.0,10570600
2025-02-12,1.7799999713897705,1.7799999713897705,0.0,1.8070000410079956,1.6699999570846558,1.7000000476837158,0.0,10845300
2025-02-13,1.75,1.75,0.0,1.7799999713897705,1.690000057220459,1.7599999904632568,0.0,9026100
2025-02-14,1.7899999618530273,1.7899999618530273,0.0,1.850000023841858,1.7450000047683716,1.75,0.0,12107200
2025-02-18,1.75,1.75,0.0,1.840000033378601,1.7200000286102295,1.7899999618530273,0.0,7192000
2025-02-19,1.7799999713897705,1.7799999713897705,0.0,1.850000023841858,1.7599999904632568,1.7799999713897705,0.0,8504100
2025-02-20,1.7899999618530273,1.7899999618530273,0.0,1.850000023841858,1.7300000190734863,1.8200000524520874,0.0,8534800
2025-02-21,1.6699999570846558,1.6699999570846558,0.0,1.8899999856948853,1.659999966621399,1.840000033378601,0.0,11496000
2025-02-24,1.5499999523162842,1.5499999523162842,0.0,1.659999966621399,1.5299999713897705,1.6549999713897705,0.0,11089300
2025-02-25,1.2899999618530273,1.2899999618530273,0.0,1.4850000143051147,1.2699999809265137,1.4299999475479126,0.0,17346100
2025-02-26,1.3600000143051147,1.3600000143051147,0.0,1.4199999570846558,1.2799999713897705,1.309999942779541,0.0,11127200
2025-02-27,1.2799999713897705,1.2799999713897705,0.0,1.4800000190734863,1.2699999809265137,1.409999966621399,0.0,11112300
2025-02-28,1.309999942779541,1.309999942779541,0.0,1.3700000047683716,1.2300000190734863,1.2400000095367432,0.0,10436800
2025-03-03,1.1799999475479126,1.1799999475479126,0.0,1.5099999904632568,1.1699999570846558,1.5,0.0,29355100
2025-03-04,1.2200000286102295,1.2200000286102295,0.0,1.2599999904632568,1.1299999952316284,1.149999976158142,0.0,15544500
2025-03-05,1.2599999904632568,1.2599999904632568,0.0,1.2899999618530273,1.2050000429153442,1.2599999904632568,0.0,11581500
2025-03-06,1.2400000095367432,1.2400000095367432,0.0,1.3200000524520874,1.190000057220459,1.2400000095367432,0.0,11336700
2025-03-07,1.2699999809265137,1.2699999809265137,0.0,1.315000057220459,1.2000000476837158,1.25,0.0,13204400
2025-03-10,1.090000033378601,1.090000033378601,0.0,1.2100000381469727,1.0700000524520874,1.2000000476837158,0.0,12005100
2025-03-11,1.0499999523162842,1.0499999523162842,0.0,1.1200000047683716,1.0199999809265137,1.1200000047683716,0.0,13154000
2025-03-12,1.0700000524520874,1.0700000524520874,0.0,1.1200000047683716,1.059999942779541,1.0950000286102295,0.0,13039900
2025-03-13,1.0399999618530273,1.0399999618530273,0.0,1.100000023841858,1.0199999809265137,1.0800000429153442,0.0,8285000
2025-03-14,1.1100000143051147,1.1100000143051147,0.0,1.1299999952316284,1.0700000524520874,1.0800000429153442,0.0,8163800
2025-03-17,1.0700000524520874,1.0700000524520874,0.0,1.100000023841858,1.0399999618530273,1.090000033378601,0.0,12732000
2025-03-18,0.9769999980926514,0.9769999980926514,0.0,1.0800000429153442,0.949999988079071,1.059999942779541,0.0,26798900
2025-03-19,1.0049999952316284,1.0049999952316284,0.0,1.0499999523162842,0.9900000095367432,1.0099999904632568,0.0,9884700
2025-03-20,0.9919999837875366,0.9919999837875366,0.0,1.059999942779541,0.949999988079071,0.9940000176429749,0.0,40278400
2025-03-21,0.9589999914169312,0.9589999914169312,0.0,1.0099999904632568,0.9399999976158142,0.9660000205039978,0.0,23770400
2025-03-24,1.0700000524520874,1.0700000524520874,0.0,1.0800000429153442,1.0,1.0099999904632568,0.0,14784600
2025-03-25,1.0800000429153442,1.0800000429153442,0.0,1.100000023841858,1.0399999618530273,1.0700000524520874,0.0,10603300
2025-03-26,0.9399999976158142,0.9399999976158142,0.0,1.090000033378601,0.9319999814033508,1.0800000429153442,0.0,31354100
2025-03-27,0.9169999957084656,0.9169999957084656,0.0,0.9900000095367432,0.9039999842643738,0.9599999785423279,0.0,21497100
2025-03-28,0.9110000133514404,0.9110000133514404,0.0,0.9390000104904175,0.8679999709129333,0.9079999923706055,0.0,9501100
2025-03-31,0.878000020980835,0.878000020980835,0.0,0.8899999856948853,0.8460000157356262,0.8899999856948853,0.0,8547200
2025-04-01,0.8669999837875366,0.8669999837875366,0.0,0.8899999856948853,0.7900000214576721,0.8899999856948853,0.0,19822600
2025-04-02,0.8980000019073486,0.8980000019073486,0.0,0.9120000004768372,0.8379999995231628,0.8399999737739563,0.0,17106500
2025-04-03,0.8199999928474426,0.8199999928474426,0.0,0.8600000143051147,0.800000011920929,0.8299999833106995,0.0,12893800
2025-04-04,0.7609999775886536,0.7609999775886536,0.0,0.800000011920929,0.7170000076293945,0.800000011920929,0.0,14961100
2025-04-07,0.7639999985694885,0.7639999985694885,0.0,0.800000011920929,0.6899999976158142,0.6899999976158142,0.0,16254600
2025-04-08,0.703000009059906,0.703000009059906,0.0,0.8199999928474426,0.6859999895095825,0.8040000200271606,0.0,12065200
2025-04-09,0.7400000095367432,0.7400000095367432,0.0,0.7799999713897705,0.6700000166893005,0.7099999785423279,0.0,24138600
2025-04-10,0.6520000100135803,0.6520000100135803,0.0,0.7409999966621399,0.6499999761581421,0.7409999966621399,0.0,22390900
2025-04-11,0.675000011920929,0.675000011920929,0.0,0.6940000057220459,0.6449999809265137,0.6610000133514404,0.0,24102100
2025-04-14,0.7480000257492065,0.7480000257492065,0.0,0.7570000290870667,0.6899999976158142,0.7099999785423279,0.0,20238600
2025-04-15,0.7540000081062317,0.7540000081062317,0.0,0.7649999856948853,0.7120000123977661,0.7519999742507935,0.0,8039700
2025-04-16,0.699999988079071,0.699999988079071,0.0,0.7300000190734863,0.6899999976158142,0.7210000157356262,0.0,7584400
2025-04-17,0.6970000267028809,0.6970000267028809,0.0,0.7110000252723694,0.6819999814033508,0.699999988079071,0.0,6184600
2025-04-21,0.6840000152587891,0.6840000152587891,0.0,0.7099999785423279,0.6809999942779541,0.7099999785423279,0.0,8476900
2025-04-22,0.7409999966621399,0.7409999966621399,0.0,0.7689999938011169,0.7049999833106995,0.7099999785423279,0.0,18447300
2025-04-23,0.7929999828338623,0.7929999828338623,0.0,0.8399999737739563,0.7770000100135803,0.800000011920929,0.0,23289400
2025-04-24,0.800000011920929,0.800000011920929,0.0,0.800000011920929,0.7419999837875366,0.7879999876022339,0.0,12668000
2025-04-25,0.8330000042915344,0.8330000042915344,0.0,0.8339999914169312,0.7950000166893005,0.8180000185966492,0.0,10811300
2025-04-28,0.8009999990463257,0.8009999990463257,0.0,0.8399999737739563,0.7710000276565552,0.8379999995231628,0.0,13082700
2025-04-29,0.7799999713897705,0.7799999713897705,0.0,0.8180000185966492,0.765999972820282,0.800000011920929,0.0,6836800
2025-04-30,0.7039999961853027,0.7039999961853027,0.0,0.7630000114440918,0.6949999928474426,0.7570000290870667,0.0,12761700
2025-05-01,0.6919999718666077,0.6919999718666077,0.0,0.75,0.6899999976158142,0.75,0.0,21772100
2025-05-02,0.6880000233650208,0.6880000233650208,0.0,0.7260000109672546,0.6850000023841858,0.7200000286102295,0.0,12674600
2025-05-05,0.621999979019165,0.621999979019165,0.0,0.6869999766349792,0.6119999885559082,0.6800000071525574,0.0,15802300
2025-05-06,0.6000000238418579,0.6000000238418579,0.0,0.6349999904632568,0.5350000262260437,0.6349999904632568,0.0,40042500
2025-05-07,0.5989999771118164,0.5989999771118164,0.0,0.6570000052452087,0.5899999737739563,0.6389999985694885,0.0,48617600
2025-05-08,0.6520000100135803,0.6520000100135803,0.0,0.6690000295639038,0.6100000143051147,0.6359999775886536,0.0,56647600
2025-05-09,0.7490000128746033,0.7490000128746033,0.0,0.8100000023841858,0.6710000038146973,0.6959999799728394,0.0,45596500
2025-05-12,0.8309999704360962,0.8309999704360962,0.0,0.9079999923706055,0.8270000219345093,0.8529999852180481,0.0,41134600
2025-05-13,0.8830000162124634,0.8830000162124634,0.0,0.9190000295639038,0.8500000238418579,0.8700000047683716,0.0,31106000
2025-05-14,0.8349999785423279,0.8349999785423279,0.0,0.925000011920929,0.8199999928474426,0.925000011920929,0.0,23123300
2025-05-15,0.7609999775886536,0.7609999775886536,0.0,0.8019999861717224,0.7300000190734863,0.7950000166893005,0.0,35921700
2025-05-16,0.7929999828338623,0.7929999828338623,0.0,0.8190000057220459,0.7649999856948853,0.7699999809265137,0.0,25909900
2025-05-19,0.8199999928474426,0.8199999928474426,0.0,0.8299999833106995,0.7250000238418579,0.7609999775886536,0.0,32603100
2025-05-20,0.7630000114440918,0.7630000114440918,0.0,0.7879999876022339,0.6859999895095825,0.7879999876022339,0.0,38999200
2025-05-21,0.6840000152587891,0.6840000152587891,0.0,0.7799999713897705,0.6520000100135803,0.7630000114440918,0.0,51106800
2025-05-22,0.6990000009536743,0.6990000009536743,0.0,0.7179999947547913,0.671999990940094,0.7059999704360962,0.0,30256000
2025-05-23,0.6340000033378601,0.6340000033378601,0.0,0.6800000071525574,0.6299999952316284,0.6740000247955322,0.0,33350900
2025-05-27,0.6909999847412109,0.6909999847412109,0.0,0.7300000190734863,0.6549999713897705,0.6650000214576721,0.0,54444500
2025-05-28,0.6589999794960022,0.6589999794960022,0.0,0.7269999980926514,0.6510000228881836,0.7089999914169312,0.0,41649700
2025-05-29,0.6320000290870667,0.6320000290870667,0.0,0.7049999833106995,0.6259999871253967,0.6800000071525574,0.0,51622400
2025-05-30,0.6069999933242798,0.6069999933242798,0.0,0.6299999952316284,0.5899999737739563,0.6299999952316284,0.0,40224900
2025-06-02,0.6000000238418579,0.6000000238418579,0.0,0.6209999918937683,0.5720000267028809,0.6150000095367432,0.0,45188600
2025-06-03,0.6100000143051147,0.6100000143051147,0.0,0.656000018119812,0.5669999718666077,0.6000000238418579,0.0,42822600
2025-06-04,0.6230000257492065,0.6230000257492065,0.0,0.6349999904632568,0.5950000286102295,0.6039999723434448,0.0,28259800
2025-06-05,0.578000009059906,0.578000009059906,0.0,0.628000020980835,0.5699999928474426,0.628000020980835,0.0,28561600
2025-06-06,0.5989999771118164,0.5989999771118164,0.0,0.6119999885559082,0.5759999752044678,0.5899999737739563,0.0,33826200
2025-06-09,0.6790000200271606,0.6790000200271606,0.0,0.6800000071525574,0.6169999837875366,0.6299999952316284,0.0,49261100
2025-06-10,0.7129999995231628,0.7129999995231628,0.0,0.7450000047683716,0.699999988079071,0.7250000238418579,0.0,28662400
2025-06-11,0.7279999852180481,0.7279999852180481,0.0,0.7799999713897705,0.7149999737739563,0.7200000286102295,0.0,46993400
2025-06-12,0.7020000219345093,0.7020000219345093,0.0,0.7699999809265137,0.6899999976158142,0.7099999785423279,0.0,52037800
2025-06-13,0.6660000085830688,0.6660000085830688,0.0,0.7170000076293945,0.6650000214576721,0.6899999976158142,0.0,18240800
2025-06-16,0.7039999961853027,0.7039999961853027,0.0,0.7229999899864197,0.6869999766349792,0.7080000042915344,0.0,25764400
2025-06-17,0.656000018119812,0.656000018119812,0.0,0.6899999976158142,0.6399999856948853,0.6819999814033508,0.0,22189300
2025-06-18,0.6269999742507935,0.6269999742507935,0.0,0.6639999747276306,0.6200000047683716,0.6499999761581421,0.0,19850500
2025-06-20,0.609000027179718,0.609000027179718,0.0,0.6370000243186951,0.5960000157356262,0.6370000243186951,0.0,33364100
2025-06-23,0.609000027179718,0.609000027179718,0.0,0.6190000176429749,0.5709999799728394,0.6079999804496765,0.0,30274300
2025-06-24,0.6499999761581421,0.6499999761581421,0.0,0.652999997138977,0.6150000095367432,0.621999979019165,0.0,24755900
2025-06-25,0.6119999885559082,0.6119999885559082,0.0,0.7170000076293945,0.6000000238418579,0.6669999957084656,0.0,29976300
2025-06-26,0.6079999804496765,0.6079999804496765,0.0,0.625,0.5899999737739563,0.6150000095367432,0.0,16206600
2025-06-27,0.5950000286102295,0.5950000286102295,0.0,0.6119999885559082,0.5899999737739563,0.6100000143051147,0.0,12785900
2025-06-30,0.6179999709129333,0.6179999709129333,0.0,0.6179999709129333,0.5830000042915344,0.6019999980926514,0.0,20227600
2025-07-01,0.6029999852180481,0.6029999852180481,0.0,0.6129999756813049,0.5929999947547913,0.609000027179718,0.0,13372500
2025-07-02,0.6480000019073486,0.6480000019073486,0.0,0.6499999761581421,0.6079999804496765,0.6119999885559082,0.0,29215500
2025-07-03,0.7049999833106995,0.7049999833106995,0.0,0.7099999785423279,0.6499999761581421,0.6589999794960022,0.0,41521000
2025-07-07,0.6940000057220459,0.6940000057220459,0.0,0.6970000267028809,0.6690000295639038,0.6890000104904175,0.0,27018600
2025-07-08,0.7149999737739563,0.7149999737739563,0.0,0.7699999809265137,0.699999988079071,0.7179999947547913,0.0,41080400
2025-07-09,0.699999988079071,0.699999988079071,0.0,0.75,0.671999990940094,0.7409999966621399,0.0,37046200
2025-07-10,0.7179999947547913,0.7179999947547913,0.0,0.7319999933242798,0.699999988079071,0.7099999785423279,0.0,31273300
2025-07-11,0.7200000286102295,0.7200000286102295,0.0,0.7689999938011169,0.7179999947547913,0.7570000290870667,0.0,38645000
2025-07-14,0.9710000157356262,0.9710000157356262,0.0,0.9879999756813049,0.7350000143051147,0.7459999918937683,0.0,191414400
2025-07-15,0.8679999709129333,0.8679999709129333,0.0,0.9290000200271606,0.8399999737739563,0.9210000038146973,0.0,79822100
2025-07-16,0.9779999852180481,0.9779999852180481,0.0,0.9980000257492065,0.8899999856948853,0.9369999766349792,0.0,123697900
2025-07-17,0.9539999961853027,0.9539999961853027,0.0,1.1200000047683716,0.925000011920929,1.0099999904632568,0.0,85870100
2025-07-18,0.8989999890327454,0.8989999890327454,0.0,1.0399999618530273,0.8500000238418579,1.0199999809265137,0.0,80281200
2025-07-21,0.8119999766349792,0.8119999766349792,0.0,0.9350000023841858,0.8059999942779541,0.9300000071525574,0.0,76724300
2025-07-22,0.8230000138282776,0.8230000138282776,0.0,0.8700000047683716,0.800000011920929,0.8370000123977661,0.0,62733700
2025-07-23,0.871999979019165,0.871999979019165,0.0,0.8840000033378601,0.796999990940094,0.828000009059906,0.0,40616400
2025-07-24,0.8389999866485596,0.8389999866485596,0.0,0.8679999709129333,0.824999988079071,0.8550000190734863,0.0,23073600
2025-07-25,0.7960000038146973,0.7960000038146973,0.0,0.8349999785423279,0.7799999713897705,0.8140000104904175,0.0,36095200
2025-07-28,0.7329999804496765,0.7329999804496765,0.0,0.8199999928474426,0.7329999804496765,0.8169999718666077,0.0,31949000
2025-07-29,0.652999997138977,0.652999997138977,0.0,0.746999979019165,0.652999997138977,0.7459999918937683,0.0,43351100
2025-07-30,0.6539999842643738,0.6539999842643738,0.0,0.6990000009536743,0.6499999761581421,0.6859999895095825,0.0,32312800
2025-07-31,0.6899999976158142,0.6899999976158142,0.0,0.7099999785423279,0.6600000262260437,0.6700000166893005,0.0,32729000
2025-08-01,0.6589999794960022,0.6589999794960022,0.0,0.6690000295639038,0.6209999918937683,0.6679999828338623,0.0,49498300
2025-08-04,0.652999997138977,0.652999997138977,0.0,0.6880000233650208,0.6470000147819519,0.6629999876022339,0.0,50557200
2025-08-05,0.6499999761581421,0.6499999761581421,0.0,0.6700000166893005,0.6349999904632568,0.6620000004768372,0.0,30355700
2025-08-06,0.6639999747276306,0.6639999747276306,0.0,0.6700000166893005,0.6470000147819519,0.6579999923706055,0.0,12635500
2025-08-07,0.6899999976158142,0.6899999976158142,0.0,0.7350000143051147,0.6759999990463257,0.6869999766349792,0.0,37148000
2025-08-08,0.7329999804496765,0.7329999804496765,0.0,0.7480000257492065,0.699999988079071,0.7319999933242798,0.0,27142600
2025-08-11,0.7289999723434448,0.7289999723434448,0.0,0.7879999876022339,0.7279999852180481,0.7599999904632568,0.0,29962600
2025-08-12,0.7459999918937683,0.7459999918937683,0.0,0.7590000033378601,0.7229999899864197,0.7319999933242798,0.0,24266700
2025-08-13,0.8149999976158142,0.8149999976158142,0.0,0.8180000185966492,0.7620000243186951,0.7699999809265137,0.0,50754900
2025-08-14,0.777999997138977,0.777999997138977,0.0,0.8119999766349792,0.7099999785423279,0.7799999713897705,0.0,62133200
2025-08-15,0.7720000147819519,0.7720000147819519,0.0,0.8180000185966492,0.7599999904632568,0.7749999761581421,0.0,47307600
2025-08-18,0.7379999756813049,0.7379999756813049,0.0,0.7680000066757202,0.734000027179718,0.75,0.0,35262000
2025-08-19,0.6710000038146973,0.6710000038146973,0.0,0.7570000290870667,0.6710000038146973,0.7300000190734863,0.0,54313200
2025-08-20,0.675000011920929,0.675000011920929,0.0,0.6850000023841858,0.640999972820282,0.6850000023841858,0.0,35370600
2025-08-21,0.6600000262260437,0.6600000262260437,0.0,0.6830000281333923,0.6600000262260437,0.6679999828338623,0.0,20578100
2025-08-22,0.7519999742507935,0.7519999742507935,0.0,0.7559999823570251,0.6679999828338623,0.6690000295639038,0.0,39435100
2025-08-25,0.7400000095367432,0.7400000095367432,0.0,0.7739999890327454,0.7200000286102295,0.7250000238418579,0.0,27298500
2025-08-26,0.7509999871253967,0.7509999871253967,0.0,0.7590000033378601,0.7210000157356262,0.7400000095367432,0.0,15974200
2025-08-27,0.75,0.75,0.0,0.7599999904632568,0.7379999756813049,0.7599999904632568,0.0,15728400
2025-08-28,0.7599999904632568,0.7599999904632568,0.0,0.7979999780654907,0.7599999904632568,0.7599999904632568,0.0,21147600
2025-08-29,0.7450000047683716,0.7450000047683716,0.0,0.7599999904632568,0.7250000238418579,0.7599999904632568,0.0,13964700
2025-09-02,0.7260000109672546,0.7260000109672546,0.0,0.7490000128746033,0.699999988079071,0.7300000190734863,0.0,18582100
2025-09-03,0.7170000076293945,0.7170000076293945,0.0,0.7450000047683716,0.7110000252723694,0.7429999709129333,0.0,19013500
2025-09-04,0.6840000152587891,0.6840000152587891,0.0,0.7279999852180481,0.6800000071525574,0.7139999866485596,0.0,26683000
2025-09-05,0.7059999704360962,0.7059999704360962,0.0,0.7279999852180481,0.6809999942779541,0.7070000171661377,0.0,24074800
2025-09-08,0.703000009059906,0.703000009059906,0.0,0.7200000286102295,0.6970000267028809,0.7099999785423279,0.0,14782700
2025-09-09,0.7049999833106995,0.7049999833106995,0.0,0.7279999852180481,0.6970000267028809,0.6970000267028809,0.0,22688200
2025-09-10,0.7549999952316284,0.7549999952316284,0.0,0.7570000290870667,0.7129999995231628,0.7239999771118164,0.0,29734900
2025-09-11,0.8199999928474426,0.8199999928474426,0.0,0.8240000009536743,0.75,0.7540000081062317,0.0,53003500
2025-09-12,0.8240000009536743,0.8240000009536743,0.0,0.8360000252723694,0.800000011920929,0.8199999928474426,0.0,25334800
2025-09-15,0.8180000185966492,0.8180000185966492,0.0,0.8479999899864197,0.8100000023841858,0.8299999833106995,0.0,26331700
2025-09-16,0.8080000281333923,0.8080000281333923,0.0,0.8159999847412109,0.7649999856948853,0.8159999847412109,0.0,31049700
2025-09-17,0.8100000023841858,0.8100000023841858,0.0,0.8149999976158142,0.7730000019073486,0.800000011920929,0.0,26671000
2025-09-18,0.8199999928474426,0.8199999928474426,0.0,0.8379999995231628,0.8119999766349792,0.824999988079071,0.0,25763500
2025-09-19,0.777999997138977,0.777999997138977,0.0,0.8209999799728394,0.7649999856948853,0.8199999928474426,0.0,56039000
2025-09-22,0.7360000014305115,0.7360000014305115,0.0,0.7639999985694885,0.7319999933242798,0.75,0.0,43446000
2025-09-23,0.7400000095367432,0.7400000095367432,0.0,0.7850000262260437,0.7379999756813049,0.7599999904632568,0.0,33977100
2025-09-24,0.8870000243186951,0.8870000243186951,0.0,0.906000018119812,0.765999972820282,0.7699999809265137,0.0,89172200
2025-09-25,0.7929999828338623,0.7929999828338623,0.0,0.8500000238418579,0.7910000085830688,0.8299999833106995,0.0,50215000
2025-09-26,0.7940000295639038,0.7940000295639038,0.0,0.8370000123977661,0.7749999761581421,0.8069999814033508,0.0,22012000
2025-09-29,0.8849999904632568,0.8849999904632568,0.0,0.9399999976158142,0.8349999785423279,0.8399999737739563,0.0,58746800
2025-09-30,0.8820000290870667,0.8820000290870667,0.0,0.9599999785423279,0.8550000190734863,0.9079999923706055,0.0,56765500
2025-10-01,1.0399999618530273,1.0399999618530273,0.0,1.0449999570846558,0.8999999761581421,0.9169999957084656,0.0,100632500
2025-10-02,1.3200000524520874,1.3200000524520874,0.0,1.3600000143051147,1.1299999952316284,1.1449999809265137,0.0,121883600
2025-10-03,1.309999942779541,1.309999942779541,0.0,1.5700000524520874,1.2599999904632568,1.565000057220459,0.0,129438000
2025-10-06,1.3200000524520874,1.3200000524520874,0.0,1.5299999713897705,1.2799999713897705,1.375,0.0,82118000
2025-10-07,1.2699999809265137,1.2699999809265137,0.0,1.4500000476837158,1.2200000286102295,1.3600000143051147,0.0,78820900
2025-10-08,1.2799999713897705,1.2799999713897705,0.0,1.350000023841858,1.2100000381469727,1.309999942779541,0.0,69261500
2025-10-09,1.2200000286102295,1.2200000286102295,0.0,1.3200000524520874,1.1749999523162842,1.2799999713897705,0.0,51677000
2025-10-10,1.090000033378601,1.090000033378601,0.0,1.3799999952316284,1.0700000524520874,1.2699999809265137,0.0,105535400
2025-10-13,1.5199999809265137,1.5199999809265137,0.0,1.5299999713897705,1.1399999856948853,1.149999976158142,0.0,94067600
2025-10-14,1.7999999523162842,1.7999999523162842,0.0,1.8600000143051147,1.3899999856948853,1.4049999713897705,0.0,125890200
2025-10-15,1.9600000381469727,1.9600000381469727,0.0,2.049999952316284,1.6799999475479126,2.0299999713897705,0.0,148268800
2025-10-16,1.6699999570846558,1.6699999570846558,0.0,1.9900000095367432,1.6399999856948853,1.9199999570846558,0.0,70041300
2025-10-17,1.600000023841858,1.600000023841858,0.0,1.659999966621399,1.3700000047683716,1.4700000286102295,0.0,75554000
2025-10-20,2.049999952316284,2.049999952316284,0.0,2.2200000286102295,1.7699999809265137,1.840000033378601,0.0,141486200
2025-10-21,1.9500000476837158,1.9500000476837158,0.0,2.0999999046325684,1.8700000047683716,2.009999990463257,0.0,76096400
2025-10-22,1.7050000429153442,1.7050000429153442,0.0,1.8899999856948853,1.649999976158142,1.8300000429153442,0.0,58998400
2025-10-23,1.7599999904632568,1.7599999904632568,0.0,1.850000023841858,1.7200000286102295,1.8250000476837158,0.0,43550300
2025-10-24,1.8899999856948853,1.8899999856948853,0.0,1.9500000476837158,1.7899999618530273,1.940000057220459,0.0,57153800
2025-10-27,1.7400000095367432,1.7400000095367432,0.0,1.840000033378601,1.690000057220459,1.725000023841858,0.0,57028500
2025-10-28,1.4500000476837158,1.4500000476837158,0.0,1.690000057220459,1.3799999952316284,1.659999966621399,0.0,116230900
2025-10-29,1.3700000047683716,1.3700000047683716,0.0,1.5,1.350000023841858,1.4500000476837158,0.0,50820400
2025-10-30,1.2400000095367432,1.2400000095367432,0.0,1.3300000429153442,1.2300000190734863,1.274999976158142,0.0,53808200
2025-10-31,1.4299999475479126,1.4299999475479126,0.0,1.4800000190734863,1.3300000429153442,1.409999966621399,0.0,51455200
2025-11-03,1.2999999523162842,1.2999999523162842,0.0,1.3899999856948853,1.2699999809265137,1.3849999904632568,0.0,38959200
2025-11-04,1.1100000143051147,1.1100000143051147,0.0,1.2699999809265137,1.100000023841858,1.1779999732971191,0.0,52046300
2025-11-05,1.2899999618530273,1.2899999618530273,0.0,1.2899999618530273,1.159999966621399,1.2000000476837158,0.0,42503200
2025-11-06,1.1299999952316284,1.1299999952316284,0.0,1.2400000095367432,1.090000033378601,1.2400000095367432,0.0,37024100
2025-11-07,1.190000057220459,1.190000057220459,0.0,1.2100000381469727,1.0499999523162842,1.090000033378601,0.0,28469500
2025-11-10,1.149999976158142,1.149999976158142,0.0,1.2799999713897705,1.1200000047683716,1.2699999809265137,0.0,30939700
2025-11-11,1.1100000143051147,1.1100000143051147,0.0,1.149999976158142,1.0800000429153442,1.1299999952316284,0.0,22558200
2025-11-12,1.0800000429153442,1.0800000429153442,0.0,1.149999976158142,1.059999942779541,1.1399999856948853,0.0,20447900
2025-11-13,0.9700000286102295,0.9700000286102295,0.0,1.0499999523162842,0.8799999952316284,1.0299999713897705,0.0,51830800
2025-11-14,0.8920000195503235,0.8920000195503235,0.0,0.953000009059906,0.8600000143051147,0.8700000047683716,0.0,40349900
2025-11-17,0.8529999852180481,0.8529999852180481,0.0,0.9150000214576721,0.824999988079071,0.9139999747276306,0.0,35189200
2025-11-18,1.0299999713897705,1.0299999713897705,0.0,1.059999942779541,0.8700000047683716,0.9100000262260437,0.0,47657200
2025-11-19,0.9629999995231628,0.9629999995231628,0.0,1.1080000400543213,0.9279999732971191,1.100000023841858,0.0,39397200
2025-11-20,0.9229999780654907,0.9229999780654907,0.0,1.0800000429153442,0.9100000262260437,0.9909999966621399,0.0,37365900
2025-11-21,0.9100000262260437,0.9100000262260437,0.0,0.9580000042915344,0.8600000143051147,0.8999999761581421,0.0,27756600
2025-11-24,0.9599999785423279,0.9599999785423279,0.0,0.9860000014305115,0.9100000262260437,0.9100000262260437,0.0,26251600
2025-11-25,0.9129999876022339,0.9129999876022339,0.0,0.9449999928474426,0.8920000195503235,0.9449999928474426,0.0,27286300
2025-11-26,0.9200000166893005,0.9200000166893005,0.0,0.9449999928474426,0.8880000114440918,0.9190000295639038,0.0,22274200
2025-11-28,1.0099999904632568,1.0099999904632568,0.0,1.0499999523162842,0.9549999833106995,0.9599999785423279,0.0,20206600
2025-12-01,0.9480000138282776,0.9480000138282776,0.0,0.9539999961853027,0.8999999761581421,0.9480000138282776,0.0,34135700
2025-12-02,0.9670000076293945,0.9670000076293945,0.0,1.0199999809265137,0.9399999976158142,0.9959999918937683,0.0,40891500
2025-12-03,0.9520000219345093,0.9520000219345093,0.0,0.9900000095367432,0.9300000071525574,0.9819999933242798,0.0,17942700
2025-12-04,0.9789999723434448,0.9789999723434448,0.0,0.9819999933242798,0.9300000071525574,0.9399999976158142,0.0,18607000
2025-12-05,0.9340000152587891,0.9340000152587891,0.0,0.9639999866485596,0.9279999732971191,0.9399999976158142,0.0,17162700
2025-12-08,0.9369999766349792,0.9369999766349792,0.0,0.9789999723434448,0.9340000152587891,0.9599999785423279,0.0,12284900
2025-12-09,0.9620000123977661,0.9620000123977661,0.0,0.9990000128746033,0.9100000262260437,0.9279999732971191,0.0,20647700
2025-12-10,0.9409999847412109,0.9409999847412109,0.0,0.9750000238418579,0.9300000071525574,0.9700000286102295,0.0,10581300
2025-12-11,0.9240000247955322,0.9240000247955322,0.0,0.9300000071525574,0.8510000109672546,0.9200000166893005,0.0,21704700
2025-12-12,0.8410000205039978,0.8410000205039978,0.0,0.9300000071525574,0.8320000171661377,0.8999999761581421,0.0,28746300
2025-12-15,0.7889999747276306,0.7889999747276306,0.0,0.8410000205039978,0.7620000243186951,0.8259999752044678,0.0,27394200
2025-12-16,0.7940000295639038,0.7940000295639038,0.0,0.8220000267028809,0.777999997138977,0.777999997138977,0.0,13506400
2025-12-17,0.7799999713897705,0.7799999713897705,0.0,0.8500000238418579,0.7760000228881836,0.8040000200271606,0.0,16486300
2025-12-18,0.777999997138977,0.777999997138977,0.0,0.8379999995231628,0.7689999938011169,0.800000011920929,0.0,15963000
2025-12-19,0.8220000267028809,0.8220000267028809,0.0,0.8500000238418579,0.7799999713897705,0.7850000262260437,0.0,30632400
2025-12-22,0.8399999737739563,0.8399999737739563,0.0,0.8870000243186951,0.8309999704360962,0.847000002861023,0.0,18821200
2025-12-23,0.7929999828338623,0.7929999828338623,0.0,0.8299999833106995,0.7850000262260437,0.8289999961853027,0.0,13133100
2025-12-24,0.7770000100135803,0.7770000100135803,0.0,0.7950000166893005,0.7699999809265137,0.7919999957084656,0.0,5031100
2025-12-26,0.7649999856948853,0.7649999856948853,0.0,0.7900000214576721,0.7110000252723694,0.7799999713897705,0.0,9385200
2025-12-29,0.7120000123977661,0.7120000123977661,0.0,0.7889999747276306,0.7099999785423279,0.7570000290870667,0.0,19371700
2025-12-30,0.718999981880188,0.718999981880188,0.0,0.753000020980835,0.7149999737739563,0.7200000286102295,0.0,12580300
2025-12-31,0.6899999976158142,0.6899999976158142,0.0,0.7200000286102295,0.6710000038146973,0.7129999995231628,0.0,22090300
2026-01-02,0.7699999809265137,0.7699999809265137,0.0,0.7699999809265137,0.7049999833106995,0.7179999947547913,0.0,19019200
2026-01-05,0.8370000123977661,0.8370000123977661,0.0,0.8539999723434448,0.8100000023841858,0.8140000104904175,0.0,18856900
2026-01-06,0.8180000185966492,0.8180000185966492,0.0,0.8410000205039978,0.7900000214576721,0.8349999785423279,0.0,13719000
2026-01-07,0.7910000085830688,0.7910000085830688,0.0,0.8349999785423279,0.7799999713897705,0.8040000200271606,0.0,9696100
2026-01-08,0.8109999895095825,0.8109999895095825,0.0,0.8360000252723694,0.7710000276565552,0.7820000052452087,0.0,10438400
2026-01-09,0.7900000214576721,0.7900000214576721,0.0,0.8199999928474426,0.7789999842643738,0.8199999928474426,0.0,9500500
2026-01-12,0.8240000009536743,0.8240000009536743,0.0,0.8360000252723694,0.800000011920929,0.8009999990463257,0.0,10509900
2026-01-13,0.8600000143051147,0.8600000143051147,0.0,0.8759999871253967,0.8149999976158142,0.8360000252723694,0.0,17301500
2026-01-14,0.875,0.875,0.0,0.949999988079071,0.8669999837875366,0.8799999952316284,0.0,34346500
2026-01-15,0.8199999928474426,0.8199999928474426,0.0,0.9100000262260437,0.7860000133514404,0.9100000262260437,0.0,43734500
2026-01-16,0.7889999747276306,0.7889999747276306,0.0,0.8339999914169312,0.7799999713897705,0.8220000267028809,0.0,38493700
2026-01-20,0.7260000109672546,0.7260000109672546,0.0,0.7720000147819519,0.7210000157356262,0.7599999904632568,0.0,19573200
2026-01-21,0.7580000162124634,0.7580000162124634,0.0,0.7649999856948853,0.7149999737739563,0.7300000190734863,0.0,13139500
2026-01-22,0.7419999837875366,0.7419999837875366,0.0,0.7799999713897705,0.7319999933242798,0.7599999904632568,0.0,15814500
2026-01-23,0.7329999804496765,0.7329999804496765,0.0,0.7649999856948853,0.7210000157356262,0.7419999837875366,0.0,9861200
2026-01-26,0.7009999752044678,0.7009999752044678,0.0,0.7300000190734863,0.699999988079071,0.7300000190734863,0.0,15648400
2026-01-27,0.7170000076293945,0.7170000076293945,0.0,0.7250000238418579,0.6859999895095825,0.7009999752044678,0.0,19818100
2026-01-28,0.7149999737739563,0.7149999737739563,0.0,0.7540000081062317,0.7149999737739563,0.7429999709129333,0.0,8653300
2026-01-29,0.6769999861717224,0.6769999861717224,0.0,0.7089999914169312,0.6690000295639038,0.7049999833106995,0.0,15194100
2026-01-30,0.6800000071525574,0.6800000071525574,0.0,0.6830000281333923,0.6230000257492065,0.6830000281333923,0.0,43948400
2026-02-02,0.6150000095367432,0.6150000095367432,0.0,0.6679999828338623,0.6119999885559082,0.6499999761581421,0.0,18755600
2026-02-03,0.5950000286102295,0.5950000286102295,0.0,0.6309999823570251,0.5600000023841858,0.6269999742507935,0.0,22012100
2026-02-04,0.5770000219345093,0.5770000219345093,0.0,0.6029999852180481,0.5540000200271606,0.6029999852180481,0.0,17249800
2026-02-05,0.5009999871253967,0.5009999871253967,0.0,0.5600000023841858,0.5,0.5460000038146973,0.0,26335800
2026-02-06,0.5899999737739563,0.5899999737739563,0.0,0.6000000238418579,0.5299999713897705,0.5400000214576721,0.0,26625300
2026-02-09,0.6069999933242798,0.6069999933242798,0.0,0.6169999837875366,0.5609999895095825,0.5799999833106995,0.0,13119000
2026-02-10,0.5649999976158142,0.5649999976158142,0.0,0.6330000162124634,0.5649999976158142,0.5899999737739563,0.0,13257600
2026-02-11,0.5600000023841858,0.5600000023841858,0.0,0.5889999866485596,0.5540000200271606,0.5699999928474426,0.0,11497100
2026-02-12,0.5,0.5,0.0,0.5720000267028809,0.5,0.5559999942779541,0.0,16368300
2026-02-13,0.4909999966621399,0.4909999966621399,0.0,0.527999997138977,0.4699999988079071,0.5199999809265137,0.0,31935400
2026-02-17,0.45500001311302185,0.45500001311302185,0.0,0.49300000071525574,0.45500001311302185,0.48500001430511475,0.0,18093500
2026-02-18,0.45100000500679016,0.45100000500679016,0.0,0.47999998927116394,0.4399999976158142,0.45500001311302185,0.0,10370000
2026-02-19,0.460999995470047,0.460999995470047,0.0,0.4650000035762787,0.4390000104904175,0.46000000834465027,0.0,11049000
2026-02-20,0.45500001311302185,0.45500001311302185,0.0,0.5040000081062317,0.45500001311302185,0.48399999737739563,0.0,11445000
2026-02-23,0.42899999022483826,0.42899999022483826,0.0,0.4560000002384186,0.42500001192092896,0.45500001311302185,0.0,15757000
2026-02-24,0.49799999594688416,0.49799999594688416,0.0,0.5,0.42500001192092896,0.42500001192092896,0.0,14612600
2026-02-25,0.531000018119812,0.531000018119812,0.0,0.550000011920929,0.5109999775886536,0.5109999775886536,0.0,15568600
2026-02-26,0.5189999938011169,0.5189999938011169,0.0,0.550000011920929,0.5090000033378601,0.550000011920929,0.0,8797900
2026-02-27,0.49399998784065247,0.49399998784065247,0.0,0.5099999904632568,0.49000000953674316,0.5099999904632568,0.0,5553400
2026-03-02,0.5090000033378601,0.5090000033378601,0.0,0.5170000195503235,0.47099998593330383,0.4749999940395355,0.0,9769300
2026-03-03,0.47999998927116394,0.47999998927116394,0.0,0.5080000162124634,0.4699999988079071,0.5,0.0,6057300
2026-03-04,0.5360000133514404,0.5360000133514404,0.0,0.5550000071525574,0.5120000243186951,0.5170000195503235,0.0,15352200
2026-03-05,0.5210000276565552,0.5210000276565552,0.0,0.5410000085830688,0.5059999823570251,0.5400000214576721,0.0,7958600
2026-03-06,0.5109999775886536,0.5109999775886536,0.0,0.5109999775886536,0.4819999933242798,0.49799999594688416,0.0,9691200
2026-03-09,0.5099999904632568,0.5099999904632568,0.0,0.5149999856948853,0.49000000953674316,0.4959999918937683,0.0,7143100
2026-03-10,0.4779999852180481,0.4779999852180481,0.0,0.5260000228881836,0.4779999852180481,0.5199999809265137,0.0,10743200
2026-03-11,0.5070000290870667,0.5070000290870667,0.0,0.5149999856948853,0.4749999940395355,0.48500001430511475,0.0,10268800
2026-03-12,0.5130000114440918,0.5130000114440918,0.0,0.5199999809265137,0.4860000014305115,0.4959999918937683,0.0,6669000
2026-03-13,0.48399999737739563,0.48399999737739563,0.0,0.546999990940094,0.48399999737739563,0.527999997138977,0.0,15569000
2026-03-16,0.47999998927116394,0.47999998927116394,0.0,0.5130000114440918,0.47999998927116394,0.5080000162124634,0.0,9611800
2026-03-17,0.47600001096725464,0.47600001096725464,0.0,0.49000000953674316,0.47200000286102295,0.47999998927116394,0.0,8868300
2026-03-18,0.4569999873638153,0.4569999873638153,0.0,0.4819999933242798,0.4560000002384186,0.4779999852180481,0.0,14007000
2026-03-19,0.44699999690055847,0.44699999690055847,0.0,0.4650000035762787,0.4350000023841858,0.44999998807907104,0.0,10355400
2026-03-20,0.43799999356269836,0.43799999356269836,0.0,0.45899999141693115,0.42500001192092896,0.4490000009536743,0.0,11182700
2026-03-23,0.4480000138282776,0.4480000138282776,0.0,0.46000000834465027,0.4300000071525574,0.43799999356269836,0.0,9073000
2026-03-24,0.4350000023841858,0.4350000023841858,0.0,0.45500001311302185,0.4300000071525574,0.44699999690055847,0.0,6701200
2026-03-25,0.45399999618530273,0.45399999618530273,0.0,0.46799999475479126,0.4480000138282776,0.44999998807907104,0.0,5712800
2026-03-26,0.4230000078678131,0.4230000078678131,0.0,0.46000000834465027,0.41200000047683716,0.44999998807907104,0.0,14170900
2026-03-27,0.41100001335144043,0.41100001335144043,0.0,0.41999998688697815,0.39500001072883606,0.414000004529953,0.0,13850300
2026-03-30,0.38600000739097595,0.38600000739097595,0.0,0.41999998688697815,0.38600000739097595,0.4189999997615814,0.0,12006800
2026-03-31,0.4320000112056732,0.4320000112056732,0.0,0.4320000112056732,0.38999998569488525,0.4000000059604645,0.0,7653700
2026-04-01,0.4099999964237213,0.4099999964237213,0.0,0.4449999928474426,0.4099999964237213,0.4359999895095825,0.0,6037200
2026-04-02,0.4189999997615814,0.4189999997615814,0.0,0.42500001192092896,0.3959999978542328,0.4000000059604645,0.0,6933500
2026-04-06,0.414000004529953,0.414000004529953,0.0,0.42800000309944153,0.4099999964237213,0.41999998688697815,0.0,4806400
2026-04-07,0.41499999165534973,0.41499999165534973,0.0,0.41999998688697815,0.4000000059604645,0.4129999876022339,0.0,5189500
2026-04-08,0.4399999976158142,0.4399999976158142,0.0,0.45500001311302185,0.42800000309944153,0.4390000104904175,0.0,11759200
2026-04-09,0.4429999887943268,0.4429999887943268,0.0,0.4440000057220459,0.41600000858306885,0.4320000112056732,0.0,8278000
2026-04-10,0.4580000042915344,0.4580000042915344,0.0,0.46799999475479126,0.4429999887943268,0.44699999690055847,0.0,5664300
2026-04-13,0.47999998927116394,0.47999998927116394,0.0,0.47999998927116394,0.4320000112056732,0.4490000009536743,0.0,5371300
2026-04-14,0.5120000243186951,0.5120000243186951,0.0,0.5299999713897705,0.4970000088214874,0.5,0.0,14626600
2026-04-15,0.550000011920929,0.550000011920929,0.0,0.5600000023841858,0.4909999966621399,0.5090000033378601,0.0,17532200
2026-04-16,0.5270000100135803,0.5270000100135803,0.0,0.5569999814033508,0.515999972820282,0.5559999942779541,0.0,8602700
2026-04-17,0.5740000009536743,0.5740000009536743,0.0,0.5870000123977661,0.5509999990463257,0.5509999990463257,0.0,15841500
2026-04-20,0.5709999799728394,0.5709999799728394,0.0,0.5839999914169312,0.5320000052452087,0.5600000023841858,0.0,13286700
2026-04-21,0.5289999842643738,0.5289999842643738,0.0,0.5830000042915344,0.5270000100135803,0.5759999752044678,0.0,11024700
2026-04-22,0.550000011920929,0.550000011920929,0.0,0.5889999866485596,0.550000011920929,0.5649999976158142,0.0,9533200
2026-04-23,0.5040000081062317,0.5040000081062317,0.0,0.5550000071525574,0.4950000047683716,0.5540000200271606,0.0,9528400
2026-04-24,0.515999972820282,0.515999972820282,0.0,0.5360000133514404,0.5130000114440918,0.5360000133514404,0.0,5189900
2026-04-27,0.49900001287460327,0.49900001287460327,0.0,0.5199999809265137,0.4950000047683716,0.515999972820282,0.0,6614300
2026-04-28,0.4880000054836273,0.4880000054836273,0.0,0.5,0.47999998927116394,0.5,0.0,6636600
2026-04-29,0.47999998927116394,0.47999998927116394,0.0,0.49000000953674316,0.4690000116825104,0.49000000953674316,0.0,5627600
2026-04-30,0.5329999923706055,0.5329999923706055,0.0,0.546999990940094,0.4779999852180481,0.4779999852180481,0.0,34907400
2026-05-01,0.5180000066757202,0.5180000066757202,0.0,0.5429999828338623,0.5170000195503235,0.5350000262260437,0.0,7285400
2026-05-04,0.5400000214576721,0.5400000214576721,0.0,0.5600000023841858,0.5249999761581421,0.5260000228881836,0.0,11327100
2026-05-05,0.5490000247955322,0.5490000247955322,0.0,0.5649999976158142,0.5299999713897705,0.5580000281333923,0.0,8129900
2026-05-06,0.5540000200271606,0.5540000200271606,0.0,0.5600000023841858,0.5220000147819519,0.550000011920929,0.0,10348500
2026-05-07,0.5149999856948853,0.5149999856948853,0.0,0.5550000071525574,0.5149999856948853,0.5540000200271606,0.0,7491000
2026-05-08,0.5099999904632568,0.5099999904632568,0.0,0.5270000100135803,0.5009999871253967,0.5249999761581421,0.0,8163200
2026-05-11,0.5,0.5,0.0,0.5149999856948853,0.47699999809265137,0.5,0.0,10350300
2026-05-12,0.49000000953674316,0.49000000953674316,0.0,0.5080000162124634,0.47600001096725464,0.49399998784065247,0.0,9033300
2026-05-13,0.5070000290870667,0.5070000290870667,0.0,0.5130000114440918,0.4790000021457672,0.4860000014305115,0.0,5800100
2026-05-14,0.5270000100135803,0.5270000100135803,0.0,0.5270000100135803,0.49000000953674316,0.5199999809265137,0.0,7481200
2026-05-15,0.5,0.5,0.0,0.5080000162124634,0.47999998927116394,0.5,0.0,6260800
2026-05-18,0.4830000102519989,0.4830000102519989,0.0,0.49900001287460327,0.47099998593330383,0.49900001287460327,0.0,6783500
2026-05-19,0.4169999957084656,0.4169999957084656,0.0,0.4300000071525574,0.4020000100135803,0.4099999964237213,0.0,19957200
2026-05-20,0.4359999895095825,0.4359999895095825,0.0,0.4569999873638153,0.41999998688697815,0.41999998688697815,0.0,9129000
2026-05-21,0.4129999876022339,0.4129999876022339,0.0,0.4350000023841858,0.40700000524520874,0.4300000071525574,0.0,12576900
2026-05-22,0.41499999165534973,0.41499999165534973,0.0,0.43799999356269836,0.4099999964237213,0.4099999964237213,0.0,9820000
2026-05-26,0.40299999713897705,0.40299999713897705,0.0,0.421999990940094,0.4020000100135803,0.4099999964237213,0.0,11009100
2026-05-27,0.39500001072883606,0.39500001072883606,0.0,0.40299999713897705,0.38600000739097595,0.4000000059604645,0.0,14805700
2026-05-28,0.41200000047683716,0.41200000047683716,0.0,0.41499999165534973,0.38100001215934753,0.39500001072883606,0.0,10007800
2026-05-29,0.4129999876022339,0.4129999876022339,0.0,0.42800000309944153,0.4009999930858612,0.41200000047683716,0.0,9418900
2026-06-01,0.40799999237060547,0.40799999237060547,0.0,0.4090000092983246,0.3930000066757202,0.4000000059604645,0.0,8743000
2026-06-02,0.39399999380111694,0.39399999380111694,0.0,0.40299999713897705,0.38999998569488525,0.38999998569488525,0.0,7213700
2026-06-03,0.37599998712539673,0.37599998712539673,0.0,0.3970000147819519,0.37400001287460327,0.38999998569488525,0.0,9425200
2026-06-04,0.3889999985694885,0.3889999985694885,0.0,0.4050000011920929,0.36000001430511475,0.3700000047683716,0.0,8676300
2026-06-05,0.3580000102519989,0.3580000102519989,0.0,0.38199999928474426,0.3580000102519989,0.3799999952316284,0.0,18782900
