Date,Adj Close,Close,Dividends,High,Low,Open,Stock Splits,Volume
2021-02-04,10.369999885559082,10.369999885559082,0.0,10.48799991607666,10.25,10.25,0.0,48300
2021-02-05,10.229999542236328,10.229999542236328,0.0,10.470000267028809,10.170000076293945,10.430000305175781,0.0,293700
2021-02-08,10.260000228881836,10.260000228881836,0.0,10.319999694824219,10.170000076293945,10.220000267028809,0.0,678100
2021-02-09,10.25,10.25,0.0,10.300000190734863,10.210000038146973,10.300000190734863,0.0,183600
2021-02-10,10.229999542236328,10.229999542236328,0.0,10.270000457763672,10.15999984741211,10.260000228881836,0.0,436300
2021-02-11,10.229999542236328,10.229999542236328,0.0,10.289999961853027,10.170000076293945,10.25,0.0,167100
2021-02-12,10.300000190734863,10.300000190734863,0.0,10.34000015258789,10.229999542236328,10.229999542236328,0.0,138700
2021-02-16,10.25,10.25,0.0,10.3100004196167,10.220000267028809,10.25,0.0,35800
2021-02-17,10.319999694824219,10.319999694824219,0.0,10.329999923706055,10.25,10.25,0.0,45000
2021-02-18,10.350000381469727,10.350000381469727,0.0,10.369999885559082,10.210000038146973,10.229999542236328,0.0,58400
2021-02-19,10.40999984741211,10.40999984741211,0.0,10.479999542236328,10.3100004196167,10.380000114440918,0.0,56100
2021-02-22,10.270000457763672,10.270000457763672,0.0,10.489999771118164,10.239999771118164,10.489999771118164,0.0,358600
2021-02-23,10.260000228881836,10.260000228881836,0.0,10.300000190734863,10.149999618530273,10.199999809265137,0.0,261300
2021-02-24,10.220000267028809,10.220000267028809,0.0,10.300000190734863,10.180000305175781,10.25,0.0,57600
2021-02-25,10.229999542236328,10.229999542236328,0.0,10.25,10.149999618530273,10.227999687194824,0.0,223800
2021-02-26,10.140000343322754,10.140000343322754,0.0,10.199999809265137,10.0600004196167,10.199999809265137,0.0,155800
2021-03-01,10.095000267028809,10.095000267028809,0.0,10.199999809265137,10.020000457763672,10.199999809265137,0.0,124300
2021-03-02,9.989999771118164,9.989999771118164,0.0,10.100000381469727,9.970000267028809,10.100000381469727,0.0,198500
2021-03-03,10.008999824523926,10.008999824523926,0.0,10.050000190734863,9.989999771118164,10.010000228881836,0.0,106500
2021-03-04,9.949999809265137,9.949999809265137,0.0,9.987000465393066,9.8100004196167,9.970000267028809,0.0,517300
2021-03-05,9.949999809265137,9.949999809265137,0.0,9.970000267028809,9.800000190734863,9.970000267028809,0.0,284400
2021-03-08,9.949999809265137,9.949999809265137,0.0,9.979999542236328,9.90999984741211,9.90999984741211,0.0,74400
2021-03-09,9.9399995803833,9.9399995803833,0.0,9.960000038146973,9.899999618530273,9.920000076293945,0.0,34100
2021-03-10,9.880000114440918,9.880000114440918,0.0,9.960000038146973,9.850000381469727,9.930000305175781,0.0,1295800
2021-03-11,9.880000114440918,9.880000114440918,0.0,9.920000076293945,9.880000114440918,9.880000114440918,0.0,464300
2021-03-12,9.880000114440918,9.880000114440918,0.0,9.930000305175781,9.880000114440918,9.899999618530273,0.0,535100
2021-03-15,9.869999885559082,9.869999885559082,0.0,9.899999618530273,9.859999656677246,9.899999618530273,0.0,164400
2021-03-16,9.829999923706055,9.829999923706055,0.0,9.928999900817871,9.829999923706055,9.880000114440918,0.0,177100
2021-03-17,9.850000381469727,9.850000381469727,0.0,9.899999618530273,9.829999923706055,9.899999618530273,0.0,36900
2021-03-18,9.850000381469727,9.850000381469727,0.0,9.850000381469727,9.8100004196167,9.850000381469727,0.0,200900
2021-03-19,9.869999885559082,9.869999885559082,0.0,9.880000114440918,9.8100004196167,9.84000015258789,0.0,99100
2021-03-22,9.850000381469727,9.850000381469727,0.0,9.869999885559082,9.819999694824219,9.869999885559082,0.0,32300
2021-03-23,9.819999694824219,9.819999694824219,0.0,9.850000381469727,9.800000190734863,9.819999694824219,0.0,106800
2021-03-24,9.829999923706055,9.829999923706055,0.0,9.850000381469727,9.819999694824219,9.821999549865723,0.0,167400
2021-03-25,9.829999923706055,9.829999923706055,0.0,9.859999656677246,9.649999618530273,9.720000267028809,0.0,126100
2021-03-26,9.819999694824219,9.819999694824219,0.0,9.880000114440918,9.800000190734863,9.800000190734863,0.0,140900
2021-03-29,9.819999694824219,9.819999694824219,0.0,9.845000267028809,9.819999694824219,9.84000015258789,0.0,19600
2021-03-30,9.829999923706055,9.829999923706055,0.0,9.850000381469727,9.779999732971191,9.819999694824219,0.0,1104600
2021-03-31,9.8100004196167,9.8100004196167,0.0,9.861000061035156,9.8100004196167,9.84000015258789,0.0,11000
2021-04-01,9.880000114440918,9.880000114440918,0.0,9.890000343322754,9.800000190734863,9.800000190734863,0.0,9100
2021-04-05,9.899999618530273,9.899999618530273,0.0,9.963000297546387,9.859999656677246,9.859999656677246,0.0,29700
2021-04-06,9.880000114440918,9.880000114440918,0.0,9.899999618530273,9.880000114440918,9.899999618530273,0.0,25000
2021-04-07,9.880000114440918,9.880000114440918,0.0,9.902999877929688,9.829999923706055,9.902999877929688,0.0,2700
2021-04-08,9.899999618530273,9.899999618530273,0.0,9.899999618530273,9.869999885559082,9.869999885559082,0.0,14900
2021-04-09,9.960000038146973,9.960000038146973,0.0,10.0,9.880000114440918,9.880000114440918,0.0,50500
2021-04-12,9.949999809265137,9.949999809265137,0.0,10.0,9.920000076293945,9.9399995803833,0.0,3300
2021-04-13,9.949999809265137,9.949999809265137,0.0,9.949999809265137,9.8100004196167,9.904999732971191,0.0,30400
2021-04-14,9.890000343322754,9.890000343322754,0.0,9.914999961853027,9.890000343322754,9.914999961853027,0.0,22300
2021-04-15,9.9399995803833,9.9399995803833,0.0,9.9399995803833,9.869999885559082,9.890000343322754,0.0,1500
2021-04-16,9.880000114440918,9.880000114440918,0.0,9.970000267028809,9.850000381469727,9.970000267028809,0.0,237500
2021-04-19,9.899999618530273,9.899999618530273,0.0,9.899999618530273,9.859999656677246,9.880000114440918,0.0,106400
2021-04-20,9.949999809265137,9.949999809265137,0.0,10.039999961853027,9.880000114440918,9.880000114440918,0.0,37600
2021-04-21,9.869999885559082,9.869999885559082,0.0,9.880000114440918,9.8100004196167,9.880000114440918,0.0,23500
2021-04-22,9.90999984741211,9.90999984741211,0.0,9.9399995803833,9.869999885559082,9.890000343322754,0.0,163700
2021-04-23,9.890000343322754,9.890000343322754,0.0,9.890000343322754,9.854999542236328,9.854999542236328,0.0,9700
2021-04-26,9.899999618530273,9.899999618530273,0.0,9.902999877929688,9.850000381469727,9.850000381469727,0.0,8100
2021-04-27,9.930000305175781,9.930000305175781,0.0,9.960000038146973,9.859999656677246,9.859999656677246,0.0,22500
2021-04-28,9.930000305175781,9.930000305175781,0.0,9.930000305175781,9.930000305175781,9.930000305175781,0.0,0
2021-04-29,9.895000457763672,9.895000457763672,0.0,9.930000305175781,9.859999656677246,9.899999618530273,0.0,12000
2021-04-30,9.899999618530273,9.899999618530273,0.0,9.90999984741211,9.859999656677246,9.899999618530273,0.0,4000
2021-05-03,9.890000343322754,9.890000343322754,0.0,9.890000343322754,9.859999656677246,9.890000343322754,0.0,21700
2021-05-04,9.869999885559082,9.869999885559082,0.0,9.9399995803833,9.869999885559082,9.907999992370605,0.0,8000
2021-05-05,9.920000076293945,9.920000076293945,0.0,9.920000076293945,9.869999885559082,9.869999885559082,0.0,70900
2021-05-06,9.880000114440918,9.880000114440918,0.0,9.880000114440918,9.869999885559082,9.871000289916992,0.0,132700
2021-05-07,9.890000343322754,9.890000343322754,0.0,9.899999618530273,9.869999885559082,9.869999885559082,0.0,14200
2021-05-10,9.899999618530273,9.899999618530273,0.0,9.899999618530273,9.869999885559082,9.869999885559082,0.0,60300
2021-05-11,9.880000114440918,9.880000114440918,0.0,9.890000343322754,9.850000381469727,9.850000381469727,0.0,18800
2021-05-12,9.869999885559082,9.869999885559082,0.0,9.880000114440918,9.855999946594238,9.855999946594238,0.0,1700
2021-05-13,9.869999885559082,9.869999885559082,0.0,9.880000114440918,9.829999923706055,9.859999656677246,0.0,63900
2021-05-14,9.869999885559082,9.869999885559082,0.0,9.869999885559082,9.850000381469727,9.859999656677246,0.0,800
2021-05-17,9.869999885559082,9.869999885559082,0.0,9.869999885559082,9.850000381469727,9.850000381469727,0.0,251800
2021-05-18,9.850000381469727,9.850000381469727,0.0,9.869999885559082,9.84000015258789,9.869999885559082,0.0,122300
2021-05-19,9.84000015258789,9.84000015258789,0.0,9.880000114440918,9.84000015258789,9.880000114440918,0.0,16200
2021-05-20,9.850000381469727,9.850000381469727,0.0,9.850000381469727,9.779999732971191,9.84000015258789,0.0,328300
2021-05-21,9.819999694824219,9.819999694824219,0.0,9.880000114440918,9.807999610900879,9.880000114440918,0.0,1200
2021-05-24,9.800000190734863,9.800000190734863,0.0,9.850000381469727,9.800000190734863,9.850000381469727,0.0,48600
2021-05-25,9.800000190734863,9.800000190734863,0.0,9.84000015258789,9.800000190734863,9.800000190734863,0.0,20000
2021-05-26,9.859999656677246,9.859999656677246,0.0,9.899999618530273,9.800000190734863,9.869999885559082,0.0,22200
2021-05-27,9.850000381469727,9.850000381469727,0.0,9.869999885559082,9.800000190734863,9.8100004196167,0.0,12700
2021-05-28,9.899999618530273,9.899999618530273,0.0,9.899999618530273,9.829999923706055,9.859999656677246,0.0,26100
2021-06-01,9.899999618530273,9.899999618530273,0.0,9.90999984741211,9.850000381469727,9.880000114440918,0.0,12100
2021-06-02,9.887999534606934,9.887999534606934,0.0,9.890000343322754,9.829999923706055,9.859999656677246,0.0,2500
2021-06-03,9.869999885559082,9.869999885559082,0.0,9.869999885559082,9.850000381469727,9.869999885559082,0.0,4900
2021-06-04,9.869999885559082,9.869999885559082,0.0,9.869999885559082,9.869999885559082,9.869999885559082,0.0,0
2021-06-07,9.880000114440918,9.880000114440918,0.0,9.880000114440918,9.84000015258789,9.880000114440918,0.0,35500
2021-06-08,9.880000114440918,9.880000114440918,0.0,9.880000114440918,9.850000381469727,9.850000381469727,0.0,7700
2021-06-09,9.890000343322754,9.890000343322754,0.0,9.890000343322754,9.869999885559082,9.869999885559082,0.0,53900
2021-06-10,9.880000114440918,9.880000114440918,0.0,9.899999618530273,9.880000114440918,9.890000343322754,0.0,23100
2021-06-11,9.890000343322754,9.890000343322754,0.0,9.907999992370605,9.869999885559082,9.899999618530273,0.0,23600
2021-06-14,9.899999618530273,9.899999618530273,0.0,9.899999618530273,9.850000381469727,9.890000343322754,0.0,131500
2021-06-15,9.880000114440918,9.880000114440918,0.0,9.899999618530273,9.859999656677246,9.899999618530273,0.0,5700
2021-06-16,9.880000114440918,9.880000114440918,0.0,9.880000114440918,9.880000114440918,9.880000114440918,0.0,0
2021-06-17,9.890000343322754,9.890000343322754,0.0,9.890000343322754,9.859999656677246,9.880000114440918,0.0,7900
2021-06-18,9.920000076293945,9.920000076293945,0.0,9.920000076293945,9.890000343322754,9.920000076293945,0.0,1100
2021-06-21,9.899999618530273,9.899999618530273,0.0,9.899999618530273,9.890000343322754,9.890000343322754,0.0,5700
2021-06-22,9.890000343322754,9.890000343322754,0.0,9.899999618530273,9.800000190734863,9.890000343322754,0.0,50000
2021-06-23,9.890000343322754,9.890000343322754,0.0,9.890000343322754,9.859999656677246,9.859999656677246,0.0,121700
2021-06-24,9.890000343322754,9.890000343322754,0.0,9.890000343322754,9.880000114440918,9.880000114440918,0.0,25200
2021-06-25,9.880000114440918,9.880000114440918,0.0,9.890000343322754,9.859999656677246,9.880000114440918,0.0,4200
2021-06-28,9.859999656677246,9.859999656677246,0.0,9.869999885559082,9.8100004196167,9.869999885559082,0.0,53700
2021-06-29,9.850000381469727,9.850000381469727,0.0,9.869999885559082,9.850000381469727,9.850000381469727,0.0,719000
2021-06-30,9.859999656677246,9.859999656677246,0.0,9.869999885559082,9.850000381469727,9.850000381469727,0.0,4000
2021-07-01,9.880000114440918,9.880000114440918,0.0,9.880000114440918,9.850000381469727,9.850000381469727,0.0,24700
2021-07-02,9.869999885559082,9.869999885559082,0.0,9.880000114440918,9.859999656677246,9.859999656677246,0.0,9800
2021-07-06,9.869999885559082,9.869999885559082,0.0,9.869999885559082,9.850000381469727,9.850000381469727,0.0,57500
2021-07-07,9.850000381469727,9.850000381469727,0.0,9.850000381469727,9.850000381469727,9.850000381469727,0.0,300
2021-07-08,9.880000114440918,9.880000114440918,0.0,9.890000343322754,9.850000381469727,9.850000381469727,0.0,10300
2021-07-09,9.869999885559082,9.869999885559082,0.0,9.890000343322754,9.859999656677246,9.890000343322754,0.0,1800
2021-07-12,9.880000114440918,9.880000114440918,0.0,9.880000114440918,9.869999885559082,9.869999885559082,0.0,26400
2021-07-13,9.880000114440918,9.880000114440918,0.0,9.890000343322754,9.878000259399414,9.878000259399414,0.0,8700
2021-07-14,9.885000228881836,9.885000228881836,0.0,9.899999618530273,9.859999656677246,9.869999885559082,0.0,36500
2021-07-15,9.890000343322754,9.890000343322754,0.0,9.890000343322754,9.869999885559082,9.869999885559082,0.0,3500
2021-07-16,9.880000114440918,9.880000114440918,0.0,9.899999618530273,9.869999885559082,9.890000343322754,0.0,13900
2021-07-19,9.880000114440918,9.880000114440918,0.0,9.880000114440918,9.880000114440918,9.880000114440918,0.0,300
2021-07-20,9.885000228881836,9.885000228881836,0.0,9.885000228881836,9.869999885559082,9.869999885559082,0.0,5600
2021-07-21,9.890000343322754,9.890000343322754,0.0,9.890000343322754,9.869999885559082,9.869999885559082,0.0,600
2021-07-22,9.890000343322754,9.890000343322754,0.0,9.890000343322754,9.890000343322754,9.890000343322754,0.0,200
2021-07-23,9.890000343322754,9.890000343322754,0.0,9.899999618530273,9.880000114440918,9.880000114440918,0.0,3900
2021-07-26,9.859999656677246,9.859999656677246,0.0,9.899999618530273,9.800000190734863,9.869999885559082,0.0,42600
2021-07-27,9.859999656677246,9.859999656677246,0.0,9.859999656677246,9.859999656677246,9.859999656677246,0.0,300
2021-07-28,9.880000114440918,9.880000114440918,0.0,9.890000343322754,9.859999656677246,9.859999656677246,0.0,3200
2021-07-29,9.899999618530273,9.899999618530273,0.0,9.899999618530273,9.859999656677246,9.869999885559082,0.0,5000
2021-07-30,9.880000114440918,9.880000114440918,0.0,9.890000343322754,9.880000114440918,9.880000114440918,0.0,10700
2021-08-02,9.869999885559082,9.869999885559082,0.0,9.869999885559082,9.869999885559082,9.869999885559082,0.0,4200
2021-08-03,9.859999656677246,9.859999656677246,0.0,9.869999885559082,9.859999656677246,9.869999885559082,0.0,1700
2021-08-04,9.869999885559082,9.869999885559082,0.0,9.869999885559082,9.850000381469727,9.850000381469727,0.0,6100
2021-08-05,9.859999656677246,9.859999656677246,0.0,9.859999656677246,9.859999656677246,9.859999656677246,0.0,100
2021-08-06,9.880000114440918,9.880000114440918,0.0,9.890000343322754,9.850000381469727,9.850000381469727,0.0,9800
2021-08-09,9.899999618530273,9.899999618530273,0.0,9.90999984741211,9.869999885559082,9.869999885559082,0.0,3200
2021-08-10,9.829999923706055,9.829999923706055,0.0,9.880000114440918,9.8100004196167,9.880000114440918,0.0,34100
2021-08-11,9.859999656677246,9.859999656677246,0.0,9.869999885559082,9.84000015258789,9.847999572753906,0.0,4200
2021-08-12,9.859999656677246,9.859999656677246,0.0,9.869999885559082,9.850000381469727,9.859999656677246,0.0,1455800
2021-08-13,9.850000381469727,9.850000381469727,0.0,9.880000114440918,9.8100004196167,9.850000381469727,0.0,119200
2021-08-16,9.854999542236328,9.854999542236328,0.0,9.859999656677246,9.850000381469727,9.850000381469727,0.0,179800
2021-08-17,9.850000381469727,9.850000381469727,0.0,9.859999656677246,9.850000381469727,9.850000381469727,0.0,17500
2021-08-18,9.850000381469727,9.850000381469727,0.0,9.880000114440918,9.84000015258789,9.850000381469727,0.0,308900
2021-08-19,9.869999885559082,9.869999885559082,0.0,9.869999885559082,9.850000381469727,9.850000381469727,0.0,20200
2021-08-20,9.869999885559082,9.869999885559082,0.0,9.890000343322754,9.859999656677246,9.859999656677246,0.0,9300
2021-08-23,9.880000114440918,9.880000114440918,0.0,9.890000343322754,9.859999656677246,9.859999656677246,0.0,16200
2021-08-24,9.890000343322754,9.890000343322754,0.0,9.890000343322754,9.880000114440918,9.880000114440918,0.0,23700
2021-08-25,9.890000343322754,9.890000343322754,0.0,9.890000343322754,9.880000114440918,9.880000114440918,0.0,23500
2021-08-26,9.859999656677246,9.859999656677246,0.0,9.890000343322754,9.8100004196167,9.850000381469727,0.0,67400
2021-08-27,9.899999618530273,9.899999618530273,0.0,9.899999618530273,9.880000114440918,9.880000114440918,0.0,16600
2021-08-30,9.899999618530273,9.899999618530273,0.0,9.899999618530273,9.880000114440918,9.880000114440918,0.0,5000
2021-08-31,9.880000114440918,9.880000114440918,0.0,9.920000076293945,9.869999885559082,9.880000114440918,0.0,24600
2021-09-01,9.880000114440918,9.880000114440918,0.0,9.880000114440918,9.880000114440918,9.880000114440918,0.0,0
2021-09-02,9.925000190734863,9.925000190734863,0.0,9.9399995803833,9.890000343322754,9.890000343322754,0.0,111400
2021-09-03,9.930000305175781,9.930000305175781,0.0,9.930000305175781,9.899999618530273,9.899999618530273,0.0,80400
2021-09-07,9.920000076293945,9.920000076293945,0.0,9.930000305175781,9.918999671936035,9.920000076293945,0.0,47700
2021-09-08,9.930000305175781,9.930000305175781,0.0,9.9399995803833,9.920000076293945,9.920000076293945,0.0,12900
2021-09-09,9.930000305175781,9.930000305175781,0.0,9.930000305175781,9.920000076293945,9.920000076293945,0.0,24800
2021-09-10,9.930000305175781,9.930000305175781,0.0,9.930000305175781,9.930000305175781,9.930000305175781,0.0,0
2021-09-13,9.906999588012695,9.906999588012695,0.0,9.906999588012695,9.906999588012695,9.906999588012695,0.0,500
2021-09-14,9.9350004196167,9.9350004196167,0.0,9.9350004196167,9.920000076293945,9.920000076293945,0.0,504100
2021-09-15,9.930000305175781,9.930000305175781,0.0,9.9399995803833,9.890000343322754,9.899999618530273,0.0,11800
2021-09-16,9.9399995803833,9.9399995803833,0.0,9.9399995803833,9.930000305175781,9.9399995803833,0.0,403800
2021-09-17,9.899999618530273,9.899999618530273,0.0,9.949999809265137,9.899999618530273,9.949999809265137,0.0,1100
2021-09-20,9.920000076293945,9.920000076293945,0.0,9.920000076293945,9.920000076293945,9.920000076293945,0.0,200
2021-09-21,9.932999610900879,9.932999610900879,0.0,9.932999610900879,9.932999610900879,9.932999610900879,0.0,100
2021-09-22,9.949999809265137,9.949999809265137,0.0,9.949999809265137,9.930000305175781,9.930000305175781,0.0,14800
2021-09-23,9.930000305175781,9.930000305175781,0.0,9.9399995803833,9.899999618530273,9.899999618530273,0.0,8800
2021-09-24,9.989999771118164,9.989999771118164,0.0,9.989999771118164,9.920000076293945,9.920000076293945,0.0,258200
2021-09-27,9.9399995803833,9.9399995803833,0.0,9.970000267028809,9.920000076293945,9.925000190734863,0.0,19300
2021-09-28,9.960000038146973,9.960000038146973,0.0,9.960000038146973,9.9399995803833,9.9399995803833,0.0,51100
2021-09-29,9.970000267028809,9.970000267028809,0.0,9.970000267028809,9.960000038146973,9.960000038146973,0.0,15800
2021-09-30,9.9399995803833,9.9399995803833,0.0,9.944999694824219,9.925000190734863,9.930000305175781,0.0,17600
2021-10-01,9.949999809265137,9.949999809265137,0.0,9.970000267028809,9.90999984741211,9.9399995803833,0.0,274300
2021-10-04,9.9399995803833,9.9399995803833,0.0,9.970000267028809,9.930000305175781,9.949999809265137,0.0,24800
2021-10-05,9.9399995803833,9.9399995803833,0.0,9.9399995803833,9.930000305175781,9.930000305175781,0.0,800
2021-10-06,9.9399995803833,9.9399995803833,0.0,9.9399995803833,9.930000305175781,9.930000305175781,0.0,79500
2021-10-07,9.949999809265137,9.949999809265137,0.0,9.970000267028809,9.930000305175781,9.944999694824219,0.0,37700
2021-10-08,9.970000267028809,9.970000267028809,0.0,9.970000267028809,9.949999809265137,9.949999809265137,0.0,1000
2021-10-11,9.95300006866455,9.95300006866455,0.0,9.95300006866455,9.95300006866455,9.95300006866455,0.0,100
2021-10-12,9.954999923706055,9.954999923706055,0.0,9.960000038146973,9.949999809265137,9.949999809265137,0.0,1200
2021-10-13,9.970000267028809,9.970000267028809,0.0,9.970000267028809,9.949999809265137,9.960000038146973,0.0,13300
2021-10-14,9.960000038146973,9.960000038146973,0.0,9.970000267028809,9.960000038146973,9.961000442504883,0.0,1600
2021-10-15,9.970000267028809,9.970000267028809,0.0,9.970000267028809,9.949999809265137,9.970000267028809,0.0,4000
2021-10-18,9.944999694824219,9.944999694824219,0.0,9.970000267028809,9.944999694824219,9.970000267028809,0.0,134300
2021-10-19,9.960000038146973,9.960000038146973,0.0,9.960000038146973,9.949999809265137,9.949999809265137,0.0,262700
2021-10-20,9.9399995803833,9.9399995803833,0.0,9.9399995803833,9.9399995803833,9.9399995803833,0.0,9000
2021-10-21,9.949999809265137,9.949999809265137,0.0,9.970000267028809,9.944999694824219,9.944999694824219,0.0,76100
2021-10-22,9.944000244140625,9.944000244140625,0.0,9.949999809265137,9.944000244140625,9.949999809265137,0.0,102600
2021-10-25,9.979999542236328,9.979999542236328,0.0,9.979999542236328,9.9399995803833,9.949999809265137,0.0,29000
2021-10-26,9.960000038146973,9.960000038146973,0.0,9.989999771118164,9.9399995803833,9.989999771118164,0.0,3300
2021-10-27,9.9399995803833,9.9399995803833,0.0,9.958000183105469,9.9399995803833,9.9399995803833,0.0,5700
2021-10-28,9.970000267028809,9.970000267028809,0.0,9.970000267028809,9.9399995803833,9.949999809265137,0.0,134300
2021-10-29,9.970000267028809,9.970000267028809,0.0,9.970000267028809,9.930000305175781,9.930000305175781,0.0,5500
2021-11-01,9.970000267028809,9.970000267028809,0.0,9.970000267028809,9.970000267028809,9.970000267028809,0.0,0
2021-11-02,9.970000267028809,9.970000267028809,0.0,9.989999771118164,9.9399995803833,9.975000381469727,0.0,17600
2021-11-03,9.979999542236328,9.979999542236328,0.0,9.979999542236328,9.954999923706055,9.954999923706055,0.0,3800
2021-11-04,9.9399995803833,9.9399995803833,0.0,9.9399995803833,9.9399995803833,9.9399995803833,0.0,500
2021-11-05,9.970000267028809,9.970000267028809,0.0,9.979999542236328,9.960000038146973,9.970000267028809,0.0,7600
2021-11-08,9.960000038146973,9.960000038146973,0.0,9.960000038146973,9.960000038146973,9.960000038146973,0.0,2600
2021-11-09,9.989999771118164,9.989999771118164,0.0,9.989999771118164,9.989999771118164,9.989999771118164,0.0,900
2021-11-10,9.989999771118164,9.989999771118164,0.0,9.989999771118164,9.960000038146973,9.960000038146973,0.0,800
2021-11-11,9.965999603271484,9.965999603271484,0.0,9.979999542236328,9.965999603271484,9.979999542236328,0.0,1100
2021-11-12,9.965999603271484,9.965999603271484,0.0,9.965999603271484,9.965999603271484,9.965999603271484,0.0,0
2021-11-15,9.965999603271484,9.965999603271484,0.0,9.965999603271484,9.965999603271484,9.965999603271484,0.0,0
2021-11-16,9.979999542236328,9.979999542236328,0.0,9.979999542236328,9.9399995803833,9.960000038146973,0.0,34700
2021-11-17,9.960000038146973,9.960000038146973,0.0,9.979999542236328,9.960000038146973,9.960000038146973,0.0,17400
2021-11-18,9.960000038146973,9.960000038146973,0.0,9.960000038146973,9.960000038146973,9.960000038146973,0.0,0
2021-11-19,9.970000267028809,9.970000267028809,0.0,9.970000267028809,9.963000297546387,9.963000297546387,0.0,4200
2021-11-22,9.960000038146973,9.960000038146973,0.0,9.960000038146973,9.960000038146973,9.960000038146973,0.0,2200
2021-11-23,9.970000267028809,9.970000267028809,0.0,9.970000267028809,9.970000267028809,9.970000267028809,0.0,81200
2021-11-24,9.970000267028809,9.970000267028809,0.0,9.970999717712402,9.949999809265137,9.970000267028809,0.0,4600
2021-11-26,9.970000267028809,9.970000267028809,0.0,9.970000267028809,9.960000038146973,9.970000267028809,0.0,1200
2021-11-29,9.979999542236328,9.979999542236328,0.0,10.005000114440918,9.963000297546387,9.970000267028809,0.0,123900
2021-11-30,9.979999542236328,9.979999542236328,0.0,10.010000228881836,9.979999542236328,9.989999771118164,0.0,77700
2021-12-01,10.0,10.0,0.0,10.0,10.0,10.0,0.0,20500
2021-12-02,9.979999542236328,9.979999542236328,0.0,9.979999542236328,9.979999542236328,9.979999542236328,0.0,1200
2021-12-03,9.979999542236328,9.979999542236328,0.0,9.979999542236328,9.970000267028809,9.970000267028809,0.0,7300
2021-12-06,9.989999771118164,9.989999771118164,0.0,9.989999771118164,9.979999542236328,9.979999542236328,0.0,6400
2021-12-07,9.979999542236328,9.979999542236328,0.0,9.979999542236328,9.979999542236328,9.979999542236328,0.0,5500
2021-12-08,9.979999542236328,9.979999542236328,0.0,9.979999542236328,9.979999542236328,9.979999542236328,0.0,0
2021-12-09,9.989999771118164,9.989999771118164,0.0,9.989999771118164,9.979999542236328,9.979999542236328,0.0,8700
2021-12-10,9.984999656677246,9.984999656677246,0.0,9.994999885559082,9.979999542236328,9.994999885559082,0.0,8200
2021-12-13,9.979999542236328,9.979999542236328,0.0,9.979999542236328,9.979999542236328,9.979999542236328,0.0,1200
2021-12-14,9.980999946594238,9.980999946594238,0.0,9.980999946594238,9.980999946594238,9.980999946594238,0.0,2700
2021-12-15,9.979999542236328,9.979999542236328,0.0,9.979999542236328,9.970000267028809,9.970000267028809,0.0,3800
2021-12-16,9.970000267028809,9.970000267028809,0.0,9.979999542236328,9.970000267028809,9.979999542236328,0.0,21100
2021-12-17,9.979999542236328,9.979999542236328,0.0,9.979999542236328,9.970000267028809,9.970000267028809,0.0,5800
2021-12-20,9.970000267028809,9.970000267028809,0.0,9.970000267028809,9.968000411987305,9.970000267028809,0.0,706400
2021-12-21,9.970000267028809,9.970000267028809,0.0,9.970000267028809,9.970000267028809,9.970000267028809,0.0,200
2021-12-22,9.970000267028809,9.970000267028809,0.0,9.970000267028809,9.960000038146973,9.960000038146973,0.0,12400
2021-12-23,9.960000038146973,9.960000038146973,0.0,9.970000267028809,9.960000038146973,9.970000267028809,0.0,5000
2021-12-27,10.0,10.0,0.0,10.0,10.0,10.0,0.0,300
2021-12-28,10.0,10.0,0.0,10.0,9.960000038146973,9.960000038146973,0.0,5900
2021-12-29,9.979999542236328,9.979999542236328,0.0,9.989999771118164,9.949999809265137,9.970000267028809,0.0,14800
2021-12-30,9.989999771118164,9.989999771118164,0.0,10.0,9.989999771118164,9.989999771118164,0.0,5300
2021-12-31,9.989999771118164,9.989999771118164,0.0,9.989999771118164,9.989999771118164,9.989999771118164,0.0,0
2022-01-03,9.979999542236328,9.979999542236328,0.0,9.994999885559082,9.970000267028809,9.970000267028809,0.0,47300
2022-01-04,9.989999771118164,9.989999771118164,0.0,9.989999771118164,9.979999542236328,9.979999542236328,0.0,8000
2022-01-05,9.989999771118164,9.989999771118164,0.0,9.989999771118164,9.989999771118164,9.989999771118164,0.0,1100
2022-01-06,9.979999542236328,9.979999542236328,0.0,9.982999801635742,9.979999542236328,9.979999542236328,0.0,9700
2022-01-07,9.979999542236328,9.979999542236328,0.0,9.979999542236328,9.979999542236328,9.979999542236328,0.0,0
2022-01-10,9.984999656677246,9.984999656677246,0.0,9.984999656677246,9.984000205993652,9.984000205993652,0.0,5300
2022-01-11,9.989999771118164,9.989999771118164,0.0,9.989999771118164,9.970000267028809,9.970000267028809,0.0,50500
2022-01-12,9.989999771118164,9.989999771118164,0.0,10.010000228881836,9.979999542236328,9.979999542236328,0.0,5500
2022-01-13,9.989999771118164,9.989999771118164,0.0,9.989999771118164,9.989999771118164,9.989999771118164,0.0,0
2022-01-14,9.970000267028809,9.970000267028809,0.0,9.970000267028809,9.970000267028809,9.970000267028809,0.0,2000
2022-01-18,9.979999542236328,9.979999542236328,0.0,9.989999771118164,9.970000267028809,9.970000267028809,0.0,7100
2022-01-19,9.970000267028809,9.970000267028809,0.0,9.989999771118164,9.970000267028809,9.970000267028809,0.0,8400
2022-01-20,9.970000267028809,9.970000267028809,0.0,9.979999542236328,9.970000267028809,9.972000122070312,0.0,5400
2022-01-21,9.979999542236328,9.979999542236328,0.0,9.979999542236328,9.970000267028809,9.970000267028809,0.0,3900
2022-01-24,9.989999771118164,9.989999771118164,0.0,10.0,9.970000267028809,9.970000267028809,0.0,21800
2022-01-25,9.989999771118164,9.989999771118164,0.0,9.989999771118164,9.989999771118164,9.989999771118164,0.0,0
2022-01-26,9.989999771118164,9.989999771118164,0.0,9.989999771118164,9.989999771118164,9.989999771118164,0.0,0
2022-01-27,9.970000267028809,9.970000267028809,0.0,9.989999771118164,9.970000267028809,9.970000267028809,0.0,36200
2022-01-28,9.989999771118164,9.989999771118164,0.0,9.989999771118164,9.970000267028809,9.970000267028809,0.0,5100
2022-01-31,9.989999771118164,9.989999771118164,0.0,10.0,9.979999542236328,10.0,0.0,5500
2022-02-01,9.994999885559082,9.994999885559082,0.0,10.0,9.96500015258789,10.0,0.0,101100
2022-02-02,9.989999771118164,9.989999771118164,0.0,9.989999771118164,9.989999771118164,9.989999771118164,0.0,400
2022-02-03,10.0,10.0,0.0,10.010000228881836,9.989999771118164,9.989999771118164,0.0,44800
2022-02-04,10.0,10.0,0.0,10.0,9.994999885559082,10.0,0.0,6000
2022-02-07,10.0,10.0,0.0,10.0,9.979999542236328,9.979999542236328,0.0,2100
2022-02-08,10.0,10.0,0.0,10.0,9.979999542236328,9.979999542236328,0.0,6000
2022-02-09,10.0,10.0,0.0,10.010000228881836,9.989999771118164,9.989999771118164,0.0,48600
2022-02-10,10.0,10.0,0.0,10.0,9.989999771118164,9.989999771118164,0.0,288300
2022-02-11,10.0,10.0,0.0,10.010000228881836,9.989999771118164,9.989999771118164,0.0,8700
2022-02-14,10.010000228881836,10.010000228881836,0.0,10.020000457763672,9.989999771118164,9.989999771118164,0.0,5300
2022-02-15,10.0,10.0,0.0,10.0,10.0,10.0,0.0,200
2022-02-16,10.0,10.0,0.0,10.0,10.0,10.0,0.0,100
2022-02-17,10.0,10.0,0.0,10.0,10.0,10.0,0.0,200
2022-02-18,10.010000228881836,10.010000228881836,0.0,10.010000228881836,10.005000114440918,10.010000228881836,0.0,800
2022-02-22,10.010000228881836,10.010000228881836,0.0,10.010000228881836,10.010000228881836,10.010000228881836,0.0,12800
2022-02-23,10.010000228881836,10.010000228881836,0.0,10.010000228881836,10.010000228881836,10.010000228881836,0.0,13400
2022-02-24,10.020000457763672,10.020000457763672,0.0,10.029999732971191,10.0,10.0,0.0,15300
2022-02-25,10.020000457763672,10.020000457763672,0.0,10.020000457763672,10.015000343322754,10.015000343322754,0.0,2900
2022-02-28,10.020000457763672,10.020000457763672,0.0,10.020000457763672,10.015000343322754,10.015000343322754,0.0,5100
2022-03-01,10.020000457763672,10.020000457763672,0.0,10.020000457763672,10.010000228881836,10.010000228881836,0.0,27700
2022-03-02,10.010000228881836,10.010000228881836,0.0,10.020000457763672,10.010000228881836,10.020000457763672,0.0,1400
2022-03-03,10.010000228881836,10.010000228881836,0.0,10.020000457763672,10.010000228881836,10.020000457763672,0.0,26400
2022-03-04,10.010000228881836,10.010000228881836,0.0,10.010000228881836,10.010000228881836,10.010000228881836,0.0,600
2022-03-07,10.029999732971191,10.029999732971191,0.0,10.029999732971191,10.020000457763672,10.024999618530273,0.0,10500
2022-03-08,10.029999732971191,10.029999732971191,0.0,10.029999732971191,10.029999732971191,10.029999732971191,0.0,27200
2022-03-09,10.029999732971191,10.029999732971191,0.0,10.029999732971191,10.020000457763672,10.024999618530273,0.0,17400
2022-03-10,10.029999732971191,10.029999732971191,0.0,10.029999732971191,10.029999732971191,10.029999732971191,0.0,0
2022-03-11,10.029999732971191,10.029999732971191,0.0,10.029999732971191,10.029999732971191,10.029999732971191,0.0,1300
2022-03-14,10.010000228881836,10.010000228881836,0.0,10.039999961853027,10.0,10.039999961853027,0.0,450200
2022-03-15,10.029999732971191,10.029999732971191,0.0,10.029999732971191,10.010000228881836,10.024999618530273,0.0,11100
2022-03-16,10.010000228881836,10.010000228881836,0.0,10.029999732971191,10.010000228881836,10.029999732971191,0.0,54500
2022-03-17,10.029999732971191,10.029999732971191,0.0,10.029999732971191,10.010000228881836,10.010000228881836,0.0,8900
2022-03-18,10.029999732971191,10.029999732971191,0.0,10.039999961853027,10.020000457763672,10.029999732971191,0.0,45500
2022-03-21,10.020000457763672,10.020000457763672,0.0,10.039999961853027,10.010000228881836,10.010000228881836,0.0,28400
2022-03-22,10.029999732971191,10.029999732971191,0.0,10.029999732971191,10.029999732971191,10.029999732971191,0.0,100
2022-03-23,10.039999961853027,10.039999961853027,0.0,10.050000190734863,10.020000457763672,10.029999732971191,0.0,53200
2022-03-24,10.03499984741211,10.03499984741211,0.0,10.039999961853027,10.020000457763672,10.039999961853027,0.0,24700
2022-03-25,10.039999961853027,10.039999961853027,0.0,10.039999961853027,10.029999732971191,10.029999732971191,0.0,99500
2022-03-28,10.050000190734863,10.050000190734863,0.0,10.050000190734863,10.029999732971191,10.039999961853027,0.0,68500
2022-03-29,10.050000190734863,10.050000190734863,0.0,10.0600004196167,10.050000190734863,10.0600004196167,0.0,16500
2022-03-30,10.050000190734863,10.050000190734863,0.0,10.0600004196167,10.045000076293945,10.0600004196167,0.0,98600
2022-03-31,10.0600004196167,10.0600004196167,0.0,10.0600004196167,10.050000190734863,10.050000190734863,0.0,105600
2022-04-01,10.0600004196167,10.0600004196167,0.0,10.0600004196167,10.0600004196167,10.0600004196167,0.0,0
2022-04-04,10.039999961853027,10.039999961853027,0.0,10.0600004196167,10.039999961853027,10.0600004196167,0.0,25600
2022-04-05,10.069999694824219,10.069999694824219,0.0,10.069999694824219,10.050000190734863,10.0600004196167,0.0,3800
2022-04-06,10.0600004196167,10.0600004196167,0.0,10.0600004196167,10.050000190734863,10.050000190734863,0.0,1300
2022-04-07,10.0600004196167,10.0600004196167,0.0,10.0600004196167,10.0600004196167,10.0600004196167,0.0,400
2022-04-08,10.0649995803833,10.0649995803833,0.0,10.0649995803833,10.0600004196167,10.0600004196167,0.0,101600
2022-04-11,10.0649995803833,10.0649995803833,0.0,10.0649995803833,10.0649995803833,10.0649995803833,0.0,0
2022-04-12,10.0649995803833,10.0649995803833,0.0,10.0649995803833,10.0649995803833,10.0649995803833,0.0,200
2022-04-13,10.069999694824219,10.069999694824219,0.0,10.069999694824219,10.0600004196167,10.0600004196167,0.0,47400
2022-04-14,10.069999694824219,10.069999694824219,0.0,10.069999694824219,10.0600004196167,10.0649995803833,0.0,638400
2022-04-18,10.069999694824219,10.069999694824219,0.0,10.069999694824219,10.069999694824219,10.069999694824219,0.0,2200
2022-04-19,10.069999694824219,10.069999694824219,0.0,10.079999923706055,10.069999694824219,10.079999923706055,0.0,5100
2022-04-20,10.0600004196167,10.0600004196167,0.0,10.0600004196167,10.0600004196167,10.0600004196167,0.0,100
2022-04-21,10.069999694824219,10.069999694824219,0.0,10.069999694824219,10.069999694824219,10.069999694824219,0.0,200
2022-04-22,10.069999694824219,10.069999694824219,0.0,10.069999694824219,10.069999694824219,10.069999694824219,0.0,0
2022-04-25,10.0649995803833,10.0649995803833,0.0,10.0649995803833,10.0600004196167,10.0600004196167,0.0,800
2022-04-26,10.069999694824219,10.069999694824219,0.0,10.079000473022461,10.0600004196167,10.0600004196167,0.0,90400
2022-04-27,10.069999694824219,10.069999694824219,0.0,10.069999694824219,10.069999694824219,10.069999694824219,0.0,10000
2022-04-28,10.079999923706055,10.079999923706055,0.0,10.079999923706055,10.069999694824219,10.069999694824219,0.0,292300
2022-04-29,10.069999694824219,10.069999694824219,0.0,10.09000015258789,10.069999694824219,10.09000015258789,0.0,9200
2022-05-02,10.079999923706055,10.079999923706055,0.0,10.079999923706055,10.074999809265137,10.074999809265137,0.0,3700
2022-05-03,10.079999923706055,10.079999923706055,0.0,10.079999923706055,10.069999694824219,10.079999923706055,0.0,7000
2022-05-04,10.079999923706055,10.079999923706055,0.0,10.079999923706055,10.079000473022461,10.079000473022461,0.0,200
2022-05-05,10.069999694824219,10.069999694824219,0.0,10.079999923706055,10.069999694824219,10.079999923706055,0.0,53300
2022-05-06,10.069999694824219,10.069999694824219,0.0,10.069999694824219,10.069999694824219,10.069999694824219,0.0,200
2022-05-09,10.069999694824219,10.069999694824219,0.0,10.074999809265137,10.069999694824219,10.074999809265137,0.0,120500
2022-05-10,10.0600004196167,10.0600004196167,0.0,10.069999694824219,10.050000190734863,10.069999694824219,0.0,517500
2022-05-11,10.069999694824219,10.069999694824219,0.0,10.079999923706055,10.0600004196167,10.079999923706055,0.0,40200
2022-05-12,10.0600004196167,10.0600004196167,0.0,10.0649995803833,10.0600004196167,10.0600004196167,0.0,81400
2022-05-13,10.0649995803833,10.0649995803833,0.0,10.069999694824219,10.0600004196167,10.0600004196167,0.0,11800
2022-05-16,10.0600004196167,10.0600004196167,0.0,10.069999694824219,10.0600004196167,10.069999694824219,0.0,35500
2022-05-17,10.069999694824219,10.069999694824219,0.0,10.079999923706055,10.069999694824219,10.079999923706055,0.0,11400
2022-05-18,10.074999809265137,10.074999809265137,0.0,10.079999923706055,10.069999694824219,10.079999923706055,0.0,176500
2022-05-19,10.079999923706055,10.079999923706055,0.0,10.079999923706055,10.069999694824219,10.071000099182129,0.0,5500
2022-05-20,10.069999694824219,10.069999694824219,0.0,10.069999694824219,10.069999694824219,10.069999694824219,0.0,900
2022-05-23,10.069999694824219,10.069999694824219,0.0,10.079999923706055,10.069999694824219,10.079999923706055,0.0,164300
2022-05-24,10.069999694824219,10.069999694824219,0.0,10.079999923706055,10.069999694824219,10.071000099182129,0.0,217600
2022-05-25,10.069999694824219,10.069999694824219,0.0,10.079999923706055,10.069999694824219,10.069999694824219,0.0,365900
2022-05-26,10.069999694824219,10.069999694824219,0.0,10.079999923706055,10.069999694824219,10.079999923706055,0.0,115700
2022-05-27,10.088000297546387,10.088000297546387,0.0,10.09000015258789,10.074999809265137,10.079999923706055,0.0,338100
2022-05-31,10.079999923706055,10.079999923706055,0.0,10.09000015258789,10.079999923706055,10.079999923706055,0.0,116100
2022-06-01,10.079999923706055,10.079999923706055,0.0,10.09000015258789,10.079999923706055,10.079999923706055,0.0,184300
2022-06-02,10.09000015258789,10.09000015258789,0.0,10.09000015258789,10.079999923706055,10.079999923706055,0.0,2900
2022-06-03,10.09000015258789,10.09000015258789,0.0,10.09000015258789,10.079999923706055,10.079999923706055,0.0,37000
2022-06-06,10.09000015258789,10.09000015258789,0.0,10.100000381469727,10.09000015258789,10.09000015258789,0.0,110100
2022-06-07,10.100000381469727,10.100000381469727,0.0,10.100000381469727,10.100000381469727,10.100000381469727,0.0,600
2022-06-08,10.079999923706055,10.079999923706055,0.0,10.11299991607666,10.079999923706055,10.100000381469727,0.0,10400
2022-06-09,10.09000015258789,10.09000015258789,0.0,10.100000381469727,10.079999923706055,10.09000015258789,0.0,13600
2022-06-10,10.270000457763672,10.270000457763672,0.0,10.270000457763672,10.07800006866455,10.09000015258789,0.0,28000
2022-06-13,10.100000381469727,10.100000381469727,0.0,10.180000305175781,10.079999923706055,10.180000305175781,0.0,14200
2022-06-14,10.100000381469727,10.100000381469727,0.0,10.100000381469727,10.039999961853027,10.0600004196167,0.0,40500
2022-06-15,10.130000114440918,10.130000114440918,0.0,10.140000343322754,10.0600004196167,10.069999694824219,0.0,4500
2022-06-16,10.229999542236328,10.229999542236328,0.0,10.260000228881836,10.085000038146973,10.149999618530273,0.0,9900
2022-06-17,10.270000457763672,10.270000457763672,0.0,10.289999961853027,10.180000305175781,10.229999542236328,0.0,30800
2022-06-21,10.199999809265137,10.199999809265137,0.0,10.270000457763672,10.199999809265137,10.270000457763672,0.0,1100
2022-06-22,10.069999694824219,10.069999694824219,0.0,10.109999656677246,10.0600004196167,10.0600004196167,0.0,3000
2022-06-23,10.020000457763672,10.020000457763672,0.0,10.149999618530273,10.0,10.09000015258789,0.0,28100
2022-06-24,9.960000038146973,9.960000038146973,0.0,10.029999732971191,9.949999809265137,10.020000457763672,0.0,8700
2022-06-27,10.0,10.0,0.0,10.0,9.960000038146973,9.979999542236328,0.0,800
2022-06-28,10.0,10.0,0.0,10.050000190734863,9.979999542236328,9.979999542236328,0.0,2000
2022-06-29,9.961000442504883,9.961000442504883,0.0,10.100000381469727,9.960000038146973,10.0,0.0,18400
2022-06-30,10.0,10.0,0.0,10.015000343322754,10.0,10.0,0.0,800
2022-07-01,9.970000267028809,9.970000267028809,0.0,9.970000267028809,9.970000267028809,9.970000267028809,0.0,600
2022-07-05,9.9399995803833,9.9399995803833,0.0,9.970000267028809,9.9399995803833,9.954999923706055,0.0,2100
2022-07-06,9.954999923706055,9.954999923706055,0.0,9.970000267028809,9.9399995803833,9.9399995803833,0.0,800
2022-07-07,9.954999923706055,9.954999923706055,0.0,9.954999923706055,9.954999923706055,9.954999923706055,0.0,0
2022-07-08,9.96500015258789,9.96500015258789,0.0,9.979999542236328,9.920000076293945,9.960000038146973,0.0,242200
2022-07-11,9.96500015258789,9.96500015258789,0.0,9.96500015258789,9.96500015258789,9.96500015258789,0.0,0
2022-07-12,10.1899995803833,10.1899995803833,0.0,10.1899995803833,10.15999984741211,10.1899995803833,0.0,800
2022-07-13,10.1899995803833,10.1899995803833,0.0,10.1899995803833,10.15999984741211,10.15999984741211,0.0,700
2022-07-14,10.170000076293945,10.170000076293945,0.0,10.170000076293945,10.109999656677246,10.140000343322754,0.0,700
2022-07-15,10.15999984741211,10.15999984741211,0.0,10.15999984741211,10.100000381469727,10.100000381469727,0.0,700
2022-07-18,10.15999984741211,10.15999984741211,0.0,10.15999984741211,10.100000381469727,10.100000381469727,0.0,700
2022-07-19,10.020000457763672,10.020000457763672,0.0,10.079999923706055,10.020000457763672,10.069999694824219,0.0,700
2022-07-20,10.0,10.0,0.0,10.029999732971191,9.960000038146973,10.020000457763672,0.0,17000
2022-07-21,9.979999542236328,9.979999542236328,0.0,10.0,9.960000038146973,9.979999542236328,0.0,10900
2022-07-22,10.020000457763672,10.020000457763672,0.0,10.020000457763672,10.020000457763672,10.020000457763672,0.0,700
2022-07-25,10.020000457763672,10.020000457763672,0.0,10.020000457763672,10.020000457763672,10.020000457763672,0.0,600
2022-07-26,9.989999771118164,9.989999771118164,0.0,9.989999771118164,9.979999542236328,9.979999542236328,0.0,3800
2022-07-27,10.0,10.0,0.0,10.020000457763672,9.989999771118164,10.020000457763672,0.0,11700
2022-07-28,10.0,10.0,0.0,10.0,10.0,10.0,0.0,0
2022-07-29,9.979999542236328,9.979999542236328,0.0,10.020000457763672,9.970000267028809,9.979999542236328,0.0,2100
2022-08-01,10.020000457763672,10.020000457763672,0.0,10.020000457763672,9.979999542236328,9.979999542236328,0.0,12300
2022-08-02,9.979999542236328,9.979999542236328,0.0,10.010000228881836,9.979999542236328,10.010000228881836,0.0,4500
2022-08-03,10.020000457763672,10.020000457763672,0.0,10.020000457763672,9.979999542236328,10.020000457763672,0.0,3200
2022-08-04,10.020000457763672,10.020000457763672,0.0,10.020000457763672,10.020000457763672,10.020000457763672,0.0,1700
2022-08-05,10.020000457763672,10.020000457763672,0.0,10.020000457763672,9.979999542236328,10.020000457763672,0.0,800
2022-08-08,10.010000228881836,10.010000228881836,0.0,10.010000228881836,10.005000114440918,10.005000114440918,0.0,700
2022-08-09,10.010000228881836,10.010000228881836,0.0,10.020000457763672,9.989999771118164,10.020000457763672,0.0,3300
2022-08-10,10.020000457763672,10.020000457763672,0.0,10.020000457763672,9.989999771118164,10.020000457763672,0.0,43600
2022-08-11,10.180000305175781,10.180000305175781,0.0,11.0,10.156000137329102,10.329999923706055,0.0,37900
2022-08-12,10.029999732971191,10.029999732971191,0.0,10.229999542236328,9.949999809265137,10.173999786376953,0.0,162300
2022-08-15,10.039999961853027,10.039999961853027,0.0,10.050000190734863,9.960000038146973,10.050000190734863,0.0,6700
2022-08-16,10.039999961853027,10.039999961853027,0.0,10.0600004196167,10.010000228881836,10.020000457763672,0.0,6800
2022-08-17,10.03499984741211,10.03499984741211,0.0,10.03499984741211,10.0,10.03499984741211,0.0,2800
2022-08-18,10.039999961853027,10.039999961853027,0.0,10.039999961853027,10.01099967956543,10.01099967956543,0.0,600
2022-08-19,10.039999961853027,10.039999961853027,0.0,10.039999961853027,10.0,10.0,0.0,3400
2022-08-22,10.020000457763672,10.020000457763672,0.0,10.039999961853027,10.020000457763672,10.039999961853027,0.0,1600
2022-08-23,10.069999694824219,10.069999694824219,0.0,10.125,10.0600004196167,10.0600004196167,0.0,24700
2022-08-24,10.0600004196167,10.0600004196167,0.0,10.100000381469727,10.050000190734863,10.09000015258789,0.0,7800
2022-08-25,10.069999694824219,10.069999694824219,0.0,10.069999694824219,10.039999961853027,10.050000190734863,0.0,3400
2022-08-26,10.0600004196167,10.0600004196167,0.0,10.0600004196167,10.029999732971191,10.029999732971191,0.0,3300
2022-08-29,10.0600004196167,10.0600004196167,0.0,10.0600004196167,10.0600004196167,10.0600004196167,0.0,0
2022-08-30,10.0649995803833,10.0649995803833,0.0,10.0649995803833,10.0649995803833,10.0649995803833,0.0,100
2022-08-31,10.0649995803833,10.0649995803833,0.0,10.0649995803833,10.0649995803833,10.0649995803833,0.0,0
2022-09-01,10.100000381469727,10.100000381469727,0.0,10.100000381469727,10.029999732971191,10.029999732971191,0.0,5700
2022-09-02,10.069999694824219,10.069999694824219,0.0,10.079999923706055,10.069999694824219,10.079999923706055,0.0,1800
2022-09-06,10.09000015258789,10.09000015258789,0.0,10.09000015258789,10.09000015258789,10.09000015258789,0.0,1400
2022-09-07,10.09000015258789,10.09000015258789,0.0,10.09000015258789,10.09000015258789,10.09000015258789,0.0,0
2022-09-08,10.100000381469727,10.100000381469727,0.0,10.119999885559082,10.071000099182129,10.100000381469727,0.0,8700
2022-09-09,10.069999694824219,10.069999694824219,0.0,10.069999694824219,10.069999694824219,10.069999694824219,0.0,1100
2022-09-12,10.069999694824219,10.069999694824219,0.0,10.069999694824219,10.069999694824219,10.069999694824219,0.0,0
2022-09-13,10.069999694824219,10.069999694824219,0.0,10.069999694824219,10.069999694824219,10.069999694824219,0.0,5600
2022-09-14,10.069999694824219,10.069999694824219,0.0,10.069999694824219,10.069999694824219,10.069999694824219,0.0,0
2022-09-15,10.069999694824219,10.069999694824219,0.0,10.071999549865723,10.069999694824219,10.069999694824219,0.0,1100
2022-09-16,10.069999694824219,10.069999694824219,0.0,10.069999694824219,10.069999694824219,10.069999694824219,0.0,0
2022-09-19,10.069999694824219,10.069999694824219,0.0,10.069999694824219,10.069999694824219,10.069999694824219,0.0,900
2022-09-20,10.0600004196167,10.0600004196167,0.0,10.0600004196167,10.0600004196167,10.0600004196167,0.0,600
2022-09-21,10.029999732971191,10.029999732971191,0.0,10.039999961853027,10.029999732971191,10.039999961853027,0.0,2600
2022-09-22,9.989999771118164,9.989999771118164,0.0,10.010000228881836,9.970000267028809,10.010000228881836,0.0,23100
2022-09-23,9.989999771118164,9.989999771118164,0.0,9.989999771118164,9.979999542236328,9.979999542236328,0.0,5900
2022-09-26,10.020000457763672,10.020000457763672,0.0,10.260000228881836,10.020000457763672,10.109999656677246,0.0,93200
2022-09-27,10.010000228881836,10.010000228881836,0.0,10.020000457763672,10.0,10.020000457763672,0.0,12800
2022-09-28,10.010000228881836,10.010000228881836,0.0,10.010000228881836,10.005999565124512,10.010000228881836,0.0,13200
2022-09-29,10.0,10.0,0.0,10.010000228881836,10.0,10.010000228881836,0.0,7500
2022-09-30,10.0,10.0,0.0,10.020000457763672,10.0,10.020000457763672,0.0,4100
2022-10-03,10.020000457763672,10.020000457763672,0.0,10.050000190734863,10.0,10.020000457763672,0.0,27500
2022-10-04,10.029999732971191,10.029999732971191,0.0,10.029999732971191,10.020000457763672,10.020000457763672,0.0,10200
2022-10-05,10.020000457763672,10.020000457763672,0.0,10.020000457763672,10.020000457763672,10.020000457763672,0.0,1700
2022-10-06,10.020000457763672,10.020000457763672,0.0,10.020000457763672,10.020000457763672,10.020000457763672,0.0,400
2022-10-07,10.020000457763672,10.020000457763672,0.0,10.020000457763672,10.010000228881836,10.020000457763672,0.0,2400
2022-10-10,10.010000228881836,10.010000228881836,0.0,10.010000228881836,10.010000228881836,10.010000228881836,0.0,200
2022-10-11,10.020000457763672,10.020000457763672,0.0,10.020000457763672,10.020000457763672,10.020000457763672,0.0,3000
2022-10-12,10.020000457763672,10.020000457763672,0.0,10.024999618530273,10.020000457763672,10.024999618530273,0.0,200
2022-10-13,10.020000457763672,10.020000457763672,0.0,10.020000457763672,10.020000457763672,10.020000457763672,0.0,1200
2022-10-14,10.020000457763672,10.020000457763672,0.0,10.020000457763672,10.020000457763672,10.020000457763672,0.0,300
2022-10-17,10.020000457763672,10.020000457763672,0.0,10.029999732971191,10.020000457763672,10.029999732971191,0.0,1200
2022-10-18,10.020000457763672,10.020000457763672,0.0,10.020000457763672,10.020000457763672,10.020000457763672,0.0,100
2022-10-19,10.020000457763672,10.020000457763672,0.0,10.020000457763672,10.020000457763672,10.020000457763672,0.0,0
2022-10-20,10.050000190734863,10.050000190734863,0.0,10.052000045776367,10.050000190734863,10.050000190734863,0.0,11600
2022-10-21,10.0600004196167,10.0600004196167,0.0,10.0600004196167,10.050000190734863,10.050000190734863,0.0,20900
2022-10-24,10.0600004196167,10.0600004196167,0.0,10.0600004196167,10.0600004196167,10.0600004196167,0.0,6700
2022-10-25,10.069999694824219,10.069999694824219,0.0,10.100000381469727,10.069999694824219,10.100000381469727,0.0,600
2022-10-26,10.09000015258789,10.09000015258789,0.0,10.09000015258789,10.069999694824219,10.069999694824219,0.0,41500
2022-10-27,10.09000015258789,10.09000015258789,0.0,10.09000015258789,10.0600004196167,10.0600004196167,0.0,8200
2022-10-28,10.09000015258789,10.09000015258789,0.0,10.09000015258789,10.09000015258789,10.09000015258789,0.0,0
2022-10-31,10.09000015258789,10.09000015258789,0.0,10.09000015258789,10.09000015258789,10.09000015258789,0.0,0
2022-11-01,10.0600004196167,10.0600004196167,0.0,10.069999694824219,10.0600004196167,10.0600004196167,0.0,8800
2022-11-02,10.079999923706055,10.079999923706055,0.0,10.09000015258789,10.079999923706055,10.09000015258789,0.0,1500
2022-11-03,10.079999923706055,10.079999923706055,0.0,10.079999923706055,10.079999923706055,10.079999923706055,0.0,0
2022-11-04,10.09000015258789,10.09000015258789,0.0,10.09000015258789,10.079999923706055,10.079999923706055,0.0,4300
2022-11-07,10.09000015258789,10.09000015258789,0.0,10.09000015258789,10.09000015258789,10.09000015258789,0.0,1400
2022-11-08,10.09000015258789,10.09000015258789,0.0,10.09000015258789,10.09000015258789,10.09000015258789,0.0,2300
2022-11-09,10.09000015258789,10.09000015258789,0.0,10.09000015258789,10.09000015258789,10.09000015258789,0.0,0
2022-11-10,10.079999923706055,10.079999923706055,0.0,10.09000015258789,10.079999923706055,10.09000015258789,0.0,2200
2022-11-11,10.079999923706055,10.079999923706055,0.0,10.079999923706055,10.079999923706055,10.079999923706055,0.0,1500
2022-11-14,10.09000015258789,10.09000015258789,0.0,10.09000015258789,10.09000015258789,10.09000015258789,0.0,100
2022-11-15,10.100000381469727,10.100000381469727,0.0,10.109999656677246,10.09000015258789,10.09000015258789,0.0,2700
2022-11-16,10.100000381469727,10.100000381469727,0.0,10.100000381469727,10.100000381469727,10.100000381469727,0.0,7600
2022-11-17,10.100000381469727,10.100000381469727,0.0,10.100000381469727,10.079999923706055,10.079999923706055,0.0,700
2022-11-18,10.109999656677246,10.109999656677246,0.0,10.109999656677246,10.097999572753906,10.097999572753906,0.0,1500
2022-11-21,10.109999656677246,10.109999656677246,0.0,10.109999656677246,10.109999656677246,10.109999656677246,0.0,100
2022-11-22,10.109999656677246,10.109999656677246,0.0,10.109999656677246,10.109999656677246,10.109999656677246,0.0,200
2022-11-23,10.119999885559082,10.119999885559082,0.0,10.119999885559082,10.109999656677246,10.109999656677246,0.0,3200
2022-11-25,10.130000114440918,10.130000114440918,0.0,10.130000114440918,10.130000114440918,10.130000114440918,0.0,8200
2022-11-28,10.119999885559082,10.119999885559082,0.0,10.130000114440918,10.109999656677246,10.109999656677246,0.0,5500
2022-11-29,10.119999885559082,10.119999885559082,0.0,10.119999885559082,10.119999885559082,10.119999885559082,0.0,0
2022-11-30,10.119999885559082,10.119999885559082,0.0,10.119999885559082,10.109999656677246,10.109999656677246,0.0,2500
2022-12-01,10.109999656677246,10.109999656677246,0.0,10.109999656677246,10.109999656677246,10.109999656677246,0.0,1700
2022-12-02,10.119999885559082,10.119999885559082,0.0,10.119999885559082,10.119999885559082,10.119999885559082,0.0,12800
2022-12-05,10.119999885559082,10.119999885559082,0.0,10.12399959564209,10.100000381469727,10.119999885559082,0.0,17500
2022-12-06,10.119999885559082,10.119999885559082,0.0,10.119999885559082,10.119999885559082,10.119999885559082,0.0,1800
2022-12-07,10.239999771118164,10.239999771118164,0.0,10.305000305175781,9.9399995803833,10.182999610900879,0.0,8500
2022-12-08,10.149999618530273,10.149999618530273,0.0,10.25,10.149999618530273,10.25,0.0,900
2022-12-09,10.149999618530273,10.149999618530273,0.0,10.149999618530273,10.149999618530273,10.149999618530273,0.0,0
2022-12-12,10.149999618530273,10.149999618530273,0.0,10.149999618530273,10.149999618530273,10.149999618530273,0.0,0
2022-12-13,10.100000381469727,10.100000381469727,0.0,10.100000381469727,10.100000381469727,10.100000381469727,0.0,44900
2022-12-14,10.100000381469727,10.100000381469727,0.0,10.100000381469727,10.100000381469727,10.100000381469727,0.0,100
2022-12-15,10.100000381469727,10.100000381469727,0.0,10.100000381469727,10.100000381469727,10.100000381469727,0.0,0
2022-12-16,10.100000381469727,10.100000381469727,0.0,10.100000381469727,10.100000381469727,10.100000381469727,0.0,0
2022-12-19,10.09000015258789,10.09000015258789,0.0,10.100000381469727,9.600000381469727,10.0600004196167,0.0,17700
2022-12-20,9.9399995803833,9.9399995803833,0.0,10.050000190734863,9.9399995803833,9.960000038146973,0.0,6000
2022-12-21,9.899999618530273,9.899999618530273,0.0,10.029999732971191,9.729999542236328,9.949999809265137,0.0,119700
2022-12-22,9.979999542236328,9.979999542236328,0.0,9.989999771118164,9.920000076293945,9.949999809265137,0.0,3900
2022-12-23,9.949999809265137,9.949999809265137,0.0,10.140000343322754,9.949999809265137,9.989999771118164,0.0,6500
2022-12-27,9.949999809265137,9.949999809265137,0.0,9.949999809265137,9.949999809265137,9.949999809265137,0.0,0
2022-12-28,9.920000076293945,9.920000076293945,0.0,9.920000076293945,9.920000076293945,9.920000076293945,0.0,1100
2022-12-29,9.979999542236328,9.979999542236328,0.0,9.979999542236328,9.970000267028809,9.970000267028809,0.0,500
2022-12-30,10.069999694824219,10.069999694824219,0.0,10.220000267028809,9.989999771118164,9.989999771118164,0.0,12000
2023-01-03,10.069999694824219,10.069999694824219,0.0,10.069999694824219,10.069999694824219,10.069999694824219,0.0,0
2023-01-04,10.069999694824219,10.069999694824219,0.0,10.069999694824219,10.069999694824219,10.069999694824219,0.0,0
2023-01-05,10.149999618530273,10.149999618530273,0.0,10.149999618530273,10.010000228881836,10.010000228881836,0.0,13700
2023-01-06,10.020000457763672,10.020000457763672,0.0,10.050000190734863,10.020000457763672,10.050000190734863,0.0,1100
2023-01-09,10.112000465393066,10.112000465393066,0.0,10.112000465393066,10.079999923706055,10.079999923706055,0.0,2100
2023-01-10,10.112000465393066,10.112000465393066,0.0,10.112000465393066,10.112000465393066,10.112000465393066,0.0,100
2023-01-11,10.112000465393066,10.112000465393066,0.0,10.112000465393066,10.112000465393066,10.112000465393066,0.0,100
2023-01-12,10.112000465393066,10.112000465393066,0.0,10.112000465393066,10.112000465393066,10.112000465393066,0.0,0
2023-01-13,10.112000465393066,10.112000465393066,0.0,10.112000465393066,10.112000465393066,10.112000465393066,0.0,0
2023-01-17,10.138999938964844,10.138999938964844,0.0,10.149999618530273,10.100000381469727,10.100000381469727,0.0,4300
2023-01-18,10.109999656677246,10.109999656677246,0.0,10.130000114440918,10.100000381469727,10.100000381469727,0.0,6200
2023-01-19,10.109999656677246,10.109999656677246,0.0,10.109999656677246,10.109999656677246,10.109999656677246,0.0,0
2023-01-20,10.109999656677246,10.109999656677246,0.0,10.109999656677246,10.109999656677246,10.109999656677246,0.0,0
2023-01-23,10.109999656677246,10.109999656677246,0.0,10.109999656677246,10.109999656677246,10.109999656677246,0.0,0
2023-01-24,10.109999656677246,10.109999656677246,0.0,10.109999656677246,10.109999656677246,10.109999656677246,0.0,0
2023-01-25,10.109999656677246,10.109999656677246,0.0,10.109999656677246,10.109999656677246,10.109999656677246,0.0,1000
2023-01-26,10.109999656677246,10.109999656677246,0.0,10.109999656677246,10.109999656677246,10.109999656677246,0.0,2700
2023-01-27,10.109999656677246,10.109999656677246,0.0,10.109999656677246,10.109999656677246,10.109999656677246,0.0,0
2023-01-30,10.119999885559082,10.119999885559082,0.0,10.119999885559082,10.119999885559082,10.119999885559082,0.0,100
2023-01-31,10.119999885559082,10.119999885559082,0.0,10.119999885559082,10.119999885559082,10.119999885559082,0.0,0
2023-02-01,10.130000114440918,10.130000114440918,0.0,10.130000114440918,10.130000114440918,10.130000114440918,0.0,200
2023-02-02,10.130000114440918,10.130000114440918,0.0,10.130000114440918,10.130000114440918,10.130000114440918,0.0,0
2023-02-03,10.140000343322754,10.140000343322754,0.0,10.140000343322754,10.140000343322754,10.140000343322754,0.0,300
2023-02-06,10.140000343322754,10.140000343322754,0.0,10.140000343322754,10.140000343322754,10.140000343322754,0.0,0
2023-02-07,10.140000343322754,10.140000343322754,0.0,10.140000343322754,10.140000343322754,10.140000343322754,0.0,400
2023-02-08,10.229999542236328,10.229999542236328,0.0,10.279999732971191,10.170000076293945,10.170000076293945,0.0,1700
2023-02-09,10.199999809265137,10.199999809265137,0.0,10.199999809265137,10.1899995803833,10.1899995803833,0.0,600
2023-02-10,10.199999809265137,10.199999809265137,0.0,10.199999809265137,10.199999809265137,10.199999809265137,0.0,400
2023-02-13,10.239999771118164,10.239999771118164,0.0,10.239999771118164,10.239999771118164,10.239999771118164,0.0,300
2023-02-14,10.180000305175781,10.180000305175781,0.0,10.199999809265137,10.149999618530273,10.180000305175781,0.0,18800
2023-02-15,10.15999984741211,10.15999984741211,0.0,10.239999771118164,10.149999618530273,10.1899995803833,0.0,35100
2023-02-16,10.199999809265137,10.199999809265137,0.0,10.210000038146973,10.1899995803833,10.199999809265137,0.0,4000
2023-02-17,10.199999809265137,10.199999809265137,0.0,10.21500015258789,10.180000305175781,10.199999809265137,0.0,5600
2023-02-21,10.199999809265137,10.199999809265137,0.0,10.199999809265137,10.199999809265137,10.199999809265137,0.0,0
2023-02-22,10.1899995803833,10.1899995803833,0.0,10.1899995803833,10.180000305175781,10.1899995803833,0.0,5300
2023-02-23,10.369999885559082,10.369999885559082,0.0,10.739999771118164,10.210000038146973,10.210000038146973,0.0,80400
2023-02-24,10.24899959564209,10.24899959564209,0.0,10.319999694824219,10.210000038146973,10.260000228881836,0.0,12900
2023-02-27,10.239999771118164,10.239999771118164,0.0,10.449999809265137,10.220000267028809,10.25,0.0,5200
2023-02-28,10.260000228881836,10.260000228881836,0.0,10.270000457763672,10.220000267028809,10.270000457763672,0.0,24600
2023-03-01,10.414999961853027,10.414999961853027,0.0,11.489999771118164,10.300000190734863,10.369999885559082,0.0,92900
2023-03-02,10.270000457763672,10.270000457763672,0.0,10.517000198364258,10.1899995803833,10.5,0.0,16700
2023-03-03,9.479999542236328,9.479999542236328,0.0,10.020000457763672,8.779999732971191,10.020000457763672,0.0,38900
2023-03-06,11.484000205993652,11.484000205993652,0.0,13.470000267028809,9.0,9.199999809265137,0.0,142800
2023-03-07,9.5,9.5,0.0,11.75,9.28499984741211,11.109999656677246,0.0,50800
2023-03-08,9.220000267028809,9.220000267028809,0.0,9.890000343322754,9.010000228881836,9.399999618530273,0.0,19500
2023-03-09,9.380000114440918,9.380000114440918,0.0,9.890000343322754,8.039999961853027,9.010000228881836,0.0,81900
2023-03-10,9.640000343322754,9.640000343322754,0.0,10.5,8.100000381469727,8.479999542236328,0.0,57400
2023-03-13,8.819999694824219,8.819999694824219,0.0,9.550000190734863,8.399999618530273,8.430000305175781,0.0,26600
2023-03-14,9.9399995803833,9.9399995803833,0.0,10.979999542236328,9.0,9.100000381469727,0.0,82400
2023-03-15,4.099999904632568,4.099999904632568,0.0,5.599999904632568,3.630000114440918,4.5,0.0,732700
2023-03-16,4.070000171661377,4.070000171661377,0.0,5.510000228881836,3.7699999809265137,4.25,0.0,1356400
2023-03-17,2.680000066757202,2.680000066757202,0.0,3.700000047683716,2.575000047683716,3.5899999141693115,0.0,401500
2023-03-20,1.9500000476837158,1.9500000476837158,0.0,2.2200000286102295,1.8300000429153442,2.1500000953674316,0.0,368000
2023-03-21,1.8300000429153442,1.8300000429153442,0.0,2.0399999618530273,1.7799999713897705,1.9600000381469727,0.0,278700
2023-03-22,1.7000000476837158,1.7000000476837158,0.0,1.7699999809265137,1.5800000429153442,1.75,0.0,207500
2023-03-23,1.899999976158142,1.899999976158142,0.0,2.5999999046325684,1.6799999475479126,1.7699999809265137,0.0,6267300
2023-03-24,1.909999966621399,1.909999966621399,0.0,1.940000057220459,1.7690000534057617,1.8200000524520874,0.0,396500
2023-03-27,1.8200000524520874,1.8200000524520874,0.0,1.940000057220459,1.6699999570846558,1.8700000047683716,0.0,250900
2023-03-28,1.659999966621399,1.659999966621399,0.0,1.8049999475479126,1.6299999952316284,1.7999999523162842,0.0,90400
2023-03-29,1.5299999713897705,1.5299999713897705,0.0,1.7000000476837158,1.5,1.659999966621399,0.0,138800
2023-03-30,1.5099999904632568,1.5099999904632568,0.0,1.6299999952316284,1.4600000381469727,1.5299999713897705,0.0,229500
2023-03-31,1.809999942779541,1.809999942779541,0.0,2.049999952316284,1.4199999570846558,1.5499999523162842,0.0,988500
2023-04-03,1.9700000286102295,1.9700000286102295,0.0,2.0899999141693115,1.6799999475479126,1.7599999904632568,0.0,313800
2023-04-04,1.840000033378601,1.840000033378601,0.0,2.497999906539917,1.840000033378601,2.049999952316284,0.0,886600
2023-04-05,1.5700000524520874,1.5700000524520874,0.0,1.9010000228881836,1.2999999523162842,1.8700000047683716,0.0,297800
2023-04-06,1.5,1.5,0.0,1.6480000019073486,1.350000023841858,1.5299999713897705,0.0,86100
2023-04-10,1.440000057220459,1.440000057220459,0.0,1.4900000095367432,1.3600000143051147,1.4800000190734863,0.0,103700
2023-04-11,1.3300000429153442,1.3300000429153442,0.0,1.440000057220459,1.2100000381469727,1.4199999570846558,0.0,137300
2023-04-12,1.600000023841858,1.600000023841858,0.0,1.6399999856948853,1.2899999618530273,1.3600000143051147,0.0,4023600
2023-04-13,7.130000114440918,7.130000114440918,0.0,9.729999542236328,2.700000047683716,2.75,0.0,163777400
2023-04-14,13.850000381469727,13.850000381469727,0.0,21.0,11.5,18.75,0.0,38025200
2023-04-17,12.449999809265137,12.449999809265137,0.0,12.5,9.0,12.100000381469727,0.0,8132600
2023-04-18,10.199999809265137,10.199999809265137,0.0,12.960000038146973,10.199999809265137,11.180000305175781,0.0,4327100
2023-04-19,11.270000457763672,11.270000457763672,0.0,12.5,9.5600004196167,9.649999618530273,0.0,9592300
2023-04-20,10.770000457763672,10.770000457763672,0.0,12.449999809265137,10.420000076293945,11.199999809265137,0.0,3976000
2023-04-21,8.069999694824219,8.069999694824219,0.0,10.949999809265137,8.0,10.5,0.0,1392200
2023-04-24,6.289999961853027,6.289999961853027,0.0,8.75,6.261000156402588,8.0600004196167,0.0,1407800
2023-04-25,12.5,12.5,0.0,13.65999984741211,8.050000190734863,8.640000343322754,0.0,53815000
2023-04-26,9.270000457763672,9.270000457763672,0.0,11.600000381469727,9.010000228881836,11.520000457763672,0.0,6512300
2023-04-27,10.100000381469727,10.100000381469727,0.0,12.149999618530273,8.5600004196167,8.59000015258789,0.0,7425200
2023-04-28,12.59000015258789,12.59000015258789,0.0,17.639999389648438,10.100000381469727,10.880000114440918,0.0,15931500
2023-05-01,13.140000343322754,13.140000343322754,0.0,16.0,12.609999656677246,13.890000343322754,0.0,4487600
2023-05-02,13.279999732971191,13.279999732971191,0.0,14.989999771118164,12.251999855041504,13.949999809265137,0.0,1496400
2023-05-03,10.300000190734863,10.300000190734863,0.0,12.836000442504883,10.0,12.630000114440918,0.0,1196800
2023-05-04,10.680000305175781,10.680000305175781,0.0,12.140000343322754,10.399999618530273,11.199999809265137,0.0,994000
2023-05-05,10.470000267028809,10.470000267028809,0.0,10.800000190734863,10.0,10.800000190734863,0.0,668100
2023-05-08,9.520000457763672,9.520000457763672,0.0,11.197999954223633,9.199999809265137,10.65999984741211,0.0,837500
2023-05-09,9.149999618530273,9.149999618530273,0.0,9.720000267028809,8.90999984741211,9.619999885559082,0.0,361800
2023-05-10,8.270000457763672,8.270000457763672,0.0,9.0,7.900000095367432,8.850000381469727,0.0,414200
2023-05-11,7.929999828338623,7.929999828338623,0.0,8.369999885559082,7.75,8.369999885559082,0.0,234400
2023-05-12,8.550000190734863,8.550000190734863,0.0,8.600000381469727,7.25,8.140000343322754,0.0,447600
2023-05-15,8.609999656677246,8.609999656677246,0.0,9.279999732971191,7.729000091552734,8.100000381469727,0.0,919000
2023-05-16,8.130000114440918,8.130000114440918,0.0,8.850000381469727,7.821000099182129,8.649999618530273,0.0,283200
2023-05-17,7.170000076293945,7.170000076293945,0.0,8.199999809265137,7.050000190734863,7.96999979019165,0.0,528000
2023-05-18,7.360000133514404,7.360000133514404,0.0,8.100000381469727,7.239999771118164,7.400000095367432,0.0,771500
2023-05-19,7.199999809265137,7.199999809265137,0.0,7.360000133514404,7.010000228881836,7.150000095367432,0.0,274800
2023-05-22,7.559999942779541,7.559999942779541,0.0,8.220000267028809,6.829999923706055,7.239999771118164,0.0,777600
2023-05-23,7.260000228881836,7.260000228881836,0.0,7.889999866485596,7.079999923706055,7.599999904632568,0.0,264100
2023-05-24,6.96999979019165,6.96999979019165,0.0,7.21999979019165,6.800000190734863,7.059999942779541,0.0,233000
2023-05-25,6.599999904632568,6.599999904632568,0.0,7.328000068664551,6.329999923706055,7.179999828338623,0.0,480700
2023-05-26,7.289999961853027,7.289999961853027,0.0,7.760000228881836,6.369999885559082,6.460000038146973,0.0,859000
2023-05-30,11.199999809265137,11.199999809265137,0.0,11.970000267028809,7.179999828338623,7.510000228881836,0.0,5189000
2023-05-31,12.300000190734863,12.300000190734863,0.0,15.600000381469727,9.800000190734863,10.949999809265137,0.0,23129900
2023-06-01,10.789999961853027,10.789999961853027,0.0,12.739999771118164,10.600000381469727,11.210000038146973,0.0,2945200
2023-06-02,9.979999542236328,9.979999542236328,0.0,11.449999809265137,9.390000343322754,11.350000381469727,0.0,773600
2023-06-05,11.529999732971191,11.529999732971191,0.0,13.149999618530273,10.0,10.170000076293945,0.0,5943700
2023-06-06,11.800000190734863,11.800000190734863,0.0,12.25,10.510000228881836,11.069999694824219,0.0,2605100
2023-06-07,11.270000457763672,11.270000457763672,0.0,13.6899995803833,11.199999809265137,12.149999618530273,0.0,3135600
2023-06-08,11.140000343322754,11.140000343322754,0.0,11.789999961853027,10.640000343322754,11.199999809265137,0.0,805800
2023-06-09,11.359999656677246,11.359999656677246,0.0,12.0,10.800000190734863,11.380000114440918,0.0,1016000
2023-06-12,10.789999961853027,10.789999961853027,0.0,11.300000190734863,10.28499984741211,11.220000267028809,0.0,434800
2023-06-13,11.359999656677246,11.359999656677246,0.0,12.5,10.149999618530273,10.6899995803833,0.0,2519800
2023-06-14,10.600000381469727,10.600000381469727,0.0,11.600000381469727,10.5,11.0,0.0,847200
2023-06-15,11.239999771118164,11.239999771118164,0.0,12.130000114440918,10.503999710083008,10.600000381469727,0.0,1510600
2023-06-16,11.029999732971191,11.029999732971191,0.0,11.569999694824219,10.75,11.239999771118164,0.0,627000
2023-06-20,13.600000381469727,13.600000381469727,0.0,14.140000343322754,10.800000190734863,10.930000305175781,0.0,2728600
2023-06-21,11.899999618530273,11.899999618530273,0.0,13.489999771118164,10.949999809265137,13.180000305175781,0.0,1244800
2023-06-22,11.890000343322754,11.890000343322754,0.0,12.0,11.199999809265137,11.800000190734863,0.0,780600
2023-06-23,10.600000381469727,10.600000381469727,0.0,11.699999809265137,10.319999694824219,11.699999809265137,0.0,939900
2023-06-26,9.670000076293945,9.670000076293945,0.0,11.300000190734863,9.65999984741211,10.5600004196167,0.0,766800
2023-06-27,9.289999961853027,9.289999961853027,0.0,9.979999542236328,9.119000434875488,9.899999618530273,0.0,781000
2023-06-28,10.479999542236328,10.479999542236328,0.0,10.619999885559082,9.289999961853027,9.289999961853027,0.0,1055100
2023-06-29,10.449999809265137,10.449999809265137,0.0,10.699999809265137,9.90999984741211,10.15999984741211,0.0,390500
2023-06-30,10.920000076293945,10.920000076293945,0.0,11.25,10.420000076293945,10.5600004196167,0.0,577900
2023-07-03,10.579999923706055,10.579999923706055,0.0,11.0,10.399999618530273,11.0,0.0,228400
2023-07-05,10.609999656677246,10.609999656677246,0.0,11.3100004196167,10.420000076293945,10.579999923706055,0.0,639500
2023-07-06,10.510000228881836,10.510000228881836,0.0,10.520000457763672,9.880000114440918,10.460000038146973,0.0,303700
2023-07-07,10.229999542236328,10.229999542236328,0.0,10.529999732971191,9.779999732971191,10.300000190734863,0.0,526600
2023-07-10,9.550000190734863,9.550000190734863,0.0,9.949999809265137,9.149999618530273,9.850000381469727,0.0,617900
2023-07-11,9.579999923706055,9.579999923706055,0.0,10.199999809265137,9.5,9.609999656677246,0.0,475400
2023-07-12,9.609999656677246,9.609999656677246,0.0,9.8100004196167,9.229999542236328,9.8100004196167,0.0,289600
2023-07-13,9.65999984741211,9.65999984741211,0.0,10.09000015258789,9.449999809265137,9.539999961853027,0.0,373400
2023-07-14,8.1899995803833,8.1899995803833,0.0,9.699999809265137,8.140000343322754,9.699999809265137,0.0,955300
2023-07-17,8.539999961853027,8.539999961853027,0.0,8.789999961853027,8.225000381469727,8.40999984741211,0.0,362000
2023-07-18,7.985000133514404,7.985000133514404,0.0,8.5600004196167,7.650000095367432,8.5600004196167,0.0,769000
2023-07-19,7.650000095367432,7.650000095367432,0.0,8.1899995803833,7.590000152587891,8.149999618530273,0.0,424300
2023-07-20,7.059999942779541,7.059999942779541,0.0,7.75,6.869999885559082,7.539999961853027,0.0,716200
2023-07-21,7.210000038146973,7.210000038146973,0.0,8.199999809265137,7.130000114440918,7.210000038146973,0.0,1661400
2023-07-24,6.869999885559082,6.869999885559082,0.0,7.177999973297119,6.849999904632568,7.019999980926514,0.0,309800
2023-07-25,6.96999979019165,6.96999979019165,0.0,7.138000011444092,6.683000087738037,6.889999866485596,0.0,655100
2023-07-26,6.650000095367432,6.650000095367432,0.0,6.90500020980835,6.460000038146973,6.849999904632568,0.0,477900
2023-07-27,6.28000020980835,6.28000020980835,0.0,6.925000190734863,6.099999904632568,6.800000190734863,0.0,727000
2023-07-28,6.53000020980835,6.53000020980835,0.0,6.659999847412109,6.199999809265137,6.28000020980835,0.0,489500
2023-07-31,6.690000057220459,6.690000057220459,0.0,6.690000057220459,6.289999961853027,6.5,0.0,309800
2023-08-01,7.510000228881836,7.510000228881836,0.0,7.839000225067139,6.559999942779541,6.570000171661377,0.0,1389600
2023-08-02,7.130000114440918,7.130000114440918,0.0,7.400000095367432,6.75,7.21999979019165,0.0,410800
2023-08-03,7.650000095367432,7.650000095367432,0.0,8.079999923706055,7.0,7.019999980926514,0.0,655700
2023-08-04,7.320000171661377,7.320000171661377,0.0,7.849999904632568,7.210000038146973,7.820000171661377,0.0,318700
2023-08-07,6.769999980926514,6.769999980926514,0.0,7.269999980926514,6.550000190734863,7.269999980926514,0.0,318600
2023-08-08,6.480000019073486,6.480000019073486,0.0,6.699999809265137,6.369999885559082,6.659999847412109,0.0,157700
2023-08-09,6.309999942779541,6.309999942779541,0.0,6.590000152587891,6.230000019073486,6.53000020980835,0.0,141300
2023-08-10,6.75,6.75,0.0,6.909999847412109,6.320000171661377,6.320000171661377,0.0,228900
2023-08-11,6.650000095367432,6.650000095367432,0.0,6.920000076293945,6.5,6.5,0.0,177200
2023-08-14,6.130000114440918,6.130000114440918,0.0,6.630000114440918,6.070000171661377,6.630000114440918,0.0,217800
2023-08-15,6.079999923706055,6.079999923706055,0.0,6.489999771118164,6.079999923706055,6.289999961853027,0.0,212200
2023-08-16,4.960000038146973,4.960000038146973,0.0,6.099999904632568,4.900000095367432,6.019999980926514,0.0,397700
2023-08-17,4.340000152587891,4.340000152587891,0.0,5.010000228881836,4.309999942779541,5.0,0.0,326700
2023-08-18,4.110000133514404,4.110000133514404,0.0,4.320000171661377,4.059999942779541,4.199999809265137,0.0,175200
2023-08-21,4.679999828338623,4.679999828338623,0.0,4.789999961853027,4.0,4.150000095367432,0.0,260100
2023-08-22,4.679999828338623,4.679999828338623,0.0,4.769999980926514,4.449999809265137,4.760000228881836,0.0,178400
2023-08-23,4.670000076293945,4.670000076293945,0.0,4.788000106811523,4.380000114440918,4.53000020980835,0.0,213300
2023-08-24,4.400000095367432,4.400000095367432,0.0,4.78000020980835,4.329999923706055,4.78000020980835,0.0,157900
2023-08-25,4.429999828338623,4.429999828338623,0.0,4.460000038146973,4.168000221252441,4.409999847412109,0.0,111800
2023-08-28,4.590000152587891,4.590000152587891,0.0,4.690000057220459,4.360000133514404,4.400000095367432,0.0,118500
2023-08-29,4.699999809265137,4.699999809265137,0.0,4.929999828338623,4.409999847412109,4.5,0.0,134200
2023-08-30,4.5,4.5,0.0,4.900000095367432,4.449999809265137,4.75,0.0,144100
2023-08-31,3.9700000286102295,3.9700000286102295,0.0,4.427999973297119,3.880000114440918,4.389999866485596,0.0,372600
2023-09-01,3.1500000953674316,3.1500000953674316,0.0,3.9700000286102295,2.9200000762939453,3.9700000286102295,0.0,1218100
2023-09-05,4.809999942779541,4.809999942779541,0.0,5.690000057220459,3.0999999046325684,3.109999895095825,0.0,11513600
2023-09-06,3.75,3.75,0.0,4.659999847412109,3.5799999237060547,4.570000171661377,0.0,1820800
2023-09-07,3.490000009536743,3.490000009536743,0.0,3.7100000381469727,3.319999933242798,3.6500000953674316,0.0,423400
2023-09-08,3.2799999713897705,3.2799999713897705,0.0,3.609999895095825,3.25,3.4100000858306885,0.0,411800
2023-09-11,2.319999933242798,2.319999933242798,0.0,2.881999969482422,2.240000009536743,2.880000114440918,0.0,2908100
2023-09-12,1.8300000429153442,1.8300000429153442,0.0,1.9800000190734863,1.75,1.9700000286102295,0.0,3666800
2023-09-13,1.9600000381469727,1.9600000381469727,0.0,2.259999990463257,1.8899999856948853,1.909999966621399,0.0,5587700
2023-09-14,1.909999966621399,1.909999966621399,0.0,2.0199999809265137,1.7000000476837158,1.899999976158142,0.0,1400500
2023-09-15,1.8300000429153442,1.8300000429153442,0.0,1.899999976158142,1.7699999809265137,1.899999976158142,0.0,943300
2023-09-18,1.7200000286102295,1.7200000286102295,0.0,1.850000023841858,1.7000000476837158,1.7699999809265137,0.0,901800
2023-09-19,1.6799999475479126,1.6799999475479126,0.0,1.7799999713897705,1.6200000047683716,1.6799999475479126,0.0,766100
2023-09-20,1.6799999475479126,1.6799999475479126,0.0,1.75,1.649999976158142,1.690000057220459,0.0,430700
2023-09-21,1.590000033378601,1.590000033378601,0.0,1.7100000381469727,1.559999942779541,1.659999966621399,0.0,587000
2023-09-22,1.5499999523162842,1.5499999523162842,0.0,1.7200000286102295,1.5099999904632568,1.6299999952316284,0.0,1005900
2023-09-25,1.590000033378601,1.590000033378601,0.0,1.7100000381469727,1.5199999809265137,1.5299999713897705,0.0,631600
2023-09-26,1.4950000047683716,1.4950000047683716,0.0,1.5679999589920044,1.2899999618530273,1.5299999713897705,0.0,712000
2023-09-27,1.5499999523162842,1.5499999523162842,0.0,1.590000033378601,1.4800000190734863,1.590000033378601,0.0,805200
2023-09-28,1.690000057220459,1.690000057220459,0.0,1.8049999475479126,1.5210000276565552,1.7000000476837158,0.0,2055800
2023-09-29,1.809999942779541,1.809999942779541,0.0,1.8700000047683716,1.6299999952316284,1.6299999952316284,0.0,1138300
2023-10-02,1.7999999523162842,1.7999999523162842,0.0,1.9700000286102295,1.690000057220459,1.899999976158142,0.0,964200
2023-10-03,1.7300000190734863,1.7300000190734863,0.0,1.8300000429153442,1.7200000286102295,1.7899999618530273,0.0,444300
2023-10-04,1.690000057220459,1.690000057220459,0.0,1.7899999618530273,1.659999966621399,1.7200000286102295,0.0,330900
2023-10-05,1.7699999809265137,1.7699999809265137,0.0,1.7699999809265137,1.649999976158142,1.7200000286102295,0.0,325000
2023-10-06,1.6799999475479126,1.6799999475479126,0.0,1.809999942779541,1.6299999952316284,1.75,0.0,587800
2023-10-09,1.6299999952316284,1.6299999952316284,0.0,1.7699999809265137,1.590000033378601,1.6799999475479126,0.0,290400
2023-10-10,1.6299999952316284,1.6299999952316284,0.0,1.6699999570846558,1.6050000190734863,1.649999976158142,0.0,250600
2023-10-11,1.5399999618530273,1.5399999618530273,0.0,1.6699999570846558,1.5299999713897705,1.6299999952316284,0.0,393300
2023-10-12,1.5,1.5,0.0,1.590000033378601,1.4600000381469727,1.5399999618530273,0.0,238500
2023-10-13,1.5700000524520874,1.5700000524520874,0.0,1.5800000429153442,1.4800000190734863,1.5499999523162842,0.0,329800
2023-10-16,1.6399999856948853,1.6399999856948853,0.0,1.6799999475479126,1.5299999713897705,1.5800000429153442,0.0,359800
2023-10-17,1.6100000143051147,1.6100000143051147,0.0,1.649999976158142,1.600000023841858,1.6200000047683716,0.0,141400
2023-10-18,1.5299999713897705,1.5299999713897705,0.0,1.6200000047683716,1.5299999713897705,1.6200000047683716,0.0,253900
2023-10-19,1.3799999952316284,1.3799999952316284,0.0,1.559999942779541,1.350000023841858,1.5299999713897705,0.0,461600
2023-10-20,1.3350000381469727,1.3350000381469727,0.0,1.4199999570846558,1.2999999523162842,1.3799999952316284,0.0,269100
2023-10-23,1.309999942779541,1.309999942779541,0.0,1.409999966621399,1.2999999523162842,1.3600000143051147,0.0,242400
2023-10-24,1.3700000047683716,1.3700000047683716,0.0,1.4199999570846558,1.3309999704360962,1.350000023841858,0.0,215500
2023-10-25,1.350000023841858,1.350000023841858,0.0,1.468999981880188,1.340000033378601,1.3899999856948853,0.0,266900
2023-10-26,1.2699999809265137,1.2699999809265137,0.0,1.3600000143051147,1.25,1.350000023841858,0.0,334200
2023-10-27,1.2200000286102295,1.2200000286102295,0.0,1.2999999523162842,1.2000000476837158,1.2999999523162842,0.0,297500
2023-10-30,1.2300000190734863,1.2300000190734863,0.0,1.2599999904632568,1.1699999570846558,1.2200000286102295,0.0,266200
2023-10-31,1.2300000190734863,1.2300000190734863,0.0,1.25600004196167,1.1799999475479126,1.2000000476837158,0.0,275400
2023-11-01,1.2100000381469727,1.2100000381469727,0.0,1.2400000095367432,1.1799999475479126,1.2000000476837158,0.0,231700
2023-11-02,1.3799999952316284,1.3799999952316284,0.0,1.4500000476837158,1.2200000286102295,1.2200000286102295,0.0,897200
2023-11-03,1.5700000524520874,1.5700000524520874,0.0,1.6699999570846558,1.3799999952316284,1.399999976158142,0.0,1088300
2023-11-06,1.3899999856948853,1.3899999856948853,0.0,1.6399999856948853,1.350000023841858,1.6100000143051147,0.0,847800
2023-11-07,1.3799999952316284,1.3799999952316284,0.0,1.4600000381469727,1.3200000524520874,1.4600000381469727,0.0,336000
2023-11-08,1.2949999570846558,1.2949999570846558,0.0,1.3899999856948853,1.2599999904632568,1.3899999856948853,0.0,351900
2023-11-09,1.25,1.25,0.0,1.3300000429153442,1.2319999933242798,1.309999942779541,0.0,227500
2023-11-10,1.3600000143051147,1.3600000143051147,0.0,1.3600000143051147,1.2000000476837158,1.25,0.0,451100
2023-11-13,1.4800000190734863,1.4800000190734863,0.0,1.5199999809265137,1.3300000429153442,1.4299999475479126,0.0,673200
2023-11-14,1.399999976158142,1.399999976158142,0.0,1.6089999675750732,1.399999976158142,1.600000023841858,0.0,1019100
2023-11-15,1.4700000286102295,1.4700000286102295,0.0,1.649999976158142,1.4299999475479126,1.649999976158142,0.0,1065600
2023-11-16,1.3600000143051147,1.3600000143051147,0.0,1.5299999713897705,1.309999942779541,1.5299999713897705,0.0,372600
2023-11-17,1.3600000143051147,1.3600000143051147,0.0,1.3899999856948853,1.25,1.3899999856948853,0.0,369000
2023-11-20,1.5099999904632568,1.5099999904632568,0.0,1.5449999570846558,1.3700000047683716,1.399999976158142,0.0,562400
2023-11-21,1.4600000381469727,1.4600000381469727,0.0,1.4850000143051147,1.409999966621399,1.4700000286102295,0.0,162800
2023-11-22,1.409999966621399,1.409999966621399,0.0,1.5299999713897705,1.38100004196167,1.5,0.0,279800
2023-11-24,1.3700000047683716,1.3700000047683716,0.0,1.4199999570846558,1.350000023841858,1.399999976158142,0.0,111800
2023-11-27,1.3700000047683716,1.3700000047683716,0.0,1.409999966621399,1.350000023841858,1.3899999856948853,0.0,165000
2023-11-28,1.3600000143051147,1.3600000143051147,0.0,1.4320000410079956,1.340000033378601,1.340000033378601,0.0,186600
2023-11-29,1.3600000143051147,1.3600000143051147,0.0,1.440000057220459,1.3600000143051147,1.3899999856948853,0.0,277800
2023-11-30,1.3700000047683716,1.3700000047683716,0.0,1.399999976158142,1.350000023841858,1.3600000143051147,0.0,211600
2023-12-01,1.4900000095367432,1.4900000095367432,0.0,1.5470000505447388,1.350000023841858,1.3700000047683716,0.0,349400
2023-12-04,1.5,1.5,0.0,1.5399999618530273,1.4500000476837158,1.4600000381469727,0.0,317600
2023-12-05,1.4600000381469727,1.4600000381469727,0.0,1.590000033378601,1.4500000476837158,1.5099999904632568,0.0,244200
2023-12-06,1.4299999475479126,1.4299999475479126,0.0,1.5,1.3899999856948853,1.5,0.0,214300
2023-12-07,1.4199999570846558,1.4199999570846558,0.0,1.4700000286102295,1.3700000047683716,1.4500000476837158,0.0,165100
2023-12-08,1.399999976158142,1.399999976158142,0.0,1.440000057220459,1.3799999952316284,1.409999966621399,0.0,123900
2023-12-11,1.4299999475479126,1.4299999475479126,0.0,1.5,1.3600000143051147,1.4500000476837158,0.0,489300
2023-12-12,1.440000057220459,1.440000057220459,0.0,1.440000057220459,1.3600000143051147,1.4199999570846558,0.0,163100
2023-12-13,1.3799999952316284,1.3799999952316284,0.0,1.4500000476837158,1.3700000047683716,1.4500000476837158,0.0,143400
2023-12-14,1.409999966621399,1.409999966621399,0.0,1.4900000095367432,1.3899999856948853,1.3899999856948853,0.0,328700
2023-12-15,1.2999999523162842,1.2999999523162842,0.0,1.440000057220459,1.2300000190734863,1.4199999570846558,0.0,628200
2023-12-18,1.2899999618530273,1.2899999618530273,0.0,1.350000023841858,1.2799999713897705,1.340000033378601,0.0,371000
2023-12-19,1.3200000524520874,1.3200000524520874,0.0,1.3600000143051147,1.2899999618530273,1.2899999618530273,0.0,245200
2023-12-20,1.2899999618530273,1.2899999618530273,0.0,1.3600000143051147,1.25,1.309999942779541,0.0,434800
2023-12-21,1.2899999618530273,1.2899999618530273,0.0,1.3300000429153442,1.25,1.2999999523162842,0.0,186900
2023-12-22,1.350000023841858,1.350000023841858,0.0,1.3700000047683716,1.2699999809265137,1.2699999809265137,0.0,276200
2023-12-26,1.3700000047683716,1.3700000047683716,0.0,1.4299999475479126,1.309999942779541,1.340000033378601,0.0,304300
2023-12-27,1.340000033378601,1.340000033378601,0.0,1.409999966621399,1.3200000524520874,1.399999976158142,0.0,233400
2023-12-28,1.3600000143051147,1.3600000143051147,0.0,1.3899999856948853,1.3300000429153442,1.340000033378601,0.0,234300
2023-12-29,1.2899999618530273,1.2899999618530273,0.0,1.3799999952316284,1.2899999618530273,1.340000033378601,0.0,404600
2024-01-02,1.25,1.25,0.0,1.340000033378601,1.2300000190734863,1.340000033378601,0.0,540600
2024-01-03,1.2000000476837158,1.2000000476837158,0.0,1.2599999904632568,1.1699999570846558,1.2400000095367432,0.0,388400
2024-01-04,1.2000000476837158,1.2000000476837158,0.0,1.2300000190734863,1.1799999475479126,1.2100000381469727,0.0,212900
2024-01-05,1.2100000381469727,1.2100000381469727,0.0,1.2400000095367432,1.1950000524520874,1.2000000476837158,0.0,126800
2024-01-08,1.190000057220459,1.190000057220459,0.0,1.2309999465942383,1.1200000047683716,1.2100000381469727,0.0,618300
2024-01-09,1.2200000286102295,1.2200000286102295,0.0,1.2300000190734863,1.159999966621399,1.190000057220459,0.0,188500
2024-01-10,1.25,1.25,0.0,1.2599999904632568,1.2000000476837158,1.2200000286102295,0.0,189900
2024-01-11,1.2100000381469727,1.2100000381469727,0.0,1.25,1.1699999570846558,1.25,0.0,172400
2024-01-12,1.1799999475479126,1.1799999475479126,0.0,1.2410000562667847,1.149999976158142,1.2200000286102295,0.0,116000
2024-01-16,1.0800000429153442,1.0800000429153442,0.0,1.1699999570846558,1.059999942779541,1.159999966621399,0.0,339300
2024-01-17,1.059999942779541,1.059999942779541,0.0,1.0700000524520874,1.0299999713897705,1.0499999523162842,0.0,141900
2024-01-18,1.0399999618530273,1.0399999618530273,0.0,1.090000033378601,1.0399999618530273,1.090000033378601,0.0,104700
2024-01-19,1.1399999856948853,1.1399999856948853,0.0,1.149999976158142,1.0299999713897705,1.0700000524520874,0.0,216800
2024-01-22,1.3799999952316284,1.3799999952316284,0.0,1.6200000047683716,1.1119999885559082,1.1200000047683716,0.0,5709100
2024-01-23,1.3200000524520874,1.3200000524520874,0.0,1.7000000476837158,1.2200000286102295,1.4299999475479126,0.0,2322300
2024-01-24,1.25,1.25,0.0,1.3700000047683716,1.2300000190734863,1.3700000047683716,0.0,566900
2024-01-25,1.1699999570846558,1.1699999570846558,0.0,1.3200000524520874,1.1449999809265137,1.2899999618530273,0.0,388100
2024-01-26,1.2200000286102295,1.2200000286102295,0.0,1.2799999713897705,1.159999966621399,1.159999966621399,0.0,267300
2024-01-29,1.2200000286102295,1.2200000286102295,0.0,1.3200000524520874,1.2000000476837158,1.2400000095367432,0.0,542500
2024-01-30,1.2100000381469727,1.2100000381469727,0.0,1.2699999809265137,1.1699999570846558,1.2100000381469727,0.0,238300
2024-01-31,1.1200000047683716,1.1200000047683716,0.0,1.2200000286102295,1.0800000429153442,1.2200000286102295,0.0,449800
2024-02-01,1.149999976158142,1.149999976158142,0.0,1.1799999475479126,1.1100000143051147,1.159999966621399,0.0,196900
2024-02-02,1.1299999952316284,1.1299999952316284,0.0,1.1699999570846558,1.1130000352859497,1.1299999952316284,0.0,203300
2024-02-05,1.190000057220459,1.190000057220459,0.0,1.2000000476837158,1.100000023841858,1.1399999856948853,0.0,371700
2024-02-06,1.2050000429153442,1.2050000429153442,0.0,1.2599999904632568,1.125,1.1799999475479126,0.0,393700
2024-02-07,1.2000000476837158,1.2000000476837158,0.0,1.2300000190734863,1.149999976158142,1.2200000286102295,0.0,151900
2024-02-08,1.25,1.25,0.0,1.2799999713897705,1.2200000286102295,1.2300000190734863,0.0,415400
2024-02-09,1.2999999523162842,1.2999999523162842,0.0,1.4700000286102295,1.2699999809265137,1.2999999523162842,0.0,1063200
2024-02-12,1.3300000429153442,1.3300000429153442,0.0,1.4500000476837158,1.2999999523162842,1.2999999523162842,0.0,510900
2024-02-13,1.2799999713897705,1.2799999713897705,0.0,1.3300000429153442,1.2200000286102295,1.2699999809265137,0.0,288700
2024-02-14,1.3600000143051147,1.3600000143051147,0.0,1.3799999952316284,1.2699999809265137,1.2999999523162842,0.0,317600
2024-02-15,1.5499999523162842,1.5499999523162842,0.0,1.656999945640564,1.399999976158142,1.5099999904632568,0.0,2160000
2024-02-16,1.5399999618530273,1.5399999618530273,0.0,1.7899999618530273,1.4500000476837158,1.6299999952316284,0.0,1903800
2024-02-20,1.4800000190734863,1.4800000190734863,0.0,1.5199999809265137,1.350000023841858,1.4700000286102295,0.0,473200
2024-02-21,1.3799999952316284,1.3799999952316284,0.0,1.4470000267028809,1.3600000143051147,1.409999966621399,0.0,200700
2024-02-22,1.340000033378601,1.340000033378601,0.0,1.4589999914169312,1.3200000524520874,1.409999966621399,0.0,376700
2024-02-23,1.274999976158142,1.274999976158142,0.0,1.3359999656677246,1.2000000476837158,1.3200000524520874,0.0,353900
2024-02-26,1.5499999523162842,1.5499999523162842,0.0,1.6299999952316284,1.2699999809265137,1.2699999809265137,0.0,1344400
2024-02-27,2.819999933242798,2.819999933242798,0.0,3.450000047683716,1.5299999713897705,1.6699999570846558,0.0,100179100
2024-02-28,2.369999885559082,2.369999885559082,0.0,2.9000000953674316,2.309999942779541,2.799999952316284,0.0,7942100
2024-02-29,2.9800000190734863,2.9800000190734863,0.0,3.450000047683716,2.369999885559082,2.4700000286102295,0.0,19911800
2024-03-01,2.819999933242798,2.819999933242798,0.0,3.450000047683716,2.609999895095825,2.7200000286102295,0.0,6536000
2024-03-04,2.5399999618530273,2.5399999618530273,0.0,3.2699999809265137,2.3499999046325684,2.9600000381469727,0.0,5532200
2024-03-05,2.109999895095825,2.109999895095825,0.0,2.5999999046325684,1.909999966621399,2.5899999141693115,0.0,2648900
2024-03-06,2.130000114440918,2.130000114440918,0.0,2.3499999046325684,1.9600000381469727,2.0899999141693115,0.0,2305300
2024-03-07,2.119999885559082,2.119999885559082,0.0,2.299999952316284,2.059999942779541,2.109999895095825,0.0,1362600
2024-03-08,1.8799999952316284,1.8799999952316284,0.0,2.305000066757202,1.75,2.190000057220459,0.0,1964500
2024-03-11,1.9299999475479126,1.9299999475479126,0.0,1.9700000286102295,1.7799999713897705,1.850000023841858,0.0,689000
2024-03-12,2.0299999713897705,2.0299999713897705,0.0,2.0899999141693115,1.8300000429153442,1.9800000190734863,0.0,961800
2024-03-13,3.240000009536743,3.240000009536743,0.0,3.3299999237060547,2.1700000762939453,2.259999990463257,0.0,25039200
2024-03-14,2.6549999713897705,2.6549999713897705,0.0,3.109999895095825,2.4700000286102295,3.0899999141693115,0.0,5418900
2024-03-15,2.9100000858306885,2.9100000858306885,0.0,3.309999942779541,2.6600000858306885,2.690000057220459,0.0,6139600
2024-03-18,2.8299999237060547,2.8299999237060547,0.0,3.0,2.6600000858306885,3.0,0.0,2068600
2024-03-19,2.569999933242798,2.569999933242798,0.0,2.7699999809265137,2.2200000286102295,2.700000047683716,0.0,1812700
2024-03-20,2.809999942779541,2.809999942779541,0.0,2.9600000381469727,2.4800000190734863,2.609999895095825,0.0,1568700
2024-03-21,2.4800000190734863,2.4800000190734863,0.0,2.9600000381469727,2.4200000762939453,2.880000114440918,0.0,1822900
2024-03-22,2.390000104904175,2.390000104904175,0.0,2.5250000953674316,2.3299999237060547,2.430000066757202,0.0,651100
2024-03-25,2.3399999141693115,2.3399999141693115,0.0,2.440000057220459,2.309999942779541,2.359999895095825,0.0,839100
2024-03-26,2.299999952316284,2.299999952316284,0.0,2.382999897003174,2.2200000286102295,2.3499999046325684,0.0,384300
2024-03-27,2.380000114440918,2.380000114440918,0.0,2.4700000286102295,2.1500000953674316,2.299999952316284,0.0,796400
2024-03-28,2.450000047683716,2.450000047683716,0.0,2.634999990463257,2.390000104904175,2.430000066757202,0.0,894000
2024-04-01,6.150000095367432,6.150000095367432,0.0,7.070000171661377,3.5299999713897705,3.7799999713897705,0.0,239762100
2024-04-02,4.480000019073486,4.480000019073486,0.0,5.159999847412109,4.110000133514404,4.889999866485596,0.0,18410900
2024-04-03,4.940000057220459,4.940000057220459,0.0,5.610000133514404,4.730000019073486,4.75,0.0,30724800
2024-04-04,4.690000057220459,4.690000057220459,0.0,5.150000095367432,4.308000087738037,4.889999866485596,0.0,6150100
2024-04-05,4.949999809265137,4.949999809265137,0.0,5.400000095367432,4.610000133514404,4.610000133514404,0.0,7420900
2024-04-08,5.510000228881836,5.510000228881836,0.0,6.579999923706055,4.949999809265137,5.0,0.0,24307800
2024-04-09,4.840000152587891,4.840000152587891,0.0,5.739999771118164,4.75,5.480000019073486,0.0,7341800
2024-04-10,4.730000019073486,4.730000019073486,0.0,5.15500020980835,4.511000156402588,4.679999828338623,0.0,3369100
2024-04-11,4.329999923706055,4.329999923706055,0.0,4.828000068664551,4.21999979019165,4.650000095367432,0.0,2740000
2024-04-12,4.389999866485596,4.389999866485596,0.0,4.420000076293945,3.940000057220459,4.21999979019165,0.0,2001800
2024-04-15,4.230000019073486,4.230000019073486,0.0,4.579999923706055,4.099999904632568,4.28000020980835,0.0,1757800
2024-04-16,3.9100000858306885,3.9100000858306885,0.0,4.150000095367432,3.799999952316284,3.990000009536743,0.0,3416800
2024-04-17,4.199999809265137,4.199999809265137,0.0,5.429999828338623,4.079999923706055,5.190000057220459,0.0,23233800
2024-04-18,3.1700000762939453,3.1700000762939453,0.0,4.110000133514404,3.1050000190734863,4.079999923706055,0.0,4860100
2024-04-19,3.4800000190734863,3.4800000190734863,0.0,3.630000114440918,3.1500000953674316,3.1700000762939453,0.0,2832000
2024-04-22,3.619999885559082,3.619999885559082,0.0,3.680000066757202,3.390000104904175,3.490000009536743,0.0,1428400
2024-04-23,3.5199999809265137,3.5199999809265137,0.0,3.640000104904175,3.4200000762939453,3.559999942779541,0.0,1171900
2024-04-24,3.4800000190734863,3.4800000190734863,0.0,3.609999895095825,3.3399999141693115,3.5999999046325684,0.0,879200
2024-04-25,3.2100000381469727,3.2100000381469727,0.0,3.5,3.1600000858306885,3.440000057220459,0.0,930600
2024-04-26,3.690000057220459,3.690000057220459,0.0,3.75,3.2200000286102295,3.259999990463257,0.0,1972600
2024-04-29,3.509999990463257,3.509999990463257,0.0,3.7799999713897705,3.4110000133514404,3.6500000953674316,0.0,880800
2024-04-30,3.359999895095825,3.359999895095825,0.0,3.559999942779541,3.3399999141693115,3.440000057220459,0.0,582800
2024-05-01,3.369999885559082,3.369999885559082,0.0,3.634999990463257,3.25,3.319999933242798,0.0,1268600
2024-05-02,3.440000057220459,3.440000057220459,0.0,3.559999942779541,3.309999942779541,3.430000066757202,0.0,627400
2024-05-03,3.369999885559082,3.369999885559082,0.0,3.5299999713897705,3.319999933242798,3.5299999713897705,0.0,541600
2024-05-06,3.7799999713897705,3.7799999713897705,0.0,4.059999942779541,3.4000000953674316,3.4000000953674316,0.0,2293400
2024-05-07,3.559999942779541,3.559999942779541,0.0,3.9000000953674316,3.4100000858306885,3.8499999046325684,0.0,1045900
2024-05-08,3.5199999809265137,3.5199999809265137,0.0,3.5999999046325684,3.4200000762939453,3.5799999237060547,0.0,369400
2024-05-09,3.4700000286102295,3.4700000286102295,0.0,3.5999999046325684,3.4100000858306885,3.490000009536743,0.0,437200
2024-05-10,3.5399999618530273,3.5399999618530273,0.0,3.819000005722046,3.4700000286102295,3.5,0.0,1033400
2024-05-13,3.3499999046325684,3.3499999046325684,0.0,3.680000066757202,3.2699999809265137,3.549999952316284,0.0,1139700
2024-05-14,3.259999990463257,3.259999990463257,0.0,3.380000114440918,3.174999952316284,3.2799999713897705,0.0,1088500
2024-05-15,3.3299999237060547,3.3299999237060547,0.0,3.3499999046325684,3.109999895095825,3.259999990463257,0.0,772000
2024-05-16,3.200000047683716,3.200000047683716,0.0,3.319999933242798,3.200000047683716,3.2899999618530273,0.0,449800
2024-05-17,3.059999942779541,3.059999942779541,0.0,3.200000047683716,2.9549999237060547,3.1700000762939453,0.0,1020500
2024-05-20,3.259999990463257,3.259999990463257,0.0,3.299999952316284,2.984999895095825,3.0799999237060547,0.0,658500
2024-05-21,3.140000104904175,3.140000104904175,0.0,3.377000093460083,3.0999999046325684,3.3299999237060547,0.0,868400
2024-05-22,3.259999990463257,3.259999990463257,0.0,3.2909998893737793,3.0899999141693115,3.1500000953674316,0.0,665600
2024-05-23,3.299999952316284,3.299999952316284,0.0,3.4700000286102295,3.180000066757202,3.4700000286102295,0.0,2773200
2024-05-24,2.884999990463257,2.884999990463257,0.0,3.190000057220459,2.75,3.1600000858306885,0.0,2775700
2024-05-28,2.700000047683716,2.700000047683716,0.0,2.9100000858306885,2.619999885559082,2.9000000953674316,0.0,1092500
2024-05-29,2.2799999713897705,2.2799999713897705,0.0,2.559999942779541,2.0199999809265137,2.549999952316284,0.0,1705200
2024-05-30,2.380000114440918,2.380000114440918,0.0,2.3959999084472656,2.2100000381469727,2.2899999618530273,0.0,958500
2024-05-31,2.359999895095825,2.359999895095825,0.0,2.4700000286102295,2.309999942779541,2.3299999237060547,0.0,448200
2024-06-03,2.6700000762939453,2.6700000762939453,0.0,2.690000057220459,2.299999952316284,2.3399999141693115,0.0,1169500
2024-06-04,2.6500000953674316,2.6500000953674316,0.0,2.7799999713897705,2.509999990463257,2.7200000286102295,0.0,628200
2024-06-05,2.7100000381469727,2.7100000381469727,0.0,2.759999990463257,2.559999942779541,2.6600000858306885,0.0,387100
2024-06-06,2.559999942779541,2.559999942779541,0.0,2.7200000286102295,2.5299999713897705,2.7200000286102295,0.0,288800
2024-06-07,2.619999885559082,2.619999885559082,0.0,2.680000066757202,2.4800000190734863,2.5399999618530273,0.0,359700
2024-06-10,2.509999990463257,2.509999990463257,0.0,2.630000114440918,2.509999990463257,2.619999885559082,0.0,251000
2024-06-11,2.494999885559082,2.494999885559082,0.0,2.509999990463257,2.4000000953674316,2.490000009536743,0.0,215500
2024-06-12,2.509999990463257,2.509999990463257,0.0,2.625,2.4600000381469727,2.559999942779541,0.0,352700
2024-06-13,2.4100000858306885,2.4100000858306885,0.0,2.5,2.369999885559082,2.4700000286102295,0.0,276800
2024-06-14,2.380000114440918,2.380000114440918,0.0,2.4189999103546143,2.299999952316284,2.359999895095825,0.0,206900
2024-06-17,2.3399999141693115,2.3399999141693115,0.0,2.4000000953674316,2.3299999237060547,2.4000000953674316,0.0,220500
2024-06-18,2.259999990463257,2.259999990463257,0.0,2.3299999237060547,2.25,2.319999933242798,0.0,258700
2024-06-20,2.2100000381469727,2.2100000381469727,0.0,2.2799999713897705,2.1600000858306885,2.25,0.0,386000
2024-06-21,2.2799999713897705,2.2799999713897705,0.0,2.299999952316284,2.1500000953674316,2.190000057220459,0.0,201400
2024-06-24,2.109999895095825,2.109999895095825,0.0,2.299999952316284,2.049999952316284,2.299999952316284,0.0,279400
2024-06-25,2.065000057220459,2.065000057220459,0.0,2.1500000953674316,2.059999942779541,2.130000114440918,0.0,197100
2024-06-26,2.2200000286102295,2.2200000286102295,0.0,2.2799999713897705,2.0399999618530273,2.0399999618530273,0.0,281800
2024-06-27,2.1500000953674316,2.1500000953674316,0.0,2.2200000286102295,2.109999895095825,2.2200000286102295,0.0,222700
2024-06-28,2.0199999809265137,2.0199999809265137,0.0,2.180000066757202,2.009999990463257,2.1700000762939453,0.0,655700
2024-07-01,2.009999990463257,2.009999990463257,0.0,2.0799999237060547,2.0,2.0299999713897705,0.0,262800
2024-07-02,2.0799999237060547,2.0799999237060547,0.0,2.0999999046325684,2.0,2.0,0.0,181000
2024-07-03,2.069999933242798,2.069999933242798,0.0,2.1700000762939453,2.059999942779541,2.0799999237060547,0.0,157900
2024-07-05,2.1600000858306885,2.1600000858306885,0.0,2.1700000762939453,2.069999933242798,2.109999895095825,0.0,199500
2024-07-08,2.2300000190734863,2.2300000190734863,0.0,2.309999942779541,2.130000114440918,2.2100000381469727,0.0,334900
2024-07-09,2.3499999046325684,2.3499999046325684,0.0,2.3949999809265137,2.1700000762939453,2.259999990463257,0.0,325200
2024-07-10,2.4800000190734863,2.4800000190734863,0.0,2.549999952316284,2.309999942779541,2.309999942779541,0.0,457100
2024-07-11,2.369999885559082,2.369999885559082,0.0,2.6600000858306885,2.319999933242798,2.549999952316284,0.0,561100
2024-07-12,2.4700000286102295,2.4700000286102295,0.0,2.509000062942505,2.4000000953674316,2.4200000762939453,0.0,194100
2024-07-15,2.5,2.5,0.0,2.5999999046325684,2.4600000381469727,2.559999942779541,0.0,241600
2024-07-16,2.5199999809265137,2.5199999809265137,0.0,2.559999942779541,2.4800000190734863,2.5199999809265137,0.0,174300
2024-07-17,2.3399999141693115,2.3399999141693115,0.0,2.549999952316284,2.309999942779541,2.450000047683716,0.0,222500
2024-07-18,2.2300000190734863,2.2300000190734863,0.0,2.384000062942505,2.1600000858306885,2.3299999237060547,0.0,188200
2024-07-19,2.1700000762939453,2.1700000762939453,0.0,2.309999942779541,2.0999999046325684,2.2899999618530273,0.0,234200
2024-07-22,2.200000047683716,2.200000047683716,0.0,2.240000009536743,2.0969998836517334,2.1700000762939453,0.0,220900
2024-07-23,2.190000057220459,2.190000057220459,0.0,2.259999990463257,2.140000104904175,2.1500000953674316,0.0,152600
2024-07-24,2.130000114440918,2.130000114440918,0.0,2.2100000381469727,2.109999895095825,2.130000114440918,0.0,104100
2024-07-25,2.2100000381469727,2.2100000381469727,0.0,2.359999895095825,2.0999999046325684,2.109999895095825,0.0,322700
2024-07-26,2.25,2.25,0.0,2.390000104904175,2.180000066757202,2.240000009536743,0.0,192700
2024-07-29,2.1700000762939453,2.1700000762939453,0.0,2.25,2.0999999046325684,2.2300000190734863,0.0,150100
2024-07-30,2.0899999141693115,2.0899999141693115,0.0,2.200000047683716,2.0799999237060547,2.200000047683716,0.0,185200
2024-07-31,2.059999942779541,2.059999942779541,0.0,2.2300000190734863,2.059999942779541,2.119999885559082,0.0,267900
2024-08-01,1.9500000476837158,1.9500000476837158,0.0,2.130000114440918,1.9299999475479126,2.059999942779541,0.0,298400
2024-08-02,1.8899999856948853,1.8899999856948853,0.0,1.9299999475479126,1.850000023841858,1.8799999952316284,0.0,301400
2024-08-05,1.9500000476837158,1.9500000476837158,0.0,2.0390000343322754,1.6100000143051147,1.6100000143051147,0.0,571900
2024-08-06,1.8600000143051147,1.8600000143051147,0.0,1.996000051498413,1.8300000429153442,1.9299999475479126,0.0,216500
2024-08-07,1.809999942779541,1.809999942779541,0.0,1.9299999475479126,1.7699999809265137,1.8799999952316284,0.0,110100
2024-08-08,1.9500000476837158,1.9500000476837158,0.0,1.9800000190734863,1.8200000524520874,1.8200000524520874,0.0,165000
2024-08-09,1.9800000190734863,1.9800000190734863,0.0,2.0299999713897705,1.909999966621399,1.9700000286102295,0.0,218700
2024-08-12,1.4700000286102295,1.4700000286102295,0.0,2.0299999713897705,1.090000033378601,2.009999990463257,0.0,9200700
2024-08-13,2.7100000381469727,2.7100000381469727,0.0,3.759999990463257,2.4000000953674316,2.430000066757202,0.0,188360900
2024-08-14,2.240000009536743,2.240000009536743,0.0,2.7200000286102295,2.140000104904175,2.5999999046325684,0.0,9204700
2024-08-15,2.4200000762939453,2.4200000762939453,0.0,2.5,2.200000047683716,2.369999885559082,0.0,4286700
2024-08-16,2.2799999713897705,2.2799999713897705,0.0,2.4210000038146973,2.1600000858306885,2.4200000762939453,0.0,2326600
2024-08-19,2.4200000762939453,2.4200000762939453,0.0,2.4800000190734863,2.109999895095825,2.2100000381469727,0.0,1821600
2024-08-20,2.4100000858306885,2.4100000858306885,0.0,2.4700000286102295,2.299999952316284,2.390000104904175,0.0,1041000
2024-08-21,2.7200000286102295,2.7200000286102295,0.0,2.740000009536743,2.390000104904175,2.440000057220459,0.0,2994400
2024-08-22,2.450000047683716,2.450000047683716,0.0,2.8499999046325684,2.440000057220459,2.7200000286102295,0.0,1393800
2024-08-23,2.5399999618530273,2.5399999618530273,0.0,2.619999885559082,2.4100000858306885,2.440000057220459,0.0,716400
2024-08-26,2.4000000953674316,2.4000000953674316,0.0,2.5899999141693115,2.380000114440918,2.5,0.0,664200
2024-08-27,2.2200000286102295,2.2200000286102295,0.0,2.364000082015991,2.200000047683716,2.3499999046325684,0.0,584700
2024-08-28,2.0799999237060547,2.0799999237060547,0.0,2.2100000381469727,2.069999933242798,2.200000047683716,0.0,567100
2024-08-29,2.109999895095825,2.109999895095825,0.0,2.2899999618530273,2.0799999237060547,2.0799999237060547,0.0,526100
2024-08-30,2.0899999141693115,2.0899999141693115,0.0,2.1600000858306885,2.059999942779541,2.059999942779541,0.0,358300
2024-09-03,1.9199999570846558,1.9199999570846558,0.0,2.11299991607666,1.8849999904632568,2.0999999046325684,0.0,504200
2024-09-04,1.9299999475479126,1.9299999475479126,0.0,1.9900000095367432,1.8600000143051147,1.899999976158142,0.0,298700
2024-09-05,1.9299999475479126,1.9299999475479126,0.0,2.069999933242798,1.9049999713897705,1.9900000095367432,0.0,347400
2024-09-06,1.7899999618530273,1.7899999618530273,0.0,1.968999981880188,1.7699999809265137,1.9199999570846558,0.0,541900
2024-09-09,1.8200000524520874,1.8200000524520874,0.0,1.9179999828338623,1.7999999523162842,1.7999999523162842,0.0,286500
2024-09-10,1.8200000524520874,1.8200000524520874,0.0,1.8700000047683716,1.75,1.8300000429153442,0.0,198100
2024-09-11,1.850000023841858,1.850000023841858,0.0,1.8799999952316284,1.7599999904632568,1.8200000524520874,0.0,389300
2024-09-12,1.8799999952316284,1.8799999952316284,0.0,1.899999976158142,1.8200000524520874,1.8600000143051147,0.0,298100
2024-09-13,1.9199999570846558,1.9199999570846558,0.0,1.9880000352859497,1.8700000047683716,1.8700000047683716,0.0,253400
2024-09-16,1.8799999952316284,1.8799999952316284,0.0,1.9500000476837158,1.850000023841858,1.940000057220459,0.0,202900
2024-09-17,1.8300000429153442,1.8300000429153442,0.0,1.9229999780654907,1.7799999713897705,1.899999976158142,0.0,306400
2024-09-18,1.7899999618530273,1.7899999618530273,0.0,1.8700000047683716,1.7799999713897705,1.8200000524520874,0.0,247000
2024-09-19,1.75,1.75,0.0,1.840000033378601,1.7100000381469727,1.809999942779541,0.0,371400
2024-09-20,1.7799999713897705,1.7799999713897705,0.0,1.7899999618530273,1.7000000476837158,1.75,0.0,345600
2024-09-23,1.7000000476837158,1.7000000476837158,0.0,1.7999999523162842,1.6799999475479126,1.7799999713897705,0.0,236300
2024-09-24,1.6799999475479126,1.6799999475479126,0.0,1.7200000286102295,1.659999966621399,1.7000000476837158,0.0,177300
2024-09-25,1.6100000143051147,1.6100000143051147,0.0,1.7400000095367432,1.600000023841858,1.690000057220459,0.0,337600
2024-09-26,1.600000023841858,1.600000023841858,0.0,1.690000057220459,1.590000033378601,1.690000057220459,0.0,228600
2024-09-27,1.7100000381469727,1.7100000381469727,0.0,1.75,1.600000023841858,1.600000023841858,0.0,258800
2024-09-30,1.6799999475479126,1.6799999475479126,0.0,1.7200000286102295,1.6299999952316284,1.7000000476837158,0.0,181200
2024-10-01,1.590000033378601,1.590000033378601,0.0,1.690000057220459,1.5110000371932983,1.690000057220459,0.0,277200
2024-10-02,1.5700000524520874,1.5700000524520874,0.0,1.6089999675750732,1.5499999523162842,1.590000033378601,0.0,90900
2024-10-03,1.5199999809265137,1.5199999809265137,0.0,1.590000033378601,1.5,1.559999942779541,0.0,199800
2024-10-04,1.5700000524520874,1.5700000524520874,0.0,1.5800000429153442,1.5099999904632568,1.5199999809265137,0.0,124100
2024-10-07,1.6799999475479126,1.6799999475479126,0.0,1.718999981880188,1.5499999523162842,1.600000023841858,0.0,371500
2024-10-08,1.5700000524520874,1.5700000524520874,0.0,1.690000057220459,1.5700000524520874,1.6699999570846558,0.0,207200
2024-10-09,1.559999942779541,1.559999942779541,0.0,1.590000033378601,1.5299999713897705,1.5499999523162842,0.0,174000
2024-10-10,1.559999942779541,1.559999942779541,0.0,1.600000023841858,1.5199999809265137,1.5499999523162842,0.0,234600
2024-10-11,1.5800000429153442,1.5800000429153442,0.0,1.5989999771118164,1.5299999713897705,1.5399999618530273,0.0,344400
2024-10-14,1.600000023841858,1.600000023841858,0.0,1.6399999856948853,1.5499999523162842,1.559999942779541,0.0,249800
2024-10-15,1.6100000143051147,1.6100000143051147,0.0,1.6299999952316284,1.5199999809265137,1.590000033378601,0.0,364700
2024-10-16,1.600000023841858,1.600000023841858,0.0,1.6100000143051147,1.5399999618530273,1.6100000143051147,0.0,231800
2024-10-17,1.5700000524520874,1.5700000524520874,0.0,1.6100000143051147,1.5199999809265137,1.600000023841858,0.0,276500
2024-10-18,1.590000033378601,1.590000033378601,0.0,1.600000023841858,1.5499999523162842,1.5499999523162842,0.0,150200
2024-10-21,1.6200000047683716,1.6200000047683716,0.0,1.659999966621399,1.5800000429153442,1.5800000429153442,0.0,462800
2024-10-22,1.559999942779541,1.559999942779541,0.0,1.6519999504089355,1.5520000457763672,1.6200000047683716,0.0,192000
2024-10-23,1.4299999475479126,1.4299999475479126,0.0,1.559999942779541,1.409999966621399,1.5499999523162842,0.0,583300
2024-10-24,1.399999976158142,1.399999976158142,0.0,1.465000033378601,1.399999976158142,1.399999976158142,0.0,252400
2024-10-25,1.4299999475479126,1.4299999475479126,0.0,1.465000033378601,1.3899999856948853,1.3899999856948853,0.0,214800
2024-10-28,1.5199999809265137,1.5199999809265137,0.0,1.5499999523162842,1.4299999475479126,1.4299999475479126,0.0,330400
2024-10-29,1.5,1.5,0.0,1.5299999713897705,1.4800000190734863,1.5099999904632568,0.0,211100
2024-10-30,1.4500000476837158,1.4500000476837158,0.0,1.5,1.440000057220459,1.5,0.0,127500
2024-10-31,1.409999966621399,1.409999966621399,0.0,1.4800000190734863,1.406999945640564,1.4800000190734863,0.0,129200
2024-11-01,1.399999976158142,1.399999976158142,0.0,1.440000057220459,1.3899999856948853,1.399999976158142,0.0,256600
2024-11-04,1.350000023841858,1.350000023841858,0.0,1.4199999570846558,1.3300000429153442,1.4199999570846558,0.0,371400
2024-11-05,1.409999966621399,1.409999966621399,0.0,1.4199999570846558,1.309999942779541,1.3300000429153442,0.0,209800
2024-11-06,1.4199999570846558,1.4199999570846558,0.0,1.4700000286102295,1.3899999856948853,1.399999976158142,0.0,237100
2024-11-07,1.5499999523162842,1.5499999523162842,0.0,1.6890000104904175,1.4450000524520874,1.4500000476837158,0.0,1066400
2024-11-08,1.659999966621399,1.659999966621399,0.0,1.6699999570846558,1.5199999809265137,1.5700000524520874,0.0,778800
2024-11-11,1.840000033378601,1.840000033378601,0.0,2.0199999809265137,1.7200000286102295,1.8300000429153442,0.0,1587900
2024-11-12,1.7400000095367432,1.7400000095367432,0.0,1.9199999570846558,1.6799999475479126,1.8899999856948853,0.0,1480600
2024-11-13,1.4199999570846558,1.4199999570846558,0.0,1.590000033378601,1.350000023841858,1.440000057220459,0.0,989800
2024-11-14,1.4299999475479126,1.4299999475479126,0.0,1.4700000286102295,1.399999976158142,1.4199999570846558,0.0,296900
2024-11-15,1.3899999856948853,1.3899999856948853,0.0,1.4299999475479126,1.340000033378601,1.409999966621399,0.0,351900
2024-11-18,1.3600000143051147,1.3600000143051147,0.0,1.3899999856948853,1.350000023841858,1.3700000047683716,0.0,265900
2024-11-19,1.3799999952316284,1.3799999952316284,0.0,1.4800000190734863,1.350000023841858,1.3700000047683716,0.0,607800
2024-11-20,1.2999999523162842,1.2999999523162842,0.0,1.406999945640564,1.2400000095367432,1.3799999952316284,0.0,578400
2024-11-21,1.350000023841858,1.350000023841858,0.0,1.3600000143051147,1.25,1.2999999523162842,0.0,532800
2024-11-22,1.409999966621399,1.409999966621399,0.0,1.5,1.3200000524520874,1.350000023841858,0.0,617400
2024-11-25,1.4299999475479126,1.4299999475479126,0.0,1.5199999809265137,1.409999966621399,1.4199999570846558,0.0,733100
2024-11-26,1.5199999809265137,1.5199999809265137,0.0,1.5800000429153442,1.4299999475479126,1.4500000476837158,0.0,839400
2024-11-27,1.590000033378601,1.590000033378601,0.0,1.6299999952316284,1.5199999809265137,1.559999942779541,0.0,602600
2024-11-29,1.6699999570846558,1.6699999570846558,0.0,1.7200000286102295,1.5440000295639038,1.6100000143051147,0.0,498900
2024-12-02,1.6399999856948853,1.6399999856948853,0.0,1.7400000095367432,1.590000033378601,1.7100000381469727,0.0,697100
2024-12-03,1.5700000524520874,1.5700000524520874,0.0,1.6799999475479126,1.5199999809265137,1.659999966621399,0.0,526700
2024-12-04,1.5299999713897705,1.5299999713897705,0.0,1.6100000143051147,1.4900000095367432,1.5700000524520874,0.0,537900
2024-12-05,1.5299999713897705,1.5299999713897705,0.0,1.6799999475479126,1.4600000381469727,1.5099999904632568,0.0,1467600
2024-12-06,2.009999990463257,2.009999990463257,0.0,2.0899999141693115,1.559999942779541,1.590000033378601,0.0,8467300
2024-12-09,2.25,2.25,0.0,2.3399999141693115,1.8869999647140503,2.1500000953674316,0.0,7727800
2024-12-10,2.130000114440918,2.130000114440918,0.0,2.5,2.009999990463257,2.0899999141693115,0.0,6111200
2024-12-11,1.7999999523162842,1.7999999523162842,0.0,2.119999885559082,1.7999999523162842,2.119999885559082,0.0,2555100
2024-12-12,1.7799999713897705,1.7799999713897705,0.0,1.9600000381469727,1.7699999809265137,1.7799999713897705,0.0,1041200
2024-12-13,1.690000057220459,1.690000057220459,0.0,1.809999942779541,1.659999966621399,1.7699999809265137,0.0,846600
2024-12-16,1.8300000429153442,1.8300000429153442,0.0,1.899999976158142,1.690000057220459,1.7100000381469727,0.0,1452000
2024-12-17,1.7599999904632568,1.7599999904632568,0.0,1.9600000381469727,1.7309999465942383,1.850000023841858,0.0,1328500
2024-12-18,1.659999966621399,1.659999966621399,0.0,1.9500000476837158,1.6399999856948853,1.7899999618530273,0.0,1935200
2024-12-19,1.5800000429153442,1.5800000429153442,0.0,1.7300000190734863,1.5399999618530273,1.6699999570846558,0.0,1129400
2024-12-20,1.590000033378601,1.590000033378601,0.0,1.6799999475479126,1.5299999713897705,1.5499999523162842,0.0,982700
2024-12-23,1.5499999523162842,1.5499999523162842,0.0,1.6699999570846558,1.5299999713897705,1.6200000047683716,0.0,598000
2024-12-24,1.5700000524520874,1.5700000524520874,0.0,1.600000023841858,1.5,1.559999942779541,0.0,428000
2024-12-26,2.0299999713897705,2.0299999713897705,0.0,2.0450000762939453,1.590000033378601,1.600000023841858,0.0,3481400
2024-12-27,2.069999933242798,2.069999933242798,0.0,2.25,1.909999966621399,2.049999952316284,0.0,3379300
2024-12-30,1.9900000095367432,1.9900000095367432,0.0,2.0850000381469727,1.8200000524520874,2.0,0.0,1745900
2024-12-31,1.8200000524520874,1.8200000524520874,0.0,2.0399999618530273,1.7699999809265137,2.0299999713897705,0.0,987800
2025-01-02,2.0,2.0,0.0,2.049999952316284,1.8300000429153442,1.850000023841858,0.0,973600
2025-01-03,2.25,2.25,0.0,2.303999900817871,2.0,2.0199999809265137,0.0,2156200
2025-01-06,2.265000104904175,2.265000104904175,0.0,2.5360000133514404,2.140000104904175,2.3399999141693115,0.0,3703600
2025-01-07,2.059999942779541,2.059999942779541,0.0,2.3499999046325684,2.0199999809265137,2.299999952316284,0.0,1441400
2025-01-08,1.9550000429153442,1.9550000429153442,0.0,2.002000093460083,1.8700000047683716,1.9700000286102295,0.0,785700
2025-01-10,1.8300000429153442,1.8300000429153442,0.0,1.940000057220459,1.7799999713897705,1.899999976158142,0.0,999100
2025-01-13,1.690000057220459,1.690000057220459,0.0,1.8200000524520874,1.6399999856948853,1.7799999713897705,0.0,725700
2025-01-14,1.7300000190734863,1.7300000190734863,0.0,1.8240000009536743,1.690000057220459,1.7699999809265137,0.0,627100
2025-01-15,1.8200000524520874,1.8200000524520874,0.0,1.850000023841858,1.7300000190734863,1.7999999523162842,0.0,657300
2025-01-16,1.8899999856948853,1.8899999856948853,0.0,1.909999966621399,1.774999976158142,1.840000033378601,0.0,464900
2025-01-17,1.7899999618530273,1.7899999618530273,0.0,1.9299999475479126,1.7649999856948853,1.8899999856948853,0.0,486600
2025-01-21,1.7400000095367432,1.7400000095367432,0.0,1.850000023841858,1.7100000381469727,1.7899999618530273,0.0,568300
2025-01-22,1.899999976158142,1.899999976158142,0.0,2.0299999713897705,1.7699999809265137,1.7999999523162842,0.0,4812100
2025-01-23,1.8300000429153442,1.8300000429153442,0.0,1.909999966621399,1.7829999923706055,1.8799999952316284,0.0,1180500
2025-01-24,1.7100000381469727,1.7100000381469727,0.0,1.8600000143051147,1.649999976158142,1.809999942779541,0.0,1958900
2025-01-27,1.600000023841858,1.600000023841858,0.0,1.690000057220459,1.5149999856948853,1.6200000047683716,0.0,918800
2025-01-28,1.6299999952316284,1.6299999952316284,0.0,1.6399999856948853,1.5499999523162842,1.6100000143051147,0.0,625300
2025-01-29,1.5299999713897705,1.5299999713897705,0.0,1.6100000143051147,1.5099999904632568,1.6100000143051147,0.0,665900
2025-01-30,1.5299999713897705,1.5299999713897705,0.0,1.600000023841858,1.5,1.5199999809265137,0.0,874600
2025-01-31,1.5099999904632568,1.5099999904632568,0.0,1.600000023841858,1.5,1.559999942779541,0.0,664600
2025-02-03,1.4900000095367432,1.4900000095367432,0.0,1.5,1.4199999570846558,1.4199999570846558,0.0,293300
2025-02-04,1.5199999809265137,1.5199999809265137,0.0,1.5800000429153442,1.4700000286102295,1.4800000190734863,0.0,500100
2025-02-05,1.5399999618530273,1.5399999618530273,0.0,1.5700000524520874,1.4800000190734863,1.5399999618530273,0.0,487300
2025-02-06,1.559999942779541,1.559999942779541,0.0,1.6299999952316284,1.5299999713897705,1.5399999618530273,0.0,411700
2025-02-07,1.6100000143051147,1.6100000143051147,0.0,1.6200000047683716,1.5449999570846558,1.559999942779541,0.0,525500
2025-02-10,1.5199999809265137,1.5199999809265137,0.0,1.6369999647140503,1.5,1.6200000047683716,0.0,720700
2025-02-11,1.5199999809265137,1.5199999809265137,0.0,1.5800000429153442,1.4709999561309814,1.5499999523162842,0.0,457100
2025-02-12,1.5499999523162842,1.5499999523162842,0.0,1.559999942779541,1.4620000123977661,1.5099999904632568,0.0,486600
2025-02-13,1.6299999952316284,1.6299999952316284,0.0,1.6399999856948853,1.5099999904632568,1.559999942779541,0.0,585200
2025-02-14,1.6100000143051147,1.6100000143051147,0.0,1.649999976158142,1.5499999523162842,1.6299999952316284,0.0,420900
2025-02-18,1.5800000429153442,1.5800000429153442,0.0,1.6399999856948853,1.5609999895095825,1.600000023841858,0.0,341600
2025-02-19,1.6100000143051147,1.6100000143051147,0.0,1.684999942779541,1.5700000524520874,1.5700000524520874,0.0,348800
2025-02-20,1.5700000524520874,1.5700000524520874,0.0,1.649999976158142,1.5449999570846558,1.6200000047683716,0.0,540700
2025-02-21,1.5,1.5,0.0,1.5820000171661377,1.5,1.5800000429153442,0.0,428800
2025-02-24,1.3899999856948853,1.3899999856948853,0.0,1.5099999904632568,1.3700000047683716,1.5099999904632568,0.0,564300
2025-02-25,1.2799999713897705,1.2799999713897705,0.0,1.3799999952316284,1.2510000467300415,1.3799999952316284,0.0,648700
2025-02-26,1.2350000143051147,1.2350000143051147,0.0,1.340000033378601,1.159999966621399,1.309999942779541,0.0,569000
2025-02-27,1.1299999952316284,1.1299999952316284,0.0,1.2599999904632568,1.1200000047683716,1.25,0.0,426200
2025-02-28,1.149999976158142,1.149999976158142,0.0,1.159999966621399,1.100000023841858,1.1200000047683716,0.0,456600
2025-03-03,1.090000033378601,1.090000033378601,0.0,1.2200000286102295,1.0800000429153442,1.149999976158142,0.0,427400
2025-03-04,1.0399999618530273,1.0399999618530273,0.0,1.125,0.996999979019165,1.059999942779541,0.0,606800
2025-03-05,1.0700000524520874,1.0700000524520874,0.0,1.090000033378601,1.0399999618530273,1.0499999523162842,0.0,218200
2025-03-06,1.059999942779541,1.059999942779541,0.0,1.1200000047683716,1.0199999809265137,1.0800000429153442,0.0,255000
2025-03-07,1.0499999523162842,1.0499999523162842,0.0,1.0700000524520874,0.9700000286102295,1.0499999523162842,0.0,445000
2025-03-10,0.9150000214576721,0.9150000214576721,0.0,1.0199999809265137,0.9010000228881836,1.0199999809265137,0.0,592800
2025-03-11,0.9490000009536743,0.9490000009536743,0.0,0.9900000095367432,0.9150000214576721,0.9150000214576721,0.0,268800
2025-03-12,0.9900000095367432,0.9900000095367432,0.0,1.0199999809265137,0.949999988079071,0.949999988079071,0.0,210700
2025-03-13,0.921999990940094,0.921999990940094,0.0,0.9900000095367432,0.8799999952316284,0.9900000095367432,0.0,300200
2025-03-14,0.9900000095367432,0.9900000095367432,0.0,0.9990000128746033,0.949999988079071,0.949999988079071,0.0,220300
2025-03-17,1.0299999713897705,1.0299999713897705,0.0,1.0499999523162842,0.9800000190734863,0.9900000095367432,0.0,375800
2025-03-18,0.9620000123977661,0.9620000123977661,0.0,1.0299999713897705,0.9549999833106995,1.0199999809265137,0.0,187200
2025-03-19,0.9919999837875366,0.9919999837875366,0.0,1.0499999523162842,0.9599999785423279,0.9610000252723694,0.0,257700
2025-03-20,0.9679999947547913,0.9679999947547913,0.0,1.0299999713897705,0.9620000123977661,0.9900000095367432,0.0,171500
2025-03-21,0.953000009059906,0.953000009059906,0.0,0.9800000190734863,0.9399999976158142,0.9599999785423279,0.0,257200
2025-03-24,0.9570000171661377,0.9570000171661377,0.0,0.9990000128746033,0.9449999928474426,0.9700000286102295,0.0,342200
2025-03-25,0.921999990940094,0.921999990940094,0.0,0.9599999785423279,0.8939999938011169,0.949999988079071,0.0,403300
2025-03-26,0.8579999804496765,0.8579999804496765,0.0,0.9200000166893005,0.8299999833106995,0.8999999761581421,0.0,338900
2025-03-27,0.8519999980926514,0.8519999980926514,0.0,0.8880000114440918,0.8299999833106995,0.8500000238418579,0.0,205900
2025-03-28,0.8209999799728394,0.8209999799728394,0.0,0.8799999952316284,0.8040000200271606,0.8700000047683716,0.0,241200
2025-03-31,0.8999999761581421,0.8999999761581421,0.0,0.8999999761581421,0.7639999985694885,0.8299999833106995,0.0,465800
2025-04-01,0.8560000061988831,0.8560000061988831,0.0,0.8989999890327454,0.8339999914169312,0.8899999856948853,0.0,242000
2025-04-02,0.8450000286102295,0.8450000286102295,0.0,0.8790000081062317,0.8169999718666077,0.8450000286102295,0.0,194100
2025-04-03,0.8069999814033508,0.8069999814033508,0.0,0.8790000081062317,0.781000018119812,0.8790000081062317,0.0,9553300
2025-04-04,1.4199999570846558,1.4199999570846558,0.0,1.4900000095367432,0.9509999752044678,1.0800000429153442,0.0,92259200
2025-04-07,1.159999966621399,1.159999966621399,0.0,1.350000023841858,1.0499999523162842,1.2300000190734863,0.0,6604700
2025-04-08,0.9909999966621399,0.9909999966621399,0.0,1.2000000476837158,0.8999999761581421,1.100000023841858,0.0,4370100
2025-04-09,0.8899999856948853,0.8899999856948853,0.0,0.9940000176429749,0.7900000214576721,0.8999999761581421,0.0,2654900
2025-04-10,1.0399999618530273,1.0399999618530273,0.0,1.1399999856948853,0.9139999747276306,0.9300000071525574,0.0,3254500
2025-04-11,1.100000023841858,1.100000023841858,0.0,1.1200000047683716,0.9760000109672546,1.0,0.0,808200
2025-04-14,1.1299999952316284,1.1299999952316284,0.0,1.159999966621399,1.059999942779541,1.1299999952316284,0.0,746600
2025-04-15,1.1299999952316284,1.1299999952316284,0.0,1.1699999570846558,1.0829999446868896,1.1299999952316284,0.0,787500
2025-04-16,1.0700000524520874,1.0700000524520874,0.0,1.1399999856948853,1.0399999618530273,1.1399999856948853,0.0,685700
2025-04-17,1.100000023841858,1.100000023841858,0.0,1.1100000143051147,1.0199999809265137,1.0700000524520874,0.0,468400
2025-04-21,1.0700000524520874,1.0700000524520874,0.0,1.1200000047683716,1.0499999523162842,1.100000023841858,0.0,377500
2025-04-22,1.090000033378601,1.090000033378601,0.0,1.1050000190734863,1.0299999713897705,1.059999942779541,0.0,745100
2025-04-23,1.1299999952316284,1.1299999952316284,0.0,1.1699999570846558,1.1100000143051147,1.1200000047683716,0.0,449300
2025-04-24,1.1699999570846558,1.1699999570846558,0.0,1.190000057220459,1.1200000047683716,1.1200000047683716,0.0,423000
2025-04-25,1.190000057220459,1.190000057220459,0.0,1.190000057220459,1.1399999856948853,1.149999976158142,0.0,373300
2025-04-28,1.159999966621399,1.159999966621399,0.0,1.2000000476837158,1.159999966621399,1.190000057220459,0.0,233000
2025-04-29,1.149999976158142,1.149999976158142,0.0,1.190000057220459,1.1449999809265137,1.1699999570846558,0.0,233900
2025-04-30,1.159999966621399,1.159999966621399,0.0,1.159999966621399,1.0800000429153442,1.1200000047683716,0.0,313900
2025-05-01,1.1200000047683716,1.1200000047683716,0.0,1.1699999570846558,1.1150000095367432,1.1399999856948853,0.0,251200
2025-05-02,1.1699999570846558,1.1699999570846558,0.0,1.2100000381469727,1.090000033378601,1.100000023841858,0.0,430300
2025-05-05,1.149999976158142,1.149999976158142,0.0,1.1699999570846558,1.1299999952316284,1.159999966621399,0.0,201500
2025-05-06,1.1100000143051147,1.1100000143051147,0.0,1.149999976158142,1.100000023841858,1.1200000047683716,0.0,201500
2025-05-07,1.0499999523162842,1.0499999523162842,0.0,1.1299999952316284,1.0499999523162842,1.090000033378601,0.0,297200
2025-05-08,1.1200000047683716,1.1200000047683716,0.0,1.1200000047683716,1.0399999618530273,1.100000023841858,0.0,267600
2025-05-09,1.090000033378601,1.090000033378601,0.0,1.1200000047683716,1.059999942779541,1.1200000047683716,0.0,357100
2025-05-12,1.1399999856948853,1.1399999856948853,0.0,1.159999966621399,1.0800000429153442,1.090000033378601,0.0,589500
2025-05-13,1.1399999856948853,1.1399999856948853,0.0,1.149999976158142,1.1100000143051147,1.1399999856948853,0.0,273400
2025-05-14,1.1200000047683716,1.1200000047683716,0.0,1.1699999570846558,1.1050000190734863,1.149999976158142,0.0,458700
2025-05-15,1.0800000429153442,1.0800000429153442,0.0,1.1100000143051147,1.0499999523162842,1.100000023841858,0.0,267200
2025-05-16,1.1200000047683716,1.1200000047683716,0.0,1.149999976158142,1.0700000524520874,1.0700000524520874,0.0,231500
2025-05-19,1.2999999523162842,1.2999999523162842,0.0,1.340000033378601,1.090000033378601,1.090000033378601,0.0,1470000
2025-05-20,1.3899999856948853,1.3899999856948853,0.0,1.4500000476837158,1.2599999904632568,1.440000057220459,0.0,2599600
2025-05-21,1.0700000524520874,1.0700000524520874,0.0,1.2799999713897705,1.0540000200271606,1.2799999713897705,0.0,2172900
2025-05-22,1.0399999618530273,1.0399999618530273,0.0,1.1399999856948853,1.0199999809265137,1.0700000524520874,0.0,1175900
2025-05-23,1.0,1.0,0.0,1.0199999809265137,0.9369999766349792,1.0199999809265137,0.0,1242000
2025-05-27,1.0499999523162842,1.0499999523162842,0.0,1.059999942779541,0.9900000095367432,1.0199999809265137,0.0,681500
2025-05-28,1.0299999713897705,1.0299999713897705,0.0,1.0700000524520874,1.0199999809265137,1.059999942779541,0.0,353900
2025-05-29,1.0299999713897705,1.0299999713897705,0.0,1.0800000429153442,1.0199999809265137,1.0299999713897705,0.0,548500
2025-05-30,0.9940000176429749,0.9940000176429749,0.0,1.0299999713897705,0.9800000190734863,1.0299999713897705,0.0,385200
2025-06-02,1.0099999904632568,1.0099999904632568,0.0,1.0099999904632568,0.9800000190734863,0.9900000095367432,0.0,162500
2025-06-03,1.0499999523162842,1.0499999523162842,0.0,1.059999942779541,1.0099999904632568,1.0099999904632568,0.0,463800
2025-06-04,1.059999942779541,1.059999942779541,0.0,1.0800000429153442,1.0299999713897705,1.059999942779541,0.0,298000
2025-06-05,1.0099999904632568,1.0099999904632568,0.0,1.059999942779541,1.0,1.0299999713897705,0.0,338000
2025-06-06,1.0099999904632568,1.0099999904632568,0.0,1.0700000524520874,0.9900000095367432,1.0,0.0,547800
2025-06-09,1.0299999713897705,1.0299999713897705,0.0,1.0399999618530273,1.0,1.0299999713897705,0.0,223500
2025-06-10,1.0199999809265137,1.0199999809265137,0.0,1.0299999713897705,1.0099999904632568,1.0299999713897705,0.0,153500
2025-06-11,0.9940000176429749,0.9940000176429749,0.0,1.0199999809265137,0.9810000061988831,1.0199999809265137,0.0,279000
2025-06-12,0.9869999885559082,0.9869999885559082,0.0,1.0,0.9800000190734863,0.9819999933242798,0.0,268900
2025-06-13,0.9399999976158142,0.9399999976158142,0.0,0.9789999723434448,0.9399999976158142,0.9750000238418579,0.0,307200
2025-06-16,0.9769999980926514,0.9769999980926514,0.0,0.9900000095367432,0.8899999856948853,0.9900000095367432,0.0,567800
2025-06-17,0.9449999928474426,0.9449999928474426,0.0,0.9700000286102295,0.9300000071525574,0.9700000286102295,0.0,243700
2025-06-18,0.9459999799728394,0.9459999799728394,0.0,0.953000009059906,0.9200000166893005,0.9449999928474426,0.0,134000
2025-06-20,0.9089999794960022,0.9089999794960022,0.0,0.9399999976158142,0.8999999761581421,0.9399999976158142,0.0,250000
2025-06-23,0.8980000019073486,0.8980000019073486,0.0,0.9100000262260437,0.8740000128746033,0.9089999794960022,0.0,258200
2025-06-24,0.9269999861717224,0.9269999861717224,0.0,0.9330000281333923,0.8859999775886536,0.8980000019073486,0.0,199600
2025-06-25,0.8930000066757202,0.8930000066757202,0.0,0.9300000071525574,0.8899999856948853,0.9300000071525574,0.0,245700
2025-06-26,0.9070000052452087,0.9070000052452087,0.0,0.9079999923706055,0.8799999952316284,0.8949999809265137,0.0,331300
2025-06-27,1.0199999809265137,1.0199999809265137,0.0,1.1100000143051147,0.925000011920929,0.925000011920929,0.0,2956600
2025-06-30,1.0700000524520874,1.0700000524520874,0.0,1.100000023841858,1.0,1.059999942779541,0.0,1001000
2025-07-01,1.0099999904632568,1.0099999904632568,0.0,1.059999942779541,0.9900000095367432,1.059999942779541,0.0,452900
2025-07-02,1.0299999713897705,1.0299999713897705,0.0,1.0499999523162842,1.0099999904632568,1.0099999904632568,0.0,390700
2025-07-03,1.0499999523162842,1.0499999523162842,0.0,1.0700000524520874,1.0499999523162842,1.0700000524520874,0.0,233900
2025-07-07,0.949999988079071,0.949999988079071,0.0,1.0399999618530273,0.949999988079071,1.0199999809265137,0.0,823300
2025-07-08,1.0,1.0,0.0,1.0299999713897705,0.9599999785423279,0.9750000238418579,0.0,448100
2025-07-09,1.0,1.0,0.0,1.0199999809265137,0.9900000095367432,1.0199999809265137,0.0,251800
2025-07-10,1.0199999809265137,1.0199999809265137,0.0,1.0199999809265137,0.9739999771118164,0.9950000047683716,0.0,347800
2025-07-11,0.996999979019165,0.996999979019165,0.0,1.027999997138977,0.9900000095367432,1.0099999904632568,0.0,127100
2025-07-14,1.0,1.0,0.0,1.0199999809265137,0.9900000095367432,1.0,0.0,387200
2025-07-15,0.9700000286102295,0.9700000286102295,0.0,1.0110000371932983,0.9700000286102295,1.0099999904632568,0.0,373600
2025-07-16,1.0099999904632568,1.0099999904632568,0.0,1.0099999904632568,0.9610000252723694,0.9890000224113464,0.0,378600
2025-07-17,1.0399999618530273,1.0399999618530273,0.0,1.059999942779541,0.9869999885559082,1.0099999904632568,0.0,624900
2025-07-18,1.0199999809265137,1.0199999809265137,0.0,1.059999942779541,1.0099999904632568,1.0499999523162842,0.0,367200
2025-07-21,1.1100000143051147,1.1100000143051147,0.0,1.149999976158142,1.027999997138977,1.0299999713897705,0.0,2150100
2025-07-22,1.0800000429153442,1.0800000429153442,0.0,1.1200000047683716,1.0299999713897705,1.1200000047683716,0.0,471900
2025-07-23,1.1200000047683716,1.1200000047683716,0.0,1.1299999952316284,1.0700000524520874,1.0800000429153442,0.0,739300
2025-07-24,1.090000033378601,1.090000033378601,0.0,1.1299999952316284,1.0800000429153442,1.1100000143051147,0.0,469900
2025-07-25,1.0800000429153442,1.0800000429153442,0.0,1.1200000047683716,1.059999942779541,1.1200000047683716,0.0,353900
2025-07-28,1.0199999809265137,1.0199999809265137,0.0,1.090000033378601,1.0,1.0800000429153442,0.0,498100
2025-07-29,1.0099999904632568,1.0099999904632568,0.0,1.059000015258789,0.9829999804496765,1.0499999523162842,0.0,317500
2025-07-30,0.9789999723434448,0.9789999723434448,0.0,1.0199999809265137,0.968999981880188,1.0,0.0,371800
2025-07-31,0.9240000247955322,0.9240000247955322,0.0,1.0,0.9190000295639038,1.0,0.0,524000
2025-08-01,0.9150000214576721,0.9150000214576721,0.0,0.9480000138282776,0.8859999775886536,0.9120000004768372,0.0,505600
2025-08-04,0.9440000057220459,0.9440000057220459,0.0,0.9549999833106995,0.9120000004768372,0.9150000214576721,0.0,269600
2025-08-05,0.9259999990463257,0.9259999990463257,0.0,0.9449999928474426,0.8809999823570251,0.9440000057220459,0.0,464800
2025-08-06,0.9129999876022339,0.9129999876022339,0.0,0.949999988079071,0.9049999713897705,0.9229999780654907,0.0,196400
2025-08-07,0.8920000195503235,0.8920000195503235,0.0,0.9330000281333923,0.8799999952316284,0.9300000071525574,0.0,312100
2025-08-08,0.9169999957084656,0.9169999957084656,0.0,0.9300000071525574,0.8899999856948853,0.9100000262260437,0.0,279600
2025-08-11,0.8870000243186951,0.8870000243186951,0.0,0.9390000104904175,0.8709999918937683,0.9300000071525574,0.0,524100
2025-08-12,0.8960000276565552,0.8960000276565552,0.0,0.925000011920929,0.8769999742507935,0.9120000004768372,0.0,799000
2025-08-13,0.8650000095367432,0.8650000095367432,0.0,0.9580000042915344,0.8600000143051147,0.949999988079071,0.0,1542000
2025-08-14,0.8370000123977661,0.8370000123977661,0.0,0.8759999871253967,0.800000011920929,0.8600000143051147,0.0,1212100
2025-08-15,0.8259999752044678,0.8259999752044678,0.0,0.8399999737739563,0.8009999990463257,0.8399999737739563,0.0,642100
2025-08-18,0.824999988079071,0.824999988079071,0.0,0.8489999771118164,0.8109999895095825,0.8180000185966492,0.0,418900
2025-08-19,0.781000018119812,0.781000018119812,0.0,0.8299999833106995,0.7799999713897705,0.8270000219345093,0.0,767200
2025-08-20,0.753000020980835,0.753000020980835,0.0,0.7889999747276306,0.75,0.7789999842643738,0.0,825700
2025-08-21,0.7519999742507935,0.7519999742507935,0.0,0.7670000195503235,0.7429999709129333,0.7429999709129333,0.0,389700
2025-08-22,0.800000011920929,0.800000011920929,0.0,0.8100000023841858,0.7200000286102295,0.75,0.0,767200
2025-08-25,0.7940000295639038,0.7940000295639038,0.0,0.824999988079071,0.7900000214576721,0.8019999861717224,0.0,425900
2025-08-26,0.8080000281333923,0.8080000281333923,0.0,0.8149999976158142,0.7850000262260437,0.7900000214576721,0.0,256400
2025-08-27,0.7799999713897705,0.7799999713897705,0.0,0.8119999766349792,0.7799999713897705,0.8090000152587891,0.0,323000
2025-08-28,0.796999990940094,0.796999990940094,0.0,0.800000011920929,0.7799999713897705,0.7870000004768372,0.0,361400
2025-08-29,0.753000020980835,0.753000020980835,0.0,0.7979999780654907,0.7400000095367432,0.7979999780654907,0.0,481500
2025-09-02,0.718999981880188,0.718999981880188,0.0,0.75,0.7039999961853027,0.75,0.0,604300
2025-09-03,0.6809999942779541,0.6809999942779541,0.0,0.7269999980926514,0.6779999732971191,0.7269999980926514,0.0,866700
2025-09-04,0.6430000066757202,0.6430000066757202,0.0,0.6809999942779541,0.6129999756813049,0.6779999732971191,0.0,928800
2025-09-05,0.7319999933242798,0.7319999933242798,0.0,0.7329999804496765,0.6499999761581421,0.6700000166893005,0.0,930000
2025-09-08,0.7210000157356262,0.7210000157356262,0.0,0.7419999837875366,0.6890000104904175,0.7419999837875366,0.0,894200
2025-09-09,0.6959999799728394,0.6959999799728394,0.0,0.7200000286102295,0.6819999814033508,0.7020000219345093,0.0,527000
2025-09-10,0.6859999895095825,0.6859999895095825,0.0,0.6980000138282776,0.6589999794960022,0.6899999976158142,0.0,712300
2025-09-11,0.7369999885559082,0.7369999885559082,0.0,0.7419999837875366,0.675000011920929,0.675000011920929,0.0,518000
2025-09-12,0.7620000243186951,0.7620000243186951,0.0,0.7850000262260437,0.7300000190734863,0.7490000128746033,0.0,1457500
2025-09-15,0.7250000238418579,0.7250000238418579,0.0,0.7440000176429749,0.6949999928474426,0.7350000143051147,0.0,762200
2025-09-16,0.7210000157356262,0.7210000157356262,0.0,0.7360000014305115,0.7059999704360962,0.7110000252723694,0.0,388800
2025-09-17,0.718999981880188,0.718999981880188,0.0,0.75,0.7099999785423279,0.7300000190734863,0.0,414500
2025-09-18,0.7829999923706055,0.7829999923706055,0.0,0.8199999928474426,0.7099999785423279,0.7200000286102295,0.0,1160200
2025-09-19,0.7919999957084656,0.7919999957084656,0.0,0.800000011920929,0.7670000195503235,0.7749999761581421,0.0,571100
2025-09-22,0.781000018119812,0.781000018119812,0.0,0.8100000023841858,0.7319999933242798,0.7799999713897705,0.0,740400
2025-09-23,0.7710000276565552,0.7710000276565552,0.0,0.8240000009536743,0.7549999952316284,0.796999990940094,0.0,1018900
2025-09-24,0.7599999904632568,0.7599999904632568,0.0,0.800000011920929,0.746999979019165,0.7799999713897705,0.0,566600
2025-09-25,0.7170000076293945,0.7170000076293945,0.0,0.7490000128746033,0.6899999976158142,0.7350000143051147,0.0,1430300
2025-09-26,0.7390000224113464,0.7390000224113464,0.0,0.7490000128746033,0.699999988079071,0.7170000076293945,0.0,466600
2025-09-29,0.7419999837875366,0.7419999837875366,0.0,0.7590000033378601,0.7120000123977661,0.7509999871253967,0.0,495000
2025-09-30,0.7369999885559082,0.7369999885559082,0.0,0.75,0.7009999752044678,0.75,0.0,207400
2025-10-01,0.7440000176429749,0.7440000176429749,0.0,0.7490000128746033,0.7149999737739563,0.7300000190734863,0.0,215900
2025-10-02,0.800000011920929,0.800000011920929,0.0,0.8100000023841858,0.7400000095367432,0.7400000095367432,0.0,1140600
2025-10-03,0.8289999961853027,0.8289999961853027,0.0,0.878000020980835,0.8100000023841858,0.8199999928474426,0.0,909300
2025-10-06,0.8270000219345093,0.8270000219345093,0.0,0.8500000238418579,0.7900000214576721,0.8119999766349792,0.0,704100
2025-10-07,0.8399999737739563,0.8399999737739563,0.0,0.8700000047683716,0.8100000023841858,0.847000002861023,0.0,902900
2025-10-08,0.9279999732971191,0.9279999732971191,0.0,0.949999988079071,0.8550000190734863,0.8700000047683716,0.0,1684400
2025-10-09,0.9399999976158142,0.9399999976158142,0.0,1.0399999618530273,0.8999999761581421,0.9399999976158142,0.0,2901100
2025-10-10,0.8309999704360962,0.8309999704360962,0.0,0.9599999785423279,0.8100000023841858,0.9470000267028809,0.0,2026000
2025-10-13,0.8500000238418579,0.8500000238418579,0.0,0.8889999985694885,0.8199999928474426,0.8500000238418579,0.0,898900
2025-10-14,0.824999988079071,0.824999988079071,0.0,0.8479999899864197,0.7799999713897705,0.8220000267028809,0.0,903800
2025-10-15,0.8240000009536743,0.8240000009536743,0.0,0.9100000262260437,0.8059999942779541,0.8309999704360962,0.0,2480700
2025-10-16,0.7620000243186951,0.7620000243186951,0.0,0.8399999737739563,0.7549999952316284,0.8389999866485596,0.0,1312300
2025-10-17,0.7360000014305115,0.7360000014305115,0.0,0.777999997138977,0.7239999771118164,0.7599999904632568,0.0,592700
2025-10-20,0.7860000133514404,0.7860000133514404,0.0,0.8040000200271606,0.7450000047683716,0.75,0.0,691900
2025-10-21,0.7689999938011169,0.7689999938011169,0.0,0.8199999928474426,0.7480000257492065,0.800000011920929,0.0,591300
2025-10-22,0.7260000109672546,0.7260000109672546,0.0,0.7689999938011169,0.7080000042915344,0.7549999952316284,0.0,568400
2025-10-23,0.7519999742507935,0.7519999742507935,0.0,0.7599999904632568,0.7099999785423279,0.7200000286102295,0.0,360300
2025-10-24,0.7760000228881836,0.7760000228881836,0.0,0.7799999713897705,0.7429999709129333,0.7599999904632568,0.0,768400
2025-10-27,0.7689999938011169,0.7689999938011169,0.0,0.800000011920929,0.7609999775886536,0.7760000228881836,0.0,461500
2025-10-28,0.7329999804496765,0.7329999804496765,0.0,0.7900000214576721,0.7250000238418579,0.7599999904632568,0.0,590200
2025-10-29,0.6880000233650208,0.6880000233650208,0.0,0.7319999933242798,0.6859999895095825,0.7289999723434448,0.0,782100
2025-10-30,0.6819999814033508,0.6819999814033508,0.0,0.7089999914169312,0.6800000071525574,0.6850000023841858,0.0,440900
2025-10-31,0.7260000109672546,0.7260000109672546,0.0,0.7480000257492065,0.6819999814033508,0.6819999814033508,0.0,563600
2025-11-03,0.6899999976158142,0.6899999976158142,0.0,0.7360000014305115,0.6679999828338623,0.7360000014305115,0.0,888300
2025-11-04,0.6430000066757202,0.6430000066757202,0.0,0.6850000023841858,0.6299999952316284,0.6600000262260437,0.0,659700
2025-11-05,0.6470000147819519,0.6470000147819519,0.0,0.6660000085830688,0.6299999952316284,0.6430000066757202,0.0,471700
2025-11-06,0.6159999966621399,0.6159999966621399,0.0,0.6600000262260437,0.6000000238418579,0.6449999809265137,0.0,614100
2025-11-07,0.6000000238418579,0.6000000238418579,0.0,0.6050000190734863,0.550000011920929,0.6000000238418579,0.0,1219700
2025-11-10,0.5849999785423279,0.5849999785423279,0.0,0.6200000047683716,0.5799999833106995,0.6190000176429749,0.0,716400
2025-11-11,0.5640000104904175,0.5640000104904175,0.0,0.5899999737739563,0.5569999814033508,0.5799999833106995,0.0,393100
2025-11-12,0.5699999928474426,0.5699999928474426,0.0,0.5789999961853027,0.5410000085830688,0.550000011920929,0.0,1275300
2025-11-13,0.5139999985694885,0.5139999985694885,0.0,0.5759999752044678,0.5,0.5699999928474426,0.0,1698100
2025-11-14,0.5320000052452087,0.5320000052452087,0.0,0.5479999780654907,0.5,0.5,0.0,658600
2025-11-17,0.45899999141693115,0.45899999141693115,0.0,0.5270000100135803,0.453000009059906,0.5270000100135803,0.0,1067600
2025-11-18,0.46700000762939453,0.46700000762939453,0.0,0.47200000286102295,0.4259999990463257,0.45500001311302185,0.0,467500
2025-11-19,0.44200000166893005,0.44200000166893005,0.0,0.492000013589859,0.4309999942779541,0.47999998927116394,0.0,584600
2025-11-20,0.4099999964237213,0.4099999964237213,0.0,0.47999998927116394,0.4099999964237213,0.44999998807907104,0.0,689200
2025-11-21,0.4020000100135803,0.4020000100135803,0.0,0.42899999022483826,0.38499999046325684,0.39500001072883606,0.0,912100
2025-11-24,0.4410000145435333,0.4410000145435333,0.0,0.44999998807907104,0.4000000059604645,0.4000000059604645,0.0,621000
2025-11-25,0.4620000123977661,0.4620000123977661,0.0,0.4699999988079071,0.4300000071525574,0.44699999690055847,0.0,601600
2025-11-26,0.460999995470047,0.460999995470047,0.0,0.47999998927116394,0.4399999976158142,0.453000009059906,0.0,623400
2025-11-28,0.4620000123977661,0.4620000123977661,0.0,0.47999998927116394,0.460999995470047,0.4690000116825104,0.0,412400
2025-12-01,0.4059999883174896,0.4059999883174896,0.0,0.4650000035762787,0.4000000059604645,0.46000000834465027,0.0,750600
2025-12-02,0.4000000059604645,0.4000000059604645,0.0,0.4429999887943268,0.4000000059604645,0.41600000858306885,0.0,860100
2025-12-03,0.38600000739097595,0.38600000739097595,0.0,0.4020000100135803,0.36000001430511475,0.3970000147819519,0.0,1036400
2025-12-04,0.4339999854564667,0.4339999854564667,0.0,0.4399999976158142,0.39500001072883606,0.4000000059604645,0.0,788700
2025-12-05,0.41600000858306885,0.41600000858306885,0.0,0.45100000500679016,0.4099999964237213,0.4449999928474426,0.0,337700
2025-12-08,0.4129999876022339,0.4129999876022339,0.0,0.4440000057220459,0.4099999964237213,0.42399999499320984,0.0,601500
2025-12-09,0.5,0.5,0.0,0.6000000238418579,0.4180000126361847,0.4180000126361847,0.0,31570000
2025-12-10,0.5249999761581421,0.5249999761581421,0.0,0.550000011920929,0.4729999899864197,0.5,0.0,6324000
2025-12-11,0.4650000035762787,0.4650000035762787,0.0,0.5080000162124634,0.453000009059906,0.5059999823570251,0.0,3482100
2025-12-12,0.4000000059604645,0.4000000059604645,0.0,0.47699999809265137,0.4000000059604645,0.4749999940395355,0.0,2297600
2025-12-15,0.3659999966621399,0.3659999966621399,0.0,0.4099999964237213,0.36000001430511475,0.4099999964237213,0.0,1647500
2025-12-16,0.4009999930858612,0.4009999930858612,0.0,0.4099999964237213,0.3659999966621399,0.3659999966621399,0.0,1019200
2025-12-17,0.375,0.375,0.0,0.4189999997615814,0.375,0.4189999997615814,0.0,1111200
2025-12-18,0.3700000047683716,0.3700000047683716,0.0,0.4000000059604645,0.36500000953674316,0.3970000147819519,0.0,1021300
2025-12-19,0.38600000739097595,0.38600000739097595,0.0,0.4000000059604645,0.3700000047683716,0.3709999918937683,0.0,1209900
2025-12-22,0.39100000262260437,0.39100000262260437,0.0,0.414000004529953,0.3799999952316284,0.39500001072883606,0.0,1449500
2025-12-23,0.3499999940395355,0.3499999940395355,0.0,0.4099999964237213,0.3499999940395355,0.3970000147819519,0.0,1485200
2025-12-24,0.3479999899864197,0.3479999899864197,0.0,0.36000001430511475,0.3230000138282776,0.3499999940395355,0.0,1096300
2025-12-26,0.33000001311302185,0.33000001311302185,0.0,0.35100001096725464,0.32499998807907104,0.3490000069141388,0.0,1307400
2025-12-29,0.3059999942779541,0.3059999942779541,0.0,0.33000001311302185,0.30399999022483826,0.33000001311302185,0.0,1366100
2025-12-30,0.3100000023841858,0.3100000023841858,0.0,0.32499998807907104,0.30000001192092896,0.30000001192092896,0.0,1813500
2025-12-31,0.3319999873638153,0.3319999873638153,0.0,0.37599998712539673,0.3009999990463257,0.3059999942779541,0.0,3724900
2026-01-02,0.34200000762939453,0.34200000762939453,0.0,0.3799999952316284,0.32499998807907104,0.367000013589859,0.0,3872000
2026-01-05,0.3400000035762787,0.3400000035762787,0.0,0.3700000047683716,0.32600000500679016,0.3499999940395355,0.0,2676100
2026-01-06,0.3630000054836273,0.3630000054836273,0.0,0.3709999918937683,0.33799999952316284,0.34700000286102295,0.0,1321000
2026-01-07,0.35600000619888306,0.35600000619888306,0.0,0.36899998784065247,0.3440000116825104,0.36000001430511475,0.0,785400
2026-01-08,0.34299999475479126,0.34299999475479126,0.0,0.3540000021457672,0.3370000123977661,0.3490000069141388,0.0,645600
2026-01-09,0.3330000042915344,0.3330000042915344,0.0,0.35499998927116394,0.3330000042915344,0.3490000069141388,0.0,927500
2026-01-12,0.33399999141693115,0.33399999141693115,0.0,0.3490000069141388,0.32499998807907104,0.32499998807907104,0.0,862700
2026-01-13,0.3009999990463257,0.3009999990463257,0.0,0.3400000035762787,0.3009999990463257,0.3330000042915344,0.0,2106200
2026-01-14,0.29100000858306885,0.29100000858306885,0.0,0.29899999499320984,0.2800000011920929,0.2980000078678131,0.0,1769500
2026-01-15,0.28999999165534973,0.28999999165534973,0.0,0.3050000071525574,0.28999999165534973,0.30000001192092896,0.0,901500
2026-01-16,0.28999999165534973,0.28999999165534973,0.0,0.30000001192092896,0.28299999237060547,0.28999999165534973,0.0,910200
2026-01-20,0.2750000059604645,0.2750000059604645,0.0,0.29100000858306885,0.27000001072883606,0.29100000858306885,0.0,1217200
2026-01-21,0.2590000033378601,0.2590000033378601,0.0,0.2849999964237213,0.25,0.2720000147819519,0.0,1322800
2026-01-22,0.27300000190734863,0.27300000190734863,0.0,0.27799999713897705,0.23999999463558197,0.23999999463558197,0.0,764100
2026-01-23,0.2800000011920929,0.2800000011920929,0.0,0.28600001335144043,0.26499998569488525,0.27799999713897705,0.0,3504900
2026-01-26,0.3109999895095825,0.3109999895095825,0.0,0.3790000081062317,0.29100000858306885,0.3700000047683716,0.0,66901600
2026-01-27,0.32499998807907104,0.32499998807907104,0.0,0.3700000047683716,0.27000001072883606,0.3100000023841858,0.0,15929700
2026-01-28,0.33799999952316284,0.33799999952316284,0.0,0.4490000009536743,0.3199999928474426,0.33799999952316284,0.0,28347200
2026-01-29,0.3050000071525574,0.3050000071525574,0.0,0.33899998664855957,0.30000001192092896,0.33500000834465027,0.0,9113800
2026-01-30,0.32600000500679016,0.32600000500679016,0.0,0.34299999475479126,0.28299999237060547,0.3190000057220459,0.0,11841100
2026-02-02,0.27799999713897705,0.27799999713897705,0.0,0.3330000042915344,0.2750000059604645,0.33000001311302185,0.0,7736600
2026-02-03,0.2619999945163727,0.2619999945163727,0.0,0.2750000059604645,0.24300000071525574,0.2750000059604645,0.0,6167600
2026-02-04,0.21699999272823334,0.21699999272823334,0.0,0.2639999985694885,0.21400000154972076,0.2639999985694885,0.0,4877900
2026-02-05,0.21299999952316284,0.21299999952316284,0.0,0.24899999797344208,0.20999999344348907,0.21400000154972076,0.0,6780200
2026-02-06,0.2280000001192093,0.2280000001192093,0.0,0.23600000143051147,0.20999999344348907,0.2240000069141388,0.0,3472700
2026-02-09,0.2370000034570694,0.2370000034570694,0.0,0.24300000071525574,0.2199999988079071,0.23000000417232513,0.0,1784700
2026-02-10,0.2329999953508377,0.2329999953508377,0.0,0.24699999392032623,0.23000000417232513,0.23999999463558197,0.0,1747900
2026-02-11,0.2150000035762787,0.2150000035762787,0.0,0.23199999332427979,0.21199999749660492,0.23199999332427979,0.0,3271900
2026-02-12,0.20200000703334808,0.20200000703334808,0.0,0.2199999988079071,0.19499999284744263,0.2150000035762787,0.0,3667100
2026-02-13,0.20100000500679016,0.20100000500679016,0.0,0.2240000069141388,0.19900000095367432,0.19900000095367432,0.0,4407900
2026-02-17,0.18700000643730164,0.18700000643730164,0.0,0.2029999941587448,0.1809999942779541,0.20000000298023224,0.0,2383800
2026-02-18,0.18000000715255737,0.18000000715255737,0.0,0.2029999941587448,0.18000000715255737,0.18199999630451202,0.0,1963100
2026-02-19,0.1889999955892563,0.1889999955892563,0.0,0.19900000095367432,0.18000000715255737,0.18199999630451202,0.0,1620400
2026-02-20,0.1850000023841858,0.1850000023841858,0.0,0.20200000703334808,0.1850000023841858,0.19300000369548798,0.0,1692900
2026-02-23,0.17499999701976776,0.17499999701976776,0.0,0.1940000057220459,0.17100000381469727,0.1809999942779541,0.0,1914800
2026-02-24,0.18000000715255737,0.18000000715255737,0.0,0.1860000044107437,0.17299999296665192,0.17399999499320984,0.0,1018500
2026-02-25,0.1899999976158142,0.1899999976158142,0.0,0.20900000631809235,0.17599999904632568,0.18299999833106995,0.0,2779200
2026-02-26,0.1889999955892563,0.1889999955892563,0.0,0.20000000298023224,0.18700000643730164,0.19200000166893005,0.0,1541800
2026-02-27,0.18299999833106995,0.18299999833106995,0.0,0.19499999284744263,0.18299999833106995,0.1940000057220459,0.0,1359300
2026-03-02,0.16599999368190765,0.16599999368190765,0.0,0.18299999833106995,0.16200000047683716,0.17299999296665192,0.0,2190600
2026-03-03,0.18299999833106995,0.18299999833106995,0.0,0.20200000703334808,0.16300000250339508,0.16300000250339508,0.0,4752000
2026-03-04,0.20100000500679016,0.20100000500679016,0.0,0.2290000021457672,0.19099999964237213,0.19300000369548798,0.0,35511000
2026-03-05,0.22300000488758087,0.22300000488758087,0.0,0.2529999911785126,0.21199999749660492,0.2370000034570694,0.0,82472800
2026-03-06,0.19900000095367432,0.19900000095367432,0.0,0.2199999988079071,0.18400000035762787,0.20900000631809235,0.0,10279300
2026-03-09,0.19200000166893005,0.19200000166893005,0.0,0.19499999284744263,0.17100000381469727,0.18799999356269836,0.0,4740200
2026-03-10,0.1899999976158142,0.1899999976158142,0.0,0.20000000298023224,0.18000000715255737,0.18000000715255737,0.0,3307700
2026-03-11,0.20999999344348907,0.20999999344348907,0.0,0.20999999344348907,0.18799999356269836,0.18799999356269836,0.0,3821800
2026-03-12,0.2199999988079071,0.2199999988079071,0.0,0.2199999988079071,0.19300000369548798,0.20200000703334808,0.0,10030600
2026-03-13,0.2529999911785126,0.2529999911785126,0.0,0.3179999887943268,0.24199999868869781,0.2669999897480011,0.0,151503000
2026-03-16,0.3019999861717224,0.3019999861717224,0.0,0.31299999356269836,0.23000000417232513,0.25200000405311584,0.0,24592300
2026-03-17,0.28600001335144043,0.28600001335144043,0.0,0.3149999976158142,0.2709999978542328,0.2879999876022339,0.0,10747300
2026-03-18,0.2750000059604645,0.2750000059604645,0.0,0.2849999964237213,0.22200000286102295,0.2750000059604645,0.0,12239900
2026-03-19,0.26499998569488525,0.26499998569488525,0.0,0.2680000066757202,0.25,0.2619999945163727,0.0,2283600
2026-03-20,0.22300000488758087,0.22300000488758087,0.0,0.26499998569488525,0.22200000286102295,0.25999999046325684,0.0,4051800
2026-03-23,0.25999999046325684,0.25999999046325684,0.0,0.2750000059604645,0.23199999332427979,0.23600000143051147,0.0,6269000
2026-03-24,0.25999999046325684,0.25999999046325684,0.0,0.26899999380111694,0.24500000476837158,0.257999986410141,0.0,2024000
2026-03-25,0.24500000476837158,0.24500000476837158,0.0,0.27000001072883606,0.24500000476837158,0.2619999945163727,0.0,3052400
2026-03-26,0.21799999475479126,0.21799999475479126,0.0,0.25,0.210999995470047,0.2409999966621399,0.0,2976300
2026-03-27,0.1940000057220459,0.1940000057220459,0.0,0.21799999475479126,0.18299999833106995,0.2150000035762787,0.0,4134500
2026-03-30,0.20000000298023224,0.20000000298023224,0.0,0.2150000035762787,0.19599999487400055,0.20600000023841858,0.0,16017500
2026-03-31,0.1809999942779541,0.1809999942779541,0.0,0.1899999976158142,0.1420000046491623,0.18000000715255737,0.0,12552800
2026-04-01,0.18000000715255737,0.18000000715255737,0.0,0.18199999630451202,0.16500000655651093,0.17100000381469727,0.0,3290100
2026-04-02,0.17900000512599945,0.17900000512599945,0.0,0.17900000512599945,0.164000004529953,0.17100000381469727,0.0,2534500
2026-04-06,0.18000000715255737,0.18000000715255737,0.0,0.1850000023841858,0.1720000058412552,0.17900000512599945,0.0,2179000
2026-04-07,0.1899999976158142,0.1899999976158142,0.0,0.19499999284744263,0.17000000178813934,0.17900000512599945,0.0,4121800
2026-04-08,0.1809999942779541,0.1809999942779541,0.0,0.20000000298023224,0.17499999701976776,0.20000000298023224,0.0,3355400
2026-04-09,0.17900000512599945,0.17900000512599945,0.0,0.1850000023841858,0.17100000381469727,0.17499999701976776,0.0,2071600
2026-04-10,0.18199999630451202,0.18199999630451202,0.0,0.18199999630451202,0.16899999976158142,0.17800000309944153,0.0,40795000
2026-04-13,0.16300000250339508,0.16300000250339508,0.0,0.1720000058412552,0.1509999930858612,0.16200000047683716,0.0,11665800
2026-04-14,0.16500000655651093,0.16500000655651093,0.0,0.17299999296665192,0.16099999845027924,0.16300000250339508,0.0,5745000
2026-04-15,0.1850000023841858,0.1850000023841858,0.0,0.1850000023841858,0.15700000524520874,0.16300000250339508,0.0,7632000
2026-04-16,0.18000000715255737,0.18000000715255737,0.0,0.18199999630451202,0.17000000178813934,0.18199999630451202,0.0,3435400
2026-04-17,0.19699999690055847,0.19699999690055847,0.0,0.19699999690055847,0.17399999499320984,0.17499999701976776,0.0,5891100
2026-04-20,0.1809999942779541,0.1809999942779541,0.0,0.1899999976158142,0.17499999701976776,0.18400000035762787,0.0,3613200
2026-04-21,0.1679999977350235,0.1679999977350235,0.0,0.18000000715255737,0.164000004529953,0.18000000715255737,0.0,3969000
2026-04-22,0.18199999630451202,0.18199999630451202,0.0,0.18400000035762787,0.1599999964237213,0.17000000178813934,0.0,15083500
2026-04-23,0.16200000047683716,0.16200000047683716,0.0,0.17599999904632568,0.16099999845027924,0.17299999296665192,0.0,9973500
2026-04-24,0.164000004529953,0.164000004529953,0.0,0.16500000655651093,0.15299999713897705,0.1599999964237213,0.0,4348400
2026-04-27,0.16300000250339508,0.16300000250339508,0.0,0.16500000655651093,0.1550000011920929,0.16500000655651093,0.0,3819900
2026-04-28,0.16200000047683716,0.16200000047683716,0.0,0.16300000250339508,0.15399999916553497,0.1589999943971634,0.0,2581900
2026-04-29,0.15299999713897705,0.15299999713897705,0.0,0.16099999845027924,0.14800000190734863,0.1589999943971634,0.0,4983600
2026-04-30,0.164000004529953,0.164000004529953,0.0,0.16599999368190765,0.14800000190734863,0.1509999930858612,0.0,4157000
2026-05-01,0.16599999368190765,0.16599999368190765,0.0,0.1679999977350235,0.15700000524520874,0.16599999368190765,0.0,3132000
2026-05-04,0.16300000250339508,0.16300000250339508,0.0,0.16899999976158142,0.15700000524520874,0.16899999976158142,0.0,3359700
2026-05-05,0.15800000727176666,0.15800000727176666,0.0,0.16200000047683716,0.1550000011920929,0.16099999845027924,0.0,3348600
2026-05-06,0.1550000011920929,0.1550000011920929,0.0,0.16099999845027924,0.15299999713897705,0.15800000727176666,0.0,3930500
2026-05-07,0.15399999916553497,0.15399999916553497,0.0,0.16200000047683716,0.15399999916553497,0.15399999916553497,0.0,2900000
2026-05-08,0.14499999582767487,0.14499999582767487,0.0,0.1589999943971634,0.14399999380111694,0.1589999943971634,0.0,5528300
2026-05-11,0.14100000262260437,0.14100000262260437,0.0,0.15199999511241913,0.14100000262260437,0.14499999582767487,0.0,3410000
2026-05-12,0.13699999451637268,0.13699999451637268,0.0,0.1459999978542328,0.13600000739097595,0.14100000262260437,0.0,4445700
2026-05-13,0.1420000046491623,0.1420000046491623,0.0,0.14399999380111694,0.13500000536441803,0.13600000739097595,0.0,7900300
2026-05-14,0.14000000059604645,0.14000000059604645,0.0,0.14499999582767487,0.13099999725818634,0.14000000059604645,0.0,6076600
2026-05-15,0.13699999451637268,0.13699999451637268,0.0,0.14499999582767487,0.13600000739097595,0.14000000059604645,0.0,3029000
2026-05-18,0.14100000262260437,0.14100000262260437,0.0,0.15000000596046448,0.13500000536441803,0.14000000059604645,0.0,5994200
2026-05-19,0.16899999976158142,0.16899999976158142,0.0,0.18000000715255737,0.14000000059604645,0.14100000262260437,0.0,29693300
2026-05-20,0.17800000309944153,0.17800000309944153,0.0,0.19300000369548798,0.16500000655651093,0.1809999942779541,0.0,20540600
2026-05-21,0.20000000298023224,0.20000000298023224,0.0,0.23199999332427979,0.18299999833106995,0.1899999976158142,0.0,116744200
2026-05-22,0.18199999630451202,0.18199999630451202,0.0,0.23499999940395355,0.17800000309944153,0.2160000056028366,0.0,32517000
2026-05-26,0.22699999809265137,0.22699999809265137,0.0,0.25,0.1860000044107437,0.18799999356269836,0.0,45144300
2026-05-27,0.19900000095367432,0.19900000095367432,0.0,0.2280000001192093,0.1940000057220459,0.22100000083446503,0.0,13353800
2026-05-28,0.17100000381469727,0.17100000381469727,0.0,0.20200000703334808,0.16899999976158142,0.19200000166893005,0.0,12360300
2026-05-29,0.20800000429153442,0.20800000429153442,0.0,0.23000000417232513,0.17100000381469727,0.17100000381469727,0.0,41713700
2026-06-01,0.20499999821186066,0.20499999821186066,0.0,0.25,0.1979999989271164,0.2280000001192093,0.0,62008800
2026-06-02,0.2029999941587448,0.2029999941587448,0.0,0.2029999941587448,0.18199999630451202,0.19099999964237213,0.0,15034600
2026-06-03,0.1589999943971634,0.1589999943971634,0.0,0.19900000095367432,0.14900000393390656,0.1979999989271164,0.0,69761800
2026-06-04,0.2549999952316284,0.2549999952316284,0.0,0.33500000834465027,0.2540000081062317,0.3100000023841858,0.0,538180500
2026-06-05,0.24699999392032623,0.24699999392032623,0.0,0.28299999237060547,0.21299999952316284,0.2800000011920929,0.0,82249400
