Date,Adj Close,Close,Dividends,High,Low,Open,Stock Splits,Volume
2018-07-19,14.0,14.0,0.0,14.0,12.800000190734863,12.800000190734863,0.0,75
2018-07-20,14.960000038146973,14.960000038146973,0.0,16.0,14.0,16.0,0.0,200
2018-07-23,22.399999618530273,22.399999618530273,0.0,40.0,16.0,16.0,0.0,1150
2018-07-24,22.8799991607666,22.8799991607666,0.0,37.20000076293945,21.920000076293945,32.0,0.0,313
2018-07-25,22.8799991607666,22.8799991607666,0.0,22.8799991607666,22.8799991607666,22.8799991607666,0.0,0
2018-07-26,22.15999984741211,22.15999984741211,0.0,22.15999984741211,22.0,22.0,0.0,300
2018-07-27,21.600000381469727,21.600000381469727,0.0,23.040000915527344,21.600000381469727,23.040000915527344,0.0,188
2018-07-30,21.600000381469727,21.600000381469727,0.0,21.600000381469727,21.600000381469727,21.600000381469727,0.0,38
2018-07-31,21.600000381469727,21.600000381469727,0.0,21.84000015258789,21.600000381469727,21.84000015258789,0.0,88
2018-08-01,21.600000381469727,21.600000381469727,0.0,21.68000030517578,21.600000381469727,21.68000030517578,0.0,138
2018-08-02,22.559999465942383,22.559999465942383,0.0,22.559999465942383,21.600000381469727,22.0,0.0,413
2018-08-03,23.040000915527344,23.040000915527344,0.0,23.040000915527344,22.559999465942383,22.559999465942383,0.0,63
2018-08-06,23.040000915527344,23.040000915527344,0.0,23.040000915527344,23.040000915527344,23.040000915527344,0.0,663
2018-08-07,23.040000915527344,23.040000915527344,0.0,23.040000915527344,23.040000915527344,23.040000915527344,0.0,0
2018-08-08,23.040000915527344,23.040000915527344,0.0,23.040000915527344,23.040000915527344,23.040000915527344,0.0,0
2018-08-09,23.040000915527344,23.040000915527344,0.0,23.040000915527344,23.040000915527344,23.040000915527344,0.0,0
2018-08-10,23.040000915527344,23.040000915527344,0.0,23.040000915527344,23.040000915527344,23.040000915527344,0.0,0
2018-08-13,23.040000915527344,23.040000915527344,0.0,23.040000915527344,23.040000915527344,23.040000915527344,0.0,0
2018-08-14,23.040000915527344,23.040000915527344,0.0,23.040000915527344,23.040000915527344,23.040000915527344,0.0,0
2018-08-15,23.040000915527344,23.040000915527344,0.0,23.040000915527344,23.040000915527344,23.040000915527344,0.0,0
2018-08-16,23.040000915527344,23.040000915527344,0.0,23.040000915527344,23.040000915527344,23.040000915527344,0.0,0
2018-08-17,23.040000915527344,23.040000915527344,0.0,23.040000915527344,23.040000915527344,23.040000915527344,0.0,0
2018-08-20,23.040000915527344,23.040000915527344,0.0,23.040000915527344,23.040000915527344,23.040000915527344,0.0,0
2018-08-21,23.040000915527344,23.040000915527344,0.0,23.040000915527344,23.040000915527344,23.040000915527344,0.0,0
2018-08-22,23.040000915527344,23.040000915527344,0.0,23.040000915527344,23.040000915527344,23.040000915527344,0.0,0
2018-08-23,22.399999618530273,22.399999618530273,0.0,22.399999618530273,16.079999923706055,16.079999923706055,0.0,25
2018-08-24,22.399999618530273,22.399999618530273,0.0,22.399999618530273,22.399999618530273,22.399999618530273,0.0,0
2018-08-27,22.399999618530273,22.399999618530273,0.0,22.399999618530273,22.399999618530273,22.399999618530273,0.0,0
2018-08-28,22.399999618530273,22.399999618530273,0.0,22.399999618530273,22.399999618530273,22.399999618530273,0.0,0
2018-08-29,22.399999618530273,22.399999618530273,0.0,22.399999618530273,22.399999618530273,22.399999618530273,0.0,0
2018-08-30,21.600000381469727,21.600000381469727,0.0,21.600000381469727,21.600000381469727,21.600000381469727,0.0,25
2018-08-31,21.600000381469727,21.600000381469727,0.0,21.600000381469727,16.079999923706055,21.600000381469727,0.0,125
2018-09-04,21.600000381469727,21.600000381469727,0.0,21.600000381469727,21.600000381469727,21.600000381469727,0.0,0
2018-09-05,21.600000381469727,21.600000381469727,0.0,21.600000381469727,21.600000381469727,21.600000381469727,0.0,0
2018-09-06,21.600000381469727,21.600000381469727,0.0,21.600000381469727,21.600000381469727,21.600000381469727,0.0,0
2018-09-07,21.600000381469727,21.600000381469727,0.0,21.600000381469727,21.600000381469727,21.600000381469727,0.0,0
2018-09-10,21.520000457763672,21.520000457763672,0.0,21.520000457763672,21.520000457763672,21.520000457763672,0.0,13
2018-09-11,21.520000457763672,21.520000457763672,0.0,21.520000457763672,21.520000457763672,21.520000457763672,0.0,0
2018-09-12,21.520000457763672,21.520000457763672,0.0,21.520000457763672,21.520000457763672,21.520000457763672,0.0,0
2018-09-13,21.520000457763672,21.520000457763672,0.0,21.520000457763672,21.520000457763672,21.520000457763672,0.0,0
2018-09-14,21.520000457763672,21.520000457763672,0.0,21.520000457763672,21.520000457763672,21.520000457763672,0.0,0
2018-09-17,21.600000381469727,21.600000381469727,0.0,21.600000381469727,17.200000762939453,17.200000762939453,0.0,1900
2018-09-18,21.600000381469727,21.600000381469727,0.0,21.600000381469727,21.600000381469727,21.600000381469727,0.0,0
2018-09-19,21.600000381469727,21.600000381469727,0.0,21.600000381469727,21.600000381469727,21.600000381469727,0.0,0
2018-09-20,21.600000381469727,21.600000381469727,0.0,21.600000381469727,21.600000381469727,21.600000381469727,0.0,0
2018-09-21,21.600000381469727,21.600000381469727,0.0,21.600000381469727,21.600000381469727,21.600000381469727,0.0,13
2018-09-24,21.600000381469727,21.600000381469727,0.0,21.600000381469727,21.600000381469727,21.600000381469727,0.0,0
2018-09-25,21.600000381469727,21.600000381469727,0.0,21.600000381469727,21.600000381469727,21.600000381469727,0.0,0
2018-09-26,21.600000381469727,21.600000381469727,0.0,21.600000381469727,21.600000381469727,21.600000381469727,0.0,0
2018-09-27,21.600000381469727,21.600000381469727,0.0,21.600000381469727,21.600000381469727,21.600000381469727,0.0,0
2018-09-28,21.600000381469727,21.600000381469727,0.0,21.600000381469727,21.600000381469727,21.600000381469727,0.0,0
2018-10-01,21.600000381469727,21.600000381469727,0.0,21.600000381469727,21.600000381469727,21.600000381469727,0.0,0
2018-10-02,21.600000381469727,21.600000381469727,0.0,21.600000381469727,21.600000381469727,21.600000381469727,0.0,0
2018-10-03,21.600000381469727,21.600000381469727,0.0,21.600000381469727,21.600000381469727,21.600000381469727,0.0,0
2018-10-04,21.600000381469727,21.600000381469727,0.0,21.600000381469727,21.600000381469727,21.600000381469727,0.0,0
2018-10-05,21.600000381469727,21.600000381469727,0.0,21.600000381469727,21.600000381469727,21.600000381469727,0.0,0
2018-10-08,21.600000381469727,21.600000381469727,0.0,21.600000381469727,21.600000381469727,21.600000381469727,0.0,0
2018-10-09,21.600000381469727,21.600000381469727,0.0,21.600000381469727,21.600000381469727,21.600000381469727,0.0,0
2018-10-10,21.600000381469727,21.600000381469727,0.0,21.600000381469727,21.600000381469727,21.600000381469727,0.0,0
2018-10-11,21.600000381469727,21.600000381469727,0.0,21.600000381469727,21.600000381469727,21.600000381469727,0.0,0
2018-10-12,21.600000381469727,21.600000381469727,0.0,21.600000381469727,21.600000381469727,21.600000381469727,0.0,0
2018-10-15,21.600000381469727,21.600000381469727,0.0,21.600000381469727,21.600000381469727,21.600000381469727,0.0,0
2018-10-16,25.600000381469727,25.600000381469727,0.0,32.0,21.600000381469727,21.600000381469727,0.0,175
2018-10-17,25.600000381469727,25.600000381469727,0.0,25.600000381469727,25.600000381469727,25.600000381469727,0.0,0
2018-10-18,25.600000381469727,25.600000381469727,0.0,25.600000381469727,25.600000381469727,25.600000381469727,0.0,50
2018-10-19,25.600000381469727,25.600000381469727,0.0,25.600000381469727,25.600000381469727,25.600000381469727,0.0,25
2018-10-22,26.0,26.0,0.0,26.0,26.0,26.0,0.0,13
2018-10-23,26.0,26.0,0.0,26.0,26.0,26.0,0.0,0
2018-10-24,26.0,26.0,0.0,26.0,26.0,26.0,0.0,0
2018-10-25,25.600000381469727,25.600000381469727,0.0,25.600000381469727,25.600000381469727,25.600000381469727,0.0,50
2018-10-26,25.600000381469727,25.600000381469727,0.0,25.600000381469727,25.600000381469727,25.600000381469727,0.0,0
2018-10-29,34.0,34.0,0.0,34.0,27.600000381469727,27.600000381469727,0.0,325
2018-10-30,34.0,34.0,0.0,34.0,34.0,34.0,0.0,63
2018-10-31,27.920000076293945,27.920000076293945,0.0,27.920000076293945,24.0,24.0,0.0,50
2018-11-01,27.920000076293945,27.920000076293945,0.0,27.920000076293945,27.920000076293945,27.920000076293945,0.0,0
2018-11-02,27.920000076293945,27.920000076293945,0.0,27.920000076293945,27.920000076293945,27.920000076293945,0.0,13
2018-11-05,27.920000076293945,27.920000076293945,0.0,27.920000076293945,27.920000076293945,27.920000076293945,0.0,0
2018-11-06,27.920000076293945,27.920000076293945,0.0,27.920000076293945,27.920000076293945,27.920000076293945,0.0,13
2018-11-07,27.920000076293945,27.920000076293945,0.0,27.920000076293945,27.920000076293945,27.920000076293945,0.0,0
2018-11-08,27.920000076293945,27.920000076293945,0.0,27.920000076293945,27.920000076293945,27.920000076293945,0.0,0
2018-11-09,20.799999237060547,20.799999237060547,0.0,20.799999237060547,18.0,20.0,0.0,213
2018-11-12,20.799999237060547,20.799999237060547,0.0,20.799999237060547,20.799999237060547,20.799999237060547,0.0,0
2018-11-13,19.200000762939453,19.200000762939453,0.0,19.200000762939453,19.1200008392334,19.200000762939453,0.0,1350
2018-11-14,19.1200008392334,19.1200008392334,0.0,19.200000762939453,19.1200008392334,19.200000762939453,0.0,50
2018-11-15,19.1200008392334,19.1200008392334,0.0,19.1200008392334,19.1200008392334,19.1200008392334,0.0,0
2018-11-16,19.200000762939453,19.200000762939453,0.0,19.200000762939453,19.200000762939453,19.200000762939453,0.0,50
2018-11-19,19.200000762939453,19.200000762939453,0.0,19.200000762939453,19.200000762939453,19.200000762939453,0.0,13
2018-11-20,19.200000762939453,19.200000762939453,0.0,19.200000762939453,19.200000762939453,19.200000762939453,0.0,0
2018-11-21,19.200000762939453,19.200000762939453,0.0,19.200000762939453,19.200000762939453,19.200000762939453,0.0,0
2018-11-23,19.200000762939453,19.200000762939453,0.0,19.200000762939453,19.200000762939453,19.200000762939453,0.0,0
2018-11-26,19.200000762939453,19.200000762939453,0.0,19.200000762939453,19.200000762939453,19.200000762939453,0.0,25
2018-11-27,19.200000762939453,19.200000762939453,0.0,19.200000762939453,19.200000762939453,19.200000762939453,0.0,0
2018-11-28,19.200000762939453,19.200000762939453,0.0,19.200000762939453,19.200000762939453,19.200000762939453,0.0,0
2018-11-29,19.200000762939453,19.200000762939453,0.0,19.200000762939453,19.200000762939453,19.200000762939453,0.0,0
2018-11-30,19.200000762939453,19.200000762939453,0.0,19.200000762939453,19.200000762939453,19.200000762939453,0.0,0
2018-12-03,19.200000762939453,19.200000762939453,0.0,19.200000762939453,19.200000762939453,19.200000762939453,0.0,0
2018-12-04,19.200000762939453,19.200000762939453,0.0,19.200000762939453,19.200000762939453,19.200000762939453,0.0,0
2018-12-06,19.200000762939453,19.200000762939453,0.0,19.200000762939453,19.200000762939453,19.200000762939453,0.0,13
2018-12-07,19.200000762939453,19.200000762939453,0.0,19.200000762939453,19.200000762939453,19.200000762939453,0.0,0
2018-12-10,19.200000762939453,19.200000762939453,0.0,19.200000762939453,19.200000762939453,19.200000762939453,0.0,0
2018-12-11,19.200000762939453,19.200000762939453,0.0,19.200000762939453,19.200000762939453,19.200000762939453,0.0,0
2018-12-12,19.200000762939453,19.200000762939453,0.0,19.200000762939453,19.200000762939453,19.200000762939453,0.0,0
2018-12-13,19.200000762939453,19.200000762939453,0.0,19.200000762939453,19.200000762939453,19.200000762939453,0.0,25
2018-12-14,20.799999237060547,20.799999237060547,0.0,20.799999237060547,19.200000762939453,19.200000762939453,0.0,300
2018-12-17,19.200000762939453,19.200000762939453,0.0,19.200000762939453,19.200000762939453,19.200000762939453,0.0,63
2018-12-18,20.399999618530273,20.399999618530273,0.0,20.799999237060547,20.399999618530273,20.799999237060547,0.0,50
2018-12-19,20.799999237060547,20.799999237060547,0.0,20.799999237060547,20.799999237060547,20.799999237060547,0.0,13
2018-12-20,20.799999237060547,20.799999237060547,0.0,20.799999237060547,20.799999237060547,20.799999237060547,0.0,0
2018-12-21,19.200000762939453,19.200000762939453,0.0,19.200000762939453,19.040000915527344,19.040000915527344,0.0,188
2018-12-24,21.600000381469727,21.600000381469727,0.0,21.600000381469727,20.799999237060547,20.799999237060547,0.0,50
2018-12-26,21.600000381469727,21.600000381469727,0.0,21.600000381469727,21.600000381469727,21.600000381469727,0.0,0
2018-12-27,21.600000381469727,21.600000381469727,0.0,21.600000381469727,21.600000381469727,21.600000381469727,0.0,0
2018-12-28,21.600000381469727,21.600000381469727,0.0,21.600000381469727,21.600000381469727,21.600000381469727,0.0,0
2018-12-31,20.799999237060547,20.799999237060547,0.0,20.799999237060547,20.799999237060547,20.799999237060547,0.0,13
2019-01-02,20.799999237060547,20.799999237060547,0.0,20.799999237060547,20.799999237060547,20.799999237060547,0.0,0
2019-01-03,20.799999237060547,20.799999237060547,0.0,20.799999237060547,20.799999237060547,20.799999237060547,0.0,0
2019-01-04,20.799999237060547,20.799999237060547,0.0,20.799999237060547,20.0,20.0,0.0,263
2019-01-07,20.799999237060547,20.799999237060547,0.0,20.799999237060547,20.799999237060547,20.799999237060547,0.0,25
2019-01-08,20.799999237060547,20.799999237060547,0.0,20.799999237060547,20.799999237060547,20.799999237060547,0.0,0
2019-01-09,20.799999237060547,20.799999237060547,0.0,20.799999237060547,20.799999237060547,20.799999237060547,0.0,0
2019-01-10,20.799999237060547,20.799999237060547,0.0,20.799999237060547,20.799999237060547,20.799999237060547,0.0,0
2019-01-11,20.639999389648438,20.639999389648438,0.0,20.639999389648438,20.639999389648438,20.639999389648438,0.0,25
2019-01-14,20.639999389648438,20.639999389648438,0.0,20.639999389648438,20.639999389648438,20.639999389648438,0.0,0
2019-01-15,20.799999237060547,20.799999237060547,0.0,20.799999237060547,20.799999237060547,20.799999237060547,0.0,288
2019-01-16,20.799999237060547,20.799999237060547,0.0,20.799999237060547,20.799999237060547,20.799999237060547,0.0,0
2019-01-17,20.799999237060547,20.799999237060547,0.0,20.799999237060547,20.799999237060547,20.799999237060547,0.0,0
2019-01-18,20.799999237060547,20.799999237060547,0.0,20.799999237060547,20.799999237060547,20.799999237060547,0.0,125
2019-01-22,21.440000534057617,21.440000534057617,0.0,21.440000534057617,20.799999237060547,20.799999237060547,0.0,175
2019-01-23,21.440000534057617,21.440000534057617,0.0,21.440000534057617,21.440000534057617,21.440000534057617,0.0,0
2019-01-24,21.440000534057617,21.440000534057617,0.0,21.440000534057617,21.440000534057617,21.440000534057617,0.0,138
2019-01-25,21.440000534057617,21.440000534057617,0.0,21.440000534057617,21.440000534057617,21.440000534057617,0.0,0
2019-01-28,21.440000534057617,21.440000534057617,0.0,21.440000534057617,21.440000534057617,21.440000534057617,0.0,0
2019-01-29,21.200000762939453,21.200000762939453,0.0,21.200000762939453,21.200000762939453,21.200000762939453,0.0,50
2019-01-30,21.200000762939453,21.200000762939453,0.0,21.200000762939453,21.200000762939453,21.200000762939453,0.0,0
2019-01-31,21.200000762939453,21.200000762939453,0.0,21.200000762939453,21.200000762939453,21.200000762939453,0.0,0
2019-02-01,21.200000762939453,21.200000762939453,0.0,21.200000762939453,21.200000762939453,21.200000762939453,0.0,0
2019-02-04,21.600000381469727,21.600000381469727,0.0,21.600000381469727,21.280000686645508,21.280000686645508,0.0,25
2019-02-05,21.600000381469727,21.600000381469727,0.0,21.600000381469727,21.600000381469727,21.600000381469727,0.0,13
2019-02-06,21.600000381469727,21.600000381469727,0.0,21.600000381469727,21.600000381469727,21.600000381469727,0.0,0
2019-02-07,21.600000381469727,21.600000381469727,0.0,21.600000381469727,21.600000381469727,21.600000381469727,0.0,0
2019-02-08,21.600000381469727,21.600000381469727,0.0,21.600000381469727,21.600000381469727,21.600000381469727,0.0,0
2019-02-11,32.0,32.0,0.0,32.0,21.200000762939453,21.200000762939453,0.0,25
2019-02-12,30.399999618530273,30.399999618530273,0.0,30.399999618530273,30.399999618530273,30.399999618530273,0.0,13
2019-02-13,30.399999618530273,30.399999618530273,0.0,30.399999618530273,30.399999618530273,30.399999618530273,0.0,0
2019-02-14,30.399999618530273,30.399999618530273,0.0,30.399999618530273,30.399999618530273,30.399999618530273,0.0,0
2019-02-15,30.399999618530273,30.399999618530273,0.0,30.399999618530273,30.399999618530273,30.399999618530273,0.0,0
2019-02-19,30.399999618530273,30.399999618530273,0.0,30.399999618530273,30.399999618530273,30.399999618530273,0.0,0
2019-02-20,30.31999969482422,30.31999969482422,0.0,30.31999969482422,14.079999923706055,24.0,0.0,363
2019-02-21,27.520000457763672,27.520000457763672,0.0,28.0,14.079999923706055,28.0,0.0,200
2019-02-22,25.200000762939453,25.200000762939453,0.0,27.600000381469727,24.0,27.600000381469727,0.0,38
2019-02-25,25.200000762939453,25.200000762939453,0.0,25.200000762939453,25.200000762939453,25.200000762939453,0.0,0
2019-02-26,25.200000762939453,25.200000762939453,0.0,25.200000762939453,25.200000762939453,25.200000762939453,0.0,0
2019-02-27,20.0,20.0,0.0,23.68000030517578,20.0,23.68000030517578,0.0,38
2019-02-28,16.0,16.0,0.0,31.600000381469727,16.0,16.0,0.0,263
2019-03-01,16.0,16.0,0.0,16.0,15.920000076293945,16.0,0.0,50
2019-03-04,16.0,16.0,0.0,16.0,16.0,16.0,0.0,100
2019-03-05,19.600000381469727,19.600000381469727,0.0,19.600000381469727,16.479999542236328,16.479999542236328,0.0,63
2019-03-06,20.0,20.0,0.0,20.399999618530273,20.0,20.0,0.0,1488
2019-03-07,20.0,20.0,0.0,20.0,20.0,20.0,0.0,0
2019-03-08,20.0,20.0,0.0,20.0,20.0,20.0,0.0,0
2019-03-11,20.0,20.0,0.0,20.0,20.0,20.0,0.0,0
2019-03-12,20.0,20.0,0.0,20.0,20.0,20.0,0.0,0
2019-03-13,20.0,20.0,0.0,20.0,20.0,20.0,0.0,0
2019-03-14,20.0,20.0,0.0,20.0,20.0,20.0,0.0,13
2019-03-15,20.0,20.0,0.0,20.0,20.0,20.0,0.0,38
2019-03-18,20.0,20.0,0.0,20.0,20.0,20.0,0.0,0
2019-03-19,20.0,20.0,0.0,20.0,20.0,20.0,0.0,0
2019-03-20,20.0,20.0,0.0,20.0,20.0,20.0,0.0,100
2019-03-21,20.0,20.0,0.0,20.0,20.0,20.0,0.0,0
2019-03-22,20.0,20.0,0.0,20.0,16.0,16.0,0.0,38
2019-03-25,20.0,20.0,0.0,20.0,20.0,20.0,0.0,0
2019-03-26,20.0,20.0,0.0,20.0,20.0,20.0,0.0,0
2019-03-27,20.0,20.0,0.0,20.0,20.0,20.0,0.0,0
2019-03-28,20.0,20.0,0.0,20.0,20.0,20.0,0.0,0
2019-03-29,20.0,20.0,0.0,20.0,20.0,20.0,0.0,0
2019-04-01,20.0,20.0,0.0,20.0,20.0,20.0,0.0,0
2019-04-02,18.0,18.0,0.0,18.0,18.0,18.0,0.0,25
2019-04-03,18.0,18.0,0.0,18.0,18.0,18.0,0.0,188
2019-04-04,18.0,18.0,0.0,18.0,18.0,18.0,0.0,0
2019-04-05,17.920000076293945,17.920000076293945,0.0,17.920000076293945,17.920000076293945,17.920000076293945,0.0,75
2019-04-08,17.920000076293945,17.920000076293945,0.0,17.920000076293945,17.920000076293945,17.920000076293945,0.0,0
2019-04-09,17.920000076293945,17.920000076293945,0.0,17.920000076293945,17.920000076293945,17.920000076293945,0.0,0
2019-04-10,17.600000381469727,17.600000381469727,0.0,17.600000381469727,17.600000381469727,17.600000381469727,0.0,125
2019-04-11,17.600000381469727,17.600000381469727,0.0,17.600000381469727,17.600000381469727,17.600000381469727,0.0,0
2019-04-12,17.600000381469727,17.600000381469727,0.0,17.600000381469727,17.600000381469727,17.600000381469727,0.0,0
2019-04-15,17.600000381469727,17.600000381469727,0.0,17.600000381469727,17.600000381469727,17.600000381469727,0.0,38
2019-04-16,17.600000381469727,17.600000381469727,0.0,17.600000381469727,17.600000381469727,17.600000381469727,0.0,0
2019-04-17,17.600000381469727,17.600000381469727,0.0,17.600000381469727,17.600000381469727,17.600000381469727,0.0,0
2019-04-18,17.600000381469727,17.600000381469727,0.0,17.600000381469727,17.600000381469727,17.600000381469727,0.0,0
2019-04-22,17.600000381469727,17.600000381469727,0.0,17.600000381469727,17.600000381469727,17.600000381469727,0.0,0
2019-04-23,14.079999923706055,14.079999923706055,0.0,14.079999923706055,14.079999923706055,14.079999923706055,0.0,13
2019-04-24,17.200000762939453,17.200000762939453,0.0,17.200000762939453,17.200000762939453,17.200000762939453,0.0,63
2019-04-25,17.200000762939453,17.200000762939453,0.0,17.200000762939453,17.200000762939453,17.200000762939453,0.0,13
2019-04-26,17.200000762939453,17.200000762939453,0.0,17.200000762939453,17.200000762939453,17.200000762939453,0.0,0
2019-04-29,17.200000762939453,17.200000762939453,0.0,17.200000762939453,17.200000762939453,17.200000762939453,0.0,0
2019-04-30,17.200000762939453,17.200000762939453,0.0,17.200000762939453,17.200000762939453,17.200000762939453,0.0,0
2019-05-01,17.200000762939453,17.200000762939453,0.0,17.200000762939453,17.200000762939453,17.200000762939453,0.0,0
2019-05-02,16.0,16.0,0.0,16.0,16.0,16.0,0.0,75
2019-05-03,16.0,16.0,0.0,16.0,16.0,16.0,0.0,13
2019-05-06,16.0,16.0,0.0,16.0,16.0,16.0,0.0,0
2019-05-07,16.0,16.0,0.0,16.0,16.0,16.0,0.0,0
2019-05-08,16.0,16.0,0.0,16.0,16.0,16.0,0.0,0
2019-05-09,16.0,16.0,0.0,16.0,16.0,16.0,0.0,0
2019-05-10,16.0,16.0,0.0,16.0,16.0,16.0,0.0,13
2019-05-13,16.0,16.0,0.0,16.0,16.0,16.0,0.0,0
2019-05-14,16.799999237060547,16.799999237060547,0.0,17.200000762939453,16.399999618530273,16.399999618530273,0.0,225
2019-05-15,16.0,16.0,0.0,16.0,16.0,16.0,0.0,25
2019-05-16,16.0,16.0,0.0,16.0,14.079999923706055,14.079999923706055,0.0,25
2019-05-17,16.0,16.0,0.0,16.0,16.0,16.0,0.0,0
2019-05-20,16.0,16.0,0.0,16.0,16.0,16.0,0.0,0
2019-05-21,15.920000076293945,15.920000076293945,0.0,15.920000076293945,15.920000076293945,15.920000076293945,0.0,13
2019-05-22,15.920000076293945,15.920000076293945,0.0,15.920000076293945,15.920000076293945,15.920000076293945,0.0,0
2019-05-23,15.920000076293945,15.920000076293945,0.0,15.920000076293945,15.920000076293945,15.920000076293945,0.0,0
2019-05-24,15.920000076293945,15.920000076293945,0.0,15.920000076293945,15.920000076293945,15.920000076293945,0.0,13
2019-05-28,15.920000076293945,15.920000076293945,0.0,15.920000076293945,15.920000076293945,15.920000076293945,0.0,0
2019-05-29,15.920000076293945,15.920000076293945,0.0,15.920000076293945,15.920000076293945,15.920000076293945,0.0,0
2019-05-30,15.920000076293945,15.920000076293945,0.0,15.920000076293945,15.920000076293945,15.920000076293945,0.0,38
2019-05-31,15.920000076293945,15.920000076293945,0.0,15.920000076293945,15.920000076293945,15.920000076293945,0.0,0
2019-06-03,15.920000076293945,15.920000076293945,0.0,15.920000076293945,15.920000076293945,15.920000076293945,0.0,13
2019-06-04,16.0,16.0,0.0,16.0,16.0,16.0,0.0,13
2019-06-05,16.0,16.0,0.0,16.0,16.0,16.0,0.0,0
2019-06-06,16.0,16.0,0.0,16.0,16.0,16.0,0.0,0
2019-06-07,15.199999809265137,15.199999809265137,0.0,15.199999809265137,15.199999809265137,15.199999809265137,0.0,13
2019-06-10,15.199999809265137,15.199999809265137,0.0,15.199999809265137,15.199999809265137,15.199999809265137,0.0,13
2019-06-11,15.199999809265137,15.199999809265137,0.0,15.199999809265137,15.199999809265137,15.199999809265137,0.0,38
2019-06-12,15.199999809265137,15.199999809265137,0.0,15.199999809265137,15.199999809265137,15.199999809265137,0.0,38
2019-06-13,15.119999885559082,15.119999885559082,0.0,15.119999885559082,15.119999885559082,15.119999885559082,0.0,25
2019-06-14,15.119999885559082,15.119999885559082,0.0,15.119999885559082,15.119999885559082,15.119999885559082,0.0,0
2019-06-17,15.119999885559082,15.119999885559082,0.0,15.119999885559082,15.119999885559082,15.119999885559082,0.0,0
2019-06-18,15.119999885559082,15.119999885559082,0.0,15.119999885559082,15.119999885559082,15.119999885559082,0.0,0
2019-06-19,16.0,16.0,0.0,16.0,16.0,16.0,0.0,63
2019-06-20,16.0,16.0,0.0,16.0,16.0,16.0,0.0,13
2019-06-21,14.399999618530273,14.399999618530273,0.0,14.399999618530273,14.399999618530273,14.399999618530273,0.0,38
2019-06-24,14.399999618530273,14.399999618530273,0.0,14.399999618530273,14.399999618530273,14.399999618530273,0.0,0
2019-06-25,14.800000190734863,14.800000190734863,0.0,15.199999809265137,14.800000190734863,15.199999809265137,0.0,50
2019-06-26,14.800000190734863,14.800000190734863,0.0,14.800000190734863,14.800000190734863,14.800000190734863,0.0,0
2019-06-27,14.800000190734863,14.800000190734863,0.0,14.800000190734863,14.800000190734863,14.800000190734863,0.0,0
2019-06-28,15.039999961853027,15.039999961853027,0.0,15.039999961853027,14.800000190734863,14.800000190734863,0.0,25
2019-07-01,15.039999961853027,15.039999961853027,0.0,15.039999961853027,15.039999961853027,15.039999961853027,0.0,0
2019-07-02,15.039999961853027,15.039999961853027,0.0,15.039999961853027,15.039999961853027,15.039999961853027,0.0,0
2019-07-03,15.039999961853027,15.039999961853027,0.0,15.039999961853027,15.039999961853027,15.039999961853027,0.0,0
2019-07-05,15.039999961853027,15.039999961853027,0.0,15.039999961853027,15.039999961853027,15.039999961853027,0.0,0
2019-07-08,15.039999961853027,15.039999961853027,0.0,15.039999961853027,15.039999961853027,15.039999961853027,0.0,0
2019-07-09,15.039999961853027,15.039999961853027,0.0,15.039999961853027,15.039999961853027,15.039999961853027,0.0,0
2019-07-10,15.039999961853027,15.039999961853027,0.0,15.039999961853027,15.039999961853027,15.039999961853027,0.0,0
2019-07-11,15.039999961853027,15.039999961853027,0.0,15.039999961853027,15.039999961853027,15.039999961853027,0.0,0
2019-07-12,15.039999961853027,15.039999961853027,0.0,15.039999961853027,15.039999961853027,15.039999961853027,0.0,0
2019-07-15,15.039999961853027,15.039999961853027,0.0,15.039999961853027,15.039999961853027,15.039999961853027,0.0,0
2019-07-16,15.039999961853027,15.039999961853027,0.0,15.039999961853027,15.039999961853027,15.039999961853027,0.0,0
2019-07-17,15.039999961853027,15.039999961853027,0.0,15.039999961853027,15.039999961853027,15.039999961853027,0.0,0
2019-07-18,15.039999961853027,15.039999961853027,0.0,15.039999961853027,15.039999961853027,15.039999961853027,0.0,0
2019-07-19,15.039999961853027,15.039999961853027,0.0,15.039999961853027,15.039999961853027,15.039999961853027,0.0,0
2019-07-22,15.039999961853027,15.039999961853027,0.0,15.039999961853027,15.039999961853027,15.039999961853027,0.0,0
2019-07-23,15.039999961853027,15.039999961853027,0.0,15.039999961853027,15.039999961853027,15.039999961853027,0.0,0
2019-07-24,15.039999961853027,15.039999961853027,0.0,15.039999961853027,15.039999961853027,15.039999961853027,0.0,0
2019-07-25,15.039999961853027,15.039999961853027,0.0,15.039999961853027,15.039999961853027,15.039999961853027,0.0,0
2019-07-26,15.039999961853027,15.039999961853027,0.0,15.039999961853027,15.039999961853027,15.039999961853027,0.0,0
2019-07-29,13.600000381469727,13.600000381469727,0.0,13.600000381469727,13.600000381469727,13.600000381469727,0.0,25
2019-07-30,13.600000381469727,13.600000381469727,0.0,13.600000381469727,13.600000381469727,13.600000381469727,0.0,25
2019-07-31,13.600000381469727,13.600000381469727,0.0,13.600000381469727,13.600000381469727,13.600000381469727,0.0,25
2019-08-01,13.600000381469727,13.600000381469727,0.0,13.600000381469727,13.600000381469727,13.600000381469727,0.0,25
2019-08-02,13.600000381469727,13.600000381469727,0.0,13.600000381469727,13.600000381469727,13.600000381469727,0.0,25
2019-08-05,13.600000381469727,13.600000381469727,0.0,13.600000381469727,13.600000381469727,13.600000381469727,0.0,13
2019-08-06,13.600000381469727,13.600000381469727,0.0,13.600000381469727,13.600000381469727,13.600000381469727,0.0,13
2019-08-07,13.600000381469727,13.600000381469727,0.0,13.600000381469727,13.600000381469727,13.600000381469727,0.0,13
2019-08-08,13.600000381469727,13.600000381469727,0.0,13.600000381469727,13.600000381469727,13.600000381469727,0.0,0
2019-08-09,13.600000381469727,13.600000381469727,0.0,13.600000381469727,13.600000381469727,13.600000381469727,0.0,13
2019-08-12,13.600000381469727,13.600000381469727,0.0,13.600000381469727,13.600000381469727,13.600000381469727,0.0,13
2019-08-13,13.600000381469727,13.600000381469727,0.0,13.600000381469727,13.600000381469727,13.600000381469727,0.0,13
2019-08-14,13.600000381469727,13.600000381469727,0.0,13.600000381469727,13.600000381469727,13.600000381469727,0.0,13
2019-08-15,13.600000381469727,13.600000381469727,0.0,13.600000381469727,13.600000381469727,13.600000381469727,0.0,13
2019-08-16,13.600000381469727,13.600000381469727,0.0,13.600000381469727,13.600000381469727,13.600000381469727,0.0,0
2019-08-19,13.600000381469727,13.600000381469727,0.0,13.600000381469727,13.600000381469727,13.600000381469727,0.0,0
2019-08-20,13.600000381469727,13.600000381469727,0.0,13.600000381469727,13.600000381469727,13.600000381469727,0.0,0
2019-08-21,13.600000381469727,13.600000381469727,0.0,13.600000381469727,13.600000381469727,13.600000381469727,0.0,200
2019-08-22,13.600000381469727,13.600000381469727,0.0,13.600000381469727,13.600000381469727,13.600000381469727,0.0,0
2019-08-23,13.600000381469727,13.600000381469727,0.0,13.600000381469727,13.600000381469727,13.600000381469727,0.0,0
2019-08-26,13.600000381469727,13.600000381469727,0.0,13.600000381469727,13.600000381469727,13.600000381469727,0.0,0
2019-08-27,13.600000381469727,13.600000381469727,0.0,13.600000381469727,13.600000381469727,13.600000381469727,0.0,0
2019-08-28,13.600000381469727,13.600000381469727,0.0,13.600000381469727,13.600000381469727,13.600000381469727,0.0,0
2019-08-29,13.600000381469727,13.600000381469727,0.0,13.600000381469727,13.199999809265137,13.199999809265137,0.0,313
2019-08-30,13.600000381469727,13.600000381469727,0.0,13.600000381469727,13.600000381469727,13.600000381469727,0.0,0
2019-09-03,13.600000381469727,13.600000381469727,0.0,13.600000381469727,13.600000381469727,13.600000381469727,0.0,25
2019-09-04,13.119999885559082,13.119999885559082,0.0,13.119999885559082,12.800000190734863,12.800000190734863,0.0,113
2019-09-05,13.119999885559082,13.119999885559082,0.0,13.119999885559082,13.119999885559082,13.119999885559082,0.0,0
2019-09-06,13.600000381469727,13.600000381469727,0.0,13.600000381469727,13.199999809265137,13.199999809265137,0.0,538
2019-09-09,13.199999809265137,13.199999809265137,0.0,13.199999809265137,13.199999809265137,13.199999809265137,0.0,25
2019-09-10,13.039999961853027,13.039999961853027,0.0,13.039999961853027,13.039999961853027,13.039999961853027,0.0,25
2019-09-11,13.039999961853027,13.039999961853027,0.0,13.039999961853027,13.039999961853027,13.039999961853027,0.0,0
2019-09-12,12.800000190734863,12.800000190734863,0.0,12.800000190734863,12.800000190734863,12.800000190734863,0.0,25
2019-09-13,12.800000190734863,12.800000190734863,0.0,12.800000190734863,12.800000190734863,12.800000190734863,0.0,13
2019-09-16,12.800000190734863,12.800000190734863,0.0,12.800000190734863,12.800000190734863,12.800000190734863,0.0,0
2019-09-17,12.800000190734863,12.800000190734863,0.0,12.800000190734863,12.800000190734863,12.800000190734863,0.0,0
2019-09-18,13.600000381469727,13.600000381469727,0.0,13.600000381469727,8.800000190734863,12.0,0.0,63
2019-09-19,13.600000381469727,13.600000381469727,0.0,13.600000381469727,13.600000381469727,13.600000381469727,0.0,0
2019-09-20,13.600000381469727,13.600000381469727,0.0,13.600000381469727,10.800000190734863,10.800000190734863,0.0,75
2019-09-23,13.600000381469727,13.600000381469727,0.0,13.600000381469727,13.600000381469727,13.600000381469727,0.0,13
2019-09-24,13.600000381469727,13.600000381469727,0.0,13.600000381469727,13.600000381469727,13.600000381469727,0.0,0
2019-09-25,13.199999809265137,13.199999809265137,0.0,15.119999885559082,12.800000190734863,12.800000190734863,0.0,2300
2019-09-26,13.199999809265137,13.199999809265137,0.0,13.199999809265137,13.199999809265137,13.199999809265137,0.0,25
2019-09-27,13.199999809265137,13.199999809265137,0.0,13.199999809265137,13.199999809265137,13.199999809265137,0.0,0
2019-09-30,13.199999809265137,13.199999809265137,0.0,13.199999809265137,13.199999809265137,13.199999809265137,0.0,0
2019-10-01,13.199999809265137,13.199999809265137,0.0,13.199999809265137,13.199999809265137,13.199999809265137,0.0,0
2019-10-02,13.199999809265137,13.199999809265137,0.0,13.199999809265137,13.199999809265137,13.199999809265137,0.0,0
2019-10-03,13.199999809265137,13.199999809265137,0.0,13.199999809265137,13.199999809265137,13.199999809265137,0.0,0
2019-10-04,16.0,16.0,0.0,16.0,16.0,16.0,0.0,13
2019-10-07,13.199999809265137,13.199999809265137,0.0,13.199999809265137,11.119999885559082,11.119999885559082,0.0,63
2019-10-08,13.199999809265137,13.199999809265137,0.0,13.199999809265137,13.199999809265137,13.199999809265137,0.0,13
2019-10-09,13.199999809265137,13.199999809265137,0.0,13.199999809265137,13.199999809265137,13.199999809265137,0.0,13
2019-10-10,13.600000381469727,13.600000381469727,0.0,13.600000381469727,12.800000190734863,12.800000190734863,0.0,100
2019-10-11,13.600000381469727,13.600000381469727,0.0,13.600000381469727,13.600000381469727,13.600000381469727,0.0,13
2019-10-14,13.600000381469727,13.600000381469727,0.0,13.600000381469727,13.600000381469727,13.600000381469727,0.0,0
2019-10-15,13.600000381469727,13.600000381469727,0.0,13.600000381469727,13.600000381469727,13.600000381469727,0.0,0
2019-10-16,13.600000381469727,13.600000381469727,0.0,13.600000381469727,13.600000381469727,13.600000381469727,0.0,0
2019-10-17,13.600000381469727,13.600000381469727,0.0,13.600000381469727,13.600000381469727,13.600000381469727,0.0,0
2019-10-18,13.600000381469727,13.600000381469727,0.0,13.600000381469727,13.600000381469727,13.600000381469727,0.0,0
2019-10-21,13.600000381469727,13.600000381469727,0.0,13.600000381469727,13.600000381469727,13.600000381469727,0.0,0
2019-10-22,13.600000381469727,13.600000381469727,0.0,13.600000381469727,13.600000381469727,13.600000381469727,0.0,125
2019-10-23,13.600000381469727,13.600000381469727,0.0,13.680000305175781,13.600000381469727,13.680000305175781,0.0,200
2019-10-24,14.0,14.0,0.0,14.0,14.0,14.0,0.0,275
2019-10-25,14.0,14.0,0.0,14.0,14.0,14.0,0.0,213
2019-10-28,12.800000190734863,12.800000190734863,0.0,13.600000381469727,12.800000190734863,13.600000381469727,0.0,375
2019-10-29,13.600000381469727,13.600000381469727,0.0,13.600000381469727,12.800000190734863,12.800000190734863,0.0,163
2019-10-30,13.600000381469727,13.600000381469727,0.0,14.0,13.199999809265137,14.0,0.0,213
2019-10-31,13.600000381469727,13.600000381469727,0.0,13.600000381469727,13.199999809265137,13.600000381469727,0.0,325
2019-11-01,13.600000381469727,13.600000381469727,0.0,13.600000381469727,13.600000381469727,13.600000381469727,0.0,488
2019-11-04,13.600000381469727,13.600000381469727,0.0,14.0,10.0,13.84000015258789,0.0,638
2019-11-05,14.5600004196167,14.5600004196167,0.0,14.5600004196167,13.359999656677246,13.359999656677246,0.0,438
2019-11-06,14.880000114440918,14.880000114440918,0.0,14.880000114440918,14.5600004196167,14.5600004196167,0.0,163
2019-11-07,14.079999923706055,14.079999923706055,0.0,14.960000038146973,14.079999923706055,14.960000038146973,0.0,63
2019-11-08,13.600000381469727,13.600000381469727,0.0,13.600000381469727,13.600000381469727,13.600000381469727,0.0,38
2019-11-11,13.600000381469727,13.600000381469727,0.0,13.600000381469727,13.600000381469727,13.600000381469727,0.0,38
2019-11-12,13.600000381469727,13.600000381469727,0.0,13.600000381469727,13.600000381469727,13.600000381469727,0.0,38
2019-11-13,13.199999809265137,13.199999809265137,0.0,13.199999809265137,13.199999809265137,13.199999809265137,0.0,63
2019-11-14,12.800000190734863,12.800000190734863,0.0,12.800000190734863,12.399999618530273,12.800000190734863,0.0,138
2019-11-15,13.119999885559082,13.119999885559082,0.0,13.199999809265137,13.119999885559082,13.199999809265137,0.0,88
2019-11-18,13.600000381469727,13.600000381469727,0.0,13.600000381469727,13.520000457763672,13.600000381469727,0.0,88
2019-11-19,14.0,14.0,0.0,14.319999694824219,13.600000381469727,14.239999771118164,0.0,188
2019-11-20,14.0,14.0,0.0,14.0,14.0,14.0,0.0,25
2019-11-21,13.600000381469727,13.600000381469727,0.0,13.600000381469727,13.4399995803833,13.600000381469727,0.0,88
2019-11-22,12.960000038146973,12.960000038146973,0.0,12.960000038146973,12.720000267028809,12.800000190734863,0.0,63
2019-11-25,13.199999809265137,13.199999809265137,0.0,13.199999809265137,13.199999809265137,13.199999809265137,0.0,75
2019-11-26,12.720000267028809,12.720000267028809,0.0,12.720000267028809,12.720000267028809,12.720000267028809,0.0,38
2019-11-27,12.640000343322754,12.640000343322754,0.0,12.640000343322754,12.640000343322754,12.640000343322754,0.0,13
2019-11-29,12.640000343322754,12.640000343322754,0.0,12.640000343322754,12.640000343322754,12.640000343322754,0.0,0
2019-12-02,12.640000343322754,12.640000343322754,0.0,12.640000343322754,12.399999618530273,12.399999618530273,0.0,38
2019-12-03,13.039999961853027,13.039999961853027,0.0,13.039999961853027,12.720000267028809,12.720000267028809,0.0,125
2019-12-04,13.039999961853027,13.039999961853027,0.0,13.039999961853027,12.800000190734863,12.960000038146973,0.0,525
2019-12-05,13.039999961853027,13.039999961853027,0.0,13.039999961853027,13.039999961853027,13.039999961853027,0.0,38
2019-12-06,13.199999809265137,13.199999809265137,0.0,13.199999809265137,12.880000114440918,12.880000114440918,0.0,188
2019-12-09,13.199999809265137,13.199999809265137,0.0,13.199999809265137,13.039999961853027,13.199999809265137,0.0,75
2019-12-10,13.359999656677246,13.359999656677246,0.0,13.359999656677246,13.359999656677246,13.359999656677246,0.0,13
2019-12-11,13.359999656677246,13.359999656677246,0.0,13.359999656677246,13.359999656677246,13.359999656677246,0.0,25
2019-12-12,12.800000190734863,12.800000190734863,0.0,12.800000190734863,12.800000190734863,12.800000190734863,0.0,25
2019-12-13,12.800000190734863,12.800000190734863,0.0,12.800000190734863,12.640000343322754,12.640000343322754,0.0,188
2019-12-16,12.640000343322754,12.640000343322754,0.0,12.640000343322754,12.640000343322754,12.640000343322754,0.0,125
2019-12-17,12.0,12.0,0.0,12.0,12.0,12.0,0.0,25
2019-12-18,12.720000267028809,12.720000267028809,0.0,12.720000267028809,12.720000267028809,12.720000267028809,0.0,13
2019-12-19,12.720000267028809,12.720000267028809,0.0,12.720000267028809,12.720000267028809,12.720000267028809,0.0,0
2019-12-20,12.720000267028809,12.720000267028809,0.0,12.720000267028809,12.720000267028809,12.720000267028809,0.0,0
2019-12-23,12.0,12.0,0.0,12.399999618530273,12.0,12.399999618530273,0.0,88
2019-12-24,12.0,12.0,0.0,12.0,12.0,12.0,0.0,0
2019-12-26,12.0,12.0,0.0,12.0,12.0,12.0,0.0,0
2019-12-27,12.0,12.0,0.0,12.0,12.0,12.0,0.0,0
2019-12-30,12.0,12.0,0.0,12.0,12.0,12.0,0.0,0
2019-12-31,12.0,12.0,0.0,12.0,12.0,12.0,0.0,0
2020-01-02,12.0,12.0,0.0,12.0,12.0,12.0,0.0,63
2020-01-03,12.0,12.0,0.0,12.0,12.0,12.0,0.0,0
2020-01-06,12.0,12.0,0.0,12.0,12.0,12.0,0.0,0
2020-01-07,12.0,12.0,0.0,12.0,12.0,12.0,0.0,0
2020-01-08,12.0,12.0,0.0,12.0,12.0,12.0,0.0,0
2020-01-09,12.0,12.0,0.0,12.0,12.0,12.0,0.0,0
2020-01-10,12.0,12.0,0.0,12.0,12.0,12.0,0.0,0
2020-01-13,11.680000305175781,11.680000305175781,0.0,11.680000305175781,11.279999732971191,11.279999732971191,0.0,38
2020-01-14,11.680000305175781,11.680000305175781,0.0,11.680000305175781,10.0,10.0,0.0,25
2020-01-15,11.680000305175781,11.680000305175781,0.0,11.680000305175781,11.680000305175781,11.680000305175781,0.0,0
2020-01-16,11.600000381469727,11.600000381469727,0.0,11.600000381469727,11.600000381469727,11.600000381469727,0.0,13
2020-01-17,11.600000381469727,11.600000381469727,0.0,11.600000381469727,11.600000381469727,11.600000381469727,0.0,0
2020-01-21,11.600000381469727,11.600000381469727,0.0,11.600000381469727,11.600000381469727,11.600000381469727,0.0,0
2020-01-22,11.600000381469727,11.600000381469727,0.0,11.600000381469727,11.600000381469727,11.600000381469727,0.0,0
2020-01-23,11.680000305175781,11.680000305175781,0.0,11.680000305175781,11.359999656677246,11.359999656677246,0.0,338
2020-01-24,11.680000305175781,11.680000305175781,0.0,11.680000305175781,11.680000305175781,11.680000305175781,0.0,0
2020-01-27,11.680000305175781,11.680000305175781,0.0,11.680000305175781,11.680000305175781,11.680000305175781,0.0,0
2020-01-28,11.680000305175781,11.680000305175781,0.0,11.680000305175781,11.680000305175781,11.680000305175781,0.0,0
2020-01-29,11.680000305175781,11.680000305175781,0.0,11.680000305175781,11.680000305175781,11.680000305175781,0.0,0
2020-01-30,11.680000305175781,11.680000305175781,0.0,11.680000305175781,11.680000305175781,11.680000305175781,0.0,0
2020-01-31,11.680000305175781,11.680000305175781,0.0,11.680000305175781,11.680000305175781,11.680000305175781,0.0,0
2020-02-03,11.680000305175781,11.680000305175781,0.0,11.680000305175781,11.680000305175781,11.680000305175781,0.0,0
2020-02-04,11.680000305175781,11.680000305175781,0.0,11.680000305175781,11.680000305175781,11.680000305175781,0.0,0
2020-02-05,11.279999732971191,11.279999732971191,0.0,11.279999732971191,11.279999732971191,11.279999732971191,0.0,25
2020-02-06,11.199999809265137,11.199999809265137,0.0,11.279999732971191,11.199999809265137,11.279999732971191,0.0,263
2020-02-07,10.0,10.0,0.0,10.0,8.800000190734863,8.800000190734863,0.0,313
2020-02-10,10.0,10.0,0.0,10.0,10.0,10.0,0.0,0
2020-02-11,10.0,10.0,0.0,10.0,10.0,10.0,0.0,0
2020-02-12,10.5600004196167,10.5600004196167,0.0,10.5600004196167,6.0,10.0,0.0,413
2020-02-13,10.5600004196167,10.5600004196167,0.0,10.5600004196167,10.5600004196167,10.5600004196167,0.0,0
2020-02-14,10.5600004196167,10.5600004196167,0.0,10.5600004196167,10.5600004196167,10.5600004196167,0.0,0
2020-02-18,10.5600004196167,10.5600004196167,0.0,10.5600004196167,10.5600004196167,10.5600004196167,0.0,0
2020-02-19,9.600000381469727,9.600000381469727,0.0,9.600000381469727,9.600000381469727,9.600000381469727,0.0,25
2020-02-20,10.0,10.0,0.0,10.0,9.199999809265137,9.600000381469727,0.0,700
2020-02-21,9.600000381469727,9.600000381469727,0.0,9.600000381469727,9.600000381469727,9.600000381469727,0.0,438
2020-02-24,10.0,10.0,0.0,10.0,9.84000015258789,9.84000015258789,0.0,213
2020-02-25,10.319999694824219,10.319999694824219,0.0,10.319999694824219,9.920000076293945,9.920000076293945,0.0,50
2020-02-26,10.399999618530273,10.399999618530273,0.0,10.399999618530273,9.680000305175781,9.680000305175781,0.0,300
2020-02-27,10.399999618530273,10.399999618530273,0.0,10.399999618530273,6.400000095367432,9.600000381469727,0.0,150
2020-02-28,10.399999618530273,10.399999618530273,0.0,10.399999618530273,9.600000381469727,9.680000305175781,0.0,188
2020-03-02,10.399999618530273,10.399999618530273,0.0,10.399999618530273,10.399999618530273,10.399999618530273,0.0,0
2020-03-03,10.399999618530273,10.399999618530273,0.0,10.399999618530273,10.399999618530273,10.399999618530273,0.0,0
2020-03-04,9.600000381469727,9.600000381469727,0.0,9.600000381469727,9.600000381469727,9.600000381469727,0.0,63
2020-03-05,9.600000381469727,9.600000381469727,0.0,9.600000381469727,9.600000381469727,9.600000381469727,0.0,150
2020-03-06,9.600000381469727,9.600000381469727,0.0,9.600000381469727,9.600000381469727,9.600000381469727,0.0,63
2020-03-09,10.5600004196167,10.5600004196167,0.0,10.5600004196167,9.600000381469727,9.600000381469727,0.0,288
2020-03-10,10.399999618530273,10.399999618530273,0.0,10.5600004196167,10.15999984741211,10.5600004196167,0.0,200
2020-03-11,11.199999809265137,11.199999809265137,0.0,11.199999809265137,10.800000190734863,10.800000190734863,0.0,675
2020-03-12,11.199999809265137,11.199999809265137,0.0,11.199999809265137,11.199999809265137,11.199999809265137,0.0,0
2020-03-13,10.800000190734863,10.800000190734863,0.0,11.199999809265137,10.0,11.199999809265137,0.0,63
2020-03-16,10.800000190734863,10.800000190734863,0.0,10.800000190734863,10.800000190734863,10.800000190734863,0.0,0
2020-03-17,10.800000190734863,10.800000190734863,0.0,10.800000190734863,10.800000190734863,10.800000190734863,0.0,0
2020-03-18,10.800000190734863,10.800000190734863,0.0,10.800000190734863,10.800000190734863,10.800000190734863,0.0,0
2020-03-19,10.800000190734863,10.800000190734863,0.0,10.800000190734863,10.800000190734863,10.800000190734863,0.0,13
2020-03-20,10.800000190734863,10.800000190734863,0.0,10.800000190734863,8.800000190734863,8.800000190734863,0.0,88
2020-03-23,10.800000190734863,10.800000190734863,0.0,10.800000190734863,8.800000190734863,8.800000190734863,0.0,88
2020-03-24,10.800000190734863,10.800000190734863,0.0,10.800000190734863,10.800000190734863,10.800000190734863,0.0,0
2020-03-25,10.800000190734863,10.800000190734863,0.0,10.800000190734863,10.800000190734863,10.800000190734863,0.0,0
2020-03-26,10.800000190734863,10.800000190734863,0.0,10.800000190734863,10.800000190734863,10.800000190734863,0.0,0
2020-03-27,10.800000190734863,10.800000190734863,0.0,10.800000190734863,10.800000190734863,10.800000190734863,0.0,0
2020-03-30,10.800000190734863,10.800000190734863,0.0,10.800000190734863,10.800000190734863,10.800000190734863,0.0,0
2020-03-31,10.079999923706055,10.079999923706055,0.0,10.079999923706055,10.079999923706055,10.079999923706055,0.0,25
2020-04-01,9.4399995803833,9.4399995803833,0.0,9.920000076293945,8.800000190734863,8.800000190734863,0.0,75
2020-04-02,10.0,10.0,0.0,10.0,10.0,10.0,0.0,25
2020-04-03,10.0,10.0,0.0,10.0,10.0,10.0,0.0,0
2020-04-06,9.600000381469727,9.600000381469727,0.0,9.600000381469727,9.600000381469727,9.600000381469727,0.0,63
2020-04-07,9.600000381469727,9.600000381469727,0.0,9.600000381469727,8.800000190734863,8.800000190734863,0.0,113
2020-04-08,9.600000381469727,9.600000381469727,0.0,9.600000381469727,9.600000381469727,9.600000381469727,0.0,0
2020-04-09,9.600000381469727,9.600000381469727,0.0,9.600000381469727,9.600000381469727,9.600000381469727,0.0,0
2020-04-13,15.600000381469727,15.600000381469727,0.0,15.600000381469727,9.4399995803833,9.4399995803833,0.0,2125
2020-04-14,13.920000076293945,13.920000076293945,0.0,14.319999694824219,12.399999618530273,14.319999694824219,0.0,113
2020-04-15,13.600000381469727,13.600000381469727,0.0,14.399999618530273,13.600000381469727,14.0,0.0,238
2020-04-16,13.4399995803833,13.4399995803833,0.0,13.520000457763672,13.279999732971191,13.520000457763672,0.0,125
2020-04-17,13.199999809265137,13.199999809265137,0.0,14.15999984741211,13.199999809265137,13.680000305175781,0.0,188
2020-04-20,13.199999809265137,13.199999809265137,0.0,13.199999809265137,13.199999809265137,13.199999809265137,0.0,0
2020-04-21,13.279999732971191,13.279999732971191,0.0,14.0,13.279999732971191,14.0,0.0,163
2020-04-22,14.800000190734863,14.800000190734863,0.0,16.0,13.359999656677246,13.359999656677246,0.0,275
2020-04-23,14.720000267028809,14.720000267028809,0.0,14.720000267028809,14.0,14.399999618530273,0.0,50
2020-04-24,14.319999694824219,14.319999694824219,0.0,16.0,14.0,14.399999618530273,0.0,425
2020-04-27,12.0,12.0,0.0,14.15999984741211,12.0,14.0,0.0,188
2020-04-28,11.359999656677246,11.359999656677246,0.0,12.0,10.800000190734863,12.0,0.0,338
2020-04-29,9.199999809265137,9.199999809265137,0.0,11.760000228881836,9.199999809265137,11.760000228881836,0.0,325
2020-04-30,8.800000190734863,8.800000190734863,0.0,10.0,7.760000228881836,8.079999923706055,0.0,363
2020-05-01,7.599999904632568,7.599999904632568,0.0,9.600000381469727,7.599999904632568,8.079999923706055,0.0,713
2020-05-04,8.0,8.0,0.0,8.0,7.599999904632568,8.0,0.0,463
2020-05-05,8.0,8.0,0.0,8.0,8.0,8.0,0.0,0
2020-05-06,7.039999961853027,7.039999961853027,0.0,10.800000190734863,7.039999961853027,10.800000190734863,0.0,163
2020-05-07,7.440000057220459,7.440000057220459,0.0,7.440000057220459,7.440000057220459,7.440000057220459,0.0,75
2020-05-08,8.0,8.0,0.0,8.0,8.0,8.0,0.0,25
2020-05-11,9.199999809265137,9.199999809265137,0.0,9.199999809265137,7.599999904632568,7.599999904632568,0.0,413
2020-05-12,8.800000190734863,8.800000190734863,0.0,8.800000190734863,8.800000190734863,8.800000190734863,0.0,25
2020-05-13,8.800000190734863,8.800000190734863,0.0,11.199999809265137,8.800000190734863,11.199999809265137,0.0,163
2020-05-14,7.599999904632568,7.599999904632568,0.0,8.800000190734863,7.599999904632568,8.800000190734863,0.0,163
2020-05-15,8.15999984741211,8.15999984741211,0.0,8.800000190734863,6.400000095367432,8.800000190734863,0.0,225
2020-05-18,8.800000190734863,8.800000190734863,0.0,8.800000190734863,5.199999809265137,8.800000190734863,0.0,325
2020-05-19,7.599999904632568,7.599999904632568,0.0,10.399999618530273,5.599999904632568,10.399999618530273,0.0,938
2020-05-20,8.0,8.0,0.0,8.0,7.199999809265137,8.0,0.0,163
2020-05-21,8.0,8.0,0.0,8.0,8.0,8.0,0.0,25
2020-05-22,8.0,8.0,0.0,8.0,8.0,8.0,0.0,113
2020-05-26,8.0,8.0,0.0,8.399999618530273,6.400000095367432,8.399999618530273,0.0,425
2020-05-27,8.0,8.0,0.0,8.0,8.0,8.0,0.0,13
2020-05-28,8.0,8.0,0.0,8.0,6.800000190734863,7.28000020980835,0.0,788
2020-05-29,8.0,8.0,0.0,8.399999618530273,5.679999828338623,8.0,0.0,563
2020-06-01,8.319999694824219,8.319999694824219,0.0,8.399999618530273,8.0,8.0,0.0,413
2020-06-02,7.199999809265137,7.199999809265137,0.0,8.0,7.199999809265137,8.0,0.0,325
2020-06-03,7.440000057220459,7.440000057220459,0.0,7.440000057220459,5.679999828338623,7.440000057220459,0.0,838
2020-06-04,7.199999809265137,7.199999809265137,0.0,7.920000076293945,4.400000095367432,7.920000076293945,0.0,2663
2020-06-05,7.679999828338623,7.679999828338623,0.0,7.920000076293945,6.0,6.400000095367432,0.0,1725
2020-06-08,8.0,8.0,0.0,8.399999618530273,7.199999809265137,7.679999828338623,0.0,1475
2020-06-09,9.119999885559082,9.119999885559082,0.0,9.119999885559082,6.880000114440918,8.399999618530273,0.0,1700
2020-06-10,10.239999771118164,10.239999771118164,0.0,11.199999809265137,8.399999618530273,8.399999618530273,0.0,4363
2020-06-11,8.399999618530273,8.399999618530273,0.0,10.079999923706055,8.239999771118164,10.079999923706055,0.0,2675
2020-06-12,8.0,8.0,0.0,8.640000343322754,4.480000019073486,8.640000343322754,0.0,3125
2020-06-15,7.599999904632568,7.599999904632568,0.0,8.399999618530273,7.28000020980835,7.599999904632568,0.0,1363
2020-06-16,8.0,8.0,0.0,8.0,7.360000133514404,7.360000133514404,0.0,1263
2020-06-17,8.0,8.0,0.0,8.0,6.800000190734863,6.960000038146973,0.0,663
2020-06-18,10.880000114440918,10.880000114440918,0.0,13.920000076293945,8.399999618530273,8.399999618530273,0.0,16138
2020-06-19,14.800000190734863,14.800000190734863,0.0,18.0,11.279999732971191,13.680000305175781,0.0,14875
2020-06-22,20.31999969482422,20.31999969482422,0.0,29.600000381469727,15.920000076293945,16.079999923706055,0.0,31613
2020-06-23,16.079999923706055,16.079999923706055,0.0,28.0,16.0,25.200000762939453,0.0,33575
2020-06-24,12.960000038146973,12.960000038146973,0.0,17.360000610351562,12.960000038146973,16.799999237060547,0.0,29288
2020-06-25,16.399999618530273,16.399999618530273,0.0,18.399999618530273,12.960000038146973,12.960000038146973,0.0,19488
2020-06-26,16.0,16.0,0.0,17.1200008392334,14.640000343322754,16.399999618530273,0.0,23100
2020-06-29,15.359999656677246,15.359999656677246,0.0,16.31999969482422,14.15999984741211,16.0,0.0,32250
2020-06-30,15.600000381469727,15.600000381469727,0.0,17.040000915527344,15.359999656677246,15.359999656677246,0.0,30488
2020-07-01,16.239999771118164,16.239999771118164,0.0,17.1200008392334,15.680000305175781,15.680000305175781,0.0,11363
2020-07-02,15.760000228881836,15.760000228881836,0.0,16.799999237060547,14.960000038146973,16.639999389648438,0.0,12825
2020-07-06,13.84000015258789,13.84000015258789,0.0,15.680000305175781,13.600000381469727,15.4399995803833,0.0,14363
2020-07-07,13.760000228881836,13.760000228881836,0.0,14.5600004196167,12.319999694824219,13.84000015258789,0.0,7713
2020-07-08,12.399999618530273,12.399999618530273,0.0,14.079999923706055,12.15999984741211,13.680000305175781,0.0,18538
2020-07-09,12.479999542236328,12.479999542236328,0.0,14.0,12.239999771118164,12.399999618530273,0.0,17200
2020-07-10,12.479999542236328,12.479999542236328,0.0,14.0,12.479999542236328,13.199999809265137,0.0,16388
2020-07-13,12.5600004196167,12.5600004196167,0.0,13.359999656677246,12.399999618530273,12.800000190734863,0.0,14063
2020-07-14,11.84000015258789,11.84000015258789,0.0,12.800000190734863,10.880000114440918,12.800000190734863,0.0,8300
2020-07-15,11.600000381469727,11.600000381469727,0.0,12.15999984741211,11.199999809265137,11.680000305175781,0.0,5088
2020-07-16,11.520000457763672,11.520000457763672,0.0,11.760000228881836,10.399999618530273,11.760000228881836,0.0,5888
2020-07-17,11.279999732971191,11.279999732971191,0.0,12.399999618530273,10.479999542236328,12.15999984741211,0.0,9375
2020-07-20,11.279999732971191,11.279999732971191,0.0,12.0,11.279999732971191,11.279999732971191,0.0,8688
2020-07-21,11.119999885559082,11.119999885559082,0.0,11.600000381469727,10.800000190734863,11.359999656677246,0.0,9588
2020-07-22,11.279999732971191,11.279999732971191,0.0,11.520000457763672,9.84000015258789,11.039999961853027,0.0,20613
2020-07-23,12.720000267028809,12.720000267028809,0.0,14.319999694824219,12.0,12.5600004196167,0.0,40513
2020-07-24,11.84000015258789,11.84000015258789,0.0,12.720000267028809,10.800000190734863,12.720000267028809,0.0,18338
2020-07-27,10.319999694824219,10.319999694824219,0.0,12.0,10.0,11.920000076293945,0.0,14538
2020-07-28,10.399999618530273,10.399999618530273,0.0,10.800000190734863,10.0,10.15999984741211,0.0,14750
2020-07-29,10.399999618530273,10.399999618530273,0.0,10.5600004196167,10.319999694824219,10.399999618530273,0.0,11913
2020-07-30,10.319999694824219,10.319999694824219,0.0,11.119999885559082,9.359999656677246,10.800000190734863,0.0,31250
2020-07-31,10.399999618530273,10.399999618530273,0.0,10.720000267028809,8.960000038146973,9.600000381469727,0.0,12400
2020-08-03,9.600000381469727,9.600000381469727,0.0,11.039999961853027,9.279999732971191,10.399999618530273,0.0,15638
2020-08-04,9.600000381469727,9.600000381469727,0.0,9.84000015258789,9.039999961853027,9.600000381469727,0.0,3050
2020-08-05,9.039999961853027,9.039999961853027,0.0,9.920000076293945,8.079999923706055,9.600000381469727,0.0,15350
2020-08-06,8.960000038146973,8.960000038146973,0.0,9.600000381469727,8.399999618530273,9.359999656677246,0.0,7600
2020-08-07,8.399999618530273,8.399999618530273,0.0,9.039999961853027,8.239999771118164,9.039999961853027,0.0,3038
2020-08-10,7.360000133514404,7.360000133514404,0.0,8.479999542236328,5.920000076293945,8.479999542236328,0.0,25375
2020-08-11,7.920000076293945,7.920000076293945,0.0,8.0,7.360000133514404,7.599999904632568,0.0,5663
2020-08-12,7.840000152587891,7.840000152587891,0.0,9.039999961853027,7.199999809265137,7.760000228881836,0.0,8313
2020-08-13,7.360000133514404,7.360000133514404,0.0,7.599999904632568,7.199999809265137,7.440000057220459,0.0,8025
2020-08-14,7.440000057220459,7.440000057220459,0.0,7.920000076293945,7.360000133514404,7.599999904632568,0.0,1588
2020-08-17,7.28000020980835,7.28000020980835,0.0,7.679999828338623,7.199999809265137,7.440000057220459,0.0,4638
2020-08-18,7.199999809265137,7.199999809265137,0.0,7.679999828338623,6.71999979019165,7.28000020980835,0.0,13638
2020-08-19,7.119999885559082,7.119999885559082,0.0,7.599999904632568,7.119999885559082,7.28000020980835,0.0,6563
2020-08-20,6.71999979019165,6.71999979019165,0.0,7.360000133514404,6.159999847412109,7.199999809265137,0.0,17225
2020-08-21,7.119999885559082,7.119999885559082,0.0,7.119999885559082,6.480000019073486,6.880000114440918,0.0,5625
2020-08-24,7.119999885559082,7.119999885559082,0.0,7.199999809265137,6.800000190734863,7.199999809265137,0.0,6513
2020-08-25,6.400000095367432,6.400000095367432,0.0,7.199999809265137,6.239999771118164,7.199999809265137,0.0,7888
2020-08-26,7.519999980926514,7.519999980926514,0.0,7.679999828338623,6.559999942779541,6.639999866485596,0.0,7363
2020-08-27,7.519999980926514,7.519999980926514,0.0,7.920000076293945,7.199999809265137,7.920000076293945,0.0,3913
2020-08-28,7.679999828338623,7.679999828338623,0.0,7.679999828338623,7.199999809265137,7.519999980926514,0.0,5200
2020-08-31,8.0,8.0,0.0,8.479999542236328,7.599999904632568,7.599999904632568,0.0,5313
2020-09-01,9.84000015258789,9.84000015258789,0.0,9.920000076293945,8.15999984741211,8.479999542236328,0.0,17425
2020-09-02,9.199999809265137,9.199999809265137,0.0,10.800000190734863,8.479999542236328,10.319999694824219,0.0,17488
2020-09-03,9.279999732971191,9.279999732971191,0.0,9.84000015258789,8.800000190734863,9.279999732971191,0.0,6475
2020-09-04,10.5600004196167,10.5600004196167,0.0,10.640000343322754,8.800000190734863,9.279999732971191,0.0,7975
2020-09-08,10.880000114440918,10.880000114440918,0.0,10.880000114440918,9.600000381469727,10.399999618530273,0.0,8950
2020-09-09,10.079999923706055,10.079999923706055,0.0,10.800000190734863,10.0,10.0,0.0,2763
2020-09-10,9.279999732971191,9.279999732971191,0.0,10.0,8.15999984741211,10.0,0.0,9275
2020-09-11,9.039999961853027,9.039999961853027,0.0,9.600000381469727,8.479999542236328,9.4399995803833,0.0,2475
2020-09-14,8.880000114440918,8.880000114440918,0.0,9.039999961853027,8.399999618530273,8.960000038146973,0.0,2200
2020-09-15,9.039999961853027,9.039999961853027,0.0,9.199999809265137,8.800000190734863,8.880000114440918,0.0,1425
2020-09-16,9.600000381469727,9.600000381469727,0.0,11.119999885559082,8.399999618530273,9.199999809265137,0.0,9138
2020-09-17,10.239999771118164,10.239999771118164,0.0,11.920000076293945,7.599999904632568,8.479999542236328,0.0,19238
2020-09-18,11.760000228881836,11.760000228881836,0.0,13.680000305175781,11.600000381469727,11.680000305175781,0.0,79038
2020-09-21,13.199999809265137,13.199999809265137,0.0,13.84000015258789,11.920000076293945,12.399999618530273,0.0,37538
2020-09-22,14.239999771118164,14.239999771118164,0.0,14.640000343322754,12.640000343322754,13.520000457763672,0.0,42050
2020-09-23,13.199999809265137,13.199999809265137,0.0,15.039999961853027,12.960000038146973,14.800000190734863,0.0,22925
2020-09-24,12.720000267028809,12.720000267028809,0.0,13.199999809265137,11.760000228881836,13.039999961853027,0.0,16013
2020-09-25,13.039999961853027,13.039999961853027,0.0,14.399999618530273,12.720000267028809,12.720000267028809,0.0,10175
2020-09-28,12.800000190734863,12.800000190734863,0.0,14.0,12.0,13.920000076293945,0.0,22900
2020-09-29,12.640000343322754,12.640000343322754,0.0,12.880000114440918,12.640000343322754,12.800000190734863,0.0,3088
2020-09-30,12.720000267028809,12.720000267028809,0.0,12.800000190734863,11.359999656677246,12.720000267028809,0.0,5050
2020-10-01,12.5600004196167,12.5600004196167,0.0,13.600000381469727,12.319999694824219,12.640000343322754,0.0,9113
2020-10-02,12.399999618530273,12.399999618530273,0.0,12.880000114440918,11.84000015258789,12.479999542236328,0.0,4763
2020-10-05,12.720000267028809,12.720000267028809,0.0,13.520000457763672,11.279999732971191,12.5600004196167,0.0,14000
2020-10-06,12.720000267028809,12.720000267028809,0.0,13.520000457763672,11.760000228881836,12.720000267028809,0.0,9938
2020-10-07,12.319999694824219,12.319999694824219,0.0,12.960000038146973,11.359999656677246,12.640000343322754,0.0,15988
2020-10-08,11.119999885559082,11.119999885559082,0.0,12.319999694824219,10.5600004196167,11.84000015258789,0.0,15450
2020-10-09,10.800000190734863,10.800000190734863,0.0,11.199999809265137,10.5600004196167,10.5600004196167,0.0,4800
2020-10-12,10.399999618530273,10.399999618530273,0.0,11.119999885559082,10.399999618530273,11.119999885559082,0.0,9913
2020-10-13,10.800000190734863,10.800000190734863,0.0,11.199999809265137,10.479999542236328,10.479999542236328,0.0,2950
2020-10-14,11.359999656677246,11.359999656677246,0.0,11.359999656677246,10.960000038146973,11.199999809265137,0.0,1800
2020-10-15,10.399999618530273,10.399999618530273,0.0,11.359999656677246,10.399999618530273,11.359999656677246,0.0,4013
2020-10-16,11.520000457763672,11.520000457763672,0.0,11.760000228881836,10.5600004196167,10.5600004196167,0.0,4400
2020-10-19,10.800000190734863,10.800000190734863,0.0,11.84000015258789,10.800000190734863,11.680000305175781,0.0,4963
2020-10-20,10.960000038146973,10.960000038146973,0.0,11.199999809265137,10.5600004196167,11.199999809265137,0.0,4325
2020-10-21,11.199999809265137,11.199999809265137,0.0,11.359999656677246,10.5600004196167,11.199999809265137,0.0,3163
2020-10-22,10.800000190734863,10.800000190734863,0.0,11.199999809265137,10.399999618530273,11.119999885559082,0.0,5625
2020-10-23,10.720000267028809,10.720000267028809,0.0,10.960000038146973,10.5600004196167,10.880000114440918,0.0,1275
2020-10-26,10.720000267028809,10.720000267028809,0.0,11.199999809265137,10.319999694824219,11.199999809265137,0.0,16288
2020-10-27,10.479999542236328,10.479999542236328,0.0,10.800000190734863,10.319999694824219,10.319999694824219,0.0,4463
2020-10-28,10.0,10.0,0.0,10.479999542236328,9.680000305175781,10.479999542236328,0.0,10813
2020-10-29,10.239999771118164,10.239999771118164,0.0,10.239999771118164,10.0,10.0,0.0,3900
2020-10-30,10.0,10.0,0.0,10.239999771118164,9.84000015258789,10.239999771118164,0.0,1600
2020-11-02,9.4399995803833,9.4399995803833,0.0,10.239999771118164,9.279999732971191,10.15999984741211,0.0,4825
2020-11-03,8.960000038146973,8.960000038146973,0.0,9.680000305175781,8.720000267028809,9.359999656677246,0.0,5650
2020-11-04,8.640000343322754,8.640000343322754,0.0,8.880000114440918,8.079999923706055,8.880000114440918,0.0,8475
2020-11-05,8.479999542236328,8.479999542236328,0.0,8.640000343322754,8.15999984741211,8.640000343322754,0.0,6288
2020-11-06,8.5600004196167,8.5600004196167,0.0,8.720000267028809,8.239999771118164,8.239999771118164,0.0,2738
2020-11-09,8.319999694824219,8.319999694824219,0.0,8.720000267028809,8.15999984741211,8.720000267028809,0.0,6075
2020-11-10,8.640000343322754,8.640000343322754,0.0,10.0,8.15999984741211,8.15999984741211,0.0,3675
2020-11-11,10.15999984741211,10.15999984741211,0.0,10.239999771118164,8.800000190734863,9.359999656677246,0.0,7238
2020-11-12,10.479999542236328,10.479999542236328,0.0,11.520000457763672,10.239999771118164,10.239999771118164,0.0,12275
2020-11-13,10.239999771118164,10.239999771118164,0.0,11.199999809265137,10.0,10.479999542236328,0.0,2988
2020-11-16,9.84000015258789,9.84000015258789,0.0,10.880000114440918,8.960000038146973,10.239999771118164,0.0,6725
2020-11-17,9.84000015258789,9.84000015258789,0.0,11.119999885559082,9.760000228881836,11.039999961853027,0.0,3950
2020-11-18,9.920000076293945,9.920000076293945,0.0,10.960000038146973,9.600000381469727,10.960000038146973,0.0,1925
2020-11-19,9.760000228881836,9.760000228881836,0.0,10.0,9.4399995803833,10.0,0.0,1363
2020-11-20,9.84000015258789,9.84000015258789,0.0,10.479999542236328,9.4399995803833,9.760000228881836,0.0,5400
2020-11-23,9.680000305175781,9.680000305175781,0.0,9.84000015258789,9.279999732971191,9.680000305175781,0.0,4188
2020-11-24,10.0,10.0,0.0,10.079999923706055,9.119999885559082,9.680000305175781,0.0,8013
2020-11-25,10.239999771118164,10.239999771118164,0.0,10.399999618530273,10.0,10.0,0.0,9213
2020-11-27,11.520000457763672,11.520000457763672,0.0,11.920000076293945,10.239999771118164,10.960000038146973,0.0,9663
2020-11-30,11.680000305175781,11.680000305175781,0.0,12.0,11.279999732971191,12.0,0.0,5663
2020-12-01,11.359999656677246,11.359999656677246,0.0,12.319999694824219,10.880000114440918,11.920000076293945,0.0,6488
2020-12-02,11.199999809265137,11.199999809265137,0.0,11.359999656677246,10.5600004196167,11.359999656677246,0.0,5888
2020-12-03,11.680000305175781,11.680000305175781,0.0,12.239999771118164,10.800000190734863,11.680000305175781,0.0,4200
2020-12-04,11.119999885559082,11.119999885559082,0.0,11.920000076293945,10.800000190734863,11.680000305175781,0.0,2788
2020-12-07,12.0,12.0,0.0,12.0,10.880000114440918,11.119999885559082,0.0,6388
2020-12-08,11.4399995803833,11.4399995803833,0.0,12.0,10.960000038146973,12.0,0.0,4913
2020-12-09,11.760000228881836,11.760000228881836,0.0,12.0,10.800000190734863,11.199999809265137,0.0,4688
2020-12-10,11.600000381469727,11.600000381469727,0.0,11.920000076293945,10.399999618530273,11.199999809265137,0.0,7513
2020-12-11,11.199999809265137,11.199999809265137,0.0,11.600000381469727,10.800000190734863,11.199999809265137,0.0,3675
2020-12-14,11.199999809265137,11.199999809265137,0.0,11.600000381469727,10.399999618530273,11.199999809265137,0.0,6338
2020-12-15,11.4399995803833,11.4399995803833,0.0,11.600000381469727,11.199999809265137,11.4399995803833,0.0,2963
2020-12-16,11.119999885559082,11.119999885559082,0.0,11.680000305175781,10.880000114440918,11.359999656677246,0.0,2950
2020-12-17,10.239999771118164,10.239999771118164,0.0,11.359999656677246,9.520000457763672,11.039999961853027,0.0,13213
2020-12-18,10.0,10.0,0.0,11.119999885559082,9.600000381469727,10.800000190734863,0.0,12213
2020-12-21,10.399999618530273,10.399999618530273,0.0,11.119999885559082,9.520000457763672,10.399999618530273,0.0,6000
2020-12-22,9.920000076293945,9.920000076293945,0.0,11.199999809265137,9.680000305175781,10.399999618530273,0.0,4238
2020-12-23,10.0,10.0,0.0,10.319999694824219,9.199999809265137,10.319999694824219,0.0,10038
2020-12-24,9.920000076293945,9.920000076293945,0.0,10.800000190734863,9.760000228881836,10.0,0.0,2913
2020-12-28,16.959999084472656,16.959999084472656,0.0,19.200000762939453,9.520000457763672,9.84000015258789,0.0,162975
2020-12-29,13.119999885559082,13.119999885559082,0.0,17.200000762939453,12.0,16.8799991607666,0.0,85413
2020-12-30,10.880000114440918,10.880000114440918,0.0,14.399999618530273,10.479999542236328,14.0,0.0,72038
2020-12-31,11.760000228881836,11.760000228881836,0.0,13.119999885559082,11.199999809265137,12.0,0.0,35413
2021-01-04,11.4399995803833,11.4399995803833,0.0,12.800000190734863,11.199999809265137,12.0,0.0,36963
2021-01-05,11.039999961853027,11.039999961853027,0.0,11.84000015258789,10.800000190734863,11.4399995803833,0.0,26750
2021-01-06,12.800000190734863,12.800000190734863,0.0,13.760000228881836,12.15999984741211,12.720000267028809,0.0,110288
2021-01-07,13.600000381469727,13.600000381469727,0.0,14.079999923706055,13.119999885559082,13.4399995803833,0.0,61313
2021-01-08,12.0,12.0,0.0,14.0,11.359999656677246,13.760000228881836,0.0,47125
2021-01-11,11.119999885559082,11.119999885559082,0.0,13.119999885559082,10.880000114440918,13.119999885559082,0.0,39250
2021-01-12,11.600000381469727,11.600000381469727,0.0,11.920000076293945,10.479999542236328,11.119999885559082,0.0,27575
2021-01-13,10.5600004196167,10.5600004196167,0.0,11.920000076293945,10.399999618530273,11.600000381469727,0.0,49438
2021-01-14,10.399999618530273,10.399999618530273,0.0,10.880000114440918,10.239999771118164,10.479999542236328,0.0,29638
2021-01-15,10.319999694824219,10.319999694824219,0.0,11.039999961853027,10.239999771118164,10.720000267028809,0.0,24513
2021-01-19,10.319999694824219,10.319999694824219,0.0,11.199999809265137,10.239999771118164,10.319999694824219,0.0,26938
2021-01-20,10.319999694824219,10.319999694824219,0.0,10.720000267028809,10.0,10.479999542236328,0.0,21350
2021-01-21,9.920000076293945,9.920000076293945,0.0,10.399999618530273,9.520000457763672,10.239999771118164,0.0,39775
2021-01-22,10.880000114440918,10.880000114440918,0.0,11.600000381469727,10.15999984741211,10.479999542236328,0.0,51563
2021-01-25,12.479999542236328,12.479999542236328,0.0,12.960000038146973,11.199999809265137,11.600000381469727,0.0,71713
2021-01-26,13.119999885559082,13.119999885559082,0.0,13.600000381469727,11.84000015258789,13.600000381469727,0.0,82175
2021-01-27,11.279999732971191,11.279999732971191,0.0,13.279999732971191,11.199999809265137,13.119999885559082,0.0,55500
2021-01-28,11.039999961853027,11.039999961853027,0.0,12.399999618530273,10.640000343322754,12.399999618530273,0.0,29625
2021-01-29,10.640000343322754,10.640000343322754,0.0,12.0,10.479999542236328,11.199999809265137,0.0,19388
2021-02-01,10.0,10.0,0.0,11.039999961853027,9.84000015258789,10.5600004196167,0.0,40363
2021-02-02,10.239999771118164,10.239999771118164,0.0,10.640000343322754,9.520000457763672,10.399999618530273,0.0,32538
2021-02-03,11.680000305175781,11.680000305175781,0.0,12.0,10.239999771118164,10.399999618530273,0.0,35113
2021-02-04,11.920000076293945,11.920000076293945,0.0,12.15999984741211,11.279999732971191,11.84000015258789,0.0,39713
2021-02-05,12.15999984741211,12.15999984741211,0.0,12.880000114440918,12.0,12.0,0.0,39288
2021-02-08,13.199999809265137,13.199999809265137,0.0,13.680000305175781,12.5600004196167,12.800000190734863,0.0,59500
2021-02-09,13.600000381469727,13.600000381469727,0.0,14.399999618530273,13.199999809265137,13.199999809265137,0.0,55725
2021-02-10,13.600000381469727,13.600000381469727,0.0,14.239999771118164,12.800000190734863,13.600000381469727,0.0,34275
2021-02-11,13.520000457763672,13.520000457763672,0.0,14.0,12.800000190734863,14.0,0.0,29788
2021-02-12,13.279999732971191,13.279999732971191,0.0,13.680000305175781,11.279999732971191,13.520000457763672,0.0,40450
2021-02-16,23.440000534057617,23.440000534057617,0.0,23.520000457763672,13.600000381469727,14.0,0.0,256400
2021-02-17,22.719999313354492,22.719999313354492,0.0,24.079999923706055,15.600000381469727,23.520000457763672,0.0,149675
2021-02-18,22.0,22.0,0.0,23.040000915527344,17.360000610351562,22.799999237060547,0.0,75213
2021-02-19,20.0,20.0,0.0,23.440000534057617,19.760000228881836,23.440000534057617,0.0,70063
2021-02-22,19.040000915527344,19.040000915527344,0.0,20.079999923706055,18.0,20.0,0.0,41938
2021-02-23,16.799999237060547,16.799999237060547,0.0,19.200000762939453,16.0,18.719999313354492,0.0,60738
2021-02-24,17.1200008392334,17.1200008392334,0.0,18.239999771118164,16.0,16.799999237060547,0.0,22288
2021-02-25,17.280000686645508,17.280000686645508,0.0,18.799999237060547,16.399999618530273,17.600000381469727,0.0,24413
2021-02-26,20.799999237060547,20.799999237060547,0.0,22.719999313354492,17.360000610351562,18.079999923706055,0.0,182938
2021-03-01,20.8799991607666,20.8799991607666,0.0,22.399999618530273,20.0,22.239999771118164,0.0,44938
2021-03-02,19.440000534057617,19.440000534057617,0.0,21.040000915527344,18.399999618530273,20.8799991607666,0.0,27988
2021-03-03,19.280000686645508,19.280000686645508,0.0,21.200000762939453,19.280000686645508,19.520000457763672,0.0,32700
2021-03-04,18.639999389648438,18.639999389648438,0.0,21.1200008392334,18.639999389648438,19.84000015258789,0.0,49913
2021-03-05,20.0,20.0,0.0,20.799999237060547,17.200000762939453,19.040000915527344,0.0,49713
2021-03-08,19.440000534057617,19.440000534057617,0.0,21.1200008392334,19.040000915527344,20.399999618530273,0.0,28588
2021-03-09,19.920000076293945,19.920000076293945,0.0,20.719999313354492,18.239999771118164,19.440000534057617,0.0,10063
2021-03-10,19.040000915527344,19.040000915527344,0.0,20.719999313354492,18.399999618530273,20.0,0.0,18800
2021-03-11,19.760000228881836,19.760000228881836,0.0,20.639999389648438,19.040000915527344,19.280000686645508,0.0,11925
2021-03-12,19.360000610351562,19.360000610351562,0.0,20.559999465942383,19.360000610351562,19.84000015258789,0.0,12813
2021-03-15,21.200000762939453,21.200000762939453,0.0,21.200000762939453,19.360000610351562,19.520000457763672,0.0,17788
2021-03-16,20.799999237060547,20.799999237060547,0.0,21.600000381469727,20.079999923706055,20.559999465942383,0.0,12350
2021-03-17,21.920000076293945,21.920000076293945,0.0,22.399999618530273,21.200000762939453,21.200000762939453,0.0,49425
2021-03-18,20.8799991607666,20.8799991607666,0.0,22.399999618530273,20.799999237060547,21.84000015258789,0.0,17263
2021-03-19,20.559999465942383,20.559999465942383,0.0,22.0,19.280000686645508,20.8799991607666,0.0,27825
2021-03-22,20.639999389648438,20.639999389648438,0.0,20.799999237060547,20.0,20.559999465942383,0.0,16663
2021-03-23,20.239999771118164,20.239999771118164,0.0,21.920000076293945,20.0,21.200000762939453,0.0,13575
2021-03-24,18.239999771118164,18.239999771118164,0.0,20.719999313354492,17.200000762939453,20.31999969482422,0.0,27413
2021-03-25,17.920000076293945,17.920000076293945,0.0,18.559999465942383,17.200000762939453,18.239999771118164,0.0,15563
2021-03-26,18.399999618530273,18.399999618530273,0.0,20.079999923706055,17.600000381469727,17.920000076293945,0.0,27050
2021-03-29,17.600000381469727,17.600000381469727,0.0,18.31999969482422,17.200000762939453,18.239999771118164,0.0,19150
2021-03-30,18.799999237060547,18.799999237060547,0.0,18.959999084472656,17.200000762939453,17.520000457763672,0.0,23275
2021-03-31,19.84000015258789,19.84000015258789,0.0,20.799999237060547,18.15999984741211,18.559999465942383,0.0,27038
2021-04-01,20.31999969482422,20.31999969482422,0.0,21.040000915527344,20.0,20.639999389648438,0.0,18275
2021-04-05,19.440000534057617,19.440000534057617,0.0,21.200000762939453,19.200000762939453,20.399999618530273,0.0,18650
2021-04-06,20.399999618530273,20.399999618530273,0.0,20.8799991607666,19.040000915527344,19.440000534057617,0.0,10625
2021-04-07,20.399999618530273,20.399999618530273,0.0,20.799999237060547,18.799999237060547,20.799999237060547,0.0,16838
2021-04-08,20.079999923706055,20.079999923706055,0.0,20.559999465942383,19.600000381469727,20.15999984741211,0.0,11875
2021-04-09,19.280000686645508,19.280000686645508,0.0,20.399999618530273,19.200000762939453,19.920000076293945,0.0,10625
2021-04-12,18.399999618530273,18.399999618530273,0.0,20.399999618530273,18.399999618530273,19.600000381469727,0.0,14725
2021-04-13,18.799999237060547,18.799999237060547,0.0,20.0,18.399999618530273,18.399999618530273,0.0,13038
2021-04-14,18.479999542236328,18.479999542236328,0.0,20.0,18.399999618530273,19.360000610351562,0.0,14700
2021-04-15,17.520000457763672,17.520000457763672,0.0,18.799999237060547,17.200000762939453,18.399999618530273,0.0,26163
2021-04-16,16.639999389648438,16.639999389648438,0.0,17.200000762939453,16.079999923706055,17.040000915527344,0.0,26763
2021-04-19,16.31999969482422,16.31999969482422,0.0,16.8799991607666,16.0,16.799999237060547,0.0,18788
2021-04-20,15.199999809265137,15.199999809265137,0.0,16.31999969482422,13.600000381469727,16.31999969482422,0.0,31838
2021-04-21,16.15999984741211,16.15999984741211,0.0,16.479999542236328,14.640000343322754,15.199999809265137,0.0,13813
2021-04-22,17.200000762939453,17.200000762939453,0.0,17.440000534057617,16.079999923706055,16.399999618530273,0.0,18900
2021-04-23,17.200000762939453,17.200000762939453,0.0,17.920000076293945,16.15999984741211,17.040000915527344,0.0,12813
2021-04-26,17.84000015258789,17.84000015258789,0.0,17.920000076293945,16.079999923706055,17.200000762939453,0.0,19175
2021-04-27,19.920000076293945,19.920000076293945,0.0,20.31999969482422,18.0,18.479999542236328,0.0,29113
2021-04-28,20.239999771118164,20.239999771118164,0.0,21.1200008392334,19.760000228881836,20.079999923706055,0.0,29863
2021-04-29,19.360000610351562,19.360000610351562,0.0,21.200000762939453,18.399999618530273,20.559999465942383,0.0,21350
2021-04-30,18.799999237060547,18.799999237060547,0.0,20.31999969482422,18.799999237060547,20.0,0.0,7888
2021-05-03,18.799999237060547,18.799999237060547,0.0,19.600000381469727,18.399999618530273,18.799999237060547,0.0,9663
2021-05-04,18.559999465942383,18.559999465942383,0.0,19.040000915527344,18.399999618530273,18.639999389648438,0.0,9275
2021-05-05,17.920000076293945,17.920000076293945,0.0,18.559999465942383,17.84000015258789,18.559999465942383,0.0,13125
2021-05-06,17.200000762939453,17.200000762939453,0.0,18.639999389648438,16.15999984741211,18.239999771118164,0.0,21750
2021-05-07,16.719999313354492,16.719999313354492,0.0,18.15999984741211,16.079999923706055,17.760000228881836,0.0,12000
2021-05-10,16.0,16.0,0.0,17.1200008392334,15.199999809265137,16.639999389648438,0.0,20413
2021-05-11,16.079999923706055,16.079999923706055,0.0,16.8799991607666,14.800000190734863,14.800000190734863,0.0,6313
2021-05-12,16.0,16.0,0.0,16.31999969482422,15.600000381469727,16.31999969482422,0.0,8550
2021-05-13,15.84000015258789,15.84000015258789,0.0,17.600000381469727,14.960000038146973,16.31999969482422,0.0,12213
2021-05-14,16.639999389648438,16.639999389648438,0.0,16.799999237060547,15.84000015258789,16.0,0.0,6875
2021-05-17,16.15999984741211,16.15999984741211,0.0,16.719999313354492,15.600000381469727,16.639999389648438,0.0,5525
2021-05-18,16.239999771118164,16.239999771118164,0.0,16.479999542236328,14.880000114440918,16.15999984741211,0.0,7288
2021-05-19,16.239999771118164,16.239999771118164,0.0,16.479999542236328,14.880000114440918,16.479999542236328,0.0,8438
2021-05-20,16.399999618530273,16.399999618530273,0.0,18.15999984741211,16.239999771118164,16.239999771118164,0.0,14100
2021-05-21,16.31999969482422,16.31999969482422,0.0,17.520000457763672,16.239999771118164,16.399999618530273,0.0,15750
2021-05-24,16.399999618530273,16.399999618530273,0.0,17.200000762939453,15.359999656677246,16.399999618530273,0.0,11600
2021-05-25,15.920000076293945,15.920000076293945,0.0,16.799999237060547,15.680000305175781,16.079999923706055,0.0,11250
2021-05-26,16.15999984741211,16.15999984741211,0.0,16.799999237060547,15.680000305175781,16.0,0.0,11138
2021-05-27,16.719999313354492,16.719999313354492,0.0,17.600000381469727,16.559999465942383,16.799999237060547,0.0,19638
2021-05-28,16.239999771118164,16.239999771118164,0.0,17.600000381469727,16.0,17.040000915527344,0.0,14313
2021-06-01,16.559999465942383,16.559999465942383,0.0,16.799999237060547,15.760000228881836,16.0,0.0,17500
2021-06-02,18.8799991607666,18.8799991607666,0.0,19.200000762939453,16.0,16.399999618530273,0.0,94925
2021-06-03,22.799999237060547,22.799999237060547,0.0,23.1200008392334,18.959999084472656,18.959999084472656,0.0,135600
2021-06-04,20.719999313354492,20.719999313354492,0.0,23.600000381469727,19.520000457763672,23.280000686645508,0.0,125475
2021-06-07,20.799999237060547,20.799999237060547,0.0,22.0,20.0,21.760000228881836,0.0,83188
2021-06-08,21.280000686645508,21.280000686645508,0.0,21.920000076293945,20.799999237060547,21.920000076293945,0.0,84013
2021-06-09,20.799999237060547,20.799999237060547,0.0,22.239999771118164,20.399999618530273,22.0,0.0,96513
2021-06-10,20.959999084472656,20.959999084472656,0.0,21.200000762939453,20.0,21.200000762939453,0.0,49825
2021-06-11,19.68000030517578,19.68000030517578,0.0,21.1200008392334,19.200000762939453,20.479999542236328,0.0,72388
2021-06-14,18.799999237060547,18.799999237060547,0.0,19.600000381469727,18.639999389648438,19.360000610351562,0.0,54875
2021-06-15,19.520000457763672,19.520000457763672,0.0,20.0,19.200000762939453,20.0,0.0,19738
2021-06-16,18.15999984741211,18.15999984741211,0.0,19.760000228881836,17.920000076293945,19.760000228881836,0.0,45475
2021-06-17,18.399999618530273,18.399999618530273,0.0,25.520000457763672,18.079999923706055,23.84000015258789,0.0,4272438
2021-06-18,16.8799991607666,16.8799991607666,0.0,18.399999618530273,16.8799991607666,18.399999618530273,0.0,364413
2021-06-21,18.079999923706055,18.079999923706055,0.0,18.15999984741211,16.799999237060547,17.200000762939453,0.0,174775
2021-06-22,19.280000686645508,19.280000686645508,0.0,19.68000030517578,18.239999771118164,18.799999237060547,0.0,237050
2021-06-23,19.920000076293945,19.920000076293945,0.0,20.719999313354492,19.280000686645508,20.239999771118164,0.0,200163
2021-06-24,20.31999969482422,20.31999969482422,0.0,20.639999389648438,19.360000610351562,20.239999771118164,0.0,177900
2021-06-25,19.84000015258789,19.84000015258789,0.0,20.639999389648438,19.600000381469727,20.639999389648438,0.0,109825
2021-06-28,20.079999923706055,20.079999923706055,0.0,21.520000457763672,19.280000686645508,20.079999923706055,0.0,195700
2021-06-29,19.360000610351562,19.360000610351562,0.0,20.399999618530273,19.280000686645508,20.0,0.0,98113
2021-06-30,19.760000228881836,19.760000228881836,0.0,20.719999313354492,19.200000762939453,19.360000610351562,0.0,152313
2021-07-01,18.959999084472656,18.959999084472656,0.0,19.68000030517578,18.639999389648438,19.280000686645508,0.0,92950
2021-07-02,18.959999084472656,18.959999084472656,0.0,19.520000457763672,18.719999313354492,19.200000762939453,0.0,44513
2021-07-06,19.84000015258789,19.84000015258789,0.0,20.079999923706055,18.639999389648438,18.799999237060547,0.0,157325
2021-07-07,19.1200008392334,19.1200008392334,0.0,19.920000076293945,18.719999313354492,19.68000030517578,0.0,58738
2021-07-08,18.639999389648438,18.639999389648438,0.0,19.040000915527344,17.600000381469727,18.399999618530273,0.0,106550
2021-07-09,19.040000915527344,19.040000915527344,0.0,19.280000686645508,18.399999618530273,18.959999084472656,0.0,69038
2021-07-12,18.399999618530273,18.399999618530273,0.0,19.200000762939453,18.079999923706055,19.200000762939453,0.0,53688
2021-07-13,18.15999984741211,18.15999984741211,0.0,18.479999542236328,18.0,18.15999984741211,0.0,48400
2021-07-14,17.040000915527344,17.040000915527344,0.0,18.079999923706055,16.479999542236328,18.0,0.0,135363
2021-07-15,17.68000030517578,17.68000030517578,0.0,18.079999923706055,16.799999237060547,17.280000686645508,0.0,46075
2021-07-16,17.84000015258789,17.84000015258789,0.0,18.079999923706055,17.440000534057617,17.920000076293945,0.0,40800
2021-07-19,17.1200008392334,17.1200008392334,0.0,17.200000762939453,16.31999969482422,17.200000762939453,0.0,45438
2021-07-20,16.15999984741211,16.15999984741211,0.0,17.520000457763672,16.079999923706055,17.280000686645508,0.0,91950
2021-07-21,17.040000915527344,17.040000915527344,0.0,17.200000762939453,16.239999771118164,16.239999771118164,0.0,55313
2021-07-22,16.31999969482422,16.31999969482422,0.0,17.280000686645508,16.15999984741211,17.200000762939453,0.0,91325
2021-07-23,16.239999771118164,16.239999771118164,0.0,16.799999237060547,16.079999923706055,16.799999237060547,0.0,77500
2021-07-26,16.479999542236328,16.479999542236328,0.0,16.639999389648438,16.079999923706055,16.559999465942383,0.0,46975
2021-07-27,16.15999984741211,16.15999984741211,0.0,16.559999465942383,15.199999809265137,16.399999618530273,0.0,112838
2021-07-28,16.399999618530273,16.399999618530273,0.0,16.479999542236328,15.84000015258789,16.399999618530273,0.0,65850
2021-07-29,16.239999771118164,16.239999771118164,0.0,16.559999465942383,16.079999923706055,16.559999465942383,0.0,48225
2021-07-30,16.31999969482422,16.31999969482422,0.0,16.399999618530273,16.0,16.079999923706055,0.0,33000
2021-08-02,16.959999084472656,16.959999084472656,0.0,17.1200008392334,15.760000228881836,16.399999618530273,0.0,55713
2021-08-03,16.719999313354492,16.719999313354492,0.0,16.959999084472656,16.399999618530273,16.959999084472656,0.0,33688
2021-08-04,16.15999984741211,16.15999984741211,0.0,16.719999313354492,16.0,16.719999313354492,0.0,38963
2021-08-05,16.719999313354492,16.719999313354492,0.0,16.799999237060547,15.920000076293945,16.0,0.0,31788
2021-08-06,16.31999969482422,16.31999969482422,0.0,16.719999313354492,16.0,16.0,0.0,25913
2021-08-09,16.479999542236328,16.479999542236328,0.0,16.719999313354492,16.15999984741211,16.639999389648438,0.0,39288
2021-08-10,16.799999237060547,16.799999237060547,0.0,16.959999084472656,16.399999618530273,16.639999389648438,0.0,31200
2021-08-11,18.479999542236328,18.479999542236328,0.0,18.799999237060547,16.399999618530273,16.959999084472656,0.0,127463
2021-08-12,18.31999969482422,18.31999969482422,0.0,19.040000915527344,17.360000610351562,18.719999313354492,0.0,94338
2021-08-13,18.0,18.0,0.0,18.31999969482422,17.520000457763672,18.31999969482422,0.0,40550
2021-08-16,17.760000228881836,17.760000228881836,0.0,18.15999984741211,16.799999237060547,17.920000076293945,0.0,52563
2021-08-17,16.31999969482422,16.31999969482422,0.0,17.760000228881836,16.0,16.8799991607666,0.0,80525
2021-08-18,17.360000610351562,17.360000610351562,0.0,18.15999984741211,17.200000762939453,18.15999984741211,0.0,69450
2021-08-19,16.799999237060547,16.799999237060547,0.0,17.600000381469727,16.559999465942383,16.639999389648438,0.0,34238
2021-08-20,16.399999618530273,16.399999618530273,0.0,17.200000762939453,16.31999969482422,16.639999389648438,0.0,38338
2021-08-23,17.040000915527344,17.040000915527344,0.0,17.520000457763672,16.399999618530273,16.399999618530273,0.0,36000
2021-08-24,16.8799991607666,16.8799991607666,0.0,17.520000457763672,16.799999237060547,16.959999084472656,0.0,27288
2021-08-25,17.1200008392334,17.1200008392334,0.0,17.520000457763672,16.799999237060547,17.1200008392334,0.0,38563
2021-08-26,16.639999389648438,16.639999389648438,0.0,17.360000610351562,16.399999618530273,17.040000915527344,0.0,52800
2021-08-27,17.040000915527344,17.040000915527344,0.0,17.1200008392334,16.31999969482422,16.8799991607666,0.0,39613
2021-08-30,17.040000915527344,17.040000915527344,0.0,17.040000915527344,16.479999542236328,16.8799991607666,0.0,51625
2021-08-31,17.1200008392334,17.1200008392334,0.0,17.280000686645508,16.639999389648438,16.719999313354492,0.0,51188
2021-09-01,17.200000762939453,17.200000762939453,0.0,18.0,17.040000915527344,17.360000610351562,0.0,60475
2021-09-02,18.239999771118164,18.239999771118164,0.0,18.479999542236328,16.959999084472656,17.360000610351562,0.0,67163
2021-09-03,17.920000076293945,17.920000076293945,0.0,18.559999465942383,17.280000686645508,18.239999771118164,0.0,146488
2021-09-07,18.559999465942383,18.559999465942383,0.0,18.959999084472656,18.0,18.15999984741211,0.0,120238
2021-09-08,19.280000686645508,19.280000686645508,0.0,19.440000534057617,18.31999969482422,18.799999237060547,0.0,79250
2021-09-09,18.559999465942383,18.559999465942383,0.0,19.360000610351562,18.239999771118164,19.280000686645508,0.0,76163
2021-09-10,18.0,18.0,0.0,19.040000915527344,17.84000015258789,18.639999389648438,0.0,81413
2021-09-13,18.0,18.0,0.0,18.559999465942383,17.760000228881836,18.399999618530273,0.0,57938
2021-09-14,19.200000762939453,19.200000762939453,0.0,19.760000228881836,18.399999618530273,18.559999465942383,0.0,132950
2021-09-15,19.440000534057617,19.440000534057617,0.0,20.0,18.559999465942383,19.200000762939453,0.0,212138
2021-09-16,20.639999389648438,20.639999389648438,0.0,20.719999313354492,19.1200008392334,19.84000015258789,0.0,209825
2021-09-17,19.920000076293945,19.920000076293945,0.0,21.520000457763672,19.920000076293945,20.399999618530273,0.0,353713
2021-09-20,21.84000015258789,21.84000015258789,0.0,21.920000076293945,19.1200008392334,19.1200008392334,0.0,241675
2021-09-21,18.959999084472656,18.959999084472656,0.0,21.920000076293945,17.68000030517578,21.68000030517578,0.0,452538
2021-09-22,19.520000457763672,19.520000457763672,0.0,20.0,19.200000762939453,19.600000381469727,0.0,117713
2021-09-23,18.15999984741211,18.15999984741211,0.0,19.280000686645508,18.079999923706055,19.1200008392334,0.0,115625
2021-09-24,17.760000228881836,17.760000228881836,0.0,18.239999771118164,17.360000610351562,17.84000015258789,0.0,91763
2021-09-27,17.200000762939453,17.200000762939453,0.0,18.15999984741211,17.040000915527344,17.520000457763672,0.0,67463
2021-09-28,16.639999389648438,16.639999389648438,0.0,17.360000610351562,16.479999542236328,17.040000915527344,0.0,68263
2021-09-29,16.239999771118164,16.239999771118164,0.0,16.8799991607666,16.0,16.799999237060547,0.0,87213
2021-09-30,16.639999389648438,16.639999389648438,0.0,17.1200008392334,16.239999771118164,16.399999618530273,0.0,72275
2021-10-01,17.1200008392334,17.1200008392334,0.0,17.200000762939453,16.15999984741211,16.639999389648438,0.0,94363
2021-10-04,16.559999465942383,16.559999465942383,0.0,17.520000457763672,16.079999923706055,17.520000457763672,0.0,128438
2021-10-05,15.84000015258789,15.84000015258789,0.0,16.639999389648438,15.199999809265137,16.31999969482422,0.0,166325
2021-10-06,16.239999771118164,16.239999771118164,0.0,16.399999618530273,15.600000381469727,15.920000076293945,0.0,77225
2021-10-07,16.079999923706055,16.079999923706055,0.0,16.799999237060547,16.079999923706055,16.799999237060547,0.0,65588
2021-10-08,15.84000015258789,15.84000015258789,0.0,16.31999969482422,15.600000381469727,16.31999969482422,0.0,60213
2021-10-11,15.600000381469727,15.600000381469727,0.0,16.079999923706055,15.4399995803833,15.600000381469727,0.0,49888
2021-10-12,15.680000305175781,15.680000305175781,0.0,16.15999984741211,15.600000381469727,16.0,0.0,31438
2021-10-13,15.84000015258789,15.84000015258789,0.0,15.920000076293945,15.680000305175781,15.760000228881836,0.0,20050
2021-10-14,16.639999389648438,16.639999389648438,0.0,16.799999237060547,15.680000305175781,15.680000305175781,0.0,41188
2021-10-15,16.639999389648438,16.639999389648438,0.0,16.959999084472656,16.079999923706055,16.959999084472656,0.0,48388
2021-10-18,16.8799991607666,16.8799991607666,0.0,17.360000610351562,16.479999542236328,16.959999084472656,0.0,58925
2021-10-19,16.719999313354492,16.719999313354492,0.0,16.8799991607666,16.559999465942383,16.8799991607666,0.0,41750
2021-10-20,19.440000534057617,19.440000534057617,0.0,21.040000915527344,16.639999389648438,17.1200008392334,0.0,821438
2021-10-21,19.600000381469727,19.600000381469727,0.0,20.719999313354492,18.239999771118164,20.239999771118164,0.0,285463
2021-10-22,19.040000915527344,19.040000915527344,0.0,20.799999237060547,18.8799991607666,19.200000762939453,0.0,226200
2021-10-25,22.239999771118164,22.239999771118164,0.0,22.8799991607666,19.040000915527344,19.440000534057617,0.0,476213
2021-10-26,23.1200008392334,23.1200008392334,0.0,24.8799991607666,20.799999237060547,22.799999237060547,0.0,806525
2021-10-27,24.479999542236328,24.479999542236328,0.0,26.0,23.280000686645508,24.399999618530273,0.0,540200
2021-10-28,23.760000228881836,23.760000228881836,0.0,24.8799991607666,22.0,24.479999542236328,0.0,322538
2021-10-29,23.760000228881836,23.760000228881836,0.0,24.0,22.479999542236328,23.520000457763672,0.0,120238
2021-11-01,22.959999084472656,22.959999084472656,0.0,23.600000381469727,22.15999984741211,23.600000381469727,0.0,215550
2021-11-02,25.600000381469727,25.600000381469727,0.0,26.479999542236328,23.040000915527344,23.040000915527344,0.0,545350
2021-11-03,25.280000686645508,25.280000686645508,0.0,26.079999923706055,23.68000030517578,25.600000381469727,0.0,310763
2021-11-04,27.200000762939453,27.200000762939453,0.0,27.600000381469727,24.559999465942383,25.200000762939453,0.0,563663
2021-11-05,28.719999313354492,28.719999313354492,0.0,28.719999313354492,26.0,28.0,0.0,346375
2021-11-08,27.200000762939453,27.200000762939453,0.0,29.360000610351562,26.31999969482422,29.360000610351562,0.0,296425
2021-11-09,25.760000228881836,25.760000228881836,0.0,27.440000534057617,24.239999771118164,27.200000762939453,0.0,320725
2021-11-10,27.760000228881836,27.760000228881836,0.0,27.920000076293945,24.799999237060547,25.280000686645508,0.0,436825
2021-11-11,27.520000457763672,27.520000457763672,0.0,28.559999465942383,26.639999389648438,28.559999465942383,0.0,246213
2021-11-12,29.200000762939453,29.200000762939453,0.0,29.440000534057617,26.8799991607666,27.200000762939453,0.0,188075
2021-11-15,30.0,30.0,0.0,30.479999542236328,27.68000030517578,29.440000534057617,0.0,283138
2021-11-16,29.200000762939453,29.200000762939453,0.0,29.200000762939453,26.959999084472656,28.799999237060547,0.0,224100
2021-11-17,28.799999237060547,28.799999237060547,0.0,28.8799991607666,27.520000457763672,28.799999237060547,0.0,153050
2021-11-18,27.280000686645508,27.280000686645508,0.0,28.639999389648438,26.15999984741211,28.399999618530273,0.0,199438
2021-11-19,24.559999465942383,24.559999465942383,0.0,27.760000228881836,24.479999542236328,26.399999618530273,0.0,250150
2021-11-22,23.1200008392334,23.1200008392334,0.0,25.200000762939453,22.479999542236328,25.200000762939453,0.0,230463
2021-11-23,23.760000228881836,23.760000228881836,0.0,24.799999237060547,23.200000762939453,23.520000457763672,0.0,163700
2021-11-24,22.639999389648438,22.639999389648438,0.0,24.079999923706055,22.399999618530273,23.1200008392334,0.0,126150
2021-11-26,23.84000015258789,23.84000015258789,0.0,24.8799991607666,22.959999084472656,23.600000381469727,0.0,173463
2021-11-29,27.600000381469727,27.600000381469727,0.0,27.760000228881836,24.0,24.399999618530273,0.0,237025
2021-11-30,28.239999771118164,28.239999771118164,0.0,29.520000457763672,25.1200008392334,27.920000076293945,0.0,426000
2021-12-01,27.760000228881836,27.760000228881836,0.0,28.799999237060547,26.799999237060547,28.799999237060547,0.0,361375
2021-12-02,25.760000228881836,25.760000228881836,0.0,28.079999923706055,24.799999237060547,27.760000228881836,0.0,153575
2021-12-03,26.719999313354492,26.719999313354492,0.0,27.440000534057617,24.8799991607666,27.440000534057617,0.0,135813
2021-12-06,23.280000686645508,23.280000686645508,0.0,26.079999923706055,22.559999465942383,25.760000228881836,0.0,270163
2021-12-07,25.760000228881836,25.760000228881836,0.0,26.15999984741211,24.0,25.1200008392334,0.0,172463
2021-12-08,25.440000534057617,25.440000534057617,0.0,26.15999984741211,24.799999237060547,25.68000030517578,0.0,108838
2021-12-09,24.15999984741211,24.15999984741211,0.0,25.84000015258789,24.15999984741211,25.1200008392334,0.0,106813
2021-12-10,24.559999465942383,24.559999465942383,0.0,25.200000762939453,24.079999923706055,24.079999923706055,0.0,88413
2021-12-13,23.440000534057617,23.440000534057617,0.0,25.600000381469727,23.440000534057617,25.440000534057617,0.0,141000
2021-12-14,23.360000610351562,23.360000610351562,0.0,23.760000228881836,22.639999389648438,23.200000762939453,0.0,83838
2021-12-15,24.719999313354492,24.719999313354492,0.0,25.520000457763672,22.8799991607666,24.239999771118164,0.0,235163
2021-12-16,23.84000015258789,23.84000015258789,0.0,26.31999969482422,23.520000457763672,25.600000381469727,0.0,169375
2021-12-17,24.8799991607666,24.8799991607666,0.0,25.040000915527344,23.040000915527344,24.0,0.0,145850
2021-12-20,22.959999084472656,22.959999084472656,0.0,24.239999771118164,22.31999969482422,24.0,0.0,160538
2021-12-21,24.0,24.0,0.0,24.799999237060547,22.719999313354492,22.959999084472656,0.0,112963
2021-12-22,24.31999969482422,24.31999969482422,0.0,24.719999313354492,23.280000686645508,23.440000534057617,0.0,82800
2021-12-23,24.15999984741211,24.15999984741211,0.0,24.639999389648438,23.68000030517578,23.68000030517578,0.0,67275
2021-12-27,24.399999618530273,24.399999618530273,0.0,25.440000534057617,23.68000030517578,23.920000076293945,0.0,91775
2021-12-28,23.600000381469727,23.600000381469727,0.0,24.8799991607666,23.280000686645508,24.8799991607666,0.0,121125
2021-12-29,22.0,22.0,0.0,23.84000015258789,21.760000228881836,23.600000381469727,0.0,175688
2021-12-30,22.959999084472656,22.959999084472656,0.0,23.68000030517578,21.920000076293945,21.920000076293945,0.0,122663
2021-12-31,22.079999923706055,22.079999923706055,0.0,23.200000762939453,21.84000015258789,21.920000076293945,0.0,81338
2022-01-03,22.799999237060547,22.799999237060547,0.0,23.040000915527344,21.520000457763672,22.559999465942383,0.0,138125
2022-01-04,24.399999618530273,24.399999618530273,0.0,24.959999084472656,22.479999542236328,23.600000381469727,0.0,203938
2022-01-05,22.0,22.0,0.0,24.31999969482422,21.920000076293945,24.15999984741211,0.0,148500
2022-01-06,22.559999465942383,22.559999465942383,0.0,22.959999084472656,22.0,22.239999771118164,0.0,91888
2022-01-07,21.760000228881836,21.760000228881836,0.0,22.719999313354492,21.600000381469727,22.239999771118164,0.0,102800
2022-01-10,20.0,20.0,0.0,21.920000076293945,19.600000381469727,21.520000457763672,0.0,156925
2022-01-11,21.360000610351562,21.360000610351562,0.0,22.079999923706055,20.15999984741211,20.239999771118164,0.0,85063
2022-01-12,21.200000762939453,21.200000762939453,0.0,22.239999771118164,21.1200008392334,21.1200008392334,0.0,68725
2022-01-13,21.200000762939453,21.200000762939453,0.0,21.68000030517578,20.799999237060547,21.200000762939453,0.0,45238
2022-01-14,22.0,22.0,0.0,22.0,20.559999465942383,20.799999237060547,0.0,74150
2022-01-18,21.520000457763672,21.520000457763672,0.0,22.799999237060547,20.559999465942383,20.559999465942383,0.0,105725
2022-01-19,19.520000457763672,19.520000457763672,0.0,22.31999969482422,19.360000610351562,21.920000076293945,0.0,108650
2022-01-20,18.079999923706055,18.079999923706055,0.0,20.079999923706055,18.0,19.84000015258789,0.0,100925
2022-01-21,16.15999984741211,16.15999984741211,0.0,17.760000228881836,16.079999923706055,17.600000381469727,0.0,144875
2022-01-24,15.84000015258789,15.84000015258789,0.0,16.559999465942383,14.15999984741211,16.0,0.0,206375
2022-01-25,16.719999313354492,16.719999313354492,0.0,16.959999084472656,15.359999656677246,15.4399995803833,0.0,86188
2022-01-26,16.31999969482422,16.31999969482422,0.0,17.520000457763672,15.760000228881836,17.040000915527344,0.0,100988
2022-01-27,16.31999969482422,16.31999969482422,0.0,17.1200008392334,15.920000076293945,16.639999389648438,0.0,54488
2022-01-28,15.760000228881836,15.760000228881836,0.0,16.559999465942383,15.359999656677246,16.239999771118164,0.0,61263
2022-01-31,18.0,18.0,0.0,18.8799991607666,15.600000381469727,15.680000305175781,0.0,86963
2022-02-01,17.760000228881836,17.760000228881836,0.0,18.479999542236328,16.719999313354492,18.479999542236328,0.0,65700
2022-02-02,17.68000030517578,17.68000030517578,0.0,18.0,17.1200008392334,18.0,0.0,42313
2022-02-03,17.760000228881836,17.760000228881836,0.0,18.079999923706055,17.040000915527344,17.360000610351562,0.0,32575
2022-02-04,17.84000015258789,17.84000015258789,0.0,17.84000015258789,17.1200008392334,17.520000457763672,0.0,52150
2022-02-07,18.15999984741211,18.15999984741211,0.0,19.1200008392334,17.520000457763672,17.520000457763672,0.0,77425
2022-02-08,18.719999313354492,18.719999313354492,0.0,18.719999313354492,17.600000381469727,18.399999618530273,0.0,48975
2022-02-09,19.520000457763672,19.520000457763672,0.0,19.68000030517578,18.559999465942383,19.040000915527344,0.0,64313
2022-02-10,19.440000534057617,19.440000534057617,0.0,20.399999618530273,18.799999237060547,19.040000915527344,0.0,55450
2022-02-11,18.479999542236328,18.479999542236328,0.0,20.0,18.31999969482422,19.440000534057617,0.0,63613
2022-02-14,17.68000030517578,17.68000030517578,0.0,18.799999237060547,17.600000381469727,18.31999969482422,0.0,44313
2022-02-15,18.959999084472656,18.959999084472656,0.0,19.1200008392334,17.920000076293945,17.920000076293945,0.0,50738
2022-02-16,18.399999618530273,18.399999618530273,0.0,19.1200008392334,18.239999771118164,18.719999313354492,0.0,30688
2022-02-17,18.479999542236328,18.479999542236328,0.0,19.040000915527344,18.239999771118164,18.31999969482422,0.0,41663
2022-02-18,17.84000015258789,17.84000015258789,0.0,18.719999313354492,17.520000457763672,18.399999618530273,0.0,40738
2022-02-22,16.559999465942383,16.559999465942383,0.0,17.600000381469727,16.0,17.520000457763672,0.0,64638
2022-02-23,16.0,16.0,0.0,17.360000610351562,16.0,16.639999389648438,0.0,28300
2022-02-24,16.639999389648438,16.639999389648438,0.0,17.200000762939453,14.5600004196167,14.880000114440918,0.0,108100
2022-02-25,16.239999771118164,16.239999771118164,0.0,17.200000762939453,16.079999923706055,16.559999465942383,0.0,40538
2022-02-28,17.84000015258789,17.84000015258789,0.0,18.0,16.479999542236328,16.8799991607666,0.0,41375
2022-03-01,18.239999771118164,18.239999771118164,0.0,18.799999237060547,17.68000030517578,17.84000015258789,0.0,48513
2022-03-02,17.200000762939453,17.200000762939453,0.0,18.399999618530273,16.8799991607666,18.15999984741211,0.0,36800
2022-03-03,17.68000030517578,17.68000030517578,0.0,18.31999969482422,17.280000686645508,17.360000610351562,0.0,38713
2022-03-04,17.440000534057617,17.440000534057617,0.0,17.920000076293945,17.1200008392334,17.360000610351562,0.0,35113
2022-03-07,16.399999618530273,16.399999618530273,0.0,17.520000457763672,16.399999618530273,17.1200008392334,0.0,45825
2022-03-08,17.360000610351562,17.360000610351562,0.0,17.760000228881836,16.399999618530273,16.799999237060547,0.0,25325
2022-03-09,17.84000015258789,17.84000015258789,0.0,18.31999969482422,17.440000534057617,17.520000457763672,0.0,47988
2022-03-10,17.280000686645508,17.280000686645508,0.0,18.0,16.799999237060547,17.760000228881836,0.0,48775
2022-03-11,17.68000030517578,17.68000030517578,0.0,17.760000228881836,16.959999084472656,17.280000686645508,0.0,31000
2022-03-14,16.079999923706055,16.079999923706055,0.0,17.600000381469727,16.079999923706055,17.440000534057617,0.0,36488
2022-03-15,16.959999084472656,16.959999084472656,0.0,17.600000381469727,16.15999984741211,16.15999984741211,0.0,28825
2022-03-16,17.440000534057617,17.440000534057617,0.0,18.0,17.200000762939453,17.280000686645508,0.0,38600
2022-03-17,19.200000762939453,19.200000762939453,0.0,20.0,16.8799991607666,16.8799991607666,0.0,106500
2022-03-18,19.520000457763672,19.520000457763672,0.0,19.600000381469727,17.920000076293945,18.15999984741211,0.0,74238
2022-03-21,19.200000762939453,19.200000762939453,0.0,19.68000030517578,18.799999237060547,18.959999084472656,0.0,44663
2022-03-22,19.040000915527344,19.040000915527344,0.0,19.440000534057617,18.399999618530273,19.200000762939453,0.0,56550
2022-03-23,18.079999923706055,18.079999923706055,0.0,19.360000610351562,17.84000015258789,19.1200008392334,0.0,57613
2022-03-24,19.360000610351562,19.360000610351562,0.0,20.8799991607666,18.8799991607666,19.040000915527344,0.0,166975
2022-03-25,19.200000762939453,19.200000762939453,0.0,20.559999465942383,18.8799991607666,19.68000030517578,0.0,53238
2022-03-28,19.68000030517578,19.68000030517578,0.0,19.84000015258789,19.040000915527344,19.68000030517578,0.0,32638
2022-03-29,19.200000762939453,19.200000762939453,0.0,19.920000076293945,19.040000915527344,19.84000015258789,0.0,37988
2022-03-30,18.479999542236328,18.479999542236328,0.0,19.520000457763672,18.399999618530273,19.040000915527344,0.0,37038
2022-03-31,17.360000610351562,17.360000610351562,0.0,20.079999923706055,17.360000610351562,19.920000076293945,0.0,285213
2022-04-01,17.360000610351562,17.360000610351562,0.0,18.15999984741211,17.200000762939453,17.520000457763672,0.0,48350
2022-04-04,18.0,18.0,0.0,18.079999923706055,17.440000534057617,17.440000534057617,0.0,41425
2022-04-05,17.920000076293945,17.920000076293945,0.0,18.239999771118164,17.280000686645508,17.68000030517578,0.0,36413
2022-04-06,17.280000686645508,17.280000686645508,0.0,17.68000030517578,16.719999313354492,17.520000457763672,0.0,60463
2022-04-07,16.399999618530273,16.399999618530273,0.0,17.600000381469727,16.399999618530273,17.440000534057617,0.0,37688
2022-04-08,16.639999389648438,16.639999389648438,0.0,17.200000762939453,16.479999542236328,16.479999542236328,0.0,29500
2022-04-11,16.399999618530273,16.399999618530273,0.0,16.959999084472656,16.079999923706055,16.31999969482422,0.0,36375
2022-04-12,16.639999389648438,16.639999389648438,0.0,17.040000915527344,16.479999542236328,16.479999542236328,0.0,20650
2022-04-13,17.280000686645508,17.280000686645508,0.0,17.360000610351562,16.639999389648438,16.799999237060547,0.0,17088
2022-04-14,17.200000762939453,17.200000762939453,0.0,17.84000015258789,16.799999237060547,17.360000610351562,0.0,48938
2022-04-18,16.399999618530273,16.399999618530273,0.0,17.200000762939453,16.239999771118164,16.8799991607666,0.0,42138
2022-04-19,16.719999313354492,16.719999313354492,0.0,17.040000915527344,16.399999618530273,16.399999618530273,0.0,17400
2022-04-20,17.040000915527344,17.040000915527344,0.0,17.360000610351562,16.559999465942383,16.719999313354492,0.0,53200
2022-04-21,16.559999465942383,16.559999465942383,0.0,17.440000534057617,16.399999618530273,17.200000762939453,0.0,23663
2022-04-22,15.920000076293945,15.920000076293945,0.0,16.799999237060547,15.680000305175781,16.399999618530273,0.0,59188
2022-04-25,14.640000343322754,14.640000343322754,0.0,16.479999542236328,14.479999542236328,16.0,0.0,132438
2022-04-26,13.4399995803833,13.4399995803833,0.0,14.800000190734863,13.039999961853027,14.800000190734863,0.0,174913
2022-04-27,12.479999542236328,12.479999542236328,0.0,13.600000381469727,12.239999771118164,13.199999809265137,0.0,92525
2022-04-28,13.039999961853027,13.039999961853027,0.0,13.359999656677246,11.760000228881836,12.720000267028809,0.0,76213
2022-04-29,12.800000190734863,12.800000190734863,0.0,13.359999656677246,12.0,13.119999885559082,0.0,45938
2022-05-02,12.5600004196167,12.5600004196167,0.0,12.880000114440918,12.399999618530273,12.800000190734863,0.0,27463
2022-05-03,13.199999809265137,13.199999809265137,0.0,13.600000381469727,12.960000038146973,13.600000381469727,0.0,61675
2022-05-04,14.15999984741211,14.15999984741211,0.0,14.399999618530273,13.039999961853027,13.279999732971191,0.0,47275
2022-05-05,14.079999923706055,14.079999923706055,0.0,14.079999923706055,13.4399995803833,14.079999923706055,0.0,48950
2022-05-06,13.359999656677246,13.359999656677246,0.0,14.15999984741211,13.199999809265137,14.079999923706055,0.0,37550
2022-05-09,11.119999885559082,11.119999885559082,0.0,13.199999809265137,11.039999961853027,13.199999809265137,0.0,79300
2022-05-10,10.880000114440918,10.880000114440918,0.0,11.920000076293945,10.399999618530273,11.680000305175781,0.0,48738
2022-05-11,10.15999984741211,10.15999984741211,0.0,10.880000114440918,9.760000228881836,10.800000190734863,0.0,73988
2022-05-12,9.760000228881836,9.760000228881836,0.0,10.239999771118164,9.4399995803833,10.0,0.0,57050
2022-05-13,10.239999771118164,10.239999771118164,0.0,10.800000190734863,9.920000076293945,10.640000343322754,0.0,38375
2022-05-16,10.15999984741211,10.15999984741211,0.0,11.039999961853027,10.15999984741211,10.239999771118164,0.0,48875
2022-05-17,10.720000267028809,10.720000267028809,0.0,11.359999656677246,10.15999984741211,10.15999984741211,0.0,22775
2022-05-18,10.399999618530273,10.399999618530273,0.0,10.720000267028809,10.399999618530273,10.640000343322754,0.0,26400
2022-05-19,10.319999694824219,10.319999694824219,0.0,10.399999618530273,10.079999923706055,10.239999771118164,0.0,18138
2022-05-20,10.0,10.0,0.0,10.319999694824219,10.0,10.319999694824219,0.0,44063
2022-05-23,10.399999618530273,10.399999618530273,0.0,10.399999618530273,9.84000015258789,10.0,0.0,20400
2022-05-24,9.760000228881836,9.760000228881836,0.0,10.15999984741211,9.600000381469727,10.15999984741211,0.0,22975
2022-05-25,9.920000076293945,9.920000076293945,0.0,10.079999923706055,9.600000381469727,9.760000228881836,0.0,14038
2022-05-26,11.199999809265137,11.199999809265137,0.0,11.520000457763672,9.920000076293945,9.920000076293945,0.0,41000
2022-05-27,11.760000228881836,11.760000228881836,0.0,12.079999923706055,11.4399995803833,11.600000381469727,0.0,17250
2022-05-31,13.199999809265137,13.199999809265137,0.0,14.15999984741211,11.680000305175781,12.319999694824219,0.0,86238
2022-06-01,12.5600004196167,12.5600004196167,0.0,13.680000305175781,12.399999618530273,13.520000457763672,0.0,10888
2022-06-02,14.0,14.0,0.0,14.0,12.5600004196167,12.800000190734863,0.0,38313
2022-06-03,12.399999618530273,12.399999618530273,0.0,13.680000305175781,12.399999618530273,13.680000305175781,0.0,20988
2022-06-06,13.520000457763672,13.520000457763672,0.0,13.520000457763672,12.960000038146973,13.199999809265137,0.0,19838
2022-06-07,12.800000190734863,12.800000190734863,0.0,13.279999732971191,12.640000343322754,13.199999809265137,0.0,19425
2022-06-08,13.279999732971191,13.279999732971191,0.0,13.359999656677246,12.399999618530273,12.640000343322754,0.0,14200
2022-06-09,13.520000457763672,13.520000457763672,0.0,13.680000305175781,12.640000343322754,12.960000038146973,0.0,19138
2022-06-10,13.600000381469727,13.600000381469727,0.0,13.600000381469727,12.800000190734863,13.119999885559082,0.0,12675
2022-06-13,12.640000343322754,12.640000343322754,0.0,13.359999656677246,12.079999923706055,12.399999618530273,0.0,39338
2022-06-14,12.0,12.0,0.0,12.880000114440918,12.0,12.5600004196167,0.0,13138
2022-06-15,12.319999694824219,12.319999694824219,0.0,12.960000038146973,12.0,12.15999984741211,0.0,32125
2022-06-16,11.279999732971191,11.279999732971191,0.0,12.239999771118164,10.960000038146973,12.0,0.0,27813
2022-06-17,11.4399995803833,11.4399995803833,0.0,12.399999618530273,11.359999656677246,12.399999618530273,0.0,11025
2022-06-21,12.0,12.0,0.0,12.5600004196167,11.520000457763672,11.520000457763672,0.0,35238
2022-06-22,12.640000343322754,12.640000343322754,0.0,13.039999961853027,12.079999923706055,12.5600004196167,0.0,22388
2022-06-23,12.479999542236328,12.479999542236328,0.0,13.039999961853027,12.479999542236328,13.039999961853027,0.0,23638
2022-06-24,13.680000305175781,13.680000305175781,0.0,13.760000228881836,12.239999771118164,13.039999961853027,0.0,72188
2022-06-27,13.680000305175781,13.680000305175781,0.0,14.239999771118164,12.720000267028809,13.600000381469727,0.0,36525
2022-06-28,13.600000381469727,13.600000381469727,0.0,14.399999618530273,13.520000457763672,13.680000305175781,0.0,35988
2022-06-29,14.399999618530273,14.399999618530273,0.0,14.720000267028809,12.640000343322754,13.199999809265137,0.0,114613
2022-06-30,12.399999618530273,12.399999618530273,0.0,14.640000343322754,12.239999771118164,14.5600004196167,0.0,86013
2022-07-01,12.239999771118164,12.239999771118164,0.0,12.960000038146973,11.600000381469727,12.5600004196167,0.0,24500
2022-07-05,11.359999656677246,11.359999656677246,0.0,11.760000228881836,10.960000038146973,11.760000228881836,0.0,27225
2022-07-06,11.600000381469727,11.600000381469727,0.0,12.0,11.359999656677246,11.4399995803833,0.0,10088
2022-07-07,11.920000076293945,11.920000076293945,0.0,12.479999542236328,11.760000228881836,11.84000015258789,0.0,22138
2022-07-08,12.15999984741211,12.15999984741211,0.0,12.399999618530273,12.0,12.15999984741211,0.0,26688
2022-07-11,12.800000190734863,12.800000190734863,0.0,13.039999961853027,12.15999984741211,12.399999618530273,0.0,71788
2022-07-12,12.5600004196167,12.5600004196167,0.0,13.84000015258789,12.15999984741211,13.199999809265137,0.0,86838
2022-07-13,12.079999923706055,12.079999923706055,0.0,12.720000267028809,11.920000076293945,12.5600004196167,0.0,42925
2022-07-14,12.079999923706055,12.079999923706055,0.0,12.319999694824219,11.279999732971191,11.920000076293945,0.0,28975
2022-07-15,11.600000381469727,11.600000381469727,0.0,12.079999923706055,11.359999656677246,12.079999923706055,0.0,30600
2022-07-18,11.680000305175781,11.680000305175781,0.0,11.84000015258789,11.520000457763672,11.680000305175781,0.0,20675
2022-07-19,11.520000457763672,11.520000457763672,0.0,11.760000228881836,11.4399995803833,11.4399995803833,0.0,20813
2022-07-20,11.520000457763672,11.520000457763672,0.0,12.0,11.520000457763672,11.520000457763672,0.0,20913
2022-07-21,11.600000381469727,11.600000381469727,0.0,11.760000228881836,11.359999656677246,11.680000305175781,0.0,19950
2022-07-22,11.520000457763672,11.520000457763672,0.0,11.680000305175781,11.199999809265137,11.600000381469727,0.0,12425
2022-07-25,11.520000457763672,11.520000457763672,0.0,11.760000228881836,11.359999656677246,11.4399995803833,0.0,6163
2022-07-26,11.359999656677246,11.359999656677246,0.0,11.760000228881836,11.359999656677246,11.4399995803833,0.0,18600
2022-07-27,11.520000457763672,11.520000457763672,0.0,11.600000381469727,11.359999656677246,11.4399995803833,0.0,9525
2022-07-28,12.239999771118164,12.239999771118164,0.0,12.319999694824219,11.520000457763672,11.520000457763672,0.0,48338
2022-07-29,11.84000015258789,11.84000015258789,0.0,12.399999618530273,11.760000228881836,12.399999618530273,0.0,10888
2022-08-01,12.319999694824219,12.319999694824219,0.0,12.399999618530273,11.84000015258789,11.84000015258789,0.0,22263
2022-08-02,12.079999923706055,12.079999923706055,0.0,12.319999694824219,11.84000015258789,12.0,0.0,9813
2022-08-03,12.319999694824219,12.319999694824219,0.0,12.720000267028809,12.0,12.399999618530273,0.0,28688
2022-08-04,12.640000343322754,12.640000343322754,0.0,12.720000267028809,12.239999771118164,12.5600004196167,0.0,11475
2022-08-05,12.720000267028809,12.720000267028809,0.0,12.960000038146973,12.399999618530273,12.399999618530273,0.0,14175
2022-08-08,12.880000114440918,12.880000114440918,0.0,13.199999809265137,12.720000267028809,12.720000267028809,0.0,17763
2022-08-09,12.239999771118164,12.239999771118164,0.0,13.039999961853027,12.15999984741211,13.039999961853027,0.0,15388
2022-08-10,13.119999885559082,13.119999885559082,0.0,13.199999809265137,12.640000343322754,13.199999809265137,0.0,17188
2022-08-11,12.880000114440918,12.880000114440918,0.0,13.199999809265137,12.640000343322754,13.199999809265137,0.0,18875
2022-08-12,13.199999809265137,13.199999809265137,0.0,13.199999809265137,12.800000190734863,13.199999809265137,0.0,29563
2022-08-15,13.119999885559082,13.119999885559082,0.0,13.359999656677246,12.800000190734863,13.199999809265137,0.0,29000
2022-08-16,13.920000076293945,13.920000076293945,0.0,15.199999809265137,13.199999809265137,13.279999732971191,0.0,156288
2022-08-17,13.4399995803833,13.4399995803833,0.0,14.15999984741211,13.119999885559082,14.0,0.0,32750
2022-08-18,12.720000267028809,12.720000267028809,0.0,14.640000343322754,12.720000267028809,13.4399995803833,0.0,79913
2022-08-19,12.640000343322754,12.640000343322754,0.0,13.4399995803833,12.640000343322754,12.800000190734863,0.0,24650
2022-08-22,12.15999984741211,12.15999984741211,0.0,12.960000038146973,12.0,12.960000038146973,0.0,32400
2022-08-23,12.15999984741211,12.15999984741211,0.0,12.399999618530273,11.920000076293945,12.15999984741211,0.0,13088
2022-08-24,12.0,12.0,0.0,12.399999618530273,11.84000015258789,12.239999771118164,0.0,16888
2022-08-25,12.399999618530273,12.399999618530273,0.0,12.399999618530273,12.0,12.15999984741211,0.0,11475
2022-08-26,11.760000228881836,11.760000228881836,0.0,12.319999694824219,11.600000381469727,12.319999694824219,0.0,19563
2022-08-29,12.0,12.0,0.0,12.399999618530273,11.600000381469727,12.0,0.0,18488
2022-08-30,11.84000015258789,11.84000015258789,0.0,12.239999771118164,11.600000381469727,12.239999771118164,0.0,10900
2022-08-31,11.600000381469727,11.600000381469727,0.0,12.0,11.279999732971191,11.84000015258789,0.0,20788
2022-09-01,11.199999809265137,11.199999809265137,0.0,11.600000381469727,11.039999961853027,11.359999656677246,0.0,18888
2022-09-02,11.039999961853027,11.039999961853027,0.0,11.920000076293945,10.880000114440918,11.920000076293945,0.0,20813
2022-09-06,10.720000267028809,10.720000267028809,0.0,11.359999656677246,10.479999542236328,11.119999885559082,0.0,13050
2022-09-07,11.600000381469727,11.600000381469727,0.0,11.600000381469727,10.5600004196167,10.5600004196167,0.0,7875
2022-09-08,12.640000343322754,12.640000343322754,0.0,13.199999809265137,11.359999656677246,11.760000228881836,0.0,66600
2022-09-09,11.760000228881836,11.760000228881836,0.0,12.800000190734863,11.680000305175781,12.720000267028809,0.0,34513
2022-09-12,11.760000228881836,11.760000228881836,0.0,12.0,11.600000381469727,11.760000228881836,0.0,12713
2022-09-13,12.15999984741211,12.15999984741211,0.0,12.960000038146973,11.84000015258789,12.079999923706055,0.0,51188
2022-09-14,11.680000305175781,11.680000305175781,0.0,12.399999618530273,11.680000305175781,12.319999694824219,0.0,19813
2022-09-15,11.920000076293945,11.920000076293945,0.0,12.15999984741211,11.600000381469727,11.760000228881836,0.0,16038
2022-09-16,11.279999732971191,11.279999732971191,0.0,11.920000076293945,11.279999732971191,11.680000305175781,0.0,21900
2022-09-19,11.600000381469727,11.600000381469727,0.0,11.600000381469727,10.960000038146973,11.520000457763672,0.0,11638
2022-09-20,11.119999885559082,11.119999885559082,0.0,11.359999656677246,10.5600004196167,11.359999656677246,0.0,18688
2022-09-21,10.960000038146973,10.960000038146973,0.0,11.4399995803833,10.960000038146973,10.960000038146973,0.0,12850
2022-09-22,10.800000190734863,10.800000190734863,0.0,10.960000038146973,10.15999984741211,10.880000114440918,0.0,31538
2022-09-23,10.479999542236328,10.479999542236328,0.0,10.960000038146973,10.15999984741211,10.399999618530273,0.0,24375
2022-09-26,10.5600004196167,10.5600004196167,0.0,11.039999961853027,10.399999618530273,10.479999542236328,0.0,23600
2022-09-27,10.479999542236328,10.479999542236328,0.0,11.039999961853027,10.399999618530273,10.640000343322754,0.0,17163
2022-09-28,10.880000114440918,10.880000114440918,0.0,12.319999694824219,10.800000190734863,11.199999809265137,0.0,74563
2022-09-29,10.479999542236328,10.479999542236328,0.0,11.119999885559082,10.399999618530273,11.039999961853027,0.0,22825
2022-09-30,10.239999771118164,10.239999771118164,0.0,10.800000190734863,10.079999923706055,10.399999618530273,0.0,24600
2022-10-03,10.640000343322754,10.640000343322754,0.0,11.119999885559082,10.319999694824219,10.800000190734863,0.0,73400
2022-10-04,10.720000267028809,10.720000267028809,0.0,11.119999885559082,10.640000343322754,10.800000190734863,0.0,34075
2022-10-05,10.960000038146973,10.960000038146973,0.0,11.4399995803833,10.479999542236328,11.119999885559082,0.0,30063
2022-10-06,10.720000267028809,10.720000267028809,0.0,11.600000381469727,10.720000267028809,11.279999732971191,0.0,54975
2022-10-07,9.920000076293945,9.920000076293945,0.0,11.039999961853027,9.920000076293945,10.640000343322754,0.0,46238
2022-10-10,9.680000305175781,9.680000305175781,0.0,10.0,9.520000457763672,10.0,0.0,32338
2022-10-11,8.960000038146973,8.960000038146973,0.0,9.520000457763672,8.640000343322754,9.359999656677246,0.0,75963
2022-10-12,8.880000114440918,8.880000114440918,0.0,9.119999885559082,8.399999618530273,9.039999961853027,0.0,29200
2022-10-13,8.800000190734863,8.800000190734863,0.0,8.800000190734863,8.399999618530273,8.5600004196167,0.0,27538
2022-10-14,8.5600004196167,8.5600004196167,0.0,9.199999809265137,8.239999771118164,9.199999809265137,0.0,33800
2022-10-17,8.479999542236328,8.479999542236328,0.0,8.800000190734863,8.15999984741211,8.720000267028809,0.0,42125
2022-10-18,10.5600004196167,10.5600004196167,0.0,11.119999885559082,8.640000343322754,8.960000038146973,0.0,244188
2022-10-19,10.239999771118164,10.239999771118164,0.0,11.279999732971191,10.15999984741211,11.199999809265137,0.0,91175
2022-10-20,10.720000267028809,10.720000267028809,0.0,11.359999656677246,10.5600004196167,10.800000190734863,0.0,110438
2022-10-21,12.0,12.0,0.0,12.5600004196167,10.399999618530273,11.199999809265137,0.0,198350
2022-10-24,14.720000267028809,14.720000267028809,0.0,15.119999885559082,12.399999618530273,12.800000190734863,0.0,372175
2022-10-25,15.920000076293945,15.920000076293945,0.0,16.479999542236328,14.800000190734863,15.119999885559082,0.0,239100
2022-10-26,15.4399995803833,15.4399995803833,0.0,17.520000457763672,14.720000267028809,16.799999237060547,0.0,245788
2022-10-27,17.1200008392334,17.1200008392334,0.0,17.600000381469727,15.4399995803833,16.0,0.0,144000
2022-10-28,15.199999809265137,15.199999809265137,0.0,17.760000228881836,15.199999809265137,17.760000228881836,0.0,148063
2022-10-31,16.399999618530273,16.399999618530273,0.0,16.959999084472656,15.600000381469727,16.079999923706055,0.0,92363
2022-11-01,15.199999809265137,15.199999809265137,0.0,16.959999084472656,15.039999961853027,16.799999237060547,0.0,89225
2022-11-02,14.15999984741211,14.15999984741211,0.0,15.199999809265137,14.0,15.039999961853027,0.0,72413
2022-11-03,14.720000267028809,14.720000267028809,0.0,14.880000114440918,13.680000305175781,14.399999618530273,0.0,109075
2022-11-04,13.119999885559082,13.119999885559082,0.0,15.039999961853027,12.880000114440918,14.960000038146973,0.0,109888
2022-11-07,14.15999984741211,14.15999984741211,0.0,14.399999618530273,13.279999732971191,13.680000305175781,0.0,75050
2022-11-08,13.760000228881836,13.760000228881836,0.0,14.479999542236328,13.359999656677246,14.15999984741211,0.0,57775
2022-11-09,12.5600004196167,12.5600004196167,0.0,13.680000305175781,12.319999694824219,13.600000381469727,0.0,61738
2022-11-10,14.720000267028809,14.720000267028809,0.0,14.720000267028809,12.720000267028809,12.720000267028809,0.0,90775
2022-11-11,14.399999618530273,14.399999618530273,0.0,14.800000190734863,13.600000381469727,14.720000267028809,0.0,64813
2022-11-14,15.119999885559082,15.119999885559082,0.0,15.199999809265137,13.760000228881836,14.15999984741211,0.0,46288
2022-11-15,15.760000228881836,15.760000228881836,0.0,16.399999618530273,14.960000038146973,16.31999969482422,0.0,71913
2022-11-16,15.600000381469727,15.600000381469727,0.0,15.920000076293945,14.960000038146973,15.920000076293945,0.0,37213
2022-11-17,15.199999809265137,15.199999809265137,0.0,15.520000457763672,14.720000267028809,14.960000038146973,0.0,21688
2022-11-18,15.199999809265137,15.199999809265137,0.0,15.680000305175781,14.800000190734863,14.880000114440918,0.0,35688
2022-11-21,14.479999542236328,14.479999542236328,0.0,15.119999885559082,14.239999771118164,15.039999961853027,0.0,40563
2022-11-22,13.760000228881836,13.760000228881836,0.0,14.5600004196167,13.199999809265137,14.319999694824219,0.0,61950
2022-11-23,13.84000015258789,13.84000015258789,0.0,14.239999771118164,13.4399995803833,13.760000228881836,0.0,23438
2022-11-25,14.239999771118164,14.239999771118164,0.0,14.239999771118164,13.920000076293945,14.0,0.0,8813
2022-11-28,13.600000381469727,13.600000381469727,0.0,14.079999923706055,13.600000381469727,14.0,0.0,21100
2022-11-29,12.880000114440918,12.880000114440918,0.0,13.84000015258789,12.880000114440918,13.520000457763672,0.0,26450
2022-11-30,13.760000228881836,13.760000228881836,0.0,13.760000228881836,12.880000114440918,12.960000038146973,0.0,28663
2022-12-01,13.920000076293945,13.920000076293945,0.0,14.479999542236328,13.760000228881836,14.399999618530273,0.0,32813
2022-12-02,13.84000015258789,13.84000015258789,0.0,14.479999542236328,13.600000381469727,13.680000305175781,0.0,31338
2022-12-05,13.279999732971191,13.279999732971191,0.0,14.239999771118164,13.199999809265137,13.600000381469727,0.0,31963
2022-12-06,13.4399995803833,13.4399995803833,0.0,14.0,13.279999732971191,13.359999656677246,0.0,29425
2022-12-07,12.960000038146973,12.960000038146973,0.0,13.680000305175781,12.880000114440918,13.359999656677246,0.0,45300
2022-12-08,13.199999809265137,13.199999809265137,0.0,13.600000381469727,13.039999961853027,13.520000457763672,0.0,54838
2022-12-09,12.15999984741211,12.15999984741211,0.0,13.359999656677246,12.079999923706055,13.119999885559082,0.0,48625
2022-12-12,10.800000190734863,10.800000190734863,0.0,12.15999984741211,10.800000190734863,12.079999923706055,0.0,84863
2022-12-13,11.4399995803833,11.4399995803833,0.0,12.399999618530273,11.199999809265137,11.520000457763672,0.0,58975
2022-12-14,10.399999618530273,10.399999618530273,0.0,11.520000457763672,10.399999618530273,11.279999732971191,0.0,59263
2022-12-15,10.479999542236328,10.479999542236328,0.0,10.960000038146973,10.399999618530273,10.399999618530273,0.0,30600
2022-12-16,9.680000305175781,9.680000305175781,0.0,10.319999694824219,9.4399995803833,10.239999771118164,0.0,82813
2022-12-19,9.4399995803833,9.4399995803833,0.0,10.0,9.199999809265137,9.520000457763672,0.0,62163
2022-12-20,9.4399995803833,9.4399995803833,0.0,9.920000076293945,9.279999732971191,9.680000305175781,0.0,63388
2022-12-21,10.0,10.0,0.0,10.15999984741211,9.4399995803833,9.520000457763672,0.0,38275
2022-12-22,10.15999984741211,10.15999984741211,0.0,10.399999618530273,9.84000015258789,10.079999923706055,0.0,50950
2022-12-23,10.0,10.0,0.0,10.239999771118164,9.84000015258789,10.15999984741211,0.0,26125
2022-12-27,9.199999809265137,9.199999809265137,0.0,10.0,9.199999809265137,9.84000015258789,0.0,30363
2022-12-28,9.600000381469727,9.600000381469727,0.0,10.0,9.199999809265137,9.199999809265137,0.0,53713
2022-12-29,9.680000305175781,9.680000305175781,0.0,10.239999771118164,9.520000457763672,9.600000381469727,0.0,42775
2022-12-30,9.600000381469727,9.600000381469727,0.0,9.84000015258789,9.359999656677246,9.520000457763672,0.0,28288
2023-01-03,9.680000305175781,9.680000305175781,0.0,10.0,9.4399995803833,9.4399995803833,0.0,37750
2023-01-04,9.680000305175781,9.680000305175781,0.0,9.920000076293945,9.520000457763672,9.920000076293945,0.0,18875
2023-01-05,9.920000076293945,9.920000076293945,0.0,9.920000076293945,9.520000457763672,9.520000457763672,0.0,33350
2023-01-06,9.680000305175781,9.680000305175781,0.0,10.15999984741211,9.600000381469727,10.0,0.0,39813
2023-01-09,9.359999656677246,9.359999656677246,0.0,10.079999923706055,9.359999656677246,9.760000228881836,0.0,36950
2023-01-10,9.279999732971191,9.279999732971191,0.0,9.600000381469727,9.279999732971191,9.4399995803833,0.0,37338
2023-01-11,9.600000381469727,9.600000381469727,0.0,9.84000015258789,9.279999732971191,9.279999732971191,0.0,67775
2023-01-12,10.079999923706055,10.079999923706055,0.0,10.15999984741211,9.520000457763672,9.520000457763672,0.0,33350
2023-01-13,10.720000267028809,10.720000267028809,0.0,10.720000267028809,9.760000228881836,9.760000228881836,0.0,33925
2023-01-17,10.239999771118164,10.239999771118164,0.0,10.800000190734863,10.15999984741211,10.479999542236328,0.0,37563
2023-01-18,10.239999771118164,10.239999771118164,0.0,10.800000190734863,10.15999984741211,10.319999694824219,0.0,30663
2023-01-19,10.0,10.0,0.0,10.5600004196167,9.920000076293945,10.079999923706055,0.0,30688
2023-01-20,10.399999618530273,10.399999618530273,0.0,10.640000343322754,10.079999923706055,10.239999771118164,0.0,27300
2023-01-23,10.319999694824219,10.319999694824219,0.0,11.279999732971191,10.319999694824219,10.399999618530273,0.0,108663
2023-01-24,10.15999984741211,10.15999984741211,0.0,10.319999694824219,10.0,10.319999694824219,0.0,30288
2023-01-25,10.5600004196167,10.5600004196167,0.0,10.720000267028809,10.0,10.0,0.0,27550
2023-01-26,10.399999618530273,10.399999618530273,0.0,10.800000190734863,10.319999694824219,10.800000190734863,0.0,18650
2023-01-27,11.039999961853027,11.039999961853027,0.0,11.600000381469727,10.239999771118164,10.239999771118164,0.0,117975
2023-01-30,10.079999923706055,10.079999923706055,0.0,10.960000038146973,10.079999923706055,10.960000038146973,0.0,32250
2023-01-31,10.239999771118164,10.239999771118164,0.0,10.479999542236328,9.920000076293945,10.0,0.0,21625
2023-02-01,9.920000076293945,9.920000076293945,0.0,10.15999984741211,9.920000076293945,9.920000076293945,0.0,36838
2023-02-02,10.079999923706055,10.079999923706055,0.0,10.479999542236328,9.920000076293945,10.079999923706055,0.0,72438
2023-02-03,10.239999771118164,10.239999771118164,0.0,10.479999542236328,10.079999923706055,10.239999771118164,0.0,31750
2023-02-06,10.720000267028809,10.720000267028809,0.0,13.4399995803833,10.079999923706055,10.079999923706055,0.0,357063
2023-02-07,10.399999618530273,10.399999618530273,0.0,10.640000343322754,9.600000381469727,10.640000343322754,0.0,111850
2023-02-08,10.319999694824219,10.319999694824219,0.0,10.5600004196167,10.079999923706055,10.15999984741211,0.0,45138
2023-02-09,9.680000305175781,9.680000305175781,0.0,10.319999694824219,9.4399995803833,10.319999694824219,0.0,90300
2023-02-10,9.680000305175781,9.680000305175781,0.0,10.0,9.4399995803833,9.760000228881836,0.0,29250
2023-02-13,9.359999656677246,9.359999656677246,0.0,9.84000015258789,9.199999809265137,9.84000015258789,0.0,46925
2023-02-14,9.520000457763672,9.520000457763672,0.0,9.920000076293945,9.4399995803833,9.600000381469727,0.0,48375
2023-02-15,9.920000076293945,9.920000076293945,0.0,10.239999771118164,9.600000381469727,9.680000305175781,0.0,38000
2023-02-16,9.920000076293945,9.920000076293945,0.0,10.079999923706055,9.680000305175781,10.079999923706055,0.0,49088
2023-02-17,9.680000305175781,9.680000305175781,0.0,9.920000076293945,9.4399995803833,9.760000228881836,0.0,36413
2023-02-21,9.279999732971191,9.279999732971191,0.0,9.84000015258789,9.279999732971191,9.600000381469727,0.0,55375
2023-02-22,10.0,10.0,0.0,10.239999771118164,9.199999809265137,9.199999809265137,0.0,186863
2023-02-23,9.760000228881836,9.760000228881836,0.0,10.15999984741211,9.4399995803833,9.920000076293945,0.0,39763
2023-02-24,9.520000457763672,9.520000457763672,0.0,9.760000228881836,9.279999732971191,9.4399995803833,0.0,52125
2023-02-27,9.920000076293945,9.920000076293945,0.0,10.079999923706055,9.4399995803833,9.4399995803833,0.0,45963
2023-02-28,10.479999542236328,10.479999542236328,0.0,10.640000343322754,9.4399995803833,9.84000015258789,0.0,164775
2023-03-01,10.5600004196167,10.5600004196167,0.0,11.039999961853027,10.399999618530273,10.880000114440918,0.0,114075
2023-03-02,10.5600004196167,10.5600004196167,0.0,10.5600004196167,10.0,10.319999694824219,0.0,74100
2023-03-03,10.0,10.0,0.0,10.5600004196167,9.920000076293945,10.479999542236328,0.0,83825
2023-03-06,9.680000305175781,9.680000305175781,0.0,10.0,9.600000381469727,9.920000076293945,0.0,44875
2023-03-07,9.199999809265137,9.199999809265137,0.0,10.079999923706055,9.119999885559082,9.600000381469727,0.0,143888
2023-03-08,9.199999809265137,9.199999809265137,0.0,9.4399995803833,9.039999961853027,9.4399995803833,0.0,53575
2023-03-09,8.880000114440918,8.880000114440918,0.0,9.4399995803833,8.880000114440918,9.279999732971191,0.0,61288
2023-03-10,8.720000267028809,8.720000267028809,0.0,9.119999885559082,8.640000343322754,9.039999961853027,0.0,56763
2023-03-13,8.479999542236328,8.479999542236328,0.0,8.960000038146973,8.15999984741211,8.720000267028809,0.0,64863
2023-03-14,8.399999618530273,8.399999618530273,0.0,8.880000114440918,8.399999618530273,8.720000267028809,0.0,50088
2023-03-15,7.840000152587891,7.840000152587891,0.0,8.479999542236328,7.519999980926514,8.399999618530273,0.0,85788
2023-03-16,8.479999542236328,8.479999542236328,0.0,8.640000343322754,8.0,8.0,0.0,52725
2023-03-17,7.920000076293945,7.920000076293945,0.0,8.479999542236328,7.840000152587891,8.319999694824219,0.0,35325
2023-03-20,7.519999980926514,7.519999980926514,0.0,8.239999771118164,7.360000133514404,8.239999771118164,0.0,51275
2023-03-21,7.360000133514404,7.360000133514404,0.0,7.840000152587891,7.199999809265137,7.760000228881836,0.0,51888
2023-03-22,7.199999809265137,7.199999809265137,0.0,7.519999980926514,7.199999809265137,7.360000133514404,0.0,47338
2023-03-23,7.28000020980835,7.28000020980835,0.0,7.599999904632568,7.199999809265137,7.28000020980835,0.0,50738
2023-03-24,6.960000038146973,6.960000038146973,0.0,7.519999980926514,6.559999942779541,7.519999980926514,0.0,83788
2023-03-27,6.079999923706055,6.079999923706055,0.0,7.119999885559082,6.079999923706055,7.039999961853027,0.0,93763
2023-03-28,5.599999904632568,5.599999904632568,0.0,6.0,5.28000020980835,6.0,0.0,134525
2023-03-29,6.400000095367432,6.400000095367432,0.0,6.559999942779541,5.760000228881836,5.760000228881836,0.0,67950
2023-03-30,7.360000133514404,7.360000133514404,0.0,7.760000228881836,6.480000019073486,6.559999942779541,0.0,80438
2023-03-31,7.039999961853027,7.039999961853027,0.0,7.679999828338623,6.880000114440918,7.679999828338623,0.0,34650
2023-04-03,6.880000114440918,6.880000114440918,0.0,7.039999961853027,6.71999979019165,6.960000038146973,0.0,42950
2023-04-04,6.559999942779541,6.559999942779541,0.0,6.960000038146973,6.400000095367432,6.960000038146973,0.0,35150
2023-04-05,6.320000171661377,6.320000171661377,0.0,6.800000190734863,6.239999771118164,6.480000019073486,0.0,28088
2023-04-06,6.559999942779541,6.559999942779541,0.0,6.71999979019165,6.400000095367432,6.400000095367432,0.0,15325
2023-04-10,6.559999942779541,6.559999942779541,0.0,6.639999866485596,6.320000171661377,6.639999866485596,0.0,23113
2023-04-11,6.320000171661377,6.320000171661377,0.0,6.559999942779541,6.239999771118164,6.320000171661377,0.0,27700
2023-04-12,6.559999942779541,6.559999942779541,0.0,6.639999866485596,6.320000171661377,6.320000171661377,0.0,28675
2023-04-13,6.880000114440918,6.880000114440918,0.0,6.960000038146973,6.400000095367432,6.400000095367432,0.0,36525
2023-04-14,6.559999942779541,6.559999942779541,0.0,6.880000114440918,6.400000095367432,6.639999866485596,0.0,21750
2023-04-17,5.840000152587891,5.840000152587891,0.0,6.559999942779541,5.760000228881836,6.480000019073486,0.0,46738
2023-04-18,5.760000228881836,5.760000228881836,0.0,6.400000095367432,5.760000228881836,6.239999771118164,0.0,19175
2023-04-19,5.920000076293945,5.920000076293945,0.0,6.639999866485596,5.679999828338623,5.840000152587891,0.0,112713
2023-04-20,5.599999904632568,5.599999904632568,0.0,6.0,5.519999980926514,5.920000076293945,0.0,39888
2023-04-21,5.360000133514404,5.360000133514404,0.0,5.679999828338623,5.360000133514404,5.599999904632568,0.0,50388
2023-04-24,5.679999828338623,5.679999828338623,0.0,5.760000228881836,5.360000133514404,5.519999980926514,0.0,27550
2023-04-25,5.519999980926514,5.519999980926514,0.0,5.840000152587891,5.440000057220459,5.760000228881836,0.0,27663
2023-04-26,5.119999885559082,5.119999885559082,0.0,5.519999980926514,5.039999961853027,5.440000057220459,0.0,29038
2023-04-27,4.960000038146973,4.960000038146973,0.0,5.360000133514404,4.880000114440918,5.199999809265137,0.0,21150
2023-04-28,5.199999809265137,5.199999809265137,0.0,5.199999809265137,4.960000038146973,4.960000038146973,0.0,19875
2023-05-01,5.199999809265137,5.199999809265137,0.0,5.360000133514404,5.039999961853027,5.199999809265137,0.0,12275
2023-05-02,5.440000057220459,5.440000057220459,0.0,5.519999980926514,5.199999809265137,5.199999809265137,0.0,17538
2023-05-03,6.079999923706055,6.079999923706055,0.0,6.159999847412109,5.440000057220459,5.440000057220459,0.0,25663
2023-05-04,6.239999771118164,6.239999771118164,0.0,6.239999771118164,6.0,6.079999923706055,0.0,31575
2023-05-05,5.920000076293945,5.920000076293945,0.0,6.400000095367432,5.599999904632568,6.239999771118164,0.0,40863
2023-05-08,5.360000133514404,5.360000133514404,0.0,5.920000076293945,5.360000133514404,5.760000228881836,0.0,25663
2023-05-09,5.519999980926514,5.519999980926514,0.0,5.519999980926514,5.199999809265137,5.360000133514404,0.0,19800
2023-05-10,5.599999904632568,5.599999904632568,0.0,5.840000152587891,5.440000057220459,5.760000228881836,0.0,17913
2023-05-11,5.360000133514404,5.360000133514404,0.0,5.760000228881836,5.28000020980835,5.760000228881836,0.0,28175
2023-05-12,5.360000133514404,5.360000133514404,0.0,5.679999828338623,5.28000020980835,5.519999980926514,0.0,15363
2023-05-15,6.159999847412109,6.159999847412109,0.0,6.239999771118164,5.360000133514404,5.440000057220459,0.0,48025
2023-05-16,5.28000020980835,5.28000020980835,0.0,5.760000228881836,5.199999809265137,5.760000228881836,0.0,56400
2023-05-17,5.199999809265137,5.199999809265137,0.0,5.599999904632568,5.199999809265137,5.519999980926514,0.0,17188
2023-05-18,4.960000038146973,4.960000038146973,0.0,5.519999980926514,4.800000190734863,5.360000133514404,0.0,39913
2023-05-19,4.639999866485596,4.639999866485596,0.0,5.360000133514404,4.400000095367432,4.960000038146973,0.0,83213
2023-05-22,6.559999942779541,6.559999942779541,0.0,6.880000114440918,4.71999979019165,4.71999979019165,0.0,261588
2023-05-23,5.920000076293945,5.920000076293945,0.0,7.599999904632568,5.840000152587891,6.960000038146973,0.0,192450
2023-05-24,5.920000076293945,5.920000076293945,0.0,6.0,5.599999904632568,6.0,0.0,53700
2023-05-25,5.760000228881836,5.760000228881836,0.0,6.0,5.679999828338623,5.840000152587891,0.0,33675
2023-05-26,6.0,6.0,0.0,6.0,5.760000228881836,5.840000152587891,0.0,19238
2023-05-30,5.920000076293945,5.920000076293945,0.0,6.0,5.760000228881836,5.920000076293945,0.0,24350
2023-05-31,5.360000133514404,5.360000133514404,0.0,5.840000152587891,5.360000133514404,5.760000228881836,0.0,30813
2023-06-01,5.599999904632568,5.599999904632568,0.0,5.679999828338623,5.440000057220459,5.519999980926514,0.0,13950
2023-06-02,5.360000133514404,5.360000133514404,0.0,5.760000228881836,5.199999809265137,5.599999904632568,0.0,39175
2023-06-05,5.440000057220459,5.440000057220459,0.0,5.519999980926514,5.28000020980835,5.360000133514404,0.0,13575
2023-06-06,5.519999980926514,5.519999980926514,0.0,5.679999828338623,5.360000133514404,5.679999828338623,0.0,21275
2023-06-07,5.679999828338623,5.679999828338623,0.0,5.840000152587891,5.519999980926514,5.599999904632568,0.0,40925
2023-06-08,5.360000133514404,5.360000133514404,0.0,5.840000152587891,5.360000133514404,5.840000152587891,0.0,19300
2023-06-09,5.440000057220459,5.440000057220459,0.0,5.599999904632568,5.28000020980835,5.519999980926514,0.0,35163
2023-06-12,5.599999904632568,5.599999904632568,0.0,5.679999828338623,5.360000133514404,5.519999980926514,0.0,25750
2023-06-13,5.599999904632568,5.599999904632568,0.0,5.760000228881836,5.519999980926514,5.599999904632568,0.0,22913
2023-06-14,5.599999904632568,5.599999904632568,0.0,5.760000228881836,5.519999980926514,5.599999904632568,0.0,27113
2023-06-15,5.599999904632568,5.599999904632568,0.0,5.920000076293945,5.440000057220459,5.519999980926514,0.0,35863
2023-06-16,5.519999980926514,5.519999980926514,0.0,5.760000228881836,5.440000057220459,5.519999980926514,0.0,21013
2023-06-20,5.28000020980835,5.28000020980835,0.0,5.519999980926514,5.28000020980835,5.440000057220459,0.0,21850
2023-06-21,5.440000057220459,5.440000057220459,0.0,5.599999904632568,5.360000133514404,5.599999904632568,0.0,25688
2023-06-22,5.360000133514404,5.360000133514404,0.0,5.519999980926514,5.199999809265137,5.519999980926514,0.0,31988
2023-06-23,5.199999809265137,5.199999809265137,0.0,5.519999980926514,5.199999809265137,5.360000133514404,0.0,29488
2023-06-26,5.28000020980835,5.28000020980835,0.0,5.360000133514404,5.119999885559082,5.360000133514404,0.0,25263
2023-06-27,5.199999809265137,5.199999809265137,0.0,5.360000133514404,5.119999885559082,5.199999809265137,0.0,16513
2023-06-28,5.039999961853027,5.039999961853027,0.0,5.28000020980835,5.039999961853027,5.199999809265137,0.0,22688
2023-06-29,5.039999961853027,5.039999961853027,0.0,5.119999885559082,4.880000114440918,5.039999961853027,0.0,25838
2023-06-30,5.119999885559082,5.119999885559082,0.0,5.199999809265137,4.960000038146973,5.039999961853027,0.0,22838
2023-07-03,5.679999828338623,5.679999828338623,0.0,5.679999828338623,5.119999885559082,5.199999809265137,0.0,34075
2023-07-05,5.519999980926514,5.519999980926514,0.0,5.760000228881836,5.440000057220459,5.679999828338623,0.0,16113
2023-07-06,5.920000076293945,5.920000076293945,0.0,6.960000038146973,5.360000133514404,5.519999980926514,0.0,321300
2023-07-07,6.079999923706055,6.079999923706055,0.0,6.159999847412109,5.28000020980835,5.920000076293945,0.0,65013
2023-07-10,5.920000076293945,5.920000076293945,0.0,6.239999771118164,5.760000228881836,6.0,0.0,40638
2023-07-11,6.079999923706055,6.079999923706055,0.0,6.159999847412109,5.760000228881836,5.840000152587891,0.0,25250
2023-07-12,6.400000095367432,6.400000095367432,0.0,6.639999866485596,6.0,6.0,0.0,31888
2023-07-13,6.559999942779541,6.559999942779541,0.0,6.800000190734863,6.320000171661377,6.320000171661377,0.0,30625
2023-07-14,6.480000019073486,6.480000019073486,0.0,6.71999979019165,6.480000019073486,6.71999979019165,0.0,31413
2023-07-17,7.360000133514404,7.360000133514404,0.0,7.519999980926514,6.480000019073486,6.480000019073486,0.0,73463
2023-07-18,7.360000133514404,7.360000133514404,0.0,8.800000190734863,7.039999961853027,7.440000057220459,0.0,133550
2023-07-19,7.920000076293945,7.920000076293945,0.0,8.319999694824219,7.199999809265137,7.360000133514404,0.0,61275
2023-07-20,7.760000228881836,7.760000228881836,0.0,8.479999542236328,7.679999828338623,7.920000076293945,0.0,44300
2023-07-21,8.0,8.0,0.0,8.239999771118164,7.679999828338623,7.840000152587891,0.0,24675
2023-07-24,7.920000076293945,7.920000076293945,0.0,8.399999618530273,7.840000152587891,8.15999984741211,0.0,39213
2023-07-25,7.440000057220459,7.440000057220459,0.0,8.0,7.28000020980835,8.0,0.0,30363
2023-07-26,7.360000133514404,7.360000133514404,0.0,7.760000228881836,7.199999809265137,7.28000020980835,0.0,25925
2023-07-27,7.440000057220459,7.440000057220459,0.0,7.840000152587891,7.28000020980835,7.440000057220459,0.0,38500
2023-07-28,7.28000020980835,7.28000020980835,0.0,7.599999904632568,7.199999809265137,7.599999904632568,0.0,22688
2023-07-31,7.440000057220459,7.440000057220459,0.0,7.599999904632568,7.28000020980835,7.360000133514404,0.0,37213
2023-08-01,7.760000228881836,7.760000228881836,0.0,7.920000076293945,7.440000057220459,7.440000057220459,0.0,23088
2023-08-02,7.360000133514404,7.360000133514404,0.0,7.840000152587891,7.28000020980835,7.440000057220459,0.0,22375
2023-08-03,7.440000057220459,7.440000057220459,0.0,7.519999980926514,6.960000038146973,7.360000133514404,0.0,29513
2023-08-04,6.559999942779541,6.559999942779541,0.0,7.440000057220459,6.559999942779541,7.360000133514404,0.0,104013
2023-08-07,6.400000095367432,6.400000095367432,0.0,6.800000190734863,6.400000095367432,6.559999942779541,0.0,54925
2023-08-08,6.239999771118164,6.239999771118164,0.0,6.480000019073486,6.159999847412109,6.320000171661377,0.0,36550
2023-08-09,6.159999847412109,6.159999847412109,0.0,6.559999942779541,6.079999923706055,6.320000171661377,0.0,29650
2023-08-10,6.0,6.0,0.0,6.320000171661377,5.440000057220459,6.0,0.0,193300
2023-08-11,6.559999942779541,6.559999942779541,0.0,6.639999866485596,5.920000076293945,6.0,0.0,55550
2023-08-14,6.880000114440918,6.880000114440918,0.0,7.199999809265137,6.400000095367432,6.559999942779541,0.0,53963
2023-08-15,6.880000114440918,6.880000114440918,0.0,6.960000038146973,6.400000095367432,6.880000114440918,0.0,28900
2023-08-16,8.640000343322754,8.640000343322754,0.0,8.800000190734863,7.119999885559082,7.199999809265137,0.0,286675
2023-08-17,6.400000095367432,6.400000095367432,0.0,7.360000133514404,6.400000095367432,6.880000114440918,0.0,582850
2023-08-18,6.159999847412109,6.159999847412109,0.0,6.400000095367432,6.079999923706055,6.400000095367432,0.0,67450
2023-08-21,5.840000152587891,5.840000152587891,0.0,6.159999847412109,5.760000228881836,6.0,0.0,66875
2023-08-22,5.519999980926514,5.519999980926514,0.0,6.0,5.360000133514404,5.840000152587891,0.0,50788
2023-08-23,5.519999980926514,5.519999980926514,0.0,5.920000076293945,5.28000020980835,5.28000020980835,0.0,43063
2023-08-24,5.519999980926514,5.519999980926514,0.0,5.679999828338623,5.360000133514404,5.679999828338623,0.0,28925
2023-08-25,5.199999809265137,5.199999809265137,0.0,5.599999904632568,5.119999885559082,5.519999980926514,0.0,56488
2023-08-28,4.880000114440918,4.880000114440918,0.0,5.360000133514404,4.639999866485596,5.199999809265137,0.0,81613
2023-08-29,5.039999961853027,5.039999961853027,0.0,5.360000133514404,4.800000190734863,4.880000114440918,0.0,142625
2023-08-30,4.639999866485596,4.639999866485596,0.0,5.119999885559082,4.480000019073486,4.960000038146973,0.0,82288
2023-08-31,4.480000019073486,4.480000019073486,0.0,4.800000190734863,4.480000019073486,4.71999979019165,0.0,147725
2023-09-01,4.639999866485596,4.639999866485596,0.0,4.880000114440918,4.480000019073486,4.559999942779541,0.0,40825
2023-09-05,4.880000114440918,4.880000114440918,0.0,5.039999961853027,4.639999866485596,4.639999866485596,0.0,48613
2023-09-06,5.360000133514404,5.360000133514404,0.0,5.599999904632568,5.039999961853027,5.119999885559082,0.0,52100
2023-09-07,4.960000038146973,4.960000038146973,0.0,5.360000133514404,4.960000038146973,5.360000133514404,0.0,33888
2023-09-08,4.960000038146973,4.960000038146973,0.0,5.119999885559082,4.800000190734863,5.119999885559082,0.0,17088
2023-09-11,4.71999979019165,4.71999979019165,0.0,5.039999961853027,4.639999866485596,5.039999961853027,0.0,32150
2023-09-12,4.639999866485596,4.639999866485596,0.0,5.360000133514404,4.480000019073486,4.71999979019165,0.0,119575
2023-09-13,3.200000047683716,3.200000047683716,0.0,3.5999999046325684,2.880000114440918,2.9600000381469727,0.0,613675
2023-09-14,3.359999895095825,3.359999895095825,0.0,3.440000057220459,3.2799999713897705,3.2799999713897705,0.0,100363
2023-09-15,3.440000057220459,3.440000057220459,0.0,3.5199999809265137,3.2799999713897705,3.5199999809265137,0.0,93650
2023-09-18,3.759999990463257,3.759999990463257,0.0,3.759999990463257,3.359999895095825,3.5199999809265137,0.0,111188
2023-09-19,3.680000066757202,3.680000066757202,0.0,3.680000066757202,3.5199999809265137,3.680000066757202,0.0,53438
2023-09-20,3.759999990463257,3.759999990463257,0.0,3.9200000762939453,3.5999999046325684,3.759999990463257,0.0,65738
2023-09-21,3.5999999046325684,3.5999999046325684,0.0,3.759999990463257,3.440000057220459,3.759999990463257,0.0,39100
2023-09-22,3.680000066757202,3.680000066757202,0.0,3.680000066757202,3.359999895095825,3.5999999046325684,0.0,48900
2023-09-25,3.680000066757202,3.680000066757202,0.0,3.680000066757202,3.440000057220459,3.5999999046325684,0.0,50200
2023-09-26,3.359999895095825,3.359999895095825,0.0,3.680000066757202,3.2799999713897705,3.5999999046325684,0.0,79013
2023-09-27,3.119999885559082,3.119999885559082,0.0,3.440000057220459,3.119999885559082,3.2799999713897705,0.0,31125
2023-09-28,3.0399999618530273,3.0399999618530273,0.0,3.359999895095825,3.0399999618530273,3.2799999713897705,0.0,62038
2023-09-29,2.880000114440918,2.880000114440918,0.0,3.119999885559082,2.799999952316284,3.119999885559082,0.0,80800
2023-10-02,3.0399999618530273,3.0399999618530273,0.0,3.119999885559082,2.9600000381469727,3.0399999618530273,0.0,48650
2023-10-03,2.9600000381469727,2.9600000381469727,0.0,3.119999885559082,2.880000114440918,3.0399999618530273,0.0,27713
2023-10-04,3.0399999618530273,3.0399999618530273,0.0,3.0399999618530273,2.799999952316284,2.9600000381469727,0.0,41438
2023-10-05,3.0399999618530273,3.0399999618530273,0.0,3.200000047683716,2.9600000381469727,3.0399999618530273,0.0,28425
2023-10-06,3.200000047683716,3.200000047683716,0.0,3.200000047683716,3.0399999618530273,3.0399999618530273,0.0,33913
2023-10-09,3.0399999618530273,3.0399999618530273,0.0,3.200000047683716,2.9600000381469727,3.200000047683716,0.0,38263
2023-10-10,3.119999885559082,3.119999885559082,0.0,3.200000047683716,3.0399999618530273,3.0399999618530273,0.0,28038
2023-10-11,3.200000047683716,3.200000047683716,0.0,3.359999895095825,3.0399999618530273,3.119999885559082,0.0,46938
2023-10-12,3.200000047683716,3.200000047683716,0.0,3.2799999713897705,3.119999885559082,3.200000047683716,0.0,28813
2023-10-13,3.119999885559082,3.119999885559082,0.0,3.2799999713897705,3.0399999618530273,3.200000047683716,0.0,28613
2023-10-16,3.200000047683716,3.200000047683716,0.0,3.440000057220459,3.119999885559082,3.359999895095825,0.0,41763
2023-10-17,3.200000047683716,3.200000047683716,0.0,3.440000057220459,3.200000047683716,3.359999895095825,0.0,31625
2023-10-18,3.2799999713897705,3.2799999713897705,0.0,3.5199999809265137,3.2799999713897705,3.359999895095825,0.0,28825
2023-10-19,3.0399999618530273,3.0399999618530273,0.0,3.359999895095825,2.9600000381469727,3.2799999713897705,0.0,28400
2023-10-20,3.0399999618530273,3.0399999618530273,0.0,3.119999885559082,3.0399999618530273,3.0399999618530273,0.0,24138
2023-10-23,3.119999885559082,3.119999885559082,0.0,3.359999895095825,2.799999952316284,2.9600000381469727,0.0,43525
2023-10-24,2.880000114440918,2.880000114440918,0.0,3.119999885559082,2.799999952316284,3.119999885559082,0.0,40300
2023-10-25,2.880000114440918,2.880000114440918,0.0,2.9600000381469727,2.7200000286102295,2.880000114440918,0.0,18450
2023-10-26,2.799999952316284,2.799999952316284,0.0,2.880000114440918,2.640000104904175,2.799999952316284,0.0,44588
2023-10-27,2.640000104904175,2.640000104904175,0.0,2.799999952316284,2.559999942779541,2.7200000286102295,0.0,20100
2023-10-30,2.4000000953674316,2.4000000953674316,0.0,2.7200000286102295,2.319999933242798,2.640000104904175,0.0,52388
2023-10-31,2.319999933242798,2.319999933242798,0.0,2.4000000953674316,2.240000009536743,2.319999933242798,0.0,42913
2023-11-01,2.319999933242798,2.319999933242798,0.0,2.4000000953674316,2.240000009536743,2.240000009536743,0.0,30750
2023-11-02,2.4800000190734863,2.4800000190734863,0.0,2.559999942779541,2.319999933242798,2.319999933242798,0.0,32838
2023-11-03,2.559999942779541,2.559999942779541,0.0,2.7200000286102295,2.4800000190734863,2.4800000190734863,0.0,37138
2023-11-06,2.559999942779541,2.559999942779541,0.0,2.7200000286102295,2.559999942779541,2.559999942779541,0.0,24838
2023-11-07,2.4800000190734863,2.4800000190734863,0.0,2.559999942779541,2.4000000953674316,2.559999942779541,0.0,36875
2023-11-08,2.559999942779541,2.559999942779541,0.0,2.640000104904175,2.4000000953674316,2.4800000190734863,0.0,27575
2023-11-09,2.640000104904175,2.640000104904175,0.0,2.7200000286102295,2.559999942779541,2.559999942779541,0.0,24550
2023-11-10,2.4800000190734863,2.4800000190734863,0.0,2.7200000286102295,2.4800000190734863,2.559999942779541,0.0,34950
2023-11-13,2.559999942779541,2.559999942779541,0.0,2.640000104904175,2.4800000190734863,2.4800000190734863,0.0,35838
2023-11-14,2.4000000953674316,2.4000000953674316,0.0,2.7200000286102295,2.4000000953674316,2.559999942779541,0.0,95138
2023-11-15,2.799999952316284,2.799999952316284,0.0,2.880000114440918,2.4000000953674316,2.640000104904175,0.0,131300
2023-11-16,2.4800000190734863,2.4800000190734863,0.0,2.9600000381469727,2.4800000190734863,2.880000114440918,0.0,121550
2023-11-17,2.4800000190734863,2.4800000190734863,0.0,2.640000104904175,2.4800000190734863,2.4800000190734863,0.0,74363
2023-11-20,2.559999942779541,2.559999942779541,0.0,2.640000104904175,2.4800000190734863,2.640000104904175,0.0,37100
2023-11-21,2.4800000190734863,2.4800000190734863,0.0,2.559999942779541,2.4800000190734863,2.4800000190734863,0.0,34488
2023-11-22,2.4000000953674316,2.4000000953674316,0.0,2.559999942779541,2.240000009536743,2.4800000190734863,0.0,68850
2023-11-24,2.559999942779541,2.559999942779541,0.0,2.559999942779541,2.4000000953674316,2.4800000190734863,0.0,34600
2023-11-27,2.7200000286102295,2.7200000286102295,0.0,2.9600000381469727,2.640000104904175,2.7200000286102295,0.0,153613
2023-11-28,2.799999952316284,2.799999952316284,0.0,3.0399999618530273,2.7200000286102295,2.9600000381469727,0.0,155538
2023-11-29,2.4000000953674316,2.4000000953674316,0.0,2.880000114440918,2.4000000953674316,2.880000114440918,0.0,101588
2023-11-30,2.319999933242798,2.319999933242798,0.0,2.559999942779541,2.319999933242798,2.559999942779541,0.0,59075
2023-12-01,2.319999933242798,2.319999933242798,0.0,2.4800000190734863,2.240000009536743,2.4800000190734863,0.0,75238
2023-12-04,2.4000000953674316,2.4000000953674316,0.0,2.4800000190734863,2.240000009536743,2.319999933242798,0.0,68713
2023-12-05,2.4000000953674316,2.4000000953674316,0.0,2.559999942779541,2.4000000953674316,2.4000000953674316,0.0,64463
2023-12-06,2.4000000953674316,2.4000000953674316,0.0,2.4800000190734863,2.4000000953674316,2.4000000953674316,0.0,35063
2023-12-07,2.640000104904175,2.640000104904175,0.0,2.640000104904175,2.319999933242798,2.4800000190734863,0.0,82888
2023-12-08,2.4800000190734863,2.4800000190734863,0.0,2.559999942779541,2.4000000953674316,2.559999942779541,0.0,71775
2023-12-11,2.319999933242798,2.319999933242798,0.0,2.4000000953674316,2.319999933242798,2.4000000953674316,0.0,38538
2023-12-12,2.1600000858306885,2.1600000858306885,0.0,2.4000000953674316,2.1600000858306885,2.4000000953674316,0.0,94400
2023-12-13,2.1600000858306885,2.1600000858306885,0.0,2.319999933242798,2.0799999237060547,2.240000009536743,0.0,161850
2023-12-14,2.319999933242798,2.319999933242798,0.0,2.4000000953674316,2.1600000858306885,2.1600000858306885,0.0,96238
2023-12-15,2.240000009536743,2.240000009536743,0.0,2.4800000190734863,2.240000009536743,2.4000000953674316,0.0,84600
2023-12-18,2.4000000953674316,2.4000000953674316,0.0,2.799999952316284,2.4000000953674316,2.4800000190734863,0.0,336788
2023-12-19,2.4000000953674316,2.4000000953674316,0.0,2.640000104904175,2.319999933242798,2.559999942779541,0.0,245488
2023-12-20,1.6799999475479126,1.6799999475479126,0.0,1.840000033378601,1.6799999475479126,1.6799999475479126,0.0,679288
2023-12-21,1.6799999475479126,1.6799999475479126,0.0,1.840000033378601,1.6799999475479126,1.7599999904632568,0.0,174800
2023-12-22,1.600000023841858,1.600000023841858,0.0,1.7599999904632568,1.5199999809265137,1.7599999904632568,0.0,231150
2023-12-26,1.5199999809265137,1.5199999809265137,0.0,1.6799999475479126,1.440000057220459,1.6799999475479126,0.0,248200
2023-12-27,1.5199999809265137,1.5199999809265137,0.0,1.600000023841858,1.5199999809265137,1.600000023841858,0.0,348863
2023-12-28,1.600000023841858,1.600000023841858,0.0,1.6799999475479126,1.5199999809265137,1.600000023841858,0.0,231250
2023-12-29,1.5199999809265137,1.5199999809265137,0.0,1.600000023841858,1.440000057220459,1.600000023841858,0.0,288463
2024-01-02,1.440000057220459,1.440000057220459,0.0,1.5199999809265137,1.440000057220459,1.5199999809265137,0.0,158800
2024-01-03,1.440000057220459,1.440000057220459,0.0,1.5199999809265137,1.3600000143051147,1.5199999809265137,0.0,236675
2024-01-04,1.440000057220459,1.440000057220459,0.0,1.5199999809265137,1.3600000143051147,1.440000057220459,0.0,120025
2024-01-05,1.5199999809265137,1.5199999809265137,0.0,1.5199999809265137,1.440000057220459,1.440000057220459,0.0,82738
2024-01-08,1.600000023841858,1.600000023841858,0.0,1.6799999475479126,1.5199999809265137,1.5199999809265137,0.0,156700
2024-01-09,1.5199999809265137,1.5199999809265137,0.0,1.600000023841858,1.440000057220459,1.600000023841858,0.0,130113
2024-01-10,1.440000057220459,1.440000057220459,0.0,1.5199999809265137,1.440000057220459,1.440000057220459,0.0,93413
2024-01-11,1.440000057220459,1.440000057220459,0.0,1.440000057220459,1.3600000143051147,1.440000057220459,0.0,78300
2024-01-12,1.440000057220459,1.440000057220459,0.0,1.5199999809265137,1.440000057220459,1.440000057220459,0.0,89825
2024-01-16,1.5199999809265137,1.5199999809265137,0.0,1.600000023841858,1.440000057220459,1.5199999809265137,0.0,181900
2024-01-17,1.440000057220459,1.440000057220459,0.0,1.7599999904632568,1.440000057220459,1.6799999475479126,0.0,1027188
2024-01-18,1.5199999809265137,1.5199999809265137,0.0,1.5199999809265137,1.440000057220459,1.440000057220459,0.0,205975
2024-01-19,1.600000023841858,1.600000023841858,0.0,1.600000023841858,1.440000057220459,1.5199999809265137,0.0,190750
2024-01-22,1.5199999809265137,1.5199999809265137,0.0,1.600000023841858,1.440000057220459,1.5199999809265137,0.0,106850
2024-01-23,1.5199999809265137,1.5199999809265137,0.0,1.5199999809265137,1.5199999809265137,1.5199999809265137,0.0,96850
2024-01-24,1.5199999809265137,1.5199999809265137,0.0,1.5199999809265137,1.5199999809265137,1.5199999809265137,0.0,75175
2024-01-25,1.440000057220459,1.440000057220459,0.0,1.5199999809265137,1.3600000143051147,1.5199999809265137,0.0,111675
2024-01-26,1.5199999809265137,1.5199999809265137,0.0,1.5199999809265137,1.440000057220459,1.440000057220459,0.0,56688
2024-01-29,1.600000023841858,1.600000023841858,0.0,1.6799999475479126,1.5199999809265137,1.5199999809265137,0.0,127000
2024-01-30,1.5199999809265137,1.5199999809265137,0.0,1.600000023841858,1.440000057220459,1.600000023841858,0.0,154088
2024-01-31,1.440000057220459,1.440000057220459,0.0,1.440000057220459,1.440000057220459,1.440000057220459,0.0,108575
2024-02-01,1.3600000143051147,1.3600000143051147,0.0,1.440000057220459,1.2799999713897705,1.440000057220459,0.0,141775
2024-02-02,1.3600000143051147,1.3600000143051147,0.0,1.3600000143051147,1.2799999713897705,1.3600000143051147,0.0,105413
2024-02-05,1.2799999713897705,1.2799999713897705,0.0,1.3600000143051147,1.2799999713897705,1.3600000143051147,0.0,54475
2024-02-06,1.3600000143051147,1.3600000143051147,0.0,1.3600000143051147,1.2799999713897705,1.2799999713897705,0.0,41663
2024-02-07,1.0399999618530273,1.0399999618530273,0.0,1.3600000143051147,1.0399999618530273,1.3600000143051147,0.0,633263
2024-02-08,0.9599999785423279,0.9599999785423279,0.0,1.1200000047683716,0.8799999952316284,1.1200000047683716,0.0,711913
2024-02-09,0.9599999785423279,0.9599999785423279,0.0,0.9599999785423279,0.800000011920929,0.8799999952316284,0.0,791088
2024-02-12,1.0399999618530273,1.0399999618530273,0.0,1.1200000047683716,0.8799999952316284,0.9599999785423279,0.0,307625
2024-02-13,1.0399999618530273,1.0399999618530273,0.0,1.1200000047683716,0.9599999785423279,0.9599999785423279,0.0,129150
2024-02-14,1.0399999618530273,1.0399999618530273,0.0,1.0399999618530273,1.0399999618530273,1.0399999618530273,0.0,152438
2024-02-15,1.0399999618530273,1.0399999618530273,0.0,1.1200000047683716,1.0399999618530273,1.1200000047683716,0.0,119588
2024-02-16,1.0399999618530273,1.0399999618530273,0.0,1.1200000047683716,1.0399999618530273,1.1200000047683716,0.0,78850
2024-02-20,1.3600000143051147,1.3600000143051147,0.0,1.5199999809265137,1.1200000047683716,1.1200000047683716,0.0,617738
2024-02-21,1.1200000047683716,1.1200000047683716,0.0,1.440000057220459,1.1200000047683716,1.440000057220459,0.0,408375
2024-02-22,1.0399999618530273,1.0399999618530273,0.0,1.1200000047683716,1.0399999618530273,1.1200000047683716,0.0,195525
2024-02-23,1.0399999618530273,1.0399999618530273,0.0,1.1200000047683716,1.0399999618530273,1.1200000047683716,0.0,137838
2024-02-26,1.1200000047683716,1.1200000047683716,0.0,1.2000000476837158,1.0399999618530273,1.1200000047683716,0.0,281738
2024-02-27,1.0399999618530273,1.0399999618530273,0.0,1.1200000047683716,1.0399999618530273,1.1200000047683716,0.0,177575
2024-02-28,1.1200000047683716,1.1200000047683716,0.0,1.1200000047683716,1.0399999618530273,1.1200000047683716,0.0,133600
2024-02-29,1.2000000476837158,1.2000000476837158,0.0,1.2799999713897705,1.1200000047683716,1.1200000047683716,0.0,184488
2024-03-01,1.2000000476837158,1.2000000476837158,0.0,1.2799999713897705,1.2000000476837158,1.2799999713897705,0.0,210138
2024-03-04,1.2000000476837158,1.2000000476837158,0.0,1.2799999713897705,1.1200000047683716,1.2799999713897705,0.0,203313
2024-03-05,1.2000000476837158,1.2000000476837158,0.0,1.2000000476837158,1.1200000047683716,1.2000000476837158,0.0,75888
2024-03-06,1.1200000047683716,1.1200000047683716,0.0,1.2000000476837158,1.0399999618530273,1.2000000476837158,0.0,188750
2024-03-07,1.1200000047683716,1.1200000047683716,0.0,1.1200000047683716,1.1200000047683716,1.1200000047683716,0.0,62225
2024-03-08,1.1200000047683716,1.1200000047683716,0.0,1.1200000047683716,1.0399999618530273,1.1200000047683716,0.0,304250
2024-03-11,1.1200000047683716,1.1200000047683716,0.0,1.1200000047683716,1.0399999618530273,1.1200000047683716,0.0,76038
2024-03-12,1.1200000047683716,1.1200000047683716,0.0,1.1200000047683716,1.1200000047683716,1.1200000047683716,0.0,138763
2024-03-13,1.1200000047683716,1.1200000047683716,0.0,1.1200000047683716,1.0399999618530273,1.1200000047683716,0.0,207200
2024-03-14,1.3600000143051147,1.3600000143051147,0.0,1.600000023841858,1.2000000476837158,1.600000023841858,0.0,5610663
2024-03-15,1.2000000476837158,1.2000000476837158,0.0,1.3600000143051147,1.1200000047683716,1.3600000143051147,0.0,654350
2024-03-18,1.2000000476837158,1.2000000476837158,0.0,1.3600000143051147,1.1200000047683716,1.2799999713897705,0.0,622425
2024-03-19,1.2799999713897705,1.2799999713897705,0.0,1.3600000143051147,1.2000000476837158,1.3600000143051147,0.0,670338
2024-03-20,1.6799999475479126,1.6799999475479126,0.0,1.7599999904632568,1.2799999713897705,1.2799999713897705,0.0,1432938
2024-03-21,1.7599999904632568,1.7599999904632568,0.0,2.0799999237060547,1.6799999475479126,1.840000033378601,0.0,2717975
2024-03-22,1.6799999475479126,1.6799999475479126,0.0,1.9199999570846558,1.6799999475479126,1.9199999570846558,0.0,1314550
2024-03-25,2.640000104904175,2.640000104904175,0.0,3.440000057220459,1.6799999475479126,1.9199999570846558,0.0,15810225
2024-03-26,3.359999895095825,3.359999895095825,0.0,3.759999990463257,2.880000114440918,3.440000057220459,0.0,10969375
2024-03-27,3.2799999713897705,3.2799999713897705,0.0,3.359999895095825,2.799999952316284,3.2799999713897705,0.0,2577200
2024-03-28,3.0399999618530273,3.0399999618530273,0.0,3.440000057220459,2.799999952316284,3.200000047683716,0.0,1592000
2024-04-01,3.2799999713897705,3.2799999713897705,0.0,3.440000057220459,2.799999952316284,3.200000047683716,0.0,1773613
2024-04-02,5.599999904632568,5.599999904632568,0.0,6.0,3.2799999713897705,3.440000057220459,0.0,13270850
2024-04-03,5.679999828338623,5.679999828338623,0.0,6.639999866485596,4.639999866485596,5.199999809265137,0.0,4133888
2024-04-04,5.599999904632568,5.599999904632568,0.0,6.159999847412109,5.28000020980835,5.840000152587891,0.0,1379500
2024-04-05,4.71999979019165,4.71999979019165,0.0,5.360000133514404,4.400000095367432,5.28000020980835,0.0,1532313
2024-04-08,5.679999828338623,5.679999828338623,0.0,6.320000171661377,5.199999809265137,5.360000133514404,0.0,3128513
2024-04-09,5.920000076293945,5.920000076293945,0.0,6.0,5.28000020980835,5.840000152587891,0.0,1026238
2024-04-10,6.400000095367432,6.400000095367432,0.0,6.800000190734863,5.519999980926514,5.840000152587891,0.0,2509388
2024-04-11,6.480000019073486,6.480000019073486,0.0,7.199999809265137,6.239999771118164,6.71999979019165,0.0,1630900
2024-04-12,6.400000095367432,6.400000095367432,0.0,6.639999866485596,5.760000228881836,6.480000019073486,0.0,1476063
2024-04-15,4.639999866485596,4.639999866485596,0.0,5.599999904632568,4.480000019073486,5.440000057220459,0.0,1431925
2024-04-16,4.079999923706055,4.079999923706055,0.0,4.71999979019165,3.759999990463257,4.71999979019165,0.0,1005588
2024-04-17,3.8399999141693115,3.8399999141693115,0.0,4.079999923706055,3.5999999046325684,3.9200000762939453,0.0,686775
2024-04-18,3.2799999713897705,3.2799999713897705,0.0,3.9200000762939453,3.0399999618530273,3.8399999141693115,0.0,925525
2024-04-19,3.5999999046325684,3.5999999046325684,0.0,3.680000066757202,3.119999885559082,3.119999885559082,0.0,937675
2024-04-22,3.5999999046325684,3.5999999046325684,0.0,3.9200000762939453,3.440000057220459,3.680000066757202,0.0,540925
2024-04-23,4.159999847412109,4.159999847412109,0.0,4.559999942779541,3.9200000762939453,4.0,0.0,2661525
2024-04-24,3.759999990463257,3.759999990463257,0.0,4.079999923706055,3.440000057220459,4.079999923706055,0.0,886150
2024-04-25,3.759999990463257,3.759999990463257,0.0,3.759999990463257,3.5999999046325684,3.759999990463257,0.0,447325
2024-04-26,3.759999990463257,3.759999990463257,0.0,3.8399999141693115,3.680000066757202,3.759999990463257,0.0,288725
2024-04-29,3.759999990463257,3.759999990463257,0.0,3.8399999141693115,3.5999999046325684,3.759999990463257,0.0,383725
2024-04-30,3.8399999141693115,3.8399999141693115,0.0,4.079999923706055,3.759999990463257,4.0,0.0,890588
2024-05-01,3.759999990463257,3.759999990463257,0.0,3.9200000762939453,3.680000066757202,3.9200000762939453,0.0,436813
2024-05-02,3.8399999141693115,3.8399999141693115,0.0,3.9200000762939453,3.680000066757202,3.759999990463257,0.0,382525
2024-05-03,3.680000066757202,3.680000066757202,0.0,3.8399999141693115,3.5199999809265137,3.8399999141693115,0.0,436138
2024-05-06,3.5199999809265137,3.5199999809265137,0.0,3.759999990463257,3.5199999809265137,3.680000066757202,0.0,416300
2024-05-07,3.440000057220459,3.440000057220459,0.0,3.8399999141693115,3.359999895095825,3.8399999141693115,0.0,548325
2024-05-08,3.359999895095825,3.359999895095825,0.0,3.440000057220459,3.2799999713897705,3.359999895095825,0.0,351038
2024-05-09,3.759999990463257,3.759999990463257,0.0,3.8399999141693115,3.2799999713897705,3.359999895095825,0.0,451700
2024-05-10,3.680000066757202,3.680000066757202,0.0,4.0,3.5199999809265137,4.0,0.0,456825
2024-05-13,3.680000066757202,3.680000066757202,0.0,3.9200000762939453,3.440000057220459,3.8399999141693115,0.0,597325
2024-05-14,3.5999999046325684,3.5999999046325684,0.0,3.680000066757202,3.440000057220459,3.440000057220459,0.0,584638
2024-05-15,3.759999990463257,3.759999990463257,0.0,3.8399999141693115,3.5199999809265137,3.680000066757202,0.0,984163
2024-05-16,2.9600000381469727,2.9600000381469727,0.0,3.2799999713897705,2.640000104904175,2.7200000286102295,0.0,1050950
2024-05-17,2.799999952316284,2.799999952316284,0.0,3.119999885559082,2.7200000286102295,2.9600000381469727,0.0,524475
2024-05-20,3.119999885559082,3.119999885559082,0.0,3.440000057220459,2.799999952316284,2.880000114440918,0.0,914238
2024-05-21,3.200000047683716,3.200000047683716,0.0,3.2799999713897705,3.0399999618530273,3.200000047683716,0.0,290638
2024-05-22,3.119999885559082,3.119999885559082,0.0,3.2799999713897705,3.0399999618530273,3.200000047683716,0.0,479688
2024-05-23,2.880000114440918,2.880000114440918,0.0,3.119999885559082,2.799999952316284,3.119999885559082,0.0,379550
2024-05-24,2.9600000381469727,2.9600000381469727,0.0,3.0399999618530273,2.799999952316284,2.880000114440918,0.0,288625
2024-05-28,2.799999952316284,2.799999952316284,0.0,3.0399999618530273,2.7200000286102295,2.9600000381469727,0.0,340988
2024-05-29,2.559999942779541,2.559999942779541,0.0,2.880000114440918,2.4800000190734863,2.880000114440918,0.0,536838
2024-05-30,2.4800000190734863,2.4800000190734863,0.0,2.640000104904175,2.319999933242798,2.559999942779541,0.0,471763
2024-05-31,2.640000104904175,2.640000104904175,0.0,2.880000114440918,2.4800000190734863,2.4800000190734863,0.0,293313
2024-06-03,2.559999942779541,2.559999942779541,0.0,2.640000104904175,2.4800000190734863,2.640000104904175,0.0,153475
2024-06-04,2.4800000190734863,2.4800000190734863,0.0,2.640000104904175,2.4800000190734863,2.559999942779541,0.0,177450
2024-06-05,2.4800000190734863,2.4800000190734863,0.0,2.4800000190734863,2.4000000953674316,2.4800000190734863,0.0,150375
2024-06-06,2.319999933242798,2.319999933242798,0.0,2.4800000190734863,2.319999933242798,2.4800000190734863,0.0,301138
2024-06-07,2.240000009536743,2.240000009536743,0.0,2.4800000190734863,2.0,2.4800000190734863,0.0,411725
2024-06-10,2.4800000190734863,2.4800000190734863,0.0,2.640000104904175,2.1600000858306885,2.240000009536743,0.0,356313
2024-06-11,2.799999952316284,2.799999952316284,0.0,2.880000114440918,2.4800000190734863,2.4800000190734863,0.0,311850
2024-06-12,2.7200000286102295,2.7200000286102295,0.0,3.200000047683716,2.640000104904175,3.0399999618530273,0.0,571938
2024-06-13,3.0399999618530273,3.0399999618530273,0.0,3.119999885559082,2.7200000286102295,2.7200000286102295,0.0,369588
2024-06-14,2.880000114440918,2.880000114440918,0.0,3.440000057220459,2.799999952316284,3.0399999618530273,0.0,567175
2024-06-17,2.9600000381469727,2.9600000381469727,0.0,3.119999885559082,2.799999952316284,3.0399999618530273,0.0,221338
2024-06-18,2.880000114440918,2.880000114440918,0.0,3.0399999618530273,2.880000114440918,3.0399999618530273,0.0,148263
2024-06-20,2.7200000286102295,2.7200000286102295,0.0,3.119999885559082,2.559999942779541,2.9600000381469727,0.0,478363
2024-06-21,2.880000114440918,2.880000114440918,0.0,2.9600000381469727,2.640000104904175,2.799999952316284,0.0,276050
2024-06-24,2.7200000286102295,2.7200000286102295,0.0,2.9600000381469727,2.7200000286102295,2.9600000381469727,0.0,175088
2024-06-25,2.9600000381469727,2.9600000381469727,0.0,3.2799999713897705,2.880000114440918,2.9600000381469727,0.0,658638
2024-06-26,3.200000047683716,3.200000047683716,0.0,3.440000057220459,3.0399999618530273,3.119999885559082,0.0,495888
2024-06-27,3.359999895095825,3.359999895095825,0.0,3.5199999809265137,3.200000047683716,3.200000047683716,0.0,474888
2024-06-28,3.200000047683716,3.200000047683716,0.0,3.359999895095825,3.0399999618530273,3.359999895095825,0.0,207475
2024-07-01,3.0399999618530273,3.0399999618530273,0.0,3.200000047683716,3.0399999618530273,3.119999885559082,0.0,151938
2024-07-02,3.119999885559082,3.119999885559082,0.0,3.2799999713897705,3.0399999618530273,3.0399999618530273,0.0,111888
2024-07-03,3.119999885559082,3.119999885559082,0.0,3.200000047683716,3.119999885559082,3.119999885559082,0.0,87875
2024-07-05,2.9600000381469727,2.9600000381469727,0.0,3.119999885559082,2.799999952316284,2.9600000381469727,0.0,396875
2024-07-08,3.0399999618530273,3.0399999618530273,0.0,3.0399999618530273,2.880000114440918,2.9600000381469727,0.0,197563
2024-07-09,2.799999952316284,2.799999952316284,0.0,3.0399999618530273,2.799999952316284,3.0399999618530273,0.0,247263
2024-07-10,2.799999952316284,2.799999952316284,0.0,2.880000114440918,2.640000104904175,2.799999952316284,0.0,274238
2024-07-11,2.7200000286102295,2.7200000286102295,0.0,2.880000114440918,2.7200000286102295,2.880000114440918,0.0,167188
2024-07-12,2.799999952316284,2.799999952316284,0.0,2.799999952316284,2.7200000286102295,2.7200000286102295,0.0,144913
2024-07-15,2.7200000286102295,2.7200000286102295,0.0,2.799999952316284,2.7200000286102295,2.799999952316284,0.0,153463
2024-07-16,2.799999952316284,2.799999952316284,0.0,2.799999952316284,2.7200000286102295,2.7200000286102295,0.0,225950
2024-07-17,2.640000104904175,2.640000104904175,0.0,2.799999952316284,2.640000104904175,2.7200000286102295,0.0,120738
2024-07-18,2.4800000190734863,2.4800000190734863,0.0,2.640000104904175,2.4800000190734863,2.640000104904175,0.0,222963
2024-07-19,2.4800000190734863,2.4800000190734863,0.0,2.640000104904175,2.4800000190734863,2.4800000190734863,0.0,126950
2024-07-22,2.4800000190734863,2.4800000190734863,0.0,2.640000104904175,2.319999933242798,2.640000104904175,0.0,174450
2024-07-23,2.4000000953674316,2.4000000953674316,0.0,2.559999942779541,2.4000000953674316,2.4800000190734863,0.0,136588
2024-07-24,2.319999933242798,2.319999933242798,0.0,2.4800000190734863,2.1600000858306885,2.4000000953674316,0.0,174975
2024-07-25,2.240000009536743,2.240000009536743,0.0,2.319999933242798,2.240000009536743,2.319999933242798,0.0,152363
2024-07-26,2.4000000953674316,2.4000000953674316,0.0,2.4000000953674316,2.319999933242798,2.319999933242798,0.0,105625
2024-07-29,2.4000000953674316,2.4000000953674316,0.0,2.4800000190734863,2.319999933242798,2.319999933242798,0.0,92963
2024-07-30,2.240000009536743,2.240000009536743,0.0,2.4000000953674316,2.1600000858306885,2.4000000953674316,0.0,268538
2024-07-31,2.240000009536743,2.240000009536743,0.0,2.319999933242798,2.240000009536743,2.319999933242798,0.0,152813
2024-08-01,2.1600000858306885,2.1600000858306885,0.0,2.319999933242798,2.0799999237060547,2.319999933242798,0.0,175675
2024-08-02,2.0,2.0,0.0,2.1600000858306885,2.0,2.1600000858306885,0.0,255225
2024-08-05,1.840000033378601,1.840000033378601,0.0,1.9199999570846558,1.7599999904632568,1.7599999904632568,0.0,357625
2024-08-06,2.0,2.0,0.0,2.0799999237060547,1.840000033378601,2.0,0.0,298463
2024-08-07,1.9199999570846558,1.9199999570846558,0.0,2.0799999237060547,1.840000033378601,2.0799999237060547,0.0,174488
2024-08-08,1.9199999570846558,1.9199999570846558,0.0,2.0,1.840000033378601,1.9199999570846558,0.0,274863
2024-08-09,1.9199999570846558,1.9199999570846558,0.0,2.0,1.840000033378601,2.0,0.0,257538
2024-08-12,2.0799999237060547,2.0799999237060547,0.0,2.240000009536743,2.0,2.0799999237060547,0.0,1148188
2024-08-13,1.6799999475479126,1.6799999475479126,0.0,1.840000033378601,1.600000023841858,1.7599999904632568,0.0,645500
2024-08-14,1.7599999904632568,1.7599999904632568,0.0,1.7599999904632568,1.6799999475479126,1.7599999904632568,0.0,222900
2024-08-15,1.7599999904632568,1.7599999904632568,0.0,1.7599999904632568,1.6799999475479126,1.7599999904632568,0.0,244788
2024-08-16,1.7599999904632568,1.7599999904632568,0.0,1.7599999904632568,1.6799999475479126,1.7599999904632568,0.0,184763
2024-08-19,1.7599999904632568,1.7599999904632568,0.0,1.7599999904632568,1.6799999475479126,1.7599999904632568,0.0,259000
2024-08-20,1.7599999904632568,1.7599999904632568,0.0,1.7599999904632568,1.6799999475479126,1.7599999904632568,0.0,301963
2024-08-21,2.240000009536743,2.240000009536743,0.0,2.240000009536743,1.9199999570846558,1.9199999570846558,0.0,570513
2024-08-22,2.1600000858306885,2.1600000858306885,0.0,2.319999933242798,2.0799999237060547,2.319999933242798,0.0,180000
2024-08-23,2.1600000858306885,2.1600000858306885,0.0,2.319999933242798,2.1600000858306885,2.1600000858306885,0.0,214663
2024-08-26,2.0799999237060547,2.0799999237060547,0.0,2.240000009536743,2.0,2.240000009536743,0.0,153688
2024-08-27,2.0799999237060547,2.0799999237060547,0.0,2.0799999237060547,2.0,2.0799999237060547,0.0,168275
2024-08-28,2.0799999237060547,2.0799999237060547,0.0,2.0799999237060547,1.9199999570846558,2.0799999237060547,0.0,188563
2024-08-29,2.0799999237060547,2.0799999237060547,0.0,2.1600000858306885,2.0,2.1600000858306885,0.0,118688
2024-08-30,2.0799999237060547,2.0799999237060547,0.0,2.1600000858306885,1.9199999570846558,2.1600000858306885,0.0,151375
2024-09-03,2.0,2.0,0.0,2.0799999237060547,1.9199999570846558,2.0799999237060547,0.0,174838
2024-09-04,2.0,2.0,0.0,2.0799999237060547,1.9199999570846558,1.9199999570846558,0.0,215125
2024-09-05,1.9199999570846558,1.9199999570846558,0.0,2.0799999237060547,1.9199999570846558,2.0,0.0,129163
2024-09-06,1.9199999570846558,1.9199999570846558,0.0,2.0,1.7599999904632568,1.9199999570846558,0.0,102113
2024-09-09,1.9199999570846558,1.9199999570846558,0.0,1.9199999570846558,1.840000033378601,1.9199999570846558,0.0,97725
2024-09-10,1.9199999570846558,1.9199999570846558,0.0,2.0,1.840000033378601,2.0,0.0,252675
2024-09-11,2.0799999237060547,2.0799999237060547,0.0,2.0799999237060547,1.9199999570846558,1.9199999570846558,0.0,141550
2024-09-12,2.319999933242798,2.319999933242798,0.0,2.4000000953674316,2.0799999237060547,2.0799999237060547,0.0,275413
2024-09-13,2.240000009536743,2.240000009536743,0.0,2.4000000953674316,2.1600000858306885,2.319999933242798,0.0,119413
2024-09-16,2.240000009536743,2.240000009536743,0.0,2.319999933242798,2.1600000858306885,2.319999933242798,0.0,110750
2024-09-17,2.319999933242798,2.319999933242798,0.0,2.4800000190734863,2.240000009536743,2.240000009536743,0.0,333875
2024-09-18,2.319999933242798,2.319999933242798,0.0,2.4800000190734863,2.240000009536743,2.4000000953674316,0.0,153025
2024-09-19,2.1600000858306885,2.1600000858306885,0.0,2.4800000190734863,2.1600000858306885,2.4000000953674316,0.0,146425
2024-09-20,2.1600000858306885,2.1600000858306885,0.0,2.319999933242798,2.0799999237060547,2.319999933242798,0.0,184638
2024-09-23,2.0,2.0,0.0,2.240000009536743,2.0,2.240000009536743,0.0,144525
2024-09-24,2.0,2.0,0.0,2.0799999237060547,2.0,2.0799999237060547,0.0,115825
2024-09-25,2.240000009536743,2.240000009536743,0.0,2.4800000190734863,2.1600000858306885,2.319999933242798,0.0,1073488
2024-09-26,2.240000009536743,2.240000009536743,0.0,2.319999933242798,2.1600000858306885,2.319999933242798,0.0,227625
2024-09-27,2.240000009536743,2.240000009536743,0.0,2.319999933242798,2.240000009536743,2.319999933242798,0.0,187613
2024-09-30,2.240000009536743,2.240000009536743,0.0,2.319999933242798,2.240000009536743,2.240000009536743,0.0,212075
2024-10-01,2.1600000858306885,2.1600000858306885,0.0,2.240000009536743,2.1600000858306885,2.240000009536743,0.0,154038
2024-10-02,2.4800000190734863,2.4800000190734863,0.0,2.4800000190734863,2.240000009536743,2.4000000953674316,0.0,665950
2024-10-03,2.319999933242798,2.319999933242798,0.0,2.4800000190734863,2.319999933242798,2.4800000190734863,0.0,229500
2024-10-04,2.4000000953674316,2.4000000953674316,0.0,2.4800000190734863,2.319999933242798,2.4000000953674316,0.0,262600
2024-10-07,2.559999942779541,2.559999942779541,0.0,2.559999942779541,2.4000000953674316,2.4800000190734863,0.0,371450
2024-10-08,2.640000104904175,2.640000104904175,0.0,2.7200000286102295,2.4800000190734863,2.559999942779541,0.0,425213
2024-10-09,2.4800000190734863,2.4800000190734863,0.0,2.640000104904175,2.4800000190734863,2.640000104904175,0.0,200313
2024-10-10,2.4000000953674316,2.4000000953674316,0.0,2.559999942779541,2.4000000953674316,2.559999942779541,0.0,175288
2024-10-11,2.4800000190734863,2.4800000190734863,0.0,2.559999942779541,2.4000000953674316,2.4800000190734863,0.0,150088
2024-10-14,2.4800000190734863,2.4800000190734863,0.0,2.559999942779541,2.4800000190734863,2.559999942779541,0.0,174288
2024-10-15,2.4800000190734863,2.4800000190734863,0.0,2.4800000190734863,2.4000000953674316,2.4800000190734863,0.0,167688
2024-10-16,2.559999942779541,2.559999942779541,0.0,2.559999942779541,2.4000000953674316,2.4800000190734863,0.0,252800
2024-10-17,2.4800000190734863,2.4800000190734863,0.0,2.559999942779541,2.4000000953674316,2.559999942779541,0.0,228650
2024-10-18,2.4000000953674316,2.4000000953674316,0.0,2.4800000190734863,2.4000000953674316,2.4800000190734863,0.0,207475
2024-10-21,2.319999933242798,2.319999933242798,0.0,2.4000000953674316,2.319999933242798,2.4000000953674316,0.0,185138
2024-10-22,2.319999933242798,2.319999933242798,0.0,2.4000000953674316,2.240000009536743,2.319999933242798,0.0,265700
2024-10-23,2.319999933242798,2.319999933242798,0.0,2.4000000953674316,2.240000009536743,2.319999933242798,0.0,141613
2024-10-24,2.319999933242798,2.319999933242798,0.0,2.319999933242798,2.240000009536743,2.240000009536743,0.0,163525
2024-10-25,2.240000009536743,2.240000009536743,0.0,2.319999933242798,2.240000009536743,2.319999933242798,0.0,232288
2024-10-28,2.4000000953674316,2.4000000953674316,0.0,2.4800000190734863,2.240000009536743,2.319999933242798,0.0,462888
2024-10-29,2.319999933242798,2.319999933242798,0.0,2.4800000190734863,2.240000009536743,2.4800000190734863,0.0,314075
2024-10-30,2.240000009536743,2.240000009536743,0.0,2.4000000953674316,2.240000009536743,2.319999933242798,0.0,231225
2024-10-31,2.240000009536743,2.240000009536743,0.0,2.319999933242798,2.1600000858306885,2.240000009536743,0.0,225838
2024-11-01,2.240000009536743,2.240000009536743,0.0,2.240000009536743,2.1600000858306885,2.240000009536743,0.0,136800
2024-11-04,2.319999933242798,2.319999933242798,0.0,2.319999933242798,2.240000009536743,2.240000009536743,0.0,250638
2024-11-05,2.319999933242798,2.319999933242798,0.0,2.4000000953674316,2.240000009536743,2.319999933242798,0.0,150363
2024-11-06,2.4000000953674316,2.4000000953674316,0.0,2.4000000953674316,2.319999933242798,2.4000000953674316,0.0,444913
2024-11-07,2.559999942779541,2.559999942779541,0.0,2.559999942779541,2.4800000190734863,2.4800000190734863,0.0,474288
2024-11-08,2.880000114440918,2.880000114440918,0.0,2.880000114440918,2.559999942779541,2.559999942779541,0.0,908163
2024-11-11,3.680000066757202,3.680000066757202,0.0,3.759999990463257,3.0399999618530273,3.2799999713897705,0.0,2380050
2024-11-12,3.680000066757202,3.680000066757202,0.0,3.8399999141693115,2.880000114440918,3.8399999141693115,0.0,1745075
2024-11-13,3.9200000762939453,3.9200000762939453,0.0,4.0,3.359999895095825,3.680000066757202,0.0,2073713
2024-11-14,3.0399999618530273,3.0399999618530273,0.0,3.5199999809265137,2.880000114440918,3.440000057220459,0.0,1387500
2024-11-15,3.119999885559082,3.119999885559082,0.0,3.200000047683716,2.9600000381469727,3.119999885559082,0.0,686875
2024-11-18,2.799999952316284,2.799999952316284,0.0,3.119999885559082,2.640000104904175,3.119999885559082,0.0,1144900
2024-11-19,2.640000104904175,2.640000104904175,0.0,2.7200000286102295,2.4800000190734863,2.7200000286102295,0.0,752038
2024-11-20,3.119999885559082,3.119999885559082,0.0,3.119999885559082,2.7200000286102295,2.799999952316284,0.0,2031513
2024-11-21,3.359999895095825,3.359999895095825,0.0,3.440000057220459,3.119999885559082,3.200000047683716,0.0,2092500
2024-11-22,3.5999999046325684,3.5999999046325684,0.0,3.759999990463257,3.2799999713897705,3.440000057220459,0.0,3180025
2024-11-25,6.320000171661377,6.320000171661377,0.0,6.800000190734863,4.800000190734863,5.28000020980835,0.0,59175150
2024-11-26,6.159999847412109,6.159999847412109,0.0,7.760000228881836,5.679999828338623,6.400000095367432,0.0,14442175
2024-11-27,5.760000228881836,5.760000228881836,0.0,6.320000171661377,4.880000114440918,6.0,0.0,3430600
2024-11-29,9.279999732971191,9.279999732971191,0.0,9.600000381469727,5.840000152587891,5.840000152587891,0.0,9941400
2024-12-02,11.279999732971191,11.279999732971191,0.0,14.0,10.640000343322754,13.039999961853027,0.0,17696700
2024-12-03,11.119999885559082,11.119999885559082,0.0,12.319999694824219,10.640000343322754,11.600000381469727,0.0,4718475
2024-12-04,9.119999885559082,9.119999885559082,0.0,10.239999771118164,7.679999828338623,10.239999771118164,0.0,5884625
2024-12-05,10.5600004196167,10.5600004196167,0.0,10.800000190734863,9.680000305175781,10.0,0.0,3413175
2024-12-06,10.239999771118164,10.239999771118164,0.0,10.720000267028809,9.600000381469727,10.479999542236328,0.0,2517938
2024-12-09,9.4399995803833,9.4399995803833,0.0,10.640000343322754,9.279999732971191,10.319999694824219,0.0,2484500
2024-12-10,9.920000076293945,9.920000076293945,0.0,10.079999923706055,8.800000190734863,9.520000457763672,0.0,3744025
2024-12-11,9.760000228881836,9.760000228881836,0.0,10.239999771118164,9.279999732971191,10.239999771118164,0.0,1888425
2024-12-12,9.279999732971191,9.279999732971191,0.0,9.920000076293945,9.279999732971191,9.680000305175781,0.0,1604713
2024-12-13,9.4399995803833,9.4399995803833,0.0,9.680000305175781,8.880000114440918,9.520000457763672,0.0,1342313
2024-12-16,11.4399995803833,11.4399995803833,0.0,11.920000076293945,9.520000457763672,9.680000305175781,0.0,4976038
2024-12-17,11.520000457763672,11.520000457763672,0.0,12.319999694824219,10.479999542236328,12.239999771118164,0.0,3611838
2024-12-18,16.639999389648438,16.639999389648438,0.0,21.1200008392334,11.760000228881836,12.0,0.0,17068088
2024-12-19,17.920000076293945,17.920000076293945,0.0,24.559999465942383,16.479999542236328,23.200000762939453,0.0,14650900
2024-12-20,23.600000381469727,23.600000381469727,0.0,23.600000381469727,17.200000762939453,18.399999618530273,0.0,10028325
2024-12-23,22.639999389648438,22.639999389648438,0.0,24.399999618530273,21.440000534057617,23.84000015258789,0.0,5281450
2024-12-24,27.360000610351562,27.360000610351562,0.0,28.0,21.200000762939453,22.799999237060547,0.0,5378650
2024-12-26,38.400001525878906,38.400001525878906,0.0,39.52000045776367,27.440000534057617,28.15999984741211,0.0,13472263
2024-12-27,37.279998779296875,37.279998779296875,0.0,43.91999816894531,34.08000183105469,42.79999923706055,0.0,9701750
2024-12-30,33.119998931884766,33.119998931884766,0.0,36.0,32.31999969482422,36.0,0.0,5146538
2024-12-31,28.399999618530273,28.399999618530273,0.0,32.560001373291016,25.600000381469727,32.15999984741211,0.0,6087588
2025-01-02,24.31999969482422,24.31999969482422,0.0,31.200000762939453,23.040000915527344,30.8799991607666,0.0,6261813
2025-01-03,26.559999465942383,26.559999465942383,0.0,29.68000030517578,24.0,24.799999237060547,0.0,6035363
2025-01-06,27.760000228881836,27.760000228881836,0.0,31.84000015258789,26.8799991607666,30.799999237060547,0.0,5951013
2025-01-07,26.079999923706055,26.079999923706055,0.0,27.520000457763672,24.959999084472656,27.200000762939453,0.0,2531813
2025-01-08,22.239999771118164,22.239999771118164,0.0,25.360000610351562,21.600000381469727,24.0,0.0,3462550
2025-01-10,19.280000686645508,19.280000686645508,0.0,21.040000915527344,18.399999618530273,20.31999969482422,0.0,3519225
2025-01-13,17.68000030517578,17.68000030517578,0.0,18.0,14.479999542236328,17.040000915527344,0.0,3921988
2025-01-14,18.559999465942383,18.559999465942383,0.0,22.079999923706055,18.15999984741211,21.920000076293945,0.0,4149588
2025-01-15,18.399999618530273,18.399999618530273,0.0,20.079999923706055,17.920000076293945,20.0,0.0,3466163
2025-01-16,19.84000015258789,19.84000015258789,0.0,21.520000457763672,18.479999542236328,18.799999237060547,0.0,4023875
2025-01-17,18.239999771118164,18.239999771118164,0.0,20.959999084472656,18.0,20.959999084472656,0.0,2658700
2025-01-21,19.200000762939453,19.200000762939453,0.0,19.360000610351562,16.239999771118164,17.200000762939453,0.0,3292125
2025-01-22,20.479999542236328,20.479999542236328,0.0,21.760000228881836,19.440000534057617,19.84000015258789,0.0,3100425
2025-01-23,19.520000457763672,19.520000457763672,0.0,20.31999969482422,19.040000915527344,20.15999984741211,0.0,1433863
2025-01-24,19.68000030517578,19.68000030517578,0.0,21.600000381469727,19.440000534057617,19.68000030517578,0.0,2202975
2025-01-27,17.600000381469727,17.600000381469727,0.0,19.360000610351562,17.200000762939453,18.719999313354492,0.0,2047938
2025-01-28,17.440000534057617,17.440000534057617,0.0,18.15999984741211,16.959999084472656,17.920000076293945,0.0,1253838
2025-01-29,16.239999771118164,16.239999771118164,0.0,17.280000686645508,15.760000228881836,16.799999237060547,0.0,1750713
2025-01-30,17.520000457763672,17.520000457763672,0.0,17.760000228881836,16.079999923706055,16.479999542236328,0.0,1464788
2025-01-31,16.639999389648438,16.639999389648438,0.0,17.84000015258789,16.239999771118164,17.360000610351562,0.0,1496025
2025-02-03,16.479999542236328,16.479999542236328,0.0,16.8799991607666,14.640000343322754,14.960000038146973,0.0,1729525
2025-02-04,16.479999542236328,16.479999542236328,0.0,17.1200008392334,16.15999984741211,16.479999542236328,0.0,998475
2025-02-05,16.0,16.0,0.0,16.559999465942383,15.760000228881836,16.559999465942383,0.0,1114750
2025-02-06,16.479999542236328,16.479999542236328,0.0,17.040000915527344,15.84000015258789,16.239999771118164,0.0,1489050
2025-02-07,16.239999771118164,16.239999771118164,0.0,18.079999923706055,16.0,16.639999389648438,0.0,1953075
2025-02-10,20.799999237060547,20.799999237060547,0.0,21.1200008392334,15.680000305175781,16.31999969482422,0.0,5741175
2025-02-11,18.959999084472656,18.959999084472656,0.0,20.559999465942383,18.31999969482422,20.31999969482422,0.0,2248638
2025-02-12,17.84000015258789,17.84000015258789,0.0,18.959999084472656,17.600000381469727,18.0,0.0,1446400
2025-02-13,18.0,18.0,0.0,18.959999084472656,17.040000915527344,18.559999465942383,0.0,1970125
2025-02-14,17.040000915527344,17.040000915527344,0.0,18.239999771118164,16.799999237060547,18.079999923706055,0.0,1373263
2025-02-18,16.31999969482422,16.31999969482422,0.0,17.760000228881836,16.0,17.280000686645508,0.0,1634050
2025-02-19,16.0,16.0,0.0,16.719999313354492,16.0,16.31999969482422,0.0,1253275
2025-02-20,16.399999618530273,16.399999618530273,0.0,16.799999237060547,15.680000305175781,16.079999923706055,0.0,1553300
2025-02-21,15.119999885559082,15.119999885559082,0.0,16.639999389648438,15.039999961853027,16.399999618530273,0.0,1669638
2025-02-24,13.119999885559082,13.119999885559082,0.0,15.199999809265137,13.039999961853027,15.119999885559082,0.0,1974913
2025-02-25,11.039999961853027,11.039999961853027,0.0,13.039999961853027,10.079999923706055,12.640000343322754,0.0,2921713
2025-02-26,11.84000015258789,11.84000015258789,0.0,12.720000267028809,10.960000038146973,11.039999961853027,0.0,1622313
2025-02-27,11.119999885559082,11.119999885559082,0.0,12.720000267028809,10.880000114440918,12.5600004196167,0.0,1152275
2025-02-28,10.880000114440918,10.880000114440918,0.0,11.199999809265137,10.319999694824219,10.5600004196167,0.0,1395988
2025-03-03,9.920000076293945,9.920000076293945,0.0,12.079999923706055,9.680000305175781,11.680000305175781,0.0,1801688
2025-03-04,9.760000228881836,9.760000228881836,0.0,10.319999694824219,9.119999885559082,9.359999656677246,0.0,1597325
2025-03-05,10.319999694824219,10.319999694824219,0.0,10.479999542236328,9.279999732971191,9.84000015258789,0.0,1035513
2025-03-06,9.359999656677246,9.359999656677246,0.0,10.15999984741211,9.279999732971191,9.84000015258789,0.0,1037150
2025-03-07,9.84000015258789,9.84000015258789,0.0,9.920000076293945,9.279999732971191,9.359999656677246,0.0,831450
2025-03-10,9.199999809265137,9.199999809265137,0.0,9.84000015258789,8.640000343322754,9.600000381469727,0.0,1383313
2025-03-11,9.039999961853027,9.039999961853027,0.0,9.359999656677246,8.5600004196167,8.5600004196167,0.0,754013
2025-03-12,9.600000381469727,9.600000381469727,0.0,10.239999771118164,9.279999732971191,9.359999656677246,0.0,1030638
2025-03-13,10.15999984741211,10.15999984741211,0.0,11.680000305175781,9.680000305175781,10.479999542236328,0.0,2618400
2025-03-14,11.600000381469727,11.600000381469727,0.0,11.760000228881836,10.5600004196167,10.5600004196167,0.0,2265075
2025-03-17,14.079999923706055,14.079999923706055,0.0,14.479999542236328,12.079999923706055,12.800000190734863,0.0,4005963
2025-03-18,13.199999809265137,13.199999809265137,0.0,14.079999923706055,12.800000190734863,13.84000015258789,0.0,1761100
2025-03-19,13.039999961853027,13.039999961853027,0.0,13.680000305175781,12.479999542236328,13.359999656677246,0.0,1223000
2025-03-20,12.5600004196167,12.5600004196167,0.0,13.359999656677246,12.15999984741211,12.880000114440918,0.0,1100325
2025-03-21,12.15999984741211,12.15999984741211,0.0,12.479999542236328,11.84000015258789,12.0,0.0,842888
2025-03-24,13.680000305175781,13.680000305175781,0.0,13.760000228881836,12.640000343322754,12.800000190734863,0.0,1309100
2025-03-25,13.680000305175781,13.680000305175781,0.0,14.399999618530273,13.359999656677246,14.15999984741211,0.0,1269800
2025-03-26,12.479999542236328,12.479999542236328,0.0,13.520000457763672,12.399999618530273,13.4399995803833,0.0,1121838
2025-03-27,11.680000305175781,11.680000305175781,0.0,12.960000038146973,11.359999656677246,12.399999618530273,0.0,1998300
2025-03-28,11.680000305175781,11.680000305175781,0.0,14.800000190734863,11.600000381469727,13.84000015258789,0.0,4817813
2025-03-31,10.5600004196167,10.5600004196167,0.0,11.119999885559082,10.079999923706055,11.119999885559082,0.0,2198900
2025-04-01,10.079999923706055,10.079999923706055,0.0,10.5600004196167,9.84000015258789,10.399999618530273,0.0,1373613
2025-04-02,10.239999771118164,10.239999771118164,0.0,10.5600004196167,9.600000381469727,9.680000305175781,0.0,1753650
2025-04-03,10.479999542236328,10.479999542236328,0.0,10.479999542236328,9.199999809265137,9.359999656677246,0.0,1898488
2025-04-04,9.600000381469727,9.600000381469727,0.0,10.239999771118164,9.279999732971191,9.920000076293945,0.0,1738650
2025-04-07,9.520000457763672,9.520000457763672,0.0,10.319999694824219,8.479999542236328,8.640000343322754,0.0,1155825
2025-04-08,9.039999961853027,9.039999961853027,0.0,10.079999923706055,8.800000190734863,10.0,0.0,1008988
2025-04-09,10.239999771118164,10.239999771118164,0.0,10.479999542236328,8.479999542236328,8.960000038146973,0.0,1595463
2025-04-10,9.680000305175781,9.680000305175781,0.0,10.15999984741211,9.359999656677246,10.0,0.0,853750
2025-04-11,9.760000228881836,9.760000228881836,0.0,10.0,9.4399995803833,9.760000228881836,0.0,617263
2025-04-14,10.399999618530273,10.399999618530273,0.0,11.199999809265137,10.0,11.119999885559082,0.0,1345100
2025-04-15,10.399999618530273,10.399999618530273,0.0,10.800000190734863,10.15999984741211,10.479999542236328,0.0,871975
2025-04-16,10.239999771118164,10.239999771118164,0.0,10.239999771118164,9.760000228881836,10.0,0.0,608975
2025-04-17,9.760000228881836,9.760000228881836,0.0,10.239999771118164,9.680000305175781,10.15999984741211,0.0,639763
2025-04-21,9.039999961853027,9.039999961853027,0.0,9.680000305175781,8.960000038146973,9.600000381469727,0.0,943738
2025-04-22,9.920000076293945,9.920000076293945,0.0,10.15999984741211,9.279999732971191,9.279999732971191,0.0,1376663
2025-04-23,9.920000076293945,9.920000076293945,0.0,10.5600004196167,9.920000076293945,10.479999542236328,0.0,1122063
2025-04-24,10.5600004196167,10.5600004196167,0.0,10.5600004196167,9.920000076293945,10.0,0.0,1312213
2025-04-25,10.800000190734863,10.800000190734863,0.0,10.960000038146973,10.319999694824219,10.479999542236328,0.0,1005250
2025-04-28,10.960000038146973,10.960000038146973,0.0,11.279999732971191,10.399999618530273,10.960000038146973,0.0,1186963
2025-04-29,10.239999771118164,10.239999771118164,0.0,10.880000114440918,10.15999984741211,10.800000190734863,0.0,736350
2025-04-30,10.0,10.0,0.0,10.15999984741211,9.600000381469727,9.920000076293945,0.0,764350
2025-05-01,10.15999984741211,10.15999984741211,0.0,10.479999542236328,10.079999923706055,10.239999771118164,0.0,576013
2025-05-02,10.640000343322754,10.640000343322754,0.0,10.880000114440918,10.15999984741211,10.239999771118164,0.0,951388
2025-05-05,10.239999771118164,10.239999771118164,0.0,10.5600004196167,10.15999984741211,10.479999542236328,0.0,667675
2025-05-06,10.079999923706055,10.079999923706055,0.0,10.239999771118164,9.84000015258789,10.0,0.0,594900
2025-05-07,10.15999984741211,10.15999984741211,0.0,10.319999694824219,9.84000015258789,10.079999923706055,0.0,453913
2025-05-08,10.720000267028809,10.720000267028809,0.0,11.039999961853027,10.319999694824219,10.479999542236328,0.0,1103375
2025-05-09,10.880000114440918,10.880000114440918,0.0,11.4399995803833,10.720000267028809,10.960000038146973,0.0,1046688
2025-05-12,12.079999923706055,12.079999923706055,0.0,12.319999694824219,11.4399995803833,11.680000305175781,0.0,1652813
2025-05-13,12.5600004196167,12.5600004196167,0.0,12.800000190734863,12.0,12.15999984741211,0.0,1825038
2025-05-14,12.880000114440918,12.880000114440918,0.0,14.239999771118164,12.800000190734863,14.15999984741211,0.0,3468663
2025-05-15,11.84000015258789,11.84000015258789,0.0,12.800000190734863,11.84000015258789,12.800000190734863,0.0,3231450
2025-05-16,10.239999771118164,10.239999771118164,0.0,11.039999961853027,10.079999923706055,10.15999984741211,0.0,2885400
2025-05-19,10.079999923706055,10.079999923706055,0.0,10.5600004196167,10.0,10.15999984741211,0.0,1275950
2025-05-20,9.84000015258789,9.84000015258789,0.0,10.319999694824219,9.4399995803833,10.319999694824219,0.0,2215775
2025-05-21,9.520000457763672,9.520000457763672,0.0,10.479999542236328,9.4399995803833,9.760000228881836,0.0,2014025
2025-05-22,9.84000015258789,9.84000015258789,0.0,10.0,9.4399995803833,9.760000228881836,0.0,1592863
2025-05-23,9.520000457763672,9.520000457763672,0.0,9.760000228881836,9.359999656677246,9.4399995803833,0.0,1587275
2025-05-27,9.600000381469727,9.600000381469727,0.0,10.0,9.4399995803833,9.600000381469727,0.0,2131875
2025-05-28,9.359999656677246,9.359999656677246,0.0,9.760000228881836,9.279999732971191,9.680000305175781,0.0,1425075
2025-05-29,9.119999885559082,9.119999885559082,0.0,9.680000305175781,9.119999885559082,9.520000457763672,0.0,1440438
2025-05-30,9.359999656677246,9.359999656677246,0.0,9.359999656677246,8.960000038146973,9.119999885559082,0.0,1262163
2025-06-02,9.039999961853027,9.039999961853027,0.0,9.520000457763672,8.960000038146973,9.359999656677246,0.0,869263
2025-06-03,9.199999809265137,9.199999809265137,0.0,9.359999656677246,8.880000114440918,9.039999961853027,0.0,830700
2025-06-04,9.520000457763672,9.520000457763672,0.0,9.600000381469727,8.960000038146973,9.199999809265137,0.0,1060263
2025-06-05,8.800000190734863,8.800000190734863,0.0,9.600000381469727,8.800000190734863,9.4399995803833,0.0,1279038
2025-06-06,9.4399995803833,9.4399995803833,0.0,9.760000228881836,8.800000190734863,8.960000038146973,0.0,1692463
2025-06-09,9.84000015258789,9.84000015258789,0.0,10.0,9.279999732971191,9.600000381469727,0.0,1499838
2025-06-10,9.4399995803833,9.4399995803833,0.0,10.079999923706055,9.4399995803833,9.920000076293945,0.0,901100
2025-06-11,10.0,10.0,0.0,10.5600004196167,9.4399995803833,9.600000381469727,0.0,1848288
2025-06-12,9.84000015258789,9.84000015258789,0.0,10.079999923706055,9.760000228881836,9.84000015258789,0.0,840188
2025-06-13,9.199999809265137,9.199999809265137,0.0,9.600000381469727,9.119999885559082,9.4399995803833,0.0,2356125
2025-06-16,7.199999809265137,7.199999809265137,0.0,8.0,6.239999771118164,6.960000038146973,0.0,11384750
2025-06-17,6.079999923706055,6.079999923706055,0.0,7.119999885559082,5.840000152587891,7.039999961853027,0.0,4664025
2025-06-18,6.880000114440918,6.880000114440918,0.0,7.28000020980835,6.239999771118164,6.239999771118164,0.0,4068175
2025-06-20,6.960000038146973,6.960000038146973,0.0,7.119999885559082,6.400000095367432,7.039999961853027,0.0,2562513
2025-06-23,6.690000057220459,6.690000057220459,0.0,6.829999923706055,5.670000076293945,6.400000095367432,0.125,2653200
2025-06-24,6.539999961853027,6.539999961853027,0.0,6.75,5.590000152587891,6.679999828338623,0.0,5488000
2025-06-25,5.210000038146973,5.210000038146973,0.0,6.389999866485596,4.96999979019165,6.289999961853027,0.0,8118300
2025-06-26,5.190000057220459,5.190000057220459,0.0,5.269999980926514,4.849999904632568,5.110000133514404,0.0,4156500
2025-06-27,6.25,6.25,0.0,6.539999961853027,5.199999809265137,5.199999809265137,0.0,12139500
2025-06-30,7.130000114440918,7.130000114440918,0.0,7.230000019073486,6.510000228881836,6.559999942779541,0.0,6055400
2025-07-01,6.309999942779541,6.309999942779541,0.0,7.019999980926514,6.119999885559082,6.96999979019165,0.0,3517600
2025-07-02,6.570000171661377,6.570000171661377,0.0,6.699999809265137,6.199999809265137,6.360000133514404,0.0,3105800
2025-07-03,6.789999961853027,6.789999961853027,0.0,6.840000152587891,6.460000038146973,6.550000190734863,0.0,1466500
2025-07-07,6.440000057220459,6.440000057220459,0.0,6.639999866485596,6.170000076293945,6.619999885559082,0.0,1948500
2025-07-08,6.840000152587891,6.840000152587891,0.0,7.940000057220459,6.579999923706055,6.71999979019165,0.0,5688000
2025-07-09,6.449999809265137,6.449999809265137,0.0,7.179999828338623,6.150000095367432,7.0,0.0,4313300
2025-07-10,6.690000057220459,6.690000057220459,0.0,6.840000152587891,6.320000171661377,6.5,0.0,3879600
2025-07-11,6.210000038146973,6.210000038146973,0.0,6.849999904632568,6.190000057220459,6.570000171661377,0.0,2636000
2025-07-14,6.559999942779541,6.559999942779541,0.0,6.610000133514404,6.050000190734863,6.349999904632568,0.0,3305000
2025-07-15,6.150000095367432,6.150000095367432,0.0,6.510000228881836,6.130000114440918,6.510000228881836,0.0,2223900
2025-07-16,6.369999885559082,6.369999885559082,0.0,6.559999942779541,6.099999904632568,6.199999809265137,0.0,3416900
2025-07-17,6.440000057220459,6.440000057220459,0.0,6.5,6.230000019073486,6.329999923706055,0.0,1984300
2025-07-18,6.900000095367432,6.900000095367432,0.0,7.199999809265137,6.570000171661377,6.699999809265137,0.0,4886000
2025-07-21,6.679999828338623,6.679999828338623,0.0,7.489999771118164,6.630000114440918,7.0,0.0,3465800
2025-07-22,6.789999961853027,6.789999961853027,0.0,6.860000133514404,6.460000038146973,6.679999828338623,0.0,1767400
2025-07-23,6.980000019073486,6.980000019073486,0.0,6.980000019073486,6.710000038146973,6.869999885559082,0.0,1627000
2025-07-24,6.610000133514404,6.610000133514404,0.0,6.900000095367432,6.380000114440918,6.900000095367432,0.0,1676600
2025-07-25,6.449999809265137,6.449999809265137,0.0,6.670000076293945,6.360000133514404,6.670000076293945,0.0,1433700
2025-07-28,5.929999828338623,5.929999828338623,0.0,6.449999809265137,5.889999866485596,6.449999809265137,0.0,2455200
2025-07-29,5.599999904632568,5.599999904632568,0.0,5.929999828338623,5.599999904632568,5.900000095367432,0.0,1777300
2025-07-30,5.519999980926514,5.519999980926514,0.0,5.699999809265137,5.409999847412109,5.630000114440918,0.0,1047300
2025-07-31,5.489999771118164,5.489999771118164,0.0,5.630000114440918,5.369999885559082,5.519999980926514,0.0,1282800
2025-08-01,5.25,5.25,0.0,5.329999923706055,5.139999866485596,5.309999942779541,0.0,1251400
2025-08-04,5.329999923706055,5.329999923706055,0.0,5.46999979019165,5.210000038146973,5.25,0.0,932700
2025-08-05,5.369999885559082,5.369999885559082,0.0,5.400000095367432,5.190000057220459,5.400000095367432,0.0,1195200
2025-08-06,5.340000152587891,5.340000152587891,0.0,5.389999866485596,5.150000095367432,5.239999771118164,0.0,958900
2025-08-07,5.139999866485596,5.139999866485596,0.0,5.380000114440918,5.119999885559082,5.380000114440918,0.0,1093100
2025-08-08,5.190000057220459,5.190000057220459,0.0,5.389999866485596,5.119999885559082,5.179999828338623,0.0,1066800
2025-08-11,5.260000228881836,5.260000228881836,0.0,5.550000190734863,5.159999847412109,5.239999771118164,0.0,1519100
2025-08-12,5.300000190734863,5.300000190734863,0.0,5.340000152587891,5.139999866485596,5.199999809265137,0.0,1193900
2025-08-13,5.389999866485596,5.389999866485596,0.0,5.440000057220459,5.159999847412109,5.159999847412109,0.0,1103900
2025-08-14,5.269999980926514,5.269999980926514,0.0,5.5,5.070000171661377,5.489999771118164,0.0,4408500
2025-08-15,5.25,5.25,0.0,6.300000190734863,5.159999847412109,6.21999979019165,0.0,9017000
2025-08-18,5.150000095367432,5.150000095367432,0.0,5.320000171661377,4.860000133514404,5.179999828338623,0.0,3539500
2025-08-19,5.039999961853027,5.039999961853027,0.0,5.519999980926514,4.989999771118164,5.190000057220459,0.0,2484900
2025-08-20,4.96999979019165,4.96999979019165,0.0,5.119999885559082,4.769999980926514,5.019999980926514,0.0,1928900
2025-08-21,4.710000038146973,4.710000038146973,0.0,4.929999828338623,4.710000038146973,4.909999847412109,0.0,1485000
2025-08-22,4.980000019073486,4.980000019073486,0.0,5.070000171661377,4.510000228881836,4.710000038146973,0.0,1969700
2025-08-25,4.78000020980835,4.78000020980835,0.0,4.980000019073486,4.769999980926514,4.940000057220459,0.0,1414600
2025-08-26,4.760000228881836,4.760000228881836,0.0,4.940000057220459,4.71999979019165,4.730000019073486,0.0,1212900
2025-08-27,4.739999771118164,4.739999771118164,0.0,4.829999923706055,4.699999809265137,4.769999980926514,0.0,1049300
2025-08-28,4.860000133514404,4.860000133514404,0.0,4.909999847412109,4.730000019073486,4.769999980926514,0.0,1047000
2025-08-29,4.699999809265137,4.699999809265137,0.0,4.860000133514404,4.670000076293945,4.860000133514404,0.0,1032300
2025-09-02,4.570000171661377,4.570000171661377,0.0,4.630000114440918,4.449999809265137,4.630000114440918,0.0,1389000
2025-09-03,4.550000190734863,4.550000190734863,0.0,4.630000114440918,4.480000019073486,4.599999904632568,0.0,905300
2025-09-04,4.440000057220459,4.440000057220459,0.0,4.550000190734863,4.340000152587891,4.550000190734863,0.0,1385300
2025-09-05,4.050000190734863,4.050000190734863,0.0,4.329999923706055,4.010000228881836,4.099999904632568,0.0,3029100
2025-09-08,4.119999885559082,4.119999885559082,0.0,4.179999828338623,4.039999961853027,4.050000190734863,0.0,1146900
2025-09-09,4.159999847412109,4.159999847412109,0.0,4.179999828338623,4.099999904632568,4.110000133514404,0.0,1000900
2025-09-10,4.320000171661377,4.320000171661377,0.0,4.550000190734863,4.199999809265137,4.21999979019165,0.0,1569200
2025-09-11,4.449999809265137,4.449999809265137,0.0,4.550000190734863,4.340000152587891,4.349999904632568,0.0,1522900
2025-09-12,4.5,4.5,0.0,4.639999866485596,4.429999828338623,4.510000228881836,0.0,1251700
2025-09-15,4.5,4.5,0.0,4.650000095367432,4.389999866485596,4.53000020980835,0.0,1195300
2025-09-16,4.510000228881836,4.510000228881836,0.0,4.570000171661377,4.349999904632568,4.46999979019165,0.0,1171500
2025-09-17,4.539999961853027,4.539999961853027,0.0,4.599999904632568,4.409999847412109,4.550000190734863,0.0,1780800
2025-09-18,4.739999771118164,4.739999771118164,0.0,4.800000190734863,4.5,4.599999904632568,0.0,1626700
2025-09-19,4.800000190734863,4.800000190734863,0.0,5.079999923706055,4.730000019073486,4.75,0.0,2940000
2025-09-22,4.820000171661377,4.820000171661377,0.0,4.869999885559082,4.550000190734863,4.800000190734863,0.0,1438300
2025-09-23,4.769999980926514,4.769999980926514,0.0,5.079999923706055,4.71999979019165,4.840000152587891,0.0,1901900
2025-09-24,4.599999904632568,4.599999904632568,0.0,4.840000152587891,4.579999923706055,4.800000190734863,0.0,1127500
2025-09-25,4.360000133514404,4.360000133514404,0.0,4.559999942779541,4.300000190734863,4.53000020980835,0.0,1087600
2025-09-26,4.25,4.25,0.0,4.460000038146973,4.210000038146973,4.349999904632568,0.0,1113100
2025-09-29,4.21999979019165,4.21999979019165,0.0,4.340000152587891,4.190000057220459,4.309999942779541,0.0,969100
2025-09-30,4.159999847412109,4.159999847412109,0.0,4.239999771118164,4.079999923706055,4.159999847412109,0.0,1178900
2025-10-01,4.329999923706055,4.329999923706055,0.0,4.380000114440918,4.130000114440918,4.159999847412109,0.0,1486100
2025-10-02,4.760000228881836,4.760000228881836,0.0,4.900000095367432,4.369999885559082,4.400000095367432,0.0,3031300
2025-10-03,5.460000038146973,5.460000038146973,0.0,5.690000057220459,4.940000057220459,5.0,0.0,6708500
2025-10-06,5.449999809265137,5.449999809265137,0.0,6.0,5.28000020980835,5.980000019073486,0.0,5336700
2025-10-07,5.019999980926514,5.019999980926514,0.0,5.53000020980835,4.940000057220459,5.53000020980835,0.0,4091700
2025-10-08,5.010000228881836,5.010000228881836,0.0,5.230000019073486,4.960000038146973,5.050000190734863,0.0,2448100
2025-10-09,5.21999979019165,5.21999979019165,0.0,5.5,4.960000038146973,5.03000020980835,0.0,3433200
2025-10-10,4.760000228881836,4.760000228881836,0.0,5.639999866485596,4.730000019073486,5.300000190734863,0.0,5702600
2025-10-13,5.300000190734863,5.300000190734863,0.0,5.420000076293945,4.880000114440918,4.880000114440918,0.0,3658700
2025-10-14,5.179999828338623,5.179999828338623,0.0,5.409999847412109,4.909999847412109,5.199999809265137,0.0,3619300
2025-10-15,5.090000152587891,5.090000152587891,0.0,5.510000228881836,4.929999828338623,5.28000020980835,0.0,3449100
2025-10-16,4.489999771118164,4.489999771118164,0.0,5.179999828338623,4.449999809265137,5.110000133514404,0.0,4378800
2025-10-17,4.239999771118164,4.239999771118164,0.0,4.519999980926514,4.21999979019165,4.46999979019165,0.0,1992300
2025-10-20,4.400000095367432,4.400000095367432,0.0,4.449999809265137,4.269999980926514,4.369999885559082,0.0,1970600
2025-10-21,4.159999847412109,4.159999847412109,0.0,4.400000095367432,4.130000114440918,4.360000133514404,0.0,1764100
2025-10-22,4.050000190734863,4.050000190734863,0.0,4.150000095367432,3.880000114440918,4.099999904632568,0.0,2636700
2025-10-23,4.130000114440918,4.130000114440918,0.0,4.150000095367432,4.0,4.059999942779541,0.0,1324500
2025-10-24,4.179999828338623,4.179999828338623,0.0,4.349999904632568,4.139999866485596,4.199999809265137,0.0,1626300
2025-10-27,4.090000152587891,4.090000152587891,0.0,4.289999961853027,4.059999942779541,4.260000228881836,0.0,1679400
2025-10-28,3.8399999141693115,3.8399999141693115,0.0,4.130000114440918,3.8399999141693115,4.070000171661377,0.0,2263900
2025-10-29,3.9000000953674316,3.9000000953674316,0.0,4.019999980926514,3.7699999809265137,3.8399999141693115,0.0,1891700
2025-10-30,3.740000009536743,3.740000009536743,0.0,3.859999895095825,3.700000047683716,3.799999952316284,0.0,1570300
2025-10-31,3.8299999237060547,3.8299999237060547,0.0,3.859999895095825,3.700000047683716,3.7100000381469727,0.0,1276500
2025-11-03,3.5199999809265137,3.5199999809265137,0.0,3.809999942779541,3.509999990463257,3.799999952316284,0.0,1668200
2025-11-04,3.299999952316284,3.299999952316284,0.0,3.4700000286102295,3.2699999809265137,3.380000114440918,0.0,1737900
2025-11-05,3.299999952316284,3.299999952316284,0.0,3.3399999141693115,3.240000009536743,3.299999952316284,0.0,1546500
2025-11-06,3.0299999713897705,3.0299999713897705,0.0,3.2699999809265137,2.9700000286102295,3.25,0.0,2284000
2025-11-07,3.140000104904175,3.140000104904175,0.0,3.140000104904175,2.8499999046325684,2.930000066757202,0.0,1626700
2025-11-10,3.0199999809265137,3.0199999809265137,0.0,3.299999952316284,3.0,3.25,0.0,1708000
2025-11-11,2.990000009536743,2.990000009536743,0.0,3.059999942779541,2.940000057220459,3.0299999713897705,0.0,914300
2025-11-12,2.9800000190734863,2.9800000190734863,0.0,3.0799999237060547,2.940000057220459,3.0,0.0,1263000
2025-11-13,2.7699999809265137,2.7699999809265137,0.0,2.9700000286102295,2.740000009536743,2.940000057220459,0.0,1629500
2025-11-14,2.6600000858306885,2.6600000858306885,0.0,2.759999990463257,2.630000114440918,2.690000057220459,0.0,1194800
2025-11-17,2.5399999618530273,2.5399999618530273,0.0,2.6500000953674316,2.5,2.630000114440918,0.0,1700600
2025-11-18,2.700000047683716,2.700000047683716,0.0,2.759999990463257,2.5,2.5,0.0,3039200
2025-11-19,2.4800000190734863,2.4800000190734863,0.0,2.630000114440918,2.4000000953674316,2.4700000286102295,0.0,2111900
2025-11-20,2.2799999713897705,2.2799999713897705,0.0,2.5999999046325684,2.25,2.5799999237060547,0.0,2612100
2025-11-21,2.2899999618530273,2.2899999618530273,0.0,2.3299999237060547,2.1500000953674316,2.2699999809265137,0.0,1888300
2025-11-24,2.4100000858306885,2.4100000858306885,0.0,2.430000066757202,2.2799999713897705,2.3299999237060547,0.0,1515500
2025-11-25,2.5399999618530273,2.5399999618530273,0.0,2.569999933242798,2.3299999237060547,2.430000066757202,0.0,1412000
2025-11-26,2.809999942779541,2.809999942779541,0.0,2.890000104904175,2.5999999046325684,2.619999885559082,0.0,1775200
2025-11-28,3.240000009536743,3.240000009536743,0.0,3.2799999713897705,2.8499999046325684,2.930000066757202,0.0,2795200
2025-12-01,3.0199999809265137,3.0199999809265137,0.0,3.180000066757202,2.950000047683716,3.140000104904175,0.0,1666700
2025-12-02,3.1700000762939453,3.1700000762939453,0.0,3.2699999809265137,3.009999990463257,3.059999942779541,0.0,1503300
2025-12-03,3.4700000286102295,3.4700000286102295,0.0,3.5,3.0799999237060547,3.180000066757202,0.0,1561800
2025-12-04,3.950000047683716,3.950000047683716,0.0,4.0,3.369999885559082,3.4000000953674316,0.0,3110000
2025-12-05,3.930000066757202,3.930000066757202,0.0,3.950000047683716,3.7799999713897705,3.950000047683716,0.0,1359400
2025-12-08,3.869999885559082,3.869999885559082,0.0,3.9600000381469727,3.799999952316284,3.940000057220459,0.0,1097200
2025-12-09,3.9700000286102295,3.9700000286102295,0.0,4.150000095367432,3.799999952316284,3.859999895095825,0.0,1794400
2025-12-10,3.9700000286102295,3.9700000286102295,0.0,4.039999961853027,3.7300000190734863,3.930000066757202,0.0,1393200
2025-12-11,3.890000104904175,3.890000104904175,0.0,3.950000047683716,3.700000047683716,3.9000000953674316,0.0,1402100
2025-12-12,3.799999952316284,3.799999952316284,0.0,4.360000133514404,3.7799999713897705,3.9000000953674316,0.0,2725800
2025-12-15,3.3399999141693115,3.3399999141693115,0.0,3.869999885559082,3.319999933242798,3.8399999141693115,0.0,1530500
2025-12-16,3.2899999618530273,3.2899999618530273,0.0,3.4800000190734863,3.2200000286102295,3.309999942779541,0.0,1246500
2025-12-17,3.0,3.0,0.0,3.680000066757202,2.9600000381469727,3.380000114440918,0.0,2707400
2025-12-18,2.9800000190734863,2.9800000190734863,0.0,3.1500000953674316,2.9800000190734863,3.109999895095825,0.0,1046000
2025-12-19,3.1700000762939453,3.1700000762939453,0.0,3.2699999809265137,3.009999990463257,3.009999990463257,0.0,1886100
2025-12-22,3.75,3.75,0.0,3.9100000858306885,3.2899999618530273,3.299999952316284,0.0,3789800
2025-12-23,3.559999942779541,3.559999942779541,0.0,3.6500000953674316,3.4000000953674316,3.6500000953674316,0.0,2045000
2025-12-24,3.569999933242798,3.569999933242798,0.0,3.6600000858306885,3.450000047683716,3.559999942779541,0.0,752300
2025-12-26,3.4200000762939453,3.4200000762939453,0.0,3.569999933242798,3.359999895095825,3.5199999809265137,0.0,832200
2025-12-29,3.1500000953674316,3.1500000953674316,0.0,3.359999895095825,3.119999885559082,3.319999933242798,0.0,1821100
2025-12-30,3.049999952316284,3.049999952316284,0.0,3.1700000762939453,3.009999990463257,3.0999999046325684,0.0,1615400
2025-12-31,2.9600000381469727,2.9600000381469727,0.0,3.119999885559082,2.930000066757202,3.059999942779541,0.0,1327100
2026-01-02,3.200000047683716,3.200000047683716,0.0,3.2300000190734863,2.9800000190734863,3.0199999809265137,0.0,1280600
2026-01-05,3.549999952316284,3.549999952316284,0.0,3.690000057220459,3.309999942779541,3.309999942779541,0.0,1754100
2026-01-06,3.559999942779541,3.559999942779541,0.0,3.569999933242798,3.369999885559082,3.569999933242798,0.0,994000
2026-01-07,3.4000000953674316,3.4000000953674316,0.0,3.549999952316284,3.380000114440918,3.5299999713897705,0.0,1121400
2026-01-08,3.390000104904175,3.390000104904175,0.0,3.5,3.319999933242798,3.4100000858306885,0.0,786800
2026-01-09,3.3399999141693115,3.3399999141693115,0.0,3.450000047683716,3.2699999809265137,3.450000047683716,0.0,752100
2026-01-12,3.440000057220459,3.440000057220459,0.0,3.549999952316284,3.200000047683716,3.25,0.0,1143400
2026-01-13,3.450000047683716,3.450000047683716,0.0,3.5799999237060547,3.3499999046325684,3.450000047683716,0.0,1373800
2026-01-14,4.050000190734863,4.050000190734863,0.0,4.309999942779541,3.680000066757202,4.0,0.0,18724200
2026-01-15,3.9800000190734863,3.9800000190734863,0.0,4.579999923706055,3.940000057220459,4.099999904632568,0.0,6918200
2026-01-16,4.179999828338623,4.179999828338623,0.0,4.400000095367432,4.0,4.03000020980835,0.0,3277800
2026-01-20,3.7899999618530273,3.7899999618530273,0.0,4.059999942779541,3.7300000190734863,3.9100000858306885,0.0,2706600
2026-01-21,4.0,4.0,0.0,4.050000190734863,3.569999933242798,3.859999895095825,0.0,2689700
2026-01-22,4.349999904632568,4.349999904632568,0.0,4.420000076293945,3.930000066757202,4.099999904632568,0.0,4093900
2026-01-23,4.050000190734863,4.050000190734863,0.0,4.400000095367432,3.9800000190734863,4.380000114440918,0.0,2249800
2026-01-26,3.690000057220459,3.690000057220459,0.0,4.099999904632568,3.6600000858306885,4.050000190734863,0.0,1889500
2026-01-27,4.019999980926514,4.019999980926514,0.0,4.079999923706055,3.6600000858306885,3.7100000381469727,0.0,1409300
2026-01-28,3.890000104904175,3.890000104904175,0.0,4.050000190734863,3.799999952316284,4.050000190734863,0.0,1428400
2026-01-29,3.890000104904175,3.890000104904175,0.0,4.03000020980835,3.700000047683716,3.9200000762939453,0.0,1744000
2026-01-30,3.559999942779541,3.559999942779541,0.0,3.799999952316284,3.5,3.75,0.0,1550000
2026-02-02,3.5399999618530273,3.5399999618530273,0.0,3.6700000762939453,3.430000066757202,3.450000047683716,0.0,1028400
2026-02-03,3.359999895095825,3.359999895095825,0.0,3.569999933242798,3.240000009536743,3.5399999618530273,0.0,1634300
2026-02-04,3.0799999237060547,3.0799999237060547,0.0,3.359999895095825,2.9800000190734863,3.3499999046325684,0.0,1572100
2026-02-05,2.690000057220459,2.690000057220459,0.0,2.940000057220459,2.630000114440918,2.880000114440918,0.0,2128600
2026-02-06,2.930000066757202,2.930000066757202,0.0,2.990000009536743,2.7799999713897705,2.8399999141693115,0.0,1546900
2026-02-09,3.190000057220459,3.190000057220459,0.0,3.25,2.859999895095825,2.9600000381469727,0.0,1561200
2026-02-10,2.8499999046325684,2.8499999046325684,0.0,3.1600000858306885,2.8399999141693115,3.1600000858306885,0.0,1856700
2026-02-11,2.8399999141693115,2.8399999141693115,0.0,2.930000066757202,2.7100000381469727,2.9000000953674316,0.0,1182100
2026-02-12,2.6600000858306885,2.6600000858306885,0.0,2.869999885559082,2.619999885559082,2.869999885559082,0.0,1169200
2026-02-13,2.809999942779541,2.809999942779541,0.0,2.9000000953674316,2.6700000762939453,2.680000066757202,0.0,944200
2026-02-17,2.859999895095825,2.859999895095825,0.0,2.9000000953674316,2.700000047683716,2.7799999713897705,0.0,830800
2026-02-18,2.9800000190734863,2.9800000190734863,0.0,3.119999885559082,2.799999952316284,2.890000104904175,0.0,1992600
2026-02-19,3.0199999809265137,3.0199999809265137,0.0,3.0399999618530273,2.8299999237060547,2.9600000381469727,0.0,1413500
2026-02-20,2.9700000286102295,2.9700000286102295,0.0,3.130000114440918,2.940000057220459,2.990000009536743,0.0,1161700
2026-02-23,2.7699999809265137,2.7699999809265137,0.0,2.9000000953674316,2.7200000286102295,2.9000000953674316,0.0,1000300
2026-02-24,2.9100000858306885,2.9100000858306885,0.0,3.0,2.7100000381469727,2.75,0.0,939100
2026-02-25,2.930000066757202,2.930000066757202,0.0,3.0399999618530273,2.9000000953674316,3.0,0.0,763000
2026-02-26,2.930000066757202,2.930000066757202,0.0,2.9800000190734863,2.8299999237060547,2.9200000762939453,0.0,839500
2026-02-27,2.809999942779541,2.809999942779541,0.0,2.859999895095825,2.759999990463257,2.8399999141693115,0.0,843400
2026-03-02,2.9200000762939453,2.9200000762939453,0.0,2.9800000190734863,2.7300000190734863,2.7699999809265137,0.0,935700
2026-03-03,2.8299999237060547,2.8299999237060547,0.0,2.9100000858306885,2.740000009536743,2.7799999713897705,0.0,932800
2026-03-04,3.0399999618530273,3.0399999618530273,0.0,3.190000057220459,2.859999895095825,2.9000000953674316,0.0,1711400
2026-03-05,3.009999990463257,3.009999990463257,0.0,3.0999999046325684,2.880000114440918,3.009999990463257,0.0,1119300
2026-03-06,2.819999933242798,2.819999933242798,0.0,3.0,2.809999942779541,2.859999895095825,0.0,759300
2026-03-09,2.880000114440918,2.880000114440918,0.0,2.930000066757202,2.7200000286102295,2.75,0.0,836100
2026-03-10,2.8399999141693115,2.8399999141693115,0.0,2.950000047683716,2.809999942779541,2.9000000953674316,0.0,614000
2026-03-11,2.819999933242798,2.819999933242798,0.0,2.930000066757202,2.7799999713897705,2.809999942779541,0.0,1022600
2026-03-12,2.819999933242798,2.819999933242798,0.0,2.9100000858306885,2.759999990463257,2.819999933242798,0.0,848800
2026-03-13,2.759999990463257,2.759999990463257,0.0,2.9200000762939453,2.7200000286102295,2.8499999046325684,0.0,990500
2026-03-16,2.7799999713897705,2.7799999713897705,0.0,2.8499999046325684,2.740000009536743,2.8399999141693115,0.0,773500
2026-03-17,2.7200000286102295,2.7200000286102295,0.0,2.7799999713897705,2.640000104904175,2.7799999713897705,0.0,963200
2026-03-18,2.5999999046325684,2.5999999046325684,0.0,2.690000057220459,2.569999933242798,2.690000057220459,0.0,1121100
2026-03-19,2.5399999618530273,2.5399999618530273,0.0,2.5799999237060547,2.450000047683716,2.5199999809265137,0.0,1148300
2026-03-20,2.490000009536743,2.490000009536743,0.0,2.559999942779541,2.4100000858306885,2.5299999713897705,0.0,1579300
2026-03-23,2.5,2.5,0.0,2.559999942779541,2.440000057220459,2.5299999713897705,0.0,913600
2026-03-24,2.450000047683716,2.450000047683716,0.0,2.509999990463257,2.4000000953674316,2.4800000190734863,0.0,564900
2026-03-25,2.490000009536743,2.490000009536743,0.0,2.5399999618530273,2.390000104904175,2.509999990463257,0.0,958800
2026-03-26,2.440000057220459,2.440000057220459,0.0,2.6700000762939453,2.4100000858306885,2.4700000286102295,0.0,1075800
2026-03-27,2.240000009536743,2.240000009536743,0.0,2.4000000953674316,2.2300000190734863,2.3499999046325684,0.0,1002100
2026-03-30,2.1700000762939453,2.1700000762939453,0.0,2.2799999713897705,2.0999999046325684,2.2799999713897705,0.0,1260000
2026-03-31,2.369999885559082,2.369999885559082,0.0,2.440000057220459,2.2100000381469727,2.240000009536743,0.0,2016400
2026-04-01,2.0199999809265137,2.0199999809265137,0.0,2.200000047683716,1.9600000381469727,2.0799999237060547,0.0,3579300
2026-04-02,2.109999895095825,2.109999895095825,0.0,2.130000114440918,1.940000057220459,1.9500000476837158,0.0,1225700
2026-04-06,2.190000057220459,2.190000057220459,0.0,2.299999952316284,2.0999999046325684,2.0999999046325684,0.0,1602300
2026-04-07,2.1500000953674316,2.1500000953674316,0.0,2.2799999713897705,2.0799999237060547,2.190000057220459,0.0,1222800
2026-04-08,2.2699999809265137,2.2699999809265137,0.0,2.369999885559082,2.2100000381469727,2.299999952316284,0.0,1328200
2026-04-09,2.0999999046325684,2.0999999046325684,0.0,2.2699999809265137,2.0799999237060547,2.2699999809265137,0.0,1192300
2026-04-10,2.1600000858306885,2.1600000858306885,0.0,2.2100000381469727,2.109999895095825,2.130000114440918,0.0,740800
2026-04-13,2.3299999237060547,2.3299999237060547,0.0,2.359999895095825,2.0999999046325684,2.140000104904175,0.0,1566300
2026-04-14,2.369999885559082,2.369999885559082,0.0,2.4700000286102295,2.309999942779541,2.380000114440918,0.0,1032100
2026-04-15,2.640000104904175,2.640000104904175,0.0,2.6600000858306885,2.369999885559082,2.380000114440918,0.0,2174800
2026-04-16,2.490000009536743,2.490000009536743,0.0,2.5899999141693115,2.390000104904175,2.5899999141693115,0.0,1785000
2026-04-17,2.559999942779541,2.559999942779541,0.0,2.680000066757202,2.5199999809265137,2.559999942779541,0.0,1611400
2026-04-20,2.5999999046325684,2.5999999046325684,0.0,2.609999895095825,2.440000057220459,2.4800000190734863,0.0,1043300
2026-04-21,2.5799999237060547,2.5799999237060547,0.0,2.7899999618530273,2.559999942779541,2.5999999046325684,0.0,1229000
2026-04-22,2.7200000286102295,2.7200000286102295,0.0,2.869999885559082,2.6600000858306885,2.6700000762939453,0.0,1551200
2026-04-23,2.4700000286102295,2.4700000286102295,0.0,2.740000009536743,2.4200000762939453,2.7100000381469727,0.0,1303100
2026-04-24,2.4100000858306885,2.4100000858306885,0.0,2.5199999809265137,2.4000000953674316,2.5,0.0,813200
2026-04-27,2.4200000762939453,2.4200000762939453,0.0,2.4800000190734863,2.3499999046325684,2.4200000762939453,0.0,757600
2026-04-28,2.430000066757202,2.430000066757202,0.0,2.430000066757202,2.319999933242798,2.4000000953674316,0.0,532700
2026-04-29,2.4100000858306885,2.4100000858306885,0.0,2.5899999141693115,2.369999885559082,2.4600000381469727,0.0,1279200
2026-04-30,2.5799999237060547,2.5799999237060547,0.0,2.75,2.4200000762939453,2.4200000762939453,0.0,2113700
2026-05-01,2.680000066757202,2.680000066757202,0.0,2.740000009536743,2.5399999618530273,2.619999885559082,0.0,1244700
2026-05-04,2.819999933242798,2.819999933242798,0.0,2.940000057220459,2.619999885559082,2.6700000762939453,0.0,1763200
2026-05-05,2.7899999618530273,2.7899999618530273,0.0,2.859999895095825,2.6600000858306885,2.859999895095825,0.0,972200
2026-05-06,2.8499999046325684,2.8499999046325684,0.0,2.9000000953674316,2.700000047683716,2.819999933242798,0.0,1042100
2026-05-07,2.7300000190734863,2.7300000190734863,0.0,2.8299999237060547,2.700000047683716,2.819999933242798,0.0,1154700
2026-05-08,2.890000104904175,2.890000104904175,0.0,2.930000066757202,2.7200000286102295,2.75,0.0,1197800
2026-05-11,3.3299999237060547,3.3299999237060547,0.0,3.4800000190734863,2.8299999237060547,2.9000000953674316,0.0,3843800
2026-05-12,3.190000057220459,3.190000057220459,0.0,3.3299999237060547,3.0,3.2799999713897705,0.0,1964700
2026-05-13,4.050000190734863,4.050000190734863,0.0,4.059999942779541,3.3399999141693115,3.3399999141693115,0.0,6794500
2026-05-14,3.809999942779541,3.809999942779541,0.0,4.289999961853027,3.7200000286102295,4.199999809265137,0.0,5582200
2026-05-15,3.5999999046325684,3.5999999046325684,0.0,3.8399999141693115,3.430000066757202,3.5199999809265137,0.0,2342900
2026-05-18,3.9200000762939453,3.9200000762939453,0.0,4.300000190734863,3.7699999809265137,3.9200000762939453,0.0,5916000
2026-05-19,3.630000114440918,3.630000114440918,0.0,4.050000190734863,3.5399999618530273,3.9200000762939453,0.0,2764700
2026-05-20,3.619999885559082,3.619999885559082,0.0,3.759999990463257,3.430000066757202,3.7200000286102295,0.0,2095000
2026-05-21,3.869999885559082,3.869999885559082,0.0,3.930000066757202,3.490000009536743,3.5199999809265137,0.0,2409900
2026-05-22,4.610000133514404,4.610000133514404,0.0,4.739999771118164,3.7799999713897705,3.7799999713897705,0.0,6388800
2026-05-26,4.429999828338623,4.429999828338623,0.0,4.840000152587891,4.369999885559082,4.800000190734863,0.0,4515900
2026-05-27,4.71999979019165,4.71999979019165,0.0,5.090000152587891,4.260000228881836,4.539999961853027,0.0,4325900
2026-05-28,4.860000133514404,4.860000133514404,0.0,4.96999979019165,4.519999980926514,4.679999828338623,0.0,3252200
2026-05-29,4.78000020980835,4.78000020980835,0.0,4.869999885559082,4.440000057220459,4.840000152587891,0.0,3366200
2026-06-01,4.599999904632568,4.599999904632568,0.0,4.880000114440918,4.510000228881836,4.619999885559082,0.0,2717200
2026-06-02,5.230000019073486,5.230000019073486,0.0,5.429999828338623,4.53000020980835,4.550000190734863,0.0,5453400
2026-06-03,4.550000190734863,4.550000190734863,0.0,5.179999828338623,4.539999961853027,5.139999866485596,0.0,3070900
2026-06-04,4.579999923706055,4.579999923706055,0.0,4.789999961853027,4.349999904632568,4.400000095367432,0.0,2132000
2026-06-05,3.809999942779541,3.809999942779541,0.0,4.559999942779541,3.690000057220459,4.550000190734863,0.0,3347600
