Date,Adj Close,Close,Dividends,High,Low,Open,Stock Splits,Volume
1997-11-25,8.25,8.25,0.0,8.5,8.125,8.5,0.0,119900
1997-11-26,8.125,8.125,0.0,8.25,8.125,8.25,0.0,38300
1997-11-28,8.375,8.375,0.0,8.5,8.125,8.125,0.0,9600
1997-12-01,8.5,8.5,0.0,8.5,8.375,8.375,0.0,6600
1997-12-02,8.625,8.625,0.0,8.875,8.5,8.75,0.0,4800
1997-12-03,8.0,8.0,0.0,8.75,8.0,8.5,0.0,14000
1997-12-04,8.25,8.25,0.0,8.25,8.0,8.0,0.0,16200
1997-12-05,8.0625,8.0625,0.0,8.25,8.0,8.25,0.0,3400
1997-12-08,8.0,8.0,0.0,8.375,8.0,8.375,0.0,20800
1997-12-09,8.125,8.125,0.0,8.25,8.0,8.125,0.0,8000
1997-12-10,8.0625,8.0625,0.0,8.125,8.0,8.0625,0.0,47400
1997-12-11,8.0,8.0,0.0,8.125,8.0,8.125,0.0,600
1997-12-12,8.0,8.0,0.0,8.0,8.0,8.0,0.0,1000
1997-12-15,8.0625,8.0625,0.0,8.125,8.0625,8.125,0.0,1900
1997-12-16,8.0,8.0,0.0,8.125,8.0,8.125,0.0,8600
1997-12-17,8.0,8.0,0.0,8.0,8.0,8.0,0.0,6700
1997-12-18,8.125,8.125,0.0,8.125,8.0,8.0,0.0,52200
1997-12-19,8.125,8.125,0.0,8.125,7.75,8.0,0.0,21000
1997-12-22,8.0625,8.0625,0.0,8.0625,7.75,8.0625,0.0,36900
1997-12-23,8.0625,8.0625,0.0,8.0625,7.875,8.0,0.0,3500
1997-12-24,8.0625,8.0625,0.0,8.0625,8.0625,8.0625,0.0,0
1997-12-26,7.875,7.875,0.0,7.875,7.875,7.875,0.0,1500
1997-12-29,7.75,7.75,0.0,8.0,7.75,7.8125,0.0,5100
1997-12-30,7.9375,7.9375,0.0,8.0,7.75,8.0,0.0,19700
1997-12-31,7.625,7.625,0.0,7.75,7.625,7.75,0.0,4500
1998-01-02,7.625,7.625,0.0,7.625,7.625,7.625,0.0,1000
1998-01-05,7.625,7.625,0.0,8.0,7.625,8.0,0.0,3600
1998-01-06,7.625,7.625,0.0,7.625,7.625,7.625,0.0,500
1998-01-07,7.375,7.375,0.0,7.625,7.375,7.625,0.0,1600
1998-01-08,7.25,7.25,0.0,7.75,7.25,7.75,0.0,3400
1998-01-09,7.5,7.5,0.0,7.5,7.0,7.125,0.0,1100
1998-01-12,7.375,7.375,0.0,7.375,6.75,6.75,0.0,8800
1998-01-13,7.125,7.125,0.0,7.125,7.125,7.125,0.0,1000
1998-01-14,7.125,7.125,0.0,7.125,7.125,7.125,0.0,0
1998-01-15,7.125,7.125,0.0,7.125,7.125,7.125,0.0,0
1998-01-16,7.0,7.0,0.0,7.0,7.0,7.0,0.0,1200
1998-01-20,7.0,7.0,0.0,7.0,7.0,7.0,0.0,4700
1998-01-21,7.25,7.25,0.0,7.25,7.25,7.25,0.0,200
1998-01-22,7.25,7.25,0.0,7.25,6.875,6.875,0.0,2600
1998-01-23,7.25,7.25,0.0,7.25,6.875,6.875,0.0,1500
1998-01-26,7.0,7.0,0.0,7.25,7.0,7.25,0.0,3300
1998-01-27,6.875,6.875,0.0,7.0,6.875,7.0,0.0,1500
1998-01-28,7.0,7.0,0.0,7.0,6.875,6.875,0.0,2200
1998-01-29,7.0,7.0,0.0,7.0,6.875,7.0,0.0,2700
1998-01-30,7.25,7.25,0.0,7.25,7.25,7.25,0.0,1100
1998-02-02,7.0,7.0,0.0,7.0,7.0,7.0,0.0,300
1998-02-03,7.125,7.125,0.0,7.375,7.125,7.3125,0.0,10500
1998-02-04,7.25,7.25,0.0,7.375,7.125,7.375,0.0,6300
1998-02-05,7.4375,7.4375,0.0,7.4375,7.25,7.25,0.0,6700
1998-02-06,7.25,7.25,0.0,7.4375,7.0,7.4375,0.0,9600
1998-02-09,7.5,7.5,0.0,7.5,7.25,7.25,0.0,20200
1998-02-10,7.625,7.625,0.0,7.625,7.5,7.5,0.0,5300
1998-02-11,7.625,7.625,0.0,7.625,7.375,7.375,0.0,13200
1998-02-12,7.5,7.5,0.0,7.75,7.5,7.75,0.0,2700
1998-02-13,8.0,8.0,0.0,8.0,7.75,7.75,0.0,11500
1998-02-17,8.0,8.0,0.0,8.0,7.75,8.0,0.0,2900
1998-02-18,7.75,7.75,0.0,8.0625,7.5,8.0625,0.0,11100
1998-02-19,8.0,8.0,0.0,8.0,7.5,7.5,0.0,700
1998-02-20,8.0,8.0,0.0,8.0,8.0,8.0,0.0,2900
1998-02-23,8.0625,8.0625,0.0,8.0625,7.75,7.75,0.0,3200
1998-02-24,7.75,7.75,0.0,8.0625,7.75,7.75,0.0,6500
1998-02-25,8.0,8.0,0.0,8.0,7.75,7.75,0.0,1300
1998-02-26,8.0,8.0,0.0,8.0,8.0,8.0,0.0,1000
1998-02-27,8.0625,8.0625,0.0,8.25,7.875,8.0,0.0,7900
1998-03-02,8.125,8.125,0.0,8.5,8.0,8.0,0.0,16200
1998-03-03,8.875,8.875,0.0,8.875,8.25,8.625,0.0,29200
1998-03-04,9.0,9.0,0.0,9.0,8.5625,8.875,0.0,23000
1998-03-05,8.75,8.75,0.0,8.75,8.5,8.75,0.0,11500
1998-03-06,8.9375,8.9375,0.0,9.0,8.75,8.75,0.0,48500
1998-03-09,9.25,9.25,0.0,9.25,8.75,8.75,0.0,32600
1998-03-10,9.375,9.375,0.0,9.5,8.875,9.0,0.0,32300
1998-03-11,9.6875,9.6875,0.0,9.6875,9.25,9.375,0.0,10800
1998-03-12,10.0,10.0,0.0,10.25,9.5,9.6875,0.0,106100
1998-03-13,10.1875,10.1875,0.0,10.1875,10.0,10.0,0.0,15000
1998-03-16,9.875,9.875,0.0,10.25,9.75,10.25,0.0,12800
1998-03-17,10.125,10.125,0.0,10.125,9.75,9.875,0.0,8800
1998-03-18,9.75,9.75,0.0,10.0,9.75,10.0,0.0,2600
1998-03-19,9.25,9.25,0.0,9.875,9.0,9.875,0.0,13500
1998-03-20,9.5,9.5,0.0,9.625,9.125,9.25,0.0,4800
1998-03-23,9.5,9.5,0.0,9.75,9.25,9.625,0.0,5600
1998-03-24,9.625,9.625,0.0,9.625,9.375,9.375,0.0,5500
1998-03-25,9.625,9.625,0.0,9.625,9.625,9.625,0.0,100
1998-03-26,9.625,9.625,0.0,9.625,9.25,9.625,0.0,4100
1998-03-27,9.25,9.25,0.0,9.625,9.25,9.25,0.0,4000
1998-03-30,9.0,9.0,0.0,9.0,9.0,9.0,0.0,1600
1998-03-31,8.6875,8.6875,0.0,8.875,8.6875,8.875,0.0,3400
1998-04-01,8.390625,8.390625,0.0,9.0,8.0,9.0,0.0,16500
1998-04-02,8.625,8.625,0.0,8.625,8.625,8.625,0.0,2000
1998-04-03,8.75,8.75,0.0,8.75,8.0,8.0,0.0,2800
1998-04-06,8.75,8.75,0.0,8.75,8.75,8.75,0.0,3200
1998-04-07,8.375,8.375,0.0,8.875,8.375,8.875,0.0,7500
1998-04-08,8.875,8.875,0.0,8.875,8.0,8.5,0.0,14200
1998-04-09,8.625,8.625,0.0,8.875,8.25,8.875,0.0,8500
1998-04-13,8.5,8.5,0.0,8.875,8.25,8.875,0.0,9300
1998-04-14,8.5,8.5,0.0,8.75,8.0,8.75,0.0,15100
1998-04-15,8.625,8.625,0.0,8.75,8.0,8.5,0.0,2200
1998-04-16,8.625,8.625,0.0,8.625,8.0,8.0625,0.0,9700
1998-04-17,8.625,8.625,0.0,8.625,8.0625,8.625,0.0,3000
1998-04-20,8.5,8.5,0.0,8.625,8.5,8.625,0.0,5200
1998-04-21,8.25,8.25,0.0,8.5,8.25,8.5,0.0,2300
1998-04-22,7.875,7.875,0.0,8.5,7.875,7.875,0.0,14000
1998-04-23,8.25,8.25,0.0,8.375,7.875,7.875,0.0,9100
1998-04-24,8.25,8.25,0.0,8.25,7.875,8.25,0.0,5800
1998-04-27,8.0,8.0,0.0,8.25,8.0,8.25,0.0,1700
1998-04-28,8.125,8.125,0.0,8.125,8.125,8.125,0.0,1000
1998-04-29,8.0,8.0,0.0,8.125,8.0,8.125,0.0,13500
1998-04-30,8.0,8.0,0.0,8.125,8.0,8.125,0.0,2700
1998-05-01,8.125,8.125,0.0,8.125,8.0,8.125,0.0,8000
1998-05-04,8.125,8.125,0.0,8.125,8.0,8.125,0.0,2300
1998-05-05,7.875,7.875,0.0,7.875,7.875,7.875,0.0,6000
1998-05-06,7.6875,7.6875,0.0,8.0,7.625,7.75,0.0,14700
1998-05-07,7.875,7.875,0.0,8.125,7.875,8.0,0.0,9200
1998-05-08,7.875,7.875,0.0,8.0,7.875,8.0,0.0,1200
1998-05-11,8.0,8.0,0.0,8.0,7.8125,8.0,0.0,2700
1998-05-12,8.0,8.0,0.0,8.0625,7.75,8.0625,0.0,3000
1998-05-13,7.625,7.625,0.0,8.0,7.625,7.625,0.0,2100
1998-05-14,7.5,7.5,0.0,7.5,7.5,7.5,0.0,500
1998-05-15,7.5,7.5,0.0,7.875,7.5,7.5,0.0,3200
1998-05-18,7.5,7.5,0.0,7.875,7.5,7.875,0.0,2400
1998-05-19,7.75,7.75,0.0,7.75,7.75,7.75,0.0,800
1998-05-20,7.75,7.75,0.0,7.75,7.75,7.75,0.0,0
1998-05-21,7.75,7.75,0.0,8.0,7.75,7.875,0.0,8400
1998-05-22,7.75,7.75,0.0,7.75,7.75,7.75,0.0,5500
1998-05-26,8.0,8.0,0.0,8.0,7.75,8.0,0.0,58500
1998-05-27,7.25,7.25,0.0,8.0,7.125,7.75,0.0,13100
1998-05-28,7.5,7.5,0.0,7.5,7.125,7.125,0.0,2000
1998-05-29,7.75,7.75,0.0,7.75,7.1875,7.5,0.0,8200
1998-06-01,7.9375,7.9375,0.0,7.9375,7.75,7.75,0.0,2500
1998-06-02,7.5,7.5,0.0,8.0,7.5,8.0,0.0,5500
1998-06-03,7.875,7.875,0.0,8.0,7.5,7.5,0.0,1800
1998-06-04,7.875,7.875,0.0,7.875,7.875,7.875,0.0,0
1998-06-05,7.5,7.5,0.0,8.0,7.5,8.0,0.0,6400
1998-06-08,7.625,7.625,0.0,7.875,7.5,7.875,0.0,4600
1998-06-09,7.625,7.625,0.0,7.625,7.625,7.625,0.0,1100
1998-06-10,7.25,7.25,0.0,7.875,7.25,7.875,0.0,400
1998-06-11,7.5,7.5,0.0,7.75,7.5,7.75,0.0,700
1998-06-12,7.4375,7.4375,0.0,7.625,7.4375,7.5,0.0,1100
1998-06-15,7.0,7.0,0.0,7.4375,7.0,7.4375,0.0,8500
1998-06-16,7.5,7.5,0.0,7.5,7.5,7.5,0.0,100
1998-06-17,7.625,7.625,0.0,7.625,7.0,7.0,0.0,1200
1998-06-18,7.625,7.625,0.0,7.625,7.625,7.625,0.0,0
1998-06-19,7.0,7.0,0.0,7.0,7.0,7.0,0.0,1500
1998-06-22,7.25,7.25,0.0,7.625,7.0,7.0,0.0,4100
1998-06-23,6.9375,6.9375,0.0,7.25,6.9375,7.25,0.0,14800
1998-06-24,7.0,7.0,0.0,7.0,6.75,6.75,0.0,16600
1998-06-25,7.0,7.0,0.0,7.25,7.0,7.25,0.0,2000
1998-06-26,7.375,7.375,0.0,7.375,7.0,7.0,0.0,3100
1998-06-29,7.0,7.0,0.0,7.0,7.0,7.0,0.0,500
1998-06-30,7.0,7.0,0.0,7.0,7.0,7.0,0.0,600
1998-07-01,7.125,7.125,0.0,7.125,7.0,7.0,0.0,1700
1998-07-02,7.375,7.375,0.0,7.375,7.375,7.375,0.0,1000
1998-07-06,7.375,7.375,0.0,7.375,6.8125,7.375,0.0,2800
1998-07-07,7.0,7.0,0.0,7.0,7.0,7.0,0.0,300
1998-07-08,7.0,7.0,0.0,7.0,7.0,7.0,0.0,0
1998-07-09,7.0,7.0,0.0,7.0,7.0,7.0,0.0,300
1998-07-10,6.875,6.875,0.0,7.0,6.8125,7.0,0.0,5000
1998-07-13,7.0,7.0,0.0,7.0,6.75,6.875,0.0,16800
1998-07-14,6.875,6.875,0.0,6.875,6.3125,6.75,0.0,7800
1998-07-15,6.3125,6.3125,0.0,6.875,6.3125,6.875,0.0,1700
1998-07-16,6.75,6.75,0.0,6.75,6.125,6.1875,0.0,2000
1998-07-17,6.625,6.625,0.0,6.6875,6.25,6.6875,0.0,2800
1998-07-20,6.625,6.625,0.0,6.625,6.0,6.0,0.0,700
1998-07-21,6.0,6.0,0.0,6.0,6.0,6.0,0.0,3100
1998-07-22,5.625,5.625,0.0,6.375,5.625,6.375,0.0,19100
1998-07-23,5.625,5.625,0.0,6.25,5.625,6.0,0.0,8500
1998-07-24,5.5,5.5,0.0,6.25,5.5,6.25,0.0,9200
1998-07-27,5.5625,5.5625,0.0,5.75,5.5,5.5,0.0,8500
1998-07-28,4.875,4.875,0.0,5.5,4.625,5.5,0.0,11300
1998-07-29,5.375,5.375,0.0,5.5,5.0,5.4375,0.0,900
1998-07-30,5.25,5.25,0.0,5.375,4.875,5.375,0.0,5000
1998-07-31,5.125,5.125,0.0,5.375,5.125,5.375,0.0,5200
1998-08-03,5.125,5.125,0.0,5.125,5.125,5.125,0.0,0
1998-08-04,5.28125,5.28125,0.0,5.28125,5.28125,5.28125,0.0,1300
1998-08-05,5.5,5.5,0.0,5.5,5.0,5.3125,0.0,9100
1998-08-06,5.375,5.375,0.0,5.75,5.25,5.75,0.0,29300
1998-08-07,5.4375,5.4375,0.0,5.4375,5.40625,5.40625,0.0,16400
1998-08-10,6.0,6.0,0.0,6.0,5.4375,5.4375,0.0,10900
1998-08-11,6.625,6.625,0.0,6.625,6.0,6.1875,0.0,31900
1998-08-12,6.75,6.75,0.0,6.75,6.75,6.75,0.0,1200
1998-08-13,7.0,7.0,0.0,7.0,6.75,7.0,0.0,2000
1998-08-14,6.75,6.75,0.0,7.0,6.625,7.0,0.0,1700
1998-08-17,7.0,7.0,0.0,7.125,6.625,6.625,0.0,10200
1998-08-18,6.625,6.625,0.0,7.25,6.125,6.125,0.0,1300
1998-08-19,6.125,6.125,0.0,6.125,6.125,6.125,0.0,600
1998-08-20,6.125,6.125,0.0,6.125,6.125,6.125,0.0,200
1998-08-21,6.375,6.375,0.0,6.375,6.375,6.375,0.0,200
1998-08-24,6.03125,6.03125,0.0,6.03125,6.03125,6.03125,0.0,1000
1998-08-25,6.0,6.0,0.0,6.5,6.0,6.5,0.0,2100
1998-08-26,6.0,6.0,0.0,6.5,6.0,6.0,0.0,1100
1998-08-27,6.0625,6.0625,0.0,6.375,6.0625,6.375,0.0,200
1998-08-28,5.25,5.25,0.0,6.375,5.25,6.0,0.0,10000
1998-08-31,6.375,6.375,0.0,6.375,5.25,5.25,0.0,3900
1998-09-01,6.25,6.25,0.0,6.25,6.25,6.25,0.0,500
1998-09-02,5.875,5.875,0.0,6.375,5.125,5.125,0.0,2300
1998-09-03,5.25,5.25,0.0,5.5,5.125,5.5,0.0,8500
1998-09-04,5.5,5.5,0.0,6.0,5.3125,5.3125,0.0,3100
1998-09-08,5.5,5.5,0.0,5.9375,5.375,5.5,0.0,8900
1998-09-09,5.25,5.25,0.0,6.0,5.25,6.0,0.0,400
1998-09-10,6.0,6.0,0.0,6.0,6.0,6.0,0.0,400
1998-09-11,5.25,5.25,0.0,5.75,5.25,5.75,0.0,3000
1998-09-14,5.25,5.25,0.0,5.25,5.25,5.25,0.0,1000
1998-09-15,5.5,5.5,0.0,5.875,5.5,5.875,0.0,1200
1998-09-16,5.25,5.25,0.0,5.25,5.25,5.25,0.0,200
1998-09-17,5.5,5.5,0.0,5.5,5.5,5.5,0.0,100
1998-09-18,5.75,5.75,0.0,5.75,5.75,5.75,0.0,100
1998-09-21,5.75,5.75,0.0,5.75,5.75,5.75,0.0,0
1998-09-22,5.5,5.5,0.0,5.625,5.5,5.625,0.0,47200
1998-09-23,5.5,5.5,0.0,5.5,5.125,5.5,0.0,4600
1998-09-24,5.125,5.125,0.0,5.25,5.125,5.25,0.0,1600
1998-09-25,5.125,5.125,0.0,5.125,5.125,5.125,0.0,300
1998-09-28,5.25,5.25,0.0,5.375,5.125,5.125,0.0,7100
1998-09-29,5.25,5.25,0.0,5.625,5.125,5.5,0.0,2100
1998-09-30,5.375,5.375,0.0,5.375,5.25,5.375,0.0,300
1998-10-01,5.375,5.375,0.0,5.375,5.375,5.375,0.0,100
1998-10-02,5.0,5.0,0.0,5.25,5.0,5.25,0.0,3100
1998-10-05,5.0625,5.0625,0.0,5.0625,5.0625,5.0625,0.0,400
1998-10-06,5.0625,5.0625,0.0,5.0625,5.0625,5.0625,0.0,1100
1998-10-07,5.1875,5.1875,0.0,5.1875,5.1875,5.1875,0.0,500
1998-10-08,5.375,5.375,0.0,5.375,5.0,5.0,0.0,4700
1998-10-09,5.375,5.375,0.0,5.375,5.375,5.375,0.0,0
1998-10-12,5.0,5.0,0.0,5.0,5.0,5.0,0.0,400
1998-10-13,5.0625,5.0625,0.0,5.375,5.0,5.125,0.0,4300
1998-10-14,5.0,5.0,0.0,5.375,5.0,5.375,0.0,2500
1998-10-15,5.25,5.25,0.0,5.375,5.0,5.375,0.0,1900
1998-10-16,5.0,5.0,0.0,5.0,5.0,5.0,0.0,400
1998-10-19,5.25,5.25,0.0,5.25,5.0,5.25,0.0,2900
1998-10-20,5.0,5.0,0.0,5.25,5.0,5.25,0.0,2600
1998-10-21,5.3125,5.3125,0.0,5.3125,5.3125,5.3125,0.0,100
1998-10-22,5.0,5.0,0.0,5.0,5.0,5.0,0.0,2000
1998-10-23,5.3125,5.3125,0.0,5.3125,5.25,5.25,0.0,4700
1998-10-26,5.5,5.5,0.0,5.5,5.0,5.25,0.0,4100
1998-10-27,5.25,5.25,0.0,5.375,5.25,5.375,0.0,2300
1998-10-28,5.5,5.5,0.0,5.875,5.375,5.375,0.0,6200
1998-10-29,5.5,5.5,0.0,5.75,5.5,5.75,0.0,1200
1998-10-30,5.75,5.75,0.0,5.75,5.53125,5.53125,0.0,2000
1998-11-02,5.75,5.75,0.0,5.75,5.53125,5.53125,0.0,500
1998-11-03,5.53125,5.53125,0.0,5.53125,5.5,5.5,0.0,1600
1998-11-04,5.5,5.5,0.0,5.5,5.5,5.5,0.0,600
1998-11-05,5.4375,5.4375,0.0,5.5,5.25,5.5,0.0,6000
1998-11-06,5.4375,5.4375,0.0,5.4375,5.25,5.25,0.0,7800
1998-11-09,5.125,5.125,0.0,5.25,5.0,5.25,0.0,7000
1998-11-10,5.0,5.0,0.0,5.375,5.0,5.0,0.0,8100
1998-11-11,5.25,5.25,0.0,5.25,5.0,5.0,0.0,1600
1998-11-12,5.0,5.0,0.0,5.0,5.0,5.0,0.0,3000
1998-11-13,5.0625,5.0625,0.0,5.1875,5.0,5.0,0.0,700
1998-11-16,5.0625,5.0625,0.0,5.0625,5.0625,5.0625,0.0,400
1998-11-17,5.0,5.0,0.0,5.0,4.625,5.0,0.0,19500
1998-11-18,5.25,5.25,0.0,5.25,4.875,5.125,0.0,5900
1998-11-19,4.625,4.625,0.0,5.0,4.625,4.75,0.0,13000
1998-11-20,4.75,4.75,0.0,5.0,4.625,4.625,0.0,5200
1998-11-23,4.6875,4.6875,0.0,5.0,4.65625,5.0,0.0,2600
1998-11-24,4.625,4.625,0.0,4.875,4.625,4.625,0.0,11500
1998-11-25,4.625,4.625,0.0,4.875,4.625,4.875,0.0,2500
1998-11-27,4.875,4.875,0.0,4.875,4.5,4.875,0.0,6900
1998-11-30,4.5,4.5,0.0,4.875,4.5,4.875,0.0,3100
1998-12-01,4.625,4.625,0.0,4.875,4.375,4.375,0.0,2100
1998-12-02,4.75,4.75,0.0,4.875,4.5,4.875,0.0,8000
1998-12-03,4.5,4.5,0.0,4.875,4.5,4.875,0.0,3000
1998-12-04,4.1875,4.1875,0.0,4.75,4.125,4.5,0.0,5400
1998-12-07,4.125,4.125,0.0,4.125,3.875,4.125,0.0,8700
1998-12-08,4.0,4.0,0.0,4.25,4.0,4.0,0.0,9100
1998-12-09,4.375,4.375,0.0,4.375,4.0,4.0,0.0,5000
1998-12-10,4.25,4.25,0.0,4.375,4.0,4.0,0.0,2500
1998-12-11,4.25,4.25,0.0,4.875,4.25,4.375,0.0,7600
1998-12-14,4.25,4.25,0.0,4.25,4.25,4.25,0.0,800
1998-12-15,4.25,4.25,0.0,4.5,4.125,4.25,0.0,26800
1998-12-16,4.0,4.0,0.0,4.5,3.96875,4.5,0.0,6300
1998-12-17,4.1875,4.1875,0.0,4.1875,3.9375,4.1875,0.0,11100
1998-12-18,4.0,4.0,0.0,4.0,3.875,3.875,0.0,4900
1998-12-21,4.125,4.125,0.0,4.125,4.0,4.125,0.0,5500
1998-12-22,4.0,4.0,0.0,4.25,3.875,3.9375,0.0,18600
1998-12-23,4.0,4.0,0.0,4.25,4.0,4.0,0.0,60700
1998-12-24,4.0,4.0,0.0,4.125,4.0,4.125,0.0,8900
1998-12-28,3.625,3.625,0.0,4.125,3.625,4.0,0.0,54100
1998-12-29,4.1875,4.1875,0.0,4.3125,3.75,3.875,0.0,17800
1998-12-30,4.1875,4.1875,0.0,4.5,4.1875,4.25,0.0,12100
1998-12-31,3.9375,3.9375,0.0,4.375,3.875,4.375,0.0,11300
1999-01-04,4.0,4.0,0.0,4.25,4.0,4.25,0.0,5600
1999-01-05,4.0,4.0,0.0,4.0625,4.0,4.0625,0.0,9700
1999-01-06,4.25,4.25,0.0,4.25,4.0,4.25,0.0,31100
1999-01-07,4.125,4.125,0.0,4.25,4.125,4.25,0.0,34300
1999-01-08,4.125,4.125,0.0,4.375,4.125,4.375,0.0,7900
1999-01-11,4.125,4.125,0.0,4.3125,4.125,4.3125,0.0,2100
1999-01-12,4.25,4.25,0.0,4.25,4.125,4.25,0.0,5000
1999-01-13,4.125,4.125,0.0,4.25,4.125,4.125,0.0,6900
1999-01-14,4.125,4.125,0.0,4.1875,4.125,4.125,0.0,15800
1999-01-15,4.25,4.25,0.0,4.375,4.125,4.375,0.0,11600
1999-01-19,4.25,4.25,0.0,4.25,4.125,4.125,0.0,12900
1999-01-20,4.125,4.125,0.0,4.25,4.125,4.25,0.0,5600
1999-01-21,4.125,4.125,0.0,4.25,4.125,4.25,0.0,1700
1999-01-22,4.09375,4.09375,0.0,4.125,3.875,4.125,0.0,11700
1999-01-25,4.0,4.0,0.0,4.25,3.875,4.25,0.0,1900
1999-01-26,4.125,4.125,0.0,4.125,4.0,4.125,0.0,3600
1999-01-27,4.25,4.25,0.0,4.375,4.0,4.125,0.0,26300
1999-01-28,4.125,4.125,0.0,4.25,4.125,4.125,0.0,15600
1999-01-29,4.1875,4.1875,0.0,4.25,4.125,4.125,0.0,7600
1999-02-01,4.125,4.125,0.0,4.375,4.125,4.375,0.0,1900
1999-02-02,4.0625,4.0625,0.0,4.125,4.0625,4.125,0.0,1400
1999-02-03,4.0,4.0,0.0,4.125,4.0,4.125,0.0,8700
1999-02-04,4.0,4.0,0.0,4.125,4.0,4.125,0.0,2300
1999-02-05,3.875,3.875,0.0,4.0,3.6875,4.0,0.0,9000
1999-02-08,3.875,3.875,0.0,3.875,3.6875,3.75,0.0,15700
1999-02-09,3.875,3.875,0.0,3.875,3.75,3.8125,0.0,4000
1999-02-10,4.0,4.0,0.0,4.0,3.875,3.875,0.0,9900
1999-02-11,3.75,3.75,0.0,4.0,3.75,4.0,0.0,4500
1999-02-12,3.75,3.75,0.0,3.875,3.5,3.75,0.0,15300
1999-02-16,3.5625,3.5625,0.0,3.625,3.5,3.5,0.0,8100
1999-02-17,3.4375,3.4375,0.0,3.625,3.375,3.4375,0.0,16800
1999-02-18,3.0,3.0,0.0,3.5,3.0,3.25,0.0,28800
1999-02-19,3.5,3.5,0.0,3.5,3.0625,3.0625,0.0,17800
1999-02-22,3.5,3.5,0.0,3.75,3.5,3.75,0.0,31400
1999-02-23,3.5,3.5,0.0,3.625,3.5,3.625,0.0,21500
1999-02-24,3.5625,3.5625,0.0,3.75,3.5625,3.75,0.0,25200
1999-02-25,3.5,3.5,0.0,3.5,3.5,3.5,0.0,3000
1999-02-26,3.5625,3.5625,0.0,3.75,3.5,3.625,0.0,3400
1999-03-01,3.5,3.5,0.0,3.625,3.5,3.5,0.0,2100
1999-03-02,3.625,3.625,0.0,3.625,3.625,3.625,0.0,6000
1999-03-03,3.5,3.5,0.0,3.5,3.375,3.375,0.0,2300
1999-03-04,3.5625,3.5625,0.0,3.5625,3.5,3.5,0.0,2800
1999-03-05,3.5625,3.5625,0.0,3.5625,3.5625,3.5625,0.0,300
1999-03-08,3.625,3.625,0.0,3.625,3.5,3.5,0.0,1200
1999-03-09,3.625,3.625,0.0,3.625,3.5,3.5,0.0,1300
1999-03-10,3.5,3.5,0.0,3.625,3.5,3.625,0.0,13700
1999-03-11,3.625,3.625,0.0,3.6875,3.5,3.6875,0.0,3900
1999-03-12,3.75,3.75,0.0,3.75,3.75,3.75,0.0,100
1999-03-15,3.625,3.625,0.0,3.75,3.5,3.5,0.0,2300
1999-03-16,3.5,3.5,0.0,3.5,3.5,3.5,0.0,5000
1999-03-17,3.5,3.5,0.0,3.5,3.5,3.5,0.0,1000
1999-03-18,3.5,3.5,0.0,3.5,3.5,3.5,0.0,200
1999-03-19,3.5,3.5,0.0,3.5,3.5,3.5,0.0,1500
1999-03-22,3.5,3.5,0.0,3.5,3.5,3.5,0.0,0
1999-03-23,3.5,3.5,0.0,3.625,3.5,3.5,0.0,4600
1999-03-24,3.625,3.625,0.0,3.625,3.5,3.5,0.0,400
1999-03-25,3.75,3.75,0.0,3.75,3.625,3.625,0.0,1900
1999-03-26,3.5,3.5,0.0,3.5,3.5,3.5,0.0,100
1999-03-29,3.5,3.5,0.0,3.75,3.5,3.5,0.0,5800
1999-03-30,3.625,3.625,0.0,3.625,3.625,3.625,0.0,300
1999-03-31,3.625,3.625,0.0,4.0,3.5,3.75,0.0,7900
1999-04-01,3.625,3.625,0.0,3.625,3.625,3.625,0.0,7400
1999-04-05,3.625,3.625,0.0,3.875,3.625,3.875,0.0,900
1999-04-06,3.75,3.75,0.0,4.125,3.75,4.125,0.0,2200
1999-04-07,3.75,3.75,0.0,4.0,3.75,3.75,0.0,1300
1999-04-08,3.75,3.75,0.0,4.0,3.75,3.75,0.0,1600
1999-04-09,3.75,3.75,0.0,4.0,3.75,4.0,0.0,2500
1999-04-12,3.875,3.875,0.0,4.0,3.875,4.0,0.0,2700
1999-04-13,3.625,3.625,0.0,3.75,3.625,3.75,0.0,15700
1999-04-14,3.625,3.625,0.0,3.625,3.625,3.625,0.0,2100
1999-04-15,3.5625,3.5625,0.0,3.8125,3.5625,3.625,0.0,17900
1999-04-16,3.5625,3.5625,0.0,3.5625,3.5,3.5,0.0,5700
1999-04-19,3.5,3.5,0.0,3.75,3.5,3.75,0.0,16500
1999-04-20,3.75,3.75,0.0,3.75,3.75,3.75,0.0,100
1999-04-21,3.75,3.75,0.0,3.75,3.75,3.75,0.0,0
1999-04-22,3.6875,3.6875,0.0,3.6875,3.6875,3.6875,0.0,2400
1999-04-23,3.5,3.5,0.0,3.5,3.5,3.5,0.0,1300
1999-04-26,3.6875,3.6875,0.0,3.6875,3.6875,3.6875,0.0,200
1999-04-27,3.5625,3.5625,0.0,3.6875,3.5625,3.6875,0.0,3500
1999-04-28,3.5,3.5,0.0,3.5,3.5,3.5,0.0,400
1999-04-29,3.6875,3.6875,0.0,3.6875,3.6875,3.6875,0.0,1500
1999-04-30,3.5625,3.5625,0.0,3.625,3.5625,3.5625,0.0,1700
1999-05-03,3.8125,3.8125,0.0,3.8125,3.5625,3.6875,0.0,18400
1999-05-04,3.875,3.875,0.0,3.875,3.5625,3.5625,0.0,600
1999-05-05,3.5625,3.5625,0.0,3.875,3.5625,3.875,0.0,8800
1999-05-06,3.625,3.625,0.0,3.625,3.5625,3.5625,0.0,3400
1999-05-07,3.75,3.75,0.0,3.75,3.625,3.625,0.0,3000
1999-05-10,3.5625,3.5625,0.0,3.75,3.5625,3.5625,0.0,3300
1999-05-11,3.875,3.875,0.0,4.0,3.75,3.75,0.0,7300
1999-05-12,4.25,4.25,0.0,4.25,3.75,3.75,0.0,2300
1999-05-13,4.25,4.25,0.0,4.25,4.25,4.25,0.0,200
1999-05-14,3.9375,3.9375,0.0,4.25,3.75,4.125,0.0,10600
1999-05-17,3.75,3.75,0.0,4.25,3.75,4.25,0.0,1200
1999-05-18,3.625,3.625,0.0,4.125,3.625,4.125,0.0,4200
1999-05-19,4.125,4.125,0.0,4.125,4.125,4.125,0.0,5000
1999-05-20,3.75,3.75,0.0,3.75,3.75,3.75,0.0,1500
1999-05-21,3.875,3.875,0.0,3.875,3.875,3.875,0.0,800
1999-05-24,3.875,3.875,0.0,4.0,3.875,4.0,0.0,4200
1999-05-25,4.0,4.0,0.0,4.0,3.875,3.875,0.0,1400
1999-05-26,4.0,4.0,0.0,4.0,4.0,4.0,0.0,200
1999-05-27,3.875,3.875,0.0,3.875,3.875,3.875,0.0,1000
1999-05-28,3.875,3.875,0.0,3.875,3.875,3.875,0.0,0
1999-06-01,3.875,3.875,0.0,3.875,3.875,3.875,0.0,0
1999-06-02,3.875,3.875,0.0,3.875,3.875,3.875,0.0,0
1999-06-03,3.875,3.875,0.0,3.875,3.875,3.875,0.0,1600
1999-06-04,3.8125,3.8125,0.0,3.8125,3.8125,3.8125,0.0,1200
1999-06-07,4.1875,4.1875,0.0,4.1875,3.75,3.75,0.0,1800
1999-06-08,4.0,4.0,0.0,4.1875,3.8125,3.8125,0.0,800
1999-06-09,3.875,3.875,0.0,4.0,3.875,4.0,0.0,9100
1999-06-10,4.1875,4.1875,0.0,4.1875,3.875,3.875,0.0,11800
1999-06-11,3.875,3.875,0.0,3.875,3.875,3.875,0.0,1000
1999-06-14,3.875,3.875,0.0,3.875,3.875,3.875,0.0,500
1999-06-15,3.875,3.875,0.0,3.875,3.875,3.875,0.0,0
1999-06-16,3.875,3.875,0.0,3.875,3.875,3.875,0.0,200
1999-06-17,3.9375,3.9375,0.0,3.9375,3.9375,3.9375,0.0,300
1999-06-18,3.875,3.875,0.0,3.875,3.875,3.875,0.0,2200
1999-06-21,4.0,4.0,0.0,4.0,3.84375,3.859375,0.0,2700
1999-06-22,3.8125,3.8125,0.0,4.0,3.8125,3.8125,0.0,1300
1999-06-23,3.8125,3.8125,0.0,3.8125,3.8125,3.8125,0.0,0
1999-06-24,3.8125,3.8125,0.0,3.8125,3.8125,3.8125,0.0,1500
1999-06-25,3.875,3.875,0.0,3.875,3.6875,3.6875,0.0,7600
1999-06-28,4.0,4.0,0.0,4.0,3.875,3.9375,0.0,7000
1999-06-29,4.0625,4.0625,0.0,4.0625,4.0,4.0625,0.0,5600
1999-06-30,3.9375,3.9375,0.0,4.1875,3.9375,4.125,0.0,6100
1999-07-01,3.875,3.875,0.0,3.9375,3.875,3.9375,0.0,1400
1999-07-02,4.0,4.0,0.0,4.0,4.0,4.0,0.0,1800
1999-07-06,4.0,4.0,0.0,4.0,4.0,4.0,0.0,4300
1999-07-07,3.875,3.875,0.0,3.875,3.875,3.875,0.0,1200
1999-07-08,3.875,3.875,0.0,3.875,3.875,3.875,0.0,2500
1999-07-09,3.71875,3.71875,0.0,3.75,3.71875,3.75,0.0,6300
1999-07-12,3.75,3.75,0.0,3.75,3.75,3.75,0.0,1000
1999-07-13,3.75,3.75,0.0,3.75,3.75,3.75,0.0,0
1999-07-14,3.9375,3.9375,0.0,3.9375,3.9375,3.9375,0.0,2500
1999-07-15,3.75,3.75,0.0,3.75,3.71875,3.71875,0.0,4700
1999-07-16,3.71875,3.71875,0.0,3.71875,3.71875,3.71875,0.0,2200
1999-07-19,3.9375,3.9375,0.0,3.9375,3.9375,3.9375,0.0,3000
1999-07-20,3.875,3.875,0.0,3.875,3.71875,3.71875,0.0,500
1999-07-21,3.75,3.75,0.0,3.75,3.75,3.75,0.0,3000
1999-07-22,3.71875,3.71875,0.0,3.71875,3.71875,3.71875,0.0,1000
1999-07-23,3.71875,3.71875,0.0,3.71875,3.71875,3.71875,0.0,0
1999-07-26,3.71875,3.71875,0.0,3.875,3.71875,3.75,0.0,3600
1999-07-27,3.625,3.625,0.0,3.625,3.625,3.625,0.0,4200
1999-07-28,3.5625,3.5625,0.0,3.625,3.53125,3.625,0.0,6200
1999-07-29,3.5,3.5,0.0,3.53125,3.5,3.53125,0.0,21800
1999-07-30,3.5,3.5,0.0,3.5,3.5,3.5,0.0,2500
1999-08-02,3.25,3.25,0.0,3.5,3.25,3.5,0.0,1200
1999-08-03,3.375,3.375,0.0,3.375,3.375,3.375,0.0,1000
1999-08-04,3.4375,3.4375,0.0,3.4375,3.4375,3.4375,0.0,1500
1999-08-05,3.25,3.25,0.0,3.25,3.25,3.25,0.0,200
1999-08-06,3.25,3.25,0.0,3.25,3.25,3.25,0.0,500
1999-08-09,3.5,3.5,0.0,3.5,3.5,3.5,0.0,1500
1999-08-10,3.5,3.5,0.0,3.5,3.125,3.125,0.0,1400
1999-08-11,3.25,3.25,0.0,3.25,3.25,3.25,0.0,1600
1999-08-12,3.5,3.5,0.0,3.5,3.5,3.5,0.0,700
1999-08-13,3.5,3.5,0.0,3.5,3.125,3.125,0.0,6100
1999-08-16,3.5625,3.5625,0.0,3.5625,3.25,3.25,0.0,600
1999-08-17,3.25,3.25,0.0,3.25,3.25,3.25,0.0,500
1999-08-18,3.25,3.25,0.0,3.625,3.25,3.5625,0.0,3600
1999-08-19,3.625,3.625,0.0,3.625,3.25,3.25,0.0,4600
1999-08-20,3.75,3.75,0.0,3.75,3.5,3.625,0.0,10000
1999-08-23,3.5,3.5,0.0,3.625,3.5,3.625,0.0,2100
1999-08-24,3.25,3.25,0.0,3.25,3.25,3.25,0.0,2000
1999-08-25,3.375,3.375,0.0,3.375,3.25,3.25,0.0,6700
1999-08-26,3.25,3.25,0.0,3.4375,3.25,3.25,0.0,900
1999-08-27,3.25,3.25,0.0,3.25,3.25,3.25,0.0,0
1999-08-30,3.25,3.25,0.0,3.25,3.25,3.25,0.0,0
1999-08-31,3.5,3.5,0.0,3.5,3.5,3.5,0.0,1500
1999-09-01,3.1875,3.1875,0.0,3.4375,3.1875,3.4375,0.0,1500
1999-09-02,3.1875,3.1875,0.0,3.1875,3.1875,3.1875,0.0,1300
1999-09-03,3.4375,3.4375,0.0,3.4375,3.4375,3.4375,0.0,500
1999-09-07,3.375,3.375,0.0,3.4375,3.1875,3.4375,0.0,7500
1999-09-08,3.3125,3.3125,0.0,3.3125,3.1875,3.1875,0.0,4700
1999-09-09,3.1875,3.1875,0.0,3.375,3.1875,3.3125,0.0,6300
1999-09-10,3.1875,3.1875,0.0,3.28125,3.1875,3.28125,0.0,600
1999-09-13,3.1875,3.1875,0.0,3.1875,3.1875,3.1875,0.0,2400
1999-09-14,3.1875,3.1875,0.0,3.1875,3.1875,3.1875,0.0,1000
1999-09-15,3.125,3.125,0.0,3.125,3.125,3.125,0.0,1600
1999-09-16,3.25,3.25,0.0,3.25,3.125,3.125,0.0,400
1999-09-17,3.125,3.125,0.0,3.125,3.125,3.125,0.0,6900
1999-09-20,3.125,3.125,0.0,3.125,3.0,3.125,0.0,8500
1999-09-21,3.0,3.0,0.0,3.0,3.0,3.0,0.0,3700
1999-09-22,3.0625,3.0625,0.0,3.0625,2.75,3.0,0.0,17300
1999-09-23,3.125,3.125,0.0,3.125,3.125,3.125,0.0,200
1999-09-24,3.125,3.125,0.0,3.125,2.75,2.75,0.0,3000
1999-09-27,2.875,2.875,0.0,2.875,2.875,2.875,0.0,1500
1999-09-28,2.875,2.875,0.0,3.125,2.875,3.125,0.0,4000
1999-09-29,3.0625,3.0625,0.0,3.0625,3.0625,3.0625,0.0,200
1999-09-30,3.0625,3.0625,0.0,3.0625,2.875,2.875,0.0,2300
1999-10-01,3.0,3.0,0.0,3.0,3.0,3.0,0.0,500
1999-10-04,3.0,3.0,0.0,3.0,2.875,2.875,0.0,800
1999-10-05,3.0,3.0,0.0,3.0,2.875,3.0,0.0,2800
1999-10-06,2.9375,2.9375,0.0,2.9375,2.9375,2.9375,0.0,500
1999-10-07,2.96875,2.96875,0.0,3.125,2.96875,3.0,0.0,7600
1999-10-08,2.8125,2.8125,0.0,3.0,2.75,3.0,0.0,12800
1999-10-11,2.875,2.875,0.0,2.875,2.875,2.875,0.0,400
1999-10-12,2.8125,2.8125,0.0,2.9375,2.6875,2.9375,0.0,8900
1999-10-13,2.75,2.75,0.0,2.875,2.75,2.859375,0.0,300
1999-10-14,2.75,2.75,0.0,2.75,2.75,2.75,0.0,0
1999-10-15,2.5,2.5,0.0,2.6875,2.5,2.6875,0.0,1100
1999-10-18,2.5,2.5,0.0,2.875,2.5,2.75,0.0,19700
1999-10-19,2.5,2.5,0.0,2.5,2.0625,2.5,0.0,15700
1999-10-20,2.25,2.25,0.0,2.5,2.125,2.5,0.0,4200
1999-10-21,2.375,2.375,0.0,2.75,2.375,2.75,0.0,4000
1999-10-22,2.375,2.375,0.0,2.375,2.375,2.375,0.0,0
1999-10-25,2.875,2.875,0.0,2.875,2.5,2.84375,0.0,4700
1999-10-26,2.4375,2.4375,0.0,2.5625,2.375,2.5625,0.0,5000
1999-10-27,2.4375,2.4375,0.0,2.4375,2.4375,2.4375,0.0,0
1999-10-28,2.4375,2.4375,0.0,2.875,2.4375,2.875,0.0,1100
1999-10-29,2.375,2.375,0.0,2.4375,2.375,2.4375,0.0,1900
1999-11-01,2.375,2.375,0.0,2.375,2.375,2.375,0.0,0
1999-11-02,2.5,2.5,0.0,2.5,2.5,2.5,0.0,7700
1999-11-03,2.5,2.5,0.0,2.875,2.375,2.375,0.0,5600
1999-11-04,2.375,2.375,0.0,2.4375,2.375,2.4375,0.0,2000
1999-11-05,2.375,2.375,0.0,2.375,2.375,2.375,0.0,0
1999-11-08,2.75,2.75,0.0,2.75,2.75,2.75,0.0,1600
1999-11-09,2.75,2.75,0.0,2.875,2.75,2.78125,0.0,5300
1999-11-10,2.875,2.875,0.0,3.75,2.875,3.3125,0.0,30200
1999-11-11,3.125,3.125,0.0,3.25,3.125,3.25,0.0,5800
1999-11-12,3.4375,3.4375,0.0,3.5,2.75,3.3125,0.0,4600
1999-11-15,3.0,3.0,0.0,3.375,3.0,3.375,0.0,5200
1999-11-16,3.0625,3.0625,0.0,3.5,3.0625,3.25,0.0,2200
1999-11-17,3.0625,3.0625,0.0,3.0625,3.0625,3.0625,0.0,0
1999-11-18,2.5,2.5,0.0,3.0625,2.5,3.0625,0.0,14100
1999-11-19,2.5,2.5,0.0,2.5,2.5,2.5,0.0,0
1999-11-22,3.75,3.75,0.0,4.0,3.125,3.125,0.0,46900
1999-11-23,3.875,3.875,0.0,4.0,3.625,3.875,0.0,85700
1999-11-24,3.375,3.375,0.0,3.875,3.375,3.875,0.0,11600
1999-11-26,3.5625,3.5625,0.0,3.890625,3.375,3.875,0.0,5300
1999-11-29,3.0,3.0,0.0,3.625,2.75,3.5625,0.0,20200
1999-11-30,2.875,2.875,0.0,3.0,2.75,2.96875,0.0,21800
1999-12-01,2.875,2.875,0.0,2.875,2.875,2.875,0.0,6500
1999-12-02,3.0,3.0,0.0,3.0,2.75,2.75,0.0,5400
1999-12-03,3.0,3.0,0.0,3.0,2.875,3.0,0.0,8300
1999-12-06,2.6875,2.6875,0.0,3.0,2.6875,3.0,0.0,11600
1999-12-07,2.875,2.875,0.0,3.0,2.875,2.875,0.0,2400
1999-12-08,3.0,3.0,0.0,3.0,2.6875,2.84375,0.0,5600
1999-12-09,2.78125,2.78125,0.0,3.0,2.78125,2.78125,0.0,3300
1999-12-10,3.125,3.125,0.0,3.25,2.9375,3.0,0.0,12900
1999-12-13,2.9375,2.9375,0.0,3.25,2.78125,3.25,0.0,8700
1999-12-14,2.75,2.75,0.0,3.0625,2.75,2.984375,0.0,5600
1999-12-15,3.0625,3.0625,0.0,3.0625,2.78125,2.78125,0.0,600
1999-12-16,3.0,3.0,0.0,3.3125,2.75,2.875,0.0,19700
1999-12-17,2.75,2.75,0.0,2.875,2.75,2.875,0.0,14500
1999-12-20,2.84375,2.84375,0.0,2.84375,2.78125,2.8125,0.0,1800
1999-12-21,2.90625,2.90625,0.0,2.90625,2.75,2.84375,0.0,12100
1999-12-22,2.6875,2.6875,0.0,2.6875,2.6875,2.6875,0.0,9400
1999-12-23,2.5,2.5,0.0,2.875,2.5,2.75,0.0,20700
1999-12-27,2.5,2.5,0.0,2.8125,2.5,2.5,0.0,11900
1999-12-28,2.5,2.5,0.0,2.96875,2.5,2.625,0.0,26500
1999-12-29,2.6875,2.6875,0.0,2.6875,2.5,2.5,0.0,11300
1999-12-30,2.625,2.625,0.0,2.75,2.53125,2.53125,0.0,16700
1999-12-31,2.5625,2.5625,0.0,2.75,2.5625,2.5625,0.0,12300
2000-01-03,2.75,2.75,0.0,2.75,2.5625,2.5625,0.0,4600
2000-01-04,2.75,2.75,0.0,2.75,2.75,2.75,0.0,2200
2000-01-05,2.75,2.75,0.0,2.8125,2.75,2.78125,0.0,6000
2000-01-06,2.9375,2.9375,0.0,2.9375,2.875,2.875,0.0,5100
2000-01-07,2.875,2.875,0.0,2.875,2.875,2.875,0.0,900
2000-01-10,2.8125,2.8125,0.0,2.875,2.75,2.875,0.0,3300
2000-01-11,2.5625,2.5625,0.0,2.8125,2.5625,2.8125,0.0,14000
2000-01-12,2.5625,2.5625,0.0,2.5625,2.5625,2.5625,0.0,100
2000-01-13,2.5625,2.5625,0.0,3.0,2.5625,3.0,0.0,7600
2000-01-14,3.0,3.0,0.0,3.0,3.0,3.0,0.0,5600
2000-01-18,2.625,2.625,0.0,3.0,2.625,2.9375,0.0,5700
2000-01-19,2.875,2.875,0.0,3.0,2.875,2.875,0.0,15100
2000-01-20,2.875,2.875,0.0,3.0,2.75,2.875,0.0,2800
2000-01-21,2.75,2.75,0.0,3.0,2.75,3.0,0.0,4100
2000-01-24,2.875,2.875,0.0,3.0,2.875,3.0,0.0,13000
2000-01-25,2.875,2.875,0.0,2.875,2.875,2.875,0.0,1700
2000-01-26,2.875,2.875,0.0,2.875,2.59375,2.875,0.0,5900
2000-01-27,3.0625,3.0625,0.0,3.1875,2.625,2.625,0.0,321400
2000-01-28,2.875,2.875,0.0,3.25,2.5,3.25,0.0,84600
2000-01-31,2.625,2.625,0.0,2.78125,2.5625,2.78125,0.0,10400
2000-02-01,3.125,3.125,0.0,3.125,2.875,3.09375,0.0,7300
2000-02-02,2.5625,2.5625,0.0,3.0,2.375,3.0,0.0,163100
2000-02-03,2.859375,2.859375,0.0,2.96875,2.8125,2.84375,0.0,13700
2000-02-04,2.75,2.75,0.0,3.0625,2.75,3.015625,0.0,28700
2000-02-07,2.875,2.875,0.0,3.0,2.8125,2.875,0.0,7400
2000-02-08,2.875,2.875,0.0,3.25,2.875,3.0,0.0,8900
2000-02-09,3.46875,3.46875,0.0,3.46875,2.875,3.125,0.0,44800
2000-02-10,3.5,3.5,0.0,3.5,2.875,3.125,0.0,21600
2000-02-11,3.6875,3.6875,0.0,3.6875,3.125,3.4375,0.0,29400
2000-02-14,3.1875,3.1875,0.0,3.9375,3.1875,3.8125,0.0,22700
2000-02-15,3.25,3.25,0.0,3.5,3.0,3.5,0.0,10900
2000-02-16,3.375,3.375,0.0,3.75,3.125,3.25,0.0,20000
2000-02-17,3.375,3.375,0.0,3.75,3.1875,3.625,0.0,14000
2000-02-18,3.5625,3.5625,0.0,4.0,3.25,3.25,0.0,35900
2000-02-22,4.0,4.0,0.0,4.125,3.5,3.5,0.0,26800
2000-02-23,5.25,5.25,0.0,6.0,4.0625,4.25,0.0,289400
2000-02-24,4.875,4.875,0.0,5.375,4.3125,5.125,0.0,46400
2000-02-25,4.0,4.0,0.0,4.75,4.0,4.5625,0.0,23300
2000-02-28,4.125,4.125,0.0,4.46875,4.09375,4.09375,0.0,8400
2000-02-29,4.125,4.125,0.0,4.625,4.125,4.3125,0.0,15200
2000-03-01,4.5,4.5,0.0,4.5625,4.125,4.1875,0.0,14500
2000-03-02,4.625,4.625,0.0,4.75,4.375,4.375,0.0,17300
2000-03-03,4.6875,4.6875,0.0,4.75,4.28125,4.515625,0.0,30100
2000-03-06,4.5,4.5,0.0,4.75,4.28125,4.65625,0.0,54800
2000-03-07,4.75,4.75,0.0,4.96875,4.125,4.75,0.0,16500
2000-03-08,4.75,4.75,0.0,4.84375,4.5,4.625,0.0,9800
2000-03-09,4.3125,4.3125,0.0,4.75,4.28125,4.515625,0.0,13500
2000-03-10,4.28125,4.28125,0.0,4.59375,4.25,4.5,0.0,1600
2000-03-13,4.3125,4.3125,0.0,4.390625,4.28125,4.390625,0.0,1700
2000-03-14,4.0,4.0,0.0,4.28125,3.75,4.28125,0.0,53400
2000-03-15,3.875,3.875,0.0,3.890625,3.78125,3.890625,0.0,4800
2000-03-16,3.40625,3.40625,0.0,3.796875,3.28125,3.796875,0.0,14900
2000-03-17,3.625,3.625,0.0,4.0625,3.625,3.984375,0.0,5200
2000-03-20,3.625,3.625,0.0,3.8125,3.625,3.8125,0.0,11900
2000-03-21,3.5,3.5,0.0,3.5625,3.5,3.5,0.0,4400
2000-03-22,3.375,3.375,0.0,3.625,3.3125,3.625,0.0,4200
2000-03-23,3.28125,3.28125,0.0,3.875,3.28125,3.5,0.0,3500
2000-03-24,3.5,3.5,0.0,4.0,3.5,4.0,0.0,3000
2000-03-27,3.625,3.625,0.0,3.921875,3.625,3.921875,0.0,4300
2000-03-28,3.5,3.5,0.0,3.625,3.25,3.46875,0.0,10100
2000-03-29,3.375,3.375,0.0,3.5,3.25,3.5,0.0,4500
2000-03-30,3.40625,3.40625,0.0,4.0,3.25,3.25,0.0,5000
2000-03-31,3.375,3.375,0.0,3.375,3.375,3.375,0.0,800
2000-04-03,3.40625,3.40625,0.0,3.40625,3.40625,3.40625,0.0,200
2000-04-04,3.125,3.125,0.0,3.375,3.125,3.375,0.0,11200
2000-04-05,3.875,3.875,0.0,3.875,3.125,3.125,0.0,300
2000-04-06,3.84375,3.84375,0.0,3.875,3.15625,3.875,0.0,2300
2000-04-07,3.25,3.25,0.0,3.25,3.125,3.125,0.0,600
2000-04-10,3.8125,3.8125,0.0,3.8125,3.5,3.5,0.0,400
2000-04-11,3.75,3.75,0.0,3.875,3.15625,3.25,0.0,700
2000-04-12,3.25,3.25,0.0,3.25,3.125,3.25,0.0,3700
2000-04-13,3.25,3.25,0.0,3.25,3.125,3.25,0.0,3100
2000-04-14,3.03125,3.03125,0.0,3.125,3.03125,3.125,0.0,2300
2000-04-17,3.0625,3.0625,0.0,3.0625,3.03125,3.0625,0.0,7000
2000-04-18,3.0625,3.0625,0.0,3.0625,3.03125,3.03125,0.0,1100
2000-04-19,3.0,3.0,0.0,3.25,3.0,3.0625,0.0,7700
2000-04-20,3.0625,3.0625,0.0,3.0625,3.0625,3.0625,0.0,300
2000-04-24,2.875,2.875,0.0,3.0,2.875,3.0,0.0,18000
2000-04-25,2.875,2.875,0.0,3.0625,2.875,3.0625,0.0,8000
2000-04-26,3.0,3.0,0.0,3.0,3.0,3.0,0.0,200
2000-04-27,2.875,2.875,0.0,2.875,2.875,2.875,0.0,500
2000-04-28,3.0625,3.0625,0.0,3.0625,2.625,2.875,0.0,17100
2000-05-01,3.0,3.0,0.0,3.0,2.75,2.75,0.0,9200
2000-05-02,2.625,2.625,0.0,3.0625,2.5,3.0625,0.0,26300
2000-05-03,2.625,2.625,0.0,3.0,2.625,2.96875,0.0,6200
2000-05-04,2.75,2.75,0.0,2.75,2.75,2.75,0.0,14400
2000-05-05,2.6875,2.6875,0.0,3.0,2.6875,2.875,0.0,1600
2000-05-08,3.0,3.0,0.0,3.0,2.9375,2.9375,0.0,600
2000-05-09,2.75,2.75,0.0,2.875,2.75,2.875,0.0,4300
2000-05-10,2.6875,2.6875,0.0,2.75,2.625,2.75,0.0,5500
2000-05-11,2.6875,2.6875,0.0,2.6875,2.625,2.625,0.0,1100
2000-05-12,2.6875,2.6875,0.0,2.6875,2.6875,2.6875,0.0,1000
2000-05-15,2.5,2.5,0.0,2.75,2.5,2.6875,0.0,7400
2000-05-16,2.75,2.75,0.0,2.75,2.625,2.625,0.0,6300
2000-05-17,2.75,2.75,0.0,2.75,2.75,2.75,0.0,700
2000-05-18,2.75,2.75,0.0,2.75,2.75,2.75,0.0,0
2000-05-19,2.5625,2.5625,0.0,2.625,2.5625,2.625,0.0,5500
2000-05-22,2.6875,2.6875,0.0,2.6875,2.5625,2.5625,0.0,2600
2000-05-23,2.625,2.625,0.0,2.625,2.625,2.625,0.0,1300
2000-05-24,2.75,2.75,0.0,2.75,2.5625,2.5625,0.0,1700
2000-05-25,2.5625,2.5625,0.0,2.5625,2.5625,2.5625,0.0,2400
2000-05-26,2.6875,2.6875,0.0,2.6875,2.5625,2.625,0.0,3400
2000-05-30,2.5,2.5,0.0,2.6875,2.5,2.5625,0.0,9400
2000-05-31,2.75,2.75,0.0,2.75,2.6875,2.6875,0.0,7700
2000-06-01,3.5,3.5,0.0,4.375,2.5,3.0,0.0,92500
2000-06-02,3.75,3.75,0.0,4.0,3.125,4.0,0.0,8500
2000-06-05,3.3125,3.3125,0.0,3.421875,3.0,3.28125,0.0,6900
2000-06-06,3.5,3.5,0.0,3.5,3.4375,3.5,0.0,3600
2000-06-07,3.375,3.375,0.0,3.4375,3.375,3.4375,0.0,3000
2000-06-08,3.375,3.375,0.0,3.375,3.375,3.375,0.0,200
2000-06-09,3.375,3.375,0.0,3.4375,3.375,3.4375,0.0,7900
2000-06-12,3.40625,3.40625,0.0,3.4375,3.375,3.375,0.0,3000
2000-06-13,3.4375,3.4375,0.0,3.4375,3.375,3.375,0.0,5400
2000-06-14,3.375,3.375,0.0,3.375,3.375,3.375,0.0,800
2000-06-15,3.4375,3.4375,0.0,3.4375,3.0625,3.40625,0.0,3900
2000-06-16,3.375,3.375,0.0,3.375,3.375,3.375,0.0,1500
2000-06-19,3.375,3.375,0.0,3.40625,3.3125,3.40625,0.0,3800
2000-06-20,3.3125,3.3125,0.0,3.34375,3.3125,3.34375,0.0,2500
2000-06-21,2.875,2.875,0.0,3.0625,2.75,3.0625,0.0,9100
2000-06-22,2.875,2.875,0.0,2.875,2.875,2.875,0.0,0
2000-06-23,3.0625,3.0625,0.0,3.0625,3.0625,3.0625,0.0,600
2000-06-26,3.0,3.0,0.0,3.0,3.0,3.0,0.0,6400
2000-06-27,3.0,3.0,0.0,3.0625,3.0,3.0625,0.0,14400
2000-06-28,3.0,3.0,0.0,3.0,3.0,3.0,0.0,0
2000-06-29,3.0,3.0,0.0,3.0,3.0,3.0,0.0,600
2000-06-30,3.0,3.0,0.0,3.0,3.0,3.0,0.0,2000
2000-07-03,3.1875,3.1875,0.0,3.1875,3.1875,3.1875,0.0,200
2000-07-05,3.5,3.5,0.0,3.875,3.0,3.0,0.0,12300
2000-07-06,3.25,3.25,0.0,3.25,3.0,3.25,0.0,1600
2000-07-07,3.25,3.25,0.0,3.25,3.25,3.25,0.0,100
2000-07-10,3.21875,3.21875,0.0,3.4375,3.21875,3.25,0.0,400
2000-07-11,3.0625,3.0625,0.0,3.21875,2.78125,3.21875,0.0,20200
2000-07-12,3.15625,3.15625,0.0,3.15625,3.15625,3.15625,0.0,400
2000-07-13,3.25,3.25,0.0,3.375,3.0625,3.0625,0.0,3600
2000-07-14,3.0625,3.0625,0.0,3.0625,3.0625,3.0625,0.0,200
2000-07-17,3.0625,3.0625,0.0,3.0625,3.0625,3.0625,0.0,1000
2000-07-18,3.0,3.0,0.0,3.21875,3.0,3.078125,0.0,5200
2000-07-19,3.0,3.0,0.0,3.0,3.0,3.0,0.0,0
2000-07-20,3.03125,3.03125,0.0,3.03125,3.0,3.03125,0.0,16600
2000-07-21,3.03125,3.03125,0.0,3.03125,3.03125,3.03125,0.0,0
2000-07-24,3.0,3.0,0.0,3.0,3.0,3.0,0.0,100
2000-07-25,2.96875,2.96875,0.0,3.0,2.96875,3.0,0.0,800
2000-07-26,2.96875,2.96875,0.0,2.96875,2.96875,2.96875,0.0,500
2000-07-27,2.96875,2.96875,0.0,2.96875,2.96875,2.96875,0.0,0
2000-07-28,2.96875,2.96875,0.0,2.96875,2.96875,2.96875,0.0,100
2000-07-31,2.375,2.375,0.0,2.875,2.375,2.875,0.0,16900
2000-08-01,2.625,2.625,0.0,2.625,2.5625,2.625,0.0,7500
2000-08-02,2.5,2.5,0.0,2.75,2.5,2.5625,0.0,15900
2000-08-03,2.5,2.5,0.0,2.5,2.5,2.5,0.0,0
2000-08-04,2.6875,2.6875,0.0,2.6875,2.6875,2.6875,0.0,4700
2000-08-07,2.75,2.75,0.0,2.75,2.6875,2.6875,0.0,10600
2000-08-08,2.75,2.75,0.0,2.875,2.75,2.875,0.0,1400
2000-08-09,2.75,2.75,0.0,2.75,2.75,2.75,0.0,0
2000-08-10,2.96875,2.96875,0.0,2.96875,2.75,2.8125,0.0,9400
2000-08-11,2.96875,2.96875,0.0,2.96875,2.96875,2.96875,0.0,0
2000-08-14,2.9375,2.9375,0.0,3.375,2.890625,2.96875,0.0,5100
2000-08-15,3.0625,3.0625,0.0,3.09375,3.0625,3.09375,0.0,4600
2000-08-16,3.0625,3.0625,0.0,3.25,2.8125,3.125,0.0,17400
2000-08-17,3.03125,3.03125,0.0,3.03125,3.03125,3.03125,0.0,700
2000-08-18,3.0625,3.0625,0.0,3.0625,3.0625,3.0625,0.0,500
2000-08-21,2.875,2.875,0.0,3.09375,2.8125,3.09375,0.0,5200
2000-08-22,3.09375,3.09375,0.0,3.5,3.09375,3.4375,0.0,2100
2000-08-23,3.09375,3.09375,0.0,3.09375,3.09375,3.09375,0.0,0
2000-08-24,3.0625,3.0625,0.0,3.5,3.0625,3.1875,0.0,2900
2000-08-25,3.125,3.125,0.0,3.125,3.125,3.125,0.0,200
2000-08-28,3.125,3.125,0.0,3.1875,3.125,3.1875,0.0,4600
2000-08-29,2.9375,2.9375,0.0,3.03125,2.9375,3.03125,0.0,200
2000-08-30,3.125,3.125,0.0,3.125,2.96875,3.0,0.0,4600
2000-08-31,2.9375,2.9375,0.0,2.9375,2.9375,2.9375,0.0,200
2000-09-01,2.9375,2.9375,0.0,2.9375,2.9375,2.9375,0.0,0
2000-09-05,3.0625,3.0625,0.0,3.125,2.953125,2.953125,0.0,7300
2000-09-06,3.15625,3.15625,0.0,3.1875,3.125,3.125,0.0,22900
2000-09-07,2.9375,2.9375,0.0,3.1875,2.6875,3.1875,0.0,13500
2000-09-08,2.9375,2.9375,0.0,2.984375,2.9375,2.984375,0.0,4100
2000-09-11,2.9375,2.9375,0.0,2.9375,2.9375,2.9375,0.0,0
2000-09-12,3.0,3.0,0.0,3.03125,3.0,3.03125,0.0,1100
2000-09-13,3.0,3.0,0.0,3.0,3.0,3.0,0.0,300
2000-09-14,3.03125,3.03125,0.0,3.03125,3.0,3.0,0.0,1300
2000-09-15,2.78125,2.78125,0.0,2.984375,2.78125,2.984375,0.0,2800
2000-09-18,2.65625,2.65625,0.0,2.9375,2.625,2.9375,0.0,3000
2000-09-19,2.6875,2.6875,0.0,2.6875,2.6875,2.6875,0.0,800
2000-09-20,2.6875,2.6875,0.0,2.6875,2.6875,2.6875,0.0,0
2000-09-21,2.625,2.625,0.0,2.75,2.625,2.75,0.0,10100
2000-09-22,2.625,2.625,0.0,2.625,2.625,2.625,0.0,1100
2000-09-25,2.625,2.625,0.0,2.75,2.625,2.75,0.0,2200
2000-09-26,2.5625,2.5625,0.0,2.75,2.5625,2.625,0.0,8600
2000-09-27,2.5625,2.5625,0.0,2.5625,2.5625,2.5625,0.0,0
2000-09-28,2.6875,2.6875,0.0,2.75,2.6875,2.75,0.0,4900
2000-09-29,2.6875,2.6875,0.0,2.75,2.6875,2.75,0.0,2800
2000-10-02,2.6875,2.6875,0.0,2.6875,2.6875,2.6875,0.0,0
2000-10-03,2.6875,2.6875,0.0,2.875,2.6875,2.875,0.0,1300
2000-10-04,2.6875,2.6875,0.0,2.6875,2.6875,2.6875,0.0,0
2000-10-05,2.6875,2.6875,0.0,2.75,2.6875,2.75,0.0,4200
2000-10-06,2.78125,2.78125,0.0,2.78125,2.75,2.75,0.0,6200
2000-10-09,2.6875,2.6875,0.0,2.6875,2.6875,2.6875,0.0,3000
2000-10-10,2.671875,2.671875,0.0,2.671875,2.65625,2.65625,0.0,19700
2000-10-11,2.6875,2.6875,0.0,2.6875,2.65625,2.65625,0.0,1900
2000-10-12,2.5,2.5,0.0,2.65625,2.5,2.65625,0.0,3200
2000-10-13,2.53125,2.53125,0.0,2.5625,2.53125,2.53125,0.0,3400
2000-10-16,2.625,2.625,0.0,2.625,2.625,2.625,0.0,1900
2000-10-17,2.5,2.5,0.0,2.609375,2.5,2.609375,0.0,5200
2000-10-18,2.53125,2.53125,0.0,2.6875,2.53125,2.6875,0.0,600
2000-10-19,2.75,2.75,0.0,2.75,2.53125,2.53125,0.0,3700
2000-10-20,2.5625,2.5625,0.0,2.5625,2.5625,2.5625,0.0,200
2000-10-23,2.6875,2.6875,0.0,2.6875,2.6875,2.6875,0.0,6000
2000-10-24,2.6875,2.6875,0.0,2.6875,2.6875,2.6875,0.0,0
2000-10-25,2.125,2.125,0.0,2.65625,2.125,2.65625,0.0,33700
2000-10-26,2.375,2.375,0.0,2.625,2.15625,2.15625,0.0,6800
2000-10-27,2.375,2.375,0.0,2.5625,2.375,2.5625,0.0,1100
2000-10-30,2.375,2.375,0.0,2.375,2.375,2.375,0.0,0
2000-10-31,2.4375,2.4375,0.0,2.4375,2.34375,2.34375,0.0,400
2000-11-01,2.375,2.375,0.0,2.375,2.375,2.375,0.0,500
2000-11-02,2.28125,2.28125,0.0,2.375,2.25,2.375,0.0,13400
2000-11-03,2.4375,2.4375,0.0,2.4375,2.25,2.25,0.0,9800
2000-11-06,2.375,2.375,0.0,2.4375,2.375,2.421875,0.0,4200
2000-11-07,2.375,2.375,0.0,2.75,2.375,2.75,0.0,2200
2000-11-08,2.5,2.5,0.0,2.5,2.375,2.375,0.0,1000
2000-11-09,2.5,2.5,0.0,2.75,2.15625,2.375,0.0,16000
2000-11-10,2.25,2.25,0.0,2.5,2.1875,2.5,0.0,3200
2000-11-13,2.1875,2.1875,0.0,2.203125,2.1875,2.203125,0.0,2400
2000-11-14,2.5,2.5,0.0,2.5,2.5,2.5,0.0,10000
2000-11-15,2.5,2.5,0.0,2.5,2.5,2.5,0.0,2800
2000-11-16,2.4375,2.4375,0.0,2.5,2.4375,2.4375,0.0,4500
2000-11-17,2.25,2.25,0.0,2.4375,2.25,2.4375,0.0,12600
2000-11-20,2.375,2.375,0.0,2.375,2.375,2.375,0.0,1600
2000-11-21,2.375,2.375,0.0,2.375,2.375,2.375,0.0,100
2000-11-22,2.375,2.375,0.0,2.375,2.375,2.375,0.0,2000
2000-11-24,2.375,2.375,0.0,2.375,2.375,2.375,0.0,0
2000-11-27,2.3125,2.3125,0.0,2.5,2.3125,2.4375,0.0,4500
2000-11-28,2.375,2.375,0.0,2.4375,2.375,2.4375,0.0,1100
2000-11-29,2.375,2.375,0.0,2.375,2.375,2.375,0.0,100
2000-11-30,2.3125,2.3125,0.0,2.4375,2.3125,2.40625,0.0,6300
2000-12-01,2.3125,2.3125,0.0,2.3125,2.3125,2.3125,0.0,0
2000-12-04,2.3125,2.3125,0.0,2.4375,2.3125,2.4375,0.0,2300
2000-12-05,2.3125,2.3125,0.0,2.3125,2.3125,2.3125,0.0,0
2000-12-06,2.3125,2.3125,0.0,2.4375,2.3125,2.3125,0.0,2100
2000-12-07,2.3125,2.3125,0.0,2.375,2.3125,2.328125,0.0,3300
2000-12-08,2.4375,2.4375,0.0,2.4375,2.375,2.375,0.0,2800
2000-12-11,2.3125,2.3125,0.0,2.375,2.3125,2.375,0.0,4100
2000-12-12,2.375,2.375,0.0,2.375,2.375,2.375,0.0,3100
2000-12-13,2.3125,2.3125,0.0,2.328125,2.3125,2.328125,0.0,1000
2000-12-14,2.3125,2.3125,0.0,2.3125,2.3125,2.3125,0.0,2000
2000-12-15,2.375,2.375,0.0,2.375,2.3125,2.3125,0.0,2300
2000-12-18,2.125,2.125,0.0,2.3125,2.125,2.3125,0.0,16000
2000-12-19,2.28125,2.28125,0.0,2.3125,2.28125,2.3125,0.0,14300
2000-12-20,2.15625,2.15625,0.0,2.3125,2.15625,2.28125,0.0,29100
2000-12-21,2.125,2.125,0.0,2.1875,2.125,2.1875,0.0,28400
2000-12-22,2.125,2.125,0.0,2.1875,2.125,2.1875,0.0,3400
2000-12-26,2.125,2.125,0.0,2.4375,2.125,2.125,0.0,10100
2000-12-27,2.125,2.125,0.0,2.140625,2.125,2.140625,0.0,19400
2000-12-28,2.125,2.125,0.0,2.25,2.125,2.140625,0.0,24000
2000-12-29,2.3125,2.3125,0.0,2.4375,2.125,2.1875,0.0,5800
2001-01-02,2.3125,2.3125,0.0,2.59375,2.3125,2.59375,0.0,3400
2001-01-03,2.3125,2.3125,0.0,2.3125,2.3125,2.3125,0.0,0
2001-01-04,2.3125,2.3125,0.0,2.3125,2.3125,2.3125,0.0,0
2001-01-05,2.3125,2.3125,0.0,2.3125,2.3125,2.3125,0.0,0
2001-01-08,2.625,2.625,0.0,2.625,2.625,2.625,0.0,500
2001-01-09,2.375,2.375,0.0,2.5,2.21875,2.375,0.0,5600
2001-01-10,2.5,2.5,0.0,2.75,2.375,2.375,0.0,1000
2001-01-11,2.5,2.5,0.0,2.5,2.5,2.5,0.0,3700
2001-01-12,3.46875,3.46875,0.0,3.75,2.625,2.75,0.0,27100
2001-01-16,3.4375,3.4375,0.0,3.484375,3.1875,3.484375,0.0,4200
2001-01-17,3.0,3.0,0.0,3.34375,3.0,3.265625,0.0,12200
2001-01-18,3.5,3.5,0.0,3.5,3.4375,3.4375,0.0,1100
2001-01-19,3.1875,3.1875,0.0,3.25,3.15625,3.25,0.0,15300
2001-01-22,3.1875,3.1875,0.0,3.375,3.0625,3.234375,0.0,15200
2001-01-23,3.25,3.25,0.0,3.25,3.125,3.125,0.0,1400
2001-01-24,3.0625,3.0625,0.0,3.375,3.0,3.125,0.0,26500
2001-01-25,3.375,3.375,0.0,3.375,3.296875,3.296875,0.0,14000
2001-01-26,3.1875,3.1875,0.0,3.375,3.125,3.25,0.0,4300
2001-01-29,2.875,2.875,0.0,3.25,2.875,3.25,0.0,49900
2001-01-30,3.125,3.125,0.0,3.1875,2.9375,3.046875,0.0,9700
2001-01-31,3.125,3.125,0.0,3.125,3.0625,3.0625,0.0,1100
2001-02-01,3.125,3.125,0.0,3.125,3.0,3.0,0.0,6600
2001-02-02,3.125,3.125,0.0,3.125,3.0,3.125,0.0,5800
2001-02-05,3.125,3.125,0.0,3.125,3.015625,3.015625,0.0,300
2001-02-06,3.0625,3.0625,0.0,3.125,3.0625,3.125,0.0,5700
2001-02-07,3.3125,3.3125,0.0,3.3125,3.1875,3.1875,0.0,8600
2001-02-08,3.25,3.25,0.0,3.3125,3.25,3.3125,0.0,300
2001-02-09,3.375,3.375,0.0,3.4375,3.25,3.4375,0.0,4800
2001-02-12,3.375,3.375,0.0,3.375,3.375,3.375,0.0,0
2001-02-13,3.25,3.25,0.0,3.25,3.1875,3.234375,0.0,6300
2001-02-14,3.1875,3.1875,0.0,3.1875,3.1875,3.1875,0.0,300
2001-02-15,3.0,3.0,0.0,3.1875,3.0,3.1875,0.0,8500
2001-02-16,3.0625,3.0625,0.0,3.0625,3.0625,3.0625,0.0,3900
2001-02-20,3.125,3.125,0.0,3.46875,3.125,3.125,0.0,2600
2001-02-21,3.125,3.125,0.0,3.125,3.125,3.125,0.0,0
2001-02-22,3.375,3.375,0.0,3.375,3.375,3.375,0.0,2000
2001-02-23,3.375,3.375,0.0,3.375,3.375,3.375,0.0,800
2001-02-26,3.4375,3.4375,0.0,3.4375,3.375,3.375,0.0,6500
2001-02-27,3.875,3.875,0.0,3.875,3.5,3.5,0.0,1300
2001-02-28,3.5,3.5,0.0,3.5,3.5,3.5,0.0,700
2001-03-01,3.375,3.375,0.0,3.5,3.375,3.5,0.0,12700
2001-03-02,3.375,3.375,0.0,3.375,3.375,3.375,0.0,0
2001-03-05,3.46875,3.46875,0.0,3.46875,3.4375,3.4375,0.0,300
2001-03-06,3.0,3.0,0.0,3.5,3.0,3.5,0.0,9300
2001-03-07,3.75,3.75,0.0,3.75,3.09375,3.09375,0.0,4200
2001-03-08,3.75,3.75,0.0,3.75,3.75,3.75,0.0,0
2001-03-09,3.75,3.75,0.0,3.75,3.75,3.75,0.0,0
2001-03-12,3.4375,3.4375,0.0,3.4375,3.4375,3.4375,0.0,1800
2001-03-13,3.125,3.125,0.0,3.6875,3.125,3.671875,0.0,700
2001-03-14,3.1875,3.1875,0.0,3.1875,3.125,3.125,0.0,1900
2001-03-15,3.0,3.0,0.0,3.125,3.0,3.125,0.0,4600
2001-03-16,3.0,3.0,0.0,3.0,3.0,3.0,0.0,1800
2001-03-19,3.0,3.0,0.0,3.0,3.0,3.0,0.0,500
2001-03-20,3.0625,3.0625,0.0,3.0625,3.0625,3.0625,0.0,1000
2001-03-21,3.0625,3.0625,0.0,3.0625,3.0625,3.0625,0.0,0
2001-03-22,3.375,3.375,0.0,3.375,2.625,2.65625,0.0,28800
2001-03-23,3.375,3.375,0.0,3.375,3.375,3.375,0.0,0
2001-03-26,3.375,3.375,0.0,3.375,3.375,3.375,0.0,0
2001-03-27,3.0,3.0,0.0,3.0,3.0,3.0,0.0,100
2001-03-28,3.375,3.375,0.0,3.375,3.0,3.0,0.0,2500
2001-03-29,3.03125,3.03125,0.0,3.4375,3.03125,3.4375,0.0,5500
2001-03-30,3.03125,3.03125,0.0,3.03125,3.03125,3.03125,0.0,0
2001-04-02,3.03125,3.03125,0.0,3.03125,3.03125,3.03125,0.0,0
2001-04-03,3.046875,3.046875,0.0,3.046875,3.046875,3.046875,0.0,300
2001-04-04,3.0625,3.0625,0.0,3.0625,3.0625,3.0625,0.0,1000
2001-04-05,3.1875,3.1875,0.0,3.25,3.015625,3.0625,0.0,1300
2001-04-06,3.0,3.0,0.0,3.0,3.0,3.0,0.0,500
2001-04-09,3.0,3.0,0.0,3.0,3.0,3.0,0.0,1000
2001-04-10,3.25,3.25,0.0,3.700000047683716,3.049999952316284,3.390000104904175,0.0,9300
2001-04-11,3.25,3.25,0.0,3.490000009536743,3.25,3.490000009536743,0.0,7300
2001-04-12,3.25,3.25,0.0,3.25,3.25,3.25,0.0,0
2001-04-16,3.5799999237060547,3.5799999237060547,0.0,3.5799999237060547,3.25,3.25,0.0,2000
2001-04-17,3.6500000953674316,3.6500000953674316,0.0,3.7200000286102295,3.6500000953674316,3.690000057220459,0.0,5800
2001-04-18,3.6500000953674316,3.6500000953674316,0.0,3.75,3.6500000953674316,3.7200000286102295,0.0,1900
2001-04-19,3.75,3.75,0.0,3.880000114440918,3.5999999046325684,3.75,0.0,9400
2001-04-20,3.75,3.75,0.0,3.75,3.640000104904175,3.640000104904175,0.0,2500
2001-04-23,3.75,3.75,0.0,3.75,3.75,3.75,0.0,400
2001-04-24,3.5,3.5,0.0,3.690000057220459,3.5,3.690000057220459,0.0,1300
2001-04-25,3.5,3.5,0.0,3.5999999046325684,3.5,3.5,0.0,1300
2001-04-26,3.5299999713897705,3.5299999713897705,0.0,3.5299999713897705,3.5,3.5,0.0,2600
2001-04-27,3.5999999046325684,3.5999999046325684,0.0,3.5999999046325684,3.5,3.5,0.0,4900
2001-04-30,4.190000057220459,4.190000057220459,0.0,4.199999809265137,3.9200000762939453,3.990000009536743,0.0,79300
2001-05-01,4.449999809265137,4.449999809265137,0.0,4.489999771118164,3.75,4.170000076293945,0.0,26700
2001-05-02,4.0,4.0,0.0,4.5,4.0,4.480000019073486,0.0,53500
2001-05-03,4.25,4.25,0.0,4.349999904632568,4.190000057220459,4.25,0.0,78400
2001-05-04,4.199999809265137,4.199999809265137,0.0,4.340000152587891,4.170000076293945,4.269999980926514,0.0,2800
2001-05-07,4.099999904632568,4.099999904632568,0.0,4.349999904632568,4.099999904632568,4.199999809265137,0.0,2500
2001-05-08,4.230000019073486,4.230000019073486,0.0,4.230000019073486,4.230000019073486,4.230000019073486,0.0,30000
2001-05-09,4.199999809265137,4.199999809265137,0.0,4.25,4.099999904632568,4.230000019073486,0.0,21800
2001-05-10,4.090000152587891,4.090000152587891,0.0,4.199999809265137,4.0,4.199999809265137,0.0,12600
2001-05-11,4.079999923706055,4.079999923706055,0.0,4.150000095367432,4.079999923706055,4.099999904632568,0.0,4100
2001-05-14,4.0,4.0,0.0,4.059999942779541,3.9000000953674316,4.059999942779541,0.0,9200
2001-05-15,4.0,4.0,0.0,4.010000228881836,3.9800000190734863,4.0,0.0,64500
2001-05-16,4.0,4.0,0.0,4.0,4.0,4.0,0.0,34100
2001-05-17,4.059999942779541,4.059999942779541,0.0,4.059999942779541,4.0,4.0,0.0,52600
2001-05-18,4.059999942779541,4.059999942779541,0.0,4.070000171661377,4.059999942779541,4.070000171661377,0.0,1200
2001-05-21,4.0,4.0,0.0,4.090000152587891,3.75,4.050000190734863,0.0,24400
2001-05-22,4.059999942779541,4.059999942779541,0.0,4.059999942779541,4.0,4.059999942779541,0.0,12400
2001-05-23,4.070000171661377,4.070000171661377,0.0,4.070000171661377,4.0,4.059999942779541,0.0,124700
2001-05-24,4.0,4.0,0.0,4.099999904632568,4.0,4.099999904632568,0.0,192200
2001-05-25,4.059999942779541,4.059999942779541,0.0,4.099999904632568,4.0,4.03000020980835,0.0,233700
2001-05-29,4.75,4.75,0.0,4.849999904632568,4.130000114440918,4.300000190734863,0.0,248700
2001-05-30,4.789999961853027,4.789999961853027,0.0,4.96999979019165,4.550000190734863,4.889999866485596,0.0,110900
2001-05-31,5.25,5.25,0.0,5.360000133514404,4.670000076293945,4.860000133514404,0.0,175300
2001-06-01,5.059999942779541,5.059999942779541,0.0,5.400000095367432,4.5,5.21999979019165,0.0,40700
2001-06-04,5.579999923706055,5.579999923706055,0.0,5.869999885559082,5.150000095367432,5.239999771118164,0.0,90100
2001-06-05,6.010000228881836,6.010000228881836,0.0,6.170000076293945,5.599999904632568,6.059999942779541,0.0,150400
2001-06-06,6.300000190734863,6.300000190734863,0.0,6.599999904632568,6.039999961853027,6.159999847412109,0.0,100500
2001-06-07,6.46999979019165,6.46999979019165,0.0,6.699999809265137,6.460000038146973,6.550000190734863,0.0,84500
2001-06-08,6.599999904632568,6.599999904632568,0.0,6.75,6.5,6.53000020980835,0.0,59700
2001-06-11,7.0,7.0,0.0,7.159999847412109,6.539999961853027,6.590000152587891,0.0,146400
2001-06-12,6.869999885559082,6.869999885559082,0.0,7.300000190734863,6.75,7.300000190734863,0.0,29900
2001-06-13,6.199999809265137,6.199999809265137,0.0,6.949999809265137,6.179999828338623,6.869999885559082,0.0,33100
2001-06-14,5.900000095367432,5.900000095367432,0.0,6.389999866485596,5.650000095367432,6.380000114440918,0.0,64600
2001-06-15,6.340000152587891,6.340000152587891,0.0,6.429999828338623,5.349999904632568,5.349999904632568,0.0,59800
2001-06-18,6.0,6.0,0.0,6.519999980926514,5.820000171661377,6.25,0.0,25900
2001-06-19,6.0,6.0,0.0,6.050000190734863,5.599999904632568,5.599999904632568,0.0,19200
2001-06-20,5.96999979019165,5.96999979019165,0.0,6.0,5.619999885559082,5.800000190734863,0.0,32700
2001-06-21,6.070000171661377,6.070000171661377,0.0,6.070000171661377,5.650000095367432,6.0,0.0,10800
2001-06-22,6.639999866485596,6.639999866485596,0.0,6.639999866485596,6.059999942779541,6.059999942779541,0.0,10500
2001-06-25,8.199999809265137,8.199999809265137,0.0,8.25,7.199999809265137,7.389999866485596,0.0,227500
2001-06-26,8.380000114440918,8.380000114440918,0.0,8.449999809265137,7.400000095367432,8.0,0.0,114200
2001-06-27,8.239999771118164,8.239999771118164,0.0,8.529999732971191,8.109999656677246,8.5,0.0,60600
2001-06-28,9.039999961853027,9.039999961853027,0.0,9.100000381469727,7.710000038146973,8.25,0.0,137200
2001-06-29,8.949999809265137,8.949999809265137,0.0,9.489999771118164,8.699999809265137,9.390000343322754,0.0,103200
2001-07-02,9.6899995803833,9.6899995803833,0.0,9.770000457763672,9.050000190734863,9.119999885559082,0.0,73000
2001-07-03,10.430000305175781,10.430000305175781,0.0,10.569999694824219,9.609999656677246,9.899999618530273,0.0,97600
2001-07-05,11.760000228881836,11.760000228881836,0.0,11.899999618530273,10.279999732971191,10.420000076293945,0.0,233000
2001-07-06,9.989999771118164,9.989999771118164,0.0,12.149999618530273,9.699999809265137,12.149999618530273,0.0,320600
2001-07-09,9.899999618530273,9.899999618530273,0.0,9.949999809265137,8.819999694824219,9.75,0.0,256500
2001-07-10,11.100000381469727,11.100000381469727,0.0,11.4399995803833,9.819999694824219,10.270000457763672,0.0,247200
2001-07-11,11.0,11.0,0.0,11.100000381469727,10.300000190734863,10.75,0.0,186800
2001-07-12,10.920000076293945,10.920000076293945,0.0,11.199999809265137,10.8100004196167,10.9399995803833,0.0,98600
2001-07-13,10.739999771118164,10.739999771118164,0.0,10.899999618530273,10.5,10.890000343322754,0.0,85800
2001-07-16,11.210000038146973,11.210000038146973,0.0,11.40999984741211,11.0,11.109999656677246,0.0,48000
2001-07-17,11.819999694824219,11.819999694824219,0.0,11.850000381469727,10.149999618530273,10.920000076293945,0.0,153500
2001-07-18,12.720000267028809,12.720000267028809,0.0,12.720000267028809,11.710000038146973,12.029999732971191,0.0,177200
2001-07-19,13.850000381469727,13.850000381469727,0.0,14.5,13.010000228881836,13.149999618530273,0.0,212400
2001-07-20,12.899999618530273,12.899999618530273,0.0,13.869999885559082,12.5,13.859999656677246,0.0,98300
2001-07-23,13.119999885559082,13.119999885559082,0.0,13.399999618530273,11.800000190734863,12.75,0.0,135100
2001-07-24,13.739999771118164,13.739999771118164,0.0,14.0,12.170000076293945,12.420000076293945,0.0,77000
2001-07-25,13.899999618530273,13.899999618530273,0.0,13.9399995803833,13.079999923706055,13.9399995803833,0.0,39300
2001-07-26,13.649999618530273,13.649999618530273,0.0,13.9399995803833,13.149999618530273,13.9399995803833,0.0,42400
2001-07-27,13.449999809265137,13.449999809265137,0.0,13.699999809265137,13.09000015258789,13.449999809265137,0.0,38900
2001-07-30,12.960000038146973,12.960000038146973,0.0,13.619999885559082,12.100000381469727,13.489999771118164,0.0,44900
2001-07-31,10.699999809265137,10.699999809265137,0.0,12.109999656677246,10.15999984741211,12.100000381469727,0.0,201000
2001-08-01,11.6899995803833,11.6899995803833,0.0,11.6899995803833,10.819999694824219,10.9399995803833,0.0,108600
2001-08-02,9.699999809265137,9.699999809265137,0.0,12.039999961853027,9.699999809265137,11.829999923706055,0.0,64100
2001-08-03,9.949999809265137,9.949999809265137,0.0,10.399999618530273,9.5,9.859999656677246,0.0,38400
2001-08-06,9.149999618530273,9.149999618530273,0.0,9.699999809265137,8.600000381469727,9.600000381469727,0.0,86800
2001-08-07,8.260000228881836,8.260000228881836,0.0,9.5,8.260000228881836,8.539999961853027,0.0,50900
2001-08-08,8.699999809265137,8.699999809265137,0.0,8.989999771118164,7.809999942779541,8.270000457763672,0.0,54000
2001-08-09,8.449999809265137,8.449999809265137,0.0,8.739999771118164,8.350000381469727,8.600000381469727,0.0,15000
2001-08-10,8.899999618530273,8.899999618530273,0.0,9.25,8.5,8.5,0.0,59900
2001-08-13,10.0,10.0,0.0,10.0,8.800000190734863,8.800000190734863,0.0,55600
2001-08-14,10.300000190734863,10.300000190734863,0.0,10.5,9.899999618530273,10.25,0.0,75500
2001-08-15,9.739999771118164,9.739999771118164,0.0,10.289999961853027,9.350000381469727,10.0600004196167,0.0,72700
2001-08-16,9.369999885559082,9.369999885559082,0.0,9.899999618530273,9.039999961853027,9.260000228881836,0.0,15100
2001-08-17,8.829999923706055,8.829999923706055,0.0,9.100000381469727,8.380000114440918,9.039999961853027,0.0,38800
2001-08-20,9.34000015258789,9.34000015258789,0.0,9.720000267028809,8.25,8.359999656677246,0.0,15400
2001-08-21,8.949999809265137,8.949999809265137,0.0,9.5,8.899999618530273,9.5,0.0,11100
2001-08-22,8.760000228881836,8.760000228881836,0.0,9.289999961853027,8.75,8.770000457763672,0.0,16000
2001-08-23,8.0,8.0,0.0,8.770000457763672,7.880000114440918,8.569999694824219,0.0,30300
2001-08-24,7.929999828338623,7.929999828338623,0.0,8.6899995803833,7.800000190734863,8.0,0.0,76200
2001-08-27,7.849999904632568,7.849999904632568,0.0,8.0,7.550000190734863,7.889999866485596,0.0,66700
2001-08-28,7.5,7.5,0.0,7.800000190734863,7.5,7.610000133514404,0.0,44400
2001-08-29,7.989999771118164,7.989999771118164,0.0,7.989999771118164,7.25,7.46999979019165,0.0,56300
2001-08-30,7.550000190734863,7.550000190734863,0.0,8.050000190734863,7.369999885559082,7.510000228881836,0.0,43400
2001-08-31,7.5,7.5,0.0,7.650000095367432,7.130000114440918,7.349999904632568,0.0,22700
2001-09-04,7.099999904632568,7.099999904632568,0.0,7.400000095367432,6.769999980926514,7.25,0.0,36100
2001-09-05,6.650000095367432,6.650000095367432,0.0,7.269999980926514,6.650000095367432,6.760000228881836,0.0,68400
2001-09-06,6.78000020980835,6.78000020980835,0.0,6.989999771118164,6.650000095367432,6.650000095367432,0.0,26400
2001-09-07,6.590000152587891,6.590000152587891,0.0,6.829999923706055,6.510000228881836,6.829999923706055,0.0,19600
2001-09-10,5.949999809265137,5.949999809265137,0.0,6.980000019073486,5.849999904632568,6.980000019073486,0.0,78200
2001-09-17,5.449999809265137,5.449999809265137,0.0,5.900000095367432,5.0,5.03000020980835,0.0,38900
2001-09-18,5.5,5.5,0.0,5.800000190734863,5.25,5.260000228881836,0.0,212000
2001-09-19,5.800000190734863,5.800000190734863,0.0,6.099999904632568,5.400000095367432,5.599999904632568,0.0,112500
2001-09-20,5.449999809265137,5.449999809265137,0.0,5.800000190734863,5.389999866485596,5.800000190734863,0.0,9400
2001-09-21,5.0,5.0,0.0,5.449999809265137,4.800000190734863,4.989999771118164,0.0,69000
2001-09-24,5.239999771118164,5.239999771118164,0.0,5.75,5.050000190734863,5.050000190734863,0.0,121300
2001-09-25,5.230000019073486,5.230000019073486,0.0,5.639999866485596,5.0,5.639999866485596,0.0,127000
2001-09-26,5.519999980926514,5.519999980926514,0.0,5.800000190734863,5.349999904632568,5.349999904632568,0.0,43300
2001-09-27,5.5,5.5,0.0,6.0,5.449999809265137,5.75,0.0,101000
2001-09-28,5.840000152587891,5.840000152587891,0.0,6.25,5.699999809265137,5.949999809265137,0.0,85900
2001-10-01,5.659999847412109,5.659999847412109,0.0,6.0,5.650000095367432,5.670000076293945,0.0,20100
2001-10-02,5.170000076293945,5.170000076293945,0.0,5.800000190734863,5.059999942779541,5.800000190734863,0.0,111700
2001-10-03,5.949999809265137,5.949999809265137,0.0,6.5,5.170000076293945,5.170000076293945,0.0,78000
2001-10-04,5.599999904632568,5.599999904632568,0.0,5.980000019073486,5.480000019073486,5.96999979019165,0.0,18500
2001-10-05,5.849999904632568,5.849999904632568,0.0,6.099999904632568,5.519999980926514,5.849999904632568,0.0,74200
2001-10-08,5.789999961853027,5.789999961853027,0.0,6.190000057220459,5.559999942779541,5.849999904632568,0.0,9000
2001-10-09,5.650000095367432,5.650000095367432,0.0,5.900000095367432,5.449999809265137,5.559999942779541,0.0,21700
2001-10-10,6.909999847412109,6.909999847412109,0.0,7.139999866485596,5.389999866485596,5.599999904632568,0.0,72900
2001-10-11,7.0,7.0,0.0,7.539999961853027,6.800000190734863,7.099999904632568,0.0,76700
2001-10-12,6.900000095367432,6.900000095367432,0.0,7.300000190734863,6.599999904632568,7.03000020980835,0.0,34200
2001-10-15,7.199999809265137,7.199999809265137,0.0,7.300000190734863,6.760000228881836,6.760000228881836,0.0,15900
2001-10-16,6.800000190734863,6.800000190734863,0.0,7.25,6.25,7.25,0.0,20100
2001-10-17,6.199999809265137,6.199999809265137,0.0,6.800000190734863,6.150000095367432,6.429999828338623,0.0,16100
2001-10-18,6.909999847412109,6.909999847412109,0.0,7.090000152587891,6.099999904632568,6.099999904632568,0.0,16700
2001-10-19,6.449999809265137,6.449999809265137,0.0,6.550000190734863,6.199999809265137,6.550000190734863,0.0,7200
2001-10-22,6.75,6.75,0.0,6.900000095367432,6.099999904632568,6.300000190734863,0.0,6200
2001-10-23,6.800000190734863,6.800000190734863,0.0,7.0,6.75,6.75,0.0,11100
2001-10-24,8.0,8.0,0.0,8.300000190734863,6.800000190734863,6.800000190734863,0.0,79300
2001-10-25,8.260000228881836,8.260000228881836,0.0,8.460000038146973,7.920000076293945,8.15999984741211,0.0,19600
2001-10-26,8.109999656677246,8.109999656677246,0.0,8.5,7.900000095367432,7.900000095367432,0.0,14500
2001-10-29,8.149999618530273,8.149999618530273,0.0,8.25,7.78000020980835,8.130000114440918,0.0,51200
2001-10-30,8.130000114440918,8.130000114440918,0.0,8.199999809265137,7.900000095367432,8.100000381469727,0.0,13600
2001-10-31,8.880000114440918,8.880000114440918,0.0,8.960000038146973,8.149999618530273,8.149999618530273,0.0,21600
2001-11-01,8.449999809265137,8.449999809265137,0.0,9.109999656677246,8.180000305175781,9.109999656677246,0.0,7500
2001-11-02,8.4399995803833,8.4399995803833,0.0,8.880000114440918,8.25,8.25,0.0,18900
2001-11-05,7.949999809265137,7.949999809265137,0.0,8.300000190734863,7.949999809265137,8.260000228881836,0.0,17800
2001-11-06,8.15999984741211,8.15999984741211,0.0,8.3100004196167,8.039999961853027,8.0600004196167,0.0,30800
2001-11-07,8.199999809265137,8.199999809265137,0.0,8.479999542236328,8.130000114440918,8.130000114440918,0.0,1700
2001-11-08,8.149999618530273,8.149999618530273,0.0,8.720000267028809,8.149999618530273,8.399999618530273,0.0,21200
2001-11-09,7.570000171661377,7.570000171661377,0.0,8.239999771118164,7.570000171661377,7.929999828338623,0.0,39300
2001-11-12,7.400000095367432,7.400000095367432,0.0,7.889999866485596,7.099999904632568,7.889999866485596,0.0,7400
2001-11-13,7.699999809265137,7.699999809265137,0.0,8.050000190734863,7.46999979019165,7.46999979019165,0.0,61700
2001-11-14,7.849999904632568,7.849999904632568,0.0,7.849999904632568,7.579999923706055,7.849999904632568,0.0,36400
2001-11-15,7.800000190734863,7.800000190734863,0.0,7.800000190734863,7.53000020980835,7.539999961853027,0.0,13000
2001-11-16,7.900000095367432,7.900000095367432,0.0,7.900000095367432,7.599999904632568,7.659999847412109,0.0,19600
2001-11-19,7.75,7.75,0.0,8.050000190734863,7.75,8.050000190734863,0.0,3500
2001-11-20,7.869999885559082,7.869999885559082,0.0,8.109999656677246,7.599999904632568,7.599999904632568,0.0,26200
2001-11-21,8.149999618530273,8.149999618530273,0.0,8.149999618530273,8.0,8.0,0.0,6500
2001-11-23,8.220000267028809,8.220000267028809,0.0,8.369999885559082,8.100000381469727,8.369999885559082,0.0,1300
2001-11-26,9.0,9.0,0.0,9.520000457763672,8.399999618530273,8.399999618530273,0.0,28600
2001-11-27,9.399999618530273,9.399999618530273,0.0,9.520000457763672,8.75,8.989999771118164,0.0,33100
2001-11-28,8.880000114440918,8.880000114440918,0.0,9.399999618530273,8.880000114440918,9.149999618530273,0.0,27300
2001-11-29,8.949999809265137,8.949999809265137,0.0,9.0600004196167,8.819999694824219,8.899999618530273,0.0,9700
2001-11-30,8.75,8.75,0.0,9.0,8.75,8.949999809265137,0.0,13500
2001-12-03,8.449999809265137,8.449999809265137,0.0,9.069999694824219,8.449999809265137,8.699999809265137,0.0,19700
2001-12-04,8.010000228881836,8.010000228881836,0.0,8.390000343322754,7.900000095367432,8.149999618530273,0.0,41100
2001-12-05,7.21999979019165,7.21999979019165,0.0,7.840000152587891,6.880000114440918,7.800000190734863,0.0,86800
2001-12-06,7.110000133514404,7.110000133514404,0.0,7.260000228881836,6.809999942779541,7.260000228881836,0.0,55800
2001-12-07,7.300000190734863,7.300000190734863,0.0,7.679999828338623,7.199999809265137,7.199999809265137,0.0,27500
2001-12-10,7.449999809265137,7.449999809265137,0.0,7.460000038146973,6.900000095367432,7.440000057220459,0.0,20200
2001-12-11,7.489999771118164,7.489999771118164,0.0,7.510000228881836,6.900000095367432,7.510000228881836,0.0,23700
2001-12-12,7.0,7.0,0.0,7.369999885559082,6.900000095367432,7.369999885559082,0.0,8100
2001-12-13,7.300000190734863,7.300000190734863,0.0,7.489999771118164,7.010000228881836,7.010000228881836,0.0,8600
2001-12-14,7.860000133514404,7.860000133514404,0.0,7.889999866485596,7.340000152587891,7.46999979019165,0.0,11100
2001-12-17,8.069999694824219,8.069999694824219,0.0,8.25,7.760000228881836,7.989999771118164,0.0,21900
2001-12-18,7.900000095367432,7.900000095367432,0.0,8.350000381469727,7.5,8.069999694824219,0.0,9700
2001-12-19,7.260000228881836,7.260000228881836,0.0,7.639999866485596,7.260000228881836,7.429999828338623,0.0,41600
2001-12-20,7.170000076293945,7.170000076293945,0.0,7.800000190734863,6.599999904632568,7.0,0.0,38600
2001-12-21,7.690000057220459,7.690000057220459,0.0,8.350000381469727,7.0,7.190000057220459,0.0,5500
2001-12-24,7.590000152587891,7.590000152587891,0.0,7.690000057220459,7.590000152587891,7.690000057220459,0.0,1200
2001-12-26,7.539999961853027,7.539999961853027,0.0,7.619999885559082,7.099999904632568,7.619999885559082,0.0,8200
2001-12-27,7.119999885559082,7.119999885559082,0.0,7.300000190734863,6.650000095367432,7.300000190734863,0.0,37300
2001-12-28,7.019999980926514,7.019999980926514,0.0,7.199999809265137,6.800000190734863,7.199999809265137,0.0,7100
2001-12-31,7.010000228881836,7.010000228881836,0.0,7.980000019073486,7.0,7.980000019073486,0.0,21100
2002-01-02,7.050000190734863,7.050000190734863,0.0,7.349999904632568,6.920000076293945,7.010000228881836,0.0,4700
2002-01-03,7.150000095367432,7.150000095367432,0.0,7.300000190734863,7.099999904632568,7.289999961853027,0.0,13200
2002-01-04,7.320000171661377,7.320000171661377,0.0,7.400000095367432,7.099999904632568,7.400000095367432,0.0,5100
2002-01-07,7.28000020980835,7.28000020980835,0.0,7.389999866485596,7.099999904632568,7.25,0.0,39300
2002-01-08,7.010000228881836,7.010000228881836,0.0,7.340000152587891,7.0,7.340000152587891,0.0,11600
2002-01-09,7.170000076293945,7.170000076293945,0.0,7.320000171661377,7.050000190734863,7.320000171661377,0.0,3600
2002-01-10,7.170000076293945,7.170000076293945,0.0,7.550000190734863,7.170000076293945,7.300000190734863,0.0,9100
2002-01-11,7.099999904632568,7.099999904632568,0.0,7.119999885559082,7.0,7.099999904632568,0.0,6100
2002-01-14,7.0,7.0,0.0,7.099999904632568,6.920000076293945,7.099999904632568,0.0,18500
2002-01-15,6.900000095367432,6.900000095367432,0.0,7.03000020980835,6.599999904632568,6.900000095367432,0.0,43400
2002-01-16,7.179999828338623,7.179999828338623,0.0,7.28000020980835,6.960000038146973,6.989999771118164,0.0,24800
2002-01-17,7.159999847412109,7.159999847412109,0.0,7.300000190734863,6.679999828338623,7.300000190734863,0.0,8100
2002-01-18,7.170000076293945,7.170000076293945,0.0,7.300000190734863,7.119999885559082,7.300000190734863,0.0,18600
2002-01-22,7.130000114440918,7.130000114440918,0.0,7.300000190734863,7.110000133514404,7.269999980926514,0.0,18200
2002-01-23,7.130000114440918,7.130000114440918,0.0,7.239999771118164,7.130000114440918,7.21999979019165,0.0,3800
2002-01-24,7.0,7.0,0.0,7.230000019073486,6.909999847412109,7.230000019073486,0.0,19400
2002-01-25,7.130000114440918,7.130000114440918,0.0,7.269999980926514,7.090000152587891,7.150000095367432,0.0,25300
2002-01-28,7.389999866485596,7.389999866485596,0.0,7.849999904632568,7.079999923706055,7.099999904632568,0.0,15500
2002-01-29,7.329999923706055,7.329999923706055,0.0,7.369999885559082,7.010000228881836,7.369999885559082,0.0,7300
2002-01-30,7.179999828338623,7.179999828338623,0.0,7.179999828338623,6.840000152587891,7.059999942779541,0.0,16400
2002-01-31,7.150000095367432,7.150000095367432,0.0,7.150000095367432,7.019999980926514,7.130000114440918,0.0,4800
2002-02-01,7.25,7.25,0.0,7.400000095367432,7.010000228881836,7.139999866485596,0.0,14600
2002-02-04,7.429999828338623,7.429999828338623,0.0,7.5,7.099999904632568,7.28000020980835,0.0,12200
2002-02-05,6.989999771118164,6.989999771118164,0.0,7.230000019073486,6.550000190734863,7.150000095367432,0.0,47300
2002-02-06,7.050000190734863,7.050000190734863,0.0,7.28000020980835,6.699999809265137,7.010000228881836,0.0,6800
2002-02-07,7.090000152587891,7.090000152587891,0.0,7.190000057220459,6.510000228881836,6.929999828338623,0.0,6100
2002-02-08,7.179999828338623,7.179999828338623,0.0,7.179999828338623,6.760000228881836,6.760000228881836,0.0,500
2002-02-11,6.949999809265137,6.949999809265137,0.0,7.099999904632568,6.889999866485596,7.090000152587891,0.0,17100
2002-02-12,6.96999979019165,6.96999979019165,0.0,6.989999771118164,6.710000038146973,6.989999771118164,0.0,2100
2002-02-13,6.639999866485596,6.639999866485596,0.0,6.900000095367432,6.639999866485596,6.880000114440918,0.0,3200
2002-02-14,6.769999980926514,6.769999980926514,0.0,6.849999904632568,6.519999980926514,6.630000114440918,0.0,8400
2002-02-15,6.650000095367432,6.650000095367432,0.0,6.75,6.619999885559082,6.659999847412109,0.0,3600
2002-02-19,6.699999809265137,6.699999809265137,0.0,6.75,6.510000228881836,6.510000228881836,0.0,2100
2002-02-20,6.639999866485596,6.639999866485596,0.0,6.760000228881836,6.510000228881836,6.760000228881836,0.0,6300
2002-02-21,6.650000095367432,6.650000095367432,0.0,6.650000095367432,6.409999847412109,6.559999942779541,0.0,12600
2002-02-22,7.25,7.25,0.0,7.25,6.699999809265137,6.699999809265137,0.0,8800
2002-02-25,7.0,7.0,0.0,7.0,6.639999866485596,6.710000038146973,0.0,7200
2002-02-26,6.699999809265137,6.699999809265137,0.0,6.75,6.559999942779541,6.75,0.0,7600
2002-02-27,6.610000133514404,6.610000133514404,0.0,6.730000019073486,6.550000190734863,6.610000133514404,0.0,3400
2002-02-28,6.619999885559082,6.619999885559082,0.0,6.71999979019165,6.619999885559082,6.679999828338623,0.0,400
2002-03-01,6.559999942779541,6.559999942779541,0.0,6.730000019073486,6.559999942779541,6.730000019073486,0.0,5500
2002-03-04,6.5,6.5,0.0,6.75,6.5,6.730000019073486,0.0,13900
2002-03-05,6.849999904632568,6.849999904632568,0.0,6.849999904632568,6.519999980926514,6.849999904632568,0.0,5500
2002-03-06,6.75,6.75,0.0,7.0,6.599999904632568,6.929999828338623,0.0,13600
2002-03-07,6.949999809265137,6.949999809265137,0.0,7.0,6.869999885559082,7.0,0.0,7300
2002-03-08,7.21999979019165,7.21999979019165,0.0,7.5,6.860000133514404,6.869999885559082,0.0,17700
2002-03-11,7.710000038146973,7.710000038146973,0.0,7.849999904632568,7.150000095367432,7.150000095367432,0.0,17700
2002-03-12,7.5,7.5,0.0,7.650000095367432,7.449999809265137,7.550000190734863,0.0,8200
2002-03-13,7.5,7.5,0.0,7.5,7.400000095367432,7.5,0.0,1500
2002-03-14,7.28000020980835,7.28000020980835,0.0,7.679999828338623,7.199999809265137,7.5,0.0,3100
2002-03-15,7.480000019073486,7.480000019073486,0.0,7.489999771118164,7.300000190734863,7.489999771118164,0.0,3400
2002-03-18,7.550000190734863,7.550000190734863,0.0,7.599999904632568,7.550000190734863,7.599999904632568,0.0,7800
2002-03-19,7.440000057220459,7.440000057220459,0.0,7.690000057220459,7.309999942779541,7.690000057220459,0.0,6400
2002-03-20,7.429999828338623,7.429999828338623,0.0,7.449999809265137,7.25,7.329999923706055,0.0,6000
2002-03-21,7.199999809265137,7.199999809265137,0.0,7.25,7.199999809265137,7.25,0.0,900
2002-03-22,7.130000114440918,7.130000114440918,0.0,7.369999885559082,7.039999961853027,7.369999885559082,0.0,2900
2002-03-25,7.0,7.0,0.0,7.199999809265137,7.0,7.150000095367432,0.0,5000
2002-03-26,7.010000228881836,7.010000228881836,0.0,7.079999923706055,6.900000095367432,7.079999923706055,0.0,7000
2002-03-27,6.900000095367432,6.900000095367432,0.0,6.949999809265137,6.900000095367432,6.900000095367432,0.0,3200
2002-03-28,6.900000095367432,6.900000095367432,0.0,7.050000190734863,6.900000095367432,7.0,0.0,1100
2002-04-01,6.800000190734863,6.800000190734863,0.0,7.099999904632568,6.75,7.099999904632568,0.0,10000
2002-04-02,6.800000190734863,6.800000190734863,0.0,7.099999904632568,6.800000190734863,6.900000095367432,0.0,2100
2002-04-03,6.96999979019165,6.96999979019165,0.0,7.039999961853027,6.760000228881836,6.880000114440918,0.0,4100
2002-04-04,6.75,6.75,0.0,6.800000190734863,6.75,6.800000190734863,0.0,2400
2002-04-05,6.75,6.75,0.0,6.75,6.75,6.75,0.0,800
2002-04-08,6.679999828338623,6.679999828338623,0.0,6.75,6.5,6.599999904632568,0.0,3900
2002-04-09,6.25,6.25,0.0,6.789999961853027,6.199999809265137,6.699999809265137,0.0,13900
2002-04-10,6.179999828338623,6.179999828338623,0.0,6.5,6.0,6.489999771118164,0.0,16500
2002-04-11,6.429999828338623,6.429999828338623,0.0,6.429999828338623,6.0,6.0,0.0,1800
2002-04-12,6.150000095367432,6.150000095367432,0.0,6.309999942779541,6.0,6.309999942779541,0.0,5700
2002-04-15,6.300000190734863,6.300000190734863,0.0,6.300000190734863,6.150000095367432,6.150000095367432,0.0,300
2002-04-16,6.25,6.25,0.0,6.260000228881836,6.03000020980835,6.03000020980835,0.0,2800
2002-04-17,6.050000190734863,6.050000190734863,0.0,6.349999904632568,6.050000190734863,6.300000190734863,0.0,11200
2002-04-18,6.170000076293945,6.170000076293945,0.0,6.300000190734863,6.099999904632568,6.099999904632568,0.0,10600
2002-04-19,5.980000019073486,5.980000019073486,0.0,6.099999904632568,5.610000133514404,6.099999904632568,0.0,8300
2002-04-22,5.889999866485596,5.889999866485596,0.0,6.079999923706055,5.889999866485596,6.0,0.0,8600
2002-04-23,6.099999904632568,6.099999904632568,0.0,6.099999904632568,6.099999904632568,6.099999904632568,0.0,1200
2002-04-24,6.079999923706055,6.079999923706055,0.0,6.079999923706055,6.079999923706055,6.079999923706055,0.0,100
2002-04-25,5.900000095367432,5.900000095367432,0.0,6.099999904632568,5.900000095367432,6.099999904632568,0.0,6200
2002-04-26,6.0,6.0,0.0,6.099999904632568,5.989999771118164,6.099999904632568,0.0,2500
2002-04-29,6.099999904632568,6.099999904632568,0.0,6.110000133514404,6.099999904632568,6.099999904632568,0.0,3000
2002-04-30,6.0,6.0,0.0,6.050000190734863,5.989999771118164,6.050000190734863,0.0,7200
2002-05-01,5.96999979019165,5.96999979019165,0.0,6.050000190734863,5.96999979019165,6.0,0.0,9000
2002-05-02,5.960000038146973,5.960000038146973,0.0,5.960000038146973,5.960000038146973,5.960000038146973,0.0,1300
2002-05-03,5.900000095367432,5.900000095367432,0.0,6.03000020980835,5.900000095367432,5.949999809265137,0.0,1900
2002-05-06,6.0,6.0,0.0,6.0,5.900000095367432,5.920000076293945,0.0,13300
2002-05-07,6.099999904632568,6.099999904632568,0.0,6.099999904632568,5.75,5.75,0.0,15300
2002-05-08,6.070000171661377,6.070000171661377,0.0,6.070000171661377,5.949999809265137,6.050000190734863,0.0,5000
2002-05-09,6.010000228881836,6.010000228881836,0.0,6.090000152587891,6.010000228881836,6.090000152587891,0.0,2600
2002-05-10,5.5,5.5,0.0,6.0,4.5,5.190000057220459,0.0,15600
2002-05-13,5.989999771118164,5.989999771118164,0.0,6.070000171661377,5.699999809265137,5.900000095367432,0.0,6700
2002-05-14,5.989999771118164,5.989999771118164,0.0,5.989999771118164,5.960000038146973,5.960000038146973,0.0,2300
2002-05-15,5.619999885559082,5.619999885559082,0.0,5.960000038146973,5.210000038146973,5.960000038146973,0.0,12100
2002-05-16,5.519999980926514,5.519999980926514,0.0,5.630000114440918,5.510000228881836,5.510000228881836,0.0,2300
2002-05-17,5.5,5.5,0.0,5.630000114440918,5.5,5.510000228881836,0.0,6600
2002-05-20,5.360000133514404,5.360000133514404,0.0,5.670000076293945,5.349999904632568,5.670000076293945,0.0,20500
2002-05-21,5.5,5.5,0.0,5.610000133514404,5.340000152587891,5.489999771118164,0.0,7900
2002-05-22,5.25,5.25,0.0,5.590000152587891,5.25,5.590000152587891,0.0,1700
2002-05-23,5.489999771118164,5.489999771118164,0.0,5.53000020980835,5.400000095367432,5.53000020980835,0.0,1900
2002-05-24,5.539999961853027,5.539999961853027,0.0,5.539999961853027,5.5,5.5,0.0,7700
2002-05-28,5.550000190734863,5.550000190734863,0.0,5.599999904632568,5.539999961853027,5.539999961853027,0.0,5300
2002-05-29,5.210000038146973,5.210000038146973,0.0,5.920000076293945,5.210000038146973,5.599999904632568,0.0,23000
2002-05-30,5.309999942779541,5.309999942779541,0.0,5.5,5.199999809265137,5.199999809265137,0.0,8300
2002-05-31,5.409999847412109,5.409999847412109,0.0,5.409999847412109,5.300000190734863,5.340000152587891,0.0,22300
2002-06-03,5.539999961853027,5.539999961853027,0.0,5.539999961853027,5.349999904632568,5.5,0.0,7700
2002-06-04,5.400000095367432,5.400000095367432,0.0,5.400000095367432,5.400000095367432,5.400000095367432,0.0,100
2002-06-05,5.400000095367432,5.400000095367432,0.0,5.71999979019165,5.320000171661377,5.71999979019165,0.0,2300
2002-06-06,5.320000171661377,5.320000171661377,0.0,5.5,5.25,5.5,0.0,8200
2002-06-07,5.25,5.25,0.0,5.28000020980835,5.25,5.260000228881836,0.0,2900
2002-06-10,5.199999809265137,5.199999809265137,0.0,5.25,5.199999809265137,5.25,0.0,400
2002-06-11,5.190000057220459,5.190000057220459,0.0,6.0,5.190000057220459,5.25,0.0,4300
2002-06-12,5.489999771118164,5.489999771118164,0.0,5.489999771118164,5.179999828338623,5.199999809265137,0.0,2600
2002-06-13,5.489999771118164,5.489999771118164,0.0,5.489999771118164,5.440000057220459,5.489999771118164,0.0,1000
2002-06-14,5.5,5.5,0.0,5.5,5.179999828338623,5.429999828338623,0.0,3000
2002-06-17,5.5,5.5,0.0,5.5,5.5,5.5,0.0,0
2002-06-18,5.28000020980835,5.28000020980835,0.0,5.28000020980835,5.019999980926514,5.239999771118164,0.0,6100
2002-06-19,5.099999904632568,5.099999904632568,0.0,5.25,5.090000152587891,5.090000152587891,0.0,3900
2002-06-20,5.349999904632568,5.349999904632568,0.0,5.369999885559082,5.099999904632568,5.099999904632568,0.0,2000
2002-06-21,5.300000190734863,5.300000190734863,0.0,5.300000190734863,5.0,5.099999904632568,0.0,3000
2002-06-24,5.25,5.25,0.0,5.25,5.150000095367432,5.150000095367432,0.0,6400
2002-06-25,5.320000171661377,5.320000171661377,0.0,5.46999979019165,5.179999828338623,5.380000114440918,0.0,5400
2002-06-26,5.269999980926514,5.269999980926514,0.0,5.300000190734863,5.269999980926514,5.300000190734863,0.0,900
2002-06-27,5.150000095367432,5.150000095367432,0.0,5.150000095367432,5.03000020980835,5.090000152587891,0.0,3000
2002-06-28,5.150000095367432,5.150000095367432,0.0,5.199999809265137,5.010000228881836,5.199999809265137,0.0,2900
2002-07-01,4.800000190734863,4.800000190734863,0.0,5.150000095367432,4.800000190734863,5.150000095367432,0.0,8500
2002-07-02,4.800000190734863,4.800000190734863,0.0,4.989999771118164,4.800000190734863,4.989999771118164,0.0,3700
2002-07-03,4.599999904632568,4.599999904632568,0.0,5.139999866485596,4.599999904632568,4.929999828338623,0.0,32000
2002-07-05,4.25,4.25,0.0,4.550000190734863,3.75,4.550000190734863,0.0,14600
2002-07-08,4.400000095367432,4.400000095367432,0.0,4.579999923706055,4.199999809265137,4.199999809265137,0.0,10300
2002-07-09,4.789999961853027,4.789999961853027,0.0,5.0,4.5,4.5,0.0,9500
2002-07-10,4.679999828338623,4.679999828338623,0.0,4.909999847412109,4.650000095367432,4.909999847412109,0.0,2700
2002-07-11,4.699999809265137,4.699999809265137,0.0,4.699999809265137,4.650000095367432,4.650000095367432,0.0,5200
2002-07-12,4.849999904632568,4.849999904632568,0.0,4.849999904632568,4.849999904632568,4.849999904632568,0.0,500
2002-07-15,4.650000095367432,4.650000095367432,0.0,4.889999866485596,4.650000095367432,4.889999866485596,0.0,14700
2002-07-16,4.550000190734863,4.550000190734863,0.0,4.800000190734863,4.550000190734863,4.650000095367432,0.0,1600
2002-07-17,4.550000190734863,4.550000190734863,0.0,4.559999942779541,4.260000228881836,4.559999942779541,0.0,8800
2002-07-18,4.559999942779541,4.559999942779541,0.0,4.559999942779541,4.409999847412109,4.409999847412109,0.0,400
2002-07-19,4.559999942779541,4.559999942779541,0.0,4.559999942779541,4.559999942779541,4.559999942779541,0.0,0
2002-07-22,4.5,4.5,0.0,4.5,4.090000152587891,4.400000095367432,0.0,3700
2002-07-23,3.799999952316284,3.799999952316284,0.0,4.659999847412109,3.5,4.5,0.0,6400
2002-07-24,3.799999952316284,3.799999952316284,0.0,4.690000057220459,3.799999952316284,4.090000152587891,0.0,10700
2002-07-25,4.28000020980835,4.28000020980835,0.0,4.28000020980835,3.799999952316284,3.799999952316284,0.0,4700
2002-07-26,4.130000114440918,4.130000114440918,0.0,4.130000114440918,4.0,4.0,0.0,1400
2002-07-29,4.199999809265137,4.199999809265137,0.0,4.380000114440918,4.139999866485596,4.139999866485596,0.0,12100
2002-07-30,4.039999961853027,4.039999961853027,0.0,4.039999961853027,4.010000228881836,4.010000228881836,0.0,4400
2002-07-31,4.150000095367432,4.150000095367432,0.0,4.269999980926514,4.099999904632568,4.099999904632568,0.0,13300
2002-08-01,4.590000152587891,4.590000152587891,0.0,4.590000152587891,4.25,4.25,0.0,3000
2002-08-02,4.800000190734863,4.800000190734863,0.0,4.860000133514404,4.789999961853027,4.860000133514404,0.0,5800
2002-08-05,4.690000057220459,4.690000057220459,0.0,4.699999809265137,4.599999904632568,4.690000057220459,0.0,11700
2002-08-06,3.869999885559082,3.869999885559082,0.0,4.349999904632568,3.6500000953674316,4.300000190734863,0.0,22500
2002-08-07,3.4000000953674316,3.4000000953674316,0.0,3.940000057220459,3.200000047683716,3.930000066757202,0.0,13200
2002-08-08,3.6500000953674316,3.6500000953674316,0.0,4.099999904632568,3.5,4.090000152587891,0.0,20900
2002-08-09,3.700000047683716,3.700000047683716,0.0,3.8499999046325684,3.690000057220459,3.8399999141693115,0.0,6600
2002-08-12,3.509999990463257,3.509999990463257,0.0,3.509999990463257,3.4100000858306885,3.4100000858306885,0.0,2900
2002-08-13,3.5999999046325684,3.5999999046325684,0.0,3.950000047683716,3.5999999046325684,3.950000047683716,0.0,9400
2002-08-14,3.75,3.75,0.0,3.75,3.2799999713897705,3.5,0.0,6100
2002-08-15,3.700000047683716,3.700000047683716,0.0,3.740000009536743,3.5,3.5,0.0,1000
2002-08-16,3.609999895095825,3.609999895095825,0.0,3.890000104904175,3.5399999618530273,3.5399999618530273,0.0,3400
2002-08-19,3.569999933242798,3.569999933242798,0.0,3.609999895095825,3.569999933242798,3.609999895095825,0.0,2800
2002-08-20,3.799999952316284,3.799999952316284,0.0,3.809999942779541,3.619999885559082,3.619999885559082,0.0,2500
2002-08-21,3.619999885559082,3.619999885559082,0.0,3.690000057220459,3.619999885559082,3.690000057220459,0.0,700
2002-08-22,3.7899999618530273,3.7899999618530273,0.0,3.7899999618530273,3.5,3.690000057220459,0.0,1400
2002-08-23,3.5999999046325684,3.5999999046325684,0.0,3.619999885559082,3.5999999046325684,3.619999885559082,0.0,1000
2002-08-26,3.819999933242798,3.819999933242798,0.0,3.819999933242798,3.7200000286102295,3.7200000286102295,0.0,200
2002-08-27,3.75,3.75,0.0,3.819999933242798,3.5,3.5,0.0,5400
2002-08-28,3.809999942779541,3.809999942779541,0.0,3.809999942779541,3.690000057220459,3.690000057220459,0.0,900
2002-08-29,3.5899999141693115,3.5899999141693115,0.0,3.5899999141693115,3.5899999141693115,3.5899999141693115,0.0,800
2002-08-30,3.700000047683716,3.700000047683716,0.0,3.740000009536743,3.450000047683716,3.5299999713897705,0.0,12500
2002-09-03,3.619999885559082,3.619999885559082,0.0,3.640000104904175,3.5999999046325684,3.5999999046325684,0.0,1000
2002-09-04,3.630000114440918,3.630000114440918,0.0,3.630000114440918,3.5999999046325684,3.5999999046325684,0.0,1100
2002-09-05,3.5999999046325684,3.5999999046325684,0.0,3.6600000858306885,3.5799999237060547,3.5799999237060547,0.0,2700
2002-09-06,3.5999999046325684,3.5999999046325684,0.0,3.5999999046325684,3.5999999046325684,3.5999999046325684,0.0,0
2002-09-09,3.990000009536743,3.990000009536743,0.0,4.0,3.5999999046325684,3.5999999046325684,0.0,6000
2002-09-10,3.950000047683716,3.950000047683716,0.0,3.9600000381469727,3.799999952316284,3.799999952316284,0.0,6500
2002-09-11,3.950000047683716,3.950000047683716,0.0,3.950000047683716,3.950000047683716,3.950000047683716,0.0,0
2002-09-12,3.6500000953674316,3.6500000953674316,0.0,3.9000000953674316,3.6500000953674316,3.8499999046325684,0.0,2100
2002-09-13,3.6500000953674316,3.6500000953674316,0.0,3.6500000953674316,3.6500000953674316,3.6500000953674316,0.0,100
2002-09-16,3.5999999046325684,3.5999999046325684,0.0,3.9700000286102295,3.5999999046325684,3.9700000286102295,0.0,5500
2002-09-17,3.5199999809265137,3.5199999809265137,0.0,3.5999999046325684,3.490000009536743,3.5999999046325684,0.0,10100
2002-09-18,3.5999999046325684,3.5999999046325684,0.0,3.5999999046325684,3.4600000381469727,3.5999999046325684,0.0,25800
2002-09-19,3.4100000858306885,3.4100000858306885,0.0,3.490000009536743,3.4000000953674316,3.4800000190734863,0.0,7800
2002-09-20,3.549999952316284,3.549999952316284,0.0,3.549999952316284,3.549999952316284,3.549999952316284,0.0,400
2002-09-23,3.4000000953674316,3.4000000953674316,0.0,3.5299999713897705,3.4000000953674316,3.5299999713897705,0.0,3900
2002-09-24,3.0999999046325684,3.0999999046325684,0.0,3.4100000858306885,3.0,3.4000000953674316,0.0,17600
2002-09-25,3.0,3.0,0.0,3.0199999809265137,2.990000009536743,3.0199999809265137,0.0,6900
2002-09-26,3.0999999046325684,3.0999999046325684,0.0,3.2300000190734863,2.9700000286102295,3.0,0.0,8000
2002-09-27,3.0899999141693115,3.0899999141693115,0.0,3.0899999141693115,3.0899999141693115,3.0899999141693115,0.0,300
2002-09-30,3.0899999141693115,3.0899999141693115,0.0,3.109999895095825,3.0899999141693115,3.109999895095825,0.0,1800
2002-10-01,3.25,3.25,0.0,3.25,3.25,3.25,0.0,500
2002-10-02,3.009999990463257,3.009999990463257,0.0,3.2300000190734863,3.0,3.140000104904175,0.0,5700
2002-10-03,2.990000009536743,2.990000009536743,0.0,3.2200000286102295,2.9100000858306885,3.0,0.0,5300
2002-10-04,2.940000057220459,2.940000057220459,0.0,2.9800000190734863,2.6500000953674316,2.9200000762939453,0.0,9500
2002-10-07,2.9000000953674316,2.9000000953674316,0.0,2.9000000953674316,2.700000047683716,2.75,0.0,4300
2002-10-08,3.0999999046325684,3.0999999046325684,0.0,3.0999999046325684,3.0899999141693115,3.0899999141693115,0.0,1600
2002-10-09,3.0,3.0,0.0,3.0,2.700000047683716,3.0,0.0,8100
2002-10-10,2.700000047683716,2.700000047683716,0.0,3.240000009536743,2.700000047683716,3.240000009536743,0.0,700
2002-10-11,3.0,3.0,0.0,3.0,3.0,3.0,0.0,100
2002-10-14,2.799999952316284,2.799999952316284,0.0,2.9800000190734863,2.619999885559082,2.9700000286102295,0.0,6700
2002-10-15,2.8499999046325684,2.8499999046325684,0.0,3.0799999237060547,2.8499999046325684,3.0,0.0,1300
2002-10-16,2.9000000953674316,2.9000000953674316,0.0,3.3399999141693115,2.799999952316284,3.3399999141693115,0.0,13300
2002-10-17,3.0,3.0,0.0,3.049999952316284,2.809999942779541,2.890000104904175,0.0,7500
2002-10-18,2.6600000858306885,2.6600000858306885,0.0,2.990000009536743,2.6600000858306885,2.990000009536743,0.0,10200
2002-10-21,3.0,3.0,0.0,3.059999942779541,2.990000009536743,2.990000009536743,0.0,5800
2002-10-22,2.950000047683716,2.950000047683716,0.0,3.0,2.809999942779541,2.809999942779541,0.0,4100
2002-10-23,2.9800000190734863,2.9800000190734863,0.0,3.0,2.9800000190734863,3.0,0.0,2900
2002-10-24,3.0999999046325684,3.0999999046325684,0.0,3.0999999046325684,3.049999952316284,3.049999952316284,0.0,2500
2002-10-25,3.0899999141693115,3.0899999141693115,0.0,3.0999999046325684,3.049999952316284,3.0999999046325684,0.0,4700
2002-10-28,3.259999990463257,3.259999990463257,0.0,3.259999990463257,3.009999990463257,3.009999990463257,0.0,6200
2002-10-29,3.0,3.0,0.0,3.2200000286102295,3.0,3.2200000286102295,0.0,700
2002-10-30,3.009999990463257,3.009999990463257,0.0,3.0199999809265137,3.009999990463257,3.0199999809265137,0.0,500
2002-10-31,3.25,3.25,0.0,3.25,3.2300000190734863,3.2300000190734863,0.0,1300
2002-11-01,3.25,3.25,0.0,3.25,2.9800000190734863,3.049999952316284,0.0,3100
2002-11-04,3.0999999046325684,3.0999999046325684,0.0,3.240000009536743,3.0,3.069999933242798,0.0,2300
2002-11-05,3.119999885559082,3.119999885559082,0.0,3.240000009536743,3.119999885559082,3.240000009536743,0.0,300
2002-11-06,3.200000047683716,3.200000047683716,0.0,3.200000047683716,3.200000047683716,3.200000047683716,0.0,1000
2002-11-07,3.1500000953674316,3.1500000953674316,0.0,3.25,3.119999885559082,3.119999885559082,0.0,5000
2002-11-08,3.1500000953674316,3.1500000953674316,0.0,3.1500000953674316,3.1500000953674316,3.1500000953674316,0.0,0
2002-11-11,3.200000047683716,3.200000047683716,0.0,3.25,3.200000047683716,3.2200000286102295,0.0,10800
2002-11-12,3.3499999046325684,3.3499999046325684,0.0,3.3499999046325684,3.069999933242798,3.2799999713897705,0.0,2900
2002-11-13,3.200000047683716,3.200000047683716,0.0,3.359999895095825,3.200000047683716,3.359999895095825,0.0,7700
2002-11-14,3.299999952316284,3.299999952316284,0.0,3.3399999141693115,3.0999999046325684,3.119999885559082,0.0,8300
2002-11-15,3.25,3.25,0.0,3.2799999713897705,3.069999933242798,3.1700000762939453,0.0,2100
2002-11-18,3.140000104904175,3.140000104904175,0.0,3.140000104904175,3.130000114440918,3.130000114440918,0.0,900
2002-11-19,3.0899999141693115,3.0899999141693115,0.0,3.0899999141693115,3.059999942779541,3.0899999141693115,0.0,5100
2002-11-20,3.0899999141693115,3.0899999141693115,0.0,3.0999999046325684,3.059999942779541,3.059999942779541,0.0,2000
2002-11-21,3.1500000953674316,3.1500000953674316,0.0,3.1500000953674316,3.059999942779541,3.069999933242798,0.0,8500
2002-11-22,3.1500000953674316,3.1500000953674316,0.0,3.1500000953674316,2.990000009536743,3.0799999237060547,0.0,1100
2002-11-25,3.200000047683716,3.200000047683716,0.0,3.2100000381469727,3.200000047683716,3.2100000381469727,0.0,1800
2002-11-26,3.200000047683716,3.200000047683716,0.0,3.200000047683716,3.200000047683716,3.200000047683716,0.0,0
2002-11-27,3.25,3.25,0.0,3.25,3.109999895095825,3.109999895095825,0.0,1000
2002-11-29,3.3299999237060547,3.3299999237060547,0.0,3.4000000953674316,3.25,3.299999952316284,0.0,5900
2002-12-02,3.25,3.25,0.0,3.25,3.25,3.25,0.0,4900
2002-12-03,3.25,3.25,0.0,3.299999952316284,3.240000009536743,3.240000009536743,0.0,1500
2002-12-04,3.240000009536743,3.240000009536743,0.0,3.25,3.049999952316284,3.25,0.0,6500
2002-12-05,3.200000047683716,3.200000047683716,0.0,3.25,3.200000047683716,3.25,0.0,2300
2002-12-06,3.1600000858306885,3.1600000858306885,0.0,3.1600000858306885,3.109999895095825,3.1500000953674316,0.0,4000
2002-12-09,3.1500000953674316,3.1500000953674316,0.0,3.190000057220459,3.1500000953674316,3.1500000953674316,0.0,2600
2002-12-10,3.109999895095825,3.109999895095825,0.0,3.1700000762939453,3.0999999046325684,3.1500000953674316,0.0,7600
2002-12-11,3.0999999046325684,3.0999999046325684,0.0,3.1500000953674316,2.9800000190734863,3.0899999141693115,0.0,5700
2002-12-12,3.0799999237060547,3.0799999237060547,0.0,3.0999999046325684,3.0799999237060547,3.0899999141693115,0.0,3800
2002-12-13,3.049999952316284,3.049999952316284,0.0,3.0899999141693115,3.049999952316284,3.0899999141693115,0.0,1700
2002-12-16,2.9000000953674316,2.9000000953674316,0.0,3.0899999141693115,2.7699999809265137,3.0899999141693115,0.0,12000
2002-12-17,2.8299999237060547,2.8299999237060547,0.0,2.8399999141693115,2.809999942779541,2.809999942779541,0.0,1100
2002-12-18,2.7699999809265137,2.7699999809265137,0.0,2.809999942779541,2.7699999809265137,2.809999942779541,0.0,1400
2002-12-19,2.7699999809265137,2.7699999809265137,0.0,2.8299999237060547,2.7699999809265137,2.8299999237060547,0.0,800
2002-12-20,2.809999942779541,2.809999942779541,0.0,3.0799999237060547,2.809999942779541,2.880000114440918,0.0,6300
2002-12-23,2.8499999046325684,2.8499999046325684,0.0,2.9000000953674316,2.75,2.75,0.0,4500
2002-12-24,2.809999942779541,2.809999942779541,0.0,2.8499999046325684,2.759999990463257,2.759999990463257,0.0,5300
2002-12-26,2.7699999809265137,2.7699999809265137,0.0,2.8499999046325684,2.7699999809265137,2.8499999046325684,0.0,6100
2002-12-27,2.799999952316284,2.799999952316284,0.0,2.799999952316284,2.7699999809265137,2.799999952316284,0.0,4800
2002-12-30,2.809999942779541,2.809999942779541,0.0,3.0,2.5999999046325684,2.609999895095825,0.0,12500
2002-12-31,2.7300000190734863,2.7300000190734863,0.0,2.890000104904175,2.680000066757202,2.799999952316284,0.0,6900
2003-01-02,2.7300000190734863,2.7300000190734863,0.0,2.7300000190734863,2.7300000190734863,2.7300000190734863,0.0,0
2003-01-03,2.690000057220459,2.690000057220459,0.0,2.690000057220459,2.690000057220459,2.690000057220459,0.0,100
2003-01-06,2.700000047683716,2.700000047683716,0.0,3.0999999046325684,2.6700000762939453,2.6700000762939453,0.0,3800
2003-01-07,2.950000047683716,2.950000047683716,0.0,2.950000047683716,2.799999952316284,2.799999952316284,0.0,4000
2003-01-08,3.0899999141693115,3.0899999141693115,0.0,3.0899999141693115,3.0199999809265137,3.0399999618530273,0.0,2300
2003-01-09,3.0999999046325684,3.0999999046325684,0.0,3.0999999046325684,2.9600000381469727,3.0299999713897705,0.0,3400
2003-01-10,3.119999885559082,3.119999885559082,0.0,3.200000047683716,3.0999999046325684,3.0999999046325684,0.0,5500
2003-01-13,3.25,3.25,0.0,3.25,3.0299999713897705,3.0999999046325684,0.0,6900
2003-01-14,3.440000057220459,3.440000057220459,0.0,3.440000057220459,3.1600000858306885,3.1600000858306885,0.0,17700
2003-01-15,3.440000057220459,3.440000057220459,0.0,3.450000047683716,3.309999942779541,3.450000047683716,0.0,3400
2003-01-16,3.4600000381469727,3.4600000381469727,0.0,3.4600000381469727,3.319999933242798,3.4600000381469727,0.0,1400
2003-01-17,3.5199999809265137,3.5199999809265137,0.0,3.5199999809265137,3.4000000953674316,3.4000000953674316,0.0,18200
2003-01-21,3.450000047683716,3.450000047683716,0.0,3.5899999141693115,3.450000047683716,3.5899999141693115,0.0,2400
2003-01-22,3.3499999046325684,3.3499999046325684,0.0,3.440000057220459,3.3499999046325684,3.440000057220459,0.0,600
2003-01-23,3.3299999237060547,3.3299999237060547,0.0,3.3299999237060547,3.25,3.25,0.0,1000
2003-01-24,3.559999942779541,3.559999942779541,0.0,3.680000066757202,3.309999942779541,3.309999942779541,0.0,2000
2003-01-27,3.569999933242798,3.569999933242798,0.0,3.630000114440918,3.309999942779541,3.4200000762939453,0.0,17400
2003-01-28,3.7100000381469727,3.7100000381469727,0.0,3.7200000286102295,3.3299999237060547,3.3299999237060547,0.0,10100
2003-01-29,3.4200000762939453,3.4200000762939453,0.0,3.75,3.4100000858306885,3.75,0.0,7600
2003-01-30,3.5799999237060547,3.5799999237060547,0.0,3.5799999237060547,3.5799999237060547,3.5799999237060547,0.0,500
2003-01-31,3.2899999618530273,3.2899999618530273,0.0,3.4600000381469727,2.700000047683716,2.700000047683716,0.0,16100
2003-02-03,3.299999952316284,3.299999952316284,0.0,3.299999952316284,3.299999952316284,3.299999952316284,0.0,1000
2003-02-04,3.0,3.0,0.0,3.25,2.990000009536743,3.25,0.0,4700
2003-02-05,2.990000009536743,2.990000009536743,0.0,2.990000009536743,2.9100000858306885,2.930000066757202,0.0,400
2003-02-06,2.880000114440918,2.880000114440918,0.0,2.880000114440918,2.880000114440918,2.880000114440918,0.0,200
2003-02-07,3.009999990463257,3.009999990463257,0.0,3.25,3.0,3.2100000381469727,0.0,7000
2003-02-10,3.0899999141693115,3.0899999141693115,0.0,3.180000066757202,3.0899999141693115,3.180000066757202,0.0,2800
2003-02-11,3.1700000762939453,3.1700000762939453,0.0,3.3499999046325684,2.9000000953674316,2.930000066757202,0.0,5800
2003-02-12,3.130000114440918,3.130000114440918,0.0,3.569999933242798,3.130000114440918,3.569999933242798,0.0,5400
2003-02-13,3.049999952316284,3.049999952316284,0.0,3.299999952316284,3.049999952316284,3.200000047683716,0.0,7700
2003-02-14,3.2699999809265137,3.2699999809265137,0.0,3.2699999809265137,3.2699999809265137,3.2699999809265137,0.0,500
2003-02-18,3.1500000953674316,3.1500000953674316,0.0,3.299999952316284,3.049999952316284,3.299999952316284,0.0,9400
2003-02-19,3.1500000953674316,3.1500000953674316,0.0,3.2200000286102295,3.0299999713897705,3.200000047683716,0.0,16800
2003-02-20,3.200000047683716,3.200000047683716,0.0,3.299999952316284,3.200000047683716,3.299999952316284,0.0,700
2003-02-21,3.190000057220459,3.190000057220459,0.0,3.200000047683716,3.0999999046325684,3.200000047683716,0.0,600
2003-02-24,3.0999999046325684,3.0999999046325684,0.0,3.0999999046325684,3.0999999046325684,3.0999999046325684,0.0,2100
2003-02-25,3.0,3.0,0.0,3.2200000286102295,3.0,3.1500000953674316,0.0,32100
2003-02-26,3.0799999237060547,3.0799999237060547,0.0,3.0799999237060547,2.9000000953674316,2.990000009536743,0.0,2100
2003-02-27,2.9200000762939453,2.9200000762939453,0.0,3.009999990463257,2.890000104904175,2.9100000858306885,0.0,2700
2003-02-28,2.9800000190734863,2.9800000190734863,0.0,3.0199999809265137,2.9700000286102295,3.0,0.0,12200
2003-03-03,3.049999952316284,3.049999952316284,0.0,3.2100000381469727,3.0,3.049999952316284,0.0,12500
2003-03-04,3.0,3.0,0.0,3.059999942779541,3.0,3.049999952316284,0.0,2000
2003-03-05,3.009999990463257,3.009999990463257,0.0,3.009999990463257,3.009999990463257,3.009999990463257,0.0,100
2003-03-06,3.0,3.0,0.0,3.0,3.0,3.0,0.0,1000
2003-03-07,2.9800000190734863,2.9800000190734863,0.0,3.0,2.9800000190734863,3.0,0.0,2500
2003-03-10,3.049999952316284,3.049999952316284,0.0,3.049999952316284,2.950000047683716,3.0,0.0,4300
2003-03-11,2.950000047683716,2.950000047683716,0.0,2.950000047683716,2.950000047683716,2.950000047683716,0.0,100
2003-03-12,2.9700000286102295,2.9700000286102295,0.0,2.990000009536743,2.9700000286102295,2.990000009536743,0.0,700
2003-03-13,2.990000009536743,2.990000009536743,0.0,2.990000009536743,2.9200000762939453,2.950000047683716,0.0,8300
2003-03-14,2.9800000190734863,2.9800000190734863,0.0,3.0,2.9200000762939453,2.9200000762939453,0.0,15200
2003-03-17,3.380000114440918,3.380000114440918,0.0,3.5999999046325684,2.9800000190734863,2.9800000190734863,0.0,14800
2003-03-18,3.309999942779541,3.309999942779541,0.0,3.4000000953674316,3.309999942779541,3.380000114440918,0.0,3500
2003-03-19,3.2200000286102295,3.2200000286102295,0.0,3.2200000286102295,3.2200000286102295,3.2200000286102295,0.0,300
2003-03-20,3.0,3.0,0.0,3.1700000762939453,2.9000000953674316,3.1700000762939453,0.0,4800
2003-03-21,3.0,3.0,0.0,3.0,3.0,3.0,0.0,1000
2003-03-24,2.9200000762939453,2.9200000762939453,0.0,3.0,2.9200000762939453,2.950000047683716,0.0,1600
2003-03-25,3.049999952316284,3.049999952316284,0.0,3.049999952316284,3.0,3.0,0.0,4700
2003-03-26,3.0,3.0,0.0,3.0,3.0,3.0,0.0,2000
2003-03-27,3.0,3.0,0.0,3.0,3.0,3.0,0.0,0
2003-03-28,2.9200000762939453,2.9200000762939453,0.0,3.0,2.9200000762939453,3.0,0.0,3000
2003-03-31,2.9800000190734863,2.9800000190734863,0.0,2.9800000190734863,2.9200000762939453,2.9200000762939453,0.0,2100
2003-04-01,2.930000066757202,2.930000066757202,0.0,2.950000047683716,2.930000066757202,2.940000057220459,0.0,6700
2003-04-02,2.930000066757202,2.930000066757202,0.0,2.930000066757202,2.930000066757202,2.930000066757202,0.0,200
2003-04-03,2.9700000286102295,2.9700000286102295,0.0,2.9700000286102295,2.9600000381469727,2.9600000381469727,0.0,3400
2003-04-04,2.940000057220459,2.940000057220459,0.0,2.950000047683716,2.940000057220459,2.950000047683716,0.0,4500
2003-04-07,2.930000066757202,2.930000066757202,0.0,2.930000066757202,2.930000066757202,2.930000066757202,0.0,400
2003-04-08,2.940000057220459,2.940000057220459,0.0,2.940000057220459,2.940000057220459,2.940000057220459,0.0,700
2003-04-09,2.940000057220459,2.940000057220459,0.0,2.940000057220459,2.940000057220459,2.940000057220459,0.0,500
2003-04-10,2.950000047683716,2.950000047683716,0.0,2.950000047683716,2.9100000858306885,2.940000057220459,0.0,2400
2003-04-11,2.950000047683716,2.950000047683716,0.0,2.950000047683716,2.950000047683716,2.950000047683716,0.0,0
2003-04-14,2.9100000858306885,2.9100000858306885,0.0,2.950000047683716,2.9100000858306885,2.950000047683716,0.0,700
2003-04-15,2.9000000953674316,2.9000000953674316,0.0,2.950000047683716,2.9000000953674316,2.950000047683716,0.0,1800
2003-04-16,2.950000047683716,2.950000047683716,0.0,2.950000047683716,2.9000000953674316,2.9200000762939453,0.0,4500
2003-04-17,2.930000066757202,2.930000066757202,0.0,2.930000066757202,2.880000114440918,2.880000114440918,0.0,2600
2003-04-21,2.940000057220459,2.940000057220459,0.0,2.940000057220459,2.9100000858306885,2.9100000858306885,0.0,3900
2003-04-22,2.9800000190734863,2.9800000190734863,0.0,3.119999885559082,2.799999952316284,2.9000000953674316,0.0,8300
2003-04-23,2.950000047683716,2.950000047683716,0.0,2.950000047683716,2.950000047683716,2.950000047683716,0.0,300
2003-04-24,2.9100000858306885,2.9100000858306885,0.0,2.950000047683716,2.9100000858306885,2.950000047683716,0.0,1900
2003-04-25,2.950000047683716,2.950000047683716,0.0,2.950000047683716,2.819999933242798,2.9100000858306885,0.0,2500
2003-04-28,2.9800000190734863,2.9800000190734863,0.0,2.9800000190734863,2.8499999046325684,2.9700000286102295,0.0,5000
2003-04-29,2.9800000190734863,2.9800000190734863,0.0,2.9800000190734863,2.819999933242798,2.819999933242798,0.0,900
2003-04-30,2.9000000953674316,2.9000000953674316,0.0,2.9800000190734863,2.8499999046325684,2.8499999046325684,0.0,1300
2003-05-01,2.9000000953674316,2.9000000953674316,0.0,2.9000000953674316,2.8499999046325684,2.9000000953674316,0.0,2900
2003-05-02,3.049999952316284,3.049999952316284,0.0,3.0999999046325684,2.950000047683716,2.950000047683716,0.0,900
2003-05-05,3.0,3.0,0.0,3.180000066757202,3.0,3.0999999046325684,0.0,2700
2003-05-06,3.049999952316284,3.049999952316284,0.0,3.140000104904175,3.049999952316284,3.130000114440918,0.0,1000
2003-05-07,3.200000047683716,3.200000047683716,0.0,3.200000047683716,3.140000104904175,3.140000104904175,0.0,1300
2003-05-08,3.0,3.0,0.0,3.200000047683716,3.0,3.200000047683716,0.0,4000
2003-05-09,3.200000047683716,3.200000047683716,0.0,3.200000047683716,3.0,3.0,0.0,600
2003-05-12,3.200000047683716,3.200000047683716,0.0,3.200000047683716,3.1500000953674316,3.1500000953674316,0.0,1000
2003-05-13,3.0,3.0,0.0,3.119999885559082,3.0,3.119999885559082,0.0,5500
2003-05-14,3.0799999237060547,3.0799999237060547,0.0,3.0799999237060547,3.0,3.0,0.0,1200
2003-05-15,3.190000057220459,3.190000057220459,0.0,3.2200000286102295,3.119999885559082,3.200000047683716,0.0,1500
2003-05-16,3.069999933242798,3.069999933242798,0.0,3.069999933242798,3.069999933242798,3.069999933242798,0.0,200
2003-05-19,3.200000047683716,3.200000047683716,0.0,3.200000047683716,3.049999952316284,3.069999933242798,0.0,4900
2003-05-20,2.890000104904175,2.890000104904175,0.0,3.200000047683716,2.8499999046325684,3.049999952316284,0.0,15700
2003-05-21,2.7799999713897705,2.7799999713897705,0.0,3.049999952316284,2.75,2.950000047683716,0.0,7100
2003-05-22,2.809999942779541,2.809999942779541,0.0,3.049999952316284,2.75,3.0199999809265137,0.0,13000
2003-05-23,3.0,3.0,0.0,3.0,3.0,3.0,0.0,1000
2003-05-27,2.7799999713897705,2.7799999713897705,0.0,3.0299999713897705,2.7799999713897705,2.9000000953674316,0.0,3400
2003-05-28,2.9600000381469727,2.9600000381469727,0.0,2.9600000381469727,2.7899999618530273,2.7899999618530273,0.0,4000
2003-05-29,2.799999952316284,2.799999952316284,0.0,2.990000009536743,2.799999952316284,2.869999885559082,0.0,4700
2003-05-30,2.9600000381469727,2.9600000381469727,0.0,2.990000009536743,2.75,2.9000000953674316,0.0,4000
2003-06-02,2.930000066757202,2.930000066757202,0.0,2.990000009536743,2.8499999046325684,2.950000047683716,0.0,5200
2003-06-03,2.9000000953674316,2.9000000953674316,0.0,2.990000009536743,2.9000000953674316,2.9700000286102295,0.0,2600
2003-06-04,2.990000009536743,2.990000009536743,0.0,2.990000009536743,2.8499999046325684,2.859999895095825,0.0,5700
2003-06-05,2.9000000953674316,2.9000000953674316,0.0,2.950000047683716,2.7699999809265137,2.9000000953674316,0.0,9700
2003-06-06,2.9000000953674316,2.9000000953674316,0.0,2.950000047683716,2.859999895095825,2.859999895095825,0.0,2500
2003-06-09,2.9000000953674316,2.9000000953674316,0.0,2.950000047683716,2.8499999046325684,2.950000047683716,0.0,4200
2003-06-10,2.9000000953674316,2.9000000953674316,0.0,2.9000000953674316,2.9000000953674316,2.9000000953674316,0.0,0
2003-06-11,2.930000066757202,2.930000066757202,0.0,2.930000066757202,2.8499999046325684,2.869999885559082,0.0,2700
2003-06-12,2.8499999046325684,2.8499999046325684,0.0,2.940000057220459,2.819999933242798,2.869999885559082,0.0,6000
2003-06-13,2.9000000953674316,2.9000000953674316,0.0,2.9000000953674316,2.75,2.8499999046325684,0.0,23200
2003-06-16,2.9000000953674316,2.9000000953674316,0.0,2.990000009536743,2.7799999713897705,2.9200000762939453,0.0,6800
2003-06-17,2.930000066757202,2.930000066757202,0.0,2.940000057220459,2.9000000953674316,2.940000057220459,0.0,5400
2003-06-18,2.9000000953674316,2.9000000953674316,0.0,2.9100000858306885,2.809999942779541,2.809999942779541,0.0,2200
2003-06-19,2.809999942779541,2.809999942779541,0.0,2.940000057220459,2.809999942779541,2.8499999046325684,0.0,1800
2003-06-20,2.809999942779541,2.809999942779541,0.0,2.809999942779541,2.799999952316284,2.799999952316284,0.0,500
2003-06-23,2.9200000762939453,2.9200000762939453,0.0,2.9200000762939453,2.809999942779541,2.809999942779541,0.0,1900
2003-06-24,2.9000000953674316,2.9000000953674316,0.0,2.950000047683716,2.890000104904175,2.9200000762939453,0.0,7100
2003-06-25,2.8299999237060547,2.8299999237060547,0.0,2.859999895095825,2.75,2.799999952316284,0.0,1900
2003-06-26,2.75,2.75,0.0,2.7899999618530273,2.75,2.7799999713897705,0.0,5200
2003-06-27,2.75,2.75,0.0,2.759999990463257,2.75,2.759999990463257,0.0,3300
2003-06-30,2.799999952316284,2.799999952316284,0.0,2.799999952316284,2.799999952316284,2.799999952316284,0.0,2000
2003-07-01,2.7899999618530273,2.7899999618530273,0.0,2.9000000953674316,2.75,2.799999952316284,0.0,3700
2003-07-02,2.7899999618530273,2.7899999618530273,0.0,2.9000000953674316,2.75,2.7899999618530273,0.0,3400
2003-07-03,2.880000114440918,2.880000114440918,0.0,3.0999999046325684,2.8499999046325684,2.9000000953674316,0.0,25000
2003-07-07,3.049999952316284,3.049999952316284,0.0,3.0999999046325684,2.940000057220459,2.9800000190734863,0.0,13200
2003-07-08,3.5899999141693115,3.5899999141693115,0.0,3.5899999141693115,3.0899999141693115,3.0999999046325684,0.0,35300
2003-07-09,3.7799999713897705,3.7799999713897705,0.0,3.7899999618530273,3.5899999141693115,3.640000104904175,0.0,23400
2003-07-10,3.8299999237060547,3.8299999237060547,0.0,3.9200000762939453,3.700000047683716,3.799999952316284,0.0,15400
2003-07-11,4.21999979019165,4.21999979019165,0.0,5.0,3.799999952316284,3.8299999237060547,0.0,55100
2003-07-14,4.5,4.5,0.0,4.650000095367432,4.300000190734863,4.650000095367432,0.0,19500
2003-07-15,4.380000114440918,4.380000114440918,0.0,4.980000019073486,4.25,4.5,0.0,9800
2003-07-16,3.75,3.75,0.0,4.300000190734863,3.549999952316284,4.25,0.0,14200
2003-07-17,3.759999990463257,3.759999990463257,0.0,4.090000152587891,3.75,3.75,0.0,11300
2003-07-18,3.869999885559082,3.869999885559082,0.0,3.9600000381469727,3.8499999046325684,3.9100000858306885,0.0,2500
2003-07-21,3.8499999046325684,3.8499999046325684,0.0,3.9200000762939453,3.759999990463257,3.9200000762939453,0.0,1800
2003-07-22,3.8499999046325684,3.8499999046325684,0.0,3.9800000190734863,3.759999990463257,3.9800000190734863,0.0,6800
2003-07-23,4.050000190734863,4.050000190734863,0.0,4.050000190734863,3.799999952316284,3.9200000762939453,0.0,12700
2003-07-24,4.269999980926514,4.269999980926514,0.0,4.269999980926514,4.099999904632568,4.099999904632568,0.0,9800
2003-07-25,4.28000020980835,4.28000020980835,0.0,4.28000020980835,4.230000019073486,4.260000228881836,0.0,8900
2003-07-28,3.9200000762939453,3.9200000762939453,0.0,4.300000190734863,3.7699999809265137,4.300000190734863,0.0,6900
2003-07-29,4.0,4.0,0.0,4.5,3.75,3.75,0.0,6900
2003-07-30,3.950000047683716,3.950000047683716,0.0,4.199999809265137,3.950000047683716,4.0,0.0,4300
2003-07-31,4.070000171661377,4.070000171661377,0.0,4.269999980926514,4.0,4.239999771118164,0.0,4700
2003-08-01,3.990000009536743,3.990000009536743,0.0,4.300000190734863,3.950000047683716,3.950000047683716,0.0,4400
2003-08-04,3.75,3.75,0.0,4.21999979019165,3.75,3.950000047683716,0.0,9300
2003-08-05,3.5199999809265137,3.5199999809265137,0.0,3.890000104904175,3.5199999809265137,3.890000104904175,0.0,10700
2003-08-06,3.75,3.75,0.0,4.0,3.5999999046325684,3.5999999046325684,0.0,2900
2003-08-07,3.7300000190734863,3.7300000190734863,0.0,3.9600000381469727,3.700000047683716,3.700000047683716,0.0,4400
2003-08-08,3.690000057220459,3.690000057220459,0.0,4.019999980926514,3.5,3.75,0.0,12000
2003-08-11,3.700000047683716,3.700000047683716,0.0,3.9600000381469727,3.609999895095825,3.690000057220459,0.0,8700
2003-08-12,4.110000133514404,4.110000133514404,0.0,4.110000133514404,3.8499999046325684,4.019999980926514,0.0,19200
2003-08-13,4.289999961853027,4.289999961853027,0.0,4.289999961853027,4.0,4.119999885559082,0.0,11700
2003-08-14,4.269999980926514,4.269999980926514,0.0,4.269999980926514,4.179999828338623,4.269999980926514,0.0,10500
2003-08-15,3.950000047683716,3.950000047683716,0.0,4.150000095367432,3.950000047683716,4.150000095367432,0.0,2700
2003-08-18,4.159999847412109,4.159999847412109,0.0,4.199999809265137,4.110000133514404,4.110000133514404,0.0,4600
2003-08-19,4.230000019073486,4.230000019073486,0.0,4.329999923706055,4.170000076293945,4.329999923706055,0.0,5500
2003-08-20,4.179999828338623,4.179999828338623,0.0,4.309999942779541,4.170000076293945,4.309999942779541,0.0,7400
2003-08-21,4.119999885559082,4.119999885559082,0.0,4.159999847412109,4.110000133514404,4.110000133514404,0.0,4600
2003-08-22,4.320000171661377,4.320000171661377,0.0,4.320000171661377,4.119999885559082,4.139999866485596,0.0,3700
2003-08-25,4.199999809265137,4.199999809265137,0.0,4.460000038146973,4.199999809265137,4.210000038146973,0.0,3600
2003-08-26,4.179999828338623,4.179999828338623,0.0,4.289999961853027,4.170000076293945,4.170000076293945,0.0,9400
2003-08-27,4.25,4.25,0.0,4.300000190734863,4.130000114440918,4.130000114440918,0.0,12700
2003-08-28,4.329999923706055,4.329999923706055,0.0,4.429999828338623,4.199999809265137,4.300000190734863,0.0,7400
2003-08-29,4.360000133514404,4.360000133514404,0.0,4.369999885559082,4.309999942779541,4.329999923706055,0.0,4500
2003-09-02,4.690000057220459,4.690000057220459,0.0,4.690000057220459,4.340000152587891,4.429999828338623,0.0,14600
2003-09-03,4.699999809265137,4.699999809265137,0.0,4.75,4.679999828338623,4.679999828338623,0.0,11900
2003-09-04,4.75,4.75,0.0,4.75,4.460000038146973,4.699999809265137,0.0,14800
2003-09-05,4.760000228881836,4.760000228881836,0.0,4.789999961853027,4.639999866485596,4.639999866485596,0.0,5700
2003-09-08,4.989999771118164,4.989999771118164,0.0,4.989999771118164,4.639999866485596,4.639999866485596,0.0,12500
2003-09-09,4.989999771118164,4.989999771118164,0.0,5.050000190734863,4.800000190734863,4.800000190734863,0.0,14600
2003-09-10,4.900000095367432,4.900000095367432,0.0,4.96999979019165,4.510000228881836,4.820000171661377,0.0,17000
2003-09-11,4.869999885559082,4.869999885559082,0.0,4.96999979019165,4.349999904632568,4.539999961853027,0.0,18500
2003-09-12,4.809999942779541,4.809999942779541,0.0,4.880000114440918,4.710000038146973,4.869999885559082,0.0,3700
2003-09-15,4.599999904632568,4.599999904632568,0.0,4.869999885559082,4.539999961853027,4.849999904632568,0.0,15100
2003-09-16,4.570000171661377,4.570000171661377,0.0,4.869999885559082,4.570000171661377,4.650000095367432,0.0,14200
2003-09-17,4.610000133514404,4.610000133514404,0.0,4.880000114440918,4.510000228881836,4.510000228881836,0.0,19700
2003-09-18,4.650000095367432,4.650000095367432,0.0,4.800000190734863,4.53000020980835,4.599999904632568,0.0,12100
2003-09-19,4.619999885559082,4.619999885559082,0.0,4.789999961853027,4.579999923706055,4.650000095367432,0.0,10100
2003-09-22,4.760000228881836,4.760000228881836,0.0,4.789999961853027,4.519999980926514,4.519999980926514,0.0,7800
2003-09-23,4.5,4.5,0.0,4.789999961853027,4.5,4.789999961853027,0.0,22100
2003-09-24,4.550000190734863,4.550000190734863,0.0,4.769999980926514,4.480000019073486,4.769999980926514,0.0,12600
2003-09-25,4.550000190734863,4.550000190734863,0.0,4.650000095367432,4.5,4.559999942779541,0.0,13100
2003-09-26,4.300000190734863,4.300000190734863,0.0,4.639999866485596,4.119999885559082,4.449999809265137,0.0,22800
2003-09-29,4.28000020980835,4.28000020980835,0.0,4.369999885559082,4.139999866485596,4.230000019073486,0.0,13700
2003-09-30,4.300000190734863,4.300000190734863,0.0,4.300000190734863,4.28000020980835,4.289999961853027,0.0,1300
2003-10-01,4.400000095367432,4.400000095367432,0.0,4.510000228881836,4.28000020980835,4.309999942779541,0.0,10900
2003-10-02,4.409999847412109,4.409999847412109,0.0,4.409999847412109,4.329999923706055,4.329999923706055,0.0,900
2003-10-03,4.289999961853027,4.289999961853027,0.0,4.449999809265137,4.110000133514404,4.449999809265137,0.0,17300
2003-10-06,4.300000190734863,4.300000190734863,0.0,4.300000190734863,4.119999885559082,4.199999809265137,0.0,7100
2003-10-07,4.480000019073486,4.480000019073486,0.0,4.519999980926514,4.199999809265137,4.199999809265137,0.0,8500
2003-10-08,4.389999866485596,4.389999866485596,0.0,4.389999866485596,4.25,4.389999866485596,0.0,8500
2003-10-09,4.389999866485596,4.389999866485596,0.0,4.400000095367432,4.159999847412109,4.329999923706055,0.0,17700
2003-10-10,4.199999809265137,4.199999809265137,0.0,4.360000133514404,4.119999885559082,4.360000133514404,0.0,14800
2003-10-13,4.550000190734863,4.550000190734863,0.0,4.849999904632568,4.179999828338623,4.179999828338623,0.0,21100
2003-10-14,4.460000038146973,4.460000038146973,0.0,4.849999904632568,4.349999904632568,4.849999904632568,0.0,16200
2003-10-15,4.599999904632568,4.599999904632568,0.0,4.920000076293945,4.489999771118164,4.590000152587891,0.0,14100
2003-10-16,4.53000020980835,4.53000020980835,0.0,4.670000076293945,4.480000019073486,4.599999904632568,0.0,9100
2003-10-17,4.639999866485596,4.639999866485596,0.0,4.699999809265137,4.5,4.510000228881836,0.0,11900
2003-10-20,4.5,4.5,0.0,4.690000057220459,4.199999809265137,4.349999904632568,0.0,16300
2003-10-21,4.420000076293945,4.420000076293945,0.0,4.579999923706055,4.269999980926514,4.309999942779541,0.0,13400
2003-10-22,4.25,4.25,0.0,4.349999904632568,4.25,4.28000020980835,0.0,9300
2003-10-23,4.25,4.25,0.0,4.289999961853027,4.230000019073486,4.230000019073486,0.0,7000
2003-10-24,4.199999809265137,4.199999809265137,0.0,4.289999961853027,4.130000114440918,4.260000228881836,0.0,7400
2003-10-27,4.5,4.5,0.0,4.5,4.150000095367432,4.179999828338623,0.0,12800
2003-10-28,4.309999942779541,4.309999942779541,0.0,4.5,4.190000057220459,4.5,0.0,17000
2003-10-29,4.489999771118164,4.489999771118164,0.0,4.489999771118164,4.269999980926514,4.269999980926514,0.0,4500
2003-10-30,4.320000171661377,4.320000171661377,0.0,4.5,4.269999980926514,4.5,0.0,8800
2003-10-31,4.309999942779541,4.309999942779541,0.0,4.400000095367432,4.199999809265137,4.349999904632568,0.0,18800
2003-11-03,4.210000038146973,4.210000038146973,0.0,4.289999961853027,4.199999809265137,4.21999979019165,0.0,22300
2003-11-04,4.119999885559082,4.119999885559082,0.0,4.25,4.119999885559082,4.25,0.0,5800
2003-11-05,4.119999885559082,4.119999885559082,0.0,4.199999809265137,4.119999885559082,4.199999809265137,0.0,9000
2003-11-06,4.179999828338623,4.179999828338623,0.0,4.190000057220459,4.099999904632568,4.119999885559082,0.0,16400
2003-11-07,4.309999942779541,4.309999942779541,0.0,4.320000171661377,4.150000095367432,4.25,0.0,9600
2003-11-10,4.150000095367432,4.150000095367432,0.0,4.300000190734863,4.150000095367432,4.300000190734863,0.0,16900
2003-11-11,4.400000095367432,4.400000095367432,0.0,4.570000171661377,4.150000095367432,4.150000095367432,0.0,17500
2003-11-12,4.710000038146973,4.710000038146973,0.0,4.710000038146973,4.46999979019165,4.46999979019165,0.0,26900
2003-11-13,4.690000057220459,4.690000057220459,0.0,4.769999980926514,4.550000190734863,4.769999980926514,0.0,11300
2003-11-14,4.489999771118164,4.489999771118164,0.0,4.659999847412109,4.260000228881836,4.539999961853027,0.0,21400
2003-11-17,4.409999847412109,4.409999847412109,0.0,4.5,4.260000228881836,4.5,0.0,12100
2003-11-18,4.369999885559082,4.369999885559082,0.0,4.400000095367432,4.360000133514404,4.400000095367432,0.0,13600
2003-11-19,4.349999904632568,4.349999904632568,0.0,4.360000133514404,4.300000190734863,4.360000133514404,0.0,15900
2003-11-20,4.46999979019165,4.46999979019165,0.0,4.46999979019165,4.159999847412109,4.300000190734863,0.0,1900
2003-11-21,4.230000019073486,4.230000019073486,0.0,4.300000190734863,4.190000057220459,4.210000038146973,0.0,19200
2003-11-24,4.159999847412109,4.159999847412109,0.0,4.300000190734863,4.150000095367432,4.150000095367432,0.0,10300
2003-11-25,4.269999980926514,4.269999980926514,0.0,4.400000095367432,4.110000133514404,4.110000133514404,0.0,8000
2003-11-26,4.389999866485596,4.389999866485596,0.0,4.389999866485596,4.25,4.300000190734863,0.0,13400
2003-11-28,4.440000057220459,4.440000057220459,0.0,4.440000057220459,4.389999866485596,4.389999866485596,0.0,2700
2003-12-01,4.380000114440918,4.380000114440918,0.0,4.400000095367432,4.170000076293945,4.400000095367432,0.0,14400
2003-12-02,4.300000190734863,4.300000190734863,0.0,4.349999904632568,4.170000076293945,4.170000076293945,0.0,5400
2003-12-03,4.360000133514404,4.360000133514404,0.0,4.360000133514404,4.239999771118164,4.239999771118164,0.0,3200
2003-12-04,4.269999980926514,4.269999980926514,0.0,4.269999980926514,4.269999980926514,4.269999980926514,0.0,6000
2003-12-05,4.300000190734863,4.300000190734863,0.0,4.389999866485596,4.239999771118164,4.25,0.0,4000
2003-12-08,4.300000190734863,4.300000190734863,0.0,4.300000190734863,4.199999809265137,4.199999809265137,0.0,5100
2003-12-09,4.260000228881836,4.260000228881836,0.0,4.289999961853027,4.199999809265137,4.199999809265137,0.0,8200
2003-12-10,4.199999809265137,4.199999809265137,0.0,4.199999809265137,4.150000095367432,4.150000095367432,0.0,8500
2003-12-11,4.210000038146973,4.210000038146973,0.0,4.21999979019165,4.150000095367432,4.199999809265137,0.0,7700
2003-12-12,4.25,4.25,0.0,4.25,4.25,4.25,0.0,200
2003-12-15,4.289999961853027,4.289999961853027,0.0,4.289999961853027,4.199999809265137,4.25,0.0,11300
2003-12-16,4.210000038146973,4.210000038146973,0.0,4.260000228881836,4.150000095367432,4.159999847412109,0.0,2700
2003-12-17,4.210000038146973,4.210000038146973,0.0,4.210000038146973,4.199999809265137,4.199999809265137,0.0,3300
2003-12-18,4.139999866485596,4.139999866485596,0.0,4.139999866485596,4.039999961853027,4.119999885559082,0.0,13000
2003-12-19,4.0,4.0,0.0,4.099999904632568,4.0,4.099999904632568,0.0,8000
2003-12-22,3.799999952316284,3.799999952316284,0.0,4.130000114440918,3.75,4.0,0.0,9000
2003-12-23,3.809999942779541,3.809999942779541,0.0,3.9700000286102295,3.75,3.799999952316284,0.0,6100
2003-12-24,3.8499999046325684,3.8499999046325684,0.0,3.8499999046325684,3.75,3.75,0.0,21500
2003-12-26,3.8299999237060547,3.8299999237060547,0.0,3.9100000858306885,3.8299999237060547,3.9100000858306885,0.0,2500
2003-12-29,3.7799999713897705,3.7799999713897705,0.0,3.799999952316284,3.7699999809265137,3.799999952316284,0.0,10500
2003-12-30,3.799999952316284,3.799999952316284,0.0,3.799999952316284,3.75,3.75,0.0,7000
2003-12-31,3.75,3.75,0.0,3.759999990463257,3.75,3.75,0.0,10900
2004-01-02,3.799999952316284,3.799999952316284,0.0,4.039999961853027,3.75,3.890000104904175,0.0,7600
2004-01-05,4.150000095367432,4.150000095367432,0.0,4.150000095367432,3.9000000953674316,4.010000228881836,0.0,9900
2004-01-06,4.460000038146973,4.460000038146973,0.0,4.460000038146973,4.139999866485596,4.199999809265137,0.0,17900
2004-01-07,4.309999942779541,4.309999942779541,0.0,4.420000076293945,4.210000038146973,4.210000038146973,0.0,13000
2004-01-08,4.670000076293945,4.670000076293945,0.0,4.699999809265137,4.25,4.25,0.0,22400
2004-01-09,4.670000076293945,4.670000076293945,0.0,4.699999809265137,4.320000171661377,4.670000076293945,0.0,12300
2004-01-12,4.71999979019165,4.71999979019165,0.0,4.75,4.599999904632568,4.75,0.0,15600
2004-01-13,4.699999809265137,4.699999809265137,0.0,4.710000038146973,4.650000095367432,4.710000038146973,0.0,14400
2004-01-14,4.619999885559082,4.619999885559082,0.0,4.739999771118164,4.610000133514404,4.739999771118164,0.0,5100
2004-01-15,4.71999979019165,4.71999979019165,0.0,4.75,4.650000095367432,4.75,0.0,10900
2004-01-16,5.0,5.0,0.0,5.090000152587891,4.610000133514404,4.71999979019165,0.0,46300
2004-01-20,5.0,5.0,0.0,5.0,4.829999923706055,5.0,0.0,18400
2004-01-21,4.889999866485596,4.889999866485596,0.0,5.050000190734863,4.860000133514404,4.860000133514404,0.0,8600
2004-01-22,5.0,5.0,0.0,5.25,4.96999979019165,5.0,0.0,23600
2004-01-23,4.989999771118164,4.989999771118164,0.0,5.0,4.960000038146973,5.0,0.0,12300
2004-01-26,5.010000228881836,5.010000228881836,0.0,5.21999979019165,5.0,5.110000133514404,0.0,8900
2004-01-27,5.050000190734863,5.050000190734863,0.0,5.050000190734863,4.860000133514404,5.0,0.0,4000
2004-01-28,4.949999809265137,4.949999809265137,0.0,4.949999809265137,4.920000076293945,4.920000076293945,0.0,3100
2004-01-29,4.809999942779541,4.809999942779541,0.0,4.949999809265137,4.610000133514404,4.949999809265137,0.0,5300
2004-01-30,4.760000228881836,4.760000228881836,0.0,4.900000095367432,4.659999847412109,4.820000171661377,0.0,4500
2004-02-02,4.599999904632568,4.599999904632568,0.0,4.760000228881836,4.599999904632568,4.75,0.0,9400
2004-02-03,4.599999904632568,4.599999904632568,0.0,4.599999904632568,4.599999904632568,4.599999904632568,0.0,0
2004-02-04,4.599999904632568,4.599999904632568,0.0,4.619999885559082,4.599999904632568,4.619999885559082,0.0,400
2004-02-05,4.599999904632568,4.599999904632568,0.0,4.610000133514404,4.599999904632568,4.610000133514404,0.0,14600
2004-02-06,4.599999904632568,4.599999904632568,0.0,4.599999904632568,4.599999904632568,4.599999904632568,0.0,12900
2004-02-09,4.539999961853027,4.539999961853027,0.0,4.699999809265137,4.510000228881836,4.699999809265137,0.0,13700
2004-02-10,4.599999904632568,4.599999904632568,0.0,4.670000076293945,4.559999942779541,4.579999923706055,0.0,9400
2004-02-11,4.690000057220459,4.690000057220459,0.0,4.690000057220459,4.559999942779541,4.559999942779541,0.0,12700
2004-02-12,4.690000057220459,4.690000057220459,0.0,4.699999809265137,4.409999847412109,4.5,0.0,16200
2004-02-13,4.670000076293945,4.670000076293945,0.0,4.690000057220459,4.650000095367432,4.670000076293945,0.0,16400
2004-02-17,4.550000190734863,4.550000190734863,0.0,4.599999904632568,4.449999809265137,4.449999809265137,0.0,3500
2004-02-18,4.650000095367432,4.650000095367432,0.0,4.650000095367432,4.550000190734863,4.650000095367432,0.0,5700
2004-02-19,4.610000133514404,4.610000133514404,0.0,4.610000133514404,4.550000190734863,4.550000190734863,0.0,400
2004-02-20,4.730000019073486,4.730000019073486,0.0,5.25,4.599999904632568,4.599999904632568,0.0,18500
2004-02-23,4.639999866485596,4.639999866485596,0.0,4.889999866485596,4.449999809265137,4.449999809265137,0.0,9100
2004-02-24,4.599999904632568,4.599999904632568,0.0,4.599999904632568,4.599999904632568,4.599999904632568,0.0,100
2004-02-25,4.510000228881836,4.510000228881836,0.0,4.699999809265137,4.510000228881836,4.670000076293945,0.0,4500
2004-02-26,4.510000228881836,4.510000228881836,0.0,4.510000228881836,4.510000228881836,4.510000228881836,0.0,0
2004-02-27,4.559999942779541,4.559999942779541,0.0,4.670000076293945,4.559999942779541,4.670000076293945,0.0,2000
2004-03-01,4.510000228881836,4.510000228881836,0.0,4.510000228881836,4.449999809265137,4.449999809265137,0.0,400
2004-03-02,4.510000228881836,4.510000228881836,0.0,4.510000228881836,4.5,4.510000228881836,0.0,3600
2004-03-03,4.53000020980835,4.53000020980835,0.0,4.53000020980835,4.510000228881836,4.510000228881836,0.0,500
2004-03-04,4.550000190734863,4.550000190734863,0.0,4.550000190734863,4.460000038146973,4.519999980926514,0.0,2800
2004-03-05,4.400000095367432,4.400000095367432,0.0,4.5,4.400000095367432,4.449999809265137,0.0,4000
2004-03-08,4.650000095367432,4.650000095367432,0.0,4.71999979019165,4.460000038146973,4.5,0.0,7600
2004-03-09,4.519999980926514,4.519999980926514,0.0,4.590000152587891,4.400000095367432,4.519999980926514,0.0,5100
2004-03-10,4.5,4.5,0.0,4.599999904632568,4.5,4.5,0.0,2400
2004-03-11,4.5,4.5,0.0,4.5,4.5,4.5,0.0,600
2004-03-12,4.5,4.5,0.0,4.5,4.5,4.5,0.0,1300
2004-03-15,4.590000152587891,4.590000152587891,0.0,4.590000152587891,4.590000152587891,4.590000152587891,0.0,300
2004-03-16,4.5,4.5,0.0,4.599999904632568,4.5,4.599999904632568,0.0,2300
2004-03-17,4.710000038146973,4.710000038146973,0.0,4.75,4.5,4.5,0.0,2200
2004-03-18,4.639999866485596,4.639999866485596,0.0,4.639999866485596,4.5,4.630000114440918,0.0,1300
2004-03-19,4.639999866485596,4.639999866485596,0.0,4.639999866485596,4.559999942779541,4.559999942779541,0.0,1300
2004-03-22,4.599999904632568,4.599999904632568,0.0,4.610000133514404,4.599999904632568,4.610000133514404,0.0,1300
2004-03-23,4.599999904632568,4.599999904632568,0.0,4.639999866485596,4.5,4.639999866485596,0.0,8600
2004-03-24,4.599999904632568,4.599999904632568,0.0,4.630000114440918,4.519999980926514,4.610000133514404,0.0,3700
2004-03-25,4.599999904632568,4.599999904632568,0.0,4.599999904632568,4.449999809265137,4.449999809265137,0.0,600
2004-03-26,4.480000019073486,4.480000019073486,0.0,4.639999866485596,4.46999979019165,4.579999923706055,0.0,1900
2004-03-29,4.559999942779541,4.559999942779541,0.0,4.590000152587891,4.550000190734863,4.590000152587891,0.0,6400
2004-03-30,4.559999942779541,4.559999942779541,0.0,4.559999942779541,4.559999942779541,4.559999942779541,0.0,0
2004-03-31,4.579999923706055,4.579999923706055,0.0,4.579999923706055,4.579999923706055,4.579999923706055,0.0,100
2004-04-01,4.610000133514404,4.610000133514404,0.0,4.610000133514404,4.599999904632568,4.599999904632568,0.0,2100
2004-04-02,4.579999923706055,4.579999923706055,0.0,4.699999809265137,4.579999923706055,4.699999809265137,0.0,6100
2004-04-05,4.590000152587891,4.590000152587891,0.0,4.639999866485596,4.510000228881836,4.510000228881836,0.0,5200
2004-04-06,4.570000171661377,4.570000171661377,0.0,4.940000057220459,4.570000171661377,4.590000152587891,0.0,1800
2004-04-07,4.739999771118164,4.739999771118164,0.0,4.739999771118164,4.699999809265137,4.699999809265137,0.0,700
2004-04-08,4.610000133514404,4.610000133514404,0.0,4.739999771118164,4.610000133514404,4.739999771118164,0.0,1700
2004-04-12,4.610000133514404,4.610000133514404,0.0,4.619999885559082,4.599999904632568,4.619999885559082,0.0,2400
2004-04-13,4.610000133514404,4.610000133514404,0.0,4.610000133514404,4.610000133514404,4.610000133514404,0.0,0
2004-04-14,4.639999866485596,4.639999866485596,0.0,4.699999809265137,4.639999866485596,4.650000095367432,0.0,1200
2004-04-15,4.599999904632568,4.599999904632568,0.0,4.599999904632568,4.599999904632568,4.599999904632568,0.0,1500
2004-04-16,4.510000228881836,4.510000228881836,0.0,4.599999904632568,4.510000228881836,4.599999904632568,0.0,8500
2004-04-19,4.5,4.5,0.0,4.510000228881836,4.5,4.510000228881836,0.0,3300
2004-04-20,4.5,4.5,0.0,4.5,4.5,4.5,0.0,1100
2004-04-21,4.5,4.5,0.0,4.5,4.5,4.5,0.0,5600
2004-04-22,4.5,4.5,0.0,4.550000190734863,4.5,4.539999961853027,0.0,3700
2004-04-23,4.570000171661377,4.570000171661377,0.0,4.570000171661377,4.449999809265137,4.449999809265137,0.0,1100
2004-04-26,4.400000095367432,4.400000095367432,0.0,4.510000228881836,4.400000095367432,4.510000228881836,0.0,7500
2004-04-27,4.75,4.75,0.0,4.849999904632568,4.309999942779541,4.400000095367432,0.0,13900
2004-04-28,4.710000038146973,4.710000038146973,0.0,4.739999771118164,4.53000020980835,4.53000020980835,0.0,3100
2004-04-29,4.380000114440918,4.380000114440918,0.0,4.46999979019165,4.300000190734863,4.300000190734863,0.0,8900
2004-04-30,4.190000057220459,4.190000057220459,0.0,4.300000190734863,4.099999904632568,4.300000190734863,0.0,9000
2004-05-03,4.300000190734863,4.300000190734863,0.0,4.300000190734863,4.050000190734863,4.050000190734863,0.0,4700
2004-05-04,4.21999979019165,4.21999979019165,0.0,4.409999847412109,4.119999885559082,4.119999885559082,0.0,8800
2004-05-05,4.489999771118164,4.489999771118164,0.0,4.5,4.019999980926514,4.28000020980835,0.0,9600
2004-05-06,4.380000114440918,4.380000114440918,0.0,4.429999828338623,4.03000020980835,4.03000020980835,0.0,4300
2004-05-07,4.099999904632568,4.099999904632568,0.0,4.130000114440918,4.099999904632568,4.130000114440918,0.0,1700
2004-05-10,4.0,4.0,0.0,4.21999979019165,3.4000000953674316,4.150000095367432,0.0,14100
2004-05-11,4.349999904632568,4.349999904632568,0.0,4.349999904632568,3.559999942779541,3.559999942779541,0.0,10100
2004-05-12,4.28000020980835,4.28000020980835,0.0,4.28000020980835,4.21999979019165,4.230000019073486,0.0,1400
2004-05-13,3.950000047683716,3.950000047683716,0.0,4.199999809265137,3.819999933242798,4.039999961853027,0.0,5500
2004-05-14,3.9200000762939453,3.9200000762939453,0.0,3.940000057220459,3.9200000762939453,3.930000066757202,0.0,4900
2004-05-17,3.9600000381469727,3.9600000381469727,0.0,3.9600000381469727,3.9600000381469727,3.9600000381469727,0.0,500
2004-05-18,3.9200000762939453,3.9200000762939453,0.0,4.010000228881836,3.9200000762939453,4.0,0.0,700
2004-05-19,4.099999904632568,4.099999904632568,0.0,4.099999904632568,3.9200000762939453,3.990000009536743,0.0,4300
2004-05-20,3.930000066757202,3.930000066757202,0.0,4.050000190734863,3.9200000762939453,3.9200000762939453,0.0,1800
2004-05-21,3.9700000286102295,3.9700000286102295,0.0,3.990000009536743,3.930000066757202,3.990000009536743,0.0,1700
2004-05-24,4.050000190734863,4.050000190734863,0.0,4.050000190734863,3.9200000762939453,3.9200000762939453,0.0,1500
2004-05-25,3.9200000762939453,3.9200000762939453,0.0,4.050000190734863,3.9200000762939453,4.050000190734863,0.0,2200
2004-05-26,3.940000057220459,3.940000057220459,0.0,3.940000057220459,3.940000057220459,3.940000057220459,0.0,1400
2004-05-27,3.940000057220459,3.940000057220459,0.0,3.940000057220459,3.940000057220459,3.940000057220459,0.0,0
2004-05-28,3.940000057220459,3.940000057220459,0.0,3.940000057220459,3.940000057220459,3.940000057220459,0.0,0
2004-06-01,4.170000076293945,4.170000076293945,0.0,4.170000076293945,3.9200000762939453,3.9700000286102295,0.0,5500
2004-06-02,3.9000000953674316,3.9000000953674316,0.0,4.170000076293945,3.8499999046325684,3.8499999046325684,0.0,5000
2004-06-03,3.9000000953674316,3.9000000953674316,0.0,4.119999885559082,3.9000000953674316,3.9000000953674316,0.0,4900
2004-06-04,3.930000066757202,3.930000066757202,0.0,3.930000066757202,3.930000066757202,3.930000066757202,0.0,200
2004-06-07,3.9100000858306885,3.9100000858306885,0.0,3.930000066757202,3.8499999046325684,3.9000000953674316,0.0,3400
2004-06-08,3.9100000858306885,3.9100000858306885,0.0,3.9100000858306885,3.9100000858306885,3.9100000858306885,0.0,0
2004-06-09,3.7899999618530273,3.7899999618530273,0.0,3.9100000858306885,3.7899999618530273,3.9100000858306885,0.0,10600
2004-06-10,3.859999895095825,3.859999895095825,0.0,4.019999980926514,3.859999895095825,3.9700000286102295,0.0,2100
2004-06-14,4.099999904632568,4.099999904632568,0.0,4.110000133514404,4.010000228881836,4.099999904632568,0.0,6200
2004-06-15,4.150000095367432,4.150000095367432,0.0,4.150000095367432,3.990000009536743,4.0,0.0,3800
2004-06-16,4.050000190734863,4.050000190734863,0.0,4.050000190734863,4.050000190734863,4.050000190734863,0.0,200
2004-06-17,4.059999942779541,4.059999942779541,0.0,4.150000095367432,4.010000228881836,4.010000228881836,0.0,2700
2004-06-18,4.059999942779541,4.059999942779541,0.0,4.059999942779541,4.059999942779541,4.059999942779541,0.0,0
2004-06-21,4.050000190734863,4.050000190734863,0.0,4.050000190734863,4.050000190734863,4.050000190734863,0.0,100
2004-06-22,4.25,4.25,0.0,4.389999866485596,4.050000190734863,4.050000190734863,0.0,9600
2004-06-23,4.25,4.25,0.0,4.25,4.239999771118164,4.239999771118164,0.0,1100
2004-06-24,4.25,4.25,0.0,4.25,4.25,4.25,0.0,0
2004-06-25,4.199999809265137,4.199999809265137,0.0,4.199999809265137,4.199999809265137,4.199999809265137,0.0,100
2004-06-28,4.070000171661377,4.070000171661377,0.0,4.199999809265137,4.070000171661377,4.199999809265137,0.0,400
2004-06-29,4.070000171661377,4.070000171661377,0.0,4.070000171661377,4.070000171661377,4.070000171661377,0.0,0
2004-06-30,4.010000228881836,4.010000228881836,0.0,4.059999942779541,3.880000114440918,4.059999942779541,0.0,4100
2004-07-01,4.0,4.0,0.0,4.0,3.950000047683716,3.950000047683716,0.0,600
2004-07-02,4.010000228881836,4.010000228881836,0.0,4.010000228881836,3.9000000953674316,3.940000057220459,0.0,1700
2004-07-06,4.010000228881836,4.010000228881836,0.0,4.150000095367432,3.9000000953674316,4.110000133514404,0.0,2000
2004-07-07,4.21999979019165,4.21999979019165,0.0,4.21999979019165,4.210000038146973,4.210000038146973,0.0,700
2004-07-08,4.179999828338623,4.179999828338623,0.0,4.199999809265137,4.130000114440918,4.199999809265137,0.0,15700
2004-07-09,4.179999828338623,4.179999828338623,0.0,4.179999828338623,4.179999828338623,4.179999828338623,0.0,0
2004-07-12,4.019999980926514,4.019999980926514,0.0,4.199999809265137,4.010000228881836,4.199999809265137,0.0,7400
2004-07-13,4.179999828338623,4.179999828338623,0.0,4.25,4.119999885559082,4.199999809265137,0.0,3700
2004-07-14,4.159999847412109,4.159999847412109,0.0,4.21999979019165,4.159999847412109,4.21999979019165,0.0,500
2004-07-15,4.03000020980835,4.03000020980835,0.0,4.25,4.010000228881836,4.25,0.0,6000
2004-07-16,4.03000020980835,4.03000020980835,0.0,4.03000020980835,4.03000020980835,4.03000020980835,0.0,0
2004-07-19,4.03000020980835,4.03000020980835,0.0,4.03000020980835,4.03000020980835,4.03000020980835,0.0,0
2004-07-20,4.170000076293945,4.170000076293945,0.0,4.170000076293945,4.050000190734863,4.050000190734863,0.0,12700
2004-07-21,4.099999904632568,4.099999904632568,0.0,4.179999828338623,4.099999904632568,4.179999828338623,0.0,7600
2004-07-22,4.03000020980835,4.03000020980835,0.0,4.03000020980835,4.019999980926514,4.03000020980835,0.0,3000
2004-07-23,4.03000020980835,4.03000020980835,0.0,4.03000020980835,4.03000020980835,4.03000020980835,0.0,0
2004-07-26,4.050000190734863,4.050000190734863,0.0,4.139999866485596,4.050000190734863,4.050000190734863,0.0,4200
2004-07-27,4.099999904632568,4.099999904632568,0.0,4.099999904632568,4.099999904632568,4.099999904632568,0.0,400
2004-07-28,4.019999980926514,4.019999980926514,0.0,4.159999847412109,4.019999980926514,4.099999904632568,0.0,9200
2004-07-29,4.050000190734863,4.050000190734863,0.0,4.079999923706055,4.050000190734863,4.079999923706055,0.0,10000
2004-07-30,4.059999942779541,4.059999942779541,0.0,4.099999904632568,4.03000020980835,4.03000020980835,0.0,3700
2004-08-02,4.019999980926514,4.019999980926514,0.0,4.059999942779541,4.010000228881836,4.050000190734863,0.0,8000
2004-08-03,4.050000190734863,4.050000190734863,0.0,4.050000190734863,4.0,4.0,0.0,1400
2004-08-04,4.050000190734863,4.050000190734863,0.0,4.050000190734863,4.039999961853027,4.050000190734863,0.0,6300
2004-08-05,4.050000190734863,4.050000190734863,0.0,4.050000190734863,4.050000190734863,4.050000190734863,0.0,6800
2004-08-06,4.050000190734863,4.050000190734863,0.0,4.050000190734863,4.050000190734863,4.050000190734863,0.0,700
2004-08-09,4.0,4.0,0.0,4.050000190734863,4.0,4.050000190734863,0.0,12500
2004-08-10,3.9000000953674316,3.9000000953674316,0.0,4.010000228881836,3.9000000953674316,4.010000228881836,0.0,1200
2004-08-11,4.110000133514404,4.110000133514404,0.0,4.110000133514404,3.950000047683716,4.050000190734863,0.0,2200
2004-08-12,4.929999828338623,4.929999828338623,0.0,5.0,4.119999885559082,4.28000020980835,0.0,219800
2004-08-13,4.75,4.75,0.0,4.980000019073486,4.710000038146973,4.980000019073486,0.0,32200
2004-08-16,4.690000057220459,4.690000057220459,0.0,4.75,4.25,4.730000019073486,0.0,31300
2004-08-17,4.699999809265137,4.699999809265137,0.0,4.699999809265137,4.400000095367432,4.650000095367432,0.0,11300
2004-08-18,4.630000114440918,4.630000114440918,0.0,4.710000038146973,4.550000190734863,4.550000190734863,0.0,1500
2004-08-19,4.570000171661377,4.570000171661377,0.0,4.570000171661377,4.550000190734863,4.550000190734863,0.0,4500
2004-08-20,4.599999904632568,4.599999904632568,0.0,4.619999885559082,4.590000152587891,4.590000152587891,0.0,2500
2004-08-23,4.800000190734863,4.800000190734863,0.0,4.800000190734863,4.570000171661377,4.570000171661377,0.0,17600
2004-08-24,4.829999923706055,4.829999923706055,0.0,4.880000114440918,4.730000019073486,4.75,0.0,9800
2004-08-25,4.75,4.75,0.0,4.800000190734863,4.75,4.800000190734863,0.0,2300
2004-08-26,4.519999980926514,4.519999980926514,0.0,4.75,4.429999828338623,4.75,0.0,8800
2004-08-27,4.460000038146973,4.460000038146973,0.0,4.519999980926514,4.460000038146973,4.519999980926514,0.0,5300
2004-08-30,4.460000038146973,4.460000038146973,0.0,4.460000038146973,4.460000038146973,4.460000038146973,0.0,0
2004-08-31,4.53000020980835,4.53000020980835,0.0,4.599999904632568,4.460000038146973,4.46999979019165,0.0,5000
2004-09-01,4.699999809265137,4.699999809265137,0.0,4.699999809265137,4.449999809265137,4.5,0.0,5700
2004-09-02,5.440000057220459,5.440000057220459,0.0,5.900000095367432,4.599999904632568,4.610000133514404,0.0,81800
2004-09-03,5.699999809265137,5.699999809265137,0.0,6.130000114440918,5.349999904632568,5.5,0.0,75900
2004-09-07,5.599999904632568,5.599999904632568,0.0,5.699999809265137,5.199999809265137,5.610000133514404,0.0,25500
2004-09-08,5.679999828338623,5.679999828338623,0.0,5.78000020980835,5.590000152587891,5.630000114440918,0.0,15500
2004-09-09,5.829999923706055,5.829999923706055,0.0,6.230000019073486,5.619999885559082,5.769999980926514,0.0,31600
2004-09-10,5.880000114440918,5.880000114440918,0.0,6.0,5.71999979019165,6.0,0.0,13000
2004-09-13,5.78000020980835,5.78000020980835,0.0,5.849999904632568,5.710000038146973,5.800000190734863,0.0,5600
2004-09-14,5.840000152587891,5.840000152587891,0.0,5.880000114440918,5.670000076293945,5.670000076293945,0.0,6200
2004-09-15,5.809999942779541,5.809999942779541,0.0,5.989999771118164,5.300000190734863,5.989999771118164,0.0,14100
2004-09-16,5.860000133514404,5.860000133514404,0.0,5.880000114440918,5.630000114440918,5.630000114440918,0.0,3900
2004-09-17,5.769999980926514,5.769999980926514,0.0,5.900000095367432,5.340000152587891,5.659999847412109,0.0,32000
2004-09-20,5.989999771118164,5.989999771118164,0.0,6.039999961853027,5.760000228881836,5.769999980926514,0.0,19400
2004-09-21,5.989999771118164,5.989999771118164,0.0,5.989999771118164,5.119999885559082,5.139999866485596,0.0,24100
2004-09-22,5.699999809265137,5.699999809265137,0.0,5.900000095367432,5.550000190734863,5.550000190734863,0.0,5500
2004-09-23,5.550000190734863,5.550000190734863,0.0,5.650000095367432,5.550000190734863,5.550000190734863,0.0,2500
2004-09-24,5.449999809265137,5.449999809265137,0.0,5.510000228881836,5.309999942779541,5.510000228881836,0.0,11300
2004-09-27,5.400000095367432,5.400000095367432,0.0,5.650000095367432,5.380000114440918,5.389999866485596,0.0,14500
2004-09-28,5.440000057220459,5.440000057220459,0.0,5.670000076293945,5.360000133514404,5.460000038146973,0.0,24300
2004-09-29,5.349999904632568,5.349999904632568,0.0,5.46999979019165,5.349999904632568,5.420000076293945,0.0,5300
2004-09-30,5.489999771118164,5.489999771118164,0.0,5.489999771118164,5.400000095367432,5.409999847412109,0.0,8200
2004-10-01,5.340000152587891,5.340000152587891,0.0,5.400000095367432,5.289999961853027,5.400000095367432,0.0,6300
2004-10-04,5.480000019073486,5.480000019073486,0.0,5.53000020980835,5.199999809265137,5.199999809265137,0.0,16600
2004-10-05,5.53000020980835,5.53000020980835,0.0,5.599999904632568,5.289999961853027,5.289999961853027,0.0,8500
2004-10-06,5.849999904632568,5.849999904632568,0.0,5.900000095367432,5.289999961853027,5.289999961853027,0.0,5900
2004-10-07,5.46999979019165,5.46999979019165,0.0,5.639999866485596,5.289999961853027,5.289999961853027,0.0,12200
2004-10-08,5.599999904632568,5.599999904632568,0.0,5.800000190734863,5.409999847412109,5.5,0.0,16900
2004-10-11,5.389999866485596,5.389999866485596,0.0,5.809999942779541,5.389999866485596,5.610000133514404,0.0,7000
2004-10-12,5.400000095367432,5.400000095367432,0.0,5.400000095367432,5.329999923706055,5.329999923706055,0.0,500
2004-10-13,5.489999771118164,5.489999771118164,0.0,5.489999771118164,5.449999809265137,5.449999809265137,0.0,800
2004-10-14,5.46999979019165,5.46999979019165,0.0,5.699999809265137,5.409999847412109,5.699999809265137,0.0,1100
2004-10-15,5.650000095367432,5.650000095367432,0.0,5.650000095367432,5.409999847412109,5.409999847412109,0.0,1200
2004-10-18,5.849999904632568,5.849999904632568,0.0,5.96999979019165,5.53000020980835,5.809999942779541,0.0,6500
2004-10-19,5.610000133514404,5.610000133514404,0.0,5.980000019073486,5.610000133514404,5.679999828338623,0.0,3600
2004-10-20,5.590000152587891,5.590000152587891,0.0,5.699999809265137,5.5,5.5,0.0,3400
2004-10-21,5.760000228881836,5.760000228881836,0.0,5.760000228881836,5.550000190734863,5.550000190734863,0.0,2400
2004-10-22,5.550000190734863,5.550000190734863,0.0,5.550000190734863,5.550000190734863,5.550000190734863,0.0,400
2004-10-25,5.75,5.75,0.0,5.940000057220459,5.409999847412109,5.5,0.0,2500
2004-10-26,5.989999771118164,5.989999771118164,0.0,5.989999771118164,5.579999923706055,5.75,0.0,22700
2004-10-27,6.650000095367432,6.650000095367432,0.0,6.690000057220459,5.78000020980835,5.78000020980835,0.0,71200
2004-10-28,6.349999904632568,6.349999904632568,0.0,6.699999809265137,6.300000190734863,6.699999809265137,0.0,14800
2004-10-29,6.389999866485596,6.389999866485596,0.0,6.420000076293945,6.260000228881836,6.300000190734863,0.0,3700
2004-11-01,5.679999828338623,5.679999828338623,0.0,6.630000114440918,5.400000095367432,6.389999866485596,0.0,23200
2004-11-02,5.380000114440918,5.380000114440918,0.0,5.599999904632568,5.260000228881836,5.599999904632568,0.0,42000
2004-11-03,5.210000038146973,5.210000038146973,0.0,5.690000057220459,4.800000190734863,5.690000057220459,0.0,36400
2004-11-04,5.329999923706055,5.329999923706055,0.0,5.400000095367432,5.25,5.25,0.0,4700
2004-11-05,5.550000190734863,5.550000190734863,0.0,5.550000190734863,5.329999923706055,5.329999923706055,0.0,5500
2004-11-08,6.0,6.0,0.0,6.03000020980835,5.440000057220459,5.440000057220459,0.0,17500
2004-11-09,5.820000171661377,5.820000171661377,0.0,5.980000019073486,5.78000020980835,5.980000019073486,0.0,2400
2004-11-10,5.880000114440918,5.880000114440918,0.0,5.960000038146973,5.800000190734863,5.960000038146973,0.0,3700
2004-11-11,5.880000114440918,5.880000114440918,0.0,5.949999809265137,5.880000114440918,5.949999809265137,0.0,1900
2004-11-12,5.769999980926514,5.769999980926514,0.0,5.96999979019165,5.769999980926514,5.96999979019165,0.0,2900
2004-11-15,5.800000190734863,5.800000190734863,0.0,5.849999904632568,5.800000190734863,5.849999904632568,0.0,2200
2004-11-16,5.809999942779541,5.809999942779541,0.0,5.880000114440918,5.809999942779541,5.880000114440918,0.0,700
2004-11-17,5.730000019073486,5.730000019073486,0.0,5.800000190734863,5.599999904632568,5.699999809265137,0.0,4700
2004-11-18,5.5,5.5,0.0,5.699999809265137,5.5,5.699999809265137,0.0,1300
2004-11-19,5.349999904632568,5.349999904632568,0.0,5.449999809265137,5.349999904632568,5.449999809265137,0.0,5500
2004-11-22,5.28000020980835,5.28000020980835,0.0,5.349999904632568,5.019999980926514,5.300000190734863,0.0,8300
2004-11-23,5.159999847412109,5.159999847412109,0.0,5.429999828338623,5.0,5.21999979019165,0.0,18000
2004-11-24,5.429999828338623,5.429999828338623,0.0,5.590000152587891,5.25,5.309999942779541,0.0,5600
2004-11-26,5.400000095367432,5.400000095367432,0.0,5.619999885559082,5.269999980926514,5.320000171661377,0.0,6000
2004-11-29,5.480000019073486,5.480000019073486,0.0,5.659999847412109,5.050000190734863,5.050000190734863,0.0,3800
2004-11-30,5.389999866485596,5.389999866485596,0.0,5.670000076293945,5.099999904632568,5.53000020980835,0.0,7000
2004-12-01,5.400000095367432,5.400000095367432,0.0,5.400000095367432,5.389999866485596,5.400000095367432,0.0,4500
2004-12-02,5.400000095367432,5.400000095367432,0.0,5.400000095367432,5.400000095367432,5.400000095367432,0.0,0
2004-12-03,5.400000095367432,5.400000095367432,0.0,5.400000095367432,5.400000095367432,5.400000095367432,0.0,800
2004-12-06,5.449999809265137,5.449999809265137,0.0,5.449999809265137,5.309999942779541,5.309999942779541,0.0,3300
2004-12-07,5.449999809265137,5.449999809265137,0.0,5.449999809265137,5.300000190734863,5.440000057220459,0.0,3500
2004-12-08,5.389999866485596,5.389999866485596,0.0,5.429999828338623,5.25,5.429999828338623,0.0,3400
2004-12-09,5.400000095367432,5.400000095367432,0.0,5.400000095367432,5.25,5.260000228881836,0.0,1500
2004-12-10,5.480000019073486,5.480000019073486,0.0,5.480000019073486,5.28000020980835,5.28000020980835,0.0,1700
2004-12-13,5.449999809265137,5.449999809265137,0.0,5.650000095367432,5.449999809265137,5.5,0.0,14200
2004-12-14,5.400000095367432,5.400000095367432,0.0,5.550000190734863,5.400000095367432,5.400000095367432,0.0,5300
2004-12-15,5.440000057220459,5.440000057220459,0.0,5.590000152587891,5.28000020980835,5.400000095367432,0.0,5900
2004-12-16,5.5,5.5,0.0,5.510000228881836,5.300000190734863,5.300000190734863,0.0,2400
2004-12-17,4.900000095367432,4.900000095367432,0.0,5.25,4.559999942779541,5.25,0.0,100000
2004-12-20,4.800000190734863,4.800000190734863,0.0,4.900000095367432,4.800000190734863,4.809999942779541,0.0,10200
2004-12-21,4.78000020980835,4.78000020980835,0.0,4.809999942779541,4.769999980926514,4.769999980926514,0.0,2000
2004-12-22,4.71999979019165,4.71999979019165,0.0,4.920000076293945,4.710000038146973,4.829999923706055,0.0,17200
2004-12-23,5.0,5.0,0.0,5.0,4.809999942779541,4.820000171661377,0.0,3200
2004-12-27,4.960000038146973,4.960000038146973,0.0,4.980000019073486,4.900000095367432,4.980000019073486,0.0,1500
2004-12-28,4.980000019073486,4.980000019073486,0.0,5.099999904632568,4.949999809265137,5.090000152587891,0.0,6700
2004-12-29,4.949999809265137,4.949999809265137,0.0,5.019999980926514,4.949999809265137,4.96999979019165,0.0,700
2004-12-30,4.980000019073486,4.980000019073486,0.0,4.980000019073486,4.96999979019165,4.96999979019165,0.0,700
2004-12-31,5.0,5.0,0.0,5.21999979019165,5.0,5.21999979019165,0.0,500
2005-01-03,5.0,5.0,0.0,5.0,5.0,5.0,0.0,500
2005-01-04,5.0,5.0,0.0,5.0,5.0,5.0,0.0,2700
2005-01-05,4.920000076293945,4.920000076293945,0.0,5.0,4.730000019073486,5.0,0.0,16000
2005-01-06,4.920000076293945,4.920000076293945,0.0,4.920000076293945,4.920000076293945,4.920000076293945,0.0,0
2005-01-07,5.099999904632568,5.099999904632568,0.0,5.099999904632568,5.090000152587891,5.090000152587891,0.0,900
2005-01-10,5.099999904632568,5.099999904632568,0.0,5.099999904632568,4.980000019073486,4.980000019073486,0.0,6700
2005-01-11,5.010000228881836,5.010000228881836,0.0,5.039999961853027,5.010000228881836,5.03000020980835,0.0,2100
2005-01-12,5.03000020980835,5.03000020980835,0.0,5.170000076293945,4.699999809265137,5.0,0.0,1800
2005-01-13,5.079999923706055,5.079999923706055,0.0,5.190000057220459,5.079999923706055,5.190000057220459,0.0,200
2005-01-14,5.139999866485596,5.139999866485596,0.0,5.139999866485596,5.0,5.0,0.0,1100
2005-01-18,5.019999980926514,5.019999980926514,0.0,5.099999904632568,5.019999980926514,5.099999904632568,0.0,2300
2005-01-19,5.019999980926514,5.019999980926514,0.0,5.019999980926514,5.010000228881836,5.010000228881836,0.0,300
2005-01-20,5.139999866485596,5.139999866485596,0.0,5.139999866485596,5.110000133514404,5.119999885559082,0.0,700
2005-01-21,5.130000114440918,5.130000114440918,0.0,5.130000114440918,5.03000020980835,5.03000020980835,0.0,5600
2005-01-24,5.130000114440918,5.130000114440918,0.0,5.130000114440918,5.050000190734863,5.050000190734863,0.0,9900
2005-01-25,5.130000114440918,5.130000114440918,0.0,5.199999809265137,5.099999904632568,5.099999904632568,0.0,6200
2005-01-26,5.130000114440918,5.130000114440918,0.0,5.130000114440918,5.130000114440918,5.130000114440918,0.0,0
2005-01-27,5.179999828338623,5.179999828338623,0.0,5.309999942779541,5.179999828338623,5.199999809265137,0.0,2200
2005-01-28,5.159999847412109,5.159999847412109,0.0,5.190000057220459,5.159999847412109,5.190000057220459,0.0,900
2005-01-31,5.269999980926514,5.269999980926514,0.0,5.269999980926514,5.150000095367432,5.159999847412109,0.0,1000
2005-02-01,5.199999809265137,5.199999809265137,0.0,5.210000038146973,5.139999866485596,5.210000038146973,0.0,6000
2005-02-02,5.199999809265137,5.199999809265137,0.0,5.199999809265137,5.199999809265137,5.199999809265137,0.0,0
2005-02-03,5.199999809265137,5.199999809265137,0.0,5.199999809265137,5.199999809265137,5.199999809265137,0.0,0
2005-02-04,5.329999923706055,5.329999923706055,0.0,5.389999866485596,5.070000171661377,5.150000095367432,0.0,13300
2005-02-07,5.349999904632568,5.349999904632568,0.0,5.420000076293945,5.340000152587891,5.349999904632568,0.0,400
2005-02-08,5.380000114440918,5.380000114440918,0.0,5.400000095367432,5.210000038146973,5.389999866485596,0.0,2900
2005-02-09,5.340000152587891,5.340000152587891,0.0,5.380000114440918,5.28000020980835,5.309999942779541,0.0,11200
2005-02-10,5.389999866485596,5.389999866485596,0.0,5.389999866485596,5.269999980926514,5.360000133514404,0.0,2600
2005-02-11,5.480000019073486,5.480000019073486,0.0,5.480000019073486,5.230000019073486,5.400000095367432,0.0,15200
2005-02-14,5.590000152587891,5.590000152587891,0.0,5.929999828338623,5.179999828338623,5.71999979019165,0.0,9700
2005-02-15,5.920000076293945,5.920000076293945,0.0,5.920000076293945,5.860000133514404,5.860000133514404,0.0,2200
2005-02-16,6.139999866485596,6.139999866485596,0.0,6.179999828338623,5.960000038146973,6.0,0.0,17100
2005-02-17,6.010000228881836,6.010000228881836,0.0,6.25,6.0,6.010000228881836,0.0,14800
2005-02-18,6.210000038146973,6.210000038146973,0.0,6.239999771118164,6.099999904632568,6.159999847412109,0.0,4100
2005-02-22,6.0,6.0,0.0,6.25,6.0,6.25,0.0,6700
2005-02-23,6.079999923706055,6.079999923706055,0.0,6.190000057220459,6.010000228881836,6.170000076293945,0.0,6100
2005-02-24,6.090000152587891,6.090000152587891,0.0,6.119999885559082,6.0,6.0,0.0,3800
2005-02-25,6.25,6.25,0.0,6.25,6.130000114440918,6.130000114440918,0.0,3400
2005-02-28,6.5,6.5,0.0,6.590000152587891,6.340000152587891,6.340000152587891,0.0,14000
2005-03-01,6.590000152587891,6.590000152587891,0.0,6.590000152587891,6.449999809265137,6.449999809265137,0.0,2400
2005-03-02,6.5,6.5,0.0,6.5,6.449999809265137,6.460000038146973,0.0,1400
2005-03-03,6.690000057220459,6.690000057220459,0.0,6.690000057220459,6.449999809265137,6.449999809265137,0.0,4700
2005-03-04,7.329999923706055,7.329999923706055,0.0,7.340000152587891,6.659999847412109,6.739999771118164,0.0,24800
2005-03-07,8.109999656677246,8.109999656677246,0.0,8.109999656677246,6.989999771118164,6.989999771118164,0.0,23000
2005-03-08,7.400000095367432,7.400000095367432,0.0,8.5,7.400000095367432,8.5,0.0,15400
2005-03-09,7.260000228881836,7.260000228881836,0.0,7.489999771118164,7.010000228881836,7.489999771118164,0.0,2800
2005-03-10,7.570000171661377,7.570000171661377,0.0,7.570000171661377,6.599999904632568,6.599999904632568,0.0,10200
2005-03-11,7.5,7.5,0.0,7.5,6.960000038146973,6.980000019073486,0.0,20800
2005-03-14,8.100000381469727,8.100000381469727,0.0,8.25,7.630000114440918,7.630000114440918,0.0,14200
2005-03-15,8.25,8.25,0.0,8.979999542236328,7.840000152587891,8.1899995803833,0.0,57000
2005-03-16,7.75,7.75,0.0,8.020000457763672,7.699999809265137,8.010000228881836,0.0,15000
2005-03-17,7.409999847412109,7.409999847412109,0.0,7.610000133514404,7.409999847412109,7.610000133514404,0.0,2100
2005-03-18,8.0,8.0,0.0,8.0,7.360000133514404,7.360000133514404,0.0,8100
2005-03-21,7.96999979019165,7.96999979019165,0.0,8.0,7.820000171661377,7.900000095367432,0.0,5700
2005-03-22,8.34000015258789,8.34000015258789,0.0,8.34000015258789,7.980000019073486,8.0,0.0,10800
2005-03-23,8.779999732971191,8.779999732971191,0.0,8.890000343322754,7.869999885559082,8.34000015258789,0.0,36400
2005-03-24,9.199999809265137,9.199999809265137,0.0,9.199999809265137,8.25,8.449999809265137,0.0,18600
2005-03-28,9.229999542236328,9.229999542236328,0.0,9.489999771118164,9.0,9.489999771118164,0.0,36500
2005-03-29,9.399999618530273,9.399999618530273,0.0,10.0,8.600000381469727,8.600000381469727,0.0,86400
2005-03-30,9.850000381469727,9.850000381469727,0.0,10.369999885559082,9.300000190734863,9.319999694824219,0.0,100100
2005-03-31,10.050000190734863,10.050000190734863,0.0,10.050000190734863,8.9399995803833,9.8100004196167,0.0,94300
2005-04-01,10.0,10.0,0.0,10.100000381469727,8.699999809265137,10.100000381469727,0.0,64000
2005-04-04,10.0,10.0,0.0,10.350000381469727,9.0,10.0,0.0,66400
2005-04-05,9.890000343322754,9.890000343322754,0.0,10.25,9.760000228881836,10.25,0.0,10300
2005-04-06,9.649999618530273,9.649999618530273,0.0,10.0,9.25,10.0,0.0,19700
2005-04-07,9.699999809265137,9.699999809265137,0.0,9.8100004196167,9.0,9.449999809265137,0.0,25000
2005-04-08,9.380000114440918,9.380000114440918,0.0,9.470000267028809,9.050000190734863,9.460000038146973,0.0,13500
2005-04-11,8.920000076293945,8.920000076293945,0.0,9.1899995803833,8.850000381469727,8.979999542236328,0.0,6700
2005-04-12,9.069999694824219,9.069999694824219,0.0,9.699999809265137,8.319999694824219,9.0,0.0,18900
2005-04-13,9.529999732971191,9.529999732971191,0.0,9.529999732971191,8.920000076293945,8.920000076293945,0.0,2600
2005-04-14,9.199999809265137,9.199999809265137,0.0,9.350000381469727,8.75,9.350000381469727,0.0,6800
2005-04-15,8.949999809265137,8.949999809265137,0.0,9.0600004196167,8.5,8.970000267028809,0.0,7200
2005-04-18,8.050000190734863,8.050000190734863,0.0,8.59000015258789,8.050000190734863,8.529999732971191,0.0,5500
2005-04-19,8.0600004196167,8.0600004196167,0.0,8.0600004196167,6.679999828338623,7.699999809265137,0.0,35700
2005-04-20,9.0,9.0,0.0,9.210000038146973,7.789999961853027,7.789999961853027,0.0,14400
2005-04-21,9.600000381469727,9.600000381469727,0.0,9.600000381469727,8.430000305175781,8.869999885559082,0.0,34700
2005-04-22,8.630000114440918,8.630000114440918,0.0,9.329999923706055,8.630000114440918,9.239999771118164,0.0,11500
2005-04-25,9.069999694824219,9.069999694824219,0.0,9.1899995803833,9.0,9.069999694824219,0.0,3300
2005-04-26,8.579999923706055,8.579999923706055,0.0,8.760000228881836,8.350000381469727,8.449999809265137,0.0,13800
2005-04-27,8.300000190734863,8.300000190734863,0.0,8.649999618530273,8.140000343322754,8.210000038146973,0.0,20300
2005-04-28,8.09000015258789,8.09000015258789,0.0,8.789999961853027,7.889999866485596,8.09000015258789,0.0,24100
2005-04-29,8.300000190734863,8.300000190734863,0.0,8.390000343322754,7.699999809265137,8.390000343322754,0.0,6300
2005-05-02,8.289999961853027,8.289999961853027,0.0,8.289999961853027,7.539999961853027,7.860000133514404,0.0,7200
2005-05-03,8.210000038146973,8.210000038146973,0.0,8.210000038146973,7.71999979019165,7.730000019073486,0.0,5700
2005-05-04,8.529999732971191,8.529999732971191,0.0,8.600000381469727,7.550000190734863,7.900000095367432,0.0,18400
2005-05-05,8.180000305175781,8.180000305175781,0.0,8.5600004196167,7.949999809265137,8.529999732971191,0.0,4300
2005-05-06,8.020000457763672,8.020000457763672,0.0,8.020000457763672,7.840000152587891,8.020000457763672,0.0,2700
2005-05-09,7.989999771118164,7.989999771118164,0.0,8.0,7.989999771118164,8.0,0.0,300
2005-05-10,8.100000381469727,8.100000381469727,0.0,8.100000381469727,7.829999923706055,7.829999923706055,0.0,1800
2005-05-11,8.75,8.75,0.0,8.75,8.140000343322754,8.149999618530273,0.0,9600
2005-05-12,6.829999923706055,6.829999923706055,0.0,7.699999809265137,6.829999923706055,7.679999828338623,0.0,19600
2005-05-13,6.25,6.25,0.0,6.909999847412109,6.039999961853027,6.909999847412109,0.0,12700
2005-05-16,6.329999923706055,6.329999923706055,0.0,6.679999828338623,5.739999771118164,6.21999979019165,0.0,19600
2005-05-17,6.349999904632568,6.349999904632568,0.0,6.550000190734863,5.869999885559082,5.880000114440918,0.0,7300
2005-05-18,6.269999980926514,6.269999980926514,0.0,6.269999980926514,6.050000190734863,6.059999942779541,0.0,2700
2005-05-19,6.340000152587891,6.340000152587891,0.0,6.639999866485596,6.25,6.28000020980835,0.0,2000
2005-05-20,6.110000133514404,6.110000133514404,0.0,6.150000095367432,5.670000076293945,6.070000171661377,0.0,7200
2005-05-23,6.380000114440918,6.380000114440918,0.0,6.429999828338623,6.25,6.25,0.0,4500
2005-05-24,6.110000133514404,6.110000133514404,0.0,6.309999942779541,6.110000133514404,6.309999942779541,0.0,6600
2005-05-25,5.849999904632568,5.849999904632568,0.0,6.150000095367432,5.710000038146973,6.150000095367432,0.0,3000
2005-05-26,6.059999942779541,6.059999942779541,0.0,6.380000114440918,5.909999847412109,5.929999828338623,0.0,11800
2005-05-27,6.349999904632568,6.349999904632568,0.0,6.409999847412109,6.150000095367432,6.179999828338623,0.0,1700
2005-05-31,6.349999904632568,6.349999904632568,0.0,6.349999904632568,5.809999942779541,5.809999942779541,0.0,300
2005-06-01,6.21999979019165,6.21999979019165,0.0,6.21999979019165,5.739999771118164,5.739999771118164,0.0,2800
2005-06-02,6.119999885559082,6.119999885559082,0.0,6.269999980926514,5.989999771118164,6.099999904632568,0.0,14000
2005-06-03,6.199999809265137,6.199999809265137,0.0,6.199999809265137,5.960000038146973,5.960000038146973,0.0,1400
2005-06-06,6.03000020980835,6.03000020980835,0.0,6.03000020980835,6.03000020980835,6.03000020980835,0.0,300
2005-06-07,5.949999809265137,5.949999809265137,0.0,5.960000038146973,5.949999809265137,5.949999809265137,0.0,3300
2005-06-08,5.869999885559082,5.869999885559082,0.0,5.960000038146973,5.869999885559082,5.929999828338623,0.0,3500
2005-06-09,5.900000095367432,5.900000095367432,0.0,6.03000020980835,5.809999942779541,5.900000095367432,0.0,2400
2005-06-10,5.900000095367432,5.900000095367432,0.0,5.900000095367432,5.900000095367432,5.900000095367432,0.0,600
2005-06-13,5.75,5.75,0.0,5.900000095367432,5.75,5.900000095367432,0.0,3400
2005-06-14,5.360000133514404,5.360000133514404,0.0,5.670000076293945,5.360000133514404,5.630000114440918,0.0,9000
2005-06-15,5.400000095367432,5.400000095367432,0.0,5.699999809265137,5.360000133514404,5.480000019073486,0.0,13500
2005-06-16,5.230000019073486,5.230000019073486,0.0,5.760000228881836,5.190000057220459,5.449999809265137,0.0,5000
2005-06-17,5.25,5.25,0.0,5.25,5.199999809265137,5.25,0.0,1800
2005-06-20,5.639999866485596,5.639999866485596,0.0,6.0,5.5,5.820000171661377,0.0,12800
2005-06-21,5.739999771118164,5.739999771118164,0.0,6.5,5.579999923706055,6.5,0.0,11100
2005-06-22,5.550000190734863,5.550000190734863,0.0,5.960000038146973,5.300000190734863,5.739999771118164,0.0,42000
2005-06-23,5.409999847412109,5.409999847412109,0.0,5.699999809265137,5.320000171661377,5.510000228881836,0.0,11500
2005-06-24,5.360000133514404,5.360000133514404,0.0,5.550000190734863,5.25,5.420000076293945,0.0,4300
2005-06-27,5.380000114440918,5.380000114440918,0.0,5.579999923706055,5.360000133514404,5.480000019073486,0.0,12700
2005-06-28,5.579999923706055,5.579999923706055,0.0,5.920000076293945,5.380000114440918,5.380000114440918,0.0,10200
2005-06-29,5.650000095367432,5.650000095367432,0.0,5.849999904632568,5.449999809265137,5.449999809265137,0.0,5400
2005-06-30,5.909999847412109,5.909999847412109,0.0,6.489999771118164,5.380000114440918,5.380000114440918,0.0,33100
2005-07-01,6.059999942779541,6.059999942779541,0.0,6.360000133514404,5.880000114440918,6.130000114440918,0.0,9800
2005-07-05,5.880000114440918,5.880000114440918,0.0,6.400000095367432,5.380000114440918,6.090000152587891,0.0,12200
2005-07-06,5.840000152587891,5.840000152587891,0.0,6.400000095367432,5.579999923706055,6.400000095367432,0.0,9300
2005-07-07,6.5,6.5,0.0,6.5,5.849999904632568,5.849999904632568,0.0,3500
2005-07-08,6.510000228881836,6.510000228881836,0.0,6.639999866485596,6.5,6.550000190734863,0.0,5400
2005-07-11,6.53000020980835,6.53000020980835,0.0,6.78000020980835,6.320000171661377,6.510000228881836,0.0,29600
2005-07-12,6.510000228881836,6.510000228881836,0.0,6.739999771118164,6.260000228881836,6.510000228881836,0.0,13900
2005-07-13,6.300000190734863,6.300000190734863,0.0,6.409999847412109,6.300000190734863,6.409999847412109,0.0,600
2005-07-14,6.619999885559082,6.619999885559082,0.0,6.840000152587891,6.5,6.5,0.0,15000
2005-07-15,6.550000190734863,6.550000190734863,0.0,6.550000190734863,6.429999828338623,6.429999828338623,0.0,700
2005-07-18,6.429999828338623,6.429999828338623,0.0,6.429999828338623,6.300000190734863,6.360000133514404,0.0,2900
2005-07-19,5.929999828338623,5.929999828338623,0.0,6.309999942779541,5.809999942779541,6.309999942779541,0.0,6700
2005-07-20,5.820000171661377,5.820000171661377,0.0,5.909999847412109,5.659999847412109,5.659999847412109,0.0,3800
2005-07-21,5.849999904632568,5.849999904632568,0.0,5.880000114440918,5.639999866485596,5.880000114440918,0.0,4300
2005-07-22,5.739999771118164,5.739999771118164,0.0,5.800000190734863,5.739999771118164,5.800000190734863,0.0,700
2005-07-25,5.400000095367432,5.400000095367432,0.0,5.900000095367432,5.400000095367432,5.900000095367432,0.0,3600
2005-07-26,5.420000076293945,5.420000076293945,0.0,5.449999809265137,5.400000095367432,5.449999809265137,0.0,4800
2005-07-27,5.510000228881836,5.510000228881836,0.0,5.619999885559082,5.5,5.5,0.0,1700
2005-07-28,5.630000114440918,5.630000114440918,0.0,5.880000114440918,5.510000228881836,5.690000057220459,0.0,11500
2005-07-29,5.690000057220459,5.690000057220459,0.0,5.949999809265137,5.650000095367432,5.800000190734863,0.0,6500
2005-08-01,5.550000190734863,5.550000190734863,0.0,5.659999847412109,5.510000228881836,5.659999847412109,0.0,4500
2005-08-02,5.789999961853027,5.789999961853027,0.0,5.840000152587891,5.559999942779541,5.650000095367432,0.0,30300
2005-08-03,5.75,5.75,0.0,5.75,5.75,5.75,0.0,1300
2005-08-04,5.769999980926514,5.769999980926514,0.0,5.900000095367432,5.760000228881836,5.900000095367432,0.0,1400
2005-08-05,5.829999923706055,5.829999923706055,0.0,5.900000095367432,5.820000171661377,5.820000171661377,0.0,2200
2005-08-08,5.760000228881836,5.760000228881836,0.0,5.829999923706055,5.760000228881836,5.829999923706055,0.0,5600
2005-08-09,5.849999904632568,5.849999904632568,0.0,5.849999904632568,5.71999979019165,5.760000228881836,0.0,4600
2005-08-10,5.679999828338623,5.679999828338623,0.0,5.829999923706055,5.570000171661377,5.829999923706055,0.0,1600
2005-08-11,5.800000190734863,5.800000190734863,0.0,5.869999885559082,5.570000171661377,5.570000171661377,0.0,10900
2005-08-12,5.53000020980835,5.53000020980835,0.0,5.800000190734863,5.53000020980835,5.610000133514404,0.0,2300
2005-08-15,5.829999923706055,5.829999923706055,0.0,5.920000076293945,5.599999904632568,5.599999904632568,0.0,6100
2005-08-16,5.760000228881836,5.760000228881836,0.0,5.940000057220459,5.670000076293945,5.78000020980835,0.0,3500
2005-08-17,5.78000020980835,5.78000020980835,0.0,5.78000020980835,5.599999904632568,5.599999904632568,0.0,900
2005-08-18,5.610000133514404,5.610000133514404,0.0,5.630000114440918,5.610000133514404,5.630000114440918,0.0,600
2005-08-19,5.769999980926514,5.769999980926514,0.0,5.789999961853027,5.769999980926514,5.789999961853027,0.0,1100
2005-08-22,5.800000190734863,5.800000190734863,0.0,5.809999942779541,5.800000190734863,5.809999942779541,0.0,2300
2005-08-23,5.820000171661377,5.820000171661377,0.0,5.820000171661377,5.809999942779541,5.809999942779541,0.0,400
2005-08-24,5.800000190734863,5.800000190734863,0.0,5.800000190734863,5.800000190734863,5.800000190734863,0.0,500
2005-08-25,5.840000152587891,5.840000152587891,0.0,5.840000152587891,5.840000152587891,5.840000152587891,0.0,100
2005-08-26,5.800000190734863,5.800000190734863,0.0,5.889999866485596,5.71999979019165,5.71999979019165,0.0,1600
2005-08-29,5.900000095367432,5.900000095367432,0.0,5.900000095367432,5.699999809265137,5.699999809265137,0.0,2900
2005-08-30,5.800000190734863,5.800000190734863,0.0,5.800000190734863,5.800000190734863,5.800000190734863,0.0,800
2005-08-31,5.989999771118164,5.989999771118164,0.0,5.989999771118164,5.840000152587891,5.840000152587891,0.0,5600
2005-09-01,5.849999904632568,5.849999904632568,0.0,5.849999904632568,5.809999942779541,5.809999942779541,0.0,500
2005-09-02,5.849999904632568,5.849999904632568,0.0,5.849999904632568,5.849999904632568,5.849999904632568,0.0,1700
2005-09-06,6.0,6.0,0.0,6.0,5.849999904632568,5.849999904632568,0.0,1600
2005-09-07,5.989999771118164,5.989999771118164,0.0,5.989999771118164,5.869999885559082,5.869999885559082,0.0,900
2005-09-08,5.900000095367432,5.900000095367432,0.0,5.900000095367432,5.889999866485596,5.900000095367432,0.0,2300
2005-09-09,6.050000190734863,6.050000190734863,0.0,6.050000190734863,6.0,6.0,0.0,2100
2005-09-12,6.0,6.0,0.0,6.0,6.0,6.0,0.0,2100
2005-09-13,5.849999904632568,5.849999904632568,0.0,6.0,5.849999904632568,6.0,0.0,33300
2005-09-14,5.960000038146973,5.960000038146973,0.0,5.960000038146973,5.420000076293945,5.860000133514404,0.0,10700
2005-09-15,5.940000057220459,5.940000057220459,0.0,6.079999923706055,5.639999866485596,6.0,0.0,10000
2005-09-16,5.920000076293945,5.920000076293945,0.0,6.059999942779541,5.769999980926514,5.96999979019165,0.0,4000
2005-09-19,5.650000095367432,5.650000095367432,0.0,6.070000171661377,5.5,5.940000057220459,0.0,32600
2005-09-20,5.800000190734863,5.800000190734863,0.0,5.800000190734863,5.650000095367432,5.659999847412109,0.0,3200
2005-09-21,6.360000133514404,6.360000133514404,0.0,6.360000133514404,5.679999828338623,5.800000190734863,0.0,9600
2005-09-22,6.699999809265137,6.699999809265137,0.0,6.71999979019165,6.039999961853027,6.360000133514404,0.0,8700
2005-09-23,6.550000190734863,6.550000190734863,0.0,6.739999771118164,6.449999809265137,6.739999771118164,0.0,600
2005-09-26,6.25,6.25,0.0,6.380000114440918,6.25,6.380000114440918,0.0,400
2005-09-27,6.039999961853027,6.039999961853027,0.0,6.039999961853027,6.010000228881836,6.03000020980835,0.0,2600
2005-09-28,5.800000190734863,5.800000190734863,0.0,5.800000190734863,5.800000190734863,5.800000190734863,0.0,200
2005-09-29,5.730000019073486,5.730000019073486,0.0,5.840000152587891,5.610000133514404,5.840000152587891,0.0,3100
2005-09-30,5.429999828338623,5.429999828338623,0.0,5.829999923706055,5.25,5.829999923706055,0.0,38500
2005-10-03,5.599999904632568,5.599999904632568,0.0,5.670000076293945,5.25,5.539999961853027,0.0,14200
2005-10-04,5.579999923706055,5.579999923706055,0.0,5.869999885559082,5.380000114440918,5.489999771118164,0.0,7400
2005-10-05,5.570000171661377,5.570000171661377,0.0,5.800000190734863,5.429999828338623,5.429999828338623,0.0,4600
2005-10-06,5.610000133514404,5.610000133514404,0.0,5.820000171661377,5.570000171661377,5.610000133514404,0.0,3200
2005-10-07,5.650000095367432,5.650000095367432,0.0,5.78000020980835,5.599999904632568,5.599999904632568,0.0,13600
2005-10-10,5.610000133514404,5.610000133514404,0.0,5.809999942779541,5.550000190734863,5.559999942779541,0.0,4600
2005-10-11,5.659999847412109,5.659999847412109,0.0,5.809999942779541,5.590000152587891,5.590000152587891,0.0,8500
2005-10-12,5.659999847412109,5.659999847412109,0.0,5.659999847412109,5.659999847412109,5.659999847412109,0.0,500
2005-10-13,5.440000057220459,5.440000057220459,0.0,5.599999904632568,4.75,4.840000152587891,0.0,8800
2005-10-14,5.329999923706055,5.329999923706055,0.0,5.449999809265137,5.329999923706055,5.449999809265137,0.0,3900
2005-10-17,5.480000019073486,5.480000019073486,0.0,5.730000019073486,5.329999923706055,5.329999923706055,0.0,13200
2005-10-18,5.659999847412109,5.659999847412109,0.0,5.739999771118164,5.389999866485596,5.5,0.0,16600
2005-10-19,5.53000020980835,5.53000020980835,0.0,5.769999980926514,5.46999979019165,5.710000038146973,0.0,35200
2005-10-20,5.590000152587891,5.590000152587891,0.0,5.710000038146973,5.489999771118164,5.539999961853027,0.0,6700
2005-10-21,5.590000152587891,5.590000152587891,0.0,5.760000228881836,5.380000114440918,5.550000190734863,0.0,17400
2005-10-24,5.739999771118164,5.739999771118164,0.0,5.760000228881836,5.360000133514404,5.440000057220459,0.0,14900
2005-10-25,5.880000114440918,5.880000114440918,0.0,6.0,5.429999828338623,5.489999771118164,0.0,9500
2005-10-26,5.809999942779541,5.809999942779541,0.0,6.099999904632568,5.389999866485596,5.820000171661377,0.0,6100
2005-10-27,5.820000171661377,5.820000171661377,0.0,6.400000095367432,5.730000019073486,5.809999942779541,0.0,12500
2005-10-28,5.699999809265137,5.699999809265137,0.0,5.980000019073486,5.699999809265137,5.760000228881836,0.0,4500
2005-10-31,5.599999904632568,5.599999904632568,0.0,5.820000171661377,5.400000095367432,5.710000038146973,0.0,9000
2005-11-01,5.889999866485596,5.889999866485596,0.0,5.889999866485596,5.599999904632568,5.599999904632568,0.0,4100
2005-11-02,5.820000171661377,5.820000171661377,0.0,5.880000114440918,5.650000095367432,5.820000171661377,0.0,10300
2005-11-03,5.849999904632568,5.849999904632568,0.0,5.880000114440918,5.630000114440918,5.639999866485596,0.0,13300
2005-11-04,5.800000190734863,5.800000190734863,0.0,5.820000171661377,5.639999866485596,5.820000171661377,0.0,3200
2005-11-07,5.71999979019165,5.71999979019165,0.0,5.880000114440918,5.619999885559082,5.639999866485596,0.0,5800
2005-11-08,5.690000057220459,5.690000057220459,0.0,5.809999942779541,5.650000095367432,5.760000228881836,0.0,5600
2005-11-09,5.420000076293945,5.420000076293945,0.0,5.829999923706055,5.420000076293945,5.730000019073486,0.0,14500
2005-11-10,5.650000095367432,5.650000095367432,0.0,5.710000038146973,5.480000019073486,5.480000019073486,0.0,1200
2005-11-11,5.730000019073486,5.730000019073486,0.0,5.860000133514404,5.639999866485596,5.679999828338623,0.0,4200
2005-11-14,5.71999979019165,5.71999979019165,0.0,5.860000133514404,5.489999771118164,5.539999961853027,0.0,7800
2005-11-15,5.610000133514404,5.610000133514404,0.0,5.869999885559082,5.429999828338623,5.570000171661377,0.0,14500
2005-11-16,5.610000133514404,5.610000133514404,0.0,5.840000152587891,5.489999771118164,5.539999961853027,0.0,8700
2005-11-17,5.489999771118164,5.489999771118164,0.0,5.570000171661377,5.429999828338623,5.480000019073486,0.0,12600
2005-11-18,5.420000076293945,5.420000076293945,0.0,5.550000190734863,5.420000076293945,5.46999979019165,0.0,7900
2005-11-21,5.380000114440918,5.380000114440918,0.0,5.420000076293945,5.25,5.409999847412109,0.0,16500
2005-11-22,5.289999961853027,5.289999961853027,0.0,5.420000076293945,5.289999961853027,5.369999885559082,0.0,5000
2005-11-23,5.380000114440918,5.380000114440918,0.0,5.409999847412109,5.28000020980835,5.409999847412109,0.0,4700
2005-11-25,5.380000114440918,5.380000114440918,0.0,5.389999866485596,5.269999980926514,5.369999885559082,0.0,4800
2005-11-28,5.400000095367432,5.400000095367432,0.0,5.440000057220459,5.380000114440918,5.409999847412109,0.0,1800
2005-11-29,5.269999980926514,5.269999980926514,0.0,5.409999847412109,5.269999980926514,5.409999847412109,0.0,6400
2005-11-30,5.269999980926514,5.269999980926514,0.0,5.269999980926514,5.269999980926514,5.269999980926514,0.0,100
2005-12-01,5.239999771118164,5.239999771118164,0.0,5.309999942779541,5.150000095367432,5.309999942779541,0.0,11300
2005-12-02,5.449999809265137,5.449999809265137,0.0,5.789999961853027,5.320000171661377,5.320000171661377,0.0,4400
2005-12-05,5.380000114440918,5.380000114440918,0.0,5.380000114440918,5.28000020980835,5.380000114440918,0.0,700
2005-12-06,5.53000020980835,5.53000020980835,0.0,5.570000171661377,5.320000171661377,5.360000133514404,0.0,6600
2005-12-07,5.360000133514404,5.360000133514404,0.0,5.630000114440918,5.349999904632568,5.559999942779541,0.0,7300
2005-12-08,5.53000020980835,5.53000020980835,0.0,5.630000114440918,5.349999904632568,5.460000038146973,0.0,73700
2005-12-09,5.619999885559082,5.619999885559082,0.0,5.679999828338623,5.389999866485596,5.460000038146973,0.0,61700
2005-12-12,5.5,5.5,0.0,5.730000019073486,5.489999771118164,5.619999885559082,0.0,23000
2005-12-13,5.590000152587891,5.590000152587891,0.0,5.650000095367432,5.46999979019165,5.579999923706055,0.0,8600
2005-12-14,5.559999942779541,5.559999942779541,0.0,5.670000076293945,5.53000020980835,5.53000020980835,0.0,2200
2005-12-15,5.5,5.5,0.0,5.670000076293945,5.480000019073486,5.550000190734863,0.0,8900
2005-12-16,5.599999904632568,5.599999904632568,0.0,5.710000038146973,5.510000228881836,5.550000190734863,0.0,3200
2005-12-19,5.550000190734863,5.550000190734863,0.0,5.630000114440918,5.489999771118164,5.539999961853027,0.0,3600
2005-12-20,5.53000020980835,5.53000020980835,0.0,5.710000038146973,5.519999980926514,5.519999980926514,0.0,8600
2005-12-21,5.519999980926514,5.519999980926514,0.0,5.710000038146973,5.46999979019165,5.46999979019165,0.0,10900
2005-12-22,5.679999828338623,5.679999828338623,0.0,5.699999809265137,5.480000019073486,5.550000190734863,0.0,5300
2005-12-23,5.650000095367432,5.650000095367432,0.0,5.739999771118164,5.480000019073486,5.739999771118164,0.0,2500
2005-12-27,5.519999980926514,5.519999980926514,0.0,5.599999904632568,5.46999979019165,5.46999979019165,0.0,3100
2005-12-28,5.559999942779541,5.559999942779541,0.0,5.800000190734863,5.25,5.519999980926514,0.0,13700
2005-12-29,5.570000171661377,5.570000171661377,0.0,5.579999923706055,5.46999979019165,5.46999979019165,0.0,3400
2005-12-30,5.619999885559082,5.619999885559082,0.0,5.760000228881836,5.570000171661377,5.670000076293945,0.0,5100
2006-01-03,5.730000019073486,5.730000019073486,0.0,5.849999904632568,5.679999828338623,5.699999809265137,0.0,2100
2006-01-04,5.840000152587891,5.840000152587891,0.0,5.849999904632568,5.570000171661377,5.659999847412109,0.0,9800
2006-01-05,5.860000133514404,5.860000133514404,0.0,5.929999828338623,5.670000076293945,5.849999904632568,0.0,5300
2006-01-06,5.900000095367432,5.900000095367432,0.0,5.900000095367432,5.75,5.900000095367432,0.0,1500
2006-01-09,5.809999942779541,5.809999942779541,0.0,5.929999828338623,5.75,5.929999828338623,0.0,5300
2006-01-10,6.260000228881836,6.260000228881836,0.0,6.389999866485596,5.909999847412109,5.909999847412109,0.0,13600
2006-01-11,6.590000152587891,6.590000152587891,0.0,7.210000038146973,6.099999904632568,6.170000076293945,0.0,50400
2006-01-12,6.010000228881836,6.010000228881836,0.0,6.28000020980835,6.010000228881836,6.260000228881836,0.0,11900
2006-01-13,6.400000095367432,6.400000095367432,0.0,6.400000095367432,6.099999904632568,6.099999904632568,0.0,12900
2006-01-17,5.989999771118164,5.989999771118164,0.0,6.260000228881836,5.989999771118164,6.260000228881836,0.0,6200
2006-01-18,6.019999980926514,6.019999980926514,0.0,6.579999923706055,5.949999809265137,5.949999809265137,0.0,13900
2006-01-19,6.099999904632568,6.099999904632568,0.0,6.099999904632568,6.0,6.0,0.0,1700
2006-01-20,6.099999904632568,6.099999904632568,0.0,6.099999904632568,6.099999904632568,6.099999904632568,0.0,0
2006-01-23,6.119999885559082,6.119999885559082,0.0,6.119999885559082,6.050000190734863,6.079999923706055,0.0,45800
2006-01-24,6.0,6.0,0.0,6.150000095367432,5.849999904632568,5.849999904632568,0.0,9000
2006-01-25,6.010000228881836,6.010000228881836,0.0,6.230000019073486,6.0,6.230000019073486,0.0,1000
2006-01-26,6.25,6.25,0.0,6.409999847412109,6.079999923706055,6.079999923706055,0.0,9500
2006-01-27,6.21999979019165,6.21999979019165,0.0,6.21999979019165,6.039999961853027,6.079999923706055,0.0,4400
2006-01-30,6.090000152587891,6.090000152587891,0.0,6.170000076293945,6.019999980926514,6.070000171661377,0.0,1000
2006-01-31,6.079999923706055,6.079999923706055,0.0,6.199999809265137,6.019999980926514,6.070000171661377,0.0,4600
2006-02-01,6.070000171661377,6.070000171661377,0.0,6.150000095367432,6.0,6.0,0.0,2900
2006-02-02,6.039999961853027,6.039999961853027,0.0,6.199999809265137,6.039999961853027,6.070000171661377,0.0,5700
2006-02-03,6.130000114440918,6.130000114440918,0.0,6.150000095367432,5.940000057220459,6.099999904632568,0.0,4400
2006-02-06,6.179999828338623,6.179999828338623,0.0,6.199999809265137,6.079999923706055,6.079999923706055,0.0,1200
2006-02-07,6.230000019073486,6.230000019073486,0.0,6.230000019073486,6.070000171661377,6.110000133514404,0.0,3100
2006-02-08,6.5,6.5,0.0,6.710000038146973,6.179999828338623,6.230000019073486,0.0,5300
2006-02-09,6.309999942779541,6.309999942779541,0.0,6.510000228881836,6.309999942779541,6.46999979019165,0.0,3300
2006-02-10,6.360000133514404,6.360000133514404,0.0,6.449999809265137,6.25,6.25,0.0,3700
2006-02-13,6.5,6.5,0.0,6.699999809265137,6.449999809265137,6.449999809265137,0.0,6900
2006-02-14,6.769999980926514,6.769999980926514,0.0,6.769999980926514,6.460000038146973,6.460000038146973,0.0,3100
2006-02-15,6.590000152587891,6.590000152587891,0.0,7.179999828338623,6.340000152587891,6.380000114440918,0.0,17300
2006-02-16,6.449999809265137,6.449999809265137,0.0,6.699999809265137,6.400000095367432,6.699999809265137,0.0,11900
2006-02-17,6.389999866485596,6.389999866485596,0.0,6.449999809265137,6.28000020980835,6.449999809265137,0.0,11500
2006-02-21,6.349999904632568,6.349999904632568,0.0,6.389999866485596,6.329999923706055,6.349999904632568,0.0,54100
2006-02-22,6.429999828338623,6.429999828338623,0.0,6.550000190734863,6.360000133514404,6.360000133514404,0.0,7100
2006-02-23,6.610000133514404,6.610000133514404,0.0,6.690000057220459,6.460000038146973,6.460000038146973,0.0,5900
2006-02-24,6.510000228881836,6.510000228881836,0.0,6.699999809265137,6.460000038146973,6.699999809265137,0.0,2800
2006-02-27,6.300000190734863,6.300000190734863,0.0,6.710000038146973,6.210000038146973,6.539999961853027,0.0,48900
2006-02-28,6.300000190734863,6.300000190734863,0.0,6.440000057220459,6.210000038146973,6.210000038146973,0.0,20600
2006-03-01,6.360000133514404,6.360000133514404,0.0,6.360000133514404,6.269999980926514,6.360000133514404,0.0,3700
2006-03-02,6.360000133514404,6.360000133514404,0.0,6.539999961853027,6.360000133514404,6.389999866485596,0.0,2700
2006-03-03,6.570000171661377,6.570000171661377,0.0,6.590000152587891,6.380000114440918,6.380000114440918,0.0,7900
2006-03-06,6.489999771118164,6.489999771118164,0.0,6.550000190734863,6.420000076293945,6.420000076293945,0.0,7400
2006-03-07,6.28000020980835,6.28000020980835,0.0,6.480000019073486,6.110000133514404,6.480000019073486,0.0,31700
2006-03-08,6.260000228881836,6.260000228881836,0.0,6.440000057220459,6.119999885559082,6.440000057220459,0.0,71700
2006-03-09,6.380000114440918,6.380000114440918,0.0,6.53000020980835,6.260000228881836,6.420000076293945,0.0,7500
2006-03-10,6.340000152587891,6.340000152587891,0.0,6.599999904632568,6.309999942779541,6.400000095367432,0.0,10700
2006-03-13,6.300000190734863,6.300000190734863,0.0,6.519999980926514,6.260000228881836,6.380000114440918,0.0,25500
2006-03-14,6.25,6.25,0.0,6.53000020980835,6.159999847412109,6.360000133514404,0.0,20200
2006-03-15,6.199999809265137,6.199999809265137,0.0,6.400000095367432,6.199999809265137,6.25,0.0,45500
2006-03-16,6.25,6.25,0.0,6.400000095367432,6.150000095367432,6.260000228881836,0.0,20600
2006-03-17,6.389999866485596,6.389999866485596,0.0,6.460000038146973,6.260000228881836,6.269999980926514,0.0,5600
2006-03-20,6.369999885559082,6.369999885559082,0.0,6.489999771118164,6.320000171661377,6.369999885559082,0.0,9400
2006-03-21,6.400000095367432,6.400000095367432,0.0,6.489999771118164,6.300000190734863,6.400000095367432,0.0,6700
2006-03-22,6.449999809265137,6.449999809265137,0.0,6.539999961853027,6.400000095367432,6.400000095367432,0.0,1600
2006-03-23,6.28000020980835,6.28000020980835,0.0,6.349999904632568,6.239999771118164,6.349999904632568,0.0,12200
2006-03-24,6.300000190734863,6.300000190734863,0.0,6.300000190734863,6.300000190734863,6.300000190734863,0.0,1000
2006-03-27,6.199999809265137,6.199999809265137,0.0,6.269999980926514,6.199999809265137,6.239999771118164,0.0,40400
2006-03-28,6.239999771118164,6.239999771118164,0.0,6.400000095367432,6.239999771118164,6.400000095367432,0.0,3000
2006-03-29,6.230000019073486,6.230000019073486,0.0,6.360000133514404,6.210000038146973,6.28000020980835,0.0,6800
2006-03-30,6.329999923706055,6.329999923706055,0.0,6.329999923706055,6.110000133514404,6.110000133514404,0.0,4800
2006-03-31,6.300000190734863,6.300000190734863,0.0,6.300000190734863,6.269999980926514,6.269999980926514,0.0,600
2006-04-03,6.380000114440918,6.380000114440918,0.0,6.380000114440918,6.110000133514404,6.110000133514404,0.0,5000
2006-04-04,6.380000114440918,6.380000114440918,0.0,6.429999828338623,6.369999885559082,6.429999828338623,0.0,600
2006-04-05,6.380000114440918,6.380000114440918,0.0,6.380000114440918,6.380000114440918,6.380000114440918,0.0,0
2006-04-06,6.440000057220459,6.440000057220459,0.0,6.440000057220459,6.349999904632568,6.349999904632568,0.0,2400
2006-04-07,6.400000095367432,6.400000095367432,0.0,6.400000095367432,6.400000095367432,6.400000095367432,0.0,200
2006-04-10,6.360000133514404,6.360000133514404,0.0,6.480000019073486,6.360000133514404,6.400000095367432,0.0,9600
2006-04-11,6.579999923706055,6.579999923706055,0.0,6.579999923706055,6.360000133514404,6.400000095367432,0.0,7700
2006-04-12,6.539999961853027,6.539999961853027,0.0,6.559999942779541,6.420000076293945,6.53000020980835,0.0,21600
2006-04-13,6.949999809265137,6.949999809265137,0.0,7.190000057220459,6.46999979019165,6.550000190734863,0.0,18000
2006-04-17,6.960000038146973,6.960000038146973,0.0,7.0,6.869999885559082,6.900000095367432,0.0,3400
2006-04-18,7.269999980926514,7.269999980926514,0.0,7.349999904632568,6.849999904632568,7.010000228881836,0.0,3300
2006-04-19,6.820000171661377,6.820000171661377,0.0,7.5,6.800000190734863,7.5,0.0,24400
2006-04-20,6.909999847412109,6.909999847412109,0.0,7.090000152587891,6.909999847412109,6.949999809265137,0.0,11400
2006-04-21,7.050000190734863,7.050000190734863,0.0,7.050000190734863,6.96999979019165,6.96999979019165,0.0,2500
2006-04-24,6.800000190734863,6.800000190734863,0.0,7.300000190734863,6.800000190734863,7.199999809265137,0.0,4300
2006-04-25,7.0,7.0,0.0,7.150000095367432,6.960000038146973,6.960000038146973,0.0,4400
2006-04-26,7.590000152587891,7.590000152587891,0.0,7.690000057220459,7.050000190734863,7.119999885559082,0.0,16200
2006-04-27,7.710000038146973,7.710000038146973,0.0,7.800000190734863,7.269999980926514,7.269999980926514,0.0,5400
2006-04-28,6.619999885559082,6.619999885559082,0.0,7.789999961853027,6.570000171661377,7.730000019073486,0.0,25000
2006-05-01,7.110000133514404,7.110000133514404,0.0,7.159999847412109,6.650000095367432,6.820000171661377,0.0,12400
2006-05-02,6.5,6.5,0.0,7.199999809265137,6.400000095367432,7.090000152587891,0.0,14000
2006-05-03,6.559999942779541,6.559999942779541,0.0,6.650000095367432,6.5,6.510000228881836,0.0,4700
2006-05-04,6.599999904632568,6.599999904632568,0.0,6.789999961853027,6.5,6.5,0.0,6100
2006-05-05,6.670000076293945,6.670000076293945,0.0,6.699999809265137,6.670000076293945,6.699999809265137,0.0,1600
2006-05-08,6.550000190734863,6.550000190734863,0.0,6.690000057220459,6.449999809265137,6.570000171661377,0.0,13100
2006-05-09,6.809999942779541,6.809999942779541,0.0,6.849999904632568,6.650000095367432,6.650000095367432,0.0,2100
2006-05-10,6.78000020980835,6.78000020980835,0.0,6.789999961853027,6.769999980926514,6.769999980926514,0.0,8200
2006-05-11,6.590000152587891,6.590000152587891,0.0,6.820000171661377,6.349999904632568,6.820000171661377,0.0,3900
2006-05-12,6.449999809265137,6.449999809265137,0.0,6.590000152587891,6.449999809265137,6.590000152587891,0.0,2100
2006-05-15,6.320000171661377,6.320000171661377,0.0,6.699999809265137,5.860000133514404,6.480000019073486,0.0,18100
2006-05-16,6.28000020980835,6.28000020980835,0.0,6.420000076293945,6.059999942779541,6.329999923706055,0.0,23800
2006-05-17,6.480000019073486,6.480000019073486,0.0,6.630000114440918,6.199999809265137,6.199999809265137,0.0,5300
2006-05-18,6.25,6.25,0.0,6.489999771118164,6.25,6.309999942779541,0.0,5100
2006-05-19,6.309999942779541,6.309999942779541,0.0,6.409999847412109,6.119999885559082,6.119999885559082,0.0,10100
2006-05-22,6.300000190734863,6.300000190734863,0.0,6.400000095367432,6.210000038146973,6.300000190734863,0.0,5800
2006-05-23,6.210000038146973,6.210000038146973,0.0,6.25,6.210000038146973,6.25,0.0,2400
2006-05-24,6.239999771118164,6.239999771118164,0.0,6.239999771118164,6.199999809265137,6.21999979019165,0.0,7100
2006-05-25,6.25,6.25,0.0,6.25,6.21999979019165,6.25,0.0,1100
2006-05-26,6.21999979019165,6.21999979019165,0.0,6.239999771118164,6.210000038146973,6.210000038146973,0.0,800
2006-05-30,6.309999942779541,6.309999942779541,0.0,6.329999923706055,6.21999979019165,6.300000190734863,0.0,3300
2006-05-31,6.25,6.25,0.0,6.349999904632568,6.21999979019165,6.349999904632568,0.0,10300
2006-06-01,6.320000171661377,6.320000171661377,0.0,6.349999904632568,6.320000171661377,6.340000152587891,0.0,3900
2006-06-02,6.340000152587891,6.340000152587891,0.0,6.340000152587891,6.199999809265137,6.199999809265137,0.0,8300
2006-06-05,6.28000020980835,6.28000020980835,0.0,6.340000152587891,6.230000019073486,6.230000019073486,0.0,5000
2006-06-06,6.070000171661377,6.070000171661377,0.0,6.260000228881836,6.070000171661377,6.260000228881836,0.0,20500
2006-06-07,6.130000114440918,6.130000114440918,0.0,6.320000171661377,6.079999923706055,6.099999904632568,0.0,4400
2006-06-08,6.269999980926514,6.269999980926514,0.0,6.329999923706055,6.050000190734863,6.090000152587891,0.0,4700
2006-06-09,6.170000076293945,6.170000076293945,0.0,6.210000038146973,6.050000190734863,6.050000190734863,0.0,3300
2006-06-12,6.230000019073486,6.230000019073486,0.0,6.230000019073486,6.099999904632568,6.210000038146973,0.0,7200
2006-06-13,6.349999904632568,6.349999904632568,0.0,6.349999904632568,6.239999771118164,6.239999771118164,0.0,5600
2006-06-14,6.389999866485596,6.389999866485596,0.0,6.389999866485596,6.239999771118164,6.289999961853027,0.0,7500
2006-06-15,6.329999923706055,6.329999923706055,0.0,6.329999923706055,6.329999923706055,6.329999923706055,0.0,500
2006-06-16,6.429999828338623,6.429999828338623,0.0,6.489999771118164,6.429999828338623,6.460000038146973,0.0,1000
2006-06-19,6.409999847412109,6.409999847412109,0.0,6.409999847412109,6.340000152587891,6.400000095367432,0.0,2100
2006-06-20,6.300000190734863,6.300000190734863,0.0,6.360000133514404,6.139999866485596,6.360000133514404,0.0,56600
2006-06-21,6.5,6.5,0.0,6.730000019073486,6.429999828338623,6.449999809265137,0.0,8000
2006-06-22,6.539999961853027,6.539999961853027,0.0,6.809999942779541,6.460000038146973,6.809999942779541,0.0,7500
2006-06-23,6.53000020980835,6.53000020980835,0.0,6.800000190734863,6.489999771118164,6.800000190734863,0.0,2700
2006-06-26,6.389999866485596,6.389999866485596,0.0,6.789999961853027,6.389999866485596,6.699999809265137,0.0,2700
2006-06-27,7.75,7.75,0.0,7.75,6.340000152587891,6.400000095367432,0.0,18400
2006-06-28,7.559999942779541,7.559999942779541,0.0,7.639999866485596,7.449999809265137,7.639999866485596,0.0,17600
2006-06-29,7.309999942779541,7.309999942779541,0.0,7.659999847412109,7.079999923706055,7.340000152587891,0.0,14700
2006-06-30,7.309999942779541,7.309999942779541,0.0,7.510000228881836,7.03000020980835,7.150000095367432,0.0,7300
2006-07-03,7.5,7.5,0.0,7.5,7.199999809265137,7.210000038146973,0.0,2500
2006-07-05,7.440000057220459,7.440000057220459,0.0,7.639999866485596,7.079999923706055,7.639999866485596,0.0,6600
2006-07-06,7.389999866485596,7.389999866485596,0.0,7.5,7.25,7.25,0.0,5000
2006-07-07,7.269999980926514,7.269999980926514,0.0,7.550000190734863,7.260000228881836,7.320000171661377,0.0,5300
2006-07-10,7.380000114440918,7.380000114440918,0.0,7.639999866485596,7.260000228881836,7.309999942779541,0.0,14100
2006-07-11,7.329999923706055,7.329999923706055,0.0,7.539999961853027,7.190000057220459,7.28000020980835,0.0,12400
2006-07-12,7.289999961853027,7.289999961853027,0.0,7.340000152587891,7.070000171661377,7.079999923706055,0.0,7500
2006-07-13,7.159999847412109,7.159999847412109,0.0,7.369999885559082,7.139999866485596,7.369999885559082,0.0,1200
2006-07-14,7.150000095367432,7.150000095367432,0.0,7.300000190734863,7.119999885559082,7.119999885559082,0.0,2900
2006-07-17,6.940000057220459,6.940000057220459,0.0,7.139999866485596,6.71999979019165,7.010000228881836,0.0,10500
2006-07-18,6.690000057220459,6.690000057220459,0.0,7.090000152587891,6.550000190734863,6.590000152587891,0.0,5400
2006-07-19,6.809999942779541,6.809999942779541,0.0,6.909999847412109,6.789999961853027,6.800000190734863,0.0,1800
2006-07-20,7.050000190734863,7.050000190734863,0.0,7.050000190734863,6.699999809265137,6.699999809265137,0.0,1800
2006-07-21,7.039999961853027,7.039999961853027,0.0,7.039999961853027,6.710000038146973,6.710000038146973,0.0,3200
2006-07-24,6.880000114440918,6.880000114440918,0.0,6.960000038146973,6.730000019073486,6.929999828338623,0.0,1300
2006-07-25,6.710000038146973,6.710000038146973,0.0,6.840000152587891,6.619999885559082,6.659999847412109,0.0,2600
2006-07-26,6.769999980926514,6.769999980926514,0.0,6.829999923706055,6.690000057220459,6.730000019073486,0.0,2000
2006-07-27,6.25,6.25,0.0,6.849999904632568,6.179999828338623,6.650000095367432,0.0,15300
2006-07-28,6.289999961853027,6.289999961853027,0.0,6.400000095367432,6.179999828338623,6.190000057220459,0.0,6200
2006-07-31,6.289999961853027,6.289999961853027,0.0,6.309999942779541,6.21999979019165,6.21999979019165,0.0,3400
2006-08-01,6.28000020980835,6.28000020980835,0.0,6.340000152587891,6.159999847412109,6.159999847412109,0.0,11300
2006-08-02,6.25,6.25,0.0,6.25,6.179999828338623,6.179999828338623,0.0,400
2006-08-03,6.329999923706055,6.329999923706055,0.0,6.329999923706055,6.199999809265137,6.199999809265137,0.0,3100
2006-08-04,6.340000152587891,6.340000152587891,0.0,6.340000152587891,6.329999923706055,6.329999923706055,0.0,800
2006-08-07,6.360000133514404,6.360000133514404,0.0,6.510000228881836,6.260000228881836,6.260000228881836,0.0,5400
2006-08-08,6.360000133514404,6.360000133514404,0.0,6.619999885559082,6.28000020980835,6.329999923706055,0.0,4500
2006-08-09,6.519999980926514,6.519999980926514,0.0,6.869999885559082,6.389999866485596,6.389999866485596,0.0,2400
2006-08-10,6.820000171661377,6.820000171661377,0.0,6.96999979019165,6.610000133514404,6.650000095367432,0.0,4600
2006-08-11,6.599999904632568,6.599999904632568,0.0,7.0,6.539999961853027,7.0,0.0,19400
2006-08-14,6.130000114440918,6.130000114440918,0.0,6.380000114440918,6.03000020980835,6.360000133514404,0.0,21400
2006-08-15,6.050000190734863,6.050000190734863,0.0,6.239999771118164,5.909999847412109,6.110000133514404,0.0,29900
2006-08-16,6.059999942779541,6.059999942779541,0.0,6.059999942779541,5.869999885559082,5.869999885559082,0.0,1800
2006-08-17,5.539999961853027,5.539999961853027,0.0,6.110000133514404,5.539999961853027,6.110000133514404,0.0,9300
2006-08-18,5.5,5.5,0.0,5.570000171661377,5.449999809265137,5.570000171661377,0.0,4400
2006-08-21,5.559999942779541,5.559999942779541,0.0,5.599999904632568,5.489999771118164,5.489999771118164,0.0,4000
2006-08-22,5.539999961853027,5.539999961853027,0.0,5.659999847412109,5.389999866485596,5.389999866485596,0.0,9700
2006-08-23,5.610000133514404,5.610000133514404,0.0,5.619999885559082,5.510000228881836,5.510000228881836,0.0,4200
2006-08-24,5.599999904632568,5.599999904632568,0.0,5.679999828338623,5.519999980926514,5.679999828338623,0.0,5700
2006-08-25,5.599999904632568,5.599999904632568,0.0,5.599999904632568,5.5,5.550000190734863,0.0,5500
2006-08-28,5.510000228881836,5.510000228881836,0.0,5.619999885559082,5.510000228881836,5.619999885559082,0.0,6000
2006-08-29,5.610000133514404,5.610000133514404,0.0,5.619999885559082,5.510000228881836,5.510000228881836,0.0,4900
2006-08-30,5.599999904632568,5.599999904632568,0.0,5.599999904632568,5.449999809265137,5.449999809265137,0.0,3300
2006-08-31,5.559999942779541,5.559999942779541,0.0,5.650000095367432,5.46999979019165,5.610000133514404,0.0,5500
2006-09-01,5.510000228881836,5.510000228881836,0.0,5.619999885559082,5.460000038146973,5.460000038146973,0.0,8300
2006-09-05,5.599999904632568,5.599999904632568,0.0,5.739999771118164,5.5,5.5,0.0,6500
2006-09-06,5.570000171661377,5.570000171661377,0.0,5.679999828338623,5.53000020980835,5.570000171661377,0.0,6000
2006-09-07,5.75,5.75,0.0,5.829999923706055,5.639999866485596,5.639999866485596,0.0,3000
2006-09-08,5.929999828338623,5.929999828338623,0.0,5.929999828338623,5.760000228881836,5.800000190734863,0.0,1900
2006-09-11,5.75,5.75,0.0,5.909999847412109,5.75,5.909999847412109,0.0,3900
2006-09-12,5.840000152587891,5.840000152587891,0.0,5.869999885559082,5.769999980926514,5.869999885559082,0.0,2400
2006-09-13,5.519999980926514,5.519999980926514,0.0,5.829999923706055,5.340000152587891,5.829999923706055,0.0,20400
2006-09-14,5.460000038146973,5.460000038146973,0.0,5.599999904632568,5.449999809265137,5.510000228881836,0.0,5700
2006-09-15,5.269999980926514,5.269999980926514,0.0,5.670000076293945,5.139999866485596,5.599999904632568,0.0,11300
2006-09-18,5.099999904632568,5.099999904632568,0.0,5.159999847412109,5.099999904632568,5.150000095367432,0.0,600
2006-09-19,5.050000190734863,5.050000190734863,0.0,5.150000095367432,5.050000190734863,5.150000095367432,0.0,700
2006-09-20,5.070000171661377,5.070000171661377,0.0,5.389999866485596,5.0,5.389999866485596,0.0,3500
2006-09-21,4.860000133514404,4.860000133514404,0.0,4.860000133514404,4.769999980926514,4.860000133514404,0.0,4000
2006-09-22,4.880000114440918,4.880000114440918,0.0,4.940000057220459,4.75,4.75,0.0,4000
2006-09-25,4.880000114440918,4.880000114440918,0.0,4.880000114440918,4.880000114440918,4.880000114440918,0.0,0
2006-09-26,4.869999885559082,4.869999885559082,0.0,5.050000190734863,4.849999904632568,5.050000190734863,0.0,2500
2006-09-27,4.909999847412109,4.909999847412109,0.0,4.989999771118164,4.909999847412109,4.989999771118164,0.0,2800
2006-09-28,5.199999809265137,5.199999809265137,0.0,5.239999771118164,4.840000152587891,4.840000152587891,0.0,7300
2006-09-29,5.260000228881836,5.260000228881836,0.0,5.460000038146973,5.119999885559082,5.119999885559082,0.0,3600
2006-10-02,5.460000038146973,5.460000038146973,0.0,5.480000019073486,5.039999961853027,5.059999942779541,0.0,8100
2006-10-03,5.28000020980835,5.28000020980835,0.0,5.489999771118164,5.260000228881836,5.489999771118164,0.0,2500
2006-10-04,5.300000190734863,5.300000190734863,0.0,5.360000133514404,5.230000019073486,5.360000133514404,0.0,6200
2006-10-05,5.079999923706055,5.079999923706055,0.0,5.190000057220459,5.0,5.110000133514404,0.0,7800
2006-10-06,5.21999979019165,5.21999979019165,0.0,5.21999979019165,5.039999961853027,5.199999809265137,0.0,5200
2006-10-09,5.28000020980835,5.28000020980835,0.0,5.28000020980835,5.150000095367432,5.190000057220459,0.0,7600
2006-10-10,5.21999979019165,5.21999979019165,0.0,5.21999979019165,5.099999904632568,5.179999828338623,0.0,3700
2006-10-11,5.190000057220459,5.190000057220459,0.0,5.21999979019165,5.099999904632568,5.099999904632568,0.0,2400
2006-10-12,5.159999847412109,5.159999847412109,0.0,5.190000057220459,5.110000133514404,5.110000133514404,0.0,1000
2006-10-13,5.079999923706055,5.079999923706055,0.0,5.190000057220459,5.010000228881836,5.150000095367432,0.0,19200
2006-10-16,5.099999904632568,5.099999904632568,0.0,5.159999847412109,5.0,5.0,0.0,15600
2006-10-17,5.119999885559082,5.119999885559082,0.0,5.21999979019165,5.090000152587891,5.130000114440918,0.0,3900
2006-10-18,5.150000095367432,5.150000095367432,0.0,5.21999979019165,5.050000190734863,5.050000190734863,0.0,6500
2006-10-19,5.159999847412109,5.159999847412109,0.0,5.210000038146973,5.050000190734863,5.070000171661377,0.0,5700
2006-10-20,5.28000020980835,5.28000020980835,0.0,5.28000020980835,5.059999942779541,5.059999942779541,0.0,8500
2006-10-23,5.349999904632568,5.349999904632568,0.0,5.480000019073486,5.309999942779541,5.380000114440918,0.0,800
2006-10-24,5.389999866485596,5.389999866485596,0.0,5.5,5.389999866485596,5.46999979019165,0.0,3100
2006-10-25,5.28000020980835,5.28000020980835,0.0,5.539999961853027,5.28000020980835,5.409999847412109,0.0,7600
2006-10-26,5.179999828338623,5.179999828338623,0.0,5.369999885559082,5.179999828338623,5.369999885559082,0.0,5200
2006-10-27,5.260000228881836,5.260000228881836,0.0,5.340000152587891,5.230000019073486,5.230000019073486,0.0,1500
2006-10-30,5.349999904632568,5.349999904632568,0.0,5.349999904632568,5.25,5.25,0.0,800
2006-10-31,5.320000171661377,5.320000171661377,0.0,5.579999923706055,5.269999980926514,5.429999828338623,0.0,10200
2006-11-01,5.340000152587891,5.340000152587891,0.0,5.510000228881836,5.300000190734863,5.349999904632568,0.0,6000
2006-11-02,5.369999885559082,5.369999885559082,0.0,5.400000095367432,5.309999942779541,5.389999866485596,0.0,4300
2006-11-03,5.28000020980835,5.28000020980835,0.0,5.400000095367432,5.130000114440918,5.130000114440918,0.0,3800
2006-11-06,5.5,5.5,0.0,5.519999980926514,5.25,5.329999923706055,0.0,98100
2006-11-07,5.400000095367432,5.400000095367432,0.0,5.619999885559082,5.25,5.619999885559082,0.0,4800
2006-11-08,5.329999923706055,5.329999923706055,0.0,5.380000114440918,5.260000228881836,5.300000190734863,0.0,5600
2006-11-09,5.320000171661377,5.320000171661377,0.0,5.46999979019165,5.260000228881836,5.46999979019165,0.0,1400
2006-11-10,5.349999904632568,5.349999904632568,0.0,5.360000133514404,5.300000190734863,5.329999923706055,0.0,2000
2006-11-13,5.289999961853027,5.289999961853027,0.0,5.46999979019165,5.289999961853027,5.300000190734863,0.0,8600
2006-11-14,5.420000076293945,5.420000076293945,0.0,5.5,5.179999828338623,5.179999828338623,0.0,12600
2006-11-15,5.460000038146973,5.460000038146973,0.0,5.53000020980835,5.289999961853027,5.5,0.0,9900
2006-11-16,5.389999866485596,5.389999866485596,0.0,5.590000152587891,5.320000171661377,5.510000228881836,0.0,39200
2006-11-17,5.409999847412109,5.409999847412109,0.0,5.489999771118164,5.309999942779541,5.489999771118164,0.0,4800
2006-11-20,5.300000190734863,5.300000190734863,0.0,5.739999771118164,5.25,5.400000095367432,0.0,3100
2006-11-21,5.21999979019165,5.21999979019165,0.0,5.460000038146973,5.21999979019165,5.25,0.0,3900
2006-11-22,5.329999923706055,5.329999923706055,0.0,5.489999771118164,5.28000020980835,5.449999809265137,0.0,6200
2006-11-24,5.369999885559082,5.369999885559082,0.0,5.460000038146973,5.300000190734863,5.449999809265137,0.0,3700
2006-11-27,5.260000228881836,5.260000228881836,0.0,5.5,5.260000228881836,5.5,0.0,1900
2006-11-28,5.480000019073486,5.480000019073486,0.0,5.519999980926514,5.300000190734863,5.440000057220459,0.0,5500
2006-11-29,5.480000019073486,5.480000019073486,0.0,5.559999942779541,5.480000019073486,5.559999942779541,0.0,1900
2006-11-30,5.5,5.5,0.0,5.610000133514404,5.460000038146973,5.610000133514404,0.0,5700
2006-12-01,5.489999771118164,5.489999771118164,0.0,5.5,5.260000228881836,5.449999809265137,0.0,4300
2006-12-04,5.400000095367432,5.400000095367432,0.0,5.510000228881836,5.380000114440918,5.510000228881836,0.0,8700
2006-12-05,5.46999979019165,5.46999979019165,0.0,5.599999904632568,5.380000114440918,5.46999979019165,0.0,6700
2006-12-06,5.440000057220459,5.440000057220459,0.0,5.519999980926514,5.440000057220459,5.489999771118164,0.0,1400
2006-12-07,5.429999828338623,5.429999828338623,0.0,5.480000019073486,5.409999847412109,5.46999979019165,0.0,5500
2006-12-08,5.5,5.5,0.0,5.5,5.429999828338623,5.46999979019165,0.0,1200
2006-12-11,5.5,5.5,0.0,5.5,5.389999866485596,5.409999847412109,0.0,2400
2006-12-12,5.25,5.25,0.0,5.440000057220459,5.25,5.360000133514404,0.0,6700
2006-12-13,5.230000019073486,5.230000019073486,0.0,5.309999942779541,5.099999904632568,5.300000190734863,0.0,9400
2006-12-14,5.190000057220459,5.190000057220459,0.0,5.320000171661377,5.190000057220459,5.309999942779541,0.0,2200
2006-12-15,5.199999809265137,5.199999809265137,0.0,5.369999885559082,5.190000057220459,5.28000020980835,0.0,7900
2006-12-18,5.260000228881836,5.260000228881836,0.0,5.260000228881836,5.25,5.25,0.0,200
2006-12-19,5.190000057220459,5.190000057220459,0.0,5.349999904632568,5.139999866485596,5.349999904632568,0.0,25700
2006-12-20,5.260000228881836,5.260000228881836,0.0,5.300000190734863,5.090000152587891,5.300000190734863,0.0,21700
2006-12-21,5.050000190734863,5.050000190734863,0.0,5.300000190734863,4.980000019073486,5.300000190734863,0.0,66300
2006-12-22,5.400000095367432,5.400000095367432,0.0,5.400000095367432,5.070000171661377,5.079999923706055,0.0,7400
2006-12-26,5.329999923706055,5.329999923706055,0.0,5.449999809265137,5.320000171661377,5.320000171661377,0.0,4300
2006-12-27,5.300000190734863,5.300000190734863,0.0,5.460000038146973,5.300000190734863,5.400000095367432,0.0,10800
2006-12-28,5.489999771118164,5.489999771118164,0.0,5.489999771118164,5.300000190734863,5.300000190734863,0.0,1400
2006-12-29,5.5,5.5,0.0,5.5,5.420000076293945,5.5,0.0,4700
2007-01-03,5.409999847412109,5.409999847412109,0.0,5.5,5.309999942779541,5.5,0.0,9900
2007-01-04,5.389999866485596,5.389999866485596,0.0,5.429999828338623,5.340000152587891,5.380000114440918,0.0,4400
2007-01-05,5.360000133514404,5.360000133514404,0.0,5.360000133514404,5.300000190734863,5.309999942779541,0.0,2000
2007-01-08,5.440000057220459,5.440000057220459,0.0,5.440000057220459,5.309999942779541,5.309999942779541,0.0,1800
2007-01-09,5.46999979019165,5.46999979019165,0.0,5.53000020980835,5.349999904632568,5.360000133514404,0.0,4300
2007-01-10,5.429999828338623,5.429999828338623,0.0,5.449999809265137,5.360000133514404,5.429999828338623,0.0,3800
2007-01-11,5.5,5.5,0.0,5.5,5.400000095367432,5.400000095367432,0.0,1200
2007-01-12,5.429999828338623,5.429999828338623,0.0,5.489999771118164,5.360000133514404,5.420000076293945,0.0,1400
2007-01-16,5.449999809265137,5.449999809265137,0.0,5.5,5.380000114440918,5.400000095367432,0.0,500
2007-01-17,5.460000038146973,5.460000038146973,0.0,5.739999771118164,5.420000076293945,5.570000171661377,0.0,22500
2007-01-18,5.489999771118164,5.489999771118164,0.0,5.559999942779541,5.460000038146973,5.559999942779541,0.0,1000
2007-01-19,5.5,5.5,0.0,5.550000190734863,5.5,5.510000228881836,0.0,1500
2007-01-22,5.460000038146973,5.460000038146973,0.0,5.5,5.460000038146973,5.5,0.0,900
2007-01-23,5.409999847412109,5.409999847412109,0.0,5.5,5.409999847412109,5.5,0.0,1900
2007-01-24,5.369999885559082,5.369999885559082,0.0,5.429999828338623,5.300000190734863,5.429999828338623,0.0,25100
2007-01-25,5.349999904632568,5.349999904632568,0.0,5.420000076293945,5.349999904632568,5.420000076293945,0.0,9200
2007-01-26,5.380000114440918,5.380000114440918,0.0,5.489999771118164,5.349999904632568,5.380000114440918,0.0,3500
2007-01-29,5.349999904632568,5.349999904632568,0.0,5.510000228881836,5.349999904632568,5.440000057220459,0.0,4500
2007-01-30,5.320000171661377,5.320000171661377,0.0,5.480000019073486,5.25,5.480000019073486,0.0,13600
2007-01-31,5.380000114440918,5.380000114440918,0.0,5.449999809265137,5.309999942779541,5.349999904632568,0.0,4300
2007-02-01,5.46999979019165,5.46999979019165,0.0,5.46999979019165,5.329999923706055,5.349999904632568,0.0,3800
2007-02-02,5.409999847412109,5.409999847412109,0.0,5.449999809265137,5.360000133514404,5.440000057220459,0.0,6900
2007-02-05,5.489999771118164,5.489999771118164,0.0,5.489999771118164,5.449999809265137,5.449999809265137,0.0,400
2007-02-06,5.5,5.5,0.0,5.5,5.489999771118164,5.5,0.0,500
2007-02-07,5.409999847412109,5.409999847412109,0.0,5.46999979019165,5.400000095367432,5.429999828338623,0.0,3100
2007-02-08,6.099999904632568,6.099999904632568,0.0,6.179999828338623,5.599999904632568,5.679999828338623,0.0,37800
2007-02-09,6.230000019073486,6.230000019073486,0.0,6.300000190734863,6.090000152587891,6.159999847412109,0.0,8400
2007-02-12,6.360000133514404,6.360000133514404,0.0,6.420000076293945,6.210000038146973,6.269999980926514,0.0,15600
2007-02-13,6.650000095367432,6.650000095367432,0.0,6.690000057220459,6.349999904632568,6.349999904632568,0.0,14700
2007-02-14,6.920000076293945,6.920000076293945,0.0,7.090000152587891,6.690000057220459,6.690000057220459,0.0,10800
2007-02-15,6.809999942779541,6.809999942779541,0.0,7.010000228881836,6.699999809265137,6.940000057220459,0.0,10000
2007-02-16,6.480000019073486,6.480000019073486,0.0,7.0,6.480000019073486,6.96999979019165,0.0,8600
2007-02-20,6.849999904632568,6.849999904632568,0.0,6.980000019073486,6.550000190734863,6.579999923706055,0.0,12500
2007-02-21,6.869999885559082,6.869999885559082,0.0,6.980000019073486,6.800000190734863,6.800000190734863,0.0,5600
2007-02-22,6.940000057220459,6.940000057220459,0.0,6.989999771118164,6.849999904632568,6.900000095367432,0.0,9300
2007-02-23,6.849999904632568,6.849999904632568,0.0,7.150000095367432,6.849999904632568,6.889999866485596,0.0,19200
2007-02-26,6.880000114440918,6.880000114440918,0.0,7.239999771118164,6.849999904632568,6.900000095367432,0.0,9600
2007-02-27,6.690000057220459,6.690000057220459,0.0,6.940000057220459,6.570000171661377,6.849999904632568,0.0,8900
2007-02-28,6.599999904632568,6.599999904632568,0.0,6.690000057220459,6.599999904632568,6.599999904632568,0.0,1400
2007-03-01,6.789999961853027,6.789999961853027,0.0,6.829999923706055,6.5,6.570000171661377,0.0,1800
2007-03-02,6.349999904632568,6.349999904632568,0.0,6.699999809265137,6.28000020980835,6.699999809265137,0.0,5200
2007-03-05,6.449999809265137,6.449999809265137,0.0,6.519999980926514,6.309999942779541,6.400000095367432,0.0,3000
2007-03-06,6.480000019073486,6.480000019073486,0.0,6.570000171661377,6.320000171661377,6.559999942779541,0.0,7000
2007-03-07,6.420000076293945,6.420000076293945,0.0,6.570000171661377,6.329999923706055,6.389999866485596,0.0,1400
2007-03-08,6.449999809265137,6.449999809265137,0.0,6.659999847412109,6.360000133514404,6.360000133514404,0.0,5300
2007-03-09,6.400000095367432,6.400000095367432,0.0,6.550000190734863,6.400000095367432,6.539999961853027,0.0,3700
2007-03-12,6.449999809265137,6.449999809265137,0.0,6.5,6.349999904632568,6.400000095367432,0.0,4600
2007-03-13,6.460000038146973,6.460000038146973,0.0,6.5,6.449999809265137,6.489999771118164,0.0,6900
2007-03-14,6.46999979019165,6.46999979019165,0.0,6.53000020980835,6.46999979019165,6.5,0.0,2000
2007-03-15,6.489999771118164,6.489999771118164,0.0,6.489999771118164,6.489999771118164,6.489999771118164,0.0,200
2007-03-16,6.489999771118164,6.489999771118164,0.0,6.489999771118164,6.489999771118164,6.489999771118164,0.0,0
2007-03-19,6.900000095367432,6.900000095367432,0.0,6.980000019073486,6.489999771118164,6.5,0.0,6600
2007-03-20,7.050000190734863,7.050000190734863,0.0,7.159999847412109,6.909999847412109,6.909999847412109,0.0,6900
2007-03-21,7.239999771118164,7.239999771118164,0.0,7.239999771118164,7.050000190734863,7.050000190734863,0.0,7700
2007-03-22,7.190000057220459,7.190000057220459,0.0,7.190000057220459,7.019999980926514,7.190000057220459,0.0,2600
2007-03-23,7.150000095367432,7.150000095367432,0.0,7.230000019073486,7.0,7.059999942779541,0.0,5100
2007-03-26,7.230000019073486,7.230000019073486,0.0,7.230000019073486,7.019999980926514,7.070000171661377,0.0,2800
2007-03-27,7.010000228881836,7.010000228881836,0.0,7.360000133514404,7.010000228881836,7.190000057220459,0.0,8700
2007-03-28,6.730000019073486,6.730000019073486,0.0,7.329999923706055,6.570000171661377,7.269999980926514,0.0,3400
2007-03-29,6.659999847412109,6.659999847412109,0.0,6.670000076293945,6.579999923706055,6.630000114440918,0.0,2500
2007-03-30,6.699999809265137,6.699999809265137,0.0,7.079999923706055,6.559999942779541,6.570000171661377,0.0,7500
2007-04-02,7.090000152587891,7.090000152587891,0.0,7.28000020980835,6.639999866485596,6.639999866485596,0.0,3900
2007-04-03,7.139999866485596,7.139999866485596,0.0,7.28000020980835,7.03000020980835,7.090000152587891,0.0,3700
2007-04-04,7.239999771118164,7.239999771118164,0.0,7.260000228881836,6.760000228881836,7.239999771118164,0.0,3300
2007-04-05,7.21999979019165,7.21999979019165,0.0,7.239999771118164,7.21999979019165,7.21999979019165,0.0,1100
2007-04-09,7.170000076293945,7.170000076293945,0.0,7.239999771118164,7.059999942779541,7.239999771118164,0.0,3400
2007-04-10,7.190000057220459,7.190000057220459,0.0,7.239999771118164,7.050000190734863,7.199999809265137,0.0,3100
2007-04-11,7.210000038146973,7.210000038146973,0.0,7.25,7.079999923706055,7.130000114440918,0.0,4800
2007-04-12,7.190000057220459,7.190000057220459,0.0,7.25,7.019999980926514,7.119999885559082,0.0,5500
2007-04-13,7.090000152587891,7.090000152587891,0.0,7.289999961853027,7.019999980926514,7.019999980926514,0.0,4300
2007-04-16,7.260000228881836,7.260000228881836,0.0,7.300000190734863,7.050000190734863,7.230000019073486,0.0,2900
2007-04-17,7.230000019073486,7.230000019073486,0.0,7.349999904632568,7.139999866485596,7.349999904632568,0.0,4100
2007-04-18,7.460000038146973,7.460000038146973,0.0,7.460000038146973,7.170000076293945,7.340000152587891,0.0,2900
2007-04-19,7.329999923706055,7.329999923706055,0.0,7.400000095367432,7.190000057220459,7.400000095367432,0.0,5700
2007-04-20,7.400000095367432,7.400000095367432,0.0,7.400000095367432,7.239999771118164,7.340000152587891,0.0,1300
2007-04-23,7.380000114440918,7.380000114440918,0.0,7.400000095367432,7.099999904632568,7.349999904632568,0.0,6200
2007-04-24,7.409999847412109,7.409999847412109,0.0,7.409999847412109,7.340000152587891,7.340000152587891,0.0,700
2007-04-25,7.400000095367432,7.400000095367432,0.0,7.400000095367432,7.340000152587891,7.349999904632568,0.0,1200
2007-04-26,7.619999885559082,7.619999885559082,0.0,7.619999885559082,7.110000133514404,7.400000095367432,0.0,21400
2007-04-27,7.5,7.5,0.0,7.639999866485596,7.269999980926514,7.590000152587891,0.0,4100
2007-04-30,7.510000228881836,7.510000228881836,0.0,7.579999923706055,7.320000171661377,7.360000133514404,0.0,2500
2007-05-01,7.510000228881836,7.510000228881836,0.0,7.650000095367432,7.510000228881836,7.53000020980835,0.0,5100
2007-05-02,7.639999866485596,7.639999866485596,0.0,7.639999866485596,7.510000228881836,7.510000228881836,0.0,1900
2007-05-03,7.480000019073486,7.480000019073486,0.0,7.710000038146973,7.429999828338623,7.579999923706055,0.0,5700
2007-05-04,7.739999771118164,7.739999771118164,0.0,7.739999771118164,7.449999809265137,7.679999828338623,0.0,2000
2007-05-07,7.690000057220459,7.690000057220459,0.0,7.800000190734863,7.5,7.699999809265137,0.0,4000
2007-05-08,7.659999847412109,7.659999847412109,0.0,7.78000020980835,7.440000057220459,7.489999771118164,0.0,3300
2007-05-09,6.710000038146973,6.710000038146973,0.0,7.300000190734863,6.699999809265137,7.300000190734863,0.0,10900
2007-05-10,6.889999866485596,6.889999866485596,0.0,6.889999866485596,6.599999904632568,6.599999904632568,0.0,12900
2007-05-11,7.059999942779541,7.059999942779541,0.0,7.099999904632568,6.820000171661377,7.099999904632568,0.0,1300
2007-05-14,7.050000190734863,7.050000190734863,0.0,7.059999942779541,6.900000095367432,7.03000020980835,0.0,5100
2007-05-15,7.239999771118164,7.239999771118164,0.0,7.239999771118164,6.949999809265137,6.949999809265137,0.0,4100
2007-05-16,7.0,7.0,0.0,7.389999866485596,7.0,7.199999809265137,0.0,13700
2007-05-17,7.099999904632568,7.099999904632568,0.0,7.300000190734863,7.0,7.0,0.0,25000
2007-05-18,7.150000095367432,7.150000095367432,0.0,7.28000020980835,7.059999942779541,7.119999885559082,0.0,3700
2007-05-21,7.150000095367432,7.150000095367432,0.0,7.21999979019165,7.019999980926514,7.070000171661377,0.0,5800
2007-05-22,7.059999942779541,7.059999942779541,0.0,7.099999904632568,7.0,7.0,0.0,4000
2007-05-23,7.010000228881836,7.010000228881836,0.0,7.039999961853027,7.0,7.010000228881836,0.0,2700
2007-05-24,6.900000095367432,6.900000095367432,0.0,7.099999904632568,6.900000095367432,7.0,0.0,4900
2007-05-25,6.880000114440918,6.880000114440918,0.0,6.880000114440918,6.829999923706055,6.829999923706055,0.0,200
2007-05-29,6.829999923706055,6.829999923706055,0.0,7.019999980926514,6.769999980926514,6.909999847412109,0.0,5200
2007-05-30,6.800000190734863,6.800000190734863,0.0,7.059999942779541,6.800000190734863,6.869999885559082,0.0,3000
2007-05-31,7.190000057220459,7.190000057220459,0.0,7.599999904632568,6.849999904632568,6.860000133514404,0.0,6700
2007-06-01,7.179999828338623,7.179999828338623,0.0,7.25,7.039999961853027,7.199999809265137,0.0,3800
2007-06-04,7.28000020980835,7.28000020980835,0.0,7.480000019073486,7.139999866485596,7.239999771118164,0.0,2100
2007-06-05,7.260000228881836,7.260000228881836,0.0,7.510000228881836,7.230000019073486,7.389999866485596,0.0,5400
2007-06-06,6.920000076293945,6.920000076293945,0.0,7.460000038146973,6.909999847412109,7.420000076293945,0.0,3100
2007-06-07,7.21999979019165,7.21999979019165,0.0,7.239999771118164,6.960000038146973,7.239999771118164,0.0,8100
2007-06-08,7.050000190734863,7.050000190734863,0.0,7.110000133514404,6.889999866485596,7.03000020980835,0.0,5200
2007-06-11,7.0,7.0,0.0,7.110000133514404,7.0,7.070000171661377,0.0,4900
2007-06-12,7.119999885559082,7.119999885559082,0.0,7.139999866485596,7.0,7.059999942779541,0.0,6100
2007-06-13,6.989999771118164,6.989999771118164,0.0,6.989999771118164,6.809999942779541,6.949999809265137,0.0,2700
2007-06-14,6.980000019073486,6.980000019073486,0.0,6.989999771118164,6.900000095367432,6.920000076293945,0.0,1700
2007-06-15,6.829999923706055,6.829999923706055,0.0,6.96999979019165,6.800000190734863,6.900000095367432,0.0,3600
2007-06-18,6.800000190734863,6.800000190734863,0.0,7.0,6.800000190734863,6.929999828338623,0.0,5400
2007-06-19,7.369999885559082,7.369999885559082,0.0,7.369999885559082,6.880000114440918,6.880000114440918,0.0,7500
2007-06-20,7.449999809265137,7.449999809265137,0.0,7.5,7.230000019073486,7.440000057220459,0.0,13100
2007-06-21,7.489999771118164,7.489999771118164,0.0,7.489999771118164,7.25,7.25,0.0,3500
2007-06-22,7.110000133514404,7.110000133514404,0.0,7.5,7.03000020980835,7.5,0.0,5000
2007-06-25,7.0,7.0,0.0,7.349999904632568,6.960000038146973,7.239999771118164,0.0,4600
2007-06-26,7.130000114440918,7.130000114440918,0.0,7.239999771118164,7.03000020980835,7.099999904632568,0.0,4400
2007-06-27,7.150000095367432,7.150000095367432,0.0,7.230000019073486,7.090000152587891,7.099999904632568,0.0,1900
2007-06-28,7.199999809265137,7.199999809265137,0.0,7.199999809265137,7.03000020980835,7.110000133514404,0.0,2500
2007-06-29,7.230000019073486,7.230000019073486,0.0,7.230000019073486,6.949999809265137,6.949999809265137,0.0,7900
2007-07-02,7.230000019073486,7.230000019073486,0.0,7.230000019073486,7.230000019073486,7.230000019073486,0.0,0
2007-07-03,7.159999847412109,7.159999847412109,0.0,7.25,7.050000190734863,7.25,0.0,4700
2007-07-05,7.119999885559082,7.119999885559082,0.0,7.230000019073486,7.039999961853027,7.230000019073486,0.0,3500
2007-07-06,7.110000133514404,7.110000133514404,0.0,7.199999809265137,7.039999961853027,7.190000057220459,0.0,5600
2007-07-09,7.03000020980835,7.03000020980835,0.0,7.21999979019165,7.03000020980835,7.21999979019165,0.0,3900
2007-07-10,7.159999847412109,7.159999847412109,0.0,7.230000019073486,7.03000020980835,7.159999847412109,0.0,3900
2007-07-11,7.110000133514404,7.110000133514404,0.0,7.199999809265137,7.039999961853027,7.110000133514404,0.0,3600
2007-07-12,7.090000152587891,7.090000152587891,0.0,7.159999847412109,7.03000020980835,7.159999847412109,0.0,2500
2007-07-13,7.059999942779541,7.059999942779541,0.0,7.170000076293945,7.039999961853027,7.039999961853027,0.0,3000
2007-07-16,7.269999980926514,7.269999980926514,0.0,7.480000019073486,7.119999885559082,7.119999885559082,0.0,2900
2007-07-17,7.300000190734863,7.300000190734863,0.0,7.400000095367432,7.130000114440918,7.130000114440918,0.0,1700
2007-07-18,7.300000190734863,7.300000190734863,0.0,7.300000190734863,7.300000190734863,7.300000190734863,0.0,0
2007-07-19,7.360000133514404,7.360000133514404,0.0,7.429999828338623,7.300000190734863,7.300000190734863,0.0,3200
2007-07-20,7.28000020980835,7.28000020980835,0.0,7.309999942779541,7.039999961853027,7.309999942779541,0.0,2000
2007-07-23,7.28000020980835,7.28000020980835,0.0,7.28000020980835,7.28000020980835,7.28000020980835,0.0,0
2007-07-24,7.28000020980835,7.28000020980835,0.0,7.28000020980835,7.28000020980835,7.28000020980835,0.0,0
2007-07-25,7.369999885559082,7.369999885559082,0.0,7.369999885559082,7.110000133514404,7.110000133514404,0.0,500
2007-07-26,7.099999904632568,7.099999904632568,0.0,7.110000133514404,7.099999904632568,7.110000133514404,0.0,1400
2007-07-27,7.400000095367432,7.400000095367432,0.0,7.400000095367432,7.139999866485596,7.139999866485596,0.0,500
2007-07-30,7.070000171661377,7.070000171661377,0.0,7.079999923706055,7.059999942779541,7.079999923706055,0.0,800
2007-07-31,6.900000095367432,6.900000095367432,0.0,7.019999980926514,6.900000095367432,7.019999980926514,0.0,1800
2007-08-01,6.900000095367432,6.900000095367432,0.0,6.900000095367432,6.900000095367432,6.900000095367432,0.0,500
2007-08-02,6.760000228881836,6.760000228881836,0.0,6.940000057220459,6.599999904632568,6.630000114440918,0.0,400
2007-08-03,6.730000019073486,6.730000019073486,0.0,6.730000019073486,6.659999847412109,6.690000057220459,0.0,3000
2007-08-06,6.78000020980835,6.78000020980835,0.0,6.78000020980835,6.78000020980835,6.78000020980835,0.0,400
2007-08-07,7.400000095367432,7.400000095367432,0.0,7.400000095367432,6.539999961853027,6.539999961853027,0.0,800
2007-08-08,6.949999809265137,6.949999809265137,0.0,7.289999961853027,6.949999809265137,7.0,0.0,2000
2007-08-09,6.949999809265137,6.949999809265137,0.0,6.949999809265137,6.949999809265137,6.949999809265137,0.0,0
2007-08-10,7.0,7.0,0.0,7.400000095367432,7.0,7.369999885559082,0.0,1100
2007-08-13,7.300000190734863,7.300000190734863,0.0,7.400000095367432,7.300000190734863,7.380000114440918,0.0,400
2007-08-14,7.550000190734863,7.550000190734863,0.0,7.820000171661377,7.489999771118164,7.619999885559082,0.0,8100
2007-08-15,7.210000038146973,7.210000038146973,0.0,7.550000190734863,7.210000038146973,7.550000190734863,0.0,2400
2007-08-16,7.210000038146973,7.210000038146973,0.0,7.210000038146973,7.210000038146973,7.210000038146973,0.0,0
2007-08-17,6.909999847412109,6.909999847412109,0.0,6.909999847412109,6.909999847412109,6.909999847412109,0.0,100
2007-08-20,6.940000057220459,6.940000057220459,0.0,7.239999771118164,6.650000095367432,7.239999771118164,0.0,2000
2007-08-21,7.289999961853027,7.289999961853027,0.0,7.360000133514404,6.599999904632568,6.940000057220459,0.0,700
2007-08-22,7.289999961853027,7.289999961853027,0.0,7.289999961853027,7.289999961853027,7.289999961853027,0.0,0
2007-08-23,7.349999904632568,7.349999904632568,0.0,7.5,7.349999904632568,7.449999809265137,0.0,2500
2007-08-24,7.349999904632568,7.349999904632568,0.0,7.349999904632568,7.349999904632568,7.349999904632568,0.0,0
2007-08-27,7.25,7.25,0.0,7.25,7.0,7.0,0.0,300
2007-08-28,6.96999979019165,6.96999979019165,0.0,7.090000152587891,6.96999979019165,7.090000152587891,0.0,1800
2007-08-29,7.090000152587891,7.090000152587891,0.0,7.090000152587891,6.900000095367432,6.900000095367432,0.0,11300
2007-08-30,6.78000020980835,6.78000020980835,0.0,7.0,6.75,7.0,0.0,10200
2007-08-31,6.78000020980835,6.78000020980835,0.0,6.78000020980835,6.78000020980835,6.78000020980835,0.0,0
2007-09-04,6.889999866485596,6.889999866485596,0.0,6.900000095367432,6.78000020980835,6.78000020980835,0.0,500
2007-09-05,6.889999866485596,6.889999866485596,0.0,6.889999866485596,6.889999866485596,6.889999866485596,0.0,0
2007-09-06,6.889999866485596,6.889999866485596,0.0,6.889999866485596,6.889999866485596,6.889999866485596,0.0,0
2007-09-07,6.889999866485596,6.889999866485596,0.0,6.889999866485596,6.889999866485596,6.889999866485596,0.0,0
2007-09-10,6.730000019073486,6.730000019073486,0.0,6.730000019073486,6.570000171661377,6.570000171661377,0.0,500
2007-09-11,6.650000095367432,6.650000095367432,0.0,6.739999771118164,6.650000095367432,6.730000019073486,0.0,7800
2007-09-12,6.650000095367432,6.650000095367432,0.0,6.650000095367432,6.650000095367432,6.650000095367432,0.0,0
2007-09-13,6.679999828338623,6.679999828338623,0.0,6.71999979019165,6.570000171661377,6.570000171661377,0.0,2500
2007-09-14,6.690000057220459,6.690000057220459,0.0,6.690000057220459,6.690000057220459,6.690000057220459,0.0,100
2007-09-17,6.690000057220459,6.690000057220459,0.0,6.690000057220459,6.690000057220459,6.690000057220459,0.0,200
2007-09-18,6.690000057220459,6.690000057220459,0.0,6.690000057220459,6.690000057220459,6.690000057220459,0.0,0
2007-09-19,6.989999771118164,6.989999771118164,0.0,6.989999771118164,6.849999904632568,6.849999904632568,0.0,200
2007-09-20,6.900000095367432,6.900000095367432,0.0,7.03000020980835,6.900000095367432,7.03000020980835,0.0,3600
2007-09-21,6.860000133514404,6.860000133514404,0.0,6.949999809265137,6.860000133514404,6.949999809265137,0.0,2000
2007-09-24,7.039999961853027,7.039999961853027,0.0,7.039999961853027,7.019999980926514,7.03000020980835,0.0,2000
2007-09-25,7.039999961853027,7.039999961853027,0.0,7.039999961853027,7.039999961853027,7.039999961853027,0.0,0
2007-09-26,7.039999961853027,7.039999961853027,0.0,7.039999961853027,7.039999961853027,7.039999961853027,0.0,0
2007-09-27,7.039999961853027,7.039999961853027,0.0,7.039999961853027,7.039999961853027,7.039999961853027,0.0,0
2007-09-28,6.960000038146973,6.960000038146973,0.0,6.960000038146973,6.960000038146973,6.960000038146973,0.0,1000
2007-10-01,7.489999771118164,7.489999771118164,0.0,7.489999771118164,6.940000057220459,6.940000057220459,0.0,300
2007-10-02,7.050000190734863,7.050000190734863,0.0,7.079999923706055,7.019999980926514,7.079999923706055,0.0,1100
2007-10-03,7.119999885559082,7.119999885559082,0.0,7.119999885559082,7.050000190734863,7.050000190734863,0.0,2200
2007-10-04,7.159999847412109,7.159999847412109,0.0,7.159999847412109,7.0,7.0,0.0,1500
2007-10-05,7.159999847412109,7.159999847412109,0.0,7.159999847412109,7.159999847412109,7.159999847412109,0.0,0
2007-10-08,7.380000114440918,7.380000114440918,0.0,7.380000114440918,7.199999809265137,7.199999809265137,0.0,800
2007-10-09,7.380000114440918,7.380000114440918,0.0,7.380000114440918,7.380000114440918,7.380000114440918,0.0,0
2007-10-10,7.199999809265137,7.199999809265137,0.0,7.199999809265137,7.199999809265137,7.199999809265137,0.0,300
2007-10-11,7.199999809265137,7.199999809265137,0.0,7.199999809265137,7.199999809265137,7.199999809265137,0.0,1600
2007-10-12,7.599999904632568,7.599999904632568,0.0,7.599999904632568,7.300000190734863,7.300000190734863,0.0,11300
2007-10-15,7.5,7.5,0.0,7.71999979019165,6.760000228881836,7.53000020980835,0.0,39500
2007-10-16,7.690000057220459,7.690000057220459,0.0,8.0,7.639999866485596,7.71999979019165,0.0,4400
2007-10-17,7.739999771118164,7.739999771118164,0.0,7.989999771118164,7.510000228881836,7.989999771118164,0.0,5800
2007-10-18,7.46999979019165,7.46999979019165,0.0,8.0,7.25,7.25,0.0,8500
2007-10-19,7.860000133514404,7.860000133514404,0.0,7.920000076293945,7.559999942779541,7.559999942779541,0.0,2300
2007-10-22,7.769999980926514,7.769999980926514,0.0,7.769999980926514,7.699999809265137,7.699999809265137,0.0,1000
2007-10-23,8.859999656677246,8.859999656677246,0.0,8.970000267028809,7.900000095367432,7.900000095367432,0.0,7600
2007-10-24,8.720000267028809,8.720000267028809,0.0,8.989999771118164,8.630000114440918,8.989999771118164,0.0,1600
2007-10-25,8.789999961853027,8.789999961853027,0.0,8.920000076293945,8.5,8.5,0.0,3100
2007-10-26,8.699999809265137,8.699999809265137,0.0,8.699999809265137,8.350000381469727,8.350000381469727,0.0,800
2007-10-29,8.699999809265137,8.699999809265137,0.0,8.699999809265137,8.300000190734863,8.600000381469727,0.0,3000
2007-10-30,8.600000381469727,8.600000381469727,0.0,8.710000038146973,8.600000381469727,8.600000381469727,0.0,8400
2007-10-31,8.800000190734863,8.800000190734863,0.0,8.800000190734863,8.600000381469727,8.630000114440918,0.0,1300
2007-11-01,8.600000381469727,8.600000381469727,0.0,8.600000381469727,8.600000381469727,8.600000381469727,0.0,3200
2007-11-02,8.300000190734863,8.300000190734863,0.0,8.649999618530273,8.300000190734863,8.649999618530273,0.0,300
2007-11-05,8.649999618530273,8.649999618530273,0.0,8.779999732971191,8.649999618530273,8.779999732971191,0.0,2500
2007-11-06,8.600000381469727,8.600000381469727,0.0,8.800000190734863,8.600000381469727,8.770000457763672,0.0,109100
2007-11-07,8.210000038146973,8.210000038146973,0.0,8.25,8.119999885559082,8.149999618530273,0.0,133300
2007-11-08,8.199999809265137,8.199999809265137,0.0,8.640000343322754,8.170000076293945,8.170000076293945,0.0,2800
2007-11-09,8.199999809265137,8.199999809265137,0.0,8.199999809265137,7.900000095367432,8.010000228881836,0.0,3000
2007-11-12,8.430000305175781,8.430000305175781,0.0,8.579999923706055,8.40999984741211,8.579999923706055,0.0,1100
2007-11-13,8.350000381469727,8.350000381469727,0.0,8.350000381469727,8.25,8.25,0.0,1800
2007-11-14,8.380000114440918,8.380000114440918,0.0,8.380000114440918,8.270000457763672,8.289999961853027,0.0,1400
2007-11-15,8.539999961853027,8.539999961853027,0.0,8.539999961853027,8.25,8.390000343322754,0.0,4200
2007-11-16,8.470000267028809,8.470000267028809,0.0,8.5,8.470000267028809,8.5,0.0,300
2007-11-19,8.550000190734863,8.550000190734863,0.0,8.5600004196167,8.539999961853027,8.5600004196167,0.0,1600
2007-11-20,8.260000228881836,8.260000228881836,0.0,8.460000038146973,8.25,8.449999809265137,0.0,1500
2007-11-21,8.25,8.25,0.0,8.350000381469727,8.25,8.25,0.0,2100
2007-11-23,8.300000190734863,8.300000190734863,0.0,8.300000190734863,8.300000190734863,8.300000190734863,0.0,2300
2007-11-26,8.300000190734863,8.300000190734863,0.0,8.510000228881836,8.25,8.25,0.0,3700
2007-11-27,8.5,8.5,0.0,8.529999732971191,8.380000114440918,8.380000114440918,0.0,1800
2007-11-28,8.550000190734863,8.550000190734863,0.0,8.550000190734863,8.3100004196167,8.359999656677246,0.0,2300
2007-11-29,8.350000381469727,8.350000381469727,0.0,8.539999961853027,8.300000190734863,8.489999771118164,0.0,6600
2007-11-30,8.640000343322754,8.640000343322754,0.0,8.6899995803833,8.289999961853027,8.359999656677246,0.0,7400
2007-12-03,8.789999961853027,8.789999961853027,0.0,8.880000114440918,8.640000343322754,8.880000114440918,0.0,9800
2007-12-04,8.770000457763672,8.770000457763672,0.0,8.880000114440918,8.350000381469727,8.800000190734863,0.0,3500
2007-12-05,8.720000267028809,8.720000267028809,0.0,8.720000267028809,8.430000305175781,8.430000305175781,0.0,2400
2007-12-06,8.850000381469727,8.850000381469727,0.0,8.850000381469727,8.430000305175781,8.649999618530273,0.0,5700
2007-12-07,9.0,9.0,0.0,9.0,8.75,8.75,0.0,7400
2007-12-10,9.239999771118164,9.239999771118164,0.0,9.390000343322754,9.100000381469727,9.100000381469727,0.0,2600
2007-12-11,9.029999732971191,9.029999732971191,0.0,9.239999771118164,8.899999618530273,9.109999656677246,0.0,3600
2007-12-12,9.140000343322754,9.140000343322754,0.0,9.140000343322754,8.90999984741211,9.100000381469727,0.0,1300
2007-12-13,8.949999809265137,8.949999809265137,0.0,9.149999618530273,8.819999694824219,8.819999694824219,0.0,3300
2007-12-14,9.149999618530273,9.149999618530273,0.0,9.149999618530273,8.899999618530273,9.100000381469727,0.0,1600
2007-12-17,9.109999656677246,9.109999656677246,0.0,9.149999618530273,8.890000343322754,9.149999618530273,0.0,1900
2007-12-18,8.819999694824219,8.819999694824219,0.0,9.149999618530273,8.819999694824219,9.09000015258789,0.0,2000
2007-12-19,8.819999694824219,8.819999694824219,0.0,9.199999809265137,8.819999694824219,9.119999885559082,0.0,2000
2007-12-20,8.899999618530273,8.899999618530273,0.0,9.069999694824219,8.8100004196167,9.069999694824219,0.0,4100
2007-12-21,9.0600004196167,9.0600004196167,0.0,9.170000076293945,8.5,9.130000114440918,0.0,4200
2007-12-24,9.0600004196167,9.0600004196167,0.0,9.0600004196167,9.0600004196167,9.0600004196167,0.0,0
2007-12-26,8.75,8.75,0.0,9.069999694824219,8.65999984741211,9.069999694824219,0.0,1400
2007-12-27,8.859999656677246,8.859999656677246,0.0,9.0,8.699999809265137,8.699999809265137,0.0,2900
2007-12-28,8.8100004196167,8.8100004196167,0.0,8.970000267028809,8.710000038146973,8.970000267028809,0.0,3100
2007-12-31,8.670000076293945,8.670000076293945,0.0,8.670000076293945,8.5,8.59000015258789,0.0,6400
2008-01-02,8.739999771118164,8.739999771118164,0.0,8.739999771118164,8.489999771118164,8.489999771118164,0.0,2000
2008-01-03,8.5,8.5,0.0,8.8100004196167,8.449999809265137,8.600000381469727,0.0,3800
2008-01-04,8.380000114440918,8.380000114440918,0.0,8.539999961853027,8.380000114440918,8.479999542236328,0.0,2100
2008-01-07,8.619999885559082,8.619999885559082,0.0,8.850000381469727,8.399999618530273,8.399999618530273,0.0,2700
2008-01-08,8.489999771118164,8.489999771118164,0.0,8.600000381469727,8.260000228881836,8.600000381469727,0.0,2400
2008-01-09,8.350000381469727,8.350000381469727,0.0,8.6899995803833,8.350000381469727,8.680000305175781,0.0,4600
2008-01-10,8.3100004196167,8.3100004196167,0.0,8.59000015258789,8.279999732971191,8.59000015258789,0.0,2500
2008-01-11,8.449999809265137,8.449999809265137,0.0,8.479999542236328,8.319999694824219,8.449999809265137,0.0,1900
2008-01-14,7.579999923706055,7.579999923706055,0.0,8.270000457763672,7.579999923706055,8.270000457763672,0.0,5800
2008-01-15,7.599999904632568,7.599999904632568,0.0,7.75,7.599999904632568,7.659999847412109,0.0,3100
2008-01-16,7.889999866485596,7.889999866485596,0.0,7.889999866485596,7.599999904632568,7.599999904632568,0.0,5400
2008-01-17,7.920000076293945,7.920000076293945,0.0,7.920000076293945,7.800000190734863,7.829999923706055,0.0,7600
2008-01-18,8.149999618530273,8.149999618530273,0.0,8.149999618530273,7.769999980926514,8.0,0.0,1000
2008-01-22,7.869999885559082,7.869999885559082,0.0,8.050000190734863,7.75,7.78000020980835,0.0,4400
2008-01-23,7.599999904632568,7.599999904632568,0.0,7.900000095367432,7.599999904632568,7.869999885559082,0.0,2500
2008-01-24,7.5,7.5,0.0,7.980000019073486,7.5,7.619999885559082,0.0,2200
2008-01-25,7.489999771118164,7.489999771118164,0.0,7.590000152587891,7.429999828338623,7.510000228881836,0.0,4800
2008-01-28,7.489999771118164,7.489999771118164,0.0,7.489999771118164,7.489999771118164,7.489999771118164,0.0,0
2008-01-29,7.349999904632568,7.349999904632568,0.0,7.420000076293945,7.349999904632568,7.360000133514404,0.0,2500
2008-01-30,7.110000133514404,7.110000133514404,0.0,7.699999809265137,7.110000133514404,7.349999904632568,0.0,12000
2008-01-31,7.440000057220459,7.440000057220459,0.0,7.440000057220459,7.119999885559082,7.119999885559082,0.0,900
2008-02-01,7.440000057220459,7.440000057220459,0.0,7.440000057220459,7.440000057220459,7.440000057220459,0.0,0
2008-02-04,7.300000190734863,7.300000190734863,0.0,7.639999866485596,7.150000095367432,7.590000152587891,0.0,22200
2008-02-05,7.300000190734863,7.300000190734863,0.0,7.440000057220459,7.300000190734863,7.300000190734863,0.0,5200
2008-02-06,7.349999904632568,7.349999904632568,0.0,7.349999904632568,7.349999904632568,7.349999904632568,0.0,200
2008-02-07,7.369999885559082,7.369999885559082,0.0,7.380000114440918,7.179999828338623,7.199999809265137,0.0,4300
2008-02-08,7.400000095367432,7.400000095367432,0.0,7.400000095367432,7.21999979019165,7.21999979019165,0.0,1800
2008-02-11,7.150000095367432,7.150000095367432,0.0,7.389999866485596,7.150000095367432,7.320000171661377,0.0,2100
2008-02-12,6.269999980926514,6.269999980926514,0.0,7.110000133514404,5.960000038146973,6.889999866485596,0.0,8500
2008-02-13,5.900000095367432,5.900000095367432,0.0,6.460000038146973,5.900000095367432,6.460000038146973,0.0,5100
2008-02-14,5.909999847412109,5.909999847412109,0.0,5.989999771118164,5.900000095367432,5.900000095367432,0.0,3600
2008-02-15,6.039999961853027,6.039999961853027,0.0,6.179999828338623,5.949999809265137,5.949999809265137,0.0,2800
2008-02-19,6.039999961853027,6.039999961853027,0.0,6.099999904632568,6.0,6.099999904632568,0.0,2100
2008-02-20,6.010000228881836,6.010000228881836,0.0,6.190000057220459,6.010000228881836,6.059999942779541,0.0,1100
2008-02-21,5.960000038146973,5.960000038146973,0.0,6.150000095367432,5.900000095367432,5.940000057220459,0.0,12400
2008-02-22,5.980000019073486,5.980000019073486,0.0,5.989999771118164,5.929999828338623,5.980000019073486,0.0,10100
2008-02-25,5.949999809265137,5.949999809265137,0.0,6.070000171661377,5.949999809265137,5.949999809265137,0.0,6400
2008-02-26,5.920000076293945,5.920000076293945,0.0,6.170000076293945,5.889999866485596,6.010000228881836,0.0,6200
2008-02-27,5.929999828338623,5.929999828338623,0.0,5.949999809265137,5.889999866485596,5.900000095367432,0.0,12000
2008-02-28,6.0,6.0,0.0,6.0,5.949999809265137,5.949999809265137,0.0,5100
2008-02-29,6.190000057220459,6.190000057220459,0.0,6.199999809265137,6.0,6.0,0.0,13200
2008-03-03,6.0,6.0,0.0,6.0,5.949999809265137,6.0,0.0,4300
2008-03-04,6.050000190734863,6.050000190734863,0.0,6.099999904632568,5.949999809265137,6.099999904632568,0.0,1100
2008-03-05,6.0,6.0,0.0,6.090000152587891,5.949999809265137,6.090000152587891,0.0,5700
2008-03-06,5.949999809265137,5.949999809265137,0.0,6.0,5.449999809265137,5.889999866485596,0.0,5600
2008-03-07,6.0,6.0,0.0,6.090000152587891,5.929999828338623,6.090000152587891,0.0,400
2008-03-10,6.0,6.0,0.0,6.0,5.849999904632568,5.860000133514404,0.0,1800
2008-03-11,6.059999942779541,6.059999942779541,0.0,6.150000095367432,5.849999904632568,5.860000133514404,0.0,1000
2008-03-12,6.0,6.0,0.0,6.150000095367432,5.860000133514404,6.150000095367432,0.0,2200
2008-03-13,6.0,6.0,0.0,6.0,5.900000095367432,5.900000095367432,0.0,1300
2008-03-14,6.0,6.0,0.0,6.0,5.829999923706055,5.96999979019165,0.0,600
2008-03-17,5.510000228881836,5.510000228881836,0.0,5.900000095367432,5.039999961853027,5.800000190734863,0.0,11200
2008-03-18,5.730000019073486,5.730000019073486,0.0,5.989999771118164,5.260000228881836,5.260000228881836,0.0,2000
2008-03-19,5.78000020980835,5.78000020980835,0.0,5.809999942779541,5.78000020980835,5.800000190734863,0.0,2100
2008-03-20,5.71999979019165,5.71999979019165,0.0,5.820000171661377,5.71999979019165,5.820000171661377,0.0,2600
2008-03-24,5.75,5.75,0.0,6.0,5.630000114440918,5.630000114440918,0.0,800
2008-03-25,5.800000190734863,5.800000190734863,0.0,5.989999771118164,5.800000190734863,5.800000190734863,0.0,2000
2008-03-26,5.849999904632568,5.849999904632568,0.0,5.989999771118164,5.800000190734863,5.800000190734863,0.0,6400
2008-03-27,5.980000019073486,5.980000019073486,0.0,5.980000019073486,5.78000020980835,5.849999904632568,0.0,1800
2008-03-28,5.800000190734863,5.800000190734863,0.0,5.900000095367432,5.800000190734863,5.800000190734863,0.0,2900
2008-03-31,5.820000171661377,5.820000171661377,0.0,5.820000171661377,5.820000171661377,5.820000171661377,0.0,100
2008-04-01,5.940000057220459,5.940000057220459,0.0,5.940000057220459,5.820000171661377,5.820000171661377,0.0,700
2008-04-02,5.820000171661377,5.820000171661377,0.0,5.820000171661377,5.820000171661377,5.820000171661377,0.0,200
2008-04-03,5.369999885559082,5.369999885559082,0.0,5.949999809265137,5.300000190734863,5.800000190734863,0.0,9800
2008-04-04,5.349999904632568,5.349999904632568,0.0,5.349999904632568,5.349999904632568,5.349999904632568,0.0,100
2008-04-07,5.400000095367432,5.400000095367432,0.0,5.449999809265137,5.400000095367432,5.449999809265137,0.0,1500
2008-04-08,5.400000095367432,5.400000095367432,0.0,5.400000095367432,5.400000095367432,5.400000095367432,0.0,0
2008-04-09,5.5,5.5,0.0,5.5,5.300000190734863,5.400000095367432,0.0,5100
2008-04-10,5.5,5.5,0.0,5.5,5.5,5.5,0.0,0
2008-04-11,5.5,5.5,0.0,5.5,5.5,5.5,0.0,0
2008-04-14,5.400000095367432,5.400000095367432,0.0,5.409999847412109,5.400000095367432,5.409999847412109,0.0,300
2008-04-15,5.400000095367432,5.400000095367432,0.0,5.400000095367432,5.400000095367432,5.400000095367432,0.0,0
2008-04-16,5.400000095367432,5.400000095367432,0.0,5.400000095367432,5.400000095367432,5.400000095367432,0.0,0
2008-04-17,5.949999809265137,5.949999809265137,0.0,5.949999809265137,5.300000190734863,5.300000190734863,0.0,2700
2008-04-18,5.980000019073486,5.980000019073486,0.0,6.0,5.460000038146973,6.0,0.0,2100
2008-04-21,5.980000019073486,5.980000019073486,0.0,5.980000019073486,5.980000019073486,5.980000019073486,0.0,0
2008-04-22,5.980000019073486,5.980000019073486,0.0,5.980000019073486,5.980000019073486,5.980000019073486,0.0,0
2008-04-23,5.389999866485596,5.389999866485596,0.0,5.699999809265137,5.389999866485596,5.400000095367432,0.0,3900
2008-04-24,5.519999980926514,5.519999980926514,0.0,5.730000019073486,5.400000095367432,5.429999828338623,0.0,1000
2008-04-25,5.590000152587891,5.590000152587891,0.0,5.590000152587891,5.369999885559082,5.400000095367432,0.0,2300
2008-04-28,5.400000095367432,5.400000095367432,0.0,5.449999809265137,5.400000095367432,5.449999809265137,0.0,300
2008-04-29,5.400000095367432,5.400000095367432,0.0,5.550000190734863,5.400000095367432,5.550000190734863,0.0,1100
2008-04-30,5.400000095367432,5.400000095367432,0.0,5.400000095367432,5.400000095367432,5.400000095367432,0.0,0
2008-05-01,5.400000095367432,5.400000095367432,0.0,5.400000095367432,5.400000095367432,5.400000095367432,0.0,0
2008-05-02,5.400000095367432,5.400000095367432,0.0,5.400000095367432,5.400000095367432,5.400000095367432,0.0,300
2008-05-05,5.369999885559082,5.369999885559082,0.0,5.449999809265137,5.349999904632568,5.349999904632568,0.0,1500
2008-05-06,5.599999904632568,5.599999904632568,0.0,5.599999904632568,5.400000095367432,5.400000095367432,0.0,1400
2008-05-07,5.400000095367432,5.400000095367432,0.0,5.400000095367432,5.400000095367432,5.400000095367432,0.0,400
2008-05-08,5.400000095367432,5.400000095367432,0.0,5.400000095367432,5.400000095367432,5.400000095367432,0.0,100
2008-05-09,5.400000095367432,5.400000095367432,0.0,5.400000095367432,5.400000095367432,5.400000095367432,0.0,0
2008-05-12,5.400000095367432,5.400000095367432,0.0,5.400000095367432,5.400000095367432,5.400000095367432,0.0,0
2008-05-13,5.199999809265137,5.199999809265137,0.0,5.25,5.019999980926514,5.019999980926514,0.0,1900
2008-05-14,5.25,5.25,0.0,5.25,5.25,5.25,0.0,1000
2008-05-15,5.110000133514404,5.110000133514404,0.0,5.199999809265137,5.110000133514404,5.199999809265137,0.0,2200
2008-05-16,5.199999809265137,5.199999809265137,0.0,5.440000057220459,5.199999809265137,5.199999809265137,0.0,1100
2008-05-19,5.260000228881836,5.260000228881836,0.0,5.369999885559082,5.260000228881836,5.340000152587891,0.0,1400
2008-05-20,5.25,5.25,0.0,5.349999904632568,5.25,5.349999904632568,0.0,2900
2008-05-21,4.900000095367432,4.900000095367432,0.0,5.300000190734863,4.829999923706055,5.300000190734863,0.0,8100
2008-05-22,4.699999809265137,4.699999809265137,0.0,5.0,4.409999847412109,4.900000095367432,0.0,6000
2008-05-23,4.699999809265137,4.699999809265137,0.0,4.699999809265137,4.699999809265137,4.699999809265137,0.0,0
2008-05-27,4.699999809265137,4.699999809265137,0.0,4.699999809265137,4.670000076293945,4.670000076293945,0.0,1500
2008-05-28,4.300000190734863,4.300000190734863,0.0,4.699999809265137,4.25,4.53000020980835,0.0,3400
2008-05-29,4.300000190734863,4.300000190734863,0.0,4.5,4.25,4.25,0.0,12300
2008-05-30,4.5,4.5,0.0,4.5,4.349999904632568,4.349999904632568,0.0,6400
2008-06-02,4.599999904632568,4.599999904632568,0.0,4.599999904632568,4.599999904632568,4.599999904632568,0.0,1000
2008-06-03,4.599999904632568,4.599999904632568,0.0,4.599999904632568,4.599999904632568,4.599999904632568,0.0,1000
2008-06-04,4.599999904632568,4.599999904632568,0.0,4.75,4.599999904632568,4.75,0.0,2100
2008-06-05,4.599999904632568,4.599999904632568,0.0,4.599999904632568,4.599999904632568,4.599999904632568,0.0,200
2008-06-06,4.599999904632568,4.599999904632568,0.0,4.880000114440918,4.590000152587891,4.590000152587891,0.0,700
2008-06-09,4.599999904632568,4.599999904632568,0.0,4.610000133514404,4.5,4.5,0.0,2500
2008-06-10,5.829999923706055,5.829999923706055,0.0,5.829999923706055,4.789999961853027,4.789999961853027,0.0,8500
2008-06-11,5.800000190734863,5.800000190734863,0.0,5.960000038146973,5.739999771118164,5.960000038146973,0.0,4300
2008-06-12,5.800000190734863,5.800000190734863,0.0,5.800000190734863,5.800000190734863,5.800000190734863,0.0,0
2008-06-13,5.380000114440918,5.380000114440918,0.0,5.840000152587891,4.769999980926514,5.590000152587891,0.0,3200
2008-06-16,5.380000114440918,5.380000114440918,0.0,5.380000114440918,5.380000114440918,5.380000114440918,0.0,0
2008-06-17,5.380000114440918,5.380000114440918,0.0,5.380000114440918,5.380000114440918,5.380000114440918,0.0,0
2008-06-18,5.380000114440918,5.380000114440918,0.0,5.380000114440918,5.380000114440918,5.380000114440918,0.0,0
2008-06-19,5.300000190734863,5.300000190734863,0.0,5.300000190734863,5.289999961853027,5.289999961853027,0.0,700
2008-06-20,5.300000190734863,5.300000190734863,0.0,5.300000190734863,5.300000190734863,5.300000190734863,0.0,0
2008-06-23,5.300000190734863,5.300000190734863,0.0,5.300000190734863,5.300000190734863,5.300000190734863,0.0,0
2008-06-24,5.119999885559082,5.119999885559082,0.0,5.119999885559082,5.110000133514404,5.110000133514404,0.0,500
2008-06-25,5.099999904632568,5.099999904632568,0.0,5.110000133514404,5.099999904632568,5.099999904632568,0.0,1500
2008-06-26,5.050000190734863,5.050000190734863,0.0,5.050000190734863,5.0,5.010000228881836,0.0,900
2008-06-27,5.690000057220459,5.690000057220459,0.0,5.75,5.139999866485596,5.139999866485596,0.0,600
2008-06-30,5.099999904632568,5.099999904632568,0.0,5.150000095367432,5.099999904632568,5.099999904632568,0.0,600
2008-07-01,5.099999904632568,5.099999904632568,0.0,5.099999904632568,5.099999904632568,5.099999904632568,0.0,0
2008-07-02,5.099999904632568,5.099999904632568,0.0,5.099999904632568,5.099999904632568,5.099999904632568,0.0,0
2008-07-03,5.099999904632568,5.099999904632568,0.0,5.099999904632568,5.099999904632568,5.099999904632568,0.0,0
2008-07-07,5.25,5.25,0.0,5.25,5.150000095367432,5.150000095367432,0.0,1000
2008-07-08,5.25,5.25,0.0,5.25,5.25,5.25,0.0,0
2008-07-09,5.25,5.25,0.0,5.25,5.25,5.25,0.0,0
2008-07-10,5.300000190734863,5.300000190734863,0.0,5.300000190734863,5.300000190734863,5.300000190734863,0.0,700
2008-07-11,5.300000190734863,5.300000190734863,0.0,5.300000190734863,5.300000190734863,5.300000190734863,0.0,700
2008-07-14,5.400000095367432,5.400000095367432,0.0,5.400000095367432,5.400000095367432,5.400000095367432,0.0,200
2008-07-15,5.599999904632568,5.599999904632568,0.0,5.699999809265137,5.599999904632568,5.699999809265137,0.0,200
2008-07-16,5.599999904632568,5.599999904632568,0.0,5.599999904632568,5.599999904632568,5.599999904632568,0.0,0
2008-07-17,5.599999904632568,5.599999904632568,0.0,5.599999904632568,5.599999904632568,5.599999904632568,0.0,0
2008-07-18,5.5,5.5,0.0,5.5,5.300000190734863,5.300000190734863,0.0,1300
2008-07-21,5.5,5.5,0.0,5.5,5.5,5.5,0.0,0
2008-07-22,5.300000190734863,5.300000190734863,0.0,5.329999923706055,5.289999961853027,5.300000190734863,0.0,900
2008-07-23,5.289999961853027,5.289999961853027,0.0,5.289999961853027,5.289999961853027,5.289999961853027,0.0,200
2008-07-24,5.289999961853027,5.289999961853027,0.0,5.289999961853027,5.289999961853027,5.289999961853027,0.0,1000
2008-07-25,5.28000020980835,5.28000020980835,0.0,5.289999961853027,5.28000020980835,5.289999961853027,0.0,500
2008-07-28,5.28000020980835,5.28000020980835,0.0,5.28000020980835,5.28000020980835,5.28000020980835,0.0,0
2008-07-29,5.28000020980835,5.28000020980835,0.0,5.28000020980835,5.28000020980835,5.28000020980835,0.0,2900
2008-07-30,5.28000020980835,5.28000020980835,0.0,5.28000020980835,5.28000020980835,5.28000020980835,0.0,0
2008-07-31,5.269999980926514,5.269999980926514,0.0,5.449999809265137,5.269999980926514,5.28000020980835,0.0,500
2008-08-01,5.269999980926514,5.269999980926514,0.0,5.269999980926514,5.269999980926514,5.269999980926514,0.0,600
2008-08-04,5.260000228881836,5.260000228881836,0.0,5.269999980926514,5.260000228881836,5.269999980926514,0.0,500
2008-08-05,5.260000228881836,5.260000228881836,0.0,5.300000190734863,5.260000228881836,5.300000190734863,0.0,300
2008-08-06,5.25,5.25,0.0,5.269999980926514,5.25,5.260000228881836,0.0,1000
2008-08-07,5.090000152587891,5.090000152587891,0.0,5.25,5.090000152587891,5.25,0.0,4200
2008-08-08,4.559999942779541,4.559999942779541,0.0,5.090000152587891,4.349999904632568,5.090000152587891,0.0,5000
2008-08-11,4.889999866485596,4.889999866485596,0.0,4.920000076293945,4.75,4.920000076293945,0.0,1300
2008-08-12,4.639999866485596,4.639999866485596,0.0,4.75,4.510000228881836,4.75,0.0,2500
2008-08-13,4.650000095367432,4.650000095367432,0.0,4.679999828338623,4.650000095367432,4.650000095367432,0.0,4000
2008-08-14,4.599999904632568,4.599999904632568,0.0,4.650000095367432,4.599999904632568,4.650000095367432,0.0,2900
2008-08-15,4.929999828338623,4.929999828338623,0.0,4.929999828338623,4.650000095367432,4.679999828338623,0.0,1000
2008-08-18,4.909999847412109,4.909999847412109,0.0,4.920000076293945,4.829999923706055,4.920000076293945,0.0,2700
2008-08-19,4.849999904632568,4.849999904632568,0.0,4.909999847412109,4.679999828338623,4.690000057220459,0.0,2100
2008-08-20,4.840000152587891,4.840000152587891,0.0,4.840000152587891,4.840000152587891,4.840000152587891,0.0,100
2008-08-21,4.849999904632568,4.849999904632568,0.0,4.849999904632568,4.849999904632568,4.849999904632568,0.0,100
2008-08-22,4.860000133514404,4.860000133514404,0.0,4.860000133514404,4.860000133514404,4.860000133514404,0.0,100
2008-08-25,4.860000133514404,4.860000133514404,0.0,4.889999866485596,4.650000095367432,4.650000095367432,0.0,3800
2008-08-26,4.869999885559082,4.869999885559082,0.0,4.869999885559082,4.869999885559082,4.869999885559082,0.0,100
2008-08-27,4.880000114440918,4.880000114440918,0.0,4.880000114440918,4.880000114440918,4.880000114440918,0.0,100
2008-08-28,4.900000095367432,4.900000095367432,0.0,4.900000095367432,4.900000095367432,4.900000095367432,0.0,100
2008-08-29,4.860000133514404,4.860000133514404,0.0,4.860000133514404,4.860000133514404,4.860000133514404,0.0,100
2008-09-02,4.920000076293945,4.920000076293945,0.0,4.920000076293945,4.699999809265137,4.699999809265137,0.0,1000
2008-09-03,4.900000095367432,4.900000095367432,0.0,4.900000095367432,4.900000095367432,4.900000095367432,0.0,10500
2008-09-04,5.090000152587891,5.090000152587891,0.0,5.090000152587891,4.650000095367432,4.650000095367432,0.0,400
2008-09-05,5.090000152587891,5.090000152587891,0.0,5.090000152587891,5.090000152587891,5.090000152587891,0.0,0
2008-09-08,5.090000152587891,5.090000152587891,0.0,5.090000152587891,5.090000152587891,5.090000152587891,0.0,0
2008-09-09,4.539999961853027,4.539999961853027,0.0,4.650000095367432,4.539999961853027,4.650000095367432,0.0,1000
2008-09-10,4.599999904632568,4.599999904632568,0.0,4.599999904632568,4.599999904632568,4.599999904632568,0.0,200
2008-09-11,4.599999904632568,4.599999904632568,0.0,4.599999904632568,4.599999904632568,4.599999904632568,0.0,0
2008-09-12,4.599999904632568,4.599999904632568,0.0,4.639999866485596,4.599999904632568,4.639999866485596,0.0,1100
2008-09-15,4.599999904632568,4.599999904632568,0.0,4.599999904632568,4.599999904632568,4.599999904632568,0.0,0
2008-09-16,4.599999904632568,4.599999904632568,0.0,4.599999904632568,4.599999904632568,4.599999904632568,0.0,0
2008-09-17,4.599999904632568,4.599999904632568,0.0,4.599999904632568,4.599999904632568,4.599999904632568,0.0,500
2008-09-18,4.599999904632568,4.599999904632568,0.0,4.599999904632568,4.599999904632568,4.599999904632568,0.0,800
2008-09-19,4.599999904632568,4.599999904632568,0.0,4.599999904632568,4.599999904632568,4.599999904632568,0.0,1400
2008-09-22,4.599999904632568,4.599999904632568,0.0,4.599999904632568,4.599999904632568,4.599999904632568,0.0,0
2008-09-23,5.090000152587891,5.090000152587891,0.0,5.090000152587891,5.090000152587891,5.090000152587891,0.0,200
2008-09-24,4.900000095367432,4.900000095367432,0.0,5.099999904632568,4.900000095367432,5.090000152587891,0.0,1400
2008-09-25,4.900000095367432,4.900000095367432,0.0,4.900000095367432,4.900000095367432,4.900000095367432,0.0,0
2008-09-26,4.349999904632568,4.349999904632568,0.0,4.349999904632568,4.349999904632568,4.349999904632568,0.0,200
2008-09-29,4.599999904632568,4.599999904632568,0.0,4.75,4.599999904632568,4.75,0.0,1100
2008-09-30,4.599999904632568,4.599999904632568,0.0,4.599999904632568,4.599999904632568,4.599999904632568,0.0,0
2008-10-01,4.599999904632568,4.599999904632568,0.0,4.599999904632568,4.599999904632568,4.599999904632568,0.0,0
2008-10-02,4.789999961853027,4.789999961853027,0.0,5.099999904632568,4.369999885559082,4.369999885559082,0.0,1200
2008-10-03,4.789999961853027,4.789999961853027,0.0,4.789999961853027,4.789999961853027,4.789999961853027,0.0,0
2008-10-06,4.599999904632568,4.599999904632568,0.0,4.639999866485596,4.599999904632568,4.639999866485596,0.0,1300
2008-10-07,4.340000152587891,4.340000152587891,0.0,4.340000152587891,4.340000152587891,4.340000152587891,0.0,100
2008-10-08,4.340000152587891,4.340000152587891,0.0,4.340000152587891,4.340000152587891,4.340000152587891,0.0,0
2008-10-09,4.25,4.25,0.0,4.400000095367432,4.25,4.400000095367432,0.0,3200
2008-10-10,4.0,4.0,0.0,4.199999809265137,3.700000047683716,4.199999809265137,0.0,7800
2008-10-13,4.019999980926514,4.019999980926514,0.0,4.889999866485596,3.869999885559082,3.869999885559082,0.0,2000
2008-10-14,3.940000057220459,3.940000057220459,0.0,5.130000114440918,3.0799999237060547,5.130000114440918,0.0,5300
2008-10-15,3.890000104904175,3.890000104904175,0.0,3.890000104904175,3.890000104904175,3.890000104904175,0.0,100
2008-10-16,3.890000104904175,3.890000104904175,0.0,3.890000104904175,3.890000104904175,3.890000104904175,0.0,0
2008-10-17,4.119999885559082,4.119999885559082,0.0,4.170000076293945,3.9800000190734863,3.9800000190734863,0.0,600
2008-10-20,4.230000019073486,4.230000019073486,0.0,4.230000019073486,4.199999809265137,4.199999809265137,0.0,1200
2008-10-21,4.199999809265137,4.199999809265137,0.0,4.199999809265137,4.199999809265137,4.199999809265137,0.0,1000
2008-10-22,3.9000000953674316,3.9000000953674316,0.0,4.0,3.9000000953674316,3.9700000286102295,0.0,5700
2008-10-23,3.9000000953674316,3.9000000953674316,0.0,3.9000000953674316,3.9000000953674316,3.9000000953674316,0.0,0
2008-10-24,4.019999980926514,4.019999980926514,0.0,4.019999980926514,3.5,3.5,0.0,600
2008-10-27,3.75,3.75,0.0,3.75,3.75,3.75,0.0,1000
2008-10-28,3.75,3.75,0.0,3.75,3.75,3.75,0.0,1300
2008-10-29,3.5,3.5,0.0,3.5,3.5,3.5,0.0,500
2008-10-30,3.8499999046325684,3.8499999046325684,0.0,3.9000000953674316,3.8499999046325684,3.8499999046325684,0.0,700
2008-10-31,3.9000000953674316,3.9000000953674316,0.0,3.9000000953674316,3.9000000953674316,3.9000000953674316,0.0,1000
2008-11-03,3.799999952316284,3.799999952316284,0.0,3.799999952316284,3.799999952316284,3.799999952316284,0.0,600
2008-11-04,3.799999952316284,3.799999952316284,0.0,3.799999952316284,3.75,3.75,0.0,1200
2008-11-05,3.799999952316284,3.799999952316284,0.0,3.950000047683716,3.799999952316284,3.950000047683716,0.0,400
2008-11-06,3.75,3.75,0.0,3.799999952316284,3.75,3.799999952316284,0.0,1500
2008-11-07,3.5299999713897705,3.5299999713897705,0.0,3.75,3.3299999237060547,3.75,0.0,5100
2008-11-10,3.5999999046325684,3.5999999046325684,0.0,3.5999999046325684,3.5999999046325684,3.5999999046325684,0.0,2600
2008-11-11,3.299999952316284,3.299999952316284,0.0,3.5,3.299999952316284,3.5,0.0,8000
2008-11-12,3.299999952316284,3.299999952316284,0.0,3.5,3.299999952316284,3.5,0.0,1300
2008-11-13,3.5,3.5,0.0,3.5,3.5,3.5,0.0,2300
2008-11-14,3.5999999046325684,3.5999999046325684,0.0,3.700000047683716,3.5999999046325684,3.700000047683716,0.0,2000
2008-11-17,2.8399999141693115,2.8399999141693115,0.0,3.25,2.799999952316284,3.25,0.0,4100
2008-11-18,3.0,3.0,0.0,3.0,2.799999952316284,2.799999952316284,0.0,1000
2008-11-19,2.4700000286102295,2.4700000286102295,0.0,2.75,2.4700000286102295,2.75,0.0,1300
2008-11-20,3.4000000953674316,3.4000000953674316,0.0,3.9800000190734863,2.8399999141693115,3.930000066757202,0.0,1500
2008-11-21,2.5,2.5,0.0,2.640000104904175,2.3299999237060547,2.3299999237060547,0.0,6800
2008-11-24,2.3499999046325684,2.3499999046325684,0.0,3.4600000381469727,2.2200000286102295,2.4100000858306885,0.0,5800
2008-11-25,3.5,3.5,0.0,4.239999771118164,3.4200000762939453,4.239999771118164,0.0,4300
2008-11-26,3.5299999713897705,3.5299999713897705,0.0,3.819999933242798,3.5299999713897705,3.819999933242798,0.0,400
2008-11-28,3.5299999713897705,3.5299999713897705,0.0,3.5299999713897705,3.5299999713897705,3.5299999713897705,0.0,0
2008-12-01,3.5299999713897705,3.5299999713897705,0.0,3.5299999713897705,3.5299999713897705,3.5299999713897705,0.0,0
2008-12-02,3.4100000858306885,3.4100000858306885,0.0,3.4100000858306885,2.7899999618530273,2.7899999618530273,0.0,800
2008-12-03,2.869999885559082,2.869999885559082,0.0,3.450000047683716,2.809999942779541,2.809999942779541,0.0,1000
2008-12-04,2.8299999237060547,2.8299999237060547,0.0,2.8299999237060547,2.8299999237060547,2.8299999237060547,0.0,200
2008-12-05,2.8299999237060547,2.8299999237060547,0.0,2.8299999237060547,2.8299999237060547,2.8299999237060547,0.0,0
2008-12-08,2.9100000858306885,2.9100000858306885,0.0,2.940000057220459,2.9100000858306885,2.930000066757202,0.0,400
2008-12-09,2.809999942779541,2.809999942779541,0.0,2.809999942779541,2.7699999809265137,2.7699999809265137,0.0,1600
2008-12-10,2.809999942779541,2.809999942779541,0.0,2.809999942779541,2.809999942779541,2.809999942779541,0.0,0
2008-12-11,2.7100000381469727,2.7100000381469727,0.0,2.7100000381469727,2.5199999809265137,2.5199999809265137,0.0,600
2008-12-12,2.5199999809265137,2.5199999809265137,0.0,2.7300000190734863,2.5,2.6700000762939453,0.0,5000
2008-12-15,2.2100000381469727,2.2100000381469727,0.0,2.299999952316284,2.2100000381469727,2.299999952316284,0.0,1500
2008-12-16,2.7799999713897705,2.7799999713897705,0.0,2.7799999713897705,2.7799999713897705,2.7799999713897705,0.0,100
2008-12-17,2.690000057220459,2.690000057220459,0.0,2.690000057220459,2.450000047683716,2.6500000953674316,0.0,500
2008-12-18,2.299999952316284,2.299999952316284,0.0,2.299999952316284,2.299999952316284,2.299999952316284,0.0,200
2008-12-19,2.009999990463257,2.009999990463257,0.0,2.0399999618530273,2.009999990463257,2.0399999618530273,0.0,8000
2008-12-22,2.049999952316284,2.049999952316284,0.0,2.049999952316284,2.0299999713897705,2.0299999713897705,0.0,2600
2008-12-23,2.049999952316284,2.049999952316284,0.0,2.059999942779541,2.009999990463257,2.009999990463257,0.0,3300
2008-12-24,2.0399999618530273,2.0399999618530273,0.0,2.6500000953674316,2.0399999618530273,2.0899999141693115,0.0,700
2008-12-26,2.0999999046325684,2.0999999046325684,0.0,2.0999999046325684,2.0399999618530273,2.0399999618530273,0.0,500
2008-12-29,1.75,1.75,0.0,2.0399999618530273,1.75,2.0399999618530273,0.0,6600
2008-12-30,1.350000023841858,1.350000023841858,0.0,1.600000023841858,1.0,1.600000023841858,0.0,112300
2008-12-31,1.3700000047683716,1.3700000047683716,0.0,1.3899999856948853,1.25,1.2799999713897705,0.0,7400
2009-01-02,1.3700000047683716,1.3700000047683716,0.0,1.3899999856948853,1.2999999523162842,1.3700000047683716,0.0,6700
2009-01-05,1.340000033378601,1.340000033378601,0.0,1.3899999856948853,1.25,1.3700000047683716,0.0,7900
2009-01-06,1.350000023841858,1.350000023841858,0.0,1.3799999952316284,1.2999999523162842,1.2999999523162842,0.0,6700
2009-01-07,1.3200000524520874,1.3200000524520874,0.0,1.350000023841858,1.2899999618530273,1.2899999618530273,0.0,5000
2009-01-08,1.25,1.25,0.0,1.3200000524520874,1.25,1.3200000524520874,0.0,14500
2009-01-09,1.2999999523162842,1.2999999523162842,0.0,1.2999999523162842,1.25,1.25,0.0,1600
2009-01-12,1.399999976158142,1.399999976158142,0.0,1.399999976158142,1.350000023841858,1.350000023841858,0.0,7100
2009-01-13,1.399999976158142,1.399999976158142,0.0,1.399999976158142,1.3300000429153442,1.399999976158142,0.0,6600
2009-01-14,1.5499999523162842,1.5499999523162842,0.0,1.5499999523162842,1.5499999523162842,1.5499999523162842,0.0,1100
2009-01-15,1.5499999523162842,1.5499999523162842,0.0,1.5499999523162842,1.2000000476837158,1.399999976158142,0.0,1300
2009-01-16,1.5,1.5,0.0,1.5,1.5,1.5,0.0,500
2009-01-20,1.590000033378601,1.590000033378601,0.0,1.590000033378601,1.399999976158142,1.5,0.0,2700
2009-01-21,1.590000033378601,1.590000033378601,0.0,1.590000033378601,1.590000033378601,1.590000033378601,0.0,0
2009-01-22,1.399999976158142,1.399999976158142,0.0,1.5800000429153442,1.399999976158142,1.5399999618530273,0.0,4100
2009-01-23,1.399999976158142,1.399999976158142,0.0,1.399999976158142,1.399999976158142,1.399999976158142,0.0,500
2009-01-26,1.399999976158142,1.399999976158142,0.0,1.399999976158142,1.399999976158142,1.399999976158142,0.0,900
2009-01-27,1.399999976158142,1.399999976158142,0.0,1.399999976158142,1.399999976158142,1.399999976158142,0.0,0
2009-01-28,1.399999976158142,1.399999976158142,0.0,1.399999976158142,1.399999976158142,1.399999976158142,0.0,0
2009-01-29,1.399999976158142,1.399999976158142,0.0,1.4299999475479126,1.399999976158142,1.399999976158142,0.0,20800
2009-01-30,1.399999976158142,1.399999976158142,0.0,1.399999976158142,1.399999976158142,1.399999976158142,0.0,0
2009-02-02,1.2000000476837158,1.2000000476837158,0.0,1.8200000524520874,1.2000000476837158,1.8200000524520874,0.0,3200
2009-02-03,1.2000000476837158,1.2000000476837158,0.0,1.2000000476837158,1.2000000476837158,1.2000000476837158,0.0,0
2009-02-04,1.2000000476837158,1.2000000476837158,0.0,1.2000000476837158,1.2000000476837158,1.2000000476837158,0.0,100
2009-02-05,1.2000000476837158,1.2000000476837158,0.0,1.2000000476837158,1.2000000476837158,1.2000000476837158,0.0,0
2009-02-06,1.5,1.5,0.0,1.7799999713897705,1.2999999523162842,1.5,0.0,1600
2009-02-09,1.2999999523162842,1.2999999523162842,0.0,1.7899999618530273,1.2000000476837158,1.2000000476837158,0.0,1400
2009-02-10,1.2999999523162842,1.2999999523162842,0.0,1.2999999523162842,1.2999999523162842,1.2999999523162842,0.0,200
2009-02-11,1.2000000476837158,1.2000000476837158,0.0,1.2000000476837158,1.2000000476837158,1.2000000476837158,0.0,300
2009-02-12,1.2000000476837158,1.2000000476837158,0.0,1.2000000476837158,1.2000000476837158,1.2000000476837158,0.0,0
2009-02-13,1.2000000476837158,1.2000000476837158,0.0,1.2000000476837158,1.2000000476837158,1.2000000476837158,0.0,400
2009-02-17,1.2000000476837158,1.2000000476837158,0.0,1.2000000476837158,1.2000000476837158,1.2000000476837158,0.0,0
2009-02-18,1.399999976158142,1.399999976158142,0.0,1.399999976158142,1.2999999523162842,1.2999999523162842,0.0,600
2009-02-19,1.399999976158142,1.399999976158142,0.0,1.399999976158142,1.399999976158142,1.399999976158142,0.0,900
2009-02-20,1.399999976158142,1.399999976158142,0.0,1.399999976158142,1.399999976158142,1.399999976158142,0.0,0
2009-02-23,1.2300000190734863,1.2300000190734863,0.0,1.2400000095367432,1.2300000190734863,1.2300000190734863,0.0,300
2009-02-24,1.2000000476837158,1.2000000476837158,0.0,1.2000000476837158,1.2000000476837158,1.2000000476837158,0.0,200
2009-02-25,1.2000000476837158,1.2000000476837158,0.0,1.2000000476837158,1.2000000476837158,1.2000000476837158,0.0,0
2009-02-26,1.2000000476837158,1.2000000476837158,0.0,1.2000000476837158,1.2000000476837158,1.2000000476837158,0.0,0
2009-02-27,1.2200000286102295,1.2200000286102295,0.0,1.7999999523162842,1.2000000476837158,1.7999999523162842,0.0,3900
2009-03-02,1.2000000476837158,1.2000000476837158,0.0,1.2000000476837158,1.2000000476837158,1.2000000476837158,0.0,5000
2009-03-03,1.2000000476837158,1.2000000476837158,0.0,1.2000000476837158,1.2000000476837158,1.2000000476837158,0.0,2800
2009-03-04,1.2000000476837158,1.2000000476837158,0.0,1.2000000476837158,1.2000000476837158,1.2000000476837158,0.0,300
2009-03-05,1.0,1.0,0.0,1.399999976158142,1.0,1.399999976158142,0.0,3000
2009-03-06,0.75,0.75,0.0,0.75,0.75,0.75,0.0,100
2009-03-09,0.8399999737739563,0.8399999737739563,0.0,0.8399999737739563,0.6000000238418579,0.7599999904632568,0.0,3500
2009-03-10,0.800000011920929,0.800000011920929,0.0,0.949999988079071,0.75,0.8399999737739563,0.0,2100
2009-03-11,1.0,1.0,0.0,1.0,0.699999988079071,0.699999988079071,0.0,4900
2009-03-12,1.0,1.0,0.0,1.0,1.0,1.0,0.0,100
2009-03-13,1.7100000381469727,1.7100000381469727,0.0,1.7100000381469727,1.0,1.0,0.0,1000
2009-03-16,1.2699999809265137,1.2699999809265137,0.0,1.75,1.2699999809265137,1.75,0.0,400
2009-03-17,1.2699999809265137,1.2699999809265137,0.0,1.2699999809265137,1.2699999809265137,1.2699999809265137,0.0,0
2009-03-18,1.4800000190734863,1.4800000190734863,0.0,1.5399999618530273,1.4800000190734863,1.5399999618530273,0.0,200
2009-03-19,1.149999976158142,1.149999976158142,0.0,1.1799999475479126,1.0700000524520874,1.1699999570846558,0.0,1700
2009-03-20,1.1299999952316284,1.1299999952316284,0.0,1.149999976158142,1.0700000524520874,1.149999976158142,0.0,2500
2009-03-23,1.100000023841858,1.100000023841858,0.0,1.149999976158142,1.100000023841858,1.149999976158142,0.0,3300
2009-03-24,1.100000023841858,1.100000023841858,0.0,1.1200000047683716,1.100000023841858,1.1200000047683716,0.0,500
2009-03-25,1.340000033378601,1.340000033378601,0.0,1.340000033378601,1.340000033378601,1.340000033378601,0.0,500
2009-03-26,1.340000033378601,1.340000033378601,0.0,1.340000033378601,1.340000033378601,1.340000033378601,0.0,0
2009-03-27,1.2000000476837158,1.2000000476837158,0.0,1.2200000286102295,1.2000000476837158,1.2200000286102295,0.0,3000
2009-03-30,1.2000000476837158,1.2000000476837158,0.0,1.2200000286102295,1.2000000476837158,1.2200000286102295,0.0,400
2009-03-31,1.309999942779541,1.309999942779541,0.0,1.6100000143051147,1.309999942779541,1.600000023841858,0.0,1400
2009-04-01,1.25,1.25,0.0,1.25,1.25,1.25,0.0,200
2009-04-02,1.25,1.25,0.0,1.25,1.25,1.25,0.0,0
2009-04-03,1.25,1.25,0.0,1.25,1.25,1.25,0.0,0
2009-04-06,1.25,1.25,0.0,1.25,1.25,1.25,0.0,0
2009-04-07,1.25,1.25,0.0,1.25,1.25,1.25,0.0,0
2009-04-08,1.25,1.25,0.0,1.25,1.25,1.25,0.0,0
2009-04-09,1.25,1.25,0.0,1.25,1.25,1.25,0.0,0
2009-04-13,1.25,1.25,0.0,1.25,1.25,1.25,0.0,0
2009-04-14,1.25,1.25,0.0,1.25,1.25,1.25,0.0,0
2009-04-15,1.2899999618530273,1.2899999618530273,0.0,1.2899999618530273,1.2899999618530273,1.2899999618530273,0.0,300
2009-04-16,1.2799999713897705,1.2799999713897705,0.0,1.2799999713897705,1.2799999713897705,1.2799999713897705,0.0,100
2009-04-17,1.2799999713897705,1.2799999713897705,0.0,1.2799999713897705,1.2799999713897705,1.2799999713897705,0.0,0
2009-04-20,1.2999999523162842,1.2999999523162842,0.0,1.2999999523162842,1.2999999523162842,1.2999999523162842,0.0,1500
2009-04-21,1.2999999523162842,1.2999999523162842,0.0,1.2999999523162842,1.2999999523162842,1.2999999523162842,0.0,0
2009-04-22,1.2999999523162842,1.2999999523162842,0.0,1.2999999523162842,1.2999999523162842,1.2999999523162842,0.0,0
2009-04-23,1.5,1.5,0.0,1.5,1.5,1.5,0.0,400
2009-04-24,1.399999976158142,1.399999976158142,0.0,1.399999976158142,1.399999976158142,1.399999976158142,0.0,300
2009-04-27,1.399999976158142,1.399999976158142,0.0,1.4800000190734863,1.399999976158142,1.4800000190734863,0.0,1400
2009-04-28,1.399999976158142,1.399999976158142,0.0,1.399999976158142,1.399999976158142,1.399999976158142,0.0,0
2009-04-29,1.590000033378601,1.590000033378601,0.0,1.590000033378601,1.5,1.5,0.0,4000
2009-04-30,1.590000033378601,1.590000033378601,0.0,1.590000033378601,1.590000033378601,1.590000033378601,0.0,100
2009-05-01,1.590000033378601,1.590000033378601,0.0,1.590000033378601,1.590000033378601,1.590000033378601,0.0,0
2009-05-04,1.309999942779541,1.309999942779541,0.0,1.399999976158142,1.309999942779541,1.399999976158142,0.0,1100
2009-05-05,1.590000033378601,1.590000033378601,0.0,1.590000033378601,1.5800000429153442,1.5800000429153442,0.0,2700
2009-05-06,1.590000033378601,1.590000033378601,0.0,1.590000033378601,1.2999999523162842,1.2999999523162842,0.0,2300
2009-05-07,1.6799999475479126,1.6799999475479126,0.0,1.809999942779541,1.590000033378601,1.590000033378601,0.0,5600
2009-05-08,1.5499999523162842,1.5499999523162842,0.0,1.559999942779541,1.5499999523162842,1.559999942779541,0.0,800
2009-05-11,1.5499999523162842,1.5499999523162842,0.0,1.5499999523162842,1.5499999523162842,1.5499999523162842,0.0,0
2009-05-12,1.5499999523162842,1.5499999523162842,0.0,1.600000023841858,1.5499999523162842,1.600000023841858,0.0,1000
2009-05-13,1.559999942779541,1.559999942779541,0.0,1.75,1.559999942779541,1.75,0.0,1200
2009-05-14,1.559999942779541,1.559999942779541,0.0,1.559999942779541,1.559999942779541,1.559999942779541,0.0,0
2009-05-15,1.5,1.5,0.0,1.5099999904632568,1.5,1.5,0.0,3100
2009-05-18,1.5,1.5,0.0,1.5,1.5,1.5,0.0,0
2009-05-19,1.7000000476837158,1.7000000476837158,0.0,1.7000000476837158,1.2999999523162842,1.2999999523162842,0.0,700
2009-05-20,1.350000023841858,1.350000023841858,0.0,1.350000023841858,1.350000023841858,1.350000023841858,0.0,200
2009-05-21,1.309999942779541,1.309999942779541,0.0,1.3300000429153442,1.309999942779541,1.3300000429153442,0.0,900
2009-05-22,1.2999999523162842,1.2999999523162842,0.0,1.3799999952316284,1.2999999523162842,1.3799999952316284,0.0,1600
2009-05-26,1.2699999809265137,1.2699999809265137,0.0,1.2699999809265137,1.2599999904632568,1.2599999904632568,0.0,500
2009-05-27,1.2699999809265137,1.2699999809265137,0.0,1.2699999809265137,1.2699999809265137,1.2699999809265137,0.0,0
2009-05-28,1.2699999809265137,1.2699999809265137,0.0,1.2699999809265137,1.2699999809265137,1.2699999809265137,0.0,0
2009-05-29,1.2699999809265137,1.2699999809265137,0.0,1.2699999809265137,1.2699999809265137,1.2699999809265137,0.0,0
2009-06-01,1.2799999713897705,1.2799999713897705,0.0,1.2799999713897705,1.2699999809265137,1.2699999809265137,0.0,800
2009-06-02,1.2699999809265137,1.2699999809265137,0.0,1.2699999809265137,1.2699999809265137,1.2699999809265137,0.0,100
2009-06-03,1.2699999809265137,1.2699999809265137,0.0,1.2699999809265137,1.2699999809265137,1.2699999809265137,0.0,0
2009-06-04,1.2699999809265137,1.2699999809265137,0.0,1.2699999809265137,1.2699999809265137,1.2699999809265137,0.0,0
2009-06-05,1.0800000429153442,1.0800000429153442,0.0,1.190000057220459,1.0,1.0700000524520874,0.0,38100
2009-06-08,1.0,1.0,0.0,1.2000000476837158,1.0,1.0800000429153442,0.0,6900
2009-06-09,1.1299999952316284,1.1299999952316284,0.0,1.1699999570846558,1.100000023841858,1.1699999570846558,0.0,4100
2009-06-10,1.090000033378601,1.090000033378601,0.0,1.149999976158142,1.0,1.0499999523162842,0.0,21000
2009-06-11,1.0,1.0,0.0,1.0,0.9900000095367432,1.0,0.0,2700
2009-06-12,1.0,1.0,0.0,1.0,1.0,1.0,0.0,9900
2009-06-15,1.0,1.0,0.0,1.1299999952316284,0.9700000286102295,1.1299999952316284,0.0,3600
2009-06-16,0.9900000095367432,0.9900000095367432,0.0,0.9900000095367432,0.9700000286102295,0.9700000286102295,0.0,1300
2009-06-17,0.9700000286102295,0.9700000286102295,0.0,0.9700000286102295,0.9700000286102295,0.9700000286102295,0.0,200
2009-06-18,0.949999988079071,0.949999988079071,0.0,0.9800000190734863,0.949999988079071,0.9800000190734863,0.0,4200
2009-06-19,0.9900000095367432,0.9900000095367432,0.0,1.0,0.699999988079071,0.8199999928474426,0.0,1200
2009-06-22,0.8199999928474426,0.8199999928474426,0.0,0.9800000190734863,0.8199999928474426,0.9800000190734863,0.0,3000
2009-06-23,0.8199999928474426,0.8199999928474426,0.0,0.8199999928474426,0.8199999928474426,0.8199999928474426,0.0,0
2009-06-24,0.8799999952316284,0.8799999952316284,0.0,0.8799999952316284,0.8799999952316284,0.8799999952316284,0.0,4900
2009-06-25,0.9300000071525574,0.9300000071525574,0.0,0.9300000071525574,0.8799999952316284,0.8799999952316284,0.0,5400
2009-06-26,0.8700000047683716,0.8700000047683716,0.0,0.8700000047683716,0.8700000047683716,0.8700000047683716,0.0,500
2009-06-29,0.8500000238418579,0.8500000238418579,0.0,0.8500000238418579,0.8500000238418579,0.8500000238418579,0.0,300
2009-06-30,0.8600000143051147,0.8600000143051147,0.0,0.8899999856948853,0.8600000143051147,0.8899999856948853,0.0,600
2009-07-01,0.8500000238418579,0.8500000238418579,0.0,0.8600000143051147,0.8500000238418579,0.8600000143051147,0.0,1300
2009-07-02,0.8500000238418579,0.8500000238418579,0.0,0.8700000047683716,0.8500000238418579,0.8700000047683716,0.0,1800
2009-07-06,0.8299999833106995,0.8299999833106995,0.0,0.8500000238418579,0.8299999833106995,0.8500000238418579,0.0,1000
2009-07-07,0.8299999833106995,0.8299999833106995,0.0,0.8299999833106995,0.8299999833106995,0.8299999833106995,0.0,900
2009-07-08,0.8700000047683716,0.8700000047683716,0.0,0.8700000047683716,0.75,0.75,0.0,600
2009-07-09,0.75,0.75,0.0,0.75,0.75,0.75,0.0,400
2009-07-10,1.0499999523162842,1.0499999523162842,0.0,1.149999976158142,0.8500000238418579,0.8500000238418579,0.0,35300
2009-07-13,0.8999999761581421,0.8999999761581421,0.0,1.149999976158142,0.8700000047683716,1.149999976158142,0.0,2700
2009-07-14,0.7699999809265137,0.7699999809265137,0.0,1.1399999856948853,0.75,1.1399999856948853,0.0,8400
2009-07-15,0.7799999713897705,0.7799999713897705,0.0,0.7799999713897705,0.7799999713897705,0.7799999713897705,0.0,1300
2009-07-16,0.75,0.75,0.0,0.9700000286102295,0.699999988079071,0.7599999904632568,0.0,13000
2009-07-17,0.75,0.75,0.0,0.7599999904632568,0.75,0.7599999904632568,0.0,1400
2009-07-20,0.75,0.75,0.0,0.75,0.75,0.75,0.0,0
2009-07-21,0.6499999761581421,0.6499999761581421,0.0,0.6499999761581421,0.6499999761581421,0.6499999761581421,0.0,100
2009-07-22,0.8500000238418579,0.8500000238418579,0.0,0.8500000238418579,0.8500000238418579,0.8500000238418579,0.0,200
2009-07-23,0.800000011920929,0.800000011920929,0.0,0.8399999737739563,0.7699999809265137,0.8399999737739563,0.0,2400
2009-07-24,0.8100000023841858,0.8100000023841858,0.0,0.8100000023841858,0.8100000023841858,0.8100000023841858,0.0,100
2009-07-27,0.8100000023841858,0.8100000023841858,0.0,0.8100000023841858,0.8100000023841858,0.8100000023841858,0.0,0
2009-07-28,0.7599999904632568,0.7599999904632568,0.0,0.7599999904632568,0.7599999904632568,0.7599999904632568,0.0,500
2009-07-29,0.6600000262260437,0.6600000262260437,0.0,0.7599999904632568,0.6600000262260437,0.7099999785423279,0.0,3600
2009-07-30,0.6000000238418579,0.6000000238418579,0.0,0.7599999904632568,0.6000000238418579,0.7599999904632568,0.0,11800
2009-07-31,0.6800000071525574,0.6800000071525574,0.0,0.7599999904632568,0.6800000071525574,0.7599999904632568,0.0,3700
2009-08-03,0.8100000023841858,0.8100000023841858,0.0,0.8299999833106995,0.800000011920929,0.8299999833106995,0.0,7700
2009-08-04,0.8100000023841858,0.8100000023841858,0.0,0.8100000023841858,0.8100000023841858,0.8100000023841858,0.0,0
2009-08-05,0.7900000214576721,0.7900000214576721,0.0,0.9200000166893005,0.7900000214576721,0.8299999833106995,0.0,1100
2009-08-06,0.800000011920929,0.800000011920929,0.0,0.800000011920929,0.800000011920929,0.800000011920929,0.0,700
2009-08-07,0.8299999833106995,0.8299999833106995,0.0,0.8299999833106995,0.800000011920929,0.8299999833106995,0.0,3000
2009-08-10,0.7900000214576721,0.7900000214576721,0.0,0.8299999833106995,0.75,0.8299999833106995,0.0,3100
2009-08-11,0.9300000071525574,0.9300000071525574,0.0,0.9300000071525574,0.8299999833106995,0.8299999833106995,0.0,7900
2009-08-12,0.8999999761581421,0.8999999761581421,0.0,0.8999999761581421,0.7799999713897705,0.7799999713897705,0.0,2000
2009-08-13,0.8999999761581421,0.8999999761581421,0.0,0.8999999761581421,0.8999999761581421,0.8999999761581421,0.0,0
2009-08-14,0.7799999713897705,0.7799999713897705,0.0,1.0,0.7799999713897705,0.8500000238418579,0.0,7000
2009-08-17,0.7900000214576721,0.7900000214576721,0.0,0.9300000071525574,0.7799999713897705,0.9300000071525574,0.0,2900
2009-08-18,0.9300000071525574,0.9300000071525574,0.0,0.9300000071525574,0.9300000071525574,0.9300000071525574,0.0,200
2009-08-19,0.9200000166893005,0.9200000166893005,0.0,0.9200000166893005,0.7799999713897705,0.7900000214576721,0.0,2400
2009-08-20,0.75,0.75,0.0,0.800000011920929,0.75,0.800000011920929,0.0,13100
2009-08-21,0.8199999928474426,0.8199999928474426,0.0,0.8999999761581421,0.8199999928474426,0.8999999761581421,0.0,4900
2009-08-24,0.800000011920929,0.800000011920929,0.0,0.800000011920929,0.800000011920929,0.800000011920929,0.0,1000
2009-08-25,0.8899999856948853,0.8899999856948853,0.0,0.8999999761581421,0.8500000238418579,0.8999999761581421,0.0,4000
2009-08-26,0.9200000166893005,0.9200000166893005,0.0,0.9200000166893005,0.8700000047683716,0.8899999856948853,0.0,6000
2009-08-27,0.9200000166893005,0.9200000166893005,0.0,0.9200000166893005,0.9100000262260437,0.9100000262260437,0.0,3800
2009-08-28,0.8999999761581421,0.8999999761581421,0.0,0.8999999761581421,0.8999999761581421,0.8999999761581421,0.0,1400
2009-08-31,0.8999999761581421,0.8999999761581421,0.0,0.8999999761581421,0.8999999761581421,0.8999999761581421,0.0,0
2009-09-01,0.8999999761581421,0.8999999761581421,0.0,0.8999999761581421,0.8999999761581421,0.8999999761581421,0.0,0
2009-09-02,0.8999999761581421,0.8999999761581421,0.0,0.8999999761581421,0.8999999761581421,0.8999999761581421,0.0,0
2009-09-03,0.8600000143051147,0.8600000143051147,0.0,0.8600000143051147,0.8600000143051147,0.8600000143051147,0.0,1000
2009-09-04,0.8799999952316284,0.8799999952316284,0.0,0.9100000262260437,0.75,0.8500000238418579,0.0,1800
2009-09-08,0.8799999952316284,0.8799999952316284,0.0,0.8799999952316284,0.8799999952316284,0.8799999952316284,0.0,0
2009-09-09,0.8999999761581421,0.8999999761581421,0.0,0.9200000166893005,0.800000011920929,0.9200000166893005,0.0,2400
2009-09-10,0.8100000023841858,0.8100000023841858,0.0,0.8999999761581421,0.8100000023841858,0.8999999761581421,0.0,1300
2009-09-11,0.8100000023841858,0.8100000023841858,0.0,0.8100000023841858,0.8100000023841858,0.8100000023841858,0.0,0
2009-09-14,0.9200000166893005,0.9200000166893005,0.0,0.9300000071525574,0.8899999856948853,0.8899999856948853,0.0,6200
2009-09-15,0.9200000166893005,0.9200000166893005,0.0,1.0,0.9200000166893005,1.0,0.0,2700
2009-09-16,0.9800000190734863,0.9800000190734863,0.0,0.9900000095367432,0.9200000166893005,0.9900000095367432,0.0,3300
2009-09-17,0.9200000166893005,0.9200000166893005,0.0,1.0,0.9200000166893005,1.0,0.0,900
2009-09-18,0.8999999761581421,0.8999999761581421,0.0,0.9399999976158142,0.8999999761581421,0.9399999976158142,0.0,7400
2009-09-21,0.9300000071525574,0.9300000071525574,0.0,0.9300000071525574,0.9300000071525574,0.9300000071525574,0.0,800
2009-09-22,0.8600000143051147,0.8600000143051147,0.0,1.0499999523162842,0.800000011920929,0.9300000071525574,0.0,6200
2009-09-23,1.0,1.0,0.0,1.0,0.9900000095367432,1.0,0.0,3500
2009-09-24,0.9900000095367432,0.9900000095367432,0.0,0.9900000095367432,0.9900000095367432,0.9900000095367432,0.0,700
2009-09-25,1.0800000429153442,1.0800000429153442,0.0,1.100000023841858,0.949999988079071,1.0,0.0,7900
2009-09-28,0.9100000262260437,0.9100000262260437,0.0,1.149999976158142,0.8600000143051147,0.949999988079071,0.0,3700
2009-09-29,0.9300000071525574,0.9300000071525574,0.0,1.149999976158142,0.9100000262260437,1.0,0.0,4800
2009-09-30,1.0299999713897705,1.0299999713897705,0.0,1.0299999713897705,0.9399999976158142,1.0299999713897705,0.0,500
2009-10-01,0.949999988079071,0.949999988079071,0.0,1.0,0.8799999952316284,1.0,0.0,4100
2009-10-02,0.9300000071525574,0.9300000071525574,0.0,0.9599999785423279,0.9200000166893005,0.9200000166893005,0.0,2400
2009-10-05,0.8600000143051147,0.8600000143051147,0.0,0.9200000166893005,0.8100000023841858,0.9200000166893005,0.0,15100
2009-10-06,0.8799999952316284,0.8799999952316284,0.0,0.9200000166893005,0.8799999952316284,0.8999999761581421,0.0,4700
2009-10-07,0.8899999856948853,0.8899999856948853,0.0,0.8999999761581421,0.8899999856948853,0.8899999856948853,0.0,1300
2009-10-08,0.8999999761581421,0.8999999761581421,0.0,0.8999999761581421,0.8100000023841858,0.8899999856948853,0.0,3300
2009-10-09,0.8199999928474426,0.8199999928474426,0.0,0.8999999761581421,0.8199999928474426,0.8999999761581421,0.0,4400
2009-10-12,0.8899999856948853,0.8899999856948853,0.0,0.8999999761581421,0.8799999952316284,0.8899999856948853,0.0,4700
2009-10-13,0.8700000047683716,0.8700000047683716,0.0,0.8700000047683716,0.8700000047683716,0.8700000047683716,0.0,400
2009-10-14,0.8600000143051147,0.8600000143051147,0.0,0.8600000143051147,0.8600000143051147,0.8600000143051147,0.0,500
2009-10-15,1.0199999809265137,1.0199999809265137,0.0,1.0199999809265137,0.8700000047683716,0.8700000047683716,0.0,1900
2009-10-16,1.75,1.75,0.0,2.4200000762939453,0.949999988079071,0.949999988079071,0.0,212200
2009-10-19,1.7799999713897705,1.7799999713897705,0.0,2.25,1.5099999904632568,1.9299999475479126,0.0,104100
2009-10-20,1.5299999713897705,1.5299999713897705,0.0,2.0399999618530273,1.5099999904632568,1.7799999713897705,0.0,56200
2009-10-21,1.7000000476837158,1.7000000476837158,0.0,1.7000000476837158,1.649999976158142,1.649999976158142,0.0,13100
2009-10-22,1.6200000047683716,1.6200000047683716,0.0,1.75,1.5399999618530273,1.75,0.0,10700
2009-10-23,1.6799999475479126,1.6799999475479126,0.0,1.690000057220459,1.5399999618530273,1.5399999618530273,0.0,8200
2009-10-26,1.399999976158142,1.399999976158142,0.0,1.6299999952316284,1.2999999523162842,1.5,0.0,17400
2009-10-27,1.25,1.25,0.0,1.3200000524520874,1.25,1.3200000524520874,0.0,11000
2009-10-28,1.2100000381469727,1.2100000381469727,0.0,1.2699999809265137,1.2100000381469727,1.25,0.0,9300
2009-10-29,1.100000023841858,1.100000023841858,0.0,1.2000000476837158,1.0,1.2000000476837158,0.0,9500
2009-10-30,1.1299999952316284,1.1299999952316284,0.0,1.2400000095367432,1.1200000047683716,1.149999976158142,0.0,3800
2009-11-02,1.0099999904632568,1.0099999904632568,0.0,1.0499999523162842,1.0,1.0099999904632568,0.0,8000
2009-11-03,1.0099999904632568,1.0099999904632568,0.0,1.149999976158142,1.0,1.0,0.0,5400
2009-11-04,1.0399999618530273,1.0399999618530273,0.0,1.100000023841858,1.0099999904632568,1.0099999904632568,0.0,12900
2009-11-05,1.2899999618530273,1.2899999618530273,0.0,1.8799999952316284,1.2000000476837158,1.5399999618530273,0.0,151000
2009-11-06,1.5299999713897705,1.5299999713897705,0.0,1.7899999618530273,1.3300000429153442,1.7899999618530273,0.0,61900
2009-11-09,1.2000000476837158,1.2000000476837158,0.0,1.5299999713897705,1.2000000476837158,1.5299999713897705,0.0,40600
2009-11-10,1.2899999618530273,1.2899999618530273,0.0,2.0,1.2000000476837158,2.0,0.0,32200
2009-11-11,1.350000023841858,1.350000023841858,0.0,1.5,1.2999999523162842,1.4299999475479126,0.0,16400
2009-11-12,1.2599999904632568,1.2599999904632568,0.0,1.3600000143051147,1.25,1.3600000143051147,0.0,3300
2009-11-13,1.2799999713897705,1.2799999713897705,0.0,1.2799999713897705,1.2599999904632568,1.2599999904632568,0.0,8800
2009-11-16,1.1399999856948853,1.1399999856948853,0.0,1.2000000476837158,1.100000023841858,1.1200000047683716,0.0,11600
2009-11-17,1.1699999570846558,1.1699999570846558,0.0,1.1699999570846558,1.149999976158142,1.149999976158142,0.0,9000
2009-11-18,1.149999976158142,1.149999976158142,0.0,1.149999976158142,1.100000023841858,1.100000023841858,0.0,10000
2009-11-19,1.149999976158142,1.149999976158142,0.0,1.159999966621399,1.100000023841858,1.149999976158142,0.0,8700
2009-11-20,1.0499999523162842,1.0499999523162842,0.0,1.149999976158142,1.0499999523162842,1.149999976158142,0.0,6900
2009-11-23,1.0800000429153442,1.0800000429153442,0.0,1.100000023841858,1.0099999904632568,1.0499999523162842,0.0,24200
2009-11-24,1.0099999904632568,1.0099999904632568,0.0,1.1699999570846558,1.0099999904632568,1.1399999856948853,0.0,7900
2009-11-25,1.149999976158142,1.149999976158142,0.0,1.1799999475479126,1.1200000047683716,1.1200000047683716,0.0,900
2009-11-27,1.149999976158142,1.149999976158142,0.0,1.1699999570846558,1.100000023841858,1.149999976158142,0.0,9100
2009-11-30,1.149999976158142,1.149999976158142,0.0,1.149999976158142,1.059999942779541,1.149999976158142,0.0,2300
2009-12-01,1.1200000047683716,1.1200000047683716,0.0,1.1200000047683716,1.0,1.090000033378601,0.0,9600
2009-12-02,1.0499999523162842,1.0499999523162842,0.0,1.1299999952316284,1.0,1.1200000047683716,0.0,3100
2009-12-03,1.059999942779541,1.059999942779541,0.0,1.1399999856948853,1.0499999523162842,1.1200000047683716,0.0,4900
2009-12-04,1.0199999809265137,1.0199999809265137,0.0,1.0800000429153442,1.0099999904632568,1.0800000429153442,0.0,5000
2009-12-07,1.0399999618530273,1.0399999618530273,0.0,1.0399999618530273,1.0,1.0199999809265137,0.0,3500
2009-12-08,1.0700000524520874,1.0700000524520874,0.0,1.149999976158142,1.0,1.1399999856948853,0.0,26100
2009-12-09,1.1200000047683716,1.1200000047683716,0.0,1.1399999856948853,1.0199999809265137,1.1399999856948853,0.0,1500
2009-12-10,1.0199999809265137,1.0199999809265137,0.0,1.149999976158142,1.0,1.1299999952316284,0.0,9000
2009-12-11,1.0199999809265137,1.0199999809265137,0.0,1.0499999523162842,1.0199999809265137,1.0199999809265137,0.0,10700
2009-12-14,1.0299999713897705,1.0299999713897705,0.0,1.1399999856948853,1.0299999713897705,1.1399999856948853,0.0,6700
2009-12-15,1.2799999713897705,1.2799999713897705,0.0,1.399999976158142,1.0,1.1200000047683716,0.0,22400
2009-12-16,1.100000023841858,1.100000023841858,0.0,1.2699999809265137,1.0499999523162842,1.2699999809265137,0.0,6900
2009-12-17,1.0499999523162842,1.0499999523162842,0.0,1.100000023841858,1.0,1.0,0.0,2200
2009-12-18,1.090000033378601,1.090000033378601,0.0,1.2699999809265137,1.059999942779541,1.059999942779541,0.0,9900
2009-12-21,1.100000023841858,1.100000023841858,0.0,1.25,1.059999942779541,1.2400000095367432,0.0,8300
2009-12-22,1.149999976158142,1.149999976158142,0.0,1.149999976158142,1.100000023841858,1.100000023841858,0.0,1900
2009-12-23,1.2000000476837158,1.2000000476837158,0.0,1.2000000476837158,1.190000057220459,1.190000057220459,0.0,8000
2009-12-24,1.0399999618530273,1.0399999618530273,0.0,1.1100000143051147,1.0299999713897705,1.1100000143051147,0.0,1700
2009-12-28,1.1699999570846558,1.1699999570846558,0.0,1.2400000095367432,1.059999942779541,1.090000033378601,0.0,34200
2009-12-29,1.1299999952316284,1.1299999952316284,0.0,1.1799999475479126,1.1299999952316284,1.1799999475479126,0.0,6000
2009-12-30,1.0399999618530273,1.0399999618530273,0.0,1.2000000476837158,1.0399999618530273,1.0499999523162842,0.0,19700
2009-12-31,1.0399999618530273,1.0399999618530273,0.0,1.0800000429153442,1.0299999713897705,1.0299999713897705,0.0,40100
2010-01-04,1.0499999523162842,1.0499999523162842,0.0,1.1699999570846558,1.0499999523162842,1.1699999570846558,0.0,5200
2010-01-05,1.0800000429153442,1.0800000429153442,0.0,1.149999976158142,1.0800000429153442,1.149999976158142,0.0,7700
2010-01-06,1.100000023841858,1.100000023841858,0.0,1.100000023841858,1.0499999523162842,1.0800000429153442,0.0,16900
2010-01-07,1.0499999523162842,1.0499999523162842,0.0,1.100000023841858,1.0499999523162842,1.100000023841858,0.0,5200
2010-01-08,1.1399999856948853,1.1399999856948853,0.0,1.1399999856948853,1.0499999523162842,1.059999942779541,0.0,2100
2010-01-11,1.0700000524520874,1.0700000524520874,0.0,1.1299999952316284,1.0499999523162842,1.1200000047683716,0.0,9400
2010-01-12,1.059999942779541,1.059999942779541,0.0,1.0800000429153442,1.0499999523162842,1.059999942779541,0.0,9900
2010-01-13,1.100000023841858,1.100000023841858,0.0,1.2400000095367432,1.0499999523162842,1.059999942779541,0.0,20800
2010-01-14,1.0499999523162842,1.0499999523162842,0.0,1.2000000476837158,1.0499999523162842,1.100000023841858,0.0,19000
2010-01-15,1.0499999523162842,1.0499999523162842,0.0,1.1299999952316284,1.0499999523162842,1.059999942779541,0.0,4300
2010-01-19,0.9800000190734863,0.9800000190734863,0.0,1.1100000143051147,0.9700000286102295,1.0700000524520874,0.0,32300
2010-01-20,0.9800000190734863,0.9800000190734863,0.0,1.0499999523162842,0.9800000190734863,1.0,0.0,5700
2010-01-21,0.9800000190734863,0.9800000190734863,0.0,0.9800000190734863,0.9800000190734863,0.9800000190734863,0.0,1000
2010-01-22,0.9100000262260437,0.9100000262260437,0.0,0.9800000190734863,0.8999999761581421,0.8999999761581421,0.0,2200
2010-01-25,0.8700000047683716,0.8700000047683716,0.0,0.9200000166893005,0.8399999737739563,0.8899999856948853,0.0,27200
2010-01-26,0.8500000238418579,0.8500000238418579,0.0,0.9200000166893005,0.8500000238418579,0.9200000166893005,0.0,3700
2010-01-27,0.800000011920929,0.800000011920929,0.0,0.8899999856948853,0.800000011920929,0.8899999856948853,0.0,31500
2010-01-28,0.7900000214576721,0.7900000214576721,0.0,0.8999999761581421,0.7900000214576721,0.8999999761581421,0.0,9600
2010-01-29,0.7900000214576721,0.7900000214576721,0.0,0.7900000214576721,0.7900000214576721,0.7900000214576721,0.0,0
2010-02-01,0.7799999713897705,0.7799999713897705,0.0,0.7799999713897705,0.7799999713897705,0.7799999713897705,0.0,400
2010-02-02,0.75,0.75,0.0,0.7799999713897705,0.75,0.7799999713897705,0.0,6700
2010-02-03,0.75,0.75,0.0,0.8899999856948853,0.75,0.800000011920929,0.0,43300
2010-02-04,0.7599999904632568,0.7599999904632568,0.0,0.7599999904632568,0.7599999904632568,0.7599999904632568,0.0,1500
2010-02-05,0.800000011920929,0.800000011920929,0.0,0.8799999952316284,0.800000011920929,0.8799999952316284,0.0,12900
2010-02-08,0.7599999904632568,0.7599999904632568,0.0,0.9300000071525574,0.7599999904632568,0.9300000071525574,0.0,9600
2010-02-09,0.75,0.75,0.0,0.8999999761581421,0.75,0.8999999761581421,0.0,13500
2010-02-10,0.7799999713897705,0.7799999713897705,0.0,0.8999999761581421,0.7599999904632568,0.8999999761581421,0.0,1700
2010-02-11,0.7699999809265137,0.7699999809265137,0.0,0.8500000238418579,0.7699999809265137,0.8500000238418579,0.0,1700
2010-02-12,0.7799999713897705,0.7799999713897705,0.0,0.8500000238418579,0.7799999713897705,0.8500000238418579,0.0,1300
2010-02-16,0.7799999713897705,0.7799999713897705,0.0,0.7799999713897705,0.7799999713897705,0.7799999713897705,0.0,0
2010-02-17,0.7799999713897705,0.7799999713897705,0.0,0.7900000214576721,0.699999988079071,0.7799999713897705,0.0,5400
2010-02-18,0.800000011920929,0.800000011920929,0.0,0.800000011920929,0.7699999809265137,0.7699999809265137,0.0,4400
2010-02-19,0.75,0.75,0.0,0.7900000214576721,0.75,0.7900000214576721,0.0,2000
2010-02-22,0.800000011920929,0.800000011920929,0.0,0.800000011920929,0.800000011920929,0.800000011920929,0.0,1300
2010-02-23,0.7699999809265137,0.7699999809265137,0.0,0.7799999713897705,0.7699999809265137,0.7799999713897705,0.0,3000
2010-02-24,0.699999988079071,0.699999988079071,0.0,0.800000011920929,0.699999988079071,0.75,0.0,13300
2010-02-25,0.699999988079071,0.699999988079071,0.0,0.7400000095367432,0.699999988079071,0.7300000190734863,0.0,8300
2010-02-26,0.7400000095367432,0.7400000095367432,0.0,0.7400000095367432,0.7200000286102295,0.7200000286102295,0.0,1400
2010-03-01,0.7900000214576721,0.7900000214576721,0.0,0.800000011920929,0.7900000214576721,0.7900000214576721,0.0,10200
2010-03-02,0.800000011920929,0.800000011920929,0.0,0.8700000047683716,0.7599999904632568,0.8700000047683716,0.0,7700
2010-03-03,0.75,0.75,0.0,0.7599999904632568,0.75,0.75,0.0,5300
2010-03-04,0.7099999785423279,0.7099999785423279,0.0,0.8600000143051147,0.6499999761581421,0.75,0.0,14300
2010-03-05,0.7099999785423279,0.7099999785423279,0.0,0.7300000190734863,0.6800000071525574,0.7200000286102295,0.0,7200
2010-03-08,0.6800000071525574,0.6800000071525574,0.0,0.800000011920929,0.6800000071525574,0.800000011920929,0.0,2000
2010-03-09,0.7400000095367432,0.7400000095367432,0.0,0.8700000047683716,0.7400000095367432,0.8700000047683716,0.0,10800
2010-03-10,0.75,0.75,0.0,0.75,0.75,0.75,0.0,700
2010-03-11,0.800000011920929,0.800000011920929,0.0,0.8500000238418579,0.699999988079071,0.7900000214576721,0.0,3000
2010-03-12,0.7799999713897705,0.7799999713897705,0.0,0.8299999833106995,0.7799999713897705,0.7799999713897705,0.0,4900
2010-03-15,0.6800000071525574,0.6800000071525574,0.0,0.8299999833106995,0.6800000071525574,0.8299999833106995,0.0,3400
2010-03-16,0.800000011920929,0.800000011920929,0.0,0.800000011920929,0.7400000095367432,0.7400000095367432,0.0,4700
2010-03-17,0.7900000214576721,0.7900000214576721,0.0,0.7900000214576721,0.7900000214576721,0.7900000214576721,0.0,400
2010-03-18,0.7900000214576721,0.7900000214576721,0.0,0.7900000214576721,0.7900000214576721,0.7900000214576721,0.0,0
2010-03-19,0.7799999713897705,0.7799999713897705,0.0,0.7799999713897705,0.699999988079071,0.7799999713897705,0.0,5800
2010-03-22,0.7099999785423279,0.7099999785423279,0.0,0.7400000095367432,0.6800000071525574,0.6899999976158142,0.0,13800
2010-03-23,0.6899999976158142,0.6899999976158142,0.0,0.699999988079071,0.6899999976158142,0.6899999976158142,0.0,2300
2010-03-24,0.7400000095367432,0.7400000095367432,0.0,0.7799999713897705,0.699999988079071,0.699999988079071,0.0,8400
2010-03-25,0.7099999785423279,0.7099999785423279,0.0,0.7400000095367432,0.7099999785423279,0.7400000095367432,0.0,1100
2010-03-26,0.7200000286102295,0.7200000286102295,0.0,0.7799999713897705,0.699999988079071,0.7699999809265137,0.0,14200
2010-03-29,0.7400000095367432,0.7400000095367432,0.0,0.800000011920929,0.699999988079071,0.699999988079071,0.0,20500
2010-03-30,0.949999988079071,0.949999988079071,0.0,1.4199999570846558,0.800000011920929,0.800000011920929,0.0,367300
2010-03-31,1.2899999618530273,1.2899999618530273,0.0,1.3799999952316284,1.0,1.0299999713897705,0.0,189300
2010-04-01,1.340000033378601,1.340000033378601,0.0,1.4199999570846558,1.2000000476837158,1.350000023841858,0.0,81500
2010-04-05,1.2200000286102295,1.2200000286102295,0.0,1.3799999952316284,1.149999976158142,1.3799999952316284,0.0,67600
2010-04-06,1.309999942779541,1.309999942779541,0.0,1.4500000476837158,1.2000000476837158,1.3700000047683716,0.0,107700
2010-04-07,1.3200000524520874,1.3200000524520874,0.0,1.4500000476837158,1.2000000476837158,1.2899999618530273,0.0,71500
2010-04-08,1.3899999856948853,1.3899999856948853,0.0,1.4500000476837158,1.2200000286102295,1.309999942779541,0.0,36800
2010-04-09,1.3200000524520874,1.3200000524520874,0.0,1.4500000476837158,1.2300000190734863,1.4500000476837158,0.0,19800
2010-04-12,1.440000057220459,1.440000057220459,0.0,1.5,1.309999942779541,1.309999942779541,0.0,41100
2010-04-13,1.3600000143051147,1.3600000143051147,0.0,1.4199999570846558,1.3600000143051147,1.409999966621399,0.0,6900
2010-04-14,1.2699999809265137,1.2699999809265137,0.0,1.3799999952316284,1.25,1.3200000524520874,0.0,10100
2010-04-15,1.3600000143051147,1.3600000143051147,0.0,1.440000057220459,1.2599999904632568,1.2599999904632568,0.0,22000
2010-04-16,1.25,1.25,0.0,1.2899999618530273,1.25,1.2599999904632568,0.0,5800
2010-04-19,1.2400000095367432,1.2400000095367432,0.0,1.25,1.2300000190734863,1.25,0.0,10700
2010-04-20,1.2000000476837158,1.2000000476837158,0.0,1.2100000381469727,1.2000000476837158,1.2000000476837158,0.0,13600
2010-04-21,1.1799999475479126,1.1799999475479126,0.0,1.2000000476837158,1.1799999475479126,1.2000000476837158,0.0,2800
2010-04-22,1.1399999856948853,1.1399999856948853,0.0,1.350000023841858,1.0800000429153442,1.159999966621399,0.0,14900
2010-04-23,1.2400000095367432,1.2400000095367432,0.0,1.2699999809265137,1.1399999856948853,1.1399999856948853,0.0,12200
2010-04-26,1.1200000047683716,1.1200000047683716,0.0,1.2200000286102295,1.1200000047683716,1.2200000286102295,0.0,13100
2010-04-27,1.2000000476837158,1.2000000476837158,0.0,1.2000000476837158,1.1200000047683716,1.149999976158142,0.0,5400
2010-04-28,1.1200000047683716,1.1200000047683716,0.0,1.2200000286102295,1.1200000047683716,1.2200000286102295,0.0,300
2010-04-29,1.0800000429153442,1.0800000429153442,0.0,1.100000023841858,1.0800000429153442,1.090000033378601,0.0,11900
2010-04-30,1.100000023841858,1.100000023841858,0.0,1.100000023841858,1.0499999523162842,1.0800000429153442,0.0,11200
2010-05-03,1.100000023841858,1.100000023841858,0.0,1.100000023841858,1.100000023841858,1.100000023841858,0.0,600
2010-05-04,1.1200000047683716,1.1200000047683716,0.0,1.1299999952316284,1.090000033378601,1.090000033378601,0.0,1500
2010-05-05,1.1200000047683716,1.1200000047683716,0.0,1.1299999952316284,1.1200000047683716,1.1200000047683716,0.0,2400
2010-05-06,1.1299999952316284,1.1299999952316284,0.0,1.149999976158142,1.0,1.1299999952316284,0.0,20700
2010-05-07,1.0099999904632568,1.0099999904632568,0.0,1.059999942779541,1.0099999904632568,1.059999942779541,0.0,4900
2010-05-10,1.0,1.0,0.0,1.0199999809265137,0.9200000166893005,1.0099999904632568,0.0,7000
2010-05-11,0.9900000095367432,0.9900000095367432,0.0,1.0099999904632568,0.8399999737739563,1.0099999904632568,0.0,5800
2010-05-12,1.0800000429153442,1.0800000429153442,0.0,1.090000033378601,1.0,1.0,0.0,1700
2010-05-13,1.100000023841858,1.100000023841858,0.0,1.100000023841858,1.0,1.0199999809265137,0.0,10300
2010-05-14,0.9800000190734863,0.9800000190734863,0.0,1.0099999904632568,0.8899999856948853,1.0099999904632568,0.0,4800
2010-05-17,0.9800000190734863,0.9800000190734863,0.0,0.9800000190734863,0.9800000190734863,0.9800000190734863,0.0,0
2010-05-18,0.9399999976158142,0.9399999976158142,0.0,0.9399999976158142,0.9399999976158142,0.9399999976158142,0.0,400
2010-05-19,0.9399999976158142,0.9399999976158142,0.0,0.9399999976158142,0.9399999976158142,0.9399999976158142,0.0,0
2010-05-20,0.9100000262260437,0.9100000262260437,0.0,0.9800000190734863,0.8999999761581421,0.8999999761581421,0.0,1100
2010-05-21,0.9100000262260437,0.9100000262260437,0.0,0.9100000262260437,0.9100000262260437,0.9100000262260437,0.0,100
2010-05-24,0.9100000262260437,0.9100000262260437,0.0,0.9100000262260437,0.9100000262260437,0.9100000262260437,0.0,0
2010-05-25,1.1200000047683716,1.1200000047683716,0.0,1.1200000047683716,0.7400000095367432,0.8999999761581421,0.0,7300
2010-05-26,1.059999942779541,1.059999942779541,0.0,1.100000023841858,1.0,1.0700000524520874,0.0,2100
2010-05-27,1.059999942779541,1.059999942779541,0.0,1.059999942779541,1.059999942779541,1.059999942779541,0.0,0
2010-05-28,0.949999988079071,0.949999988079071,0.0,1.0800000429153442,0.8999999761581421,1.0800000429153442,0.0,4300
2010-06-01,0.9900000095367432,0.9900000095367432,0.0,0.9900000095367432,0.9300000071525574,0.9399999976158142,0.0,2700
2010-06-02,0.9300000071525574,0.9300000071525574,0.0,0.9300000071525574,0.9300000071525574,0.9300000071525574,0.0,1200
2010-06-03,0.949999988079071,0.949999988079071,0.0,0.949999988079071,0.949999988079071,0.949999988079071,0.0,300
2010-06-04,0.949999988079071,0.949999988079071,0.0,0.949999988079071,0.949999988079071,0.949999988079071,0.0,800
2010-06-07,0.949999988079071,0.949999988079071,0.0,0.949999988079071,0.949999988079071,0.949999988079071,0.0,0
2010-06-08,1.0299999713897705,1.0299999713897705,0.0,1.0299999713897705,1.0299999713897705,1.0299999713897705,0.0,400
2010-06-09,0.9300000071525574,0.9300000071525574,0.0,0.9300000071525574,0.9300000071525574,0.9300000071525574,0.0,1100
2010-06-10,0.9300000071525574,0.9300000071525574,0.0,0.9300000071525574,0.9300000071525574,0.9300000071525574,0.0,300
2010-06-11,0.9300000071525574,0.9300000071525574,0.0,0.9399999976158142,0.9300000071525574,0.9399999976158142,0.0,300
2010-06-14,0.9300000071525574,0.9300000071525574,0.0,1.1200000047683716,0.9300000071525574,1.0299999713897705,0.0,9600
2010-06-15,1.1200000047683716,1.1200000047683716,0.0,1.1200000047683716,0.9300000071525574,0.9300000071525574,0.0,900
2010-06-16,0.9399999976158142,0.9399999976158142,0.0,1.1100000143051147,0.9399999976158142,1.1100000143051147,0.0,2400
2010-06-17,0.949999988079071,0.949999988079071,0.0,0.949999988079071,0.949999988079071,0.949999988079071,0.0,1100
2010-06-18,0.949999988079071,0.949999988079071,0.0,0.949999988079071,0.949999988079071,0.949999988079071,0.0,0
2010-06-21,0.949999988079071,0.949999988079071,0.0,0.949999988079071,0.949999988079071,0.949999988079071,0.0,1000
2010-06-22,0.949999988079071,0.949999988079071,0.0,0.949999988079071,0.949999988079071,0.949999988079071,0.0,0
2010-06-23,0.949999988079071,0.949999988079071,0.0,0.9599999785423279,0.9300000071525574,0.9599999785423279,0.0,5300
2010-06-24,0.949999988079071,0.949999988079071,0.0,0.949999988079071,0.949999988079071,0.949999988079071,0.0,0
2010-06-25,0.949999988079071,0.949999988079071,0.0,0.949999988079071,0.949999988079071,0.949999988079071,0.0,0
2010-06-28,0.9300000071525574,0.9300000071525574,0.0,0.9300000071525574,0.9300000071525574,0.9300000071525574,0.0,100
2010-06-29,0.9300000071525574,0.9300000071525574,0.0,0.9399999976158142,0.9300000071525574,0.9300000071525574,0.0,6400
2010-06-30,0.9300000071525574,0.9300000071525574,0.0,0.9300000071525574,0.9300000071525574,0.9300000071525574,0.0,800
2010-07-01,0.9300000071525574,0.9300000071525574,0.0,0.9300000071525574,0.9300000071525574,0.9300000071525574,0.0,0
2010-07-02,0.9300000071525574,0.9300000071525574,0.0,0.9300000071525574,0.9300000071525574,0.9300000071525574,0.0,0
2010-07-06,0.9300000071525574,0.9300000071525574,0.0,0.9300000071525574,0.9300000071525574,0.9300000071525574,0.0,0
2010-07-07,0.9300000071525574,0.9300000071525574,0.0,0.9300000071525574,0.9300000071525574,0.9300000071525574,0.0,0
2010-07-08,0.9300000071525574,0.9300000071525574,0.0,0.9300000071525574,0.9300000071525574,0.9300000071525574,0.0,0
2010-07-09,0.9300000071525574,0.9300000071525574,0.0,0.9300000071525574,0.9300000071525574,0.9300000071525574,0.0,1000
2010-07-12,0.9300000071525574,0.9300000071525574,0.0,0.9300000071525574,0.9300000071525574,0.9300000071525574,0.0,0
2010-07-13,0.9300000071525574,0.9300000071525574,0.0,0.9300000071525574,0.9300000071525574,0.9300000071525574,0.0,1500
2010-07-14,0.9300000071525574,0.9300000071525574,0.0,0.9300000071525574,0.9300000071525574,0.9300000071525574,0.0,200
2010-07-15,0.9300000071525574,0.9300000071525574,0.0,0.9300000071525574,0.9300000071525574,0.9300000071525574,0.0,1500
2010-07-16,0.9300000071525574,0.9300000071525574,0.0,0.9300000071525574,0.9300000071525574,0.9300000071525574,0.0,0
2010-07-19,0.9200000166893005,0.9200000166893005,0.0,0.9200000166893005,0.9200000166893005,0.9200000166893005,0.0,200
2010-07-20,0.9200000166893005,0.9200000166893005,0.0,0.9200000166893005,0.9200000166893005,0.9200000166893005,0.0,2700
2010-07-21,0.9200000166893005,0.9200000166893005,0.0,0.9200000166893005,0.9200000166893005,0.9200000166893005,0.0,1700
2010-07-22,1.0399999618530273,1.0399999618530273,0.0,1.0399999618530273,0.9300000071525574,0.9300000071525574,0.0,200
2010-07-23,0.9200000166893005,0.9200000166893005,0.0,1.0800000429153442,0.9200000166893005,0.9300000071525574,0.0,2500
2010-07-26,0.9300000071525574,0.9300000071525574,0.0,1.0499999523162842,0.9200000166893005,0.9200000166893005,0.0,3400
2010-07-27,0.9300000071525574,0.9300000071525574,0.0,0.9300000071525574,0.9300000071525574,0.9300000071525574,0.0,0
2010-07-28,1.0299999713897705,1.0299999713897705,0.0,1.0299999713897705,1.0299999713897705,1.0299999713897705,0.0,100
2010-07-29,0.949999988079071,0.949999988079071,0.0,1.2200000286102295,0.949999988079071,1.0299999713897705,0.0,2400
2010-07-30,0.9800000190734863,0.9800000190734863,0.0,1.100000023841858,0.949999988079071,1.090000033378601,0.0,6600
2010-08-02,0.949999988079071,0.949999988079071,0.0,0.949999988079071,0.949999988079071,0.949999988079071,0.0,500
2010-08-03,0.9300000071525574,0.9300000071525574,0.0,0.949999988079071,0.9300000071525574,0.949999988079071,0.0,300
2010-08-04,0.9300000071525574,0.9300000071525574,0.0,0.9300000071525574,0.9300000071525574,0.9300000071525574,0.0,0
2010-08-05,0.9300000071525574,0.9300000071525574,0.0,0.9300000071525574,0.9300000071525574,0.9300000071525574,0.0,0
2010-08-06,0.9300000071525574,0.9300000071525574,0.0,0.9300000071525574,0.9300000071525574,0.9300000071525574,0.0,0
2010-08-09,0.9300000071525574,0.9300000071525574,0.0,0.9300000071525574,0.9300000071525574,0.9300000071525574,0.0,300
2010-08-10,0.9300000071525574,0.9300000071525574,0.0,0.9300000071525574,0.9300000071525574,0.9300000071525574,0.0,800
2010-08-11,0.9200000166893005,0.9200000166893005,0.0,0.9300000071525574,0.9200000166893005,0.9300000071525574,0.0,6200
2010-08-12,0.9200000166893005,0.9200000166893005,0.0,0.9200000166893005,0.9200000166893005,0.9200000166893005,0.0,0
2010-08-13,0.9200000166893005,0.9200000166893005,0.0,0.9200000166893005,0.9200000166893005,0.9200000166893005,0.0,100
2010-08-16,1.0099999904632568,1.0099999904632568,0.0,1.1399999856948853,1.0099999904632568,1.0199999809265137,0.0,11000
2010-08-17,1.0,1.0,0.0,1.0199999809265137,1.0,1.0199999809265137,0.0,2400
2010-08-18,1.0,1.0,0.0,1.0,1.0,1.0,0.0,0
2010-08-19,0.8999999761581421,0.8999999761581421,0.0,1.0199999809265137,0.7699999809265137,1.0199999809265137,0.0,17000
2010-08-20,1.0,1.0,0.0,1.0,1.0,1.0,0.0,400
2010-08-23,0.9900000095367432,0.9900000095367432,0.0,1.0,0.800000011920929,0.8999999761581421,0.0,19900
2010-08-24,0.9900000095367432,0.9900000095367432,0.0,0.9900000095367432,0.9900000095367432,0.9900000095367432,0.0,0
2010-08-25,0.9900000095367432,0.9900000095367432,0.0,0.9900000095367432,0.9900000095367432,0.9900000095367432,0.0,0
2010-08-26,0.8799999952316284,0.8799999952316284,0.0,0.8799999952316284,0.8799999952316284,0.8799999952316284,0.0,400
2010-08-27,0.8399999737739563,0.8399999737739563,0.0,0.8999999761581421,0.8399999737739563,0.8999999761581421,0.0,500
2010-08-30,0.8399999737739563,0.8399999737739563,0.0,0.8399999737739563,0.8399999737739563,0.8399999737739563,0.0,0
2010-08-31,0.8700000047683716,0.8700000047683716,0.0,0.8799999952316284,0.8399999737739563,0.8399999737739563,0.0,6200
2010-09-01,0.8700000047683716,0.8700000047683716,0.0,0.8700000047683716,0.8700000047683716,0.8700000047683716,0.0,0
2010-09-02,0.8999999761581421,0.8999999761581421,0.0,0.9200000166893005,0.8999999761581421,0.9200000166893005,0.0,1000
2010-09-03,0.8999999761581421,0.8999999761581421,0.0,0.8999999761581421,0.8999999761581421,0.8999999761581421,0.0,0
2010-09-07,0.8999999761581421,0.8999999761581421,0.0,0.8999999761581421,0.8999999761581421,0.8999999761581421,0.0,1000
2010-09-08,0.8999999761581421,0.8999999761581421,0.0,0.8999999761581421,0.8999999761581421,0.8999999761581421,0.0,900
2010-09-09,0.8999999761581421,0.8999999761581421,0.0,0.8999999761581421,0.8999999761581421,0.8999999761581421,0.0,1700
2010-09-10,0.8999999761581421,0.8999999761581421,0.0,0.8999999761581421,0.8999999761581421,0.8999999761581421,0.0,300
2010-09-13,0.8899999856948853,0.8899999856948853,0.0,0.8899999856948853,0.8899999856948853,0.8899999856948853,0.0,700
2010-09-14,0.8899999856948853,0.8899999856948853,0.0,0.8899999856948853,0.8899999856948853,0.8899999856948853,0.0,0
2010-09-15,0.8999999761581421,0.8999999761581421,0.0,0.8999999761581421,0.8999999761581421,0.8999999761581421,0.0,13000
2010-09-16,0.8999999761581421,0.8999999761581421,0.0,0.8999999761581421,0.8999999761581421,0.8999999761581421,0.0,0
2010-09-17,0.949999988079071,0.949999988079071,0.0,0.949999988079071,0.8999999761581421,0.8999999761581421,0.0,1600
2010-09-20,0.8799999952316284,0.8799999952316284,0.0,0.9100000262260437,0.8399999737739563,0.9100000262260437,0.0,3100
2010-09-21,0.8500000238418579,0.8500000238418579,0.0,0.8500000238418579,0.8500000238418579,0.8500000238418579,0.0,200
2010-09-22,0.8500000238418579,0.8500000238418579,0.0,0.8500000238418579,0.8500000238418579,0.8500000238418579,0.0,0
2010-09-23,0.8899999856948853,0.8899999856948853,0.0,0.8999999761581421,0.8799999952316284,0.8899999856948853,0.0,800
2010-09-24,0.8700000047683716,0.8700000047683716,0.0,0.8799999952316284,0.8500000238418579,0.8799999952316284,0.0,3300
2010-09-27,0.8700000047683716,0.8700000047683716,0.0,0.8700000047683716,0.8700000047683716,0.8700000047683716,0.0,400
2010-09-28,1.0,1.0,0.0,1.0,0.9399999976158142,0.9399999976158142,0.0,500
2010-09-29,1.0,1.0,0.0,1.0,1.0,1.0,0.0,0
2010-09-30,1.0,1.0,0.0,1.0,1.0,1.0,0.0,0
2010-10-01,1.0,1.0,0.0,1.0,1.0,1.0,0.0,0
2010-10-04,0.8999999761581421,0.8999999761581421,0.0,0.8999999761581421,0.8999999761581421,0.8999999761581421,0.0,2600
2010-10-05,0.8999999761581421,0.8999999761581421,0.0,0.8999999761581421,0.8999999761581421,0.8999999761581421,0.0,0
2010-10-06,0.8399999737739563,0.8399999737739563,0.0,0.8999999761581421,0.8399999737739563,0.8999999761581421,0.0,1400
2010-10-07,0.8999999761581421,0.8999999761581421,0.0,0.8999999761581421,0.8999999761581421,0.8999999761581421,0.0,300
2010-10-08,0.8999999761581421,0.8999999761581421,0.0,0.8999999761581421,0.8999999761581421,0.8999999761581421,0.0,0
2010-10-11,1.0,1.0,0.0,1.0,1.0,1.0,0.0,500
2010-10-12,0.8999999761581421,0.8999999761581421,0.0,0.8999999761581421,0.8999999761581421,0.8999999761581421,0.0,200
2010-10-13,0.8999999761581421,0.8999999761581421,0.0,0.8999999761581421,0.8999999761581421,0.8999999761581421,0.0,700
2010-10-14,0.9100000262260437,0.9100000262260437,0.0,0.9100000262260437,0.9100000262260437,0.9100000262260437,0.0,200
2010-10-15,0.8999999761581421,0.8999999761581421,0.0,0.8999999761581421,0.8999999761581421,0.8999999761581421,0.0,3000
2010-10-18,0.8999999761581421,0.8999999761581421,0.0,0.9900000095367432,0.8999999761581421,0.9800000190734863,0.0,1500
2010-10-19,0.8999999761581421,0.8999999761581421,0.0,0.8999999761581421,0.8399999737739563,0.8399999737739563,0.0,2900
2010-10-20,0.8999999761581421,0.8999999761581421,0.0,0.8999999761581421,0.8999999761581421,0.8999999761581421,0.0,0
2010-10-21,0.8999999761581421,0.8999999761581421,0.0,0.8999999761581421,0.8999999761581421,0.8999999761581421,0.0,2100
2010-10-22,0.8700000047683716,0.8700000047683716,0.0,0.8700000047683716,0.8700000047683716,0.8700000047683716,0.0,300
2010-10-25,0.8899999856948853,0.8899999856948853,0.0,0.8999999761581421,0.8899999856948853,0.8999999761581421,0.0,3800
2010-10-26,0.8899999856948853,0.8899999856948853,0.0,0.8899999856948853,0.8899999856948853,0.8899999856948853,0.0,500
2010-10-27,0.8999999761581421,0.8999999761581421,0.0,0.8999999761581421,0.8999999761581421,0.8999999761581421,0.0,200
2010-10-28,1.0800000429153442,1.0800000429153442,0.0,1.149999976158142,0.9100000262260437,0.9100000262260437,0.0,28500
2010-10-29,1.090000033378601,1.090000033378601,0.0,1.100000023841858,1.0499999523162842,1.0499999523162842,0.0,5000
2010-11-01,1.090000033378601,1.090000033378601,0.0,1.090000033378601,1.090000033378601,1.090000033378601,0.0,0
2010-11-02,1.0,1.0,0.0,1.1799999475479126,0.9599999785423279,1.090000033378601,0.0,17000
2010-11-03,1.0,1.0,0.0,1.100000023841858,1.0,1.100000023841858,0.0,5900
2010-11-04,0.9100000262260437,0.9100000262260437,0.0,0.9100000262260437,0.9100000262260437,0.9100000262260437,0.0,1500
2010-11-05,0.9100000262260437,0.9100000262260437,0.0,1.0499999523162842,0.9100000262260437,0.9700000286102295,0.0,7500
2010-11-08,0.9100000262260437,0.9100000262260437,0.0,0.9100000262260437,0.9100000262260437,0.9100000262260437,0.0,1900
2010-11-09,0.9100000262260437,0.9100000262260437,0.0,0.9100000262260437,0.9100000262260437,0.9100000262260437,0.0,0
2010-11-10,0.9100000262260437,0.9100000262260437,0.0,0.9100000262260437,0.9100000262260437,0.9100000262260437,0.0,0
2010-11-11,0.9100000262260437,0.9100000262260437,0.0,0.9100000262260437,0.9100000262260437,0.9100000262260437,0.0,0
2010-11-12,0.9100000262260437,0.9100000262260437,0.0,0.9100000262260437,0.9100000262260437,0.9100000262260437,0.0,0
2010-11-15,0.9100000262260437,0.9100000262260437,0.0,0.9100000262260437,0.9100000262260437,0.9100000262260437,0.0,0
2010-11-16,0.9200000166893005,0.9200000166893005,0.0,0.9200000166893005,0.9200000166893005,0.9200000166893005,0.0,2700
2010-11-17,0.9200000166893005,0.9200000166893005,0.0,0.9200000166893005,0.9200000166893005,0.9200000166893005,0.0,0
2010-11-18,0.9200000166893005,0.9200000166893005,0.0,0.9200000166893005,0.9200000166893005,0.9200000166893005,0.0,0
2010-11-19,0.8899999856948853,0.8899999856948853,0.0,0.8999999761581421,0.8899999856948853,0.8999999761581421,0.0,11300
2010-11-22,0.8899999856948853,0.8899999856948853,0.0,0.8899999856948853,0.8899999856948853,0.8899999856948853,0.0,600
2010-11-23,0.8500000238418579,0.8500000238418579,0.0,0.8899999856948853,0.8500000238418579,0.8899999856948853,0.0,3500
2010-11-24,0.8899999856948853,0.8899999856948853,0.0,0.9599999785423279,0.8799999952316284,0.949999988079071,0.0,4000
2010-11-26,0.8899999856948853,0.8899999856948853,0.0,0.8899999856948853,0.8899999856948853,0.8899999856948853,0.0,0
2010-11-29,0.8899999856948853,0.8899999856948853,0.0,0.8899999856948853,0.8899999856948853,0.8899999856948853,0.0,800
2010-11-30,1.0,1.0,0.0,1.0,0.8999999761581421,0.8999999761581421,0.0,15100
2010-12-01,0.8999999761581421,0.8999999761581421,0.0,1.0,0.8999999761581421,1.0,0.0,4500
2010-12-02,0.8999999761581421,0.8999999761581421,0.0,1.0299999713897705,0.8999999761581421,1.0,0.0,11200
2010-12-03,1.0299999713897705,1.0299999713897705,0.0,1.0499999523162842,0.8999999761581421,0.8999999761581421,0.0,31800
2010-12-06,1.149999976158142,1.149999976158142,0.0,1.149999976158142,0.9100000262260437,1.0199999809265137,0.0,23800
2010-12-07,1.2999999523162842,1.2999999523162842,0.0,1.3200000524520874,1.1299999952316284,1.1799999475479126,0.0,29200
2010-12-08,1.25,1.25,0.0,1.350000023841858,1.0800000429153442,1.350000023841858,0.0,11400
2010-12-09,1.3300000429153442,1.3300000429153442,0.0,1.3300000429153442,1.25,1.25,0.0,27300
2010-12-10,1.2999999523162842,1.2999999523162842,0.0,1.3899999856948853,1.25,1.350000023841858,0.0,18900
2010-12-13,1.2799999713897705,1.2799999713897705,0.0,1.2799999713897705,1.25,1.25,0.0,3500
2010-12-14,1.399999976158142,1.399999976158142,0.0,1.5,1.2599999904632568,1.2999999523162842,0.0,11600
2010-12-15,1.5099999904632568,1.5099999904632568,0.0,1.5499999523162842,1.399999976158142,1.4199999570846558,0.0,20000
2010-12-16,1.7999999523162842,1.7999999523162842,0.0,1.7999999523162842,1.5499999523162842,1.600000023841858,0.0,63200
2010-12-17,2.6700000762939453,2.6700000762939453,0.0,3.190000057220459,2.0,2.0,0.0,191300
2010-12-20,3.549999952316284,3.549999952316284,0.0,3.9800000190734863,2.9600000381469727,3.0,0.0,308600
2010-12-21,2.5799999237060547,2.5799999237060547,0.0,3.75,2.559999942779541,3.319999933242798,0.0,177300
2010-12-22,2.049999952316284,2.049999952316284,0.0,2.799999952316284,1.899999976158142,2.799999952316284,0.0,215100
2010-12-23,1.7000000476837158,1.7000000476837158,0.0,2.049999952316284,1.649999976158142,2.049999952316284,0.0,166300
2010-12-27,2.180000066757202,2.180000066757202,0.0,2.2200000286102295,1.6200000047683716,1.649999976158142,0.0,155800
2010-12-28,2.0199999809265137,2.0199999809265137,0.0,2.2200000286102295,1.899999976158142,2.1500000953674316,0.0,62300
2010-12-29,2.6700000762939453,2.6700000762939453,0.0,2.940000057220459,2.0399999618530273,2.069999933242798,0.0,590300
2010-12-30,2.700000047683716,2.700000047683716,0.0,2.880000114440918,2.5999999046325684,2.740000009536743,0.0,107900
2010-12-31,2.5199999809265137,2.5199999809265137,0.0,2.7200000286102295,2.4600000381469727,2.5399999618530273,0.0,31900
2011-01-03,2.4000000953674316,2.4000000953674316,0.0,2.6500000953674316,2.2799999713897705,2.5199999809265137,0.0,44900
2011-01-04,2.25,2.25,0.0,2.4000000953674316,2.0999999046325684,2.4000000953674316,0.0,41500
2011-01-05,2.140000104904175,2.140000104904175,0.0,2.25,2.0999999046325684,2.2100000381469727,0.0,27300
2011-01-06,2.450000047683716,2.450000047683716,0.0,2.5799999237060547,2.1500000953674316,2.1500000953674316,0.0,40700
2011-01-07,2.450000047683716,2.450000047683716,0.0,2.5299999713897705,2.25,2.5299999713897705,0.0,18800
2011-01-10,2.4700000286102295,2.4700000286102295,0.0,2.509999990463257,2.240000009536743,2.509999990463257,0.0,13400
2011-01-11,2.2799999713897705,2.2799999713897705,0.0,2.380000114440918,2.2699999809265137,2.3499999046325684,0.0,32100
2011-01-12,2.3399999141693115,2.3399999141693115,0.0,2.3499999046325684,2.2799999713897705,2.2799999713897705,0.0,7200
2011-01-13,2.490000009536743,2.490000009536743,0.0,2.490000009536743,2.3499999046325684,2.3499999046325684,0.0,27900
2011-01-14,2.369999885559082,2.369999885559082,0.0,2.490000009536743,2.369999885559082,2.450000047683716,0.0,11600
2011-01-18,2.430000066757202,2.430000066757202,0.0,2.440000057220459,2.309999942779541,2.309999942779541,0.0,6700
2011-01-19,2.3299999237060547,2.3299999237060547,0.0,2.4700000286102295,2.309999942779541,2.359999895095825,0.0,14300
2011-01-20,2.390000104904175,2.390000104904175,0.0,2.4200000762939453,2.3399999141693115,2.4100000858306885,0.0,18500
2011-01-21,2.359999895095825,2.359999895095825,0.0,2.359999895095825,2.3499999046325684,2.359999895095825,0.0,1200
2011-01-24,2.200000047683716,2.200000047683716,0.0,2.299999952316284,2.1500000953674316,2.299999952316284,0.0,16900
2011-01-25,2.130000114440918,2.130000114440918,0.0,2.200000047683716,1.9199999570846558,2.1500000953674316,0.0,15400
2011-01-26,2.200000047683716,2.200000047683716,0.0,2.200000047683716,2.0899999141693115,2.0999999046325684,0.0,13300
2011-01-27,2.299999952316284,2.299999952316284,0.0,2.4000000953674316,2.1500000953674316,2.240000009536743,0.0,8200
2011-01-28,2.2799999713897705,2.2799999713897705,0.0,2.4000000953674316,2.2699999809265137,2.4000000953674316,0.0,4600
2011-01-31,2.2300000190734863,2.2300000190734863,0.0,2.240000009536743,2.0899999141693115,2.2200000286102295,0.0,14500
2011-02-01,2.200000047683716,2.200000047683716,0.0,2.200000047683716,2.0899999141693115,2.190000057220459,0.0,4400
2011-02-02,2.0899999141693115,2.0899999141693115,0.0,2.2799999713897705,2.0899999141693115,2.1600000858306885,0.0,9200
2011-02-03,2.0899999141693115,2.0899999141693115,0.0,2.2200000286102295,2.0899999141693115,2.0899999141693115,0.0,3700
2011-02-04,2.0799999237060547,2.0799999237060547,0.0,2.180000066757202,2.0799999237060547,2.109999895095825,0.0,2700
2011-02-07,2.430000066757202,2.430000066757202,0.0,3.0,2.140000104904175,2.1500000953674316,0.0,187100
2011-02-08,2.559999942779541,2.559999942779541,0.0,2.680000066757202,2.4000000953674316,2.4000000953674316,0.0,62200
2011-02-09,2.450000047683716,2.450000047683716,0.0,2.569999933242798,2.390000104904175,2.569999933242798,0.0,28000
2011-02-10,2.450000047683716,2.450000047683716,0.0,2.5899999141693115,2.3499999046325684,2.4600000381469727,0.0,18100
2011-02-11,2.5,2.5,0.0,2.5399999618530273,2.309999942779541,2.4100000858306885,0.0,16400
2011-02-14,2.569999933242798,2.569999933242798,0.0,2.6600000858306885,2.509999990463257,2.509999990463257,0.0,24900
2011-02-15,2.5199999809265137,2.5199999809265137,0.0,2.6500000953674316,2.440000057220459,2.569999933242798,0.0,15500
2011-02-16,2.5999999046325684,2.5999999046325684,0.0,2.5999999046325684,2.440000057220459,2.4800000190734863,0.0,22600
2011-02-17,2.440000057220459,2.440000057220459,0.0,2.549999952316284,2.430000066757202,2.549999952316284,0.0,16500
2011-02-18,2.4100000858306885,2.4100000858306885,0.0,2.4800000190734863,2.4100000858306885,2.440000057220459,0.0,13700
2011-02-22,2.440000057220459,2.440000057220459,0.0,2.5199999809265137,2.4000000953674316,2.450000047683716,0.0,6000
2011-02-23,2.299999952316284,2.299999952316284,0.0,2.450000047683716,2.299999952316284,2.450000047683716,0.0,18200
2011-02-24,2.25,2.25,0.0,2.4000000953674316,2.069999933242798,2.369999885559082,0.0,13600
2011-02-25,2.359999895095825,2.359999895095825,0.0,2.4700000286102295,2.25,2.25,0.0,2700
2011-02-28,2.4600000381469727,2.4600000381469727,0.0,2.4600000381469727,2.200000047683716,2.359999895095825,0.0,13800
2011-03-01,2.0299999713897705,2.0299999713897705,0.0,2.4800000190734863,2.0299999713897705,2.4800000190734863,0.0,44900
2011-03-02,1.850000023841858,1.850000023841858,0.0,2.0399999618530273,1.809999942779541,2.0299999713897705,0.0,20900
2011-03-03,1.9800000190734863,1.9800000190734863,0.0,1.9800000190734863,1.899999976158142,1.899999976158142,0.0,24900
2011-03-04,1.9800000190734863,1.9800000190734863,0.0,1.9800000190734863,1.9800000190734863,1.9800000190734863,0.0,2700
2011-03-07,1.9800000190734863,1.9800000190734863,0.0,1.9800000190734863,1.899999976158142,1.899999976158142,0.0,6000
2011-03-08,1.9700000286102295,1.9700000286102295,0.0,1.9700000286102295,1.899999976158142,1.899999976158142,0.0,2800
2011-03-09,1.940000057220459,1.940000057220459,0.0,1.940000057220459,1.7999999523162842,1.899999976158142,0.0,3600
2011-03-10,1.840000033378601,1.840000033378601,0.0,1.8600000143051147,1.840000033378601,1.8600000143051147,0.0,1800
2011-03-11,1.940000057220459,1.940000057220459,0.0,2.049999952316284,1.7400000095367432,1.7400000095367432,0.0,6700
2011-03-14,1.940000057220459,1.940000057220459,0.0,1.940000057220459,1.940000057220459,1.940000057220459,0.0,0
2011-03-15,1.940000057220459,1.940000057220459,0.0,1.940000057220459,1.940000057220459,1.940000057220459,0.0,0
2011-03-16,1.940000057220459,1.940000057220459,0.0,1.940000057220459,1.8300000429153442,1.8300000429153442,0.0,600
2011-03-17,1.940000057220459,1.940000057220459,0.0,1.940000057220459,1.899999976158142,1.940000057220459,0.0,1800
2011-03-18,1.940000057220459,1.940000057220459,0.0,1.940000057220459,1.940000057220459,1.940000057220459,0.0,0
2011-03-21,1.940000057220459,1.940000057220459,0.0,1.940000057220459,1.8300000429153442,1.8300000429153442,0.0,9000
2011-03-22,2.0,2.0,0.0,2.0799999237060547,1.940000057220459,1.940000057220459,0.0,16900
2011-03-23,2.2899999618530273,2.2899999618530273,0.0,2.5,2.0,2.0,0.0,32700
2011-03-24,2.450000047683716,2.450000047683716,0.0,2.450000047683716,2.299999952316284,2.299999952316284,0.0,23300
2011-03-25,2.5,2.5,0.0,2.5399999618530273,2.440000057220459,2.5,0.0,7800
2011-03-28,2.4200000762939453,2.4200000762939453,0.0,2.509999990463257,2.390000104904175,2.5,0.0,5600
2011-03-29,2.390000104904175,2.390000104904175,0.0,2.4200000762939453,2.390000104904175,2.4200000762939453,0.0,1000
2011-03-30,2.390000104904175,2.390000104904175,0.0,2.4000000953674316,2.390000104904175,2.4000000953674316,0.0,1000
2011-03-31,2.2899999618530273,2.2899999618530273,0.0,2.4100000858306885,2.180000066757202,2.390000104904175,0.0,12800
2011-04-01,2.299999952316284,2.299999952316284,0.0,2.299999952316284,2.109999895095825,2.240000009536743,0.0,1900
2011-04-04,2.25,2.25,0.0,2.2899999618530273,2.200000047683716,2.2699999809265137,0.0,4700
2011-04-05,2.1600000858306885,2.1600000858306885,0.0,2.25,2.0,2.200000047683716,0.0,12200
2011-04-06,2.259999990463257,2.259999990463257,0.0,2.5399999618530273,2.109999895095825,2.130000114440918,0.0,10600
2011-04-07,2.4800000190734863,2.4800000190734863,0.0,2.4800000190734863,2.299999952316284,2.299999952316284,0.0,6000
2011-04-08,2.630000114440918,2.630000114440918,0.0,2.890000104904175,2.4800000190734863,2.549999952316284,0.0,23800
2011-04-11,2.509999990463257,2.509999990463257,0.0,2.700000047683716,2.359999895095825,2.4100000858306885,0.0,6900
2011-04-12,2.5,2.5,0.0,2.5,2.5,2.5,0.0,200
2011-04-13,2.490000009536743,2.490000009536743,0.0,2.549999952316284,2.200000047683716,2.509999990463257,0.0,3300
2011-04-14,2.5,2.5,0.0,2.5999999046325684,2.4100000858306885,2.490000009536743,0.0,1200
2011-04-15,2.450000047683716,2.450000047683716,0.0,2.4800000190734863,2.4000000953674316,2.4700000286102295,0.0,1400
2011-04-18,2.4800000190734863,2.4800000190734863,0.0,2.609999895095825,2.4000000953674316,2.609999895095825,0.0,6700
2011-04-19,2.4800000190734863,2.4800000190734863,0.0,2.5,2.4000000953674316,2.4600000381469727,0.0,1700
2011-04-20,2.4800000190734863,2.4800000190734863,0.0,2.4800000190734863,2.4800000190734863,2.4800000190734863,0.0,0
2011-04-21,2.450000047683716,2.450000047683716,0.0,2.5899999141693115,2.450000047683716,2.5899999141693115,0.0,10400
2011-04-25,2.6500000953674316,2.6500000953674316,0.0,2.75,2.5399999618530273,2.5399999618530273,0.0,40700
2011-04-26,2.5199999809265137,2.5199999809265137,0.0,2.700000047683716,2.4100000858306885,2.700000047683716,0.0,12700
2011-04-27,2.700000047683716,2.700000047683716,0.0,2.740000009536743,2.549999952316284,2.5799999237060547,0.0,28000
2011-04-28,2.75,2.75,0.0,2.8299999237060547,2.7300000190734863,2.75,0.0,22000
2011-04-29,2.5899999141693115,2.5899999141693115,0.0,2.7699999809265137,2.5299999713897705,2.7699999809265137,0.0,28000
2011-05-02,2.4100000858306885,2.4100000858306885,0.0,2.5899999141693115,2.4100000858306885,2.5899999141693115,0.0,61000
2011-05-03,2.430000066757202,2.430000066757202,0.0,2.4600000381469727,2.430000066757202,2.440000057220459,0.0,6700
2011-05-04,2.4000000953674316,2.4000000953674316,0.0,2.4000000953674316,2.2100000381469727,2.4000000953674316,0.0,22300
2011-05-05,2.2699999809265137,2.2699999809265137,0.0,2.4000000953674316,2.25,2.390000104904175,0.0,28000
2011-05-06,2.009999990463257,2.009999990463257,0.0,2.25,1.9299999475479126,2.25,0.0,301000
2011-05-09,1.8300000429153442,1.8300000429153442,0.0,2.009999990463257,1.7999999523162842,2.009999990463257,0.0,273000
2011-05-10,1.8600000143051147,1.8600000143051147,0.0,1.909999966621399,1.8300000429153442,1.8300000429153442,0.0,128400
2011-05-11,1.8600000143051147,1.8600000143051147,0.0,1.9900000095367432,1.809999942779541,1.8799999952316284,0.0,105600
2011-05-12,2.140000104904175,2.140000104904175,0.0,2.450000047683716,2.119999885559082,2.319999933242798,0.0,1800000
2011-05-13,2.119999885559082,2.119999885559082,0.0,2.190000057220459,2.0,2.140000104904175,0.0,274000
2011-05-16,2.130000114440918,2.130000114440918,0.0,2.240000009536743,2.059999942779541,2.240000009536743,0.0,57300
2011-05-17,2.0,2.0,0.0,2.140000104904175,2.0,2.049999952316284,0.0,92600
2011-05-18,1.9600000381469727,1.9600000381469727,0.0,2.0999999046325684,1.940000057220459,2.0399999618530273,0.0,92300
2011-05-19,1.9600000381469727,1.9600000381469727,0.0,2.0,1.9500000476837158,2.0,0.0,20700
2011-05-20,2.0799999237060547,2.0799999237060547,0.0,2.0899999141693115,2.0,2.0,0.0,35600
2011-05-23,1.9600000381469727,1.9600000381469727,0.0,2.0299999713897705,1.9199999570846558,2.0299999713897705,0.0,59100
2011-05-24,1.9600000381469727,1.9600000381469727,0.0,2.0,1.940000057220459,1.940000057220459,0.0,13100
2011-05-25,1.9700000286102295,1.9700000286102295,0.0,2.0,1.9700000286102295,2.0,0.0,700
2011-05-26,1.9500000476837158,1.9500000476837158,0.0,2.0,1.940000057220459,1.9700000286102295,0.0,32000
2011-05-27,2.109999895095825,2.109999895095825,0.0,2.119999885559082,1.9600000381469727,1.9600000381469727,0.0,70300
2011-05-31,2.0899999141693115,2.0899999141693115,0.0,2.1500000953674316,2.0299999713897705,2.1500000953674316,0.0,52900
2011-06-01,2.0999999046325684,2.0999999046325684,0.0,2.0999999046325684,2.009999990463257,2.009999990463257,0.0,10000
2011-06-02,2.0299999713897705,2.0299999713897705,0.0,2.109999895095825,1.9500000476837158,2.109999895095825,0.0,36600
2011-06-03,2.0399999618530273,2.0399999618530273,0.0,2.0799999237060547,2.0,2.0,0.0,47000
2011-06-06,2.0399999618530273,2.0399999618530273,0.0,2.0999999046325684,2.0399999618530273,2.049999952316284,0.0,26900
2011-06-07,2.0299999713897705,2.0299999713897705,0.0,2.0999999046325684,2.0199999809265137,2.069999933242798,0.0,46100
2011-06-08,2.0199999809265137,2.0199999809265137,0.0,2.059999942779541,2.0,2.009999990463257,0.0,78900
2011-06-09,2.0799999237060547,2.0799999237060547,0.0,2.0999999046325684,2.0199999809265137,2.0399999618530273,0.0,8100
2011-06-10,2.059999942779541,2.059999942779541,0.0,2.0799999237060547,2.009999990463257,2.0299999713897705,0.0,22900
2011-06-13,1.9500000476837158,1.9500000476837158,0.0,2.049999952316284,1.9199999570846558,2.049999952316284,0.0,17300
2011-06-14,2.0,2.0,0.0,2.059999942779541,1.9299999475479126,1.9600000381469727,0.0,12600
2011-06-15,1.8799999952316284,1.8799999952316284,0.0,2.009999990463257,1.8799999952316284,2.009999990463257,0.0,25100
2011-06-16,1.9900000095367432,1.9900000095367432,0.0,1.9900000095367432,1.899999976158142,1.899999976158142,0.0,1800
2011-06-17,1.9800000190734863,1.9800000190734863,0.0,2.0799999237060547,1.940000057220459,2.059999942779541,0.0,13400
2011-06-20,1.9900000095367432,1.9900000095367432,0.0,1.9900000095367432,1.9500000476837158,1.9800000190734863,0.0,16500
2011-06-21,1.9299999475479126,1.9299999475479126,0.0,2.0,1.909999966621399,1.9500000476837158,0.0,30300
2011-06-22,1.9500000476837158,1.9500000476837158,0.0,1.9500000476837158,1.899999976158142,1.940000057220459,0.0,7900
2011-06-23,1.9800000190734863,1.9800000190734863,0.0,1.9800000190734863,1.899999976158142,1.899999976158142,0.0,2900
2011-06-24,1.9500000476837158,1.9500000476837158,0.0,2.0,1.9500000476837158,2.0,0.0,2800
2011-06-27,1.9700000286102295,1.9700000286102295,0.0,1.9700000286102295,1.899999976158142,1.940000057220459,0.0,12900
2011-06-28,1.940000057220459,1.940000057220459,0.0,1.9900000095367432,1.940000057220459,1.9700000286102295,0.0,12400
2011-06-29,1.940000057220459,1.940000057220459,0.0,1.9600000381469727,1.940000057220459,1.9600000381469727,0.0,6600
2011-06-30,1.9800000190734863,1.9800000190734863,0.0,2.0299999713897705,1.940000057220459,1.9500000476837158,0.0,7700
2011-07-01,2.0,2.0,0.0,2.0,2.0,2.0,0.0,3200
2011-07-05,1.9700000286102295,1.9700000286102295,0.0,2.0199999809265137,1.9600000381469727,2.0199999809265137,0.0,13500
2011-07-06,1.909999966621399,1.909999966621399,0.0,1.9600000381469727,1.850000023841858,1.9600000381469727,0.0,28800
2011-07-07,1.8700000047683716,1.8700000047683716,0.0,1.909999966621399,1.809999942779541,1.909999966621399,0.0,12800
2011-07-08,1.9199999570846558,1.9199999570846558,0.0,1.9199999570846558,1.8600000143051147,1.8600000143051147,0.0,5400
2011-07-11,1.9500000476837158,1.9500000476837158,0.0,1.9800000190734863,1.809999942779541,1.899999976158142,0.0,38400
2011-07-12,1.8600000143051147,1.8600000143051147,0.0,1.909999966621399,1.8600000143051147,1.899999976158142,0.0,4000
2011-07-13,1.8600000143051147,1.8600000143051147,0.0,1.8700000047683716,1.8600000143051147,1.8700000047683716,0.0,5000
2011-07-14,1.7999999523162842,1.7999999523162842,0.0,1.940000057220459,1.75,1.809999942779541,0.0,33600
2011-07-15,1.7899999618530273,1.7899999618530273,0.0,1.850000023841858,1.75,1.809999942779541,0.0,23000
2011-07-18,1.840000033378601,1.840000033378601,0.0,2.1500000953674316,1.809999942779541,2.1500000953674316,0.0,98700
2011-07-19,1.7999999523162842,1.7999999523162842,0.0,1.840000033378601,1.75,1.840000033378601,0.0,9400
2011-07-20,1.8799999952316284,1.8799999952316284,0.0,1.9299999475479126,1.7799999713897705,1.7799999713897705,0.0,21500
2011-07-21,1.8899999856948853,1.8899999856948853,0.0,1.9800000190734863,1.8600000143051147,1.909999966621399,0.0,5900
2011-07-22,1.840000033378601,1.840000033378601,0.0,1.9199999570846558,1.809999942779541,1.9199999570846558,0.0,16600
2011-07-25,1.8300000429153442,1.8300000429153442,0.0,1.8700000047683716,1.7799999713897705,1.8700000047683716,0.0,6000
2011-07-26,1.909999966621399,1.909999966621399,0.0,1.909999966621399,1.7699999809265137,1.8300000429153442,0.0,9200
2011-07-27,1.809999942779541,1.809999942779541,0.0,1.8600000143051147,1.7799999713897705,1.8600000143051147,0.0,3200
2011-07-28,1.8300000429153442,1.8300000429153442,0.0,1.840000033378601,1.7999999523162842,1.7999999523162842,0.0,3900
2011-07-29,1.8200000524520874,1.8200000524520874,0.0,1.840000033378601,1.8200000524520874,1.8300000429153442,0.0,3800
2011-08-01,1.7899999618530273,1.7899999618530273,0.0,1.7999999523162842,1.7799999713897705,1.7999999523162842,0.0,26900
2011-08-02,1.8700000047683716,1.8700000047683716,0.0,1.9800000190734863,1.7799999713897705,1.7799999713897705,0.0,6700
2011-08-03,1.809999942779541,1.809999942779541,0.0,1.9600000381469727,1.809999942779541,1.850000023841858,0.0,6100
2011-08-04,1.809999942779541,1.809999942779541,0.0,1.8700000047683716,1.7999999523162842,1.850000023841858,0.0,6700
2011-08-05,1.7899999618530273,1.7899999618530273,0.0,1.909999966621399,1.7899999618530273,1.909999966621399,0.0,27500
2011-08-08,1.649999976158142,1.649999976158142,0.0,1.7999999523162842,1.6299999952316284,1.7599999904632568,0.0,17100
2011-08-09,1.399999976158142,1.399999976158142,0.0,1.7400000095367432,1.3300000429153442,1.5,0.0,50400
2011-08-10,1.5499999523162842,1.5499999523162842,0.0,1.6699999570846558,1.2699999809265137,1.3799999952316284,0.0,36500
2011-08-11,1.5700000524520874,1.5700000524520874,0.0,1.5700000524520874,1.4900000095367432,1.5,0.0,9200
2011-08-12,1.6100000143051147,1.6100000143051147,0.0,1.6100000143051147,1.5,1.5800000429153442,0.0,15400
2011-08-15,1.6100000143051147,1.6100000143051147,0.0,1.6399999856948853,1.5099999904632568,1.590000033378601,0.0,5700
2011-08-16,1.5399999618530273,1.5399999618530273,0.0,1.600000023841858,1.5399999618530273,1.600000023841858,0.0,2300
2011-08-17,1.659999966621399,1.659999966621399,0.0,1.6699999570846558,1.5399999618530273,1.5399999618530273,0.0,4100
2011-08-18,1.5399999618530273,1.5399999618530273,0.0,1.600000023841858,1.5399999618530273,1.600000023841858,0.0,1000
2011-08-19,1.5800000429153442,1.5800000429153442,0.0,1.600000023841858,1.5,1.5499999523162842,0.0,10600
2011-08-22,1.5800000429153442,1.5800000429153442,0.0,1.5800000429153442,1.5800000429153442,1.5800000429153442,0.0,0
2011-08-23,1.5199999809265137,1.5199999809265137,0.0,1.5499999523162842,1.350000023841858,1.5199999809265137,0.0,24600
2011-08-24,1.5199999809265137,1.5199999809265137,0.0,1.5399999618530273,1.5199999809265137,1.5199999809265137,0.0,6800
2011-08-25,1.5199999809265137,1.5199999809265137,0.0,1.5199999809265137,1.5199999809265137,1.5199999809265137,0.0,400
2011-08-26,1.590000033378601,1.590000033378601,0.0,1.590000033378601,1.5800000429153442,1.5800000429153442,0.0,500
2011-08-29,1.5399999618530273,1.5399999618530273,0.0,1.6299999952316284,1.5399999618530273,1.590000033378601,0.0,3800
2011-08-30,1.5399999618530273,1.5399999618530273,0.0,1.649999976158142,1.5399999618530273,1.5399999618530273,0.0,2100
2011-08-31,1.5399999618530273,1.5399999618530273,0.0,1.6399999856948853,1.4600000381469727,1.559999942779541,0.0,2600
2011-09-01,1.5299999713897705,1.5299999713897705,0.0,1.6299999952316284,1.5199999809265137,1.5299999713897705,0.0,7700
2011-09-02,1.5499999523162842,1.5499999523162842,0.0,1.5800000429153442,1.5299999713897705,1.5800000429153442,0.0,800
2011-09-06,1.5499999523162842,1.5499999523162842,0.0,1.5700000524520874,1.5499999523162842,1.5700000524520874,0.0,900
2011-09-07,1.5499999523162842,1.5499999523162842,0.0,1.5499999523162842,1.5499999523162842,1.5499999523162842,0.0,0
2011-09-08,1.5800000429153442,1.5800000429153442,0.0,1.6299999952316284,1.5399999618530273,1.5499999523162842,0.0,1100
2011-09-09,1.5399999618530273,1.5399999618530273,0.0,1.5800000429153442,1.5399999618530273,1.5800000429153442,0.0,16600
2011-09-12,1.6100000143051147,1.6100000143051147,0.0,1.6100000143051147,1.5399999618530273,1.5399999618530273,0.0,300
2011-09-13,1.6100000143051147,1.6100000143051147,0.0,1.6100000143051147,1.6100000143051147,1.6100000143051147,0.0,0
2011-09-14,1.5399999618530273,1.5399999618530273,0.0,1.5399999618530273,1.5399999618530273,1.5399999618530273,0.0,400
2011-09-15,1.6299999952316284,1.6299999952316284,0.0,1.6299999952316284,1.5399999618530273,1.6200000047683716,0.0,6500
2011-09-16,1.600000023841858,1.600000023841858,0.0,1.649999976158142,1.600000023841858,1.6299999952316284,0.0,5300
2011-09-19,1.600000023841858,1.600000023841858,0.0,1.6100000143051147,1.600000023841858,1.6100000143051147,0.0,1900
2011-09-20,1.600000023841858,1.600000023841858,0.0,1.649999976158142,1.600000023841858,1.600000023841858,0.0,900
2011-09-21,1.600000023841858,1.600000023841858,0.0,1.6200000047683716,1.600000023841858,1.6200000047683716,0.0,15100
2011-09-22,1.5700000524520874,1.5700000524520874,0.0,1.6299999952316284,1.5399999618530273,1.559999942779541,0.0,3000
2011-09-23,1.5499999523162842,1.5499999523162842,0.0,1.5499999523162842,1.5499999523162842,1.5499999523162842,0.0,400
2011-09-26,1.5,1.5,0.0,1.5499999523162842,1.5,1.5399999618530273,0.0,48900
2011-09-27,1.4700000286102295,1.4700000286102295,0.0,1.4900000095367432,1.4199999570846558,1.4900000095367432,0.0,4500
2011-09-28,1.440000057220459,1.440000057220459,0.0,1.440000057220459,1.4199999570846558,1.4199999570846558,0.0,800
2011-09-29,1.3799999952316284,1.3799999952316284,0.0,1.600000023841858,1.3700000047683716,1.4299999475479126,0.0,1900
2011-09-30,1.190000057220459,1.190000057220459,0.0,1.4199999570846558,1.1799999475479126,1.4199999570846558,0.0,6900
2011-10-03,1.2699999809265137,1.2699999809265137,0.0,1.2699999809265137,1.100000023841858,1.2400000095367432,0.0,15200
2011-10-04,1.350000023841858,1.350000023841858,0.0,1.4800000190734863,1.1100000143051147,1.159999966621399,0.0,8600
2011-10-05,1.3600000143051147,1.3600000143051147,0.0,1.3600000143051147,1.3600000143051147,1.3600000143051147,0.0,500
2011-10-06,1.2699999809265137,1.2699999809265137,0.0,1.3200000524520874,1.2100000381469727,1.3200000524520874,0.0,1000
2011-10-07,1.2200000286102295,1.2200000286102295,0.0,1.2200000286102295,1.2200000286102295,1.2200000286102295,0.0,200
2011-10-10,1.2200000286102295,1.2200000286102295,0.0,1.2200000286102295,1.2200000286102295,1.2200000286102295,0.0,0
2011-10-11,1.3700000047683716,1.3700000047683716,0.0,1.3700000047683716,1.3700000047683716,1.3700000047683716,0.0,300
2011-10-12,1.3600000143051147,1.3600000143051147,0.0,1.3700000047683716,1.2999999523162842,1.3700000047683716,0.0,3100
2011-10-13,1.2899999618530273,1.2899999618530273,0.0,1.3600000143051147,1.25,1.2699999809265137,0.0,1400
2011-10-14,1.350000023841858,1.350000023841858,0.0,1.350000023841858,1.2799999713897705,1.2799999713897705,0.0,2600
2011-10-17,1.3899999856948853,1.3899999856948853,0.0,1.4199999570846558,1.3799999952316284,1.4199999570846558,0.0,1500
2011-10-18,1.3200000524520874,1.3200000524520874,0.0,1.3200000524520874,1.3200000524520874,1.3200000524520874,0.0,100
2011-10-19,1.350000023841858,1.350000023841858,0.0,1.4299999475479126,1.2599999904632568,1.340000033378601,0.0,9100
2011-10-20,1.309999942779541,1.309999942779541,0.0,1.4600000381469727,1.309999942779541,1.4600000381469727,0.0,4200
2011-10-21,1.309999942779541,1.309999942779541,0.0,1.3600000143051147,1.2599999904632568,1.3300000429153442,0.0,3800
2011-10-24,1.3200000524520874,1.3200000524520874,0.0,1.409999966621399,1.3200000524520874,1.409999966621399,0.0,3100
2011-10-25,1.3200000524520874,1.3200000524520874,0.0,1.350000023841858,1.2999999523162842,1.350000023841858,0.0,5500
2011-10-26,1.3200000524520874,1.3200000524520874,0.0,1.3200000524520874,1.3200000524520874,1.3200000524520874,0.0,1100
2011-10-27,1.350000023841858,1.350000023841858,0.0,1.4800000190734863,1.350000023841858,1.350000023841858,0.0,2800
2011-10-28,1.3600000143051147,1.3600000143051147,0.0,1.3600000143051147,1.2999999523162842,1.309999942779541,0.0,2200
2011-10-31,1.399999976158142,1.399999976158142,0.0,1.399999976158142,1.350000023841858,1.3600000143051147,0.0,1600
2011-11-01,1.3600000143051147,1.3600000143051147,0.0,1.3600000143051147,1.350000023841858,1.350000023841858,0.0,19700
2011-11-02,1.3899999856948853,1.3899999856948853,0.0,1.3899999856948853,1.3600000143051147,1.3600000143051147,0.0,10000
2011-11-03,1.4199999570846558,1.4199999570846558,0.0,1.4199999570846558,1.3899999856948853,1.399999976158142,0.0,27700
2011-11-04,1.399999976158142,1.399999976158142,0.0,1.4900000095367432,1.399999976158142,1.4199999570846558,0.0,22200
2011-11-07,1.3600000143051147,1.3600000143051147,0.0,1.4800000190734863,1.350000023841858,1.3899999856948853,0.0,2600
2011-11-08,1.350000023841858,1.350000023841858,0.0,1.350000023841858,1.350000023841858,1.350000023841858,0.0,1000
2011-11-09,1.2999999523162842,1.2999999523162842,0.0,1.4800000190734863,1.2999999523162842,1.4800000190734863,0.0,13700
2011-11-10,1.3700000047683716,1.3700000047683716,0.0,1.3700000047683716,1.309999942779541,1.309999942779541,0.0,8700
2011-11-11,1.340000033378601,1.340000033378601,0.0,1.340000033378601,1.3300000429153442,1.3300000429153442,0.0,2000
2011-11-14,1.4299999475479126,1.4299999475479126,0.0,1.4600000381469727,1.3300000429153442,1.3300000429153442,0.0,3000
2011-11-15,1.3600000143051147,1.3600000143051147,0.0,1.399999976158142,1.3600000143051147,1.399999976158142,0.0,3700
2011-11-16,1.3600000143051147,1.3600000143051147,0.0,1.3600000143051147,1.3600000143051147,1.3600000143051147,0.0,3000
2011-11-17,1.3600000143051147,1.3600000143051147,0.0,1.3600000143051147,1.3600000143051147,1.3600000143051147,0.0,0
2011-11-18,1.4500000476837158,1.4500000476837158,0.0,1.4500000476837158,1.3799999952316284,1.3799999952316284,0.0,3400
2011-11-21,1.399999976158142,1.399999976158142,0.0,1.4500000476837158,1.3600000143051147,1.3600000143051147,0.0,10100
2011-11-22,1.3600000143051147,1.3600000143051147,0.0,1.4299999475479126,1.3600000143051147,1.4299999475479126,0.0,200
2011-11-23,1.3700000047683716,1.3700000047683716,0.0,1.3700000047683716,1.3600000143051147,1.3600000143051147,0.0,500
2011-11-25,1.3600000143051147,1.3600000143051147,0.0,1.3600000143051147,1.3600000143051147,1.3600000143051147,0.0,1400
2011-11-28,1.5800000429153442,1.5800000429153442,0.0,1.6799999475479126,1.409999966621399,1.4700000286102295,0.0,5600
2011-11-29,1.5,1.5,0.0,1.5,1.4500000476837158,1.4500000476837158,0.0,2000
2011-11-30,1.4800000190734863,1.4800000190734863,0.0,1.5,1.4199999570846558,1.4500000476837158,0.0,14600
2011-12-01,1.4500000476837158,1.4500000476837158,0.0,1.4700000286102295,1.4500000476837158,1.4700000286102295,0.0,12600
2011-12-02,1.5299999713897705,1.5299999713897705,0.0,1.5299999713897705,1.4500000476837158,1.5,0.0,11000
2011-12-05,1.5299999713897705,1.5299999713897705,0.0,1.5299999713897705,1.5299999713897705,1.5299999713897705,0.0,0
2011-12-06,1.5399999618530273,1.5399999618530273,0.0,1.5399999618530273,1.5099999904632568,1.5399999618530273,0.0,2800
2011-12-07,1.5,1.5,0.0,1.5,1.5,1.5,0.0,1000
2011-12-08,1.4600000381469727,1.4600000381469727,0.0,1.5,1.4600000381469727,1.5,0.0,1800
2011-12-09,1.5,1.5,0.0,1.5199999809265137,1.4600000381469727,1.5199999809265137,0.0,12000
2011-12-12,1.5399999618530273,1.5399999618530273,0.0,1.5499999523162842,1.4600000381469727,1.4900000095367432,0.0,8500
2011-12-13,1.5499999523162842,1.5499999523162842,0.0,1.5499999523162842,1.5,1.5,0.0,9700
2011-12-14,1.4199999570846558,1.4199999570846558,0.0,1.440000057220459,1.3600000143051147,1.3600000143051147,0.0,11500
2011-12-15,1.5800000429153442,1.5800000429153442,0.0,1.6100000143051147,1.5399999618530273,1.5800000429153442,0.0,1400
2011-12-16,1.309999942779541,1.309999942779541,0.0,1.590000033378601,1.309999942779541,1.590000033378601,0.0,11300
2011-12-19,1.4800000190734863,1.4800000190734863,0.0,1.5399999618530273,1.309999942779541,1.5399999618530273,0.0,4200
2011-12-20,1.2999999523162842,1.2999999523162842,0.0,1.600000023841858,1.25,1.600000023841858,0.0,51600
2011-12-21,1.3200000524520874,1.3200000524520874,0.0,1.340000033378601,1.25,1.2899999618530273,0.0,3300
2011-12-22,1.3899999856948853,1.3899999856948853,0.0,1.3899999856948853,1.3200000524520874,1.3200000524520874,0.0,5000
2011-12-23,1.3700000047683716,1.3700000047683716,0.0,1.7300000190734863,1.3700000047683716,1.7300000190734863,0.0,51700
2011-12-27,1.4700000286102295,1.4700000286102295,0.0,1.4700000286102295,1.399999976158142,1.399999976158142,0.0,6400
2011-12-28,1.2999999523162842,1.2999999523162842,0.0,1.3700000047683716,1.2000000476837158,1.3700000047683716,0.0,32300
2011-12-29,1.350000023841858,1.350000023841858,0.0,1.350000023841858,1.25,1.2999999523162842,0.0,104800
2011-12-30,1.25,1.25,0.0,1.3300000429153442,1.1799999475479126,1.309999942779541,0.0,218700
2012-01-03,1.2699999809265137,1.2699999809265137,0.0,1.340000033378601,1.25,1.3200000524520874,0.0,4400
2012-01-04,1.350000023841858,1.350000023841858,0.0,1.3899999856948853,1.2999999523162842,1.3300000429153442,0.0,38300
2012-01-05,1.350000023841858,1.350000023841858,0.0,1.3700000047683716,1.2899999618530273,1.350000023841858,0.0,5600
2012-01-06,1.3300000429153442,1.3300000429153442,0.0,1.3600000143051147,1.2999999523162842,1.309999942779541,0.0,4400
2012-01-09,1.340000033378601,1.340000033378601,0.0,1.3700000047683716,1.2999999523162842,1.3200000524520874,0.0,7000
2012-01-10,1.309999942779541,1.309999942779541,0.0,1.3200000524520874,1.309999942779541,1.3200000524520874,0.0,1700
2012-01-11,1.2999999523162842,1.2999999523162842,0.0,1.3200000524520874,1.2899999618530273,1.3200000524520874,0.0,5100
2012-01-12,1.2999999523162842,1.2999999523162842,0.0,1.2999999523162842,1.25,1.2899999618530273,0.0,800
2012-01-13,1.25,1.25,0.0,1.25,1.25,1.25,0.0,4100
2012-01-17,1.2200000286102295,1.2200000286102295,0.0,1.3200000524520874,1.2000000476837158,1.3200000524520874,0.0,6800
2012-01-18,1.2200000286102295,1.2200000286102295,0.0,1.309999942779541,1.2000000476837158,1.25,0.0,9800
2012-01-19,1.2200000286102295,1.2200000286102295,0.0,1.2200000286102295,1.2200000286102295,1.2200000286102295,0.0,0
2012-01-20,1.2200000286102295,1.2200000286102295,0.0,1.25,1.2100000381469727,1.2100000381469727,0.0,4600
2012-01-23,1.2100000381469727,1.2100000381469727,0.0,1.2100000381469727,1.2100000381469727,1.2100000381469727,0.0,2700
2012-01-24,1.2100000381469727,1.2100000381469727,0.0,1.25,1.2100000381469727,1.2100000381469727,0.0,11500
2012-01-25,1.2200000286102295,1.2200000286102295,0.0,1.2200000286102295,1.2100000381469727,1.2100000381469727,0.0,2300
2012-01-26,1.1799999475479126,1.1799999475479126,0.0,1.2300000190734863,1.1799999475479126,1.2200000286102295,0.0,33100
2012-01-27,1.25,1.25,0.0,1.25,1.2000000476837158,1.2000000476837158,0.0,9700
2012-01-30,1.3899999856948853,1.3899999856948853,0.0,1.440000057220459,1.2799999713897705,1.2799999713897705,0.0,22200
2012-01-31,1.3200000524520874,1.3200000524520874,0.0,1.3899999856948853,1.2200000286102295,1.3899999856948853,0.0,14300
2012-02-01,1.2599999904632568,1.2599999904632568,0.0,1.3200000524520874,1.2200000286102295,1.3200000524520874,0.0,39500
2012-02-02,1.2200000286102295,1.2200000286102295,0.0,1.2599999904632568,1.2200000286102295,1.2599999904632568,0.0,9000
2012-02-03,1.2000000476837158,1.2000000476837158,0.0,1.2599999904632568,1.149999976158142,1.2200000286102295,0.0,32900
2012-02-06,1.309999942779541,1.309999942779541,0.0,1.3200000524520874,1.2000000476837158,1.2400000095367432,0.0,17400
2012-02-07,1.309999942779541,1.309999942779541,0.0,1.309999942779541,1.2200000286102295,1.2899999618530273,0.0,4400
2012-02-08,1.2300000190734863,1.2300000190734863,0.0,1.2300000190734863,1.2300000190734863,1.2300000190734863,0.0,100
2012-02-09,1.2999999523162842,1.2999999523162842,0.0,1.2999999523162842,1.2799999713897705,1.2799999713897705,0.0,4700
2012-02-10,1.2200000286102295,1.2200000286102295,0.0,1.2999999523162842,1.159999966621399,1.159999966621399,0.0,9700
2012-02-13,1.2699999809265137,1.2699999809265137,0.0,1.2699999809265137,1.2000000476837158,1.2200000286102295,0.0,800
2012-02-14,1.2699999809265137,1.2699999809265137,0.0,1.2699999809265137,1.2699999809265137,1.2699999809265137,0.0,1000
2012-02-15,1.2699999809265137,1.2699999809265137,0.0,1.2699999809265137,1.2100000381469727,1.2100000381469727,0.0,900
2012-02-16,1.2699999809265137,1.2699999809265137,0.0,1.2699999809265137,1.1699999570846558,1.1699999570846558,0.0,6600
2012-02-17,1.2000000476837158,1.2000000476837158,0.0,1.25,1.1699999570846558,1.2000000476837158,0.0,12100
2012-02-21,1.190000057220459,1.190000057220459,0.0,1.2000000476837158,1.149999976158142,1.2000000476837158,0.0,2100
2012-02-22,1.1399999856948853,1.1399999856948853,0.0,1.2000000476837158,1.1200000047683716,1.2000000476837158,0.0,20100
2012-02-23,1.2000000476837158,1.2000000476837158,0.0,1.2799999713897705,1.149999976158142,1.2799999713897705,0.0,14300
2012-02-24,1.1200000047683716,1.1200000047683716,0.0,1.2599999904632568,1.1200000047683716,1.25,0.0,24100
2012-02-27,1.149999976158142,1.149999976158142,0.0,1.2000000476837158,1.1100000143051147,1.2000000476837158,0.0,10300
2012-02-28,1.149999976158142,1.149999976158142,0.0,1.149999976158142,1.1200000047683716,1.1200000047683716,0.0,9300
2012-02-29,1.1799999475479126,1.1799999475479126,0.0,1.1799999475479126,1.1399999856948853,1.149999976158142,0.0,7700
2012-03-01,1.1799999475479126,1.1799999475479126,0.0,1.1799999475479126,1.1399999856948853,1.1399999856948853,0.0,3200
2012-03-02,1.149999976158142,1.149999976158142,0.0,1.1799999475479126,1.1299999952316284,1.149999976158142,0.0,10000
2012-03-05,1.2000000476837158,1.2000000476837158,0.0,1.2200000286102295,1.1299999952316284,1.149999976158142,0.0,43400
2012-03-06,1.2300000190734863,1.2300000190734863,0.0,1.2400000095367432,1.2000000476837158,1.2000000476837158,0.0,8700
2012-03-07,1.2000000476837158,1.2000000476837158,0.0,1.2400000095367432,1.190000057220459,1.2000000476837158,0.0,65900
2012-03-08,1.2000000476837158,1.2000000476837158,0.0,1.2000000476837158,1.2000000476837158,1.2000000476837158,0.0,0
2012-03-09,1.159999966621399,1.159999966621399,0.0,1.190000057220459,1.149999976158142,1.190000057220459,0.0,10100
2012-03-12,1.159999966621399,1.159999966621399,0.0,1.1699999570846558,1.1100000143051147,1.1100000143051147,0.0,12100
2012-03-13,1.190000057220459,1.190000057220459,0.0,1.190000057220459,1.1399999856948853,1.1399999856948853,0.0,21500
2012-03-14,1.2000000476837158,1.2000000476837158,0.0,1.2000000476837158,1.1399999856948853,1.149999976158142,0.0,19600
2012-03-15,1.190000057220459,1.190000057220459,0.0,1.25,1.190000057220459,1.190000057220459,0.0,4100
2012-03-16,1.2000000476837158,1.2000000476837158,0.0,1.25,1.2000000476837158,1.25,0.0,10200
2012-03-19,1.2300000190734863,1.2300000190734863,0.0,1.2300000190734863,1.2000000476837158,1.2000000476837158,0.0,15400
2012-03-20,1.25,1.25,0.0,1.25,1.2100000381469727,1.2100000381469727,0.0,16700
2012-03-21,1.25,1.25,0.0,1.2599999904632568,1.2300000190734863,1.2300000190734863,0.0,9000
2012-03-22,1.2400000095367432,1.2400000095367432,0.0,1.25,1.2400000095367432,1.25,0.0,10100
2012-03-23,1.2300000190734863,1.2300000190734863,0.0,1.25,1.2300000190734863,1.2300000190734863,0.0,5000
2012-03-26,1.2899999618530273,1.2899999618530273,0.0,1.2899999618530273,1.2300000190734863,1.25,0.0,38000
2012-03-27,1.340000033378601,1.340000033378601,0.0,1.340000033378601,1.2999999523162842,1.2999999523162842,0.0,13000
2012-03-28,1.2999999523162842,1.2999999523162842,0.0,1.340000033378601,1.2999999523162842,1.340000033378601,0.0,4700
2012-03-29,1.3300000429153442,1.3300000429153442,0.0,1.3300000429153442,1.2799999713897705,1.2799999713897705,0.0,2500
2012-03-30,1.2899999618530273,1.2899999618530273,0.0,1.3200000524520874,1.2899999618530273,1.2999999523162842,0.0,11000
2012-04-02,1.3300000429153442,1.3300000429153442,0.0,1.3300000429153442,1.2899999618530273,1.2899999618530273,0.0,2900
2012-04-03,1.3300000429153442,1.3300000429153442,0.0,1.350000023841858,1.3200000524520874,1.350000023841858,0.0,8700
2012-04-04,1.3300000429153442,1.3300000429153442,0.0,1.340000033378601,1.3300000429153442,1.340000033378601,0.0,2100
2012-04-05,1.3799999952316284,1.3799999952316284,0.0,1.3899999856948853,1.3300000429153442,1.3300000429153442,0.0,9400
2012-04-09,1.3600000143051147,1.3600000143051147,0.0,1.3600000143051147,1.2999999523162842,1.350000023841858,0.0,16200
2012-04-10,1.3300000429153442,1.3300000429153442,0.0,1.340000033378601,1.3300000429153442,1.340000033378601,0.0,2600
2012-04-11,1.350000023841858,1.350000023841858,0.0,1.3799999952316284,1.2999999523162842,1.3799999952316284,0.0,1200
2012-04-12,1.350000023841858,1.350000023841858,0.0,1.3799999952316284,1.3200000524520874,1.3200000524520874,0.0,8400
2012-04-13,1.399999976158142,1.399999976158142,0.0,1.4800000190734863,1.350000023841858,1.350000023841858,0.0,3200
2012-04-16,1.4299999475479126,1.4299999475479126,0.0,1.4800000190734863,1.340000033378601,1.340000033378601,0.0,2600
2012-04-17,1.4500000476837158,1.4500000476837158,0.0,1.4700000286102295,1.4500000476837158,1.4700000286102295,0.0,500
2012-04-18,1.399999976158142,1.399999976158142,0.0,1.4299999475479126,1.399999976158142,1.4299999475479126,0.0,700
2012-04-19,1.3700000047683716,1.3700000047683716,0.0,1.3700000047683716,1.309999942779541,1.3700000047683716,0.0,10000
2012-04-20,1.2999999523162842,1.2999999523162842,0.0,1.3799999952316284,1.2999999523162842,1.3799999952316284,0.0,5500
2012-04-23,1.340000033378601,1.340000033378601,0.0,1.340000033378601,1.2999999523162842,1.309999942779541,0.0,21900
2012-04-24,1.2999999523162842,1.2999999523162842,0.0,1.309999942779541,1.2999999523162842,1.2999999523162842,0.0,6300
2012-04-25,1.3700000047683716,1.3700000047683716,0.0,1.3700000047683716,1.3700000047683716,1.3700000047683716,0.0,100
2012-04-26,1.350000023841858,1.350000023841858,0.0,1.3799999952316284,1.350000023841858,1.3799999952316284,0.0,2300
2012-04-27,1.3200000524520874,1.3200000524520874,0.0,1.3200000524520874,1.309999942779541,1.309999942779541,0.0,3200
2012-04-30,1.340000033378601,1.340000033378601,0.0,1.340000033378601,1.2999999523162842,1.2999999523162842,0.0,14000
2012-05-01,1.3300000429153442,1.3300000429153442,0.0,1.3300000429153442,1.2999999523162842,1.2999999523162842,0.0,6000
2012-05-02,1.2999999523162842,1.2999999523162842,0.0,1.2999999523162842,1.2999999523162842,1.2999999523162842,0.0,2700
2012-05-03,1.2300000190734863,1.2300000190734863,0.0,1.2899999618530273,1.2300000190734863,1.2899999618530273,0.0,8000
2012-05-04,1.1699999570846558,1.1699999570846558,0.0,1.2400000095367432,1.1699999570846558,1.2100000381469727,0.0,7200
2012-05-07,1.25,1.25,0.0,1.25,1.1699999570846558,1.1699999570846558,0.0,5900
2012-05-08,1.2000000476837158,1.2000000476837158,0.0,1.2300000190734863,1.159999966621399,1.2300000190734863,0.0,7700
2012-05-09,1.2200000286102295,1.2200000286102295,0.0,1.25,1.2000000476837158,1.2000000476837158,0.0,26000
2012-05-10,1.2000000476837158,1.2000000476837158,0.0,1.2400000095367432,1.2000000476837158,1.2300000190734863,0.0,14000
2012-05-11,1.2000000476837158,1.2000000476837158,0.0,1.2000000476837158,1.1200000047683716,1.1699999570846558,0.0,12900
2012-05-14,1.1100000143051147,1.1100000143051147,0.0,1.149999976158142,1.100000023841858,1.149999976158142,0.0,14400
2012-05-15,1.149999976158142,1.149999976158142,0.0,1.149999976158142,1.1100000143051147,1.1100000143051147,0.0,6400
2012-05-16,1.149999976158142,1.149999976158142,0.0,1.149999976158142,1.149999976158142,1.149999976158142,0.0,0
2012-05-17,1.1699999570846558,1.1699999570846558,0.0,1.1699999570846558,1.1100000143051147,1.1100000143051147,0.0,4200
2012-05-18,1.1799999475479126,1.1799999475479126,0.0,1.1799999475479126,1.1399999856948853,1.1799999475479126,0.0,13100
2012-05-21,1.1100000143051147,1.1100000143051147,0.0,1.190000057220459,1.1100000143051147,1.190000057220459,0.0,9600
2012-05-22,1.1200000047683716,1.1200000047683716,0.0,1.1299999952316284,1.1200000047683716,1.1299999952316284,0.0,4600
2012-05-23,1.1200000047683716,1.1200000047683716,0.0,1.1200000047683716,1.100000023841858,1.1100000143051147,0.0,3300
2012-05-24,1.1699999570846558,1.1699999570846558,0.0,1.2799999713897705,1.1699999570846558,1.1699999570846558,0.0,13300
2012-05-25,1.1100000143051147,1.1100000143051147,0.0,1.159999966621399,1.1100000143051147,1.159999966621399,0.0,2600
2012-05-29,1.1100000143051147,1.1100000143051147,0.0,1.1200000047683716,1.1100000143051147,1.1200000047683716,0.0,5900
2012-05-30,1.1299999952316284,1.1299999952316284,0.0,1.1799999475479126,1.100000023841858,1.100000023841858,0.0,13400
2012-05-31,1.100000023841858,1.100000023841858,0.0,1.1299999952316284,1.0499999523162842,1.1100000143051147,0.0,4800
2012-06-01,1.100000023841858,1.100000023841858,0.0,1.100000023841858,1.0700000524520874,1.100000023841858,0.0,6000
2012-06-04,0.9599999785423279,0.9599999785423279,0.0,1.0,0.9599999785423279,1.0,0.0,800
2012-06-05,1.0,1.0,0.0,1.0,0.9200000166893005,0.9599999785423279,0.0,9700
2012-06-06,1.0,1.0,0.0,1.0,1.0,1.0,0.0,100
2012-06-07,0.9900000095367432,0.9900000095367432,0.0,1.0399999618530273,0.949999988079071,1.0,0.0,11900
2012-06-08,0.9900000095367432,0.9900000095367432,0.0,0.9900000095367432,0.9900000095367432,0.9900000095367432,0.0,0
2012-06-11,0.9900000095367432,0.9900000095367432,0.0,0.9900000095367432,0.9700000286102295,0.9900000095367432,0.0,17300
2012-06-12,0.8999999761581421,0.8999999761581421,0.0,0.949999988079071,0.8799999952316284,0.949999988079071,0.0,29200
2012-06-13,0.8999999761581421,0.8999999761581421,0.0,0.8999999761581421,0.8999999761581421,0.8999999761581421,0.0,0
2012-06-14,0.8999999761581421,0.8999999761581421,0.0,0.9100000262260437,0.8999999761581421,0.8999999761581421,0.0,14700
2012-06-15,0.8799999952316284,0.8799999952316284,0.0,0.8799999952316284,0.8799999952316284,0.8799999952316284,0.0,2600
2012-06-18,0.8399999737739563,0.8399999737739563,0.0,0.8999999761581421,0.8399999737739563,0.8700000047683716,0.0,7000
2012-06-19,0.9100000262260437,0.9100000262260437,0.0,0.9100000262260437,0.8999999761581421,0.8999999761581421,0.0,5400
2012-06-20,0.8999999761581421,0.8999999761581421,0.0,0.8999999761581421,0.8199999928474426,0.8199999928474426,0.0,2700
2012-06-21,0.8999999761581421,0.8999999761581421,0.0,0.8999999761581421,0.8999999761581421,0.8999999761581421,0.0,0
2012-06-22,0.8899999856948853,0.8899999856948853,0.0,0.8999999761581421,0.8600000143051147,0.8999999761581421,0.0,21600
2012-06-25,0.8999999761581421,0.8999999761581421,0.0,0.8999999761581421,0.8999999761581421,0.8999999761581421,0.0,1000
2012-06-26,0.8299999833106995,0.8299999833106995,0.0,0.8999999761581421,0.8199999928474426,0.8999999761581421,0.0,8500
2012-06-27,0.8500000238418579,0.8500000238418579,0.0,0.8600000143051147,0.8299999833106995,0.8299999833106995,0.0,5700
2012-06-28,0.8199999928474426,0.8199999928474426,0.0,0.8299999833106995,0.8199999928474426,0.8299999833106995,0.0,8300
2012-06-29,0.8999999761581421,0.8999999761581421,0.0,0.8999999761581421,0.8399999737739563,0.8999999761581421,0.0,4700
2012-07-02,0.9900000095367432,0.9900000095367432,0.0,0.9900000095367432,0.8100000023841858,0.8100000023841858,0.0,23700
2012-07-03,0.8600000143051147,0.8600000143051147,0.0,0.8600000143051147,0.8600000143051147,0.8600000143051147,0.0,300
2012-07-05,0.8799999952316284,0.8799999952316284,0.0,0.8999999761581421,0.8799999952316284,0.8999999761581421,0.0,8700
2012-07-06,0.8999999761581421,0.8999999761581421,0.0,0.8999999761581421,0.8999999761581421,0.8999999761581421,0.0,3500
2012-07-09,0.9399999976158142,0.9399999976158142,0.0,0.9800000190734863,0.8999999761581421,0.8999999761581421,0.0,5900
2012-07-10,0.949999988079071,0.949999988079071,0.0,0.9900000095367432,0.9399999976158142,0.9700000286102295,0.0,5100
2012-07-11,1.0099999904632568,1.0099999904632568,0.0,1.0499999523162842,0.9900000095367432,0.9900000095367432,0.0,20800
2012-07-12,1.0,1.0,0.0,1.0499999523162842,0.9900000095367432,1.0,0.0,64000
2012-07-13,1.0199999809265137,1.0199999809265137,0.0,1.0800000429153442,0.9900000095367432,1.0,0.0,46700
2012-07-16,1.0199999809265137,1.0199999809265137,0.0,1.0199999809265137,1.0199999809265137,1.0199999809265137,0.0,0
2012-07-17,1.0,1.0,0.0,1.0,1.0,1.0,0.0,5200
2012-07-18,1.0499999523162842,1.0499999523162842,0.0,1.0499999523162842,1.0,1.0099999904632568,0.0,1500
2012-07-19,1.0499999523162842,1.0499999523162842,0.0,1.0499999523162842,1.0499999523162842,1.0499999523162842,0.0,900
2012-07-20,1.0099999904632568,1.0099999904632568,0.0,1.0099999904632568,1.0099999904632568,1.0099999904632568,0.0,400
2012-07-23,1.0499999523162842,1.0499999523162842,0.0,1.0499999523162842,1.0499999523162842,1.0499999523162842,0.0,700
2012-07-24,1.0,1.0,0.0,1.0299999713897705,1.0,1.0299999713897705,0.0,19100
2012-07-25,1.0,1.0,0.0,1.0,1.0,1.0,0.0,700
2012-07-26,1.0,1.0,0.0,1.0499999523162842,1.0,1.0,0.0,17400
2012-07-27,1.0,1.0,0.0,1.0299999713897705,1.0,1.0299999713897705,0.0,400
2012-07-30,1.0499999523162842,1.0499999523162842,0.0,1.0800000429153442,1.0499999523162842,1.0499999523162842,0.0,6600
2012-07-31,1.0199999809265137,1.0199999809265137,0.0,1.0499999523162842,1.0199999809265137,1.0499999523162842,0.0,6800
2012-08-01,1.0199999809265137,1.0199999809265137,0.0,1.0499999523162842,1.0199999809265137,1.0499999523162842,0.0,8000
2012-08-02,1.100000023841858,1.100000023841858,0.0,1.100000023841858,1.0800000429153442,1.0800000429153442,0.0,12600
2012-08-03,1.1399999856948853,1.1399999856948853,0.0,1.149999976158142,1.0299999713897705,1.149999976158142,0.0,6300
2012-08-06,1.0,1.0,0.0,1.1299999952316284,1.0,1.0,0.0,42500
2012-08-07,1.0,1.0,0.0,1.0199999809265137,1.0,1.0199999809265137,0.0,4600
2012-08-08,1.0,1.0,0.0,1.0499999523162842,1.0,1.0499999523162842,0.0,1400
2012-08-09,1.0,1.0,0.0,1.0199999809265137,1.0,1.0,0.0,26500
2012-08-10,1.0099999904632568,1.0099999904632568,0.0,1.0399999618530273,1.0099999904632568,1.0099999904632568,0.0,2100
2012-08-13,1.0399999618530273,1.0399999618530273,0.0,1.0399999618530273,0.9900000095367432,1.0099999904632568,0.0,67600
2012-08-14,1.0499999523162842,1.0499999523162842,0.0,1.0800000429153442,0.9900000095367432,1.0800000429153442,0.0,100100
2012-08-15,1.090000033378601,1.090000033378601,0.0,1.1399999856948853,1.0499999523162842,1.0700000524520874,0.0,88700
2012-08-16,1.2599999904632568,1.2599999904632568,0.0,1.2899999618530273,1.100000023841858,1.149999976158142,0.0,98800
2012-08-17,1.0800000429153442,1.0800000429153442,0.0,1.159999966621399,1.0499999523162842,1.159999966621399,0.0,76000
2012-08-20,1.350000023841858,1.350000023841858,0.0,1.399999976158142,1.0099999904632568,1.0800000429153442,0.0,41600
2012-08-21,1.309999942779541,1.309999942779541,0.0,1.4500000476837158,1.2699999809265137,1.3899999856948853,0.0,68200
2012-08-22,1.399999976158142,1.399999976158142,0.0,1.409999966621399,1.340000033378601,1.3600000143051147,0.0,39200
2012-08-23,1.340000033378601,1.340000033378601,0.0,1.399999976158142,1.2699999809265137,1.399999976158142,0.0,12200
2012-08-24,1.3600000143051147,1.3600000143051147,0.0,1.3799999952316284,1.25,1.3799999952316284,0.0,7100
2012-08-27,1.2999999523162842,1.2999999523162842,0.0,1.399999976158142,1.25,1.3200000524520874,0.0,26900
2012-08-28,1.3300000429153442,1.3300000429153442,0.0,1.399999976158142,1.2999999523162842,1.3300000429153442,0.0,4700
2012-08-29,1.340000033378601,1.340000033378601,0.0,1.3899999856948853,1.2599999904632568,1.2799999713897705,0.0,1900
2012-08-30,1.2699999809265137,1.2699999809265137,0.0,1.2999999523162842,1.25,1.2799999713897705,0.0,35000
2012-08-31,1.25,1.25,0.0,1.3799999952316284,1.25,1.25,0.0,15800
2012-09-04,1.2599999904632568,1.2599999904632568,0.0,1.309999942779541,1.2599999904632568,1.309999942779541,0.0,38800
2012-09-05,1.2699999809265137,1.2699999809265137,0.0,1.340000033378601,1.2599999904632568,1.340000033378601,0.0,23300
2012-09-06,1.309999942779541,1.309999942779541,0.0,1.309999942779541,1.25,1.25,0.0,800
2012-09-07,1.2599999904632568,1.2599999904632568,0.0,1.2799999713897705,1.2000000476837158,1.2799999713897705,0.0,21100
2012-09-10,1.2200000286102295,1.2200000286102295,0.0,1.25,1.2000000476837158,1.2000000476837158,0.0,7400
2012-09-11,1.2200000286102295,1.2200000286102295,0.0,1.2200000286102295,1.2200000286102295,1.2200000286102295,0.0,3500
2012-09-12,1.2300000190734863,1.2300000190734863,0.0,1.25,1.2100000381469727,1.25,0.0,6500
2012-09-13,1.2100000381469727,1.2100000381469727,0.0,1.2100000381469727,1.2000000476837158,1.2100000381469727,0.0,5000
2012-09-14,1.2100000381469727,1.2100000381469727,0.0,1.2200000286102295,1.1699999570846558,1.1699999570846558,0.0,18000
2012-09-17,1.25,1.25,0.0,1.3300000429153442,1.2400000095367432,1.2999999523162842,0.0,68300
2012-09-18,1.25,1.25,0.0,1.2799999713897705,1.1699999570846558,1.2599999904632568,0.0,6500
2012-09-19,1.2100000381469727,1.2100000381469727,0.0,1.25,1.1799999475479126,1.2100000381469727,0.0,2700
2012-09-20,1.2100000381469727,1.2100000381469727,0.0,1.2100000381469727,1.2100000381469727,1.2100000381469727,0.0,0
2012-09-21,1.1799999475479126,1.1799999475479126,0.0,1.2300000190734863,1.1799999475479126,1.2100000381469727,0.0,25400
2012-09-24,1.1799999475479126,1.1799999475479126,0.0,1.2300000190734863,1.1799999475479126,1.2000000476837158,0.0,63300
2012-09-25,1.149999976158142,1.149999976158142,0.0,1.159999966621399,1.149999976158142,1.159999966621399,0.0,12400
2012-09-26,1.2899999618530273,1.2899999618530273,0.0,1.2899999618530273,1.149999976158142,1.149999976158142,0.0,10200
2012-09-27,1.309999942779541,1.309999942779541,0.0,1.309999942779541,1.2400000095367432,1.2899999618530273,0.0,1300
2012-09-28,1.2999999523162842,1.2999999523162842,0.0,1.2999999523162842,1.2899999618530273,1.2899999618530273,0.0,1500
2012-10-01,1.350000023841858,1.350000023841858,0.0,1.3700000047683716,1.2799999713897705,1.2899999618530273,0.0,39600
2012-10-02,1.2899999618530273,1.2899999618530273,0.0,1.350000023841858,1.2300000190734863,1.350000023841858,0.0,7000
2012-10-03,1.3600000143051147,1.3600000143051147,0.0,1.3600000143051147,1.2400000095367432,1.2400000095367432,0.0,200
2012-10-04,1.2599999904632568,1.2599999904632568,0.0,1.340000033378601,1.2400000095367432,1.2999999523162842,0.0,2900
2012-10-05,1.2699999809265137,1.2699999809265137,0.0,1.309999942779541,1.25,1.2699999809265137,0.0,5400
2012-10-08,1.2999999523162842,1.2999999523162842,0.0,1.2999999523162842,1.2999999523162842,1.2999999523162842,0.0,6000
2012-10-09,1.2599999904632568,1.2599999904632568,0.0,1.340000033378601,1.25,1.25,0.0,5900
2012-10-10,1.2300000190734863,1.2300000190734863,0.0,1.2899999618530273,1.2300000190734863,1.2899999618530273,0.0,3100
2012-10-11,1.3200000524520874,1.3200000524520874,0.0,1.340000033378601,1.2799999713897705,1.2799999713897705,0.0,11200
2012-10-12,1.3200000524520874,1.3200000524520874,0.0,1.3200000524520874,1.2999999523162842,1.309999942779541,0.0,5300
2012-10-15,1.2799999713897705,1.2799999713897705,0.0,1.2899999618530273,1.25,1.2599999904632568,0.0,6300
2012-10-16,1.2899999618530273,1.2899999618530273,0.0,1.2899999618530273,1.2799999713897705,1.2799999713897705,0.0,2000
2012-10-17,1.2899999618530273,1.2899999618530273,0.0,1.2899999618530273,1.2899999618530273,1.2899999618530273,0.0,0
2012-10-18,1.25,1.25,0.0,1.3200000524520874,1.25,1.2999999523162842,0.0,17400
2012-10-19,1.25,1.25,0.0,1.2599999904632568,1.25,1.2599999904632568,0.0,1000
2012-10-22,1.2899999618530273,1.2899999618530273,0.0,1.2899999618530273,1.2699999809265137,1.2899999618530273,0.0,2800
2012-10-23,1.2200000286102295,1.2200000286102295,0.0,1.3300000429153442,1.2000000476837158,1.3300000429153442,0.0,13500
2012-10-24,1.2100000381469727,1.2100000381469727,0.0,1.2599999904632568,1.1200000047683716,1.2100000381469727,0.0,15300
2012-10-25,1.2000000476837158,1.2000000476837158,0.0,1.2100000381469727,1.2000000476837158,1.2100000381469727,0.0,3000
2012-10-26,1.2100000381469727,1.2100000381469727,0.0,1.2100000381469727,1.1699999570846558,1.1699999570846558,0.0,13000
2012-10-31,1.159999966621399,1.159999966621399,0.0,1.2200000286102295,1.159999966621399,1.2200000286102295,0.0,6500
2012-11-01,1.2400000095367432,1.2400000095367432,0.0,1.2400000095367432,1.190000057220459,1.190000057220459,0.0,2500
2012-11-02,1.190000057220459,1.190000057220459,0.0,1.190000057220459,1.190000057220459,1.190000057220459,0.0,200
2012-11-05,1.1699999570846558,1.1699999570846558,0.0,1.2400000095367432,1.159999966621399,1.2200000286102295,0.0,1200
2012-11-06,1.1699999570846558,1.1699999570846558,0.0,1.1699999570846558,1.1699999570846558,1.1699999570846558,0.0,0
2012-11-07,1.2300000190734863,1.2300000190734863,0.0,1.2400000095367432,1.2000000476837158,1.2000000476837158,0.0,11600
2012-11-08,1.1799999475479126,1.1799999475479126,0.0,1.2000000476837158,1.149999976158142,1.2000000476837158,0.0,7400
2012-11-09,1.149999976158142,1.149999976158142,0.0,1.149999976158142,1.149999976158142,1.149999976158142,0.0,5000
2012-11-12,1.1200000047683716,1.1200000047683716,0.0,1.159999966621399,1.1200000047683716,1.149999976158142,0.0,16100
2012-11-13,1.1200000047683716,1.1200000047683716,0.0,1.1399999856948853,1.1200000047683716,1.1200000047683716,0.0,400
2012-11-14,1.1200000047683716,1.1200000047683716,0.0,1.1200000047683716,1.1200000047683716,1.1200000047683716,0.0,0
2012-11-15,1.1100000143051147,1.1100000143051147,0.0,1.1100000143051147,1.1100000143051147,1.1100000143051147,0.0,200
2012-11-16,1.1100000143051147,1.1100000143051147,0.0,1.1200000047683716,1.1100000143051147,1.1200000047683716,0.0,1100
2012-11-19,1.1100000143051147,1.1100000143051147,0.0,1.1200000047683716,1.1100000143051147,1.1100000143051147,0.0,9400
2012-11-20,1.100000023841858,1.100000023841858,0.0,1.1100000143051147,1.100000023841858,1.1100000143051147,0.0,3900
2012-11-21,1.100000023841858,1.100000023841858,0.0,1.100000023841858,1.100000023841858,1.100000023841858,0.0,0
2012-11-23,1.100000023841858,1.100000023841858,0.0,1.100000023841858,1.100000023841858,1.100000023841858,0.0,0
2012-11-26,1.100000023841858,1.100000023841858,0.0,1.100000023841858,1.100000023841858,1.100000023841858,0.0,2000
2012-11-27,1.100000023841858,1.100000023841858,0.0,1.100000023841858,1.100000023841858,1.100000023841858,0.0,0
2012-11-28,1.1299999952316284,1.1299999952316284,0.0,1.1299999952316284,1.1100000143051147,1.1100000143051147,0.0,400
2012-11-29,1.1399999856948853,1.1399999856948853,0.0,1.1399999856948853,1.1200000047683716,1.1200000047683716,0.0,900
2012-11-30,1.1799999475479126,1.1799999475479126,0.0,1.1799999475479126,1.1200000047683716,1.1200000047683716,0.0,10000
2012-12-03,1.1799999475479126,1.1799999475479126,0.0,1.1799999475479126,1.1799999475479126,1.1799999475479126,0.0,0
2012-12-04,1.149999976158142,1.149999976158142,0.0,1.190000057220459,1.149999976158142,1.190000057220459,0.0,500
2012-12-05,1.149999976158142,1.149999976158142,0.0,1.149999976158142,1.149999976158142,1.149999976158142,0.0,0
2012-12-06,1.149999976158142,1.149999976158142,0.0,1.149999976158142,1.149999976158142,1.149999976158142,0.0,0
2012-12-07,1.2000000476837158,1.2000000476837158,0.0,1.2000000476837158,1.1799999475479126,1.1799999475479126,0.0,5100
2012-12-10,1.1699999570846558,1.1699999570846558,0.0,1.1799999475479126,1.149999976158142,1.1799999475479126,0.0,2600
2012-12-11,1.2000000476837158,1.2000000476837158,0.0,1.2599999904632568,1.1799999475479126,1.2599999904632568,0.0,2600
2012-12-12,1.1799999475479126,1.1799999475479126,0.0,1.1799999475479126,1.149999976158142,1.1799999475479126,0.0,6100
2012-12-13,1.1299999952316284,1.1299999952316284,0.0,1.2699999809265137,1.1299999952316284,1.159999966621399,0.0,33400
2012-12-14,1.149999976158142,1.149999976158142,0.0,1.1799999475479126,1.1299999952316284,1.159999966621399,0.0,5500
2012-12-17,1.1299999952316284,1.1299999952316284,0.0,1.1299999952316284,1.1299999952316284,1.1299999952316284,0.0,3500
2012-12-18,1.149999976158142,1.149999976158142,0.0,1.2300000190734863,1.149999976158142,1.149999976158142,0.0,300
2012-12-19,1.2100000381469727,1.2100000381469727,0.0,1.2999999523162842,1.1699999570846558,1.2799999713897705,0.0,8300
2012-12-20,1.1799999475479126,1.1799999475479126,0.0,1.1799999475479126,1.1799999475479126,1.1799999475479126,0.0,100
2012-12-21,1.2400000095367432,1.2400000095367432,0.0,1.25,1.1799999475479126,1.2400000095367432,0.0,7800
2012-12-24,1.2300000190734863,1.2300000190734863,0.0,1.25,1.2000000476837158,1.2100000381469727,0.0,11300
2012-12-26,1.350000023841858,1.350000023841858,0.0,1.350000023841858,1.2400000095367432,1.25,0.0,4500
2012-12-27,1.2300000190734863,1.2300000190734863,0.0,1.350000023841858,1.1799999475479126,1.350000023841858,0.0,30400
2012-12-28,1.2699999809265137,1.2699999809265137,0.0,1.2699999809265137,1.1299999952316284,1.1299999952316284,0.0,2900
2012-12-31,1.3600000143051147,1.3600000143051147,0.0,1.3600000143051147,1.2000000476837158,1.309999942779541,0.0,42900
2013-01-02,1.3300000429153442,1.3300000429153442,0.0,1.350000023841858,1.309999942779541,1.309999942779541,0.0,5600
2013-01-03,1.2300000190734863,1.2300000190734863,0.0,1.3300000429153442,1.2000000476837158,1.3200000524520874,0.0,12800
2013-01-04,1.2999999523162842,1.2999999523162842,0.0,1.2999999523162842,1.25,1.2899999618530273,0.0,4400
2013-01-07,1.340000033378601,1.340000033378601,0.0,1.350000023841858,1.2699999809265137,1.2899999618530273,0.0,8600
2013-01-08,1.4500000476837158,1.4500000476837158,0.0,1.4700000286102295,1.3200000524520874,1.409999966621399,0.0,22500
2013-01-09,1.4700000286102295,1.4700000286102295,0.0,1.4800000190734863,1.4500000476837158,1.4700000286102295,0.0,5000
2013-01-10,1.4900000095367432,1.4900000095367432,0.0,1.5199999809265137,1.4800000190734863,1.5,0.0,24600
2013-01-11,1.5,1.5,0.0,1.5,1.4700000286102295,1.5,0.0,5300
2013-01-14,1.5,1.5,0.0,1.5499999523162842,1.4800000190734863,1.5,0.0,7800
2013-01-15,1.399999976158142,1.399999976158142,0.0,1.5499999523162842,1.340000033378601,1.5499999523162842,0.0,23200
2013-01-16,1.4600000381469727,1.4600000381469727,0.0,1.4800000190734863,1.4500000476837158,1.4500000476837158,0.0,2800
2013-01-17,1.399999976158142,1.399999976158142,0.0,1.5099999904632568,1.3600000143051147,1.3700000047683716,0.0,19100
2013-01-18,1.4900000095367432,1.4900000095367432,0.0,1.5299999713897705,1.399999976158142,1.409999966621399,0.0,8800
2013-01-22,1.5,1.5,0.0,1.5,1.399999976158142,1.4800000190734863,0.0,8300
2013-01-23,1.5,1.5,0.0,1.5,1.5,1.5,0.0,0
2013-01-24,1.5399999618530273,1.5399999618530273,0.0,1.5399999618530273,1.4500000476837158,1.4500000476837158,0.0,7700
2013-01-25,1.600000023841858,1.600000023841858,0.0,1.600000023841858,1.5399999618530273,1.5399999618530273,0.0,18500
2013-01-28,1.690000057220459,1.690000057220459,0.0,1.690000057220459,1.590000033378601,1.6100000143051147,0.0,25100
2013-01-29,1.7000000476837158,1.7000000476837158,0.0,1.840000033378601,1.690000057220459,1.7000000476837158,0.0,47900
2013-01-30,1.7699999809265137,1.7699999809265137,0.0,1.7799999713897705,1.6799999475479126,1.6799999475479126,0.0,34700
2013-01-31,1.7400000095367432,1.7400000095367432,0.0,1.7799999713897705,1.6799999475479126,1.75,0.0,20700
2013-02-01,1.7100000381469727,1.7100000381469727,0.0,1.7200000286102295,1.7100000381469727,1.7200000286102295,0.0,200
2013-02-04,1.7100000381469727,1.7100000381469727,0.0,1.7100000381469727,1.6100000143051147,1.7000000476837158,0.0,6600
2013-02-05,1.690000057220459,1.690000057220459,0.0,1.690000057220459,1.690000057220459,1.690000057220459,0.0,1000
2013-02-06,1.7000000476837158,1.7000000476837158,0.0,1.7000000476837158,1.600000023841858,1.6100000143051147,0.0,6600
2013-02-07,1.7000000476837158,1.7000000476837158,0.0,1.7100000381469727,1.6799999475479126,1.6799999475479126,0.0,600
2013-02-08,1.5099999904632568,1.5099999904632568,0.0,1.7000000476837158,1.399999976158142,1.7000000476837158,0.0,17600
2013-02-11,1.600000023841858,1.600000023841858,0.0,1.649999976158142,1.5,1.5700000524520874,0.0,5700
2013-02-12,1.600000023841858,1.600000023841858,0.0,1.6100000143051147,1.600000023841858,1.600000023841858,0.0,3500
2013-02-13,1.7400000095367432,1.7400000095367432,0.0,1.7400000095367432,1.600000023841858,1.600000023841858,0.0,13200
2013-02-14,1.7999999523162842,1.7999999523162842,0.0,1.840000033378601,1.75,1.7999999523162842,0.0,30000
2013-02-15,1.7999999523162842,1.7999999523162842,0.0,1.7999999523162842,1.75,1.7699999809265137,0.0,12200
2013-02-19,1.649999976158142,1.649999976158142,0.0,1.75,1.5700000524520874,1.7000000476837158,0.0,20300
2013-02-20,1.7000000476837158,1.7000000476837158,0.0,1.7100000381469727,1.6699999570846558,1.6699999570846558,0.0,2200
2013-02-21,1.659999966621399,1.659999966621399,0.0,1.659999966621399,1.659999966621399,1.659999966621399,0.0,400
2013-02-22,1.559999942779541,1.559999942779541,0.0,1.659999966621399,1.5299999713897705,1.659999966621399,0.0,12300
2013-02-25,1.590000033378601,1.590000033378601,0.0,1.75,1.559999942779541,1.6399999856948853,0.0,7300
2013-02-26,1.690000057220459,1.690000057220459,0.0,1.690000057220459,1.600000023841858,1.600000023841858,0.0,200
2013-02-27,1.690000057220459,1.690000057220459,0.0,1.690000057220459,1.690000057220459,1.690000057220459,0.0,0
2013-02-28,1.559999942779541,1.559999942779541,0.0,1.600000023841858,1.559999942779541,1.600000023841858,0.0,800
2013-03-01,1.5399999618530273,1.5399999618530273,0.0,1.5499999523162842,1.5,1.5499999523162842,0.0,9600
2013-03-04,1.6299999952316284,1.6299999952316284,0.0,1.6299999952316284,1.5,1.5199999809265137,0.0,1700
2013-03-05,1.6100000143051147,1.6100000143051147,0.0,1.6100000143051147,1.6100000143051147,1.6100000143051147,0.0,100
2013-03-06,1.6100000143051147,1.6100000143051147,0.0,1.6100000143051147,1.6100000143051147,1.6100000143051147,0.0,0
2013-03-07,1.5,1.5,0.0,1.5399999618530273,1.4500000476837158,1.5399999618530273,0.0,3100
2013-03-08,1.5299999713897705,1.5299999713897705,0.0,1.5299999713897705,1.5199999809265137,1.5199999809265137,0.0,1700
2013-03-11,1.5399999618530273,1.5399999618530273,0.0,1.5700000524520874,1.5,1.5,0.0,1000
2013-03-12,1.5299999713897705,1.5299999713897705,0.0,1.5299999713897705,1.5299999713897705,1.5299999713897705,0.0,200
2013-03-13,1.5099999904632568,1.5099999904632568,0.0,1.5299999713897705,1.5,1.5,0.0,3400
2013-03-14,1.5099999904632568,1.5099999904632568,0.0,1.5099999904632568,1.5099999904632568,1.5099999904632568,0.0,0
2013-03-15,1.4900000095367432,1.4900000095367432,0.0,1.5,1.4900000095367432,1.5,0.0,5800
2013-03-18,1.5299999713897705,1.5299999713897705,0.0,1.5299999713897705,1.5,1.5,0.0,2300
2013-03-19,1.5,1.5,0.0,1.5,1.5,1.5,0.0,1000
2013-03-20,1.5,1.5,0.0,1.5,1.4500000476837158,1.4600000381469727,0.0,2800
2013-03-21,1.5199999809265137,1.5199999809265137,0.0,1.5299999713897705,1.5,1.5,0.0,10900
2013-03-22,1.4700000286102295,1.4700000286102295,0.0,1.5199999809265137,1.4500000476837158,1.4500000476837158,0.0,2200
2013-03-25,1.4500000476837158,1.4500000476837158,0.0,1.4500000476837158,1.4500000476837158,1.4500000476837158,0.0,900
2013-03-26,1.4500000476837158,1.4500000476837158,0.0,1.4500000476837158,1.4500000476837158,1.4500000476837158,0.0,100
2013-03-27,1.5499999523162842,1.5499999523162842,0.0,1.5499999523162842,1.5199999809265137,1.5199999809265137,0.0,1200
2013-03-28,1.6399999856948853,1.6399999856948853,0.0,1.6399999856948853,1.6399999856948853,1.6399999856948853,0.0,100
2013-04-01,1.559999942779541,1.559999942779541,0.0,1.559999942779541,1.559999942779541,1.559999942779541,0.0,1200
2013-04-02,1.559999942779541,1.559999942779541,0.0,1.559999942779541,1.559999942779541,1.559999942779541,0.0,0
2013-04-03,1.559999942779541,1.559999942779541,0.0,1.559999942779541,1.559999942779541,1.559999942779541,0.0,0
2013-04-04,1.4500000476837158,1.4500000476837158,0.0,1.559999942779541,1.4500000476837158,1.559999942779541,0.0,9800
2013-04-05,1.4500000476837158,1.4500000476837158,0.0,1.4800000190734863,1.440000057220459,1.4500000476837158,0.0,14900
2013-04-08,1.4600000381469727,1.4600000381469727,0.0,1.4600000381469727,1.4600000381469727,1.4600000381469727,0.0,100
2013-04-09,1.4500000476837158,1.4500000476837158,0.0,1.5,1.399999976158142,1.4700000286102295,0.0,6000
2013-04-10,1.4500000476837158,1.4500000476837158,0.0,1.4500000476837158,1.399999976158142,1.399999976158142,0.0,5700
2013-04-11,1.4800000190734863,1.4800000190734863,0.0,1.4800000190734863,1.399999976158142,1.399999976158142,0.0,5100
2013-04-12,1.399999976158142,1.399999976158142,0.0,1.4199999570846558,1.399999976158142,1.399999976158142,0.0,24100
2013-04-15,1.4199999570846558,1.4199999570846558,0.0,1.4199999570846558,1.4199999570846558,1.4199999570846558,0.0,3000
2013-04-16,1.4500000476837158,1.4500000476837158,0.0,1.4500000476837158,1.409999966621399,1.409999966621399,0.0,6100
2013-04-17,1.4600000381469727,1.4600000381469727,0.0,1.4600000381469727,1.4600000381469727,1.4600000381469727,0.0,100
2013-04-18,1.4800000190734863,1.4800000190734863,0.0,1.5299999713897705,1.399999976158142,1.5299999713897705,0.0,11100
2013-04-19,1.409999966621399,1.409999966621399,0.0,1.4299999475479126,1.409999966621399,1.409999966621399,0.0,700
2013-04-22,1.4500000476837158,1.4500000476837158,0.0,1.5199999809265137,1.4199999570846558,1.4199999570846558,0.0,10100
2013-04-23,1.4500000476837158,1.4500000476837158,0.0,1.4500000476837158,1.4500000476837158,1.4500000476837158,0.0,0
2013-04-24,1.4800000190734863,1.4800000190734863,0.0,1.4800000190734863,1.4600000381469727,1.4600000381469727,0.0,600
2013-04-25,1.5,1.5,0.0,1.5,1.4900000095367432,1.4900000095367432,0.0,7800
2013-04-26,1.4800000190734863,1.4800000190734863,0.0,1.5099999904632568,1.4800000190734863,1.5099999904632568,0.0,1200
2013-04-29,1.5399999618530273,1.5399999618530273,0.0,1.5499999523162842,1.4900000095367432,1.4900000095367432,0.0,10200
2013-04-30,1.5,1.5,0.0,1.5399999618530273,1.5,1.5399999618530273,0.0,3000
2013-05-01,1.4600000381469727,1.4600000381469727,0.0,1.4600000381469727,1.4600000381469727,1.4600000381469727,0.0,500
2013-05-02,1.4600000381469727,1.4600000381469727,0.0,1.4600000381469727,1.4600000381469727,1.4600000381469727,0.0,1800
2013-05-03,1.409999966621399,1.409999966621399,0.0,1.559999942779541,1.399999976158142,1.559999942779541,0.0,29300
2013-05-06,1.4299999475479126,1.4299999475479126,0.0,1.4299999475479126,1.3799999952316284,1.4199999570846558,0.0,8500
2013-05-07,1.3799999952316284,1.3799999952316284,0.0,1.4299999475479126,1.3600000143051147,1.4299999475479126,0.0,2600
2013-05-08,1.3600000143051147,1.3600000143051147,0.0,1.4299999475479126,1.3600000143051147,1.3700000047683716,0.0,7500
2013-05-09,1.4600000381469727,1.4600000381469727,0.0,1.4800000190734863,1.3600000143051147,1.399999976158142,0.0,4900
2013-05-10,1.4900000095367432,1.4900000095367432,0.0,1.5,1.409999966621399,1.4199999570846558,0.0,4100
2013-05-13,1.4299999475479126,1.4299999475479126,0.0,1.4900000095367432,1.4299999475479126,1.4900000095367432,0.0,3200
2013-05-14,1.25,1.25,0.0,1.399999976158142,1.25,1.3600000143051147,0.0,31100
2013-05-15,1.3799999952316284,1.3799999952316284,0.0,1.399999976158142,1.340000033378601,1.3600000143051147,0.0,21900
2013-05-16,1.3700000047683716,1.3700000047683716,0.0,1.4500000476837158,1.3700000047683716,1.4500000476837158,0.0,9400
2013-05-17,1.3700000047683716,1.3700000047683716,0.0,1.3700000047683716,1.3700000047683716,1.3700000047683716,0.0,4100
2013-05-20,1.4800000190734863,1.4800000190734863,0.0,1.4900000095367432,1.399999976158142,1.399999976158142,0.0,37600
2013-05-21,1.4700000286102295,1.4700000286102295,0.0,1.4900000095367432,1.409999966621399,1.4900000095367432,0.0,34300
2013-05-22,1.559999942779541,1.559999942779541,0.0,1.559999942779541,1.4800000190734863,1.4800000190734863,0.0,33100
2013-05-23,1.5399999618530273,1.5399999618530273,0.0,1.6399999856948853,1.5399999618530273,1.5399999618530273,0.0,5300
2013-05-24,1.5700000524520874,1.5700000524520874,0.0,1.6299999952316284,1.559999942779541,1.559999942779541,0.0,2900
2013-05-28,1.6200000047683716,1.6200000047683716,0.0,1.7000000476837158,1.5199999809265137,1.5700000524520874,0.0,3300
2013-05-29,1.6399999856948853,1.6399999856948853,0.0,1.6399999856948853,1.590000033378601,1.6399999856948853,0.0,11200
2013-05-30,1.590000033378601,1.590000033378601,0.0,1.6100000143051147,1.590000033378601,1.6100000143051147,0.0,9500
2013-05-31,1.5800000429153442,1.5800000429153442,0.0,1.590000033378601,1.5199999809265137,1.590000033378601,0.0,10100
2013-06-03,1.5299999713897705,1.5299999713897705,0.0,1.559999942779541,1.5299999713897705,1.5499999523162842,0.0,1000
2013-06-04,1.5499999523162842,1.5499999523162842,0.0,1.590000033378601,1.5499999523162842,1.5499999523162842,0.0,3500
2013-06-05,1.5499999523162842,1.5499999523162842,0.0,1.5499999523162842,1.5499999523162842,1.5499999523162842,0.0,0
2013-06-06,1.4800000190734863,1.4800000190734863,0.0,1.5399999618530273,1.4199999570846558,1.5399999618530273,0.0,9800
2013-06-07,1.4900000095367432,1.4900000095367432,0.0,1.4900000095367432,1.4800000190734863,1.4800000190734863,0.0,1800
2013-06-10,1.590000033378601,1.590000033378601,0.0,1.590000033378601,1.4299999475479126,1.4900000095367432,0.0,36300
2013-06-11,1.590000033378601,1.590000033378601,0.0,1.590000033378601,1.5299999713897705,1.5800000429153442,0.0,3200
2013-06-12,1.5,1.5,0.0,1.590000033378601,1.4700000286102295,1.4700000286102295,0.0,6700
2013-06-13,1.5199999809265137,1.5199999809265137,0.0,1.5299999713897705,1.4900000095367432,1.5,0.0,8900
2013-06-14,1.5499999523162842,1.5499999523162842,0.0,1.590000033378601,1.5499999523162842,1.5800000429153442,0.0,4600
2013-06-17,1.5399999618530273,1.5399999618530273,0.0,1.5499999523162842,1.4800000190734863,1.5499999523162842,0.0,5300
2013-06-18,1.559999942779541,1.559999942779541,0.0,1.559999942779541,1.4900000095367432,1.5199999809265137,0.0,4700
2013-06-19,1.4900000095367432,1.4900000095367432,0.0,1.5199999809265137,1.4800000190734863,1.5199999809265137,0.0,900
2013-06-20,1.5499999523162842,1.5499999523162842,0.0,1.5499999523162842,1.5099999904632568,1.5099999904632568,0.0,5300
2013-06-21,1.5099999904632568,1.5099999904632568,0.0,1.5099999904632568,1.4299999475479126,1.4800000190734863,0.0,44400
2013-06-24,1.5499999523162842,1.5499999523162842,0.0,1.5800000429153442,1.5299999713897705,1.5299999713897705,0.0,2700
2013-06-25,1.5499999523162842,1.5499999523162842,0.0,1.5499999523162842,1.5499999523162842,1.5499999523162842,0.0,400
2013-06-26,1.5800000429153442,1.5800000429153442,0.0,1.5800000429153442,1.5800000429153442,1.5800000429153442,0.0,600
2013-06-27,1.5099999904632568,1.5099999904632568,0.0,1.5499999523162842,1.5,1.5099999904632568,0.0,3500
2013-06-28,1.4299999475479126,1.4299999475479126,0.0,1.5700000524520874,1.4299999475479126,1.5700000524520874,0.0,1200
2013-07-01,1.4600000381469727,1.4600000381469727,0.0,1.5499999523162842,1.4500000476837158,1.5299999713897705,0.0,10400
2013-07-02,1.4600000381469727,1.4600000381469727,0.0,1.4600000381469727,1.409999966621399,1.440000057220459,0.0,400
2013-07-03,1.4600000381469727,1.4600000381469727,0.0,1.4600000381469727,1.4600000381469727,1.4600000381469727,0.0,200
2013-07-05,1.5800000429153442,1.5800000429153442,0.0,1.5800000429153442,1.399999976158142,1.4600000381469727,0.0,7400
2013-07-08,1.5399999618530273,1.5399999618530273,0.0,1.5499999523162842,1.4299999475479126,1.5499999523162842,0.0,6200
2013-07-09,1.5399999618530273,1.5399999618530273,0.0,1.5399999618530273,1.5399999618530273,1.5399999618530273,0.0,0
2013-07-10,1.4299999475479126,1.4299999475479126,0.0,1.440000057220459,1.409999966621399,1.440000057220459,0.0,1800
2013-07-11,1.4600000381469727,1.4600000381469727,0.0,1.559999942779541,1.4500000476837158,1.4500000476837158,0.0,5300
2013-07-12,1.5800000429153442,1.5800000429153442,0.0,1.5800000429153442,1.5299999713897705,1.5399999618530273,0.0,4100
2013-07-15,1.5700000524520874,1.5700000524520874,0.0,1.5800000429153442,1.4500000476837158,1.5499999523162842,0.0,7800
2013-07-16,1.5700000524520874,1.5700000524520874,0.0,1.5700000524520874,1.5499999523162842,1.5499999523162842,0.0,3000
2013-07-17,1.4600000381469727,1.4600000381469727,0.0,1.5700000524520874,1.4500000476837158,1.5700000524520874,0.0,7500
2013-07-18,1.4600000381469727,1.4600000381469727,0.0,1.5,1.4500000476837158,1.4900000095367432,0.0,6700
2013-07-19,1.5,1.5,0.0,1.5,1.5,1.5,0.0,100
2013-07-22,1.4700000286102295,1.4700000286102295,0.0,1.4800000190734863,1.4199999570846558,1.4600000381469727,0.0,4400
2013-07-23,1.4500000476837158,1.4500000476837158,0.0,1.4800000190734863,1.4500000476837158,1.4700000286102295,0.0,1700
2013-07-24,1.4299999475479126,1.4299999475479126,0.0,1.440000057220459,1.4199999570846558,1.4299999475479126,0.0,5100
2013-07-25,1.4199999570846558,1.4199999570846558,0.0,1.4199999570846558,1.4199999570846558,1.4199999570846558,0.0,4200
2013-07-26,1.4199999570846558,1.4199999570846558,0.0,1.4299999475479126,1.4199999570846558,1.4199999570846558,0.0,2700
2013-07-29,1.4900000095367432,1.4900000095367432,0.0,1.5,1.4600000381469727,1.5,0.0,8800
2013-07-30,1.4600000381469727,1.4600000381469727,0.0,1.5,1.4500000476837158,1.5,0.0,2500
2013-07-31,1.440000057220459,1.440000057220459,0.0,1.4700000286102295,1.440000057220459,1.4700000286102295,0.0,5200
2013-08-01,1.5,1.5,0.0,1.5,1.4299999475479126,1.4299999475479126,0.0,5500
2013-08-02,1.4800000190734863,1.4800000190734863,0.0,1.5,1.4800000190734863,1.4800000190734863,0.0,2600
2013-08-05,1.5,1.5,0.0,1.5,1.4800000190734863,1.5,0.0,6900
2013-08-06,1.5,1.5,0.0,1.5,1.5,1.5,0.0,0
2013-08-07,1.5,1.5,0.0,1.5,1.4800000190734863,1.4800000190734863,0.0,1200
2013-08-08,1.5,1.5,0.0,1.5,1.5,1.5,0.0,100
2013-08-09,1.5199999809265137,1.5199999809265137,0.0,1.5399999618530273,1.5,1.5,0.0,7300
2013-08-12,1.5199999809265137,1.5199999809265137,0.0,1.5199999809265137,1.5199999809265137,1.5199999809265137,0.0,200
2013-08-13,1.5,1.5,0.0,1.5199999809265137,1.4700000286102295,1.5199999809265137,0.0,9100
2013-08-14,1.350000023841858,1.350000023841858,0.0,1.600000023841858,1.350000023841858,1.4600000381469727,0.0,202700
2013-08-15,1.3799999952316284,1.3799999952316284,0.0,1.409999966621399,1.350000023841858,1.399999976158142,0.0,37600
2013-08-16,1.3799999952316284,1.3799999952316284,0.0,1.4500000476837158,1.3700000047683716,1.4500000476837158,0.0,10800
2013-08-19,1.399999976158142,1.399999976158142,0.0,1.409999966621399,1.3600000143051147,1.3700000047683716,0.0,8600
2013-08-20,1.4299999475479126,1.4299999475479126,0.0,1.4700000286102295,1.399999976158142,1.4700000286102295,0.0,900
2013-08-21,1.4800000190734863,1.4800000190734863,0.0,1.4800000190734863,1.4299999475479126,1.4299999475479126,0.0,11200
2013-08-22,1.3700000047683716,1.3700000047683716,0.0,1.4299999475479126,1.3700000047683716,1.4299999475479126,0.0,3400
2013-08-23,1.399999976158142,1.399999976158142,0.0,1.399999976158142,1.3600000143051147,1.3600000143051147,0.0,8100
2013-08-26,1.3700000047683716,1.3700000047683716,0.0,1.3799999952316284,1.3700000047683716,1.3799999952316284,0.0,200
2013-08-27,1.3300000429153442,1.3300000429153442,0.0,1.3899999856948853,1.3300000429153442,1.3899999856948853,0.0,19300
2013-08-28,1.2999999523162842,1.2999999523162842,0.0,1.350000023841858,1.2999999523162842,1.350000023841858,0.0,21400
2013-08-29,1.2999999523162842,1.2999999523162842,0.0,1.2999999523162842,1.2899999618530273,1.2899999618530273,0.0,6100
2013-08-30,1.2999999523162842,1.2999999523162842,0.0,1.3300000429153442,1.2999999523162842,1.2999999523162842,0.0,2300
2013-09-03,1.309999942779541,1.309999942779541,0.0,1.350000023841858,1.2999999523162842,1.3200000524520874,0.0,2500
2013-09-04,1.309999942779541,1.309999942779541,0.0,1.3799999952316284,1.2999999523162842,1.3300000429153442,0.0,1800
2013-09-05,1.309999942779541,1.309999942779541,0.0,1.309999942779541,1.309999942779541,1.309999942779541,0.0,0
2013-09-06,1.350000023841858,1.350000023841858,0.0,1.3700000047683716,1.2999999523162842,1.3200000524520874,0.0,4900
2013-09-09,1.3600000143051147,1.3600000143051147,0.0,1.3899999856948853,1.2999999523162842,1.350000023841858,0.0,6300
2013-09-10,1.3600000143051147,1.3600000143051147,0.0,1.3899999856948853,1.340000033378601,1.340000033378601,0.0,5500
2013-09-11,1.3600000143051147,1.3600000143051147,0.0,1.3600000143051147,1.3600000143051147,1.3600000143051147,0.0,0
2013-09-12,1.3200000524520874,1.3200000524520874,0.0,1.3899999856948853,1.309999942779541,1.3899999856948853,0.0,1400
2013-09-13,1.3799999952316284,1.3799999952316284,0.0,1.3799999952316284,1.3200000524520874,1.3799999952316284,0.0,800
2013-09-16,1.3600000143051147,1.3600000143051147,0.0,1.3600000143051147,1.309999942779541,1.309999942779541,0.0,2600
2013-09-17,1.340000033378601,1.340000033378601,0.0,1.340000033378601,1.340000033378601,1.340000033378601,0.0,400
2013-09-18,1.3600000143051147,1.3600000143051147,0.0,1.440000057220459,1.340000033378601,1.340000033378601,0.0,5200
2013-09-19,1.2599999904632568,1.2599999904632568,0.0,1.3300000429153442,1.2599999904632568,1.3200000524520874,0.0,7100
2013-09-20,1.2599999904632568,1.2599999904632568,0.0,1.2899999618530273,1.25,1.2899999618530273,0.0,9600
2013-09-23,1.2599999904632568,1.2599999904632568,0.0,1.2699999809265137,1.2599999904632568,1.2699999809265137,0.0,500
2013-09-24,1.2999999523162842,1.2999999523162842,0.0,1.2999999523162842,1.2699999809265137,1.2699999809265137,0.0,6500
2013-09-25,1.309999942779541,1.309999942779541,0.0,1.3200000524520874,1.2999999523162842,1.309999942779541,0.0,5000
2013-09-26,1.3600000143051147,1.3600000143051147,0.0,1.4299999475479126,1.2999999523162842,1.2999999523162842,0.0,27800
2013-09-27,1.3899999856948853,1.3899999856948853,0.0,1.3899999856948853,1.3799999952316284,1.3799999952316284,0.0,7300
2013-09-30,1.350000023841858,1.350000023841858,0.0,1.350000023841858,1.350000023841858,1.350000023841858,0.0,700
2013-10-01,1.340000033378601,1.340000033378601,0.0,1.3600000143051147,1.340000033378601,1.3600000143051147,0.0,7000
2013-10-02,1.3700000047683716,1.3700000047683716,0.0,1.3700000047683716,1.309999942779541,1.309999942779541,0.0,6700
2013-10-03,1.2899999618530273,1.2899999618530273,0.0,1.399999976158142,1.2899999618530273,1.3899999856948853,0.0,3500
2013-10-04,1.3899999856948853,1.3899999856948853,0.0,1.3899999856948853,1.2999999523162842,1.309999942779541,0.0,1300
2013-10-07,1.3899999856948853,1.3899999856948853,0.0,1.3899999856948853,1.3899999856948853,1.3899999856948853,0.0,0
2013-10-08,1.3300000429153442,1.3300000429153442,0.0,1.350000023841858,1.25,1.350000023841858,0.0,14600
2013-10-09,1.2899999618530273,1.2899999618530273,0.0,1.3700000047683716,1.2699999809265137,1.2999999523162842,0.0,25900
2013-10-10,1.350000023841858,1.350000023841858,0.0,1.350000023841858,1.2999999523162842,1.350000023841858,0.0,1000
2013-10-11,1.2999999523162842,1.2999999523162842,0.0,1.2999999523162842,1.2999999523162842,1.2999999523162842,0.0,900
2013-10-14,1.2999999523162842,1.2999999523162842,0.0,1.2999999523162842,1.2999999523162842,1.2999999523162842,0.0,1500
2013-10-15,1.3300000429153442,1.3300000429153442,0.0,1.340000033378601,1.3300000429153442,1.340000033378601,0.0,5200
2013-10-16,1.309999942779541,1.309999942779541,0.0,1.440000057220459,1.2999999523162842,1.350000023841858,0.0,24100
2013-10-17,1.4700000286102295,1.4700000286102295,0.0,1.4900000095367432,1.399999976158142,1.399999976158142,0.0,27100
2013-10-18,1.8300000429153442,1.8300000429153442,0.0,2.069999933242798,1.4800000190734863,1.600000023841858,0.0,436700
2013-10-21,1.850000023841858,1.850000023841858,0.0,2.1700000762939453,1.840000033378601,2.0199999809265137,0.0,188900
2013-10-22,1.7400000095367432,1.7400000095367432,0.0,1.9500000476837158,1.600000023841858,1.8899999856948853,0.0,73900
2013-10-23,1.7400000095367432,1.7400000095367432,0.0,1.7699999809265137,1.600000023841858,1.6399999856948853,0.0,28700
2013-10-24,1.7899999618530273,1.7899999618530273,0.0,1.7899999618530273,1.6100000143051147,1.6299999952316284,0.0,24800
2013-10-25,1.8700000047683716,1.8700000047683716,0.0,1.8700000047683716,1.7699999809265137,1.7699999809265137,0.0,26100
2013-10-28,1.9199999570846558,1.9199999570846558,0.0,1.9800000190734863,1.8799999952316284,1.9199999570846558,0.0,104400
2013-10-29,1.8700000047683716,1.8700000047683716,0.0,1.940000057220459,1.8700000047683716,1.899999976158142,0.0,36600
2013-10-30,1.9600000381469727,1.9600000381469727,0.0,1.9600000381469727,1.7200000286102295,1.9500000476837158,0.0,19200
2013-10-31,1.899999976158142,1.899999976158142,0.0,2.059999942779541,1.7599999904632568,1.8200000524520874,0.0,34200
2013-11-01,1.7300000190734863,1.7300000190734863,0.0,1.8899999856948853,1.7200000286102295,1.7999999523162842,0.0,28600
2013-11-04,1.7400000095367432,1.7400000095367432,0.0,1.940000057220459,1.7200000286102295,1.7300000190734863,0.0,37100
2013-11-05,1.7200000286102295,1.7200000286102295,0.0,1.7599999904632568,1.7200000286102295,1.7599999904632568,0.0,10200
2013-11-06,1.75,1.75,0.0,1.75,1.75,1.75,0.0,100
2013-11-07,1.7599999904632568,1.7599999904632568,0.0,1.8300000429153442,1.75,1.75,0.0,2300
2013-11-08,1.7799999713897705,1.7799999713897705,0.0,1.8300000429153442,1.75,1.7899999618530273,0.0,5300
2013-11-11,1.8300000429153442,1.8300000429153442,0.0,1.8300000429153442,1.8300000429153442,1.8300000429153442,0.0,400
2013-11-12,1.809999942779541,1.809999942779541,0.0,1.8799999952316284,1.7999999523162842,1.809999942779541,0.0,2300
2013-11-13,1.75,1.75,0.0,1.7999999523162842,1.75,1.7999999523162842,0.0,35800
2013-11-14,1.7599999904632568,1.7599999904632568,0.0,1.7799999713897705,1.75,1.75,0.0,15000
2013-11-15,1.7799999713897705,1.7799999713897705,0.0,1.809999942779541,1.7799999713897705,1.809999942779541,0.0,3100
2013-11-18,1.8300000429153442,1.8300000429153442,0.0,1.8300000429153442,1.7799999713897705,1.7799999713897705,0.0,600
2013-11-19,1.8300000429153442,1.8300000429153442,0.0,1.850000023841858,1.8300000429153442,1.840000033378601,0.0,4600
2013-11-20,1.840000033378601,1.840000033378601,0.0,1.850000023841858,1.7899999618530273,1.7999999523162842,0.0,6800
2013-11-21,1.8899999856948853,1.8899999856948853,0.0,1.899999976158142,1.8600000143051147,1.8799999952316284,0.0,20000
2013-11-22,1.899999976158142,1.899999976158142,0.0,1.9800000190734863,1.7999999523162842,1.8600000143051147,0.0,30500
2013-11-25,2.25,2.25,0.0,2.2799999713897705,1.899999976158142,1.940000057220459,0.0,122300
2013-11-26,2.299999952316284,2.299999952316284,0.0,2.4000000953674316,2.2100000381469727,2.4000000953674316,0.0,66900
2013-11-27,2.130000114440918,2.130000114440918,0.0,2.3499999046325684,2.130000114440918,2.259999990463257,0.0,64300
2013-11-29,2.25,2.25,0.0,2.299999952316284,2.25,2.25,0.0,13100
2013-12-02,2.2899999618530273,2.2899999618530273,0.0,2.3399999141693115,2.259999990463257,2.3399999141693115,0.0,12600
2013-12-03,2.200000047683716,2.200000047683716,0.0,2.2799999713897705,2.069999933242798,2.2699999809265137,0.0,35100
2013-12-04,2.3499999046325684,2.3499999046325684,0.0,2.4600000381469727,2.25,2.25,0.0,35700
2013-12-05,2.3299999237060547,2.3299999237060547,0.0,2.450000047683716,2.259999990463257,2.390000104904175,0.0,26100
2013-12-06,2.299999952316284,2.299999952316284,0.0,2.3299999237060547,2.25,2.299999952316284,0.0,9000
2013-12-09,2.2799999713897705,2.2799999713897705,0.0,2.3399999141693115,2.25,2.299999952316284,0.0,45000
2013-12-10,2.390000104904175,2.390000104904175,0.0,2.4000000953674316,2.2799999713897705,2.2799999713897705,0.0,17500
2013-12-11,2.4100000858306885,2.4100000858306885,0.0,2.440000057220459,2.3499999046325684,2.3499999046325684,0.0,26300
2013-12-12,2.3399999141693115,2.3399999141693115,0.0,2.369999885559082,2.2699999809265137,2.359999895095825,0.0,36500
2013-12-13,2.1600000858306885,2.1600000858306885,0.0,2.380000114440918,2.1600000858306885,2.3399999141693115,0.0,58400
2013-12-16,2.2699999809265137,2.2699999809265137,0.0,2.2699999809265137,2.140000104904175,2.2300000190734863,0.0,59100
2013-12-17,2.259999990463257,2.259999990463257,0.0,2.2699999809265137,2.1600000858306885,2.2699999809265137,0.0,11400
2013-12-18,2.309999942779541,2.309999942779541,0.0,2.309999942779541,2.2100000381469727,2.2100000381469727,0.0,33000
2013-12-19,2.3499999046325684,2.3499999046325684,0.0,2.3499999046325684,2.259999990463257,2.299999952316284,0.0,11500
2013-12-20,2.25,2.25,0.0,2.440000057220459,2.25,2.440000057220459,0.0,13900
2013-12-23,2.5,2.5,0.0,2.5,2.299999952316284,2.299999952316284,0.0,43100
2013-12-24,3.059999942779541,3.059999942779541,0.0,3.799999952316284,2.75,3.0,0.0,979600
2013-12-26,2.740000009536743,2.740000009536743,0.0,3.140000104904175,2.569999933242798,3.0899999141693115,0.0,217900
2013-12-27,2.75,2.75,0.0,3.069999933242798,2.740000009536743,2.7699999809265137,0.0,44300
2013-12-30,2.8399999141693115,2.8399999141693115,0.0,3.0,2.609999895095825,3.0,0.0,61200
2013-12-31,2.7100000381469727,2.7100000381469727,0.0,2.890000104904175,2.6600000858306885,2.890000104904175,0.0,39300
2014-01-02,2.819999933242798,2.819999933242798,0.0,2.8399999141693115,2.4800000190734863,2.8299999237060547,0.0,62200
2014-01-03,2.7300000190734863,2.7300000190734863,0.0,2.8399999141693115,2.609999895095825,2.8399999141693115,0.0,22700
2014-01-06,2.75,2.75,0.0,2.859999895095825,2.700000047683716,2.8399999141693115,0.0,48300
2014-01-07,2.9000000953674316,2.9000000953674316,0.0,2.9800000190734863,2.75,2.8299999237060547,0.0,121000
2014-01-08,3.299999952316284,3.299999952316284,0.0,3.3499999046325684,2.9000000953674316,2.950000047683716,0.0,237000
2014-01-09,3.1700000762939453,3.1700000762939453,0.0,3.359999895095825,3.0299999713897705,3.359999895095825,0.0,135300
2014-01-10,3.049999952316284,3.049999952316284,0.0,3.200000047683716,3.0,3.180000066757202,0.0,76200
2014-01-13,3.119999885559082,3.119999885559082,0.0,3.200000047683716,3.0,3.1600000858306885,0.0,61300
2014-01-14,3.130000114440918,3.130000114440918,0.0,3.2200000286102295,3.0399999618530273,3.180000066757202,0.0,64800
2014-01-15,3.240000009536743,3.240000009536743,0.0,3.380000114440918,3.180000066757202,3.180000066757202,0.0,82000
2014-01-16,3.0799999237060547,3.0799999237060547,0.0,3.2899999618530273,3.0799999237060547,3.2899999618530273,0.0,48600
2014-01-17,3.140000104904175,3.140000104904175,0.0,3.25,3.0399999618530273,3.1500000953674316,0.0,50600
2014-01-21,3.190000057220459,3.190000057220459,0.0,3.25,3.0999999046325684,3.240000009536743,0.0,46100
2014-01-22,3.1500000953674316,3.1500000953674316,0.0,3.2100000381469727,3.140000104904175,3.140000104904175,0.0,35300
2014-01-23,3.069999933242798,3.069999933242798,0.0,3.180000066757202,3.059999942779541,3.140000104904175,0.0,43100
2014-01-24,3.0199999809265137,3.0199999809265137,0.0,3.200000047683716,2.940000057220459,3.109999895095825,0.0,46800
2014-01-27,2.930000066757202,2.930000066757202,0.0,3.1500000953674316,2.799999952316284,3.109999895095825,0.0,107600
2014-01-28,2.9700000286102295,2.9700000286102295,0.0,3.0,2.809999942779541,2.9000000953674316,0.0,38400
2014-01-29,3.0299999713897705,3.0299999713897705,0.0,3.0899999141693115,2.950000047683716,2.950000047683716,0.0,33400
2014-01-30,3.049999952316284,3.049999952316284,0.0,3.0999999046325684,3.0,3.059999942779541,0.0,22600
2014-01-31,3.009999990463257,3.009999990463257,0.0,3.049999952316284,3.0,3.049999952316284,0.0,21500
2014-02-03,3.130000114440918,3.130000114440918,0.0,3.200000047683716,3.0,3.009999990463257,0.0,49800
2014-02-04,3.1600000858306885,3.1600000858306885,0.0,3.2799999713897705,3.0299999713897705,3.190000057220459,0.0,37200
2014-02-05,3.299999952316284,3.299999952316284,0.0,3.3399999141693115,3.190000057220459,3.200000047683716,0.0,35000
2014-02-06,3.2899999618530273,3.2899999618530273,0.0,3.5,3.1500000953674316,3.450000047683716,0.0,185400
2014-02-07,3.200000047683716,3.200000047683716,0.0,3.3299999237060547,3.1500000953674316,3.319999933242798,0.0,94900
2014-02-10,3.2699999809265137,3.2699999809265137,0.0,3.359999895095825,3.140000104904175,3.200000047683716,0.0,69300
2014-02-11,3.240000009536743,3.240000009536743,0.0,3.390000104904175,3.1500000953674316,3.2100000381469727,0.0,70100
2014-02-12,3.25,3.25,0.0,3.3499999046325684,3.1700000762939453,3.3499999046325684,0.0,38200
2014-02-13,2.9100000858306885,2.9100000858306885,0.0,2.940000057220459,2.5799999237060547,2.799999952316284,0.0,190500
2014-02-14,2.930000066757202,2.930000066757202,0.0,3.049999952316284,2.890000104904175,2.9000000953674316,0.0,45500
2014-02-18,2.859999895095825,2.859999895095825,0.0,2.9800000190734863,2.8499999046325684,2.9000000953674316,0.0,30000
2014-02-19,2.7300000190734863,2.7300000190734863,0.0,2.990000009536743,2.7200000286102295,2.990000009536743,0.0,68000
2014-02-20,2.7699999809265137,2.7699999809265137,0.0,2.809999942779541,2.740000009536743,2.809999942779541,0.0,11700
2014-02-21,2.8399999141693115,2.8399999141693115,0.0,2.8399999141693115,2.740000009536743,2.809999942779541,0.0,16000
2014-02-24,2.8399999141693115,2.8399999141693115,0.0,2.9800000190734863,2.799999952316284,2.819999933242798,0.0,17000
2014-02-25,2.8299999237060547,2.8299999237060547,0.0,2.8499999046325684,2.819999933242798,2.819999933242798,0.0,9800
2014-02-26,2.819999933242798,2.819999933242798,0.0,2.8499999046325684,2.819999933242798,2.8499999046325684,0.0,5500
2014-02-27,2.799999952316284,2.799999952316284,0.0,2.8499999046325684,2.7799999713897705,2.7799999713897705,0.0,6700
2014-02-28,2.700000047683716,2.700000047683716,0.0,2.8499999046325684,2.700000047683716,2.7799999713897705,0.0,27100
2014-03-03,2.759999990463257,2.759999990463257,0.0,2.819999933242798,2.700000047683716,2.700000047683716,0.0,14400
2014-03-04,2.7200000286102295,2.7200000286102295,0.0,2.7699999809265137,2.700000047683716,2.7200000286102295,0.0,9200
2014-03-05,2.7300000190734863,2.7300000190734863,0.0,2.75,2.700000047683716,2.700000047683716,0.0,6100
2014-03-06,2.7899999618530273,2.7899999618530273,0.0,2.799999952316284,2.740000009536743,2.75,0.0,11400
2014-03-07,2.7799999713897705,2.7799999713897705,0.0,2.7899999618530273,2.700000047683716,2.75,0.0,10800
2014-03-10,2.799999952316284,2.799999952316284,0.0,2.799999952316284,2.75,2.7899999618530273,0.0,6200
2014-03-11,2.8499999046325684,2.8499999046325684,0.0,2.930000066757202,2.7200000286102295,2.759999990463257,0.0,9300
2014-03-12,2.759999990463257,2.759999990463257,0.0,2.9000000953674316,2.7300000190734863,2.799999952316284,0.0,28300
2014-03-13,2.7899999618530273,2.7899999618530273,0.0,2.8299999237060547,2.7899999618530273,2.8299999237060547,0.0,1300
2014-03-14,2.7799999713897705,2.7799999713897705,0.0,2.9100000858306885,2.75,2.75,0.0,4100
2014-03-17,2.75,2.75,0.0,2.859999895095825,2.75,2.8499999046325684,0.0,6100
2014-03-18,2.7799999713897705,2.7799999713897705,0.0,2.8399999141693115,2.7699999809265137,2.809999942779541,0.0,8800
2014-03-19,2.799999952316284,2.799999952316284,0.0,2.880000114440918,2.7699999809265137,2.819999933242798,0.0,9800
2014-03-20,2.7799999713897705,2.7799999713897705,0.0,2.8399999141693115,2.7699999809265137,2.809999942779541,0.0,10700
2014-03-21,2.700000047683716,2.700000047683716,0.0,2.8399999141693115,2.700000047683716,2.819999933242798,0.0,50700
2014-03-24,2.700000047683716,2.700000047683716,0.0,2.7899999618530273,2.6500000953674316,2.7300000190734863,0.0,5000
2014-03-25,2.630000114440918,2.630000114440918,0.0,2.75,2.630000114440918,2.6700000762939453,0.0,6400
2014-03-26,2.630000114440918,2.630000114440918,0.0,2.7899999618530273,2.609999895095825,2.75,0.0,11200
2014-03-27,2.490000009536743,2.490000009536743,0.0,2.609999895095825,2.490000009536743,2.609999895095825,0.0,46500
2014-03-28,2.5,2.5,0.0,2.569999933242798,2.5,2.5,0.0,14300
2014-03-31,2.509999990463257,2.509999990463257,0.0,2.559999942779541,2.509999990463257,2.509999990463257,0.0,3300
2014-04-01,2.700000047683716,2.700000047683716,0.0,2.700000047683716,2.5199999809265137,2.5799999237060547,0.0,35300
2014-04-02,2.9100000858306885,2.9100000858306885,0.0,2.990000009536743,2.7799999713897705,2.819999933242798,0.0,43900
2014-04-03,2.950000047683716,2.950000047683716,0.0,2.9600000381469727,2.7699999809265137,2.9100000858306885,0.0,10000
2014-04-04,2.759999990463257,2.759999990463257,0.0,2.890000104904175,2.740000009536743,2.890000104904175,0.0,7100
2014-04-07,2.7200000286102295,2.7200000286102295,0.0,2.7699999809265137,2.6700000762939453,2.7699999809265137,0.0,12100
2014-04-08,2.619999885559082,2.619999885559082,0.0,2.7200000286102295,2.619999885559082,2.680000066757202,0.0,13900
2014-04-09,2.640000104904175,2.640000104904175,0.0,2.7300000190734863,2.640000104904175,2.7300000190734863,0.0,3200
2014-04-10,2.640000104904175,2.640000104904175,0.0,2.7100000381469727,2.609999895095825,2.7100000381469727,0.0,1800
2014-04-11,2.619999885559082,2.619999885559082,0.0,2.7200000286102295,2.609999895095825,2.609999895095825,0.0,14700
2014-04-14,2.700000047683716,2.700000047683716,0.0,2.7799999713897705,2.619999885559082,2.640000104904175,0.0,3200
2014-04-15,2.5899999141693115,2.5899999141693115,0.0,2.700000047683716,2.5799999237060547,2.700000047683716,0.0,11500
2014-04-16,2.7100000381469727,2.7100000381469727,0.0,2.809999942779541,2.569999933242798,2.619999885559082,0.0,5900
2014-04-17,2.809999942779541,2.809999942779541,0.0,2.809999942779541,2.6500000953674316,2.7200000286102295,0.0,6400
2014-04-21,2.759999990463257,2.759999990463257,0.0,2.8399999141693115,2.7200000286102295,2.8399999141693115,0.0,6000
2014-04-22,2.7799999713897705,2.7799999713897705,0.0,2.8299999237060547,2.6500000953674316,2.7699999809265137,0.0,6900
2014-04-23,2.7699999809265137,2.7699999809265137,0.0,2.8299999237060547,2.700000047683716,2.700000047683716,0.0,3100
2014-04-24,2.700000047683716,2.700000047683716,0.0,2.819999933242798,2.700000047683716,2.799999952316284,0.0,12700
2014-04-25,2.75,2.75,0.0,2.8299999237060547,2.700000047683716,2.740000009536743,0.0,14600
2014-04-28,2.549999952316284,2.549999952316284,0.0,2.869999885559082,2.549999952316284,2.700000047683716,0.0,34200
2014-04-29,2.6500000953674316,2.6500000953674316,0.0,2.799999952316284,2.549999952316284,2.5999999046325684,0.0,5700
2014-04-30,2.6500000953674316,2.6500000953674316,0.0,2.6700000762939453,2.569999933242798,2.569999933242798,0.0,1600
2014-05-01,2.7699999809265137,2.7699999809265137,0.0,2.7699999809265137,2.6600000858306885,2.7100000381469727,0.0,1400
2014-05-02,2.640000104904175,2.640000104904175,0.0,2.7200000286102295,2.619999885559082,2.7200000286102295,0.0,2400
2014-05-05,2.630000114440918,2.630000114440918,0.0,2.700000047683716,2.559999942779541,2.559999942779541,0.0,500
2014-05-06,2.609999895095825,2.609999895095825,0.0,2.7100000381469727,2.609999895095825,2.6700000762939453,0.0,1600
2014-05-07,2.549999952316284,2.549999952316284,0.0,2.7699999809265137,2.549999952316284,2.740000009536743,0.0,34100
2014-05-08,2.5999999046325684,2.5999999046325684,0.0,2.7699999809265137,2.549999952316284,2.5799999237060547,0.0,47400
2014-05-09,2.619999885559082,2.619999885559082,0.0,2.690000057220459,2.5999999046325684,2.619999885559082,0.0,4100
2014-05-12,2.5899999141693115,2.5899999141693115,0.0,2.7100000381469727,2.5899999141693115,2.619999885559082,0.0,5200
2014-05-13,2.680000066757202,2.680000066757202,0.0,2.680000066757202,2.5999999046325684,2.5999999046325684,0.0,1500
2014-05-14,2.5799999237060547,2.5799999237060547,0.0,2.6700000762939453,2.569999933242798,2.609999895095825,0.0,2100
2014-05-15,2.549999952316284,2.549999952316284,0.0,2.640000104904175,2.5,2.549999952316284,0.0,50800
2014-05-16,2.5199999809265137,2.5199999809265137,0.0,2.5199999809265137,2.5,2.5,0.0,5400
2014-05-19,2.6500000953674316,2.6500000953674316,0.0,2.7100000381469727,2.509999990463257,2.5399999618530273,0.0,47000
2014-05-20,2.6600000858306885,2.6600000858306885,0.0,2.7100000381469727,2.6600000858306885,2.700000047683716,0.0,2900
2014-05-21,2.7799999713897705,2.7799999713897705,0.0,2.799999952316284,2.609999895095825,2.640000104904175,0.0,38000
2014-05-22,2.740000009536743,2.740000009536743,0.0,2.8399999141693115,2.680000066757202,2.7899999618530273,0.0,11400
2014-05-23,2.630000114440918,2.630000114440918,0.0,2.759999990463257,2.630000114440918,2.700000047683716,0.0,5900
2014-05-27,2.740000009536743,2.740000009536743,0.0,2.740000009536743,2.609999895095825,2.6600000858306885,0.0,38100
2014-05-28,2.690000057220459,2.690000057220459,0.0,2.759999990463257,2.619999885559082,2.759999990463257,0.0,3400
2014-05-29,2.6500000953674316,2.6500000953674316,0.0,2.7899999618530273,2.6500000953674316,2.7200000286102295,0.0,5600
2014-05-30,2.7100000381469727,2.7100000381469727,0.0,2.7699999809265137,2.6700000762939453,2.7200000286102295,0.0,3100
2014-06-02,2.7100000381469727,2.7100000381469727,0.0,2.7100000381469727,2.7100000381469727,2.7100000381469727,0.0,0
2014-06-03,2.759999990463257,2.759999990463257,0.0,2.759999990463257,2.619999885559082,2.619999885559082,0.0,1900
2014-06-04,2.7100000381469727,2.7100000381469727,0.0,2.7200000286102295,2.680000066757202,2.7100000381469727,0.0,1000
2014-06-05,2.640000104904175,2.640000104904175,0.0,2.6500000953674316,2.640000104904175,2.6500000953674316,0.0,1600
2014-06-06,2.6600000858306885,2.6600000858306885,0.0,2.680000066757202,2.6600000858306885,2.680000066757202,0.0,400
2014-06-09,2.700000047683716,2.700000047683716,0.0,2.7100000381469727,2.690000057220459,2.700000047683716,0.0,43200
2014-06-10,2.640000104904175,2.640000104904175,0.0,2.6700000762939453,2.630000114440918,2.6700000762939453,0.0,800
2014-06-11,2.640000104904175,2.640000104904175,0.0,2.640000104904175,2.640000104904175,2.640000104904175,0.0,0
2014-06-12,2.75,2.75,0.0,2.7799999713897705,2.740000009536743,2.7799999713897705,0.0,1100
2014-06-13,2.7699999809265137,2.7699999809265137,0.0,2.7699999809265137,2.640000104904175,2.6500000953674316,0.0,3400
2014-06-16,2.680000066757202,2.680000066757202,0.0,2.819999933242798,2.680000066757202,2.819999933242798,0.0,800
2014-06-17,2.609999895095825,2.609999895095825,0.0,2.6600000858306885,2.5999999046325684,2.6500000953674316,0.0,22900
2014-06-18,2.5999999046325684,2.5999999046325684,0.0,2.6500000953674316,2.5999999046325684,2.6500000953674316,0.0,2300
2014-06-19,2.559999942779541,2.559999942779541,0.0,2.630000114440918,2.559999942779541,2.5999999046325684,0.0,9200
2014-06-20,2.5799999237060547,2.5799999237060547,0.0,2.5999999046325684,2.549999952316284,2.559999942779541,0.0,12600
2014-06-23,2.5999999046325684,2.5999999046325684,0.0,2.619999885559082,2.549999952316284,2.5999999046325684,0.0,30000
2014-06-24,2.5899999141693115,2.5899999141693115,0.0,2.5999999046325684,2.5899999141693115,2.5999999046325684,0.0,2200
2014-06-25,2.509999990463257,2.509999990463257,0.0,2.549999952316284,2.509999990463257,2.549999952316284,0.0,900
2014-06-26,2.5299999713897705,2.5299999713897705,0.0,2.569999933242798,2.5,2.5,0.0,1700
2014-06-27,2.509999990463257,2.509999990463257,0.0,2.559999942779541,2.5,2.509999990463257,0.0,10900
2014-06-30,2.5299999713897705,2.5299999713897705,0.0,2.5399999618530273,2.5,2.5199999809265137,0.0,3000
2014-07-01,2.5999999046325684,2.5999999046325684,0.0,2.619999885559082,2.509999990463257,2.509999990463257,0.0,22000
2014-07-02,2.549999952316284,2.549999952316284,0.0,2.569999933242798,2.5299999713897705,2.5299999713897705,0.0,1000
2014-07-03,2.5299999713897705,2.5299999713897705,0.0,2.5299999713897705,2.5199999809265137,2.5199999809265137,0.0,1900
2014-07-07,2.490000009536743,2.490000009536743,0.0,2.509999990463257,2.440000057220459,2.509999990463257,0.0,20700
2014-07-08,2.509999990463257,2.509999990463257,0.0,2.509999990463257,2.440000057220459,2.5,0.0,7300
2014-07-09,2.5,2.5,0.0,2.5199999809265137,2.450000047683716,2.450000047683716,0.0,3300
2014-07-10,2.440000057220459,2.440000057220459,0.0,2.450000047683716,2.440000057220459,2.450000047683716,0.0,1500
2014-07-11,2.5999999046325684,2.5999999046325684,0.0,2.5999999046325684,2.440000057220459,2.450000047683716,0.0,13400
2014-07-14,2.5799999237060547,2.5799999237060547,0.0,2.5799999237060547,2.4600000381469727,2.4600000381469727,0.0,2000
2014-07-15,2.4600000381469727,2.4600000381469727,0.0,2.5199999809265137,2.4600000381469727,2.5199999809265137,0.0,1700
2014-07-16,2.5,2.5,0.0,2.559999942779541,2.4700000286102295,2.490000009536743,0.0,5400
2014-07-17,2.2699999809265137,2.2699999809265137,0.0,2.619999885559082,2.2699999809265137,2.4700000286102295,0.0,53700
2014-07-18,2.3299999237060547,2.3299999237060547,0.0,2.450000047683716,2.2699999809265137,2.2699999809265137,0.0,64100
2014-07-21,2.4000000953674316,2.4000000953674316,0.0,2.4700000286102295,2.2799999713897705,2.2899999618530273,0.0,22400
2014-07-22,2.309999942779541,2.309999942779541,0.0,2.4800000190734863,2.299999952316284,2.450000047683716,0.0,37000
2014-07-23,2.299999952316284,2.299999952316284,0.0,2.4800000190734863,2.2699999809265137,2.319999933242798,0.0,70500
2014-07-24,2.309999942779541,2.309999942779541,0.0,2.369999885559082,2.299999952316284,2.299999952316284,0.0,3900
2014-07-25,2.299999952316284,2.299999952316284,0.0,2.390000104904175,2.299999952316284,2.299999952316284,0.0,5800
2014-07-28,2.2899999618530273,2.2899999618530273,0.0,2.3399999141693115,2.2799999713897705,2.299999952316284,0.0,8000
2014-07-29,2.240000009536743,2.240000009536743,0.0,2.299999952316284,2.2300000190734863,2.2899999618530273,0.0,3000
2014-07-30,2.2799999713897705,2.2799999713897705,0.0,2.2799999713897705,2.180000066757202,2.180000066757202,0.0,4700
2014-07-31,2.25,2.25,0.0,2.2899999618530273,2.190000057220459,2.200000047683716,0.0,2900
2014-08-01,2.25,2.25,0.0,2.2799999713897705,2.25,2.259999990463257,0.0,10900
2014-08-04,2.119999885559082,2.119999885559082,0.0,2.2300000190734863,2.009999990463257,2.2300000190734863,0.0,15900
2014-08-05,2.140000104904175,2.140000104904175,0.0,2.200000047683716,2.0899999141693115,2.0999999046325684,0.0,13500
2014-08-06,2.130000114440918,2.130000114440918,0.0,2.200000047683716,2.109999895095825,2.109999895095825,0.0,4200
2014-08-07,2.180000066757202,2.180000066757202,0.0,2.180000066757202,2.109999895095825,2.109999895095825,0.0,12600
2014-08-08,2.1500000953674316,2.1500000953674316,0.0,2.1700000762939453,2.0399999618530273,2.0399999618530273,0.0,3200
2014-08-11,2.1500000953674316,2.1500000953674316,0.0,2.1500000953674316,2.049999952316284,2.109999895095825,0.0,3200
2014-08-12,2.130000114440918,2.130000114440918,0.0,2.130000114440918,2.0199999809265137,2.0199999809265137,0.0,9100
2014-08-13,2.1700000762939453,2.1700000762939453,0.0,2.1700000762939453,2.0199999809265137,2.049999952316284,0.0,18000
2014-08-14,2.390000104904175,2.390000104904175,0.0,2.430000066757202,2.1700000762939453,2.1700000762939453,0.0,22800
2014-08-15,2.5,2.5,0.0,2.5,2.3499999046325684,2.3499999046325684,0.0,20800
2014-08-18,2.4000000953674316,2.4000000953674316,0.0,2.5,2.359999895095825,2.5,0.0,18500
2014-08-19,2.4600000381469727,2.4600000381469727,0.0,2.4600000381469727,2.380000114440918,2.430000066757202,0.0,300
2014-08-20,2.4600000381469727,2.4600000381469727,0.0,2.4600000381469727,2.4600000381469727,2.4600000381469727,0.0,0
2014-08-21,2.4600000381469727,2.4600000381469727,0.0,2.4600000381469727,2.4600000381469727,2.4600000381469727,0.0,0
2014-08-22,2.490000009536743,2.490000009536743,0.0,2.490000009536743,2.450000047683716,2.4800000190734863,0.0,4600
2014-08-25,2.4600000381469727,2.4600000381469727,0.0,2.4700000286102295,2.4600000381469727,2.4700000286102295,0.0,1800
2014-08-26,2.450000047683716,2.450000047683716,0.0,2.450000047683716,2.450000047683716,2.450000047683716,0.0,11700
2014-08-27,2.299999952316284,2.299999952316284,0.0,2.4000000953674316,2.299999952316284,2.369999885559082,0.0,7300
2014-08-28,2.190000057220459,2.190000057220459,0.0,2.299999952316284,2.1500000953674316,2.299999952316284,0.0,3900
2014-08-29,2.200000047683716,2.200000047683716,0.0,2.25,2.190000057220459,2.190000057220459,0.0,3400
2014-09-02,2.1600000858306885,2.1600000858306885,0.0,2.1600000858306885,2.1500000953674316,2.1500000953674316,0.0,700
2014-09-03,2.1600000858306885,2.1600000858306885,0.0,2.1600000858306885,2.1600000858306885,2.1600000858306885,0.0,0
2014-09-04,2.1600000858306885,2.1600000858306885,0.0,2.1700000762939453,2.1500000953674316,2.1600000858306885,0.0,2200
2014-09-05,2.200000047683716,2.200000047683716,0.0,2.2300000190734863,2.1500000953674316,2.2300000190734863,0.0,11200
2014-09-08,2.140000104904175,2.140000104904175,0.0,2.1500000953674316,2.140000104904175,2.1500000953674316,0.0,400
2014-09-09,2.240000009536743,2.240000009536743,0.0,2.2699999809265137,2.240000009536743,2.25,0.0,25200
2014-09-10,2.259999990463257,2.259999990463257,0.0,2.3499999046325684,2.25,2.299999952316284,0.0,9500
2014-09-11,2.259999990463257,2.259999990463257,0.0,2.2799999713897705,2.200000047683716,2.2699999809265137,0.0,3700
2014-09-12,2.25,2.25,0.0,2.299999952316284,2.1600000858306885,2.1700000762939453,0.0,4000
2014-09-15,2.3499999046325684,2.3499999046325684,0.0,2.3499999046325684,2.1500000953674316,2.180000066757202,0.0,17100
2014-09-16,2.2899999618530273,2.2899999618530273,0.0,2.2899999618530273,2.190000057220459,2.190000057220459,0.0,4400
2014-09-17,2.319999933242798,2.319999933242798,0.0,2.3399999141693115,2.200000047683716,2.3299999237060547,0.0,10800
2014-09-18,2.2799999713897705,2.2799999713897705,0.0,2.430000066757202,2.259999990463257,2.3299999237060547,0.0,17300
2014-09-19,2.5,2.5,0.0,2.5,2.299999952316284,2.4200000762939453,0.0,18400
2014-09-22,2.4000000953674316,2.4000000953674316,0.0,2.5199999809265137,2.380000114440918,2.5199999809265137,0.0,3300
2014-09-23,2.5199999809265137,2.5199999809265137,0.0,2.5199999809265137,2.450000047683716,2.450000047683716,0.0,17200
2014-09-24,2.4000000953674316,2.4000000953674316,0.0,2.5,2.25,2.5,0.0,14800
2014-09-25,2.319999933242798,2.319999933242798,0.0,2.4000000953674316,2.319999933242798,2.4000000953674316,0.0,700
2014-09-26,2.309999942779541,2.309999942779541,0.0,2.309999942779541,2.25,2.259999990463257,0.0,1800
2014-09-29,2.309999942779541,2.309999942779541,0.0,2.309999942779541,2.309999942779541,2.309999942779541,0.0,400
2014-09-30,2.309999942779541,2.309999942779541,0.0,2.309999942779541,2.309999942779541,2.309999942779541,0.0,0
2014-10-01,2.2300000190734863,2.2300000190734863,0.0,2.309999942779541,2.200000047683716,2.299999952316284,0.0,7500
2014-10-02,2.2200000286102295,2.2200000286102295,0.0,2.2300000190734863,2.200000047683716,2.2300000190734863,0.0,1700
2014-10-03,2.2200000286102295,2.2200000286102295,0.0,2.2300000190734863,2.2100000381469727,2.2100000381469727,0.0,1500
2014-10-06,2.2300000190734863,2.2300000190734863,0.0,2.2300000190734863,2.200000047683716,2.200000047683716,0.0,4300
2014-10-07,2.2100000381469727,2.2100000381469727,0.0,2.2100000381469727,2.2100000381469727,2.2100000381469727,0.0,100
2014-10-08,2.200000047683716,2.200000047683716,0.0,2.2100000381469727,2.180000066757202,2.2100000381469727,0.0,2200
2014-10-09,2.200000047683716,2.200000047683716,0.0,2.200000047683716,2.200000047683716,2.200000047683716,0.0,0
2014-10-10,2.180000066757202,2.180000066757202,0.0,2.2699999809265137,2.1500000953674316,2.200000047683716,0.0,9700
2014-10-13,2.1500000953674316,2.1500000953674316,0.0,2.1600000858306885,2.1500000953674316,2.1600000858306885,0.0,500
2014-10-14,2.1500000953674316,2.1500000953674316,0.0,2.1700000762939453,2.1500000953674316,2.1700000762939453,0.0,700
2014-10-15,2.2100000381469727,2.2100000381469727,0.0,2.3299999237060547,2.2100000381469727,2.3299999237060547,0.0,1700
2014-10-16,2.200000047683716,2.200000047683716,0.0,2.299999952316284,2.1500000953674316,2.1700000762939453,0.0,12600
2014-10-17,2.200000047683716,2.200000047683716,0.0,2.309999942779541,2.1600000858306885,2.2799999713897705,0.0,4100
2014-10-20,2.4000000953674316,2.4000000953674316,0.0,2.450000047683716,2.1500000953674316,2.2699999809265137,0.0,10500
2014-10-21,2.390000104904175,2.390000104904175,0.0,2.390000104904175,2.2300000190734863,2.240000009536743,0.0,1400
2014-10-22,2.390000104904175,2.390000104904175,0.0,2.390000104904175,2.390000104904175,2.390000104904175,0.0,0
2014-10-23,2.390000104904175,2.390000104904175,0.0,2.390000104904175,2.200000047683716,2.200000047683716,0.0,1100
2014-10-24,2.299999952316284,2.299999952316284,0.0,2.380000114440918,2.1700000762939453,2.2100000381469727,0.0,4000
2014-10-27,2.380000114440918,2.380000114440918,0.0,2.4000000953674316,2.1600000858306885,2.200000047683716,0.0,800
2014-10-28,2.3299999237060547,2.3299999237060547,0.0,2.3299999237060547,2.180000066757202,2.180000066757202,0.0,400
2014-10-29,2.200000047683716,2.200000047683716,0.0,2.3499999046325684,2.200000047683716,2.25,0.0,2700
2014-10-30,2.390000104904175,2.390000104904175,0.0,2.390000104904175,2.2100000381469727,2.2200000286102295,0.0,4500
2014-10-31,2.390000104904175,2.390000104904175,0.0,2.390000104904175,2.390000104904175,2.390000104904175,0.0,600
2014-11-03,2.319999933242798,2.319999933242798,0.0,2.390000104904175,2.200000047683716,2.2899999618530273,0.0,7300
2014-11-04,2.5,2.5,0.0,2.5999999046325684,2.2200000286102295,2.2200000286102295,0.0,73800
2014-11-05,2.5,2.5,0.0,2.5399999618530273,2.3499999046325684,2.5399999618530273,0.0,3200
2014-11-06,2.509999990463257,2.509999990463257,0.0,2.509999990463257,2.509999990463257,2.509999990463257,0.0,300
2014-11-07,2.3499999046325684,2.3499999046325684,0.0,2.509999990463257,2.3499999046325684,2.509999990463257,0.0,2500
2014-11-10,2.299999952316284,2.299999952316284,0.0,2.4000000953674316,2.299999952316284,2.3399999141693115,0.0,3400
2014-11-11,2.299999952316284,2.299999952316284,0.0,2.299999952316284,2.299999952316284,2.299999952316284,0.0,5900
2014-11-12,2.440000057220459,2.440000057220459,0.0,2.440000057220459,2.299999952316284,2.380000114440918,0.0,6200
2014-11-13,2.4100000858306885,2.4100000858306885,0.0,2.4100000858306885,2.4000000953674316,2.4000000953674316,0.0,800
2014-11-14,2.4200000762939453,2.4200000762939453,0.0,2.4200000762939453,2.2799999713897705,2.2799999713897705,0.0,1000
2014-11-17,2.299999952316284,2.299999952316284,0.0,2.4200000762939453,2.299999952316284,2.4200000762939453,0.0,3700
2014-11-18,2.4000000953674316,2.4000000953674316,0.0,2.4000000953674316,2.4000000953674316,2.4000000953674316,0.0,100
2014-11-19,2.25,2.25,0.0,2.380000114440918,2.25,2.299999952316284,0.0,4000
2014-11-20,2.25,2.25,0.0,2.25,2.25,2.25,0.0,0
2014-11-21,2.25,2.25,0.0,2.2899999618530273,2.25,2.25,0.0,6000
2014-11-24,2.359999895095825,2.359999895095825,0.0,2.450000047683716,2.25,2.25,0.0,16600
2014-11-25,2.259999990463257,2.259999990463257,0.0,2.259999990463257,2.25,2.25,0.0,1200
2014-11-26,2.309999942779541,2.309999942779541,0.0,2.319999933242798,2.2699999809265137,2.299999952316284,0.0,12500
2014-11-28,2.3299999237060547,2.3299999237060547,0.0,2.4800000190734863,2.299999952316284,2.4800000190734863,0.0,5100
2014-12-01,2.299999952316284,2.299999952316284,0.0,2.319999933242798,2.299999952316284,2.299999952316284,0.0,7300
2014-12-02,2.25,2.25,0.0,2.299999952316284,2.25,2.299999952316284,0.0,4200
2014-12-03,2.299999952316284,2.299999952316284,0.0,2.299999952316284,2.25,2.25,0.0,4700
2014-12-04,2.25,2.25,0.0,2.319999933242798,2.25,2.25,0.0,4600
2014-12-05,2.25,2.25,0.0,2.25,2.25,2.25,0.0,200
2014-12-08,2.200000047683716,2.200000047683716,0.0,2.430000066757202,2.200000047683716,2.200000047683716,0.0,8200
2014-12-09,2.25,2.25,0.0,2.3399999141693115,2.2200000286102295,2.240000009536743,0.0,12300
2014-12-10,2.1600000858306885,2.1600000858306885,0.0,2.3499999046325684,2.130000114440918,2.2899999618530273,0.0,23100
2014-12-11,2.180000066757202,2.180000066757202,0.0,2.180000066757202,2.109999895095825,2.109999895095825,0.0,2400
2014-12-12,2.1600000858306885,2.1600000858306885,0.0,2.240000009536743,2.0799999237060547,2.0799999237060547,0.0,4900
2014-12-15,2.1500000953674316,2.1500000953674316,0.0,2.299999952316284,2.0999999046325684,2.2100000381469727,0.0,2900
2014-12-16,2.200000047683716,2.200000047683716,0.0,2.3499999046325684,2.1600000858306885,2.1600000858306885,0.0,1400
2014-12-17,2.2300000190734863,2.2300000190734863,0.0,2.299999952316284,2.2300000190734863,2.299999952316284,0.0,1800
2014-12-18,2.2799999713897705,2.2799999713897705,0.0,2.2799999713897705,2.200000047683716,2.2100000381469727,0.0,2100
2014-12-19,2.259999990463257,2.259999990463257,0.0,2.319999933242798,2.200000047683716,2.259999990463257,0.0,7400
2014-12-22,2.200000047683716,2.200000047683716,0.0,2.2899999618530273,2.200000047683716,2.2899999618530273,0.0,600
2014-12-23,2.0899999141693115,2.0899999141693115,0.0,2.2300000190734863,2.049999952316284,2.2300000190734863,0.0,11000
2014-12-24,2.049999952316284,2.049999952316284,0.0,2.049999952316284,2.049999952316284,2.049999952316284,0.0,0
2014-12-26,2.109999895095825,2.109999895095825,0.0,2.2300000190734863,2.0999999046325684,2.0999999046325684,0.0,4000
2014-12-29,2.130000114440918,2.130000114440918,0.0,2.190000057220459,2.109999895095825,2.109999895095825,0.0,1800
2014-12-30,2.130000114440918,2.130000114440918,0.0,2.1700000762939453,2.130000114440918,2.1700000762939453,0.0,600
2014-12-31,2.180000066757202,2.180000066757202,0.0,2.180000066757202,2.130000114440918,2.180000066757202,0.0,6700
2015-01-02,2.119999885559082,2.119999885559082,0.0,2.130000114440918,2.049999952316284,2.130000114440918,0.0,11900
2015-01-05,2.0999999046325684,2.0999999046325684,0.0,2.190000057220459,2.059999942779541,2.180000066757202,0.0,6000
2015-01-06,2.069999933242798,2.069999933242798,0.0,2.1500000953674316,2.059999942779541,2.109999895095825,0.0,2200
2015-01-07,2.0999999046325684,2.0999999046325684,0.0,2.1500000953674316,2.059999942779541,2.059999942779541,0.0,1800
2015-01-08,2.200000047683716,2.200000047683716,0.0,2.200000047683716,2.200000047683716,2.200000047683716,0.0,400
2015-01-09,2.200000047683716,2.200000047683716,0.0,2.200000047683716,2.200000047683716,2.200000047683716,0.0,4000
2015-01-12,2.25,2.25,0.0,2.25,2.2300000190734863,2.2300000190734863,0.0,2000
2015-01-13,2.2100000381469727,2.2100000381469727,0.0,2.240000009536743,2.2100000381469727,2.2300000190734863,0.0,3800
2015-01-14,2.240000009536743,2.240000009536743,0.0,2.25,2.2100000381469727,2.2100000381469727,0.0,9700
2015-01-15,2.2200000286102295,2.2200000286102295,0.0,2.240000009536743,2.2200000286102295,2.240000009536743,0.0,2700
2015-01-16,2.2300000190734863,2.2300000190734863,0.0,2.25,2.2300000190734863,2.25,0.0,4400
2015-01-20,2.2300000190734863,2.2300000190734863,0.0,2.2300000190734863,2.2300000190734863,2.2300000190734863,0.0,0
2015-01-21,2.049999952316284,2.049999952316284,0.0,2.109999895095825,2.049999952316284,2.109999895095825,0.0,1200
2015-01-22,2.0999999046325684,2.0999999046325684,0.0,2.0999999046325684,2.0999999046325684,2.0999999046325684,0.0,200
2015-01-23,2.1700000762939453,2.1700000762939453,0.0,2.1700000762939453,2.0999999046325684,2.0999999046325684,0.0,200
2015-01-26,2.0999999046325684,2.0999999046325684,0.0,2.180000066757202,2.0999999046325684,2.0999999046325684,0.0,2200
2015-01-27,2.119999885559082,2.119999885559082,0.0,2.119999885559082,2.069999933242798,2.069999933242798,0.0,300
2015-01-28,2.0899999141693115,2.0899999141693115,0.0,2.119999885559082,2.069999933242798,2.119999885559082,0.0,6900
2015-01-29,2.180000066757202,2.180000066757202,0.0,2.180000066757202,2.1700000762939453,2.1700000762939453,0.0,400
2015-01-30,2.109999895095825,2.109999895095825,0.0,2.130000114440918,2.049999952316284,2.059999942779541,0.0,3300
2015-02-02,2.0999999046325684,2.0999999046325684,0.0,2.119999885559082,2.069999933242798,2.0999999046325684,0.0,7600
2015-02-03,2.0999999046325684,2.0999999046325684,0.0,2.0999999046325684,2.0999999046325684,2.0999999046325684,0.0,0
2015-02-04,2.109999895095825,2.109999895095825,0.0,2.140000104904175,2.0999999046325684,2.0999999046325684,0.0,14100
2015-02-05,2.109999895095825,2.109999895095825,0.0,2.1500000953674316,2.109999895095825,2.130000114440918,0.0,5100
2015-02-06,2.25,2.25,0.0,2.25,2.109999895095825,2.109999895095825,0.0,32700
2015-02-09,2.200000047683716,2.200000047683716,0.0,2.25,2.180000066757202,2.25,0.0,6700
2015-02-10,2.0999999046325684,2.0999999046325684,0.0,2.140000104904175,2.049999952316284,2.119999885559082,0.0,9400
2015-02-11,2.180000066757202,2.180000066757202,0.0,2.240000009536743,2.0899999141693115,2.0999999046325684,0.0,6300
2015-02-12,1.8799999952316284,1.8799999952316284,0.0,2.0999999046325684,1.8700000047683716,2.0999999046325684,0.0,47500
2015-02-13,2.059999942779541,2.059999942779541,0.0,2.0799999237060547,1.8700000047683716,1.8799999952316284,0.0,35900
2015-02-17,2.0299999713897705,2.0299999713897705,0.0,2.049999952316284,2.0,2.049999952316284,0.0,24000
2015-02-18,2.0199999809265137,2.0199999809265137,0.0,2.0299999713897705,2.0,2.0299999713897705,0.0,13700
2015-02-19,2.0,2.0,0.0,2.0,2.0,2.0,0.0,1500
2015-02-20,2.0199999809265137,2.0199999809265137,0.0,2.0399999618530273,2.009999990463257,2.0299999713897705,0.0,5500
2015-02-23,2.0199999809265137,2.0199999809265137,0.0,2.0199999809265137,2.0,2.0199999809265137,0.0,6100
2015-02-24,2.049999952316284,2.049999952316284,0.0,2.049999952316284,2.0199999809265137,2.0199999809265137,0.0,1000
2015-02-25,2.049999952316284,2.049999952316284,0.0,2.049999952316284,2.049999952316284,2.049999952316284,0.0,0
2015-02-26,1.9900000095367432,1.9900000095367432,0.0,2.0399999618530273,1.9900000095367432,2.0,0.0,12900
2015-02-27,2.0299999713897705,2.0299999713897705,0.0,2.0399999618530273,1.899999976158142,2.0399999618530273,0.0,28300
2015-03-02,1.9700000286102295,1.9700000286102295,0.0,2.0199999809265137,1.909999966621399,2.0199999809265137,0.0,29600
2015-03-03,2.0,2.0,0.0,2.0199999809265137,1.9500000476837158,1.9600000381469727,0.0,8300
2015-03-04,2.0299999713897705,2.0299999713897705,0.0,2.0299999713897705,1.9500000476837158,1.9500000476837158,0.0,7100
2015-03-05,2.049999952316284,2.049999952316284,0.0,2.049999952316284,2.0,2.0199999809265137,0.0,4000
2015-03-06,2.0399999618530273,2.0399999618530273,0.0,2.049999952316284,2.0299999713897705,2.0299999713897705,0.0,2400
2015-03-09,2.0399999618530273,2.0399999618530273,0.0,2.049999952316284,2.0,2.0,0.0,6700
2015-03-10,2.0199999809265137,2.0199999809265137,0.0,2.0399999618530273,1.9500000476837158,2.0,0.0,10600
2015-03-11,1.9700000286102295,1.9700000286102295,0.0,2.049999952316284,1.9700000286102295,2.0399999618530273,0.0,700
2015-03-12,2.0,2.0,0.0,2.0,1.850000023841858,1.9700000286102295,0.0,16400
2015-03-13,2.0299999713897705,2.0299999713897705,0.0,2.049999952316284,1.9800000190734863,1.9900000095367432,0.0,19500
2015-03-16,2.049999952316284,2.049999952316284,0.0,2.049999952316284,2.049999952316284,2.049999952316284,0.0,1100
2015-03-17,2.0399999618530273,2.0399999618530273,0.0,2.0399999618530273,2.0199999809265137,2.0199999809265137,0.0,1100
2015-03-18,2.009999990463257,2.009999990463257,0.0,2.0199999809265137,2.009999990463257,2.0199999809265137,0.0,1300
2015-03-19,2.0399999618530273,2.0399999618530273,0.0,2.0399999618530273,2.0,2.009999990463257,0.0,16100
2015-03-20,1.9800000190734863,1.9800000190734863,0.0,2.0199999809265137,1.9800000190734863,1.9900000095367432,0.0,14600
2015-03-23,2.0199999809265137,2.0199999809265137,0.0,2.0399999618530273,1.9800000190734863,2.0199999809265137,0.0,4600
2015-03-24,2.0,2.0,0.0,2.0,1.9900000095367432,1.9900000095367432,0.0,800
2015-03-25,2.0299999713897705,2.0299999713897705,0.0,2.0299999713897705,1.899999976158142,1.9700000286102295,0.0,72300
2015-03-26,2.0299999713897705,2.0299999713897705,0.0,2.0299999713897705,2.0299999713897705,2.0299999713897705,0.0,0
2015-03-27,2.0299999713897705,2.0299999713897705,0.0,2.0299999713897705,1.9800000190734863,2.0299999713897705,0.0,27500
2015-03-30,2.0399999618530273,2.0399999618530273,0.0,2.0399999618530273,2.0199999809265137,2.0399999618530273,0.0,2400
2015-03-31,2.0299999713897705,2.0299999713897705,0.0,2.049999952316284,2.0299999713897705,2.0399999618530273,0.0,7200
2015-04-01,2.0399999618530273,2.0399999618530273,0.0,2.0399999618530273,2.0399999618530273,2.0399999618530273,0.0,2000
2015-04-02,2.049999952316284,2.049999952316284,0.0,2.049999952316284,2.049999952316284,2.049999952316284,0.0,1000
2015-04-06,2.069999933242798,2.069999933242798,0.0,2.069999933242798,2.049999952316284,2.049999952316284,0.0,3400
2015-04-07,1.9500000476837158,1.9500000476837158,0.0,2.049999952316284,1.9199999570846558,2.049999952316284,0.0,13800
2015-04-08,2.0399999618530273,2.0399999618530273,0.0,2.0399999618530273,1.9800000190734863,1.9800000190734863,0.0,3000
2015-04-09,2.0399999618530273,2.0399999618530273,0.0,2.0399999618530273,2.0399999618530273,2.0399999618530273,0.0,4900
2015-04-10,1.9800000190734863,1.9800000190734863,0.0,2.069999933242798,1.9800000190734863,2.0399999618530273,0.0,1500
2015-04-13,2.0199999809265137,2.0199999809265137,0.0,2.0299999713897705,1.9600000381469727,1.9600000381469727,0.0,4200
2015-04-14,2.0299999713897705,2.0299999713897705,0.0,2.059999942779541,1.9199999570846558,2.0199999809265137,0.0,19900
2015-04-15,2.0399999618530273,2.0399999618530273,0.0,2.059999942779541,2.0399999618530273,2.049999952316284,0.0,800
2015-04-16,2.069999933242798,2.069999933242798,0.0,2.0999999046325684,2.0,2.0299999713897705,0.0,7400
2015-04-17,2.069999933242798,2.069999933242798,0.0,2.0799999237060547,2.069999933242798,2.0799999237060547,0.0,2400
2015-04-20,2.0899999141693115,2.0899999141693115,0.0,2.0899999141693115,2.069999933242798,2.069999933242798,0.0,2700
2015-04-21,2.069999933242798,2.069999933242798,0.0,2.069999933242798,2.069999933242798,2.069999933242798,0.0,800
2015-04-22,2.049999952316284,2.049999952316284,0.0,2.069999933242798,2.049999952316284,2.069999933242798,0.0,1600
2015-04-23,2.049999952316284,2.049999952316284,0.0,2.0799999237060547,2.049999952316284,2.049999952316284,0.0,2000
2015-04-24,2.109999895095825,2.109999895095825,0.0,2.109999895095825,2.069999933242798,2.0899999141693115,0.0,1100
2015-04-27,2.069999933242798,2.069999933242798,0.0,2.069999933242798,2.069999933242798,2.069999933242798,0.0,700
2015-04-28,2.0299999713897705,2.0299999713897705,0.0,2.059999942779541,2.0,2.059999942779541,0.0,1600
2015-04-29,2.0,2.0,0.0,2.0399999618530273,2.0,2.0199999809265137,0.0,1600
2015-04-30,2.0399999618530273,2.0399999618530273,0.0,2.0399999618530273,2.009999990463257,2.0299999713897705,0.0,1100
2015-05-01,1.8799999952316284,1.8799999952316284,0.0,2.0,1.8799999952316284,2.0,0.0,5000
2015-05-04,1.9199999570846558,1.9199999570846558,0.0,2.0399999618530273,1.9199999570846558,1.9199999570846558,0.0,2200
2015-05-05,2.0299999713897705,2.0299999713897705,0.0,2.0399999618530273,1.9199999570846558,1.9199999570846558,0.0,6700
2015-05-06,2.0299999713897705,2.0299999713897705,0.0,2.0299999713897705,2.0299999713897705,2.0299999713897705,0.0,1300
2015-05-07,2.0,2.0,0.0,2.049999952316284,1.8300000429153442,1.9700000286102295,0.0,17200
2015-05-08,1.899999976158142,1.899999976158142,0.0,1.9299999475479126,1.899999976158142,1.9299999475479126,0.0,8200
2015-05-11,2.0199999809265137,2.0199999809265137,0.0,2.0199999809265137,1.940000057220459,1.940000057220459,0.0,1500
2015-05-12,1.840000033378601,1.840000033378601,0.0,2.009999990463257,1.8300000429153442,1.9199999570846558,0.0,3700
2015-05-13,2.0799999237060547,2.0799999237060547,0.0,2.119999885559082,1.8899999856948853,1.8899999856948853,0.0,18500
2015-05-14,2.059999942779541,2.059999942779541,0.0,2.0799999237060547,1.8799999952316284,1.8799999952316284,0.0,2200
2015-05-15,2.0399999618530273,2.0399999618530273,0.0,2.059999942779541,2.0399999618530273,2.059999942779541,0.0,2800
2015-05-18,1.9900000095367432,1.9900000095367432,0.0,2.0,1.9500000476837158,2.0,0.0,1900
2015-05-19,1.9900000095367432,1.9900000095367432,0.0,1.9900000095367432,1.9900000095367432,1.9900000095367432,0.0,0
2015-05-20,2.0,2.0,0.0,2.0,1.9199999570846558,1.9600000381469727,0.0,1500
2015-05-21,2.0,2.0,0.0,2.0,1.9600000381469727,1.9800000190734863,0.0,5500
2015-05-22,1.9900000095367432,1.9900000095367432,0.0,2.0,1.9600000381469727,1.9600000381469727,0.0,4000
2015-05-26,2.0,2.0,0.0,2.0,1.9800000190734863,1.9900000095367432,0.0,19900
2015-05-27,2.009999990463257,2.009999990463257,0.0,2.009999990463257,2.009999990463257,2.009999990463257,0.0,300
2015-05-28,2.0799999237060547,2.0799999237060547,0.0,2.0799999237060547,2.0799999237060547,2.0799999237060547,0.0,600
2015-05-29,2.109999895095825,2.109999895095825,0.0,2.109999895095825,2.0799999237060547,2.0799999237060547,0.0,2600
2015-06-01,2.109999895095825,2.109999895095825,0.0,2.109999895095825,2.069999933242798,2.069999933242798,0.0,5100
2015-06-02,2.1500000953674316,2.1500000953674316,0.0,2.1500000953674316,2.0899999141693115,2.1500000953674316,0.0,15600
2015-06-03,2.0999999046325684,2.0999999046325684,0.0,2.1500000953674316,2.0799999237060547,2.1500000953674316,0.0,5200
2015-06-04,2.0999999046325684,2.0999999046325684,0.0,2.119999885559082,2.0899999141693115,2.119999885559082,0.0,900
2015-06-05,2.1600000858306885,2.1600000858306885,0.0,2.180000066757202,2.130000114440918,2.180000066757202,0.0,6900
2015-06-08,2.190000057220459,2.190000057220459,0.0,2.190000057220459,2.1500000953674316,2.1500000953674316,0.0,700
2015-06-09,2.1500000953674316,2.1500000953674316,0.0,2.1600000858306885,2.1500000953674316,2.1500000953674316,0.0,1700
2015-06-10,2.109999895095825,2.109999895095825,0.0,2.190000057220459,2.109999895095825,2.109999895095825,0.0,4500
2015-06-11,2.0799999237060547,2.0799999237060547,0.0,2.0999999046325684,2.0799999237060547,2.0999999046325684,0.0,3900
2015-06-12,2.0799999237060547,2.0799999237060547,0.0,2.0799999237060547,2.0799999237060547,2.0799999237060547,0.0,400
2015-06-15,2.140000104904175,2.140000104904175,0.0,2.140000104904175,2.140000104904175,2.140000104904175,0.0,400
2015-06-16,2.109999895095825,2.109999895095825,0.0,2.200000047683716,2.0999999046325684,2.1600000858306885,0.0,9300
2015-06-17,2.119999885559082,2.119999885559082,0.0,2.180000066757202,2.119999885559082,2.180000066757202,0.0,300
2015-06-18,1.9500000476837158,1.9500000476837158,0.0,2.1500000953674316,1.9500000476837158,2.0799999237060547,0.0,15300
2015-06-19,2.0299999713897705,2.0299999713897705,0.0,2.0399999618530273,2.0,2.0,0.0,1400
2015-06-22,1.9500000476837158,1.9500000476837158,0.0,2.0399999618530273,1.9299999475479126,2.0,0.0,9600
2015-06-23,2.0399999618530273,2.0399999618530273,0.0,2.0399999618530273,2.0,2.0,0.0,500
2015-06-24,2.0,2.0,0.0,2.0,2.0,2.0,0.0,1100
2015-06-25,1.909999966621399,1.909999966621399,0.0,2.0299999713897705,1.909999966621399,2.0299999713897705,0.0,4100
2015-06-26,2.0,2.0,0.0,2.009999990463257,1.940000057220459,1.940000057220459,0.0,6600
2015-06-29,2.0199999809265137,2.0199999809265137,0.0,2.0199999809265137,2.0199999809265137,2.0199999809265137,0.0,1000
2015-06-30,2.009999990463257,2.009999990463257,0.0,2.0299999713897705,1.9900000095367432,2.0299999713897705,0.0,500
2015-07-01,1.9700000286102295,1.9700000286102295,0.0,2.009999990463257,1.9700000286102295,2.009999990463257,0.0,1300
2015-07-02,1.9800000190734863,1.9800000190734863,0.0,1.9800000190734863,1.9700000286102295,1.9800000190734863,0.0,1100
2015-07-06,1.9800000190734863,1.9800000190734863,0.0,1.9800000190734863,1.9800000190734863,1.9800000190734863,0.0,0
2015-07-07,1.8899999856948853,1.8899999856948853,0.0,1.899999976158142,1.8200000524520874,1.8799999952316284,0.0,4100
2015-07-08,1.8600000143051147,1.8600000143051147,0.0,1.9600000381469727,1.850000023841858,1.8799999952316284,0.0,12900
2015-07-09,1.899999976158142,1.899999976158142,0.0,1.9500000476837158,1.8799999952316284,1.899999976158142,0.0,31200
2015-07-10,1.899999976158142,1.899999976158142,0.0,1.9199999570846558,1.8799999952316284,1.8799999952316284,0.0,4400
2015-07-13,1.8799999952316284,1.8799999952316284,0.0,1.899999976158142,1.8799999952316284,1.899999976158142,0.0,4700
2015-07-14,1.9299999475479126,1.9299999475479126,0.0,1.940000057220459,1.909999966621399,1.940000057220459,0.0,10300
2015-07-15,1.8700000047683716,1.8700000047683716,0.0,1.9199999570846558,1.850000023841858,1.8799999952316284,0.0,23900
2015-07-16,1.899999976158142,1.899999976158142,0.0,1.9199999570846558,1.899999976158142,1.899999976158142,0.0,4200
2015-07-17,1.850000023841858,1.850000023841858,0.0,1.899999976158142,1.8200000524520874,1.899999976158142,0.0,15600
2015-07-20,1.7799999713897705,1.7799999713897705,0.0,1.850000023841858,1.7200000286102295,1.850000023841858,0.0,14200
2015-07-21,1.7899999618530273,1.7899999618530273,0.0,1.7999999523162842,1.7000000476837158,1.7699999809265137,0.0,124700
2015-07-22,1.649999976158142,1.649999976158142,0.0,1.7100000381469727,1.600000023841858,1.7000000476837158,0.0,268100
2015-07-23,1.600000023841858,1.600000023841858,0.0,1.6799999475479126,1.600000023841858,1.600000023841858,0.0,24700
2015-07-24,1.5800000429153442,1.5800000429153442,0.0,1.600000023841858,1.5800000429153442,1.5800000429153442,0.0,16700
2015-07-27,1.600000023841858,1.600000023841858,0.0,1.600000023841858,1.5499999523162842,1.5499999523162842,0.0,600
2015-07-28,1.5299999713897705,1.5299999713897705,0.0,1.6699999570846558,1.5299999713897705,1.590000033378601,0.0,2200
2015-07-29,1.4600000381469727,1.4600000381469727,0.0,1.5299999713897705,1.4600000381469727,1.5299999713897705,0.0,2900
2015-07-30,1.4700000286102295,1.4700000286102295,0.0,1.4700000286102295,1.409999966621399,1.4199999570846558,0.0,4100
2015-07-31,1.4700000286102295,1.4700000286102295,0.0,1.4700000286102295,1.4700000286102295,1.4700000286102295,0.0,0
2015-08-03,1.4199999570846558,1.4199999570846558,0.0,1.4199999570846558,1.399999976158142,1.409999966621399,0.0,6700
2015-08-04,1.3700000047683716,1.3700000047683716,0.0,1.3700000047683716,1.2899999618530273,1.340000033378601,0.0,20700
2015-08-05,1.2999999523162842,1.2999999523162842,0.0,1.3200000524520874,1.2999999523162842,1.3200000524520874,0.0,12100
2015-08-06,1.559999942779541,1.559999942779541,0.0,1.559999942779541,1.2300000190734863,1.2300000190734863,0.0,20900
2015-08-07,1.5099999904632568,1.5099999904632568,0.0,1.75,1.5,1.5700000524520874,0.0,23100
2015-08-10,1.6299999952316284,1.6299999952316284,0.0,1.6299999952316284,1.5199999809265137,1.5199999809265137,0.0,5800
2015-08-11,1.840000033378601,1.840000033378601,0.0,1.840000033378601,1.6100000143051147,1.6100000143051147,0.0,9100
2015-08-12,1.8600000143051147,1.8600000143051147,0.0,1.9199999570846558,1.850000023841858,1.9199999570846558,0.0,20500
2015-08-13,1.7799999713897705,1.7799999713897705,0.0,1.9500000476837158,1.7799999713897705,1.840000033378601,0.0,10300
2015-08-14,1.7000000476837158,1.7000000476837158,0.0,1.7899999618530273,1.649999976158142,1.7899999618530273,0.0,3800
2015-08-17,1.5,1.5,0.0,1.649999976158142,1.5,1.649999976158142,0.0,1100
2015-08-18,1.4700000286102295,1.4700000286102295,0.0,1.5399999618530273,1.4299999475479126,1.4299999475479126,0.0,12600
2015-08-19,1.2999999523162842,1.2999999523162842,0.0,1.5199999809265137,1.2799999713897705,1.5,0.0,58700
2015-08-20,1.3200000524520874,1.3200000524520874,0.0,1.409999966621399,1.2699999809265137,1.2899999618530273,0.0,36600
2015-08-21,1.350000023841858,1.350000023841858,0.0,1.440000057220459,1.2699999809265137,1.2699999809265137,0.0,13200
2015-08-24,1.4500000476837158,1.4500000476837158,0.0,1.4500000476837158,1.350000023841858,1.350000023841858,0.0,4600
2015-08-25,1.5700000524520874,1.5700000524520874,0.0,1.5700000524520874,1.4700000286102295,1.4700000286102295,0.0,9700
2015-08-26,1.6399999856948853,1.6399999856948853,0.0,1.6399999856948853,1.5499999523162842,1.5499999523162842,0.0,5500
2015-08-27,1.6399999856948853,1.6399999856948853,0.0,1.6399999856948853,1.6100000143051147,1.6100000143051147,0.0,400
2015-08-28,1.600000023841858,1.600000023841858,0.0,1.6299999952316284,1.600000023841858,1.6100000143051147,0.0,3600
2015-08-31,1.649999976158142,1.649999976158142,0.0,1.7100000381469727,1.6100000143051147,1.6100000143051147,0.0,7800
2015-09-01,1.690000057220459,1.690000057220459,0.0,1.690000057220459,1.6100000143051147,1.6699999570846558,0.0,2700
2015-09-02,1.6200000047683716,1.6200000047683716,0.0,1.6399999856948853,1.6100000143051147,1.6399999856948853,0.0,11300
2015-09-03,1.6200000047683716,1.6200000047683716,0.0,1.6200000047683716,1.6200000047683716,1.6200000047683716,0.0,0
2015-09-04,1.6399999856948853,1.6399999856948853,0.0,1.6399999856948853,1.6399999856948853,1.6399999856948853,0.0,500
2015-09-08,1.6100000143051147,1.6100000143051147,0.0,1.6200000047683716,1.6100000143051147,1.6200000047683716,0.0,700
2015-09-09,1.6299999952316284,1.6299999952316284,0.0,1.6299999952316284,1.6299999952316284,1.6299999952316284,0.0,400
2015-09-10,1.6399999856948853,1.6399999856948853,0.0,1.6399999856948853,1.600000023841858,1.6299999952316284,0.0,5100
2015-09-11,1.6699999570846558,1.6699999570846558,0.0,1.6699999570846558,1.6299999952316284,1.6399999856948853,0.0,4300
2015-09-14,1.7000000476837158,1.7000000476837158,0.0,1.7300000190734863,1.659999966621399,1.659999966621399,0.0,5900
2015-09-15,1.6299999952316284,1.6299999952316284,0.0,1.7100000381469727,1.6200000047683716,1.7100000381469727,0.0,500
2015-09-16,1.6699999570846558,1.6699999570846558,0.0,1.75,1.6299999952316284,1.6299999952316284,0.0,7700
2015-09-17,1.6799999475479126,1.6799999475479126,0.0,1.6799999475479126,1.6299999952316284,1.6399999856948853,0.0,400
2015-09-18,1.7599999904632568,1.7599999904632568,0.0,1.7699999809265137,1.659999966621399,1.7699999809265137,0.0,5700
2015-09-21,1.75,1.75,0.0,1.75,1.7100000381469727,1.7100000381469727,0.0,2400
2015-09-22,1.75,1.75,0.0,1.75,1.75,1.75,0.0,0
2015-09-23,1.7200000286102295,1.7200000286102295,0.0,1.7200000286102295,1.7200000286102295,1.7200000286102295,0.0,600
2015-09-24,1.7000000476837158,1.7000000476837158,0.0,1.7000000476837158,1.7000000476837158,1.7000000476837158,0.0,2100
2015-09-25,1.8600000143051147,1.8600000143051147,0.0,1.8700000047683716,1.690000057220459,1.690000057220459,0.0,10100
2015-09-28,1.7000000476837158,1.7000000476837158,0.0,1.7599999904632568,1.6100000143051147,1.7400000095367432,0.0,5800
2015-09-29,1.8200000524520874,1.8200000524520874,0.0,1.8200000524520874,1.8200000524520874,1.8200000524520874,0.0,100
2015-09-30,1.690000057220459,1.690000057220459,0.0,1.7999999523162842,1.6200000047683716,1.7999999523162842,0.0,1200
2015-10-01,1.690000057220459,1.690000057220459,0.0,1.690000057220459,1.690000057220459,1.690000057220459,0.0,0
2015-10-02,1.7300000190734863,1.7300000190734863,0.0,1.7799999713897705,1.6399999856948853,1.7799999713897705,0.0,2800
2015-10-05,1.7300000190734863,1.7300000190734863,0.0,1.7300000190734863,1.7300000190734863,1.7300000190734863,0.0,0
2015-10-06,1.7300000190734863,1.7300000190734863,0.0,1.7300000190734863,1.7300000190734863,1.7300000190734863,0.0,0
2015-10-07,1.649999976158142,1.649999976158142,0.0,1.7000000476837158,1.649999976158142,1.7000000476837158,0.0,900
2015-10-08,1.649999976158142,1.649999976158142,0.0,1.649999976158142,1.649999976158142,1.649999976158142,0.0,0
2015-10-09,1.649999976158142,1.649999976158142,0.0,1.649999976158142,1.649999976158142,1.649999976158142,0.0,0
2015-10-12,1.6100000143051147,1.6100000143051147,0.0,1.6299999952316284,1.590000033378601,1.6299999952316284,0.0,4700
2015-10-13,1.4800000190734863,1.4800000190734863,0.0,1.659999966621399,1.4800000190734863,1.600000023841858,0.0,6800
2015-10-14,1.559999942779541,1.559999942779541,0.0,1.559999942779541,1.559999942779541,1.559999942779541,0.0,4400
2015-10-15,1.600000023841858,1.600000023841858,0.0,1.600000023841858,1.600000023841858,1.600000023841858,0.0,200
2015-10-16,1.600000023841858,1.600000023841858,0.0,1.600000023841858,1.600000023841858,1.600000023841858,0.0,200
2015-10-19,1.600000023841858,1.600000023841858,0.0,1.600000023841858,1.600000023841858,1.600000023841858,0.0,1000
2015-10-20,1.5299999713897705,1.5299999713897705,0.0,1.5299999713897705,1.5299999713897705,1.5299999713897705,0.0,200
2015-10-21,1.5,1.5,0.0,1.5099999904632568,1.3799999952316284,1.4600000381469727,0.0,16000
2015-10-22,1.5199999809265137,1.5199999809265137,0.0,1.5199999809265137,1.5,1.5,0.0,3600
2015-10-23,1.4199999570846558,1.4199999570846558,0.0,1.4700000286102295,1.4199999570846558,1.4700000286102295,0.0,400
2015-10-26,1.5299999713897705,1.5299999713897705,0.0,1.5399999618530273,1.4500000476837158,1.4700000286102295,0.0,4900
2015-10-27,1.3899999856948853,1.3899999856948853,0.0,1.5199999809265137,1.3799999952316284,1.399999976158142,0.0,3600
2015-10-28,1.5,1.5,0.0,1.5,1.5,1.5,0.0,100
2015-10-29,1.4800000190734863,1.4800000190734863,0.0,1.5099999904632568,1.4199999570846558,1.5099999904632568,0.0,1400
2015-10-30,1.5,1.5,0.0,1.5,1.5,1.5,0.0,600
2015-11-02,1.5099999904632568,1.5099999904632568,0.0,1.5099999904632568,1.5,1.5,0.0,1200
2015-11-03,1.5099999904632568,1.5099999904632568,0.0,1.5099999904632568,1.5099999904632568,1.5099999904632568,0.0,300
2015-11-04,1.3799999952316284,1.3799999952316284,0.0,1.5299999713897705,1.350000023841858,1.350000023841858,0.0,4700
2015-11-05,1.4900000095367432,1.4900000095367432,0.0,1.4900000095367432,1.4900000095367432,1.4900000095367432,0.0,400
2015-11-06,1.7200000286102295,1.7200000286102295,0.0,1.75,1.5,1.5,0.0,5600
2015-11-09,1.649999976158142,1.649999976158142,0.0,1.7000000476837158,1.600000023841858,1.7000000476837158,0.0,1300
2015-11-10,1.6699999570846558,1.6699999570846558,0.0,1.6699999570846558,1.6699999570846558,1.6699999570846558,0.0,200
2015-11-11,1.6100000143051147,1.6100000143051147,0.0,1.75,1.6100000143051147,1.75,0.0,800
2015-11-12,1.7000000476837158,1.7000000476837158,0.0,1.7000000476837158,1.7000000476837158,1.7000000476837158,0.0,800
2015-11-13,1.600000023841858,1.600000023841858,0.0,1.7000000476837158,1.600000023841858,1.7000000476837158,0.0,3800
2015-11-16,1.5499999523162842,1.5499999523162842,0.0,1.600000023841858,1.5499999523162842,1.600000023841858,0.0,2500
2015-11-17,1.5499999523162842,1.5499999523162842,0.0,1.5499999523162842,1.5499999523162842,1.5499999523162842,0.0,0
2015-11-18,1.6799999475479126,1.6799999475479126,0.0,1.7000000476837158,1.559999942779541,1.559999942779541,0.0,1100
2015-11-19,1.6799999475479126,1.6799999475479126,0.0,1.6799999475479126,1.6799999475479126,1.6799999475479126,0.0,0
2015-11-20,1.7000000476837158,1.7000000476837158,0.0,1.7000000476837158,1.649999976158142,1.690000057220459,0.0,4700
2015-11-23,1.649999976158142,1.649999976158142,0.0,1.649999976158142,1.649999976158142,1.649999976158142,0.0,200
2015-11-24,1.649999976158142,1.649999976158142,0.0,1.649999976158142,1.649999976158142,1.649999976158142,0.0,0
2015-11-25,1.559999942779541,1.559999942779541,0.0,1.559999942779541,1.559999942779541,1.559999942779541,0.0,1100
2015-11-27,1.559999942779541,1.559999942779541,0.0,1.559999942779541,1.559999942779541,1.559999942779541,0.0,0
2015-11-30,1.690000057220459,1.690000057220459,0.0,1.690000057220459,1.590000033378601,1.590000033378601,0.0,2900
2015-12-01,1.649999976158142,1.649999976158142,0.0,1.7000000476837158,1.649999976158142,1.7000000476837158,0.0,1000
2015-12-02,1.649999976158142,1.649999976158142,0.0,1.649999976158142,1.649999976158142,1.649999976158142,0.0,0
2015-12-03,1.649999976158142,1.649999976158142,0.0,1.649999976158142,1.649999976158142,1.649999976158142,0.0,0
2015-12-04,1.649999976158142,1.649999976158142,0.0,1.649999976158142,1.649999976158142,1.649999976158142,0.0,0
2015-12-07,1.559999942779541,1.559999942779541,0.0,1.559999942779541,1.559999942779541,1.559999942779541,0.0,600
2015-12-08,1.649999976158142,1.649999976158142,0.0,1.649999976158142,1.559999942779541,1.559999942779541,0.0,4200
2015-12-09,1.6699999570846558,1.6699999570846558,0.0,1.6699999570846558,1.6699999570846558,1.6699999570846558,0.0,500
2015-12-10,1.600000023841858,1.600000023841858,0.0,1.600000023841858,1.5499999523162842,1.5800000429153442,0.0,3200
2015-12-11,1.5499999523162842,1.5499999523162842,0.0,1.5700000524520874,1.5499999523162842,1.559999942779541,0.0,5400
2015-12-14,1.649999976158142,1.649999976158142,0.0,1.649999976158142,1.5499999523162842,1.6200000047683716,0.0,6200
2015-12-15,1.5700000524520874,1.5700000524520874,0.0,1.6699999570846558,1.5700000524520874,1.6699999570846558,0.0,1100
2015-12-16,1.6200000047683716,1.6200000047683716,0.0,1.6399999856948853,1.6100000143051147,1.6399999856948853,0.0,5900
2015-12-17,1.600000023841858,1.600000023841858,0.0,1.659999966621399,1.590000033378601,1.649999976158142,0.0,800
2015-12-18,1.5700000524520874,1.5700000524520874,0.0,1.600000023841858,1.5700000524520874,1.5700000524520874,0.0,2100
2015-12-21,1.5700000524520874,1.5700000524520874,0.0,1.5700000524520874,1.5700000524520874,1.5700000524520874,0.0,0
2015-12-22,1.5499999523162842,1.5499999523162842,0.0,1.5800000429153442,1.5499999523162842,1.5800000429153442,0.0,1100
2015-12-23,1.4600000381469727,1.4600000381469727,0.0,1.5099999904632568,1.4600000381469727,1.4600000381469727,0.0,2200
2015-12-24,1.559999942779541,1.559999942779541,0.0,1.559999942779541,1.4500000476837158,1.4500000476837158,0.0,7900
2015-12-28,1.559999942779541,1.559999942779541,0.0,1.590000033378601,1.559999942779541,1.590000033378601,0.0,1100
2015-12-29,1.5199999809265137,1.5199999809265137,0.0,1.5700000524520874,1.5199999809265137,1.5700000524520874,0.0,2100
2015-12-30,1.5299999713897705,1.5299999713897705,0.0,1.559999942779541,1.5099999904632568,1.5099999904632568,0.0,5100
2015-12-31,1.5199999809265137,1.5199999809265137,0.0,1.5199999809265137,1.5199999809265137,1.5199999809265137,0.0,700
2016-01-04,1.5399999618530273,1.5399999618530273,0.0,1.5399999618530273,1.5399999618530273,1.5399999618530273,0.0,500
2016-01-05,1.5399999618530273,1.5399999618530273,0.0,1.5399999618530273,1.5399999618530273,1.5399999618530273,0.0,0
2016-01-06,1.4500000476837158,1.4500000476837158,0.0,1.4700000286102295,1.4500000476837158,1.4700000286102295,0.0,5900
2016-01-07,1.440000057220459,1.440000057220459,0.0,1.5,1.399999976158142,1.4500000476837158,0.0,22600
2016-01-08,1.4500000476837158,1.4500000476837158,0.0,1.4900000095367432,1.4500000476837158,1.4500000476837158,0.0,2700
2016-01-11,1.4500000476837158,1.4500000476837158,0.0,1.4500000476837158,1.4500000476837158,1.4500000476837158,0.0,2600
2016-01-12,1.5199999809265137,1.5199999809265137,0.0,1.5299999713897705,1.4500000476837158,1.4500000476837158,0.0,1600
2016-01-13,1.4299999475479126,1.4299999475479126,0.0,1.4500000476837158,1.399999976158142,1.4500000476837158,0.0,4900
2016-01-14,1.399999976158142,1.399999976158142,0.0,1.440000057220459,1.399999976158142,1.440000057220459,0.0,1100
2016-01-15,1.3600000143051147,1.3600000143051147,0.0,1.5299999713897705,1.350000023841858,1.350000023841858,0.0,2200
2016-01-19,1.350000023841858,1.350000023841858,0.0,1.4299999475479126,1.350000023841858,1.399999976158142,0.0,4800
2016-01-20,1.3200000524520874,1.3200000524520874,0.0,1.3899999856948853,1.3200000524520874,1.3600000143051147,0.0,3900
2016-01-21,1.350000023841858,1.350000023841858,0.0,1.4299999475479126,1.340000033378601,1.340000033378601,0.0,4900
2016-01-22,1.409999966621399,1.409999966621399,0.0,1.5199999809265137,1.399999976158142,1.5199999809265137,0.0,800
2016-01-25,1.5399999618530273,1.5399999618530273,0.0,1.5700000524520874,1.5399999618530273,1.5499999523162842,0.0,2600
2016-01-26,1.5,1.5,0.0,1.5099999904632568,1.5,1.5,0.0,4900
2016-01-27,1.5399999618530273,1.5399999618530273,0.0,1.5399999618530273,1.5199999809265137,1.5399999618530273,0.0,6700
2016-01-28,1.5299999713897705,1.5299999713897705,0.0,1.5299999713897705,1.5299999713897705,1.5299999713897705,0.0,9100
2016-01-29,1.5800000429153442,1.5800000429153442,0.0,1.690000057220459,1.5800000429153442,1.600000023841858,0.0,2500
2016-02-01,1.600000023841858,1.600000023841858,0.0,1.600000023841858,1.600000023841858,1.600000023841858,0.0,100
2016-02-02,1.5,1.5,0.0,1.5,1.5,1.5,0.0,1200
2016-02-03,1.5399999618530273,1.5399999618530273,0.0,1.5399999618530273,1.5,1.5199999809265137,0.0,1900
2016-02-04,1.590000033378601,1.590000033378601,0.0,1.590000033378601,1.5800000429153442,1.590000033378601,0.0,1700
2016-02-05,1.590000033378601,1.590000033378601,0.0,1.590000033378601,1.590000033378601,1.590000033378601,0.0,0
2016-02-08,1.440000057220459,1.440000057220459,0.0,1.4600000381469727,1.4299999475479126,1.4600000381469727,0.0,900
2016-02-09,1.440000057220459,1.440000057220459,0.0,1.440000057220459,1.440000057220459,1.440000057220459,0.0,0
2016-02-10,1.4900000095367432,1.4900000095367432,0.0,1.4900000095367432,1.4900000095367432,1.4900000095367432,0.0,600
2016-02-11,1.399999976158142,1.399999976158142,0.0,1.4500000476837158,1.3700000047683716,1.4199999570846558,0.0,2500
2016-02-12,1.399999976158142,1.399999976158142,0.0,1.399999976158142,1.399999976158142,1.399999976158142,0.0,6400
2016-02-16,1.2000000476837158,1.2000000476837158,0.0,1.399999976158142,1.149999976158142,1.399999976158142,0.0,6000
2016-02-17,1.2000000476837158,1.2000000476837158,0.0,1.2000000476837158,1.2000000476837158,1.2000000476837158,0.0,0
2016-02-18,1.1200000047683716,1.1200000047683716,0.0,1.1399999856948853,1.100000023841858,1.1399999856948853,0.0,6400
2016-02-19,1.1200000047683716,1.1200000047683716,0.0,1.1200000047683716,1.1100000143051147,1.1100000143051147,0.0,500
2016-02-22,1.1100000143051147,1.1100000143051147,0.0,1.1100000143051147,1.0099999904632568,1.0399999618530273,0.0,5400
2016-02-23,1.0399999618530273,1.0399999618530273,0.0,1.1100000143051147,1.0199999809265137,1.0800000429153442,0.0,8000
2016-02-24,1.190000057220459,1.190000057220459,0.0,1.190000057220459,1.0,1.0199999809265137,0.0,12900
2016-02-25,1.190000057220459,1.190000057220459,0.0,1.190000057220459,1.190000057220459,1.190000057220459,0.0,0
2016-02-26,1.1100000143051147,1.1100000143051147,0.0,1.2000000476837158,1.100000023841858,1.190000057220459,0.0,4200
2016-02-29,1.2100000381469727,1.2100000381469727,0.0,1.2999999523162842,1.1299999952316284,1.2000000476837158,0.0,17900
2016-03-01,1.25,1.25,0.0,1.2599999904632568,1.25,1.2599999904632568,0.0,700
2016-03-02,1.309999942779541,1.309999942779541,0.0,1.3200000524520874,1.1299999952316284,1.25,0.0,3200
2016-03-03,1.3200000524520874,1.3200000524520874,0.0,1.350000023841858,1.3200000524520874,1.340000033378601,0.0,2000
2016-03-04,1.2899999618530273,1.2899999618530273,0.0,1.399999976158142,1.2100000381469727,1.399999976158142,0.0,600
2016-03-07,1.2200000286102295,1.2200000286102295,0.0,1.399999976158142,1.1200000047683716,1.2200000286102295,0.0,17200
2016-03-08,1.2100000381469727,1.2100000381469727,0.0,1.399999976158142,1.2100000381469727,1.2100000381469727,0.0,12800
2016-03-09,1.2599999904632568,1.2599999904632568,0.0,1.399999976158142,1.2000000476837158,1.2999999523162842,0.0,7100
2016-03-10,1.2000000476837158,1.2000000476837158,0.0,1.2200000286102295,1.2000000476837158,1.2000000476837158,0.0,4900
2016-03-11,1.0800000429153442,1.0800000429153442,0.0,1.2699999809265137,1.0700000524520874,1.2000000476837158,0.0,28400
2016-03-14,1.1200000047683716,1.1200000047683716,0.0,1.159999966621399,1.0199999809265137,1.0800000429153442,0.0,5000
2016-03-15,1.090000033378601,1.090000033378601,0.0,1.2400000095367432,1.0399999618530273,1.059999942779541,0.0,7000
2016-03-16,1.3600000143051147,1.3600000143051147,0.0,1.3700000047683716,1.059999942779541,1.1699999570846558,0.0,10600
2016-03-17,1.2599999904632568,1.2599999904632568,0.0,1.399999976158142,1.190000057220459,1.399999976158142,0.0,19800
2016-03-18,1.190000057220459,1.190000057220459,0.0,1.3600000143051147,1.1699999570846558,1.190000057220459,0.0,76500
2016-03-21,1.190000057220459,1.190000057220459,0.0,1.190000057220459,1.190000057220459,1.190000057220459,0.0,0
2016-03-22,1.0800000429153442,1.0800000429153442,0.0,1.159999966621399,1.0700000524520874,1.159999966621399,0.0,7600
2016-03-23,1.2200000286102295,1.2200000286102295,0.0,1.2200000286102295,1.1100000143051147,1.1100000143051147,0.0,800
2016-03-24,1.2100000381469727,1.2100000381469727,0.0,1.2100000381469727,1.2100000381469727,1.2100000381469727,0.0,700
2016-03-28,1.100000023841858,1.100000023841858,0.0,1.2200000286102295,1.100000023841858,1.100000023841858,0.0,4500
2016-03-29,1.100000023841858,1.100000023841858,0.0,1.2200000286102295,1.100000023841858,1.2200000286102295,0.0,3500
2016-03-30,1.1399999856948853,1.1399999856948853,0.0,1.190000057220459,1.1299999952316284,1.190000057220459,0.0,1600
2016-03-31,1.1699999570846558,1.1699999570846558,0.0,1.1699999570846558,1.1399999856948853,1.1399999856948853,0.0,2200
2016-04-01,1.2000000476837158,1.2000000476837158,0.0,1.2100000381469727,1.2000000476837158,1.2000000476837158,0.0,2300
2016-04-04,1.149999976158142,1.149999976158142,0.0,1.2200000286102295,1.149999976158142,1.1699999570846558,0.0,7000
2016-04-05,1.0700000524520874,1.0700000524520874,0.0,1.149999976158142,1.0700000524520874,1.149999976158142,0.0,12300
2016-04-06,1.0700000524520874,1.0700000524520874,0.0,1.0700000524520874,1.0700000524520874,1.0700000524520874,0.0,800
2016-04-07,1.100000023841858,1.100000023841858,0.0,1.2100000381469727,1.0800000429153442,1.0800000429153442,0.0,2300
2016-04-08,1.0800000429153442,1.0800000429153442,0.0,1.25,1.0800000429153442,1.2000000476837158,0.0,10500
2016-04-11,1.0700000524520874,1.0700000524520874,0.0,1.0700000524520874,1.0700000524520874,1.0700000524520874,0.0,800
2016-04-12,1.0299999713897705,1.0299999713897705,0.0,1.0700000524520874,1.0299999713897705,1.0700000524520874,0.0,1300
2016-04-13,1.0800000429153442,1.0800000429153442,0.0,1.0800000429153442,1.0700000524520874,1.0700000524520874,0.0,800
2016-04-14,1.100000023841858,1.100000023841858,0.0,1.100000023841858,1.0700000524520874,1.0800000429153442,0.0,1400
2016-04-15,1.0299999713897705,1.0299999713897705,0.0,1.100000023841858,1.0299999713897705,1.100000023841858,0.0,4400
2016-04-18,1.0399999618530273,1.0399999618530273,0.0,1.100000023841858,1.0399999618530273,1.0800000429153442,0.0,3600
2016-04-19,1.0499999523162842,1.0499999523162842,0.0,1.0499999523162842,1.0299999713897705,1.0399999618530273,0.0,4300
2016-04-20,1.0299999713897705,1.0299999713897705,0.0,1.0499999523162842,1.0299999713897705,1.0499999523162842,0.0,400
2016-04-21,1.0499999523162842,1.0499999523162842,0.0,1.0499999523162842,1.0299999713897705,1.0499999523162842,0.0,11500
2016-04-22,1.0299999713897705,1.0299999713897705,0.0,1.059999942779541,1.0199999809265137,1.0199999809265137,0.0,3800
2016-04-25,1.0700000524520874,1.0700000524520874,0.0,1.0700000524520874,1.0199999809265137,1.0199999809265137,0.0,1300
2016-04-26,1.059999942779541,1.059999942779541,0.0,1.059999942779541,1.0199999809265137,1.0199999809265137,0.0,3100
2016-04-27,1.059999942779541,1.059999942779541,0.0,1.059999942779541,1.059999942779541,1.059999942779541,0.0,0
2016-04-28,1.059999942779541,1.059999942779541,0.0,1.059999942779541,1.059999942779541,1.059999942779541,0.0,0
2016-04-29,1.0399999618530273,1.0399999618530273,0.0,1.0499999523162842,1.0199999809265137,1.0199999809265137,0.0,500
2016-05-02,1.0099999904632568,1.0099999904632568,0.0,1.0099999904632568,1.0099999904632568,1.0099999904632568,0.0,500
2016-05-03,1.0199999809265137,1.0199999809265137,0.0,1.0199999809265137,1.0199999809265137,1.0199999809265137,0.0,100
2016-05-04,1.0099999904632568,1.0099999904632568,0.0,1.0199999809265137,1.0,1.0199999809265137,0.0,6500
2016-05-05,1.0099999904632568,1.0099999904632568,0.0,1.0099999904632568,1.0099999904632568,1.0099999904632568,0.0,6100
2016-05-06,1.0099999904632568,1.0099999904632568,0.0,1.0499999523162842,1.0099999904632568,1.0499999523162842,0.0,900
2016-05-09,1.0,1.0,0.0,1.0299999713897705,1.0,1.0199999809265137,0.0,11000
2016-05-10,1.059999942779541,1.059999942779541,0.0,1.059999942779541,0.8999999761581421,1.0,0.0,13300
2016-05-11,1.0199999809265137,1.0199999809265137,0.0,1.059999942779541,1.0199999809265137,1.059999942779541,0.0,9500
2016-05-12,0.9399999976158142,0.9399999976158142,0.0,1.059999942779541,0.9399999976158142,1.0099999904632568,0.0,15600
2016-05-13,0.949999988079071,0.949999988079071,0.0,0.9900000095367432,0.949999988079071,0.949999988079071,0.0,7000
2016-05-16,0.949999988079071,0.949999988079071,0.0,1.0499999523162842,0.8999999761581421,1.0,0.0,3200
2016-05-17,0.949999988079071,0.949999988079071,0.0,0.949999988079071,0.949999988079071,0.949999988079071,0.0,400
2016-05-18,0.9200000166893005,0.9200000166893005,0.0,0.9200000166893005,0.9200000166893005,0.9200000166893005,0.0,100
2016-05-19,0.949999988079071,0.949999988079071,0.0,0.949999988079071,0.9200000166893005,0.9200000166893005,0.0,1800
2016-05-20,0.9300000071525574,0.9300000071525574,0.0,0.9300000071525574,0.9300000071525574,0.9300000071525574,0.0,200
2016-05-23,0.9200000166893005,0.9200000166893005,0.0,1.0499999523162842,0.9200000166893005,0.9200000166893005,0.0,4800
2016-05-24,0.9300000071525574,0.9300000071525574,0.0,0.9300000071525574,0.9300000071525574,0.9300000071525574,0.0,300
2016-05-25,1.0299999713897705,1.0299999713897705,0.0,1.0399999618530273,1.0,1.0,0.0,600
2016-05-26,1.0299999713897705,1.0299999713897705,0.0,1.0299999713897705,1.0299999713897705,1.0299999713897705,0.0,0
2016-05-27,0.9399999976158142,0.9399999976158142,0.0,0.9800000190734863,0.9200000166893005,0.949999988079071,0.0,6700
2016-05-31,0.9399999976158142,0.9399999976158142,0.0,0.9399999976158142,0.9399999976158142,0.9399999976158142,0.0,0
2016-06-01,0.9399999976158142,0.9399999976158142,0.0,0.9399999976158142,0.9399999976158142,0.9399999976158142,0.0,0
2016-06-02,1.0099999904632568,1.0099999904632568,0.0,1.0099999904632568,1.0099999904632568,1.0099999904632568,0.0,200
2016-06-03,1.0099999904632568,1.0099999904632568,0.0,1.0099999904632568,1.0099999904632568,1.0099999904632568,0.0,800
2016-06-06,1.0099999904632568,1.0099999904632568,0.0,1.0099999904632568,1.0099999904632568,1.0099999904632568,0.0,2600
2016-06-07,1.0,1.0,0.0,1.0099999904632568,1.0,1.0,0.0,3000
2016-06-08,1.0,1.0,0.0,1.0,1.0,1.0,0.0,300
2016-06-09,1.0099999904632568,1.0099999904632568,0.0,1.0099999904632568,1.0,1.0,0.0,3400
2016-06-10,1.0,1.0,0.0,1.0,1.0,1.0,0.0,2600
2016-06-13,1.0099999904632568,1.0099999904632568,0.0,1.0099999904632568,1.0099999904632568,1.0099999904632568,0.0,1200
2016-06-14,1.0099999904632568,1.0099999904632568,0.0,1.0099999904632568,1.0099999904632568,1.0099999904632568,0.0,0
2016-06-15,1.0199999809265137,1.0199999809265137,0.0,1.0199999809265137,1.0199999809265137,1.0199999809265137,0.0,2700
2016-06-16,1.0099999904632568,1.0099999904632568,0.0,1.0199999809265137,1.0099999904632568,1.0199999809265137,0.0,200
2016-06-17,1.0099999904632568,1.0099999904632568,0.0,1.0099999904632568,1.0099999904632568,1.0099999904632568,0.0,0
2016-06-20,1.0099999904632568,1.0099999904632568,0.0,1.0099999904632568,1.0099999904632568,1.0099999904632568,0.0,0
2016-06-21,1.0099999904632568,1.0099999904632568,0.0,1.0099999904632568,1.0099999904632568,1.0099999904632568,0.0,0
2016-06-22,1.0099999904632568,1.0099999904632568,0.0,1.0099999904632568,1.0099999904632568,1.0099999904632568,0.0,0
2016-06-23,1.0099999904632568,1.0099999904632568,0.0,1.0099999904632568,1.0099999904632568,1.0099999904632568,0.0,0
2016-06-24,1.0399999618530273,1.0399999618530273,0.0,1.0399999618530273,1.0099999904632568,1.0099999904632568,0.0,500
2016-06-27,1.059999942779541,1.059999942779541,0.0,1.059999942779541,1.059999942779541,1.059999942779541,0.0,300
2016-06-28,1.2000000476837158,1.2000000476837158,0.0,1.2699999809265137,1.0700000524520874,1.0700000524520874,0.0,26300
2016-06-29,1.25,1.25,0.0,1.25,1.2100000381469727,1.2100000381469727,0.0,5100
2016-06-30,1.1699999570846558,1.1699999570846558,0.0,1.25,1.1699999570846558,1.25,0.0,19600
2016-07-01,1.1699999570846558,1.1699999570846558,0.0,1.1699999570846558,1.1699999570846558,1.1699999570846558,0.0,0
2016-07-05,1.2000000476837158,1.2000000476837158,0.0,1.2000000476837158,1.1799999475479126,1.1799999475479126,0.0,5400
2016-07-06,1.2000000476837158,1.2000000476837158,0.0,1.2000000476837158,1.2000000476837158,1.2000000476837158,0.0,0
2016-07-07,1.2300000190734863,1.2300000190734863,0.0,1.2300000190734863,1.2300000190734863,1.2300000190734863,0.0,1000
2016-07-08,1.2000000476837158,1.2000000476837158,0.0,1.2000000476837158,1.2000000476837158,1.2000000476837158,0.0,800
2016-07-11,1.2000000476837158,1.2000000476837158,0.0,1.2000000476837158,1.2000000476837158,1.2000000476837158,0.0,0
2016-07-12,1.2000000476837158,1.2000000476837158,0.0,1.2000000476837158,1.2000000476837158,1.2000000476837158,0.0,0
2016-07-13,1.2200000286102295,1.2200000286102295,0.0,1.25,1.2000000476837158,1.25,0.0,2300
2016-07-14,1.2000000476837158,1.2000000476837158,0.0,1.2000000476837158,1.2000000476837158,1.2000000476837158,0.0,100
2016-07-15,1.2000000476837158,1.2000000476837158,0.0,1.2000000476837158,1.2000000476837158,1.2000000476837158,0.0,200
2016-07-18,1.2000000476837158,1.2000000476837158,0.0,1.25,1.2000000476837158,1.25,0.0,800
2016-07-19,1.2999999523162842,1.2999999523162842,0.0,1.3799999952316284,1.1699999570846558,1.2200000286102295,0.0,72600
2016-07-20,1.100000023841858,1.100000023841858,0.0,1.2200000286102295,1.100000023841858,1.100000023841858,0.0,11700
2016-07-21,1.159999966621399,1.159999966621399,0.0,1.159999966621399,1.159999966621399,1.159999966621399,0.0,400
2016-07-22,1.1100000143051147,1.1100000143051147,0.0,1.2400000095367432,1.1100000143051147,1.2400000095367432,0.0,15200
2016-07-25,1.1699999570846558,1.1699999570846558,0.0,1.190000057220459,1.1299999952316284,1.1299999952316284,0.0,500
2016-07-26,1.399999976158142,1.399999976158142,0.0,1.7000000476837158,1.1200000047683716,1.1799999475479126,0.0,378300
2016-07-27,1.2799999713897705,1.2799999713897705,0.0,1.3200000524520874,1.2100000381469727,1.2699999809265137,0.0,23700
2016-07-28,1.25,1.25,0.0,1.3899999856948853,1.2300000190734863,1.3899999856948853,0.0,5300
2016-07-29,1.2999999523162842,1.2999999523162842,0.0,1.3300000429153442,1.2200000286102295,1.3300000429153442,0.0,7400
2016-08-01,1.1799999475479126,1.1799999475479126,0.0,1.3899999856948853,1.1799999475479126,1.3899999856948853,0.0,9700
2016-08-02,1.3899999856948853,1.3899999856948853,0.0,1.3899999856948853,1.159999966621399,1.159999966621399,0.0,14600
2016-08-03,1.2999999523162842,1.2999999523162842,0.0,1.399999976158142,1.2699999809265137,1.399999976158142,0.0,95900
2016-08-04,1.3300000429153442,1.3300000429153442,0.0,1.3600000143051147,1.3200000524520874,1.3200000524520874,0.0,6700
2016-08-05,1.3200000524520874,1.3200000524520874,0.0,1.3899999856948853,1.2999999523162842,1.3899999856948853,0.0,2000
2016-08-08,1.3200000524520874,1.3200000524520874,0.0,1.3799999952316284,1.3200000524520874,1.350000023841858,0.0,3100
2016-08-09,1.399999976158142,1.399999976158142,0.0,1.399999976158142,1.2000000476837158,1.340000033378601,0.0,47800
2016-08-10,1.399999976158142,1.399999976158142,0.0,1.440000057220459,1.2599999904632568,1.399999976158142,0.0,21200
2016-08-11,1.1799999475479126,1.1799999475479126,0.0,1.2200000286102295,1.0499999523162842,1.2200000286102295,0.0,64000
2016-08-12,1.2100000381469727,1.2100000381469727,0.0,1.350000023841858,1.159999966621399,1.2999999523162842,0.0,24100
2016-08-15,1.25,1.25,0.0,1.309999942779541,1.149999976158142,1.2100000381469727,0.0,13200
2016-08-16,1.340000033378601,1.340000033378601,0.0,1.350000023841858,1.1799999475479126,1.2000000476837158,0.0,13200
2016-08-17,1.2100000381469727,1.2100000381469727,0.0,1.3300000429153442,1.2100000381469727,1.25,0.0,13000
2016-08-18,1.2400000095367432,1.2400000095367432,0.0,1.2699999809265137,1.1799999475479126,1.2699999809265137,0.0,1600
2016-08-19,1.159999966621399,1.159999966621399,0.0,1.2000000476837158,1.159999966621399,1.1799999475479126,0.0,26500
2016-08-22,1.2300000190734863,1.2300000190734863,0.0,1.2400000095367432,1.1299999952316284,1.2400000095367432,0.0,2200
2016-08-23,1.2100000381469727,1.2100000381469727,0.0,1.2300000190734863,1.1399999856948853,1.1799999475479126,0.0,3700
2016-08-24,1.2000000476837158,1.2000000476837158,0.0,1.2200000286102295,1.090000033378601,1.2200000286102295,0.0,16400
2016-08-25,1.1699999570846558,1.1699999570846558,0.0,1.1699999570846558,1.100000023841858,1.100000023841858,0.0,20900
2016-08-26,1.2100000381469727,1.2100000381469727,0.0,1.2100000381469727,1.1299999952316284,1.1299999952316284,0.0,1400
2016-08-29,1.190000057220459,1.190000057220459,0.0,1.2100000381469727,1.1100000143051147,1.2000000476837158,0.0,9900
2016-08-30,1.1100000143051147,1.1100000143051147,0.0,1.149999976158142,1.1100000143051147,1.1200000047683716,0.0,5400
2016-08-31,1.1100000143051147,1.1100000143051147,0.0,1.190000057220459,1.1100000143051147,1.190000057220459,0.0,25100
2016-09-01,1.1699999570846558,1.1699999570846558,0.0,1.1699999570846558,1.1399999856948853,1.1399999856948853,0.0,1000
2016-09-02,1.1699999570846558,1.1699999570846558,0.0,1.1699999570846558,1.1200000047683716,1.1200000047683716,0.0,1100
2016-09-06,1.1200000047683716,1.1200000047683716,0.0,1.159999966621399,1.1200000047683716,1.149999976158142,0.0,7700
2016-09-07,1.1100000143051147,1.1100000143051147,0.0,1.159999966621399,1.1100000143051147,1.149999976158142,0.0,37300
2016-09-08,1.100000023841858,1.100000023841858,0.0,1.149999976158142,1.100000023841858,1.100000023841858,0.0,3100
2016-09-09,1.1399999856948853,1.1399999856948853,0.0,1.1399999856948853,1.1200000047683716,1.1200000047683716,0.0,2500
2016-09-12,1.149999976158142,1.149999976158142,0.0,1.149999976158142,1.149999976158142,1.149999976158142,0.0,900
2016-09-13,1.1299999952316284,1.1299999952316284,0.0,1.1799999475479126,1.100000023841858,1.149999976158142,0.0,28500
2016-09-14,1.1200000047683716,1.1200000047683716,0.0,1.1299999952316284,1.1100000143051147,1.1100000143051147,0.0,1100
2016-09-15,1.1100000143051147,1.1100000143051147,0.0,1.1399999856948853,1.100000023841858,1.1399999856948853,0.0,1000
2016-09-16,1.2000000476837158,1.2000000476837158,0.0,1.2000000476837158,1.100000023841858,1.100000023841858,0.0,9800
2016-09-19,1.100000023841858,1.100000023841858,0.0,1.1799999475479126,1.100000023841858,1.1799999475479126,0.0,28000
2016-09-20,1.1399999856948853,1.1399999856948853,0.0,1.1799999475479126,1.1399999856948853,1.1399999856948853,0.0,21400
2016-09-21,1.090000033378601,1.090000033378601,0.0,1.1799999475479126,1.090000033378601,1.1399999856948853,0.0,4900
2016-09-22,1.1299999952316284,1.1299999952316284,0.0,1.1699999570846558,1.100000023841858,1.1699999570846558,0.0,4300
2016-09-23,1.149999976158142,1.149999976158142,0.0,1.1699999570846558,1.149999976158142,1.1699999570846558,0.0,5800
2016-09-26,1.1699999570846558,1.1699999570846558,0.0,1.1699999570846558,1.1100000143051147,1.1299999952316284,0.0,1800
2016-09-27,1.1100000143051147,1.1100000143051147,0.0,1.159999966621399,1.100000023841858,1.1299999952316284,0.0,2800
2016-09-28,1.1100000143051147,1.1100000143051147,0.0,1.1699999570846558,1.100000023841858,1.1299999952316284,0.0,7800
2016-09-29,1.1699999570846558,1.1699999570846558,0.0,1.1699999570846558,1.100000023841858,1.100000023841858,0.0,10900
2016-09-30,1.149999976158142,1.149999976158142,0.0,1.149999976158142,1.149999976158142,1.149999976158142,0.0,1100
2016-10-03,1.100000023841858,1.100000023841858,0.0,1.1699999570846558,1.100000023841858,1.1100000143051147,0.0,7500
2016-10-04,1.090000033378601,1.090000033378601,0.0,1.149999976158142,1.090000033378601,1.1100000143051147,0.0,7200
2016-10-05,1.0499999523162842,1.0499999523162842,0.0,1.100000023841858,0.9900000095367432,1.100000023841858,0.0,77200
2016-10-06,0.9399999976158142,0.9399999976158142,0.0,1.0499999523162842,0.9399999976158142,1.0499999523162842,0.0,23300
2016-10-07,0.9300000071525574,0.9300000071525574,0.0,0.9599999785423279,0.8999999761581421,0.9599999785423279,0.0,8500
2016-10-10,0.9599999785423279,0.9599999785423279,0.0,0.9900000095367432,0.949999988079071,0.949999988079071,0.0,1900
2016-10-11,0.949999988079071,0.949999988079071,0.0,0.9599999785423279,0.949999988079071,0.9599999785423279,0.0,4300
2016-10-12,1.100000023841858,1.100000023841858,0.0,1.149999976158142,1.0199999809265137,1.0199999809265137,0.0,102200
2016-10-13,1.100000023841858,1.100000023841858,0.0,1.1299999952316284,1.0499999523162842,1.100000023841858,0.0,20200
2016-10-14,1.1299999952316284,1.1299999952316284,0.0,1.1299999952316284,1.0299999713897705,1.1299999952316284,0.0,21800
2016-10-17,0.9900000095367432,0.9900000095367432,0.0,1.1200000047683716,0.9900000095367432,1.1200000047683716,0.0,7300
2016-10-18,1.0,1.0,0.0,1.0299999713897705,1.0,1.0299999713897705,0.0,700
2016-10-19,0.9700000286102295,0.9700000286102295,0.0,1.0199999809265137,0.9700000286102295,1.0199999809265137,0.0,13900
2016-10-20,0.949999988079071,0.949999988079071,0.0,0.9800000190734863,0.949999988079071,0.9700000286102295,0.0,3400
2016-10-21,0.949999988079071,0.949999988079071,0.0,0.9800000190734863,0.949999988079071,0.9700000286102295,0.0,4600
2016-10-24,0.9100000262260437,0.9100000262260437,0.0,0.9200000166893005,0.8999999761581421,0.8999999761581421,0.0,5400
2016-10-25,0.9599999785423279,0.9599999785423279,0.0,0.9900000095367432,0.9399999976158142,0.9399999976158142,0.0,800
2016-10-26,0.8700000047683716,0.8700000047683716,0.0,0.9900000095367432,0.8700000047683716,0.9900000095367432,0.0,13600
2016-10-27,0.8600000143051147,0.8600000143051147,0.0,0.8799999952316284,0.8500000238418579,0.8799999952316284,0.0,3400
2016-10-28,0.800000011920929,0.800000011920929,0.0,0.9399999976158142,0.800000011920929,0.8999999761581421,0.0,7200
2016-10-31,0.7599999904632568,0.7599999904632568,0.0,0.800000011920929,0.699999988079071,0.800000011920929,0.0,9700
2016-11-01,0.7900000214576721,0.7900000214576721,0.0,0.7900000214576721,0.699999988079071,0.7699999809265137,0.0,37700
2016-11-02,0.7799999713897705,0.7799999713897705,0.0,0.7799999713897705,0.75,0.75,0.0,4700
2016-11-03,0.7900000214576721,0.7900000214576721,0.0,0.8600000143051147,0.7900000214576721,0.800000011920929,0.0,3400
2016-11-04,0.8799999952316284,0.8799999952316284,0.0,0.8799999952316284,0.7699999809265137,0.8399999737739563,0.0,1500
2016-11-07,0.8600000143051147,0.8600000143051147,0.0,0.8700000047683716,0.7599999904632568,0.7799999713897705,0.0,2100
2016-11-08,0.800000011920929,0.800000011920929,0.0,0.8100000023841858,0.7599999904632568,0.7599999904632568,0.0,8500
2016-11-09,0.800000011920929,0.800000011920929,0.0,0.800000011920929,0.75,0.800000011920929,0.0,4800
2016-11-10,0.6700000166893005,0.6700000166893005,0.0,0.75,0.6700000166893005,0.75,0.0,18200
2016-11-11,0.6700000166893005,0.6700000166893005,0.0,0.6800000071525574,0.6000000238418579,0.6800000071525574,0.0,44800
2016-11-14,0.6800000071525574,0.6800000071525574,0.0,0.7099999785423279,0.6399999856948853,0.6700000166893005,0.0,50200
2016-11-15,0.6800000071525574,0.6800000071525574,0.0,0.6800000071525574,0.6700000166893005,0.6700000166893005,0.0,7600
2016-11-16,0.7099999785423279,0.7099999785423279,0.0,0.7099999785423279,0.6899999976158142,0.6899999976158142,0.0,1700
2016-11-17,0.6899999976158142,0.6899999976158142,0.0,0.699999988079071,0.6800000071525574,0.699999988079071,0.0,2900
2016-11-18,0.6800000071525574,0.6800000071525574,0.0,0.6899999976158142,0.6800000071525574,0.6899999976158142,0.0,3100
2016-11-21,0.6899999976158142,0.6899999976158142,0.0,0.699999988079071,0.6499999761581421,0.6600000262260437,0.0,4100
2016-11-22,0.6700000166893005,0.6700000166893005,0.0,0.6700000166893005,0.6700000166893005,0.6700000166893005,0.0,100
2016-11-23,0.6299999952316284,0.6299999952316284,0.0,0.6600000262260437,0.6299999952316284,0.6600000262260437,0.0,7300
2016-11-25,0.6499999761581421,0.6499999761581421,0.0,0.6700000166893005,0.6499999761581421,0.6499999761581421,0.0,2000
2016-11-28,0.699999988079071,0.699999988079071,0.0,0.699999988079071,0.6399999856948853,0.6800000071525574,0.0,9500
2016-11-29,0.7099999785423279,0.7099999785423279,0.0,0.7099999785423279,0.6299999952316284,0.6700000166893005,0.0,9400
2016-11-30,0.75,0.75,0.0,0.800000011920929,0.699999988079071,0.699999988079071,0.0,22900
2016-12-01,0.800000011920929,0.800000011920929,0.0,0.800000011920929,0.6600000262260437,0.6600000262260437,0.0,48100
2016-12-02,0.800000011920929,0.800000011920929,0.0,0.9700000286102295,0.7099999785423279,0.7599999904632568,0.0,56200
2016-12-05,0.7699999809265137,0.7699999809265137,0.0,0.9200000166893005,0.7200000286102295,0.8299999833106995,0.0,54800
2016-12-06,0.7599999904632568,0.7599999904632568,0.0,0.800000011920929,0.6800000071525574,0.7599999904632568,0.0,40400
2016-12-07,0.8100000023841858,0.8100000023841858,0.0,0.9399999976158142,0.75,0.800000011920929,0.0,49400
2016-12-08,0.8299999833106995,0.8299999833106995,0.0,0.8500000238418579,0.7799999713897705,0.8500000238418579,0.0,26400
2016-12-09,0.949999988079071,0.949999988079071,0.0,0.949999988079071,0.7200000286102295,0.8500000238418579,0.0,32900
2016-12-12,0.8100000023841858,0.8100000023841858,0.0,0.949999988079071,0.7599999904632568,0.949999988079071,0.0,30000
2016-12-13,0.7799999713897705,0.7799999713897705,0.0,0.800000011920929,0.7300000190734863,0.7900000214576721,0.0,24700
2016-12-14,0.8399999737739563,0.8399999737739563,0.0,0.8500000238418579,0.7699999809265137,0.7699999809265137,0.0,34200
2016-12-15,0.8500000238418579,0.8500000238418579,0.0,0.8700000047683716,0.7400000095367432,0.8399999737739563,0.0,71000
2016-12-16,0.800000011920929,0.800000011920929,0.0,0.8999999761581421,0.75,0.8299999833106995,0.0,77700
2016-12-19,0.7599999904632568,0.7599999904632568,0.0,0.800000011920929,0.7599999904632568,0.7699999809265137,0.0,31500
2016-12-20,0.7300000190734863,0.7300000190734863,0.0,0.7599999904632568,0.6899999976158142,0.7599999904632568,0.0,18900
2016-12-21,0.800000011920929,0.800000011920929,0.0,0.8799999952316284,0.6899999976158142,0.6899999976158142,0.0,99300
2016-12-22,0.7900000214576721,0.7900000214576721,0.0,0.949999988079071,0.7400000095367432,0.800000011920929,0.0,53800
2016-12-23,0.8799999952316284,0.8799999952316284,0.0,0.8799999952316284,0.7400000095367432,0.75,0.0,18500
2016-12-27,0.7900000214576721,0.7900000214576721,0.0,0.8899999856948853,0.7900000214576721,0.8799999952316284,0.0,28500
2016-12-28,0.7699999809265137,0.7699999809265137,0.0,0.8299999833106995,0.7599999904632568,0.7799999713897705,0.0,25100
2016-12-29,0.8500000238418579,0.8500000238418579,0.0,0.8600000143051147,0.75,0.75,0.0,27500
2016-12-30,0.7699999809265137,0.7699999809265137,0.0,0.9300000071525574,0.75,0.8399999737739563,0.0,82800
2017-01-03,0.7900000214576721,0.7900000214576721,0.0,0.8199999928474426,0.7900000214576721,0.7900000214576721,0.0,4800
2017-01-04,0.7699999809265137,0.7699999809265137,0.0,0.7900000214576721,0.7599999904632568,0.7900000214576721,0.0,700
2017-01-05,0.75,0.75,0.0,0.7799999713897705,0.75,0.7799999713897705,0.0,10500
2017-01-06,0.7200000286102295,0.7200000286102295,0.0,0.7599999904632568,0.7099999785423279,0.75,0.0,18200
2017-01-09,0.6800000071525574,0.6800000071525574,0.0,0.699999988079071,0.6800000071525574,0.699999988079071,0.0,13900
2017-01-10,0.7400000095367432,0.7400000095367432,0.0,0.7400000095367432,0.6499999761581421,0.6499999761581421,0.0,32900
2017-01-11,0.7200000286102295,0.7200000286102295,0.0,0.8500000238418579,0.6600000262260437,0.7400000095367432,0.0,115000
2017-01-12,0.7200000286102295,0.7200000286102295,0.0,0.75,0.6899999976158142,0.75,0.0,3700
2017-01-13,0.7300000190734863,0.7300000190734863,0.0,0.7300000190734863,0.699999988079071,0.699999988079071,0.0,500
2017-01-17,0.8500000238418579,0.8500000238418579,0.0,0.8500000238418579,0.6899999976158142,0.7599999904632568,0.0,41000
2017-01-18,0.699999988079071,0.699999988079071,0.0,0.8199999928474426,0.699999988079071,0.8199999928474426,0.0,83600
2017-01-19,0.8999999761581421,0.8999999761581421,0.0,1.350000023841858,0.6899999976158142,0.7300000190734863,0.0,767600
2017-01-20,0.9399999976158142,0.9399999976158142,0.0,1.0199999809265137,0.8100000023841858,0.8600000143051147,0.0,90800
2017-01-23,0.8899999856948853,0.8899999856948853,0.0,0.9900000095367432,0.8600000143051147,0.9900000095367432,0.0,31500
2017-01-24,0.8999999761581421,0.8999999761581421,0.0,0.9100000262260437,0.8600000143051147,0.9100000262260437,0.0,23900
2017-01-25,0.8299999833106995,0.8299999833106995,0.0,0.8999999761581421,0.800000011920929,0.8600000143051147,0.0,38400
2017-01-26,0.8299999833106995,0.8299999833106995,0.0,0.8799999952316284,0.8199999928474426,0.8399999737739563,0.0,16900
2017-01-27,0.9100000262260437,0.9100000262260437,0.0,0.9100000262260437,0.8199999928474426,0.8500000238418579,0.0,30200
2017-01-30,0.9100000262260437,0.9100000262260437,0.0,0.9200000166893005,0.8299999833106995,0.9200000166893005,0.0,10100
2017-01-31,0.8500000238418579,0.8500000238418579,0.0,0.8799999952316284,0.8299999833106995,0.8799999952316284,0.0,8200
2017-02-01,0.8500000238418579,0.8500000238418579,0.0,0.8500000238418579,0.7900000214576721,0.8500000238418579,0.0,28900
2017-02-02,0.8299999833106995,0.8299999833106995,0.0,0.8299999833106995,0.7900000214576721,0.7900000214576721,0.0,14900
2017-02-03,0.8399999737739563,0.8399999737739563,0.0,0.8399999737739563,0.8100000023841858,0.8100000023841858,0.0,1900
2017-02-06,0.8399999737739563,0.8399999737739563,0.0,0.8999999761581421,0.8299999833106995,0.8399999737739563,0.0,43300
2017-02-07,0.8600000143051147,0.8600000143051147,0.0,0.8700000047683716,0.8100000023841858,0.8600000143051147,0.0,42700
2017-02-08,0.8399999737739563,0.8399999737739563,0.0,0.9100000262260437,0.8199999928474426,0.8999999761581421,0.0,27900
2017-02-09,0.8299999833106995,0.8299999833106995,0.0,0.8500000238418579,0.8100000023841858,0.8399999737739563,0.0,27600
2017-02-10,0.8999999761581421,0.8999999761581421,0.0,0.9200000166893005,0.8100000023841858,0.8700000047683716,0.0,55100
2017-02-13,0.9100000262260437,0.9100000262260437,0.0,1.0,0.8100000023841858,0.8700000047683716,0.0,60700
2017-02-14,1.2699999809265137,1.2699999809265137,0.0,1.399999976158142,0.9599999785423279,1.0,0.0,742500
2017-02-15,1.1200000047683716,1.1200000047683716,0.0,1.2999999523162842,1.059999942779541,1.1699999570846558,0.0,179200
2017-02-16,1.1200000047683716,1.1200000047683716,0.0,1.2100000381469727,1.1100000143051147,1.1100000143051147,0.0,22200
2017-02-17,1.100000023841858,1.100000023841858,0.0,1.100000023841858,1.0700000524520874,1.100000023841858,0.0,53000
2017-02-21,1.0099999904632568,1.0099999904632568,0.0,1.100000023841858,1.0,1.090000033378601,0.0,47000
2017-02-22,1.3300000429153442,1.3300000429153442,0.0,1.3700000047683716,0.9900000095367432,0.9900000095367432,0.0,400200
2017-02-23,1.1799999475479126,1.1799999475479126,0.0,1.3200000524520874,1.0700000524520874,1.25,0.0,206400
2017-02-24,1.2599999904632568,1.2599999904632568,0.0,1.2999999523162842,1.1699999570846558,1.1699999570846558,0.0,108400
2017-02-27,1.4800000190734863,1.4800000190734863,0.0,1.8799999952316284,1.2699999809265137,1.2799999713897705,0.0,1573500
2017-02-28,1.6200000047683716,1.6200000047683716,0.0,2.4200000762939453,1.5,1.5199999809265137,0.0,14934100
2017-03-01,1.649999976158142,1.649999976158142,0.0,1.7599999904632568,1.4800000190734863,1.75,0.0,944300
2017-03-02,1.7000000476837158,1.7000000476837158,0.0,1.7400000095367432,1.5299999713897705,1.6200000047683716,0.0,359700
2017-03-03,1.5800000429153442,1.5800000429153442,0.0,1.7000000476837158,1.5,1.690000057220459,0.0,203500
2017-03-06,1.4700000286102295,1.4700000286102295,0.0,1.600000023841858,1.440000057220459,1.600000023841858,0.0,174700
2017-03-07,1.5499999523162842,1.5499999523162842,0.0,1.600000023841858,1.409999966621399,1.4600000381469727,0.0,104300
2017-03-08,1.6699999570846558,1.6699999570846558,0.0,1.690000057220459,1.4700000286102295,1.5499999523162842,0.0,365900
2017-03-09,1.5499999523162842,1.5499999523162842,0.0,1.6799999475479126,1.5099999904632568,1.6399999856948853,0.0,118600
2017-03-10,1.559999942779541,1.559999942779541,0.0,1.6299999952316284,1.5299999713897705,1.5299999713897705,0.0,77200
2017-03-13,1.590000033378601,1.590000033378601,0.0,1.6699999570846558,1.5499999523162842,1.5700000524520874,0.0,60000
2017-03-14,1.659999966621399,1.659999966621399,0.0,1.8700000047683716,1.559999942779541,1.590000033378601,0.0,1370800
2017-03-15,1.5,1.5,0.0,1.7400000095367432,1.5,1.6299999952316284,0.0,252500
2017-03-16,1.5,1.5,0.0,1.5499999523162842,1.440000057220459,1.5399999618530273,0.0,90600
2017-03-17,1.4800000190734863,1.4800000190734863,0.0,1.5099999904632568,1.4700000286102295,1.4800000190734863,0.0,40900
2017-03-20,1.409999966621399,1.409999966621399,0.0,1.5,1.3600000143051147,1.5,0.0,84600
2017-03-21,1.2999999523162842,1.2999999523162842,0.0,1.4500000476837158,1.2799999713897705,1.4500000476837158,0.0,116400
2017-03-22,1.340000033378601,1.340000033378601,0.0,1.350000023841858,1.2599999904632568,1.3200000524520874,0.0,60100
2017-03-23,1.3300000429153442,1.3300000429153442,0.0,1.4199999570846558,1.3200000524520874,1.3200000524520874,0.0,28400
2017-03-24,1.409999966621399,1.409999966621399,0.0,1.4299999475479126,1.2999999523162842,1.350000023841858,0.0,96000
2017-03-27,1.3899999856948853,1.3899999856948853,0.0,1.5199999809265137,1.3300000429153442,1.409999966621399,0.0,185900
2017-03-28,1.399999976158142,1.399999976158142,0.0,1.440000057220459,1.3899999856948853,1.4199999570846558,0.0,33000
2017-03-29,1.3899999856948853,1.3899999856948853,0.0,1.4299999475479126,1.3799999952316284,1.3899999856948853,0.0,39000
2017-03-30,1.3799999952316284,1.3799999952316284,0.0,1.409999966621399,1.3799999952316284,1.399999976158142,0.0,25000
2017-03-31,1.3899999856948853,1.3899999856948853,0.0,1.409999966621399,1.309999942779541,1.3899999856948853,0.0,48800
2017-04-03,1.340000033378601,1.340000033378601,0.0,1.3899999856948853,1.340000033378601,1.3899999856948853,0.0,24200
2017-04-04,1.3200000524520874,1.3200000524520874,0.0,1.3799999952316284,1.3200000524520874,1.3600000143051147,0.0,13000
2017-04-05,1.2300000190734863,1.2300000190734863,0.0,1.3300000429153442,1.1699999570846558,1.3300000429153442,0.0,47900
2017-04-06,1.1799999475479126,1.1799999475479126,0.0,1.2300000190734863,1.1100000143051147,1.2000000476837158,0.0,108100
2017-04-07,1.159999966621399,1.159999966621399,0.0,1.2200000286102295,1.1299999952316284,1.2200000286102295,0.0,38100
2017-04-10,1.1799999475479126,1.1799999475479126,0.0,1.2300000190734863,1.149999976158142,1.190000057220459,0.0,35200
2017-04-11,1.1699999570846558,1.1699999570846558,0.0,1.2599999904632568,1.1200000047683716,1.2400000095367432,0.0,116300
2017-04-12,1.1699999570846558,1.1699999570846558,0.0,1.2200000286102295,1.149999976158142,1.149999976158142,0.0,29000
2017-04-13,1.2699999809265137,1.2699999809265137,0.0,1.340000033378601,1.2000000476837158,1.2000000476837158,0.0,175300
2017-04-17,1.2200000286102295,1.2200000286102295,0.0,1.2899999618530273,1.1799999475479126,1.2899999618530273,0.0,35800
2017-04-18,1.1799999475479126,1.1799999475479126,0.0,1.2100000381469727,1.149999976158142,1.1799999475479126,0.0,28700
2017-04-19,1.2400000095367432,1.2400000095367432,0.0,1.2999999523162842,1.190000057220459,1.2300000190734863,0.0,79200
2017-04-20,1.2300000190734863,1.2300000190734863,0.0,1.309999942779541,1.2300000190734863,1.25,0.0,30000
2017-04-21,1.25,1.25,0.0,1.25,1.2100000381469727,1.2200000286102295,0.0,14600
2017-04-24,1.2400000095367432,1.2400000095367432,0.0,1.2599999904632568,1.2100000381469727,1.2599999904632568,0.0,14700
2017-04-25,1.2400000095367432,1.2400000095367432,0.0,1.2699999809265137,1.190000057220459,1.2000000476837158,0.0,24700
2017-04-26,1.2200000286102295,1.2200000286102295,0.0,1.2899999618530273,1.2100000381469727,1.2599999904632568,0.0,28600
2017-04-27,1.25,1.25,0.0,1.2899999618530273,1.2100000381469727,1.2300000190734863,0.0,31600
2017-04-28,1.2200000286102295,1.2200000286102295,0.0,1.2699999809265137,1.2200000286102295,1.2699999809265137,0.0,6900
2017-05-01,1.25,1.25,0.0,1.2599999904632568,1.2400000095367432,1.2400000095367432,0.0,32400
2017-05-02,1.5399999618530273,1.5399999618530273,0.0,1.7300000190734863,1.309999942779541,1.3200000524520874,0.0,3014600
2017-05-03,1.559999942779541,1.559999942779541,0.0,1.600000023841858,1.440000057220459,1.5099999904632568,0.0,325800
2017-05-04,1.590000033378601,1.590000033378601,0.0,1.649999976158142,1.5,1.6299999952316284,0.0,136000
2017-05-05,1.4299999475479126,1.4299999475479126,0.0,1.590000033378601,1.3799999952316284,1.5199999809265137,0.0,140600
2017-05-08,1.4199999570846558,1.4199999570846558,0.0,1.4700000286102295,1.350000023841858,1.4700000286102295,0.0,45500
2017-05-09,1.4700000286102295,1.4700000286102295,0.0,1.4700000286102295,1.3899999856948853,1.4199999570846558,0.0,45200
2017-05-10,1.4900000095367432,1.4900000095367432,0.0,1.5199999809265137,1.399999976158142,1.399999976158142,0.0,35900
2017-05-11,1.4700000286102295,1.4700000286102295,0.0,1.5199999809265137,1.399999976158142,1.5199999809265137,0.0,70200
2017-05-12,1.5800000429153442,1.5800000429153442,0.0,1.7000000476837158,1.409999966621399,1.5,0.0,253800
2017-05-15,1.7000000476837158,1.7000000476837158,0.0,1.850000023841858,1.6200000047683716,1.75,0.0,349400
2017-05-16,1.6799999475479126,1.6799999475479126,0.0,1.809999942779541,1.6200000047683716,1.809999942779541,0.0,94100
2017-05-17,1.5700000524520874,1.5700000524520874,0.0,1.7300000190734863,1.5499999523162842,1.7300000190734863,0.0,57100
2017-05-18,1.590000033378601,1.590000033378601,0.0,1.659999966621399,1.5499999523162842,1.5499999523162842,0.0,32400
2017-05-19,1.6299999952316284,1.6299999952316284,0.0,1.649999976158142,1.6100000143051147,1.6100000143051147,0.0,17200
2017-05-22,1.5700000524520874,1.5700000524520874,0.0,1.659999966621399,1.5700000524520874,1.6100000143051147,0.0,24400
2017-05-23,1.5800000429153442,1.5800000429153442,0.0,1.6399999856948853,1.5700000524520874,1.5800000429153442,0.0,7300
2017-05-24,1.6299999952316284,1.6299999952316284,0.0,1.659999966621399,1.5800000429153442,1.5800000429153442,0.0,43500
2017-05-25,1.6399999856948853,1.6399999856948853,0.0,1.7000000476837158,1.5800000429153442,1.649999976158142,0.0,35100
2017-05-26,1.6299999952316284,1.6299999952316284,0.0,1.6399999856948853,1.600000023841858,1.6399999856948853,0.0,14900
2017-05-30,1.6200000047683716,1.6200000047683716,0.0,1.649999976158142,1.5800000429153442,1.6100000143051147,0.0,19700
2017-05-31,1.6399999856948853,1.6399999856948853,0.0,1.6399999856948853,1.600000023841858,1.600000023841858,0.0,9700
2017-06-01,1.6799999475479126,1.6799999475479126,0.0,1.75,1.6299999952316284,1.659999966621399,0.0,200100
2017-06-02,1.7000000476837158,1.7000000476837158,0.0,1.75,1.649999976158142,1.690000057220459,0.0,61500
2017-06-05,1.7200000286102295,1.7200000286102295,0.0,1.7200000286102295,1.6299999952316284,1.7000000476837158,0.0,61600
2017-06-06,1.7000000476837158,1.7000000476837158,0.0,1.7200000286102295,1.6100000143051147,1.7000000476837158,0.0,31400
2017-06-07,1.7200000286102295,1.7200000286102295,0.0,1.7200000286102295,1.690000057220459,1.7000000476837158,0.0,6800
2017-06-08,1.7000000476837158,1.7000000476837158,0.0,1.7000000476837158,1.6299999952316284,1.7000000476837158,0.0,65600
2017-06-09,1.600000023841858,1.600000023841858,0.0,1.7000000476837158,1.5800000429153442,1.649999976158142,0.0,38900
2017-06-12,1.6100000143051147,1.6100000143051147,0.0,1.6799999475479126,1.600000023841858,1.6100000143051147,0.0,4600
2017-06-13,1.649999976158142,1.649999976158142,0.0,1.649999976158142,1.5800000429153442,1.6200000047683716,0.0,10300
2017-06-14,1.6699999570846558,1.6699999570846558,0.0,1.6699999570846558,1.590000033378601,1.6399999856948853,0.0,30900
2017-06-15,1.600000023841858,1.600000023841858,0.0,1.7000000476837158,1.590000033378601,1.6699999570846558,0.0,31200
2017-06-16,1.590000033378601,1.590000033378601,0.0,1.649999976158142,1.5800000429153442,1.5800000429153442,0.0,5600
2017-06-19,1.649999976158142,1.649999976158142,0.0,1.649999976158142,1.5800000429153442,1.5800000429153442,0.0,13000
2017-06-20,1.659999966621399,1.659999966621399,0.0,1.6799999475479126,1.600000023841858,1.6699999570846558,0.0,3300
2017-06-21,1.600000023841858,1.600000023841858,0.0,1.7000000476837158,1.559999942779541,1.649999976158142,0.0,56900
2017-06-22,1.590000033378601,1.590000033378601,0.0,1.649999976158142,1.5499999523162842,1.6100000143051147,0.0,23300
2017-06-23,1.6100000143051147,1.6100000143051147,0.0,1.6200000047683716,1.5800000429153442,1.5800000429153442,0.0,3600
2017-06-26,1.590000033378601,1.590000033378601,0.0,1.6399999856948853,1.5800000429153442,1.600000023841858,0.0,2300
2017-06-27,1.75,1.75,0.0,1.8300000429153442,1.5800000429153442,1.5800000429153442,0.0,297200
2017-06-28,1.7000000476837158,1.7000000476837158,0.0,1.8300000429153442,1.649999976158142,1.7999999523162842,0.0,209800
2017-06-29,1.7200000286102295,1.7200000286102295,0.0,1.7400000095367432,1.6200000047683716,1.690000057220459,0.0,83700
2017-06-30,1.659999966621399,1.659999966621399,0.0,1.7000000476837158,1.649999976158142,1.659999966621399,0.0,27400
2017-07-03,1.690000057220459,1.690000057220459,0.0,1.690000057220459,1.659999966621399,1.6699999570846558,0.0,4300
2017-07-05,1.6699999570846558,1.6699999570846558,0.0,1.7000000476837158,1.659999966621399,1.6699999570846558,0.0,38200
2017-07-06,1.659999966621399,1.659999966621399,0.0,1.6799999475479126,1.6399999856948853,1.6699999570846558,0.0,37100
2017-07-07,1.659999966621399,1.659999966621399,0.0,1.690000057220459,1.649999976158142,1.659999966621399,0.0,31300
2017-07-10,1.7799999713897705,1.7799999713897705,0.0,1.8600000143051147,1.6799999475479126,1.6799999475479126,0.0,299200
2017-07-11,1.8300000429153442,1.8300000429153442,0.0,2.0199999809265137,1.7200000286102295,1.7799999713897705,0.0,747500
2017-07-12,1.7999999523162842,1.7999999523162842,0.0,1.899999976158142,1.7200000286102295,1.899999976158142,0.0,88400
2017-07-13,1.7799999713897705,1.7799999713897705,0.0,1.840000033378601,1.7200000286102295,1.7799999713897705,0.0,65800
2017-07-14,1.7799999713897705,1.7799999713897705,0.0,1.7999999523162842,1.7400000095367432,1.7999999523162842,0.0,29700
2017-07-17,1.7699999809265137,1.7699999809265137,0.0,1.840000033378601,1.7300000190734863,1.7999999523162842,0.0,30400
2017-07-18,1.809999942779541,1.809999942779541,0.0,1.8200000524520874,1.7599999904632568,1.7599999904632568,0.0,21900
2017-07-19,1.8799999952316284,1.8799999952316284,0.0,1.9900000095367432,1.8200000524520874,1.8200000524520874,0.0,198400
2017-07-20,1.899999976158142,1.899999976158142,0.0,1.9800000190734863,1.8799999952316284,1.8799999952316284,0.0,187800
2017-07-21,1.7999999523162842,1.7999999523162842,0.0,1.8799999952316284,1.7799999713897705,1.8799999952316284,0.0,65600
2017-07-24,1.850000023841858,1.850000023841858,0.0,1.909999966621399,1.7799999713897705,1.840000033378601,0.0,65400
2017-07-25,1.8600000143051147,1.8600000143051147,0.0,1.909999966621399,1.7799999713897705,1.8700000047683716,0.0,42500
2017-07-26,1.8700000047683716,1.8700000047683716,0.0,1.909999966621399,1.809999942779541,1.899999976158142,0.0,32400
2017-07-27,1.8899999856948853,1.8899999856948853,0.0,1.909999966621399,1.7899999618530273,1.8700000047683716,0.0,18400
2017-07-28,1.850000023841858,1.850000023841858,0.0,1.899999976158142,1.850000023841858,1.899999976158142,0.0,10000
2017-07-31,1.809999942779541,1.809999942779541,0.0,1.899999976158142,1.7999999523162842,1.899999976158142,0.0,14500
2017-08-01,1.840000033378601,1.840000033378601,0.0,1.850000023841858,1.7999999523162842,1.7999999523162842,0.0,10200
2017-08-02,1.8200000524520874,1.8200000524520874,0.0,1.8600000143051147,1.7899999618530273,1.8600000143051147,0.0,16200
2017-08-03,1.7799999713897705,1.7799999713897705,0.0,1.7999999523162842,1.75,1.7999999523162842,0.0,26900
2017-08-04,1.7699999809265137,1.7699999809265137,0.0,1.840000033378601,1.7699999809265137,1.809999942779541,0.0,28600
2017-08-07,1.8200000524520874,1.8200000524520874,0.0,1.850000023841858,1.7699999809265137,1.8200000524520874,0.0,20600
2017-08-08,1.7999999523162842,1.7999999523162842,0.0,1.8200000524520874,1.7899999618530273,1.8200000524520874,0.0,11500
2017-08-09,1.7999999523162842,1.7999999523162842,0.0,1.8300000429153442,1.7999999523162842,1.809999942779541,0.0,18600
2017-08-10,1.7799999713897705,1.7799999713897705,0.0,1.7999999523162842,1.7599999904632568,1.7999999523162842,0.0,15500
2017-08-11,1.7599999904632568,1.7599999904632568,0.0,1.7699999809265137,1.75,1.7699999809265137,0.0,32500
2017-08-14,1.7100000381469727,1.7100000381469727,0.0,1.8200000524520874,1.6299999952316284,1.7599999904632568,0.0,209100
2017-08-15,1.690000057220459,1.690000057220459,0.0,1.7400000095367432,1.659999966621399,1.7400000095367432,0.0,16200
2017-08-16,1.7200000286102295,1.7200000286102295,0.0,1.7200000286102295,1.6100000143051147,1.659999966621399,0.0,80900
2017-08-17,1.690000057220459,1.690000057220459,0.0,1.7000000476837158,1.6699999570846558,1.7000000476837158,0.0,28200
2017-08-18,1.7100000381469727,1.7100000381469727,0.0,1.7200000286102295,1.690000057220459,1.7000000476837158,0.0,23900
2017-08-21,1.7000000476837158,1.7000000476837158,0.0,1.7100000381469727,1.690000057220459,1.7100000381469727,0.0,9400
2017-08-22,1.690000057220459,1.690000057220459,0.0,1.7200000286102295,1.6699999570846558,1.7000000476837158,0.0,28500
2017-08-23,1.6299999952316284,1.6299999952316284,0.0,1.690000057220459,1.600000023841858,1.649999976158142,0.0,17600
2017-08-24,1.5800000429153442,1.5800000429153442,0.0,1.6399999856948853,1.5499999523162842,1.6399999856948853,0.0,34300
2017-08-25,1.5700000524520874,1.5700000524520874,0.0,1.600000023841858,1.5700000524520874,1.5800000429153442,0.0,17600
2017-08-28,1.5399999618530273,1.5399999618530273,0.0,1.600000023841858,1.5199999809265137,1.5800000429153442,0.0,55200
2017-08-29,1.5499999523162842,1.5499999523162842,0.0,1.5800000429153442,1.5399999618530273,1.5800000429153442,0.0,7100
2017-08-30,1.5399999618530273,1.5399999618530273,0.0,1.5499999523162842,1.5399999618530273,1.5499999523162842,0.0,9900
2017-08-31,1.5299999713897705,1.5299999713897705,0.0,1.559999942779541,1.5299999713897705,1.5399999618530273,0.0,10200
2017-09-01,1.5299999713897705,1.5299999713897705,0.0,1.5299999713897705,1.5199999809265137,1.5299999713897705,0.0,12400
2017-09-05,1.4800000190734863,1.4800000190734863,0.0,1.5399999618530273,1.4800000190734863,1.5199999809265137,0.0,47500
2017-09-06,1.5,1.5,0.0,1.5499999523162842,1.4800000190734863,1.4800000190734863,0.0,19500
2017-09-07,1.5099999904632568,1.5099999904632568,0.0,1.5299999713897705,1.4800000190734863,1.4800000190734863,0.0,10200
2017-09-08,1.4900000095367432,1.4900000095367432,0.0,1.5,1.4800000190734863,1.5,0.0,7200
2017-09-11,1.5499999523162842,1.5499999523162842,0.0,1.559999942779541,1.4900000095367432,1.5199999809265137,0.0,16100
2017-09-12,1.5099999904632568,1.5099999904632568,0.0,1.559999942779541,1.4800000190734863,1.559999942779541,0.0,9800
2017-09-13,1.590000033378601,1.590000033378601,0.0,1.7899999618530273,1.5099999904632568,1.5399999618530273,0.0,71600
2017-09-14,1.6200000047683716,1.6200000047683716,0.0,1.659999966621399,1.559999942779541,1.5800000429153442,0.0,51300
2017-09-15,1.6399999856948853,1.6399999856948853,0.0,1.649999976158142,1.6200000047683716,1.6200000047683716,0.0,18000
2017-09-18,1.6200000047683716,1.6200000047683716,0.0,1.6699999570846558,1.6200000047683716,1.6699999570846558,0.0,34100
2017-09-19,1.7100000381469727,1.7100000381469727,0.0,1.75,1.6100000143051147,1.6100000143051147,0.0,59100
2017-09-20,1.7200000286102295,1.7200000286102295,0.0,1.7300000190734863,1.659999966621399,1.7100000381469727,0.0,30000
2017-09-21,1.7200000286102295,1.7200000286102295,0.0,1.7200000286102295,1.6799999475479126,1.7200000286102295,0.0,15800
2017-09-22,1.7599999904632568,1.7599999904632568,0.0,1.7599999904632568,1.690000057220459,1.7300000190734863,0.0,28400
2017-09-25,1.7799999713897705,1.7799999713897705,0.0,1.7999999523162842,1.7699999809265137,1.7699999809265137,0.0,14300
2017-09-26,1.7999999523162842,1.7999999523162842,0.0,1.7999999523162842,1.7599999904632568,1.7799999713897705,0.0,8000
2017-09-27,1.7599999904632568,1.7599999904632568,0.0,1.850000023841858,1.6200000047683716,1.6200000047683716,0.0,32200
2017-09-28,1.7300000190734863,1.7300000190734863,0.0,1.7799999713897705,1.649999976158142,1.649999976158142,0.0,4900
2017-09-29,1.7599999904632568,1.7599999904632568,0.0,1.7599999904632568,1.7300000190734863,1.7300000190734863,0.0,5800
2017-10-02,1.7699999809265137,1.7699999809265137,0.0,1.7999999523162842,1.7300000190734863,1.7799999713897705,0.0,10400
2017-10-03,1.7300000190734863,1.7300000190734863,0.0,1.8300000429153442,1.7000000476837158,1.7999999523162842,0.0,14600
2017-10-04,1.7100000381469727,1.7100000381469727,0.0,1.809999942779541,1.7100000381469727,1.7100000381469727,0.0,6500
2017-10-05,1.75,1.75,0.0,1.7799999713897705,1.649999976158142,1.7100000381469727,0.0,36900
2017-10-06,1.7300000190734863,1.7300000190734863,0.0,1.7599999904632568,1.7300000190734863,1.7300000190734863,0.0,12200
2017-10-09,1.809999942779541,1.809999942779541,0.0,1.850000023841858,1.7599999904632568,1.7599999904632568,0.0,29300
2017-10-10,1.809999942779541,1.809999942779541,0.0,1.840000033378601,1.7699999809265137,1.809999942779541,0.0,12300
2017-10-11,1.9800000190734863,1.9800000190734863,0.0,2.0399999618530273,1.8300000429153442,1.8300000429153442,0.0,105700
2017-10-12,1.9299999475479126,1.9299999475479126,0.0,2.049999952316284,1.899999976158142,2.0299999713897705,0.0,61600
2017-10-13,1.8300000429153442,1.8300000429153442,0.0,1.9500000476837158,1.7300000190734863,1.9500000476837158,0.0,30600
2017-10-16,1.8200000524520874,1.8200000524520874,0.0,1.8700000047683716,1.7699999809265137,1.8300000429153442,0.0,7600
2017-10-17,1.8700000047683716,1.8700000047683716,0.0,1.9299999475479126,1.8200000524520874,1.8200000524520874,0.0,20700
2017-10-18,1.9199999570846558,1.9199999570846558,0.0,1.9299999475479126,1.840000033378601,1.850000023841858,0.0,13800
2017-10-19,1.8200000524520874,1.8200000524520874,0.0,1.8899999856948853,1.7100000381469727,1.75,0.0,44400
2017-10-20,1.8899999856948853,1.8899999856948853,0.0,1.8899999856948853,1.8200000524520874,1.8200000524520874,0.0,3400
2017-10-23,1.940000057220459,1.940000057220459,0.0,1.9800000190734863,1.8799999952316284,1.909999966621399,0.0,8900
2017-10-24,1.8700000047683716,1.8700000047683716,0.0,1.9600000381469727,1.8700000047683716,1.909999966621399,0.0,10900
2017-10-25,1.850000023841858,1.850000023841858,0.0,1.909999966621399,1.840000033378601,1.850000023841858,0.0,5800
2017-10-26,1.940000057220459,1.940000057220459,0.0,1.940000057220459,1.8700000047683716,1.8799999952316284,0.0,5000
2017-10-27,2.0899999141693115,2.0899999141693115,0.0,2.299999952316284,1.9299999475479126,1.9299999475479126,0.0,332500
2017-10-30,2.0799999237060547,2.0799999237060547,0.0,2.200000047683716,2.049999952316284,2.119999885559082,0.0,35300
2017-10-31,2.0899999141693115,2.0899999141693115,0.0,2.1500000953674316,1.9900000095367432,2.0799999237060547,0.0,55600
2017-11-01,2.049999952316284,2.049999952316284,0.0,2.130000114440918,1.9800000190734863,2.049999952316284,0.0,35400
2017-11-02,2.069999933242798,2.069999933242798,0.0,2.0899999141693115,2.0,2.0799999237060547,0.0,27000
2017-11-03,2.009999990463257,2.009999990463257,0.0,2.059999942779541,1.9600000381469727,2.0299999713897705,0.0,53100
2017-11-06,2.0799999237060547,2.0799999237060547,0.0,2.190000057220459,1.909999966621399,2.0199999809265137,0.0,33400
2017-11-07,1.9299999475479126,1.9299999475479126,0.0,2.119999885559082,1.9299999475479126,2.049999952316284,0.0,37500
2017-11-08,1.899999976158142,1.899999976158142,0.0,1.9800000190734863,1.8600000143051147,1.9800000190734863,0.0,24900
2017-11-09,1.940000057220459,1.940000057220459,0.0,1.940000057220459,1.7999999523162842,1.8799999952316284,0.0,36500
2017-11-10,1.9800000190734863,1.9800000190734863,0.0,2.190000057220459,1.899999976158142,1.9600000381469727,0.0,51600
2017-11-13,2.009999990463257,2.009999990463257,0.0,2.140000104904175,1.9600000381469727,2.009999990463257,0.0,50000
2017-11-14,2.049999952316284,2.049999952316284,0.0,2.059999942779541,2.0,2.009999990463257,0.0,18600
2017-11-15,2.200000047683716,2.200000047683716,0.0,2.25,2.0299999713897705,2.0999999046325684,0.0,131100
2017-11-16,2.2899999618530273,2.2899999618530273,0.0,2.390000104904175,2.200000047683716,2.240000009536743,0.0,267700
2017-11-17,2.3499999046325684,2.3499999046325684,0.0,2.380000114440918,2.2899999618530273,2.309999942779541,0.0,72400
2017-11-20,2.180000066757202,2.180000066757202,0.0,2.380000114440918,2.130000114440918,2.380000114440918,0.0,63300
2017-11-21,2.2799999713897705,2.2799999713897705,0.0,2.380000114440918,2.109999895095825,2.109999895095825,0.0,42900
2017-11-22,2.2899999618530273,2.2899999618530273,0.0,2.3499999046325684,2.1700000762939453,2.1700000762939453,0.0,27100
2017-11-24,2.3499999046325684,2.3499999046325684,0.0,2.450000047683716,2.1600000858306885,2.2799999713897705,0.0,119400
2017-11-27,2.3299999237060547,2.3299999237060547,0.0,2.4800000190734863,2.2899999618530273,2.3499999046325684,0.0,137200
2017-11-28,2.3399999141693115,2.3399999141693115,0.0,2.4200000762939453,2.2699999809265137,2.369999885559082,0.0,53500
2017-11-29,2.3399999141693115,2.3399999141693115,0.0,2.4200000762939453,2.25,2.3499999046325684,0.0,49400
2017-11-30,2.3399999141693115,2.3399999141693115,0.0,2.4000000953674316,2.2699999809265137,2.2799999713897705,0.0,21500
2017-12-01,2.490000009536743,2.490000009536743,0.0,2.569999933242798,2.319999933242798,2.319999933242798,0.0,208900
2017-12-04,2.759999990463257,2.759999990463257,0.0,2.819999933242798,2.369999885559082,2.549999952316284,0.0,275100
2017-12-05,2.869999885559082,2.869999885559082,0.0,2.880000114440918,2.6500000953674316,2.8299999237060547,0.0,130500
2017-12-06,2.759999990463257,2.759999990463257,0.0,2.890000104904175,2.75,2.890000104904175,0.0,70300
2017-12-07,2.8299999237060547,2.8299999237060547,0.0,2.8499999046325684,2.7300000190734863,2.7799999713897705,0.0,117200
2017-12-08,2.809999942779541,2.809999942779541,0.0,2.9000000953674316,2.7100000381469727,2.9000000953674316,0.0,65200
2017-12-11,2.809999942779541,2.809999942779541,0.0,2.950000047683716,2.7899999618530273,2.950000047683716,0.0,123700
2017-12-12,2.7899999618530273,2.7899999618530273,0.0,2.880000114440918,2.7100000381469727,2.880000114440918,0.0,36500
2017-12-13,2.799999952316284,2.799999952316284,0.0,2.8499999046325684,2.7100000381469727,2.7899999618530273,0.0,75600
2017-12-14,2.7899999618530273,2.7899999618530273,0.0,2.8499999046325684,2.7799999713897705,2.8499999046325684,0.0,36200
2017-12-15,2.819999933242798,2.819999933242798,0.0,2.8499999046325684,2.7899999618530273,2.799999952316284,0.0,51400
2017-12-18,2.799999952316284,2.799999952316284,0.0,2.8499999046325684,2.799999952316284,2.8499999046325684,0.0,81000
2017-12-19,2.559999942779541,2.559999942779541,0.0,2.9200000762939453,2.2200000286102295,2.869999885559082,0.0,245400
2017-12-20,2.690000057220459,2.690000057220459,0.0,2.8299999237060547,2.4200000762939453,2.4800000190734863,0.0,113200
2017-12-21,2.6500000953674316,2.6500000953674316,0.0,2.700000047683716,2.569999933242798,2.700000047683716,0.0,33700
2017-12-22,2.640000104904175,2.640000104904175,0.0,2.690000057220459,2.4700000286102295,2.6600000858306885,0.0,26700
2017-12-26,2.569999933242798,2.569999933242798,0.0,2.680000066757202,2.569999933242798,2.6500000953674316,0.0,28900
2017-12-27,2.450000047683716,2.450000047683716,0.0,2.5999999046325684,2.440000057220459,2.5899999141693115,0.0,42900
2017-12-28,2.4600000381469727,2.4600000381469727,0.0,2.490000009536743,2.450000047683716,2.490000009536743,0.0,19900
2017-12-29,2.450000047683716,2.450000047683716,0.0,2.609999895095825,2.450000047683716,2.4800000190734863,0.0,27000
2018-01-02,2.4600000381469727,2.4600000381469727,0.0,2.549999952316284,2.4600000381469727,2.5,0.0,17400
2018-01-03,2.490000009536743,2.490000009536743,0.0,2.559999942779541,2.450000047683716,2.4600000381469727,0.0,25000
2018-01-04,2.549999952316284,2.549999952316284,0.0,2.559999942779541,2.4600000381469727,2.490000009536743,0.0,15500
2018-01-05,2.569999933242798,2.569999933242798,0.0,2.569999933242798,2.5,2.549999952316284,0.0,19100
2018-01-08,2.559999942779541,2.559999942779541,0.0,2.5799999237060547,2.4700000286102295,2.559999942779541,0.0,37600
2018-01-09,2.5199999809265137,2.5199999809265137,0.0,2.5999999046325684,2.5,2.5999999046325684,0.0,21700
2018-01-10,2.4800000190734863,2.4800000190734863,0.0,2.490000009536743,2.440000057220459,2.4800000190734863,0.0,6200
2018-01-11,2.509999990463257,2.509999990463257,0.0,2.5399999618530273,2.4600000381469727,2.509999990463257,0.0,27500
2018-01-12,2.4000000953674316,2.4000000953674316,0.0,2.549999952316284,2.4000000953674316,2.4800000190734863,0.0,18700
2018-01-16,2.1700000762939453,2.1700000762939453,0.0,2.4000000953674316,2.009999990463257,2.4000000953674316,0.0,142800
2018-01-17,2.200000047683716,2.200000047683716,0.0,2.2899999618530273,2.0999999046325684,2.0999999046325684,0.0,26400
2018-01-18,2.180000066757202,2.180000066757202,0.0,2.2699999809265137,2.1500000953674316,2.180000066757202,0.0,22400
2018-01-19,2.1700000762939453,2.1700000762939453,0.0,2.180000066757202,2.0999999046325684,2.180000066757202,0.0,22000
2018-01-22,2.130000114440918,2.130000114440918,0.0,2.180000066757202,2.0999999046325684,2.130000114440918,0.0,17000
2018-01-23,2.059999942779541,2.059999942779541,0.0,2.119999885559082,2.059999942779541,2.119999885559082,0.0,16600
2018-01-24,2.049999952316284,2.049999952316284,0.0,2.0899999141693115,2.009999990463257,2.049999952316284,0.0,21700
2018-01-25,1.9700000286102295,1.9700000286102295,0.0,2.069999933242798,1.809999942779541,2.049999952316284,0.0,87700
2018-01-26,2.0799999237060547,2.0799999237060547,0.0,2.0899999141693115,1.9800000190734863,1.9900000095367432,0.0,14300
2018-01-29,2.0,2.0,0.0,2.119999885559082,1.9600000381469727,2.0799999237060547,0.0,15700
2018-01-30,2.0299999713897705,2.0299999713897705,0.0,2.109999895095825,1.9600000381469727,1.9700000286102295,0.0,7900
2018-01-31,2.0299999713897705,2.0299999713897705,0.0,2.0999999046325684,2.0299999713897705,2.059999942779541,0.0,22900
2018-02-01,2.109999895095825,2.109999895095825,0.0,2.1700000762939453,2.009999990463257,2.0299999713897705,0.0,5800
2018-02-02,1.9600000381469727,1.9600000381469727,0.0,2.109999895095825,1.940000057220459,2.109999895095825,0.0,46500
2018-02-05,1.940000057220459,1.940000057220459,0.0,2.049999952316284,1.940000057220459,1.940000057220459,0.0,7200
2018-02-06,1.9500000476837158,1.9500000476837158,0.0,2.0999999046325684,1.940000057220459,1.940000057220459,0.0,45000
2018-02-07,1.9600000381469727,1.9600000381469727,0.0,2.0399999618530273,1.940000057220459,1.9600000381469727,0.0,12600
2018-02-08,1.940000057220459,1.940000057220459,0.0,2.0,1.940000057220459,2.0,0.0,1700
2018-02-09,1.899999976158142,1.899999976158142,0.0,1.9900000095367432,1.899999976158142,1.9800000190734863,0.0,27900
2018-02-12,1.8899999856948853,1.8899999856948853,0.0,1.9500000476837158,1.8899999856948853,1.899999976158142,0.0,58700
2018-02-13,1.600000023841858,1.600000023841858,0.0,1.940000057220459,1.5199999809265137,1.8700000047683716,0.0,89600
2018-02-14,1.5199999809265137,1.5199999809265137,0.0,1.600000023841858,1.4500000476837158,1.5800000429153442,0.0,59900
2018-02-15,1.4299999475479126,1.4299999475479126,0.0,1.5,1.3700000047683716,1.4800000190734863,0.0,72100
2018-02-16,1.5800000429153442,1.5800000429153442,0.0,1.7300000190734863,1.409999966621399,1.4500000476837158,0.0,36600
2018-02-20,1.5700000524520874,1.5700000524520874,0.0,1.6200000047683716,1.5,1.5499999523162842,0.0,35800
2018-02-21,1.590000033378601,1.590000033378601,0.0,1.6200000047683716,1.5399999618530273,1.5399999618530273,0.0,215600
2018-02-22,1.6399999856948853,1.6399999856948853,0.0,1.6799999475479126,1.559999942779541,1.590000033378601,0.0,18400
2018-02-23,1.690000057220459,1.690000057220459,0.0,1.690000057220459,1.600000023841858,1.6699999570846558,0.0,9200
2018-02-26,1.6299999952316284,1.6299999952316284,0.0,1.7000000476837158,1.6299999952316284,1.6799999475479126,0.0,8000
2018-02-27,1.690000057220459,1.690000057220459,0.0,1.7200000286102295,1.659999966621399,1.7000000476837158,0.0,10500
2018-02-28,1.6200000047683716,1.6200000047683716,0.0,1.690000057220459,1.600000023841858,1.690000057220459,0.0,24000
2018-03-01,1.600000023841858,1.600000023841858,0.0,1.6100000143051147,1.590000033378601,1.600000023841858,0.0,32800
2018-03-02,1.6299999952316284,1.6299999952316284,0.0,1.6399999856948853,1.5800000429153442,1.590000033378601,0.0,12500
2018-03-05,1.6299999952316284,1.6299999952316284,0.0,1.6799999475479126,1.600000023841858,1.6799999475479126,0.0,20900
2018-03-06,1.6200000047683716,1.6200000047683716,0.0,1.690000057220459,1.600000023841858,1.690000057220459,0.0,11200
2018-03-07,1.6799999475479126,1.6799999475479126,0.0,1.690000057220459,1.659999966621399,1.659999966621399,0.0,9100
2018-03-08,1.6699999570846558,1.6699999570846558,0.0,1.690000057220459,1.6699999570846558,1.6699999570846558,0.0,6000
2018-03-09,1.690000057220459,1.690000057220459,0.0,1.7000000476837158,1.690000057220459,1.690000057220459,0.0,5300
2018-03-12,1.6699999570846558,1.6699999570846558,0.0,1.75,1.6699999570846558,1.690000057220459,0.0,19000
2018-03-13,1.690000057220459,1.690000057220459,0.0,1.690000057220459,1.6699999570846558,1.6699999570846558,0.0,1400
2018-03-14,1.6799999475479126,1.6799999475479126,0.0,1.690000057220459,1.649999976158142,1.690000057220459,0.0,3500
2018-03-15,1.600000023841858,1.600000023841858,0.0,1.6699999570846558,1.600000023841858,1.6699999570846558,0.0,19700
2018-03-16,1.7000000476837158,1.7000000476837158,0.0,1.7000000476837158,1.600000023841858,1.600000023841858,0.0,8600
2018-03-19,1.6200000047683716,1.6200000047683716,0.0,1.6799999475479126,1.600000023841858,1.6799999475479126,0.0,8700
2018-03-20,1.6200000047683716,1.6200000047683716,0.0,1.6699999570846558,1.600000023841858,1.6100000143051147,0.0,4700
2018-03-21,1.649999976158142,1.649999976158142,0.0,1.7300000190734863,1.600000023841858,1.600000023841858,0.0,13000
2018-03-22,1.6399999856948853,1.6399999856948853,0.0,1.659999966621399,1.590000033378601,1.649999976158142,0.0,22600
2018-03-23,1.6399999856948853,1.6399999856948853,0.0,1.6399999856948853,1.600000023841858,1.600000023841858,0.0,3400
2018-03-26,1.6399999856948853,1.6399999856948853,0.0,1.649999976158142,1.600000023841858,1.649999976158142,0.0,13100
2018-03-27,1.590000033378601,1.590000033378601,0.0,1.6100000143051147,1.590000033378601,1.600000023841858,0.0,5200
2018-03-28,1.600000023841858,1.600000023841858,0.0,1.649999976158142,1.600000023841858,1.600000023841858,0.0,3100
2018-03-29,1.600000023841858,1.600000023841858,0.0,1.6299999952316284,1.600000023841858,1.6299999952316284,0.0,3200
2018-04-02,1.5800000429153442,1.5800000429153442,0.0,1.6100000143051147,1.5,1.600000023841858,0.0,9200
2018-04-03,1.559999942779541,1.559999942779541,0.0,1.600000023841858,1.559999942779541,1.5800000429153442,0.0,5000
2018-04-04,1.3700000047683716,1.3700000047683716,0.0,2.0,1.3700000047683716,1.590000033378601,0.0,386300
2018-04-05,1.4500000476837158,1.4500000476837158,0.0,1.4700000286102295,1.399999976158142,1.409999966621399,0.0,39900
2018-04-06,1.4600000381469727,1.4600000381469727,0.0,1.5399999618530273,1.4299999475479126,1.5099999904632568,0.0,9400
2018-04-09,1.5,1.5,0.0,1.5499999523162842,1.4700000286102295,1.4700000286102295,0.0,12100
2018-04-10,1.5,1.5,0.0,1.5399999618530273,1.5,1.5099999904632568,0.0,8900
2018-04-11,1.5700000524520874,1.5700000524520874,0.0,1.600000023841858,1.5,1.5,0.0,1600
2018-04-12,1.5499999523162842,1.5499999523162842,0.0,1.6399999856948853,1.5399999618530273,1.559999942779541,0.0,6600
2018-04-13,1.5700000524520874,1.5700000524520874,0.0,1.590000033378601,1.5199999809265137,1.5199999809265137,0.0,10100
2018-04-16,1.5499999523162842,1.5499999523162842,0.0,1.5499999523162842,1.5,1.5499999523162842,0.0,7300
2018-04-17,1.7000000476837158,1.7000000476837158,0.0,1.7100000381469727,1.5,1.5299999713897705,0.0,31600
2018-04-18,1.6200000047683716,1.6200000047683716,0.0,1.6799999475479126,1.6100000143051147,1.6799999475479126,0.0,4000
2018-04-19,1.6699999570846558,1.6699999570846558,0.0,1.6699999570846558,1.559999942779541,1.600000023841858,0.0,2800
2018-04-20,1.6399999856948853,1.6399999856948853,0.0,1.6399999856948853,1.6399999856948853,1.6399999856948853,0.0,500
2018-04-23,1.5800000429153442,1.5800000429153442,0.0,1.6100000143051147,1.5800000429153442,1.6100000143051147,0.0,600
2018-04-24,1.559999942779541,1.559999942779541,0.0,1.559999942779541,1.5299999713897705,1.559999942779541,0.0,1100
2018-04-25,1.75,1.75,0.0,1.850000023841858,1.5399999618530273,1.5399999618530273,0.0,79500
2018-04-26,1.7899999618530273,1.7899999618530273,0.0,1.9500000476837158,1.7300000190734863,1.7400000095367432,0.0,49400
2018-04-27,1.7400000095367432,1.7400000095367432,0.0,1.850000023841858,1.7100000381469727,1.75,0.0,13700
2018-04-30,1.7300000190734863,1.7300000190734863,0.0,1.7300000190734863,1.7100000381469727,1.7100000381469727,0.0,2800
2018-05-01,1.7300000190734863,1.7300000190734863,0.0,1.7300000190734863,1.7100000381469727,1.7100000381469727,0.0,2700
2018-05-02,1.7799999713897705,1.7799999713897705,0.0,1.7799999713897705,1.7100000381469727,1.7100000381469727,0.0,2200
2018-05-03,1.649999976158142,1.649999976158142,0.0,1.7799999713897705,1.649999976158142,1.7799999713897705,0.0,8100
2018-05-04,1.7100000381469727,1.7100000381469727,0.0,1.7100000381469727,1.5499999523162842,1.6399999856948853,0.0,1600
2018-05-07,1.6699999570846558,1.6699999570846558,0.0,1.8300000429153442,1.5499999523162842,1.649999976158142,0.0,23500
2018-05-08,1.8600000143051147,1.8600000143051147,0.0,2.3399999141693115,1.6699999570846558,1.7200000286102295,0.0,251000
2018-05-09,1.9299999475479126,1.9299999475479126,0.0,1.9299999475479126,1.7200000286102295,1.909999966621399,0.0,11400
2018-05-10,1.850000023841858,1.850000023841858,0.0,1.940000057220459,1.690000057220459,1.940000057220459,0.0,6900
2018-05-11,1.7899999618530273,1.7899999618530273,0.0,1.8700000047683716,1.7200000286102295,1.8700000047683716,0.0,7000
2018-05-14,1.7400000095367432,1.7400000095367432,0.0,1.840000033378601,1.7000000476837158,1.840000033378601,0.0,6800
2018-05-15,1.840000033378601,1.840000033378601,0.0,1.899999976158142,1.6299999952316284,1.7599999904632568,0.0,27300
2018-05-16,1.75,1.75,0.0,1.8899999856948853,1.75,1.8899999856948853,0.0,3800
2018-05-17,1.659999966621399,1.659999966621399,0.0,1.75,1.659999966621399,1.7100000381469727,0.0,13800
2018-05-18,1.7000000476837158,1.7000000476837158,0.0,1.7000000476837158,1.6100000143051147,1.659999966621399,0.0,11600
2018-05-21,1.6200000047683716,1.6200000047683716,0.0,1.690000057220459,1.600000023841858,1.690000057220459,0.0,10900
2018-05-22,1.6699999570846558,1.6699999570846558,0.0,1.690000057220459,1.6200000047683716,1.6200000047683716,0.0,9900
2018-05-23,1.6699999570846558,1.6699999570846558,0.0,1.7000000476837158,1.6699999570846558,1.7000000476837158,0.0,600
2018-05-24,1.6100000143051147,1.6100000143051147,0.0,1.659999966621399,1.6100000143051147,1.659999966621399,0.0,7000
2018-05-25,1.6399999856948853,1.6399999856948853,0.0,1.690000057220459,1.6100000143051147,1.6100000143051147,0.0,900
2018-05-29,1.6200000047683716,1.6200000047683716,0.0,1.6399999856948853,1.600000023841858,1.6299999952316284,0.0,15200
2018-05-30,1.5700000524520874,1.5700000524520874,0.0,1.6299999952316284,1.5700000524520874,1.6100000143051147,0.0,2800
2018-05-31,1.600000023841858,1.600000023841858,0.0,1.6699999570846558,1.600000023841858,1.6100000143051147,0.0,6300
2018-06-01,1.6399999856948853,1.6399999856948853,0.0,1.6399999856948853,1.559999942779541,1.6200000047683716,0.0,19700
2018-06-04,1.5700000524520874,1.5700000524520874,0.0,1.6299999952316284,1.559999942779541,1.6299999952316284,0.0,9000
2018-06-05,1.5800000429153442,1.5800000429153442,0.0,1.6100000143051147,1.5499999523162842,1.559999942779541,0.0,2800
2018-06-06,1.5499999523162842,1.5499999523162842,0.0,1.5800000429153442,1.5499999523162842,1.5700000524520874,0.0,2500
2018-06-07,1.5299999713897705,1.5299999713897705,0.0,1.5800000429153442,1.5299999713897705,1.559999942779541,0.0,7800
2018-06-08,1.5099999904632568,1.5099999904632568,0.0,1.5299999713897705,1.5,1.5299999713897705,0.0,9900
2018-06-11,1.8799999952316284,1.8799999952316284,0.0,1.8799999952316284,1.5299999713897705,1.5399999618530273,0.0,163400
2018-06-12,1.6399999856948853,1.6399999856948853,0.0,1.8700000047683716,1.590000033378601,1.850000023841858,0.0,135600
2018-06-13,1.649999976158142,1.649999976158142,0.0,1.659999966621399,1.6100000143051147,1.6299999952316284,0.0,5000
2018-06-14,1.649999976158142,1.649999976158142,0.0,1.7400000095367432,1.6100000143051147,1.6299999952316284,0.0,23100
2018-06-15,1.6100000143051147,1.6100000143051147,0.0,1.7599999904632568,1.6100000143051147,1.659999966621399,0.0,16000
2018-06-18,1.6799999475479126,1.6799999475479126,0.0,1.6799999475479126,1.6200000047683716,1.6200000047683716,0.0,5400
2018-06-19,1.6299999952316284,1.6299999952316284,0.0,1.7300000190734863,1.6299999952316284,1.6799999475479126,0.0,4400
2018-06-20,1.6399999856948853,1.6399999856948853,0.0,1.649999976158142,1.600000023841858,1.6200000047683716,0.0,28200
2018-06-21,1.590000033378601,1.590000033378601,0.0,1.6100000143051147,1.5800000429153442,1.6100000143051147,0.0,9200
2018-06-22,1.600000023841858,1.600000023841858,0.0,1.6100000143051147,1.590000033378601,1.590000033378601,0.0,5000
2018-06-25,1.600000023841858,1.600000023841858,0.0,1.600000023841858,1.600000023841858,1.600000023841858,0.0,0
2018-06-26,1.559999942779541,1.559999942779541,0.0,1.559999942779541,1.559999942779541,1.559999942779541,0.0,1900
2018-06-27,1.6200000047683716,1.6200000047683716,0.0,1.850000023841858,1.5499999523162842,1.559999942779541,0.0,209900
2018-06-28,1.6100000143051147,1.6100000143051147,0.0,1.649999976158142,1.600000023841858,1.600000023841858,0.0,10300
2018-06-29,1.649999976158142,1.649999976158142,0.0,1.649999976158142,1.6100000143051147,1.6200000047683716,0.0,6700
2018-07-02,1.9700000286102295,1.9700000286102295,0.0,2.5899999141693115,1.6399999856948853,1.7300000190734863,0.0,3870700
2018-07-03,2.0199999809265137,2.0199999809265137,0.0,2.069999933242798,1.8200000524520874,1.8200000524520874,0.0,234700
2018-07-05,2.0199999809265137,2.0199999809265137,0.0,2.0399999618530273,1.8700000047683716,2.0399999618530273,0.0,57600
2018-07-06,1.9500000476837158,1.9500000476837158,0.0,2.0199999809265137,1.7999999523162842,2.0199999809265137,0.0,44200
2018-07-09,1.840000033378601,1.840000033378601,0.0,2.0199999809265137,1.840000033378601,1.940000057220459,0.0,21300
2018-07-10,1.840000033378601,1.840000033378601,0.0,1.9199999570846558,1.7799999713897705,1.840000033378601,0.0,111300
2018-07-11,1.9600000381469727,1.9600000381469727,0.0,2.0,1.809999942779541,1.8799999952316284,0.0,42000
2018-07-12,1.9500000476837158,1.9500000476837158,0.0,2.0299999713897705,1.8899999856948853,1.9700000286102295,0.0,35800
2018-07-13,1.909999966621399,1.909999966621399,0.0,1.9500000476837158,1.8600000143051147,1.9500000476837158,0.0,9000
2018-07-16,1.75,1.75,0.0,1.940000057220459,1.7400000095367432,1.899999976158142,0.0,51300
2018-07-17,1.850000023841858,1.850000023841858,0.0,1.850000023841858,1.7000000476837158,1.7599999904632568,0.0,43400
2018-07-18,1.7899999618530273,1.7899999618530273,0.0,1.8600000143051147,1.7200000286102295,1.840000033378601,0.0,4500
2018-07-19,1.7899999618530273,1.7899999618530273,0.0,1.8600000143051147,1.75,1.8600000143051147,0.0,12400
2018-07-20,1.7999999523162842,1.7999999523162842,0.0,1.8300000429153442,1.7699999809265137,1.7799999713897705,0.0,5900
2018-07-23,1.809999942779541,1.809999942779541,0.0,1.8600000143051147,1.75,1.850000023841858,0.0,22500
2018-07-24,1.7200000286102295,1.7200000286102295,0.0,1.7999999523162842,1.7200000286102295,1.7999999523162842,0.0,18700
2018-07-25,1.7400000095367432,1.7400000095367432,0.0,1.7599999904632568,1.7000000476837158,1.7300000190734863,0.0,11500
2018-07-26,1.7000000476837158,1.7000000476837158,0.0,1.7999999523162842,1.7000000476837158,1.7200000286102295,0.0,18500
2018-07-27,1.7000000476837158,1.7000000476837158,0.0,1.7999999523162842,1.7000000476837158,1.7000000476837158,0.0,14100
2018-07-30,1.7799999713897705,1.7799999713897705,0.0,1.7799999713897705,1.7200000286102295,1.7599999904632568,0.0,7400
2018-07-31,1.7200000286102295,1.7200000286102295,0.0,1.7799999713897705,1.7100000381469727,1.7599999904632568,0.0,17600
2018-08-01,1.7599999904632568,1.7599999904632568,0.0,1.809999942779541,1.7599999904632568,1.809999942779541,0.0,600
2018-08-02,1.7599999904632568,1.7599999904632568,0.0,1.7699999809265137,1.7000000476837158,1.7699999809265137,0.0,15900
2018-08-03,1.7000000476837158,1.7000000476837158,0.0,1.7200000286102295,1.7000000476837158,1.7000000476837158,0.0,4200
2018-08-06,1.690000057220459,1.690000057220459,0.0,1.7799999713897705,1.6699999570846558,1.7000000476837158,0.0,12800
2018-08-07,1.75,1.75,0.0,1.7599999904632568,1.649999976158142,1.6799999475479126,0.0,58700
2018-08-08,1.6399999856948853,1.6399999856948853,0.0,1.75,1.5499999523162842,1.75,0.0,70800
2018-08-09,1.600000023841858,1.600000023841858,0.0,1.659999966621399,1.600000023841858,1.6200000047683716,0.0,7800
2018-08-10,1.600000023841858,1.600000023841858,0.0,1.6399999856948853,1.600000023841858,1.600000023841858,0.0,9900
2018-08-13,1.5,1.5,0.0,1.649999976158142,1.5,1.649999976158142,0.0,18600
2018-08-14,1.5199999809265137,1.5199999809265137,0.0,1.6200000047683716,1.5099999904632568,1.5499999523162842,0.0,13800
2018-08-15,1.5,1.5,0.0,1.5399999618530273,1.4500000476837158,1.5,0.0,26500
2018-08-16,1.5399999618530273,1.5399999618530273,0.0,1.5499999523162842,1.4700000286102295,1.4900000095367432,0.0,45800
2018-08-17,1.600000023841858,1.600000023841858,0.0,1.600000023841858,1.5099999904632568,1.5099999904632568,0.0,12900
2018-08-20,1.5499999523162842,1.5499999523162842,0.0,1.559999942779541,1.5,1.5499999523162842,0.0,35400
2018-08-21,1.6399999856948853,1.6399999856948853,0.0,1.7000000476837158,1.5299999713897705,1.5499999523162842,0.0,4100
2018-08-22,1.7000000476837158,1.7000000476837158,0.0,1.7000000476837158,1.7000000476837158,1.7000000476837158,0.0,400
2018-08-23,1.7000000476837158,1.7000000476837158,0.0,1.7000000476837158,1.7000000476837158,1.7000000476837158,0.0,0
2018-08-24,1.6699999570846558,1.6699999570846558,0.0,1.850000023841858,1.659999966621399,1.7000000476837158,0.0,33900
2018-08-27,1.6799999475479126,1.6799999475479126,0.0,1.8799999952316284,1.6799999475479126,1.8799999952316284,0.0,4100
2018-08-28,1.6799999475479126,1.6799999475479126,0.0,1.690000057220459,1.659999966621399,1.6699999570846558,0.0,4400
2018-08-29,1.7000000476837158,1.7000000476837158,0.0,1.7200000286102295,1.6399999856948853,1.649999976158142,0.0,9700
2018-08-30,1.649999976158142,1.649999976158142,0.0,1.7000000476837158,1.6399999856948853,1.6399999856948853,0.0,5600
2018-08-31,1.6299999952316284,1.6299999952316284,0.0,1.7599999904632568,1.6299999952316284,1.7599999904632568,0.0,2200
2018-09-04,1.6399999856948853,1.6399999856948853,0.0,1.690000057220459,1.6200000047683716,1.690000057220459,0.0,8000
2018-09-05,1.649999976158142,1.649999976158142,0.0,1.7000000476837158,1.6200000047683716,1.6399999856948853,0.0,34900
2018-09-06,1.5800000429153442,1.5800000429153442,0.0,1.6799999475479126,1.5700000524520874,1.6799999475479126,0.0,16000
2018-09-07,1.6399999856948853,1.6399999856948853,0.0,1.6399999856948853,1.590000033378601,1.600000023841858,0.0,2100
2018-09-10,1.690000057220459,1.690000057220459,0.0,1.7100000381469727,1.590000033378601,1.7100000381469727,0.0,1100
2018-09-11,1.6399999856948853,1.6399999856948853,0.0,1.6799999475479126,1.6100000143051147,1.659999966621399,0.0,8700
2018-09-12,1.6399999856948853,1.6399999856948853,0.0,1.649999976158142,1.6399999856948853,1.649999976158142,0.0,4400
2018-09-13,1.6100000143051147,1.6100000143051147,0.0,1.6399999856948853,1.6100000143051147,1.6100000143051147,0.0,10400
2018-09-14,1.6799999475479126,1.6799999475479126,0.0,1.7799999713897705,1.6200000047683716,1.6799999475479126,0.0,86600
2018-09-17,1.649999976158142,1.649999976158142,0.0,1.7000000476837158,1.649999976158142,1.649999976158142,0.0,14600
2018-09-18,1.7000000476837158,1.7000000476837158,0.0,1.7400000095367432,1.6799999475479126,1.6799999475479126,0.0,12300
2018-09-19,1.6299999952316284,1.6299999952316284,0.0,1.690000057220459,1.6299999952316284,1.6699999570846558,0.0,19000
2018-09-20,1.649999976158142,1.649999976158142,0.0,1.6799999475479126,1.6399999856948853,1.6399999856948853,0.0,5500
2018-09-21,1.690000057220459,1.690000057220459,0.0,1.690000057220459,1.6200000047683716,1.6200000047683716,0.0,3400
2018-09-24,1.649999976158142,1.649999976158142,0.0,1.7000000476837158,1.649999976158142,1.7000000476837158,0.0,4700
2018-09-25,1.649999976158142,1.649999976158142,0.0,1.6799999475479126,1.649999976158142,1.649999976158142,0.0,4500
2018-09-26,1.6699999570846558,1.6699999570846558,0.0,1.6699999570846558,1.659999966621399,1.659999966621399,0.0,2200
2018-09-27,1.6100000143051147,1.6100000143051147,0.0,1.6299999952316284,1.600000023841858,1.6299999952316284,0.0,15200
2018-09-28,1.6100000143051147,1.6100000143051147,0.0,1.6799999475479126,1.5700000524520874,1.6100000143051147,0.0,44700
2018-10-01,1.659999966621399,1.659999966621399,0.0,1.6699999570846558,1.600000023841858,1.600000023841858,0.0,3500
2018-10-02,1.659999966621399,1.659999966621399,0.0,1.659999966621399,1.659999966621399,1.659999966621399,0.0,1100
2018-10-03,1.690000057220459,1.690000057220459,0.0,1.690000057220459,1.6399999856948853,1.6399999856948853,0.0,4000
2018-10-04,1.6100000143051147,1.6100000143051147,0.0,1.7000000476837158,1.600000023841858,1.7000000476837158,0.0,3400
2018-10-05,1.600000023841858,1.600000023841858,0.0,1.6200000047683716,1.600000023841858,1.600000023841858,0.0,2600
2018-10-08,1.5499999523162842,1.5499999523162842,0.0,1.600000023841858,1.5499999523162842,1.600000023841858,0.0,8300
2018-10-09,1.4500000476837158,1.4500000476837158,0.0,1.5,1.4500000476837158,1.5,0.0,31200
2018-10-10,1.4199999570846558,1.4199999570846558,0.0,1.4500000476837158,1.4199999570846558,1.4500000476837158,0.0,1800
2018-10-11,1.4500000476837158,1.4500000476837158,0.0,1.4500000476837158,1.4500000476837158,1.4500000476837158,0.0,300
2018-10-12,1.4199999570846558,1.4199999570846558,0.0,1.440000057220459,1.399999976158142,1.399999976158142,0.0,10400
2018-10-15,1.409999966621399,1.409999966621399,0.0,1.440000057220459,1.3899999856948853,1.440000057220459,0.0,35100
2018-10-16,1.350000023841858,1.350000023841858,0.0,1.4500000476837158,1.350000023841858,1.399999976158142,0.0,19100
2018-10-17,1.3700000047683716,1.3700000047683716,0.0,1.4199999570846558,1.350000023841858,1.350000023841858,0.0,30600
2018-10-18,1.4299999475479126,1.4299999475479126,0.0,1.4700000286102295,1.3600000143051147,1.3600000143051147,0.0,17700
2018-10-19,1.5299999713897705,1.5299999713897705,0.0,1.5499999523162842,1.399999976158142,1.4299999475479126,0.0,20400
2018-10-22,1.4800000190734863,1.4800000190734863,0.0,1.5399999618530273,1.4299999475479126,1.5299999713897705,0.0,11900
2018-10-23,1.4600000381469727,1.4600000381469727,0.0,1.5099999904632568,1.4500000476837158,1.5099999904632568,0.0,3900
2018-10-24,1.5099999904632568,1.5099999904632568,0.0,1.5299999713897705,1.4500000476837158,1.5299999713897705,0.0,6100
2018-10-25,1.4900000095367432,1.4900000095367432,0.0,1.5099999904632568,1.4900000095367432,1.5099999904632568,0.0,1200
2018-10-26,1.4199999570846558,1.4199999570846558,0.0,1.4600000381469727,1.399999976158142,1.399999976158142,0.0,14700
2018-10-29,1.3799999952316284,1.3799999952316284,0.0,1.5299999713897705,1.340000033378601,1.409999966621399,0.0,87400
2018-10-30,1.4199999570846558,1.4199999570846558,0.0,1.4199999570846558,1.350000023841858,1.3700000047683716,0.0,26900
2018-10-31,1.399999976158142,1.399999976158142,0.0,1.440000057220459,1.399999976158142,1.440000057220459,0.0,2200
2018-11-01,1.399999976158142,1.399999976158142,0.0,1.4500000476837158,1.399999976158142,1.440000057220459,0.0,4100
2018-11-02,1.440000057220459,1.440000057220459,0.0,1.440000057220459,1.399999976158142,1.399999976158142,0.0,7300
2018-11-05,1.3799999952316284,1.3799999952316284,0.0,1.440000057220459,1.3799999952316284,1.440000057220459,0.0,2700
2018-11-06,1.3700000047683716,1.3700000047683716,0.0,1.3700000047683716,1.3700000047683716,1.3700000047683716,0.0,200
2018-11-07,1.409999966621399,1.409999966621399,0.0,1.4199999570846558,1.409999966621399,1.409999966621399,0.0,5100
2018-11-08,1.3899999856948853,1.3899999856948853,0.0,1.409999966621399,1.3899999856948853,1.409999966621399,0.0,8100
2018-11-09,1.3899999856948853,1.3899999856948853,0.0,1.3899999856948853,1.3899999856948853,1.3899999856948853,0.0,300
2018-11-12,1.409999966621399,1.409999966621399,0.0,1.4199999570846558,1.3600000143051147,1.4199999570846558,0.0,4800
2018-11-13,1.399999976158142,1.399999976158142,0.0,1.409999966621399,1.399999976158142,1.409999966621399,0.0,5000
2018-11-14,1.3700000047683716,1.3700000047683716,0.0,1.3700000047683716,1.340000033378601,1.3600000143051147,0.0,1600
2018-11-15,1.5199999809265137,1.5199999809265137,0.0,1.5199999809265137,1.340000033378601,1.3700000047683716,0.0,58600
2018-11-16,1.4700000286102295,1.4700000286102295,0.0,1.5,1.4299999475479126,1.4500000476837158,0.0,5400
2018-11-19,1.3700000047683716,1.3700000047683716,0.0,1.409999966621399,1.350000023841858,1.399999976158142,0.0,10200
2018-11-20,1.3700000047683716,1.3700000047683716,0.0,1.3700000047683716,1.3700000047683716,1.3700000047683716,0.0,0
2018-11-21,1.399999976158142,1.399999976158142,0.0,1.399999976158142,1.2999999523162842,1.309999942779541,0.0,22300
2018-11-23,1.340000033378601,1.340000033378601,0.0,1.3799999952316284,1.340000033378601,1.3799999952316284,0.0,2500
2018-11-26,1.3799999952316284,1.3799999952316284,0.0,1.409999966621399,1.2999999523162842,1.2999999523162842,0.0,17300
2018-11-27,1.309999942779541,1.309999942779541,0.0,1.340000033378601,1.2999999523162842,1.340000033378601,0.0,3800
2018-11-28,1.309999942779541,1.309999942779541,0.0,1.350000023841858,1.2999999523162842,1.309999942779541,0.0,6000
2018-11-29,1.3700000047683716,1.3700000047683716,0.0,1.3700000047683716,1.2999999523162842,1.309999942779541,0.0,10000
2018-11-30,1.3300000429153442,1.3300000429153442,0.0,1.3700000047683716,1.3300000429153442,1.3600000143051147,0.0,7600
2018-12-03,1.3700000047683716,1.3700000047683716,0.0,1.3700000047683716,1.3200000524520874,1.340000033378601,0.0,8300
2018-12-04,1.3700000047683716,1.3700000047683716,0.0,1.3700000047683716,1.3300000429153442,1.3600000143051147,0.0,12200
2018-12-06,1.3300000429153442,1.3300000429153442,0.0,1.3600000143051147,1.2999999523162842,1.3200000524520874,0.0,4800
2018-12-07,1.309999942779541,1.309999942779541,0.0,1.3300000429153442,1.309999942779541,1.3200000524520874,0.0,1500
2018-12-10,1.340000033378601,1.340000033378601,0.0,1.3600000143051147,1.2999999523162842,1.3300000429153442,0.0,3300
2018-12-11,1.2999999523162842,1.2999999523162842,0.0,1.3300000429153442,1.2999999523162842,1.309999942779541,0.0,5800
2018-12-12,1.2699999809265137,1.2699999809265137,0.0,1.2899999618530273,1.2699999809265137,1.2799999713897705,0.0,4100
2018-12-13,1.3300000429153442,1.3300000429153442,0.0,1.3300000429153442,1.2699999809265137,1.2699999809265137,0.0,1700
2018-12-14,1.3600000143051147,1.3600000143051147,0.0,1.3600000143051147,1.2999999523162842,1.2999999523162842,0.0,200
2018-12-17,1.2999999523162842,1.2999999523162842,0.0,1.3700000047683716,1.2999999523162842,1.3200000524520874,0.0,2900
2018-12-18,1.340000033378601,1.340000033378601,0.0,1.3899999856948853,1.2699999809265137,1.3899999856948853,0.0,22800
2018-12-19,1.3300000429153442,1.3300000429153442,0.0,1.3300000429153442,1.2699999809265137,1.2699999809265137,0.0,6500
2018-12-20,1.2999999523162842,1.2999999523162842,0.0,1.3899999856948853,1.2799999713897705,1.3899999856948853,0.0,1600
2018-12-21,1.2999999523162842,1.2999999523162842,0.0,1.2999999523162842,1.1799999475479126,1.25,0.0,7300
2018-12-24,1.2999999523162842,1.2999999523162842,0.0,1.2999999523162842,1.2999999523162842,1.2999999523162842,0.0,100
2018-12-26,1.2200000286102295,1.2200000286102295,0.0,1.2999999523162842,1.2000000476837158,1.2000000476837158,0.0,5400
2018-12-27,1.25,1.25,0.0,1.2899999618530273,1.2000000476837158,1.2100000381469727,0.0,3600
2018-12-28,1.2799999713897705,1.2799999713897705,0.0,1.2999999523162842,1.2799999713897705,1.2899999618530273,0.0,8200
2018-12-31,1.2699999809265137,1.2699999809265137,0.0,1.2999999523162842,1.2599999904632568,1.2899999618530273,0.0,67600
2019-01-02,1.340000033378601,1.340000033378601,0.0,1.350000023841858,1.2599999904632568,1.2599999904632568,0.0,1000
2019-01-03,1.2999999523162842,1.2999999523162842,0.0,1.2999999523162842,1.2699999809265137,1.2699999809265137,0.0,4100
2019-01-04,1.2999999523162842,1.2999999523162842,0.0,1.3300000429153442,1.2899999618530273,1.2999999523162842,0.0,2800
2019-01-07,1.2999999523162842,1.2999999523162842,0.0,1.2999999523162842,1.2699999809265137,1.2699999809265137,0.0,2400
2019-01-08,1.3200000524520874,1.3200000524520874,0.0,1.3200000524520874,1.309999942779541,1.309999942779541,0.0,1200
2019-01-09,1.3200000524520874,1.3200000524520874,0.0,1.350000023841858,1.2899999618530273,1.2999999523162842,0.0,34700
2019-01-10,1.2899999618530273,1.2899999618530273,0.0,1.3200000524520874,1.2899999618530273,1.3200000524520874,0.0,1500
2019-01-11,1.2799999713897705,1.2799999713897705,0.0,1.3300000429153442,1.2599999904632568,1.2899999618530273,0.0,44000
2019-01-14,1.2799999713897705,1.2799999713897705,0.0,1.2999999523162842,1.2799999713897705,1.2799999713897705,0.0,500
2019-01-15,1.2999999523162842,1.2999999523162842,0.0,1.350000023841858,1.2799999713897705,1.2899999618530273,0.0,78500
2019-01-16,1.440000057220459,1.440000057220459,0.0,1.440000057220459,1.3300000429153442,1.3300000429153442,0.0,60000
2019-01-17,1.350000023841858,1.350000023841858,0.0,1.440000057220459,1.350000023841858,1.440000057220459,0.0,23500
2019-01-18,1.4199999570846558,1.4199999570846558,0.0,1.4199999570846558,1.409999966621399,1.4199999570846558,0.0,3000
2019-01-22,1.350000023841858,1.350000023841858,0.0,1.4199999570846558,1.3300000429153442,1.350000023841858,0.0,2900
2019-01-23,1.3700000047683716,1.3700000047683716,0.0,1.3700000047683716,1.350000023841858,1.3700000047683716,0.0,2400
2019-01-24,1.350000023841858,1.350000023841858,0.0,1.399999976158142,1.2999999523162842,1.309999942779541,0.0,80000
2019-01-25,1.350000023841858,1.350000023841858,0.0,1.3700000047683716,1.340000033378601,1.350000023841858,0.0,33400
2019-01-28,1.4199999570846558,1.4199999570846558,0.0,1.4199999570846558,1.3700000047683716,1.3700000047683716,0.0,1800
2019-01-29,1.409999966621399,1.409999966621399,0.0,1.409999966621399,1.409999966621399,1.409999966621399,0.0,200
2019-01-30,1.399999976158142,1.399999976158142,0.0,1.399999976158142,1.340000033378601,1.340000033378601,0.0,4100
2019-01-31,1.3899999856948853,1.3899999856948853,0.0,1.409999966621399,1.340000033378601,1.409999966621399,0.0,71300
2019-02-01,1.4199999570846558,1.4199999570846558,0.0,1.440000057220459,1.3600000143051147,1.3600000143051147,0.0,6400
2019-02-04,1.440000057220459,1.440000057220459,0.0,1.4500000476837158,1.440000057220459,1.4500000476837158,0.0,600
2019-02-05,1.3700000047683716,1.3700000047683716,0.0,1.440000057220459,1.3700000047683716,1.440000057220459,0.0,4700
2019-02-06,1.440000057220459,1.440000057220459,0.0,1.440000057220459,1.3799999952316284,1.3799999952316284,0.0,11300
2019-02-07,1.440000057220459,1.440000057220459,0.0,1.440000057220459,1.3899999856948853,1.3899999856948853,0.0,3000
2019-02-08,1.440000057220459,1.440000057220459,0.0,1.440000057220459,1.4199999570846558,1.4199999570846558,0.0,2200
2019-02-11,1.3700000047683716,1.3700000047683716,0.0,1.4299999475479126,1.3700000047683716,1.4299999475479126,0.0,12100
2019-02-12,1.4299999475479126,1.4299999475479126,0.0,1.4500000476837158,1.4299999475479126,1.4500000476837158,0.0,2800
2019-02-13,1.440000057220459,1.440000057220459,0.0,1.4500000476837158,1.3899999856948853,1.4500000476837158,0.0,10700
2019-02-14,1.3700000047683716,1.3700000047683716,0.0,1.4299999475479126,1.3700000047683716,1.399999976158142,0.0,21700
2019-02-15,1.3700000047683716,1.3700000047683716,0.0,1.409999966621399,1.3700000047683716,1.409999966621399,0.0,26700
2019-02-19,1.409999966621399,1.409999966621399,0.0,1.4299999475479126,1.409999966621399,1.4299999475479126,0.0,40100
2019-02-20,1.4299999475479126,1.4299999475479126,0.0,1.5700000524520874,1.399999976158142,1.409999966621399,0.0,23700
2019-02-21,1.4299999475479126,1.4299999475479126,0.0,1.6100000143051147,1.4299999475479126,1.5800000429153442,0.0,38300
2019-02-22,1.5,1.5,0.0,1.600000023841858,1.4800000190734863,1.5800000429153442,0.0,2100
2019-02-25,1.5800000429153442,1.5800000429153442,0.0,1.590000033378601,1.5399999618530273,1.5399999618530273,0.0,3700
2019-02-26,1.4700000286102295,1.4700000286102295,0.0,1.600000023841858,1.4600000381469727,1.600000023841858,0.0,29300
2019-02-27,1.5,1.5,0.0,1.5499999523162842,1.4700000286102295,1.4700000286102295,0.0,21100
2019-02-28,1.5399999618530273,1.5399999618530273,0.0,1.5399999618530273,1.5199999809265137,1.5299999713897705,0.0,2500
2019-03-01,1.5700000524520874,1.5700000524520874,0.0,1.649999976158142,1.5399999618530273,1.5399999618530273,0.0,14000
2019-03-04,1.6399999856948853,1.6399999856948853,0.0,1.6399999856948853,1.5700000524520874,1.6100000143051147,0.0,33500
2019-03-05,1.75,1.75,0.0,1.8200000524520874,1.6399999856948853,1.649999976158142,0.0,55600
2019-03-06,1.7000000476837158,1.7000000476837158,0.0,1.75,1.649999976158142,1.7400000095367432,0.0,18600
2019-03-07,1.7200000286102295,1.7200000286102295,0.0,1.75,1.7000000476837158,1.7000000476837158,0.0,4800
2019-03-08,1.909999966621399,1.909999966621399,0.0,1.909999966621399,1.75,1.75,0.0,63000
2019-03-11,1.940000057220459,1.940000057220459,0.0,2.0,1.909999966621399,1.909999966621399,0.0,86300
2019-03-12,1.8899999856948853,1.8899999856948853,0.0,1.9800000190734863,1.840000033378601,1.9500000476837158,0.0,17500
2019-03-13,1.940000057220459,1.940000057220459,0.0,1.940000057220459,1.840000033378601,1.909999966621399,0.0,5100
2019-03-14,1.940000057220459,1.940000057220459,0.0,1.9500000476837158,1.850000023841858,1.9299999475479126,0.0,12400
2019-03-15,1.899999976158142,1.899999976158142,0.0,1.9500000476837158,1.850000023841858,1.8700000047683716,0.0,14000
2019-03-18,1.8899999856948853,1.8899999856948853,0.0,1.9299999475479126,1.8799999952316284,1.8899999856948853,0.0,4700
2019-03-19,1.899999976158142,1.899999976158142,0.0,1.9199999570846558,1.8799999952316284,1.9199999570846558,0.0,8200
2019-03-20,1.940000057220459,1.940000057220459,0.0,1.9500000476837158,1.8700000047683716,1.9299999475479126,0.0,7600
2019-03-21,1.9900000095367432,1.9900000095367432,0.0,2.1700000762939453,1.940000057220459,1.940000057220459,0.0,78400
2019-03-22,2.0,2.0,0.0,2.0799999237060547,1.8899999856948853,2.0799999237060547,0.0,17500
2019-03-25,1.9700000286102295,1.9700000286102295,0.0,2.0,1.8700000047683716,1.9900000095367432,0.0,5300
2019-03-26,1.9500000476837158,1.9500000476837158,0.0,2.0,1.8799999952316284,1.9900000095367432,0.0,11900
2019-03-27,1.9900000095367432,1.9900000095367432,0.0,2.0,1.9500000476837158,1.9500000476837158,0.0,16500
2019-03-28,2.0399999618530273,2.0399999618530273,0.0,2.049999952316284,1.9800000190734863,1.9800000190734863,0.0,12500
2019-03-29,2.069999933242798,2.069999933242798,0.0,2.109999895095825,2.059999942779541,2.059999942779541,0.0,19700
2019-04-01,2.0799999237060547,2.0799999237060547,0.0,2.0999999046325684,2.059999942779541,2.059999942779541,0.0,9000
2019-04-02,2.0999999046325684,2.0999999046325684,0.0,2.0999999046325684,1.9900000095367432,2.0799999237060547,0.0,22500
2019-04-03,2.0299999713897705,2.0299999713897705,0.0,2.0999999046325684,2.0299999713897705,2.0999999046325684,0.0,8400
2019-04-04,2.0799999237060547,2.0799999237060547,0.0,2.0999999046325684,2.0299999713897705,2.0999999046325684,0.0,2100
2019-04-05,2.0,2.0,0.0,2.0799999237060547,2.0,2.0799999237060547,0.0,2600
2019-04-08,2.0299999713897705,2.0299999713897705,0.0,2.059999942779541,1.9900000095367432,2.0399999618530273,0.0,53200
2019-04-09,2.0399999618530273,2.0399999618530273,0.0,2.0399999618530273,1.9500000476837158,2.0199999809265137,0.0,12200
2019-04-10,2.009999990463257,2.009999990463257,0.0,2.009999990463257,1.9600000381469727,2.0,0.0,3500
2019-04-11,1.9299999475479126,1.9299999475479126,0.0,2.009999990463257,1.9299999475479126,1.9900000095367432,0.0,24300
2019-04-12,1.940000057220459,1.940000057220459,0.0,1.9800000190734863,1.9199999570846558,1.9800000190734863,0.0,3700
2019-04-15,1.9299999475479126,1.9299999475479126,0.0,1.9500000476837158,1.9299999475479126,1.9500000476837158,0.0,600
2019-04-16,1.940000057220459,1.940000057220459,0.0,1.9700000286102295,1.909999966621399,1.9500000476837158,0.0,19300
2019-04-17,2.009999990463257,2.009999990463257,0.0,2.109999895095825,1.909999966621399,1.9600000381469727,0.0,155100
2019-04-18,2.0299999713897705,2.0299999713897705,0.0,2.0399999618530273,1.909999966621399,2.0199999809265137,0.0,1800
2019-04-22,1.9199999570846558,1.9199999570846558,0.0,2.0399999618530273,1.909999966621399,1.9900000095367432,0.0,10700
2019-04-23,1.9600000381469727,1.9600000381469727,0.0,2.0,1.9199999570846558,1.9199999570846558,0.0,2900
2019-04-24,1.909999966621399,1.909999966621399,0.0,2.0,1.899999976158142,1.9900000095367432,0.0,26800
2019-04-25,1.9700000286102295,1.9700000286102295,0.0,1.9700000286102295,1.850000023841858,1.850000023841858,0.0,2600
2019-04-26,1.9700000286102295,1.9700000286102295,0.0,1.9700000286102295,1.9299999475479126,1.9299999475479126,0.0,1500
2019-04-29,1.9500000476837158,1.9500000476837158,0.0,1.9700000286102295,1.940000057220459,1.9500000476837158,0.0,4300
2019-04-30,1.9700000286102295,1.9700000286102295,0.0,1.9700000286102295,1.9299999475479126,1.940000057220459,0.0,1200
2019-05-01,2.009999990463257,2.009999990463257,0.0,2.0799999237060547,1.9299999475479126,1.9700000286102295,0.0,37400
2019-05-02,2.0,2.0,0.0,2.059999942779541,1.9800000190734863,1.9900000095367432,0.0,2100
2019-05-03,2.0799999237060547,2.0799999237060547,0.0,2.0799999237060547,2.0399999618530273,2.0399999618530273,0.0,7000
2019-05-06,1.9700000286102295,1.9700000286102295,0.0,2.0799999237060547,1.9700000286102295,2.0799999237060547,0.0,2600
2019-05-07,2.049999952316284,2.049999952316284,0.0,2.069999933242798,2.009999990463257,2.069999933242798,0.0,2100
2019-05-08,2.0199999809265137,2.0199999809265137,0.0,2.069999933242798,2.0199999809265137,2.069999933242798,0.0,11100
2019-05-09,2.0399999618530273,2.0399999618530273,0.0,2.0399999618530273,2.009999990463257,2.0199999809265137,0.0,4100
2019-05-10,2.049999952316284,2.049999952316284,0.0,2.059999942779541,2.0,2.0,0.0,4800
2019-05-13,2.049999952316284,2.049999952316284,0.0,2.059999942779541,2.009999990463257,2.059999942779541,0.0,2300
2019-05-14,2.0899999141693115,2.0899999141693115,0.0,2.0999999046325684,2.059999942779541,2.059999942779541,0.0,34800
2019-05-15,2.0399999618530273,2.0399999618530273,0.0,2.0399999618530273,1.7200000286102295,2.0199999809265137,0.0,96100
2019-05-16,2.0299999713897705,2.0299999713897705,0.0,2.109999895095825,2.009999990463257,2.0199999809265137,0.0,9800
2019-05-17,1.9299999475479126,1.9299999475479126,0.0,2.0899999141693115,1.9299999475479126,2.0,0.0,35500
2019-05-20,1.9900000095367432,1.9900000095367432,0.0,1.9900000095367432,1.8700000047683716,1.9700000286102295,0.0,8200
2019-05-21,1.9800000190734863,1.9800000190734863,0.0,2.0199999809265137,1.9299999475479126,2.0199999809265137,0.0,17300
2019-05-22,2.0199999809265137,2.0199999809265137,0.0,2.0299999713897705,1.9800000190734863,2.0199999809265137,0.0,1900
2019-05-23,2.0,2.0,0.0,2.0299999713897705,1.9800000190734863,2.0299999713897705,0.0,500
2019-05-24,2.0,2.0,0.0,2.0,2.0,2.0,0.0,600
2019-05-28,1.9900000095367432,1.9900000095367432,0.0,2.0299999713897705,1.940000057220459,1.9500000476837158,0.0,1600
2019-05-29,1.9600000381469727,1.9600000381469727,0.0,2.0,1.9600000381469727,1.9800000190734863,0.0,21100
2019-05-30,2.0,2.0,0.0,2.0299999713897705,1.909999966621399,1.9600000381469727,0.0,64200
2019-05-31,1.9500000476837158,1.9500000476837158,0.0,2.009999990463257,1.9500000476837158,2.0,0.0,7700
2019-06-03,1.9500000476837158,1.9500000476837158,0.0,2.0,1.909999966621399,2.0,0.0,6100
2019-06-04,1.9800000190734863,1.9800000190734863,0.0,1.9800000190734863,1.899999976158142,1.899999976158142,0.0,1900
2019-06-05,1.9800000190734863,1.9800000190734863,0.0,1.9800000190734863,1.940000057220459,1.940000057220459,0.0,400
2019-06-06,1.9800000190734863,1.9800000190734863,0.0,1.9800000190734863,1.9500000476837158,1.9500000476837158,0.0,1500
2019-06-07,1.9800000190734863,1.9800000190734863,0.0,1.9900000095367432,1.9600000381469727,1.9800000190734863,0.0,17700
2019-06-10,1.9600000381469727,1.9600000381469727,0.0,1.9900000095367432,1.899999976158142,1.899999976158142,0.0,8700
2019-06-11,1.9900000095367432,1.9900000095367432,0.0,1.9900000095367432,1.899999976158142,1.9900000095367432,0.0,6500
2019-06-12,1.9900000095367432,1.9900000095367432,0.0,1.9900000095367432,1.9900000095367432,1.9900000095367432,0.0,500
2019-06-13,1.9800000190734863,1.9800000190734863,0.0,1.9900000095367432,1.899999976158142,1.9900000095367432,0.0,13600
2019-06-14,2.0,2.0,0.0,2.0,1.9299999475479126,1.9299999475479126,0.0,18200
2019-06-17,1.9199999570846558,1.9199999570846558,0.0,1.9900000095367432,1.899999976158142,1.9900000095367432,0.0,7900
2019-06-18,2.0,2.0,0.0,2.0399999618530273,1.9500000476837158,1.9600000381469727,0.0,22800
2019-06-19,1.9500000476837158,1.9500000476837158,0.0,2.0399999618530273,1.9500000476837158,2.0399999618530273,0.0,32800
2019-06-20,1.940000057220459,1.940000057220459,0.0,2.0,1.909999966621399,1.909999966621399,0.0,9100
2019-06-21,1.9500000476837158,1.9500000476837158,0.0,2.0899999141693115,1.940000057220459,1.9700000286102295,0.0,1800
2019-06-24,1.9500000476837158,1.9500000476837158,0.0,2.0,1.9500000476837158,2.0,0.0,8200
2019-06-25,1.9700000286102295,1.9700000286102295,0.0,2.0899999141693115,1.9700000286102295,2.0299999713897705,0.0,19400
2019-06-26,2.0,2.0,0.0,2.0,1.9900000095367432,2.0,0.0,500
2019-06-27,1.9500000476837158,1.9500000476837158,0.0,2.009999990463257,1.9500000476837158,2.0,0.0,8600
2019-06-28,2.0,2.0,0.0,2.0899999141693115,2.0,2.0899999141693115,0.0,1200
2019-07-01,1.9700000286102295,1.9700000286102295,0.0,2.009999990463257,1.9500000476837158,2.0,0.0,29600
2019-07-02,2.0,2.0,0.0,2.0,1.9700000286102295,1.9800000190734863,0.0,1100
2019-07-03,1.9800000190734863,1.9800000190734863,0.0,1.9800000190734863,1.9800000190734863,1.9800000190734863,0.0,1900
2019-07-05,2.0,2.0,0.0,2.069999933242798,1.9800000190734863,2.0,0.0,17900
2019-07-08,2.0,2.0,0.0,2.069999933242798,2.0,2.0299999713897705,0.0,10100
2019-07-09,2.0,2.0,0.0,2.0799999237060547,1.9500000476837158,2.0799999237060547,0.0,18600
2019-07-10,1.9600000381469727,1.9600000381469727,0.0,2.0399999618530273,1.9600000381469727,2.0,0.0,29700
2019-07-11,1.9700000286102295,1.9700000286102295,0.0,2.0399999618530273,1.9600000381469727,2.0399999618530273,0.0,42000
2019-07-12,1.9600000381469727,1.9600000381469727,0.0,2.069999933242798,1.9600000381469727,2.069999933242798,0.0,20400
2019-07-15,2.0199999809265137,2.0199999809265137,0.0,2.0299999713897705,1.9800000190734863,2.009999990463257,0.0,11700
2019-07-16,2.0,2.0,0.0,2.009999990463257,1.9900000095367432,2.0,0.0,5800
2019-07-17,2.0,2.0,0.0,2.049999952316284,1.9700000286102295,2.049999952316284,0.0,1700
2019-07-18,1.9800000190734863,1.9800000190734863,0.0,2.049999952316284,1.9800000190734863,2.049999952316284,0.0,1500
2019-07-19,1.9700000286102295,1.9700000286102295,0.0,2.0,1.9500000476837158,1.9500000476837158,0.0,8600
2019-07-22,1.9900000095367432,1.9900000095367432,0.0,2.0,1.9600000381469727,1.9800000190734863,0.0,2700
2019-07-23,2.0,2.0,0.0,2.0,1.9800000190734863,2.0,0.0,15100
2019-07-24,1.9700000286102295,1.9700000286102295,0.0,2.0,1.9500000476837158,2.0,0.0,2500
2019-07-25,1.9800000190734863,1.9800000190734863,0.0,1.9800000190734863,1.9700000286102295,1.9700000286102295,0.0,9500
2019-07-26,1.9700000286102295,1.9700000286102295,0.0,1.9900000095367432,1.9700000286102295,1.9700000286102295,0.0,3000
2019-07-29,1.9700000286102295,1.9700000286102295,0.0,2.0,1.9700000286102295,2.0,0.0,20900
2019-07-30,2.0,2.0,0.0,2.0,1.9800000190734863,1.9900000095367432,0.0,1500
2019-07-31,2.0199999809265137,2.0199999809265137,0.0,2.049999952316284,1.9800000190734863,1.9800000190734863,0.0,39300
2019-08-01,1.9700000286102295,1.9700000286102295,0.0,2.0399999618530273,1.9700000286102295,2.009999990463257,0.0,24700
2019-08-02,2.0399999618530273,2.0399999618530273,0.0,2.0399999618530273,2.0,2.0,0.0,9100
2019-08-05,2.0199999809265137,2.0199999809265137,0.0,2.0399999618530273,1.9700000286102295,2.0,0.0,18500
2019-08-06,2.009999990463257,2.009999990463257,0.0,2.0399999618530273,2.0,2.0,0.0,3700
2019-08-07,2.0199999809265137,2.0199999809265137,0.0,2.0399999618530273,2.0199999809265137,2.0399999618530273,0.0,2700
2019-08-08,2.0,2.0,0.0,2.0399999618530273,2.0,2.009999990463257,0.0,3300
2019-08-09,2.0299999713897705,2.0299999713897705,0.0,2.0399999618530273,2.009999990463257,2.0199999809265137,0.0,2800
2019-08-12,2.0399999618530273,2.0399999618530273,0.0,2.0399999618530273,2.0299999713897705,2.0399999618530273,0.0,8100
2019-08-13,2.0999999046325684,2.0999999046325684,0.0,2.0999999046325684,2.009999990463257,2.009999990463257,0.0,7900
2019-08-14,2.0999999046325684,2.0999999046325684,0.0,2.0999999046325684,2.0,2.0399999618530273,0.0,8300
2019-08-15,2.0,2.0,0.0,2.200000047683716,2.0,2.180000066757202,0.0,81300
2019-08-16,2.0799999237060547,2.0799999237060547,0.0,2.0899999141693115,2.0,2.0199999809265137,0.0,22600
2019-08-19,2.440000057220459,2.440000057220459,0.0,2.450000047683716,2.069999933242798,2.069999933242798,0.0,123600
2019-08-20,2.4700000286102295,2.4700000286102295,0.0,2.5,2.359999895095825,2.450000047683716,0.0,50100
2019-08-21,2.6500000953674316,2.6500000953674316,0.0,2.6500000953674316,2.4800000190734863,2.4800000190734863,0.0,44400
2019-08-22,2.7799999713897705,2.7799999713897705,0.0,2.7899999618530273,2.6500000953674316,2.680000066757202,0.0,66600
2019-08-23,2.700000047683716,2.700000047683716,0.0,2.7799999713897705,2.700000047683716,2.75,0.0,33100
2019-08-26,2.5399999618530273,2.5399999618530273,0.0,2.740000009536743,2.5399999618530273,2.7100000381469727,0.0,32900
2019-08-27,2.690000057220459,2.690000057220459,0.0,2.690000057220459,2.5899999141693115,2.5899999141693115,0.0,10000
2019-08-28,2.690000057220459,2.690000057220459,0.0,2.690000057220459,2.559999942779541,2.690000057220459,0.0,2700
2019-08-29,2.5999999046325684,2.5999999046325684,0.0,2.75,2.5999999046325684,2.609999895095825,0.0,16000
2019-08-30,2.7200000286102295,2.7200000286102295,0.0,2.75,2.680000066757202,2.75,0.0,7000
2019-09-03,2.7799999713897705,2.7799999713897705,0.0,2.7799999713897705,2.7300000190734863,2.75,0.0,15900
2019-09-04,3.2799999713897705,3.2799999713897705,0.0,3.3499999046325684,2.7699999809265137,2.7699999809265137,0.0,309200
2019-09-05,3.430000066757202,3.430000066757202,0.0,3.450000047683716,3.319999933242798,3.3499999046325684,0.0,213100
2019-09-06,3.380000114440918,3.380000114440918,0.0,3.4800000190734863,3.259999990463257,3.430000066757202,0.0,62600
2019-09-09,3.5399999618530273,3.5399999618530273,0.0,3.740000009536743,3.2799999713897705,3.369999885559082,0.0,178800
2019-09-10,3.5799999237060547,3.5799999237060547,0.0,3.690000057220459,3.390000104904175,3.630000114440918,0.0,75000
2019-09-11,3.609999895095825,3.609999895095825,0.0,3.700000047683716,3.4200000762939453,3.5399999618530273,0.0,105500
2019-09-12,3.6700000762939453,3.6700000762939453,0.0,3.6700000762939453,3.4100000858306885,3.630000114440918,0.0,57800
2019-09-13,3.6500000953674316,3.6500000953674316,0.0,3.7899999618530273,3.4100000858306885,3.6500000953674316,0.0,190500
2019-09-16,3.6500000953674316,3.6500000953674316,0.0,3.690000057220459,3.4600000381469727,3.690000057220459,0.0,23200
2019-09-17,3.609999895095825,3.609999895095825,0.0,3.8399999141693115,3.5999999046325684,3.5999999046325684,0.0,92200
2019-09-18,3.5899999141693115,3.5899999141693115,0.0,3.7100000381469727,3.5,3.5999999046325684,0.0,26500
2019-09-19,3.8399999141693115,3.8399999141693115,0.0,3.9600000381469727,3.559999942779541,3.5999999046325684,0.0,306100
2019-09-20,4.199999809265137,4.199999809265137,0.0,4.210000038146973,3.8399999141693115,3.950000047683716,0.0,301600
2019-09-23,4.199999809265137,4.199999809265137,0.0,4.300000190734863,3.9000000953674316,4.269999980926514,0.0,101200
2019-09-24,4.070000171661377,4.070000171661377,0.0,4.440000057220459,4.03000020980835,4.239999771118164,0.0,155300
2019-09-25,3.869999885559082,3.869999885559082,0.0,4.039999961853027,3.869999885559082,4.039999961853027,0.0,100200
2019-09-26,3.6500000953674316,3.6500000953674316,0.0,3.880000114440918,3.5999999046325684,3.880000114440918,0.0,71500
2019-09-27,3.690000057220459,3.690000057220459,0.0,3.759999990463257,3.5,3.690000057220459,0.0,80900
2019-09-30,3.5899999141693115,3.5899999141693115,0.0,3.859999895095825,3.359999895095825,3.690000057220459,0.0,90700
2019-10-01,3.309999942779541,3.309999942779541,0.0,3.680000066757202,3.2899999618530273,3.4200000762939453,0.0,100500
2019-10-02,3.430000066757202,3.430000066757202,0.0,3.4700000286102295,3.0,3.2899999618530273,0.0,223300
2019-10-03,3.569999933242798,3.569999933242798,0.0,3.5799999237060547,3.299999952316284,3.440000057220459,0.0,44500
2019-10-04,3.7899999618530273,3.7899999618530273,0.0,3.9100000858306885,3.3399999141693115,3.5399999618530273,0.0,25300
2019-10-07,3.819999933242798,3.819999933242798,0.0,3.8499999046325684,3.680000066757202,3.8399999141693115,0.0,35100
2019-10-08,3.549999952316284,3.549999952316284,0.0,3.819999933242798,3.549999952316284,3.819999933242798,0.0,48000
2019-10-09,3.4200000762939453,3.4200000762939453,0.0,3.8299999237060547,3.4200000762939453,3.5,0.0,68300
2019-10-10,3.680000066757202,3.680000066757202,0.0,3.8299999237060547,3.4000000953674316,3.4100000858306885,0.0,40200
2019-10-11,3.680000066757202,3.680000066757202,0.0,3.75,3.6600000858306885,3.7200000286102295,0.0,15600
2019-10-14,4.010000228881836,4.010000228881836,0.0,4.070000171661377,3.6500000953674316,3.680000066757202,0.0,91900
2019-10-15,3.9700000286102295,3.9700000286102295,0.0,4.179999828338623,3.950000047683716,4.050000190734863,0.0,36500
2019-10-16,4.0,4.0,0.0,4.130000114440918,3.9200000762939453,3.9600000381469727,0.0,22000
2019-10-17,4.059999942779541,4.059999942779541,0.0,4.150000095367432,4.0,4.039999961853027,0.0,24500
2019-10-18,4.050000190734863,4.050000190734863,0.0,4.110000133514404,4.010000228881836,4.03000020980835,0.0,6400
2019-10-21,4.199999809265137,4.199999809265137,0.0,4.440000057220459,4.0,4.0,0.0,79400
2019-10-22,4.239999771118164,4.239999771118164,0.0,4.389999866485596,4.059999942779541,4.309999942779541,0.0,23800
2019-10-23,4.340000152587891,4.340000152587891,0.0,4.360000133514404,4.199999809265137,4.28000020980835,0.0,18900
2019-10-24,4.349999904632568,4.349999904632568,0.0,4.349999904632568,4.199999809265137,4.349999904632568,0.0,18900
2019-10-25,4.400000095367432,4.400000095367432,0.0,4.449999809265137,4.349999904632568,4.369999885559082,0.0,33600
2019-10-28,4.769999980926514,4.769999980926514,0.0,4.800000190734863,4.21999979019165,4.440000057220459,0.0,142500
2019-10-29,4.409999847412109,4.409999847412109,0.0,4.989999771118164,4.409999847412109,4.800000190734863,0.0,96600
2019-10-30,4.889999866485596,4.889999866485596,0.0,5.0,4.300000190734863,4.380000114440918,0.0,101200
2019-10-31,4.880000114440918,4.880000114440918,0.0,4.949999809265137,4.5,4.949999809265137,0.0,58000
2019-11-01,4.829999923706055,4.829999923706055,0.0,5.0,4.639999866485596,4.929999828338623,0.0,72700
2019-11-04,5.340000152587891,5.340000152587891,0.0,5.349999904632568,4.960000038146973,5.0,0.0,121700
2019-11-05,5.010000228881836,5.010000228881836,0.0,5.429999828338623,4.869999885559082,5.340000152587891,0.0,95800
2019-11-06,5.139999866485596,5.139999866485596,0.0,5.239999771118164,4.920000076293945,5.039999961853027,0.0,36100
2019-11-07,5.090000152587891,5.090000152587891,0.0,5.199999809265137,4.940000057220459,5.139999866485596,0.0,19600
2019-11-08,5.199999809265137,5.199999809265137,0.0,5.360000133514404,5.059999942779541,5.239999771118164,0.0,76600
2019-11-11,5.260000228881836,5.260000228881836,0.0,5.300000190734863,5.0,5.28000020980835,0.0,38600
2019-11-12,5.179999828338623,5.179999828338623,0.0,5.329999923706055,5.070000171661377,5.320000171661377,0.0,48900
2019-11-13,5.230000019073486,5.230000019073486,0.0,5.25,5.099999904632568,5.199999809265137,0.0,18100
2019-11-14,5.28000020980835,5.28000020980835,0.0,5.300000190734863,5.230000019073486,5.300000190734863,0.0,59200
2019-11-15,5.230000019073486,5.230000019073486,0.0,5.28000020980835,5.210000038146973,5.269999980926514,0.0,23800
2019-11-18,5.150000095367432,5.150000095367432,0.0,5.28000020980835,5.099999904632568,5.269999980926514,0.0,35800
2019-11-19,4.039999961853027,4.039999961853027,0.0,5.159999847412109,4.0,5.159999847412109,0.0,222700
2019-11-20,3.8299999237060547,3.8299999237060547,0.0,4.050000190734863,3.75,4.019999980926514,0.0,101100
2019-11-21,3.869999885559082,3.869999885559082,0.0,3.990000009536743,3.7699999809265137,3.809999942779541,0.0,53500
2019-11-22,4.110000133514404,4.110000133514404,0.0,4.159999847412109,3.869999885559082,3.869999885559082,0.0,41500
2019-11-25,4.199999809265137,4.199999809265137,0.0,4.329999923706055,4.099999904632568,4.159999847412109,0.0,41800
2019-11-26,4.329999923706055,4.329999923706055,0.0,4.400000095367432,4.239999771118164,4.360000133514404,0.0,50600
2019-11-27,4.699999809265137,4.699999809265137,0.0,4.730000019073486,4.389999866485596,4.519999980926514,0.0,64200
2019-11-29,4.71999979019165,4.71999979019165,0.0,4.889999866485596,4.639999866485596,4.71999979019165,0.0,25000
2019-12-02,4.489999771118164,4.489999771118164,0.0,4.909999847412109,4.480000019073486,4.75,0.0,82200
2019-12-03,4.429999828338623,4.429999828338623,0.0,4.650000095367432,4.300000190734863,4.460000038146973,0.0,27800
2019-12-04,4.449999809265137,4.449999809265137,0.0,4.559999942779541,4.429999828338623,4.449999809265137,0.0,18000
2019-12-05,4.639999866485596,4.639999866485596,0.0,4.769999980926514,4.440000057220459,4.460000038146973,0.0,24800
2019-12-06,4.480000019073486,4.480000019073486,0.0,4.75,4.460000038146973,4.579999923706055,0.0,16100
2019-12-09,4.550000190734863,4.550000190734863,0.0,4.650000095367432,4.480000019073486,4.480000019073486,0.0,7300
2019-12-10,4.480000019073486,4.480000019073486,0.0,4.579999923706055,4.329999923706055,4.480000019073486,0.0,8600
2019-12-11,4.389999866485596,4.389999866485596,0.0,4.5,4.309999942779541,4.489999771118164,0.0,8400
2019-12-12,4.159999847412109,4.159999847412109,0.0,4.369999885559082,4.010000228881836,4.369999885559082,0.0,46400
2019-12-13,4.039999961853027,4.039999961853027,0.0,4.199999809265137,4.010000228881836,4.199999809265137,0.0,26900
2019-12-16,4.159999847412109,4.159999847412109,0.0,4.190000057220459,4.079999923706055,4.110000133514404,0.0,29400
2019-12-17,4.21999979019165,4.21999979019165,0.0,4.25,4.070000171661377,4.170000076293945,0.0,28400
2019-12-18,4.170000076293945,4.170000076293945,0.0,4.25,4.070000171661377,4.25,0.0,13700
2019-12-19,3.990000009536743,3.990000009536743,0.0,4.139999866485596,3.9100000858306885,4.070000171661377,0.0,35000
2019-12-20,4.170000076293945,4.170000076293945,0.0,4.170000076293945,3.549999952316284,4.130000114440918,0.0,79500
2019-12-23,4.599999904632568,4.599999904632568,0.0,5.199999809265137,3.549999952316284,4.170000076293945,0.0,273200
2019-12-24,4.739999771118164,4.739999771118164,0.0,4.909999847412109,4.630000114440918,4.650000095367432,0.0,24400
2019-12-26,4.769999980926514,4.769999980926514,0.0,5.239999771118164,4.710000038146973,4.849999904632568,0.0,130100
2019-12-27,4.619999885559082,4.619999885559082,0.0,5.039999961853027,4.510000228881836,4.900000095367432,0.0,48600
2019-12-30,4.889999866485596,4.889999866485596,0.0,5.039999961853027,4.400000095367432,4.559999942779541,0.0,147800
2019-12-31,4.949999809265137,4.949999809265137,0.0,5.139999866485596,4.889999866485596,4.909999847412109,0.0,72600
2020-01-02,5.199999809265137,5.199999809265137,0.0,5.239999771118164,4.989999771118164,5.039999961853027,0.0,65900
2020-01-03,4.829999923706055,4.829999923706055,0.0,5.760000228881836,4.610000133514404,5.239999771118164,0.0,360500
2020-01-06,4.96999979019165,4.96999979019165,0.0,5.099999904632568,4.829999923706055,4.829999923706055,0.0,34700
2020-01-07,5.099999904632568,5.099999904632568,0.0,5.210000038146973,4.829999923706055,4.989999771118164,0.0,68800
2020-01-08,5.159999847412109,5.159999847412109,0.0,5.449999809265137,4.96999979019165,5.150000095367432,0.0,36000
2020-01-09,5.400000095367432,5.400000095367432,0.0,5.489999771118164,5.110000133514404,5.110000133514404,0.0,32500
2020-01-10,5.289999961853027,5.289999961853027,0.0,5.429999828338623,5.239999771118164,5.429999828338623,0.0,17000
2020-01-13,5.400000095367432,5.400000095367432,0.0,5.400000095367432,5.150000095367432,5.380000114440918,0.0,14900
2020-01-14,5.409999847412109,5.409999847412109,0.0,5.489999771118164,5.349999904632568,5.46999979019165,0.0,81500
2020-01-15,5.449999809265137,5.449999809265137,0.0,5.5,5.360000133514404,5.360000133514404,0.0,26400
2020-01-16,5.46999979019165,5.46999979019165,0.0,5.599999904632568,5.429999828338623,5.429999828338623,0.0,63700
2020-01-17,6.039999961853027,6.039999961853027,0.0,6.260000228881836,5.53000020980835,5.539999961853027,0.0,180400
2020-01-21,6.050000190734863,6.050000190734863,0.0,6.5,5.960000038146973,6.150000095367432,0.0,220800
2020-01-22,5.610000133514404,5.610000133514404,0.0,6.260000228881836,5.510000228881836,6.179999828338623,0.0,77300
2020-01-23,5.179999828338623,5.179999828338623,0.0,5.53000020980835,5.079999923706055,5.53000020980835,0.0,65800
2020-01-24,5.010000228881836,5.010000228881836,0.0,5.119999885559082,4.940000057220459,5.090000152587891,0.0,54000
2020-01-27,5.340000152587891,5.340000152587891,0.0,5.539999961853027,4.849999904632568,4.860000133514404,0.0,62200
2020-01-28,5.389999866485596,5.389999866485596,0.0,5.489999771118164,5.190000057220459,5.380000114440918,0.0,11000
2020-01-29,5.230000019073486,5.230000019073486,0.0,5.440000057220459,5.03000020980835,5.420000076293945,0.0,14700
2020-01-30,5.210000038146973,5.210000038146973,0.0,5.230000019073486,4.889999866485596,5.230000019073486,0.0,31100
2020-01-31,4.860000133514404,4.860000133514404,0.0,5.119999885559082,4.849999904632568,5.119999885559082,0.0,102600
2020-02-03,4.909999847412109,4.909999847412109,0.0,5.130000114440918,4.860000133514404,4.860000133514404,0.0,27300
2020-02-04,5.03000020980835,5.03000020980835,0.0,5.039999961853027,4.860000133514404,5.039999961853027,0.0,29200
2020-02-05,4.960000038146973,4.960000038146973,0.0,5.03000020980835,4.900000095367432,5.0,0.0,15200
2020-02-06,5.019999980926514,5.019999980926514,0.0,5.150000095367432,4.920000076293945,4.940000057220459,0.0,23400
2020-02-07,5.099999904632568,5.099999904632568,0.0,5.190000057220459,5.019999980926514,5.099999904632568,0.0,24100
2020-02-10,5.110000133514404,5.110000133514404,0.0,5.210000038146973,5.039999961853027,5.099999904632568,0.0,6500
2020-02-11,5.03000020980835,5.03000020980835,0.0,5.199999809265137,5.03000020980835,5.150000095367432,0.0,23200
2020-02-12,5.019999980926514,5.019999980926514,0.0,5.199999809265137,5.019999980926514,5.03000020980835,0.0,32700
2020-02-13,4.960000038146973,4.960000038146973,0.0,5.079999923706055,4.860000133514404,5.019999980926514,0.0,12100
2020-02-14,4.610000133514404,4.610000133514404,0.0,4.860000133514404,4.300000190734863,4.860000133514404,0.0,123100
2020-02-18,4.349999904632568,4.349999904632568,0.0,4.820000171661377,4.289999961853027,4.480000019073486,0.0,38400
2020-02-19,4.309999942779541,4.309999942779541,0.0,4.400000095367432,4.25,4.25,0.0,79300
2020-02-20,5.710000038146973,5.710000038146973,0.0,5.739999771118164,4.46999979019165,4.630000114440918,0.0,108700
2020-02-21,5.570000171661377,5.570000171661377,0.0,5.710000038146973,5.0,5.710000038146973,0.0,67400
2020-02-24,5.25,5.25,0.0,5.519999980926514,5.059999942779541,5.400000095367432,0.0,38300
2020-02-25,4.860000133514404,4.860000133514404,0.0,5.130000114440918,4.849999904632568,5.130000114440918,0.0,70500
2020-02-26,4.849999904632568,4.849999904632568,0.0,5.199999809265137,4.849999904632568,4.900000095367432,0.0,15800
2020-02-27,4.949999809265137,4.949999809265137,0.0,4.989999771118164,4.710000038146973,4.989999771118164,0.0,18500
2020-02-28,4.730000019073486,4.730000019073486,0.0,4.730000019073486,4.519999980926514,4.590000152587891,0.0,43000
2020-03-02,4.860000133514404,4.860000133514404,0.0,4.96999979019165,4.510000228881836,4.639999866485596,0.0,10000
2020-03-03,5.039999961853027,5.039999961853027,0.0,5.039999961853027,4.760000228881836,4.800000190734863,0.0,14100
2020-03-04,4.860000133514404,4.860000133514404,0.0,5.099999904632568,4.730000019073486,5.099999904632568,0.0,13100
2020-03-05,4.849999904632568,4.849999904632568,0.0,5.0,4.800000190734863,5.0,0.0,4600
2020-03-06,4.599999904632568,4.599999904632568,0.0,5.039999961853027,4.599999904632568,4.849999904632568,0.0,14500
2020-03-09,3.950000047683716,3.950000047683716,0.0,4.519999980926514,3.930000066757202,4.5,0.0,38100
2020-03-10,4.010000228881836,4.010000228881836,0.0,4.53000020980835,3.9000000953674316,4.0,0.0,21900
2020-03-11,4.309999942779541,4.309999942779541,0.0,4.46999979019165,4.010000228881836,4.289999961853027,0.0,11400
2020-03-12,3.819999933242798,3.819999933242798,0.0,4.260000228881836,3.7799999713897705,4.0,0.0,35100
2020-03-13,3.950000047683716,3.950000047683716,0.0,3.950000047683716,3.819999933242798,3.819999933242798,0.0,40200
2020-03-16,3.490000009536743,3.490000009536743,0.0,3.9700000286102295,3.319999933242798,3.9700000286102295,0.0,39000
2020-03-17,3.490000009536743,3.490000009536743,0.0,3.990000009536743,3.25,3.4700000286102295,0.0,50200
2020-03-18,3.369999885559082,3.369999885559082,0.0,3.8499999046325684,3.3399999141693115,3.609999895095825,0.0,10200
2020-03-19,3.5199999809265137,3.5199999809265137,0.0,3.7899999618530273,3.0999999046325684,3.609999895095825,0.0,27700
2020-03-20,3.190000057220459,3.190000057220459,0.0,3.890000104904175,3.180000066757202,3.690000057220459,0.0,21300
2020-03-23,3.5399999618530273,3.5399999618530273,0.0,3.75,3.049999952316284,3.059999942779541,0.0,14000
2020-03-24,3.3399999141693115,3.3399999141693115,0.0,3.7899999618530273,3.130000114440918,3.7899999618530273,0.0,14600
2020-03-25,3.549999952316284,3.549999952316284,0.0,3.5799999237060547,3.25,3.359999895095825,0.0,8500
2020-03-26,3.5999999046325684,3.5999999046325684,0.0,3.9000000953674316,3.359999895095825,3.490000009536743,0.0,28100
2020-03-27,3.3499999046325684,3.3499999046325684,0.0,3.700000047683716,3.3499999046325684,3.609999895095825,0.0,15800
2020-03-30,3.369999885559082,3.369999885559082,0.0,3.680000066757202,3.3499999046325684,3.509999990463257,0.0,10700
2020-03-31,3.259999990463257,3.259999990463257,0.0,3.4200000762939453,3.25,3.3499999046325684,0.0,19700
2020-04-01,3.309999942779541,3.309999942779541,0.0,3.390000104904175,3.25,3.25,0.0,3500
2020-04-02,3.2100000381469727,3.2100000381469727,0.0,3.4000000953674316,3.2100000381469727,3.2699999809265137,0.0,5600
2020-04-03,3.3399999141693115,3.3399999141693115,0.0,3.3399999141693115,3.25,3.3299999237060547,0.0,4500
2020-04-06,3.390000104904175,3.390000104904175,0.0,3.619999885559082,3.2899999618530273,3.3399999141693115,0.0,10600
2020-04-07,3.609999895095825,3.609999895095825,0.0,3.700000047683716,3.4600000381469727,3.4600000381469727,0.0,6500
2020-04-08,3.5,3.5,0.0,3.559999942779541,3.4000000953674316,3.440000057220459,0.0,5400
2020-04-09,3.700000047683716,3.700000047683716,0.0,3.950000047683716,3.640000104904175,3.640000104904175,0.0,22200
2020-04-13,3.7899999618530273,3.7899999618530273,0.0,3.8499999046325684,3.75,3.7899999618530273,0.0,8900
2020-04-14,4.329999923706055,4.329999923706055,0.0,4.489999771118164,3.7899999618530273,3.7899999618530273,0.0,19400
2020-04-15,4.179999828338623,4.179999828338623,0.0,4.449999809265137,4.0,4.449999809265137,0.0,10600
2020-04-16,4.300000190734863,4.300000190734863,0.0,4.449999809265137,4.199999809265137,4.199999809265137,0.0,10700
2020-04-17,4.300000190734863,4.300000190734863,0.0,4.440000057220459,4.239999771118164,4.260000228881836,0.0,8600
2020-04-20,4.25,4.25,0.0,4.480000019073486,4.25,4.349999904632568,0.0,16900
2020-04-21,4.130000114440918,4.130000114440918,0.0,4.300000190734863,3.799999952316284,4.230000019073486,0.0,15100
2020-04-22,4.300000190734863,4.300000190734863,0.0,4.309999942779541,3.940000057220459,4.03000020980835,0.0,9700
2020-04-23,4.210000038146973,4.210000038146973,0.0,4.400000095367432,4.039999961853027,4.400000095367432,0.0,7500
2020-04-24,4.159999847412109,4.159999847412109,0.0,4.340000152587891,4.159999847412109,4.340000152587891,0.0,4500
2020-04-27,4.75,4.75,0.0,4.949999809265137,4.119999885559082,4.119999885559082,0.0,35000
2020-04-28,4.690000057220459,4.690000057220459,0.0,4.909999847412109,4.360000133514404,4.800000190734863,0.0,8200
2020-04-29,4.610000133514404,4.610000133514404,0.0,4.75,4.409999847412109,4.699999809265137,0.0,11500
2020-04-30,4.699999809265137,4.699999809265137,0.0,4.739999771118164,4.539999961853027,4.559999942779541,0.0,4300
2020-05-01,4.78000020980835,4.78000020980835,0.0,4.880000114440918,4.699999809265137,4.739999771118164,0.0,15000
2020-05-04,4.5,4.5,0.0,4.809999942779541,4.5,4.809999942779541,0.0,8100
2020-05-05,4.5,4.5,0.0,4.690000057220459,4.5,4.599999904632568,0.0,6900
2020-05-06,4.480000019073486,4.480000019073486,0.0,4.5,4.260000228881836,4.5,0.0,2700
2020-05-07,4.360000133514404,4.360000133514404,0.0,4.5,4.28000020980835,4.349999904632568,0.0,9100
2020-05-08,4.460000038146973,4.460000038146973,0.0,4.519999980926514,4.369999885559082,4.510000228881836,0.0,3700
2020-05-11,4.25,4.25,0.0,4.5,4.25,4.389999866485596,0.0,15100
2020-05-12,3.9200000762939453,3.9200000762939453,0.0,4.349999904632568,3.9000000953674316,4.349999904632568,0.0,21800
2020-05-13,4.019999980926514,4.019999980926514,0.0,4.190000057220459,3.9700000286102295,4.190000057220459,0.0,6200
2020-05-14,4.059999942779541,4.059999942779541,0.0,4.400000095367432,4.010000228881836,4.010000228881836,0.0,31500
2020-05-15,4.269999980926514,4.269999980926514,0.0,4.489999771118164,4.0,4.0,0.0,12100
2020-05-18,4.269999980926514,4.269999980926514,0.0,4.449999809265137,4.159999847412109,4.440000057220459,0.0,8400
2020-05-19,4.550000190734863,4.550000190734863,0.0,4.550000190734863,4.039999961853027,4.349999904632568,0.0,18400
2020-05-20,4.489999771118164,4.489999771118164,0.0,4.5,4.150000095367432,4.5,0.0,18900
2020-05-21,4.650000095367432,4.650000095367432,0.0,4.800000190734863,4.380000114440918,4.380000114440918,0.0,41200
2020-05-22,5.119999885559082,5.119999885559082,0.0,5.25,4.699999809265137,4.989999771118164,0.0,87000
2020-05-26,5.190000057220459,5.190000057220459,0.0,5.5,4.940000057220459,5.25,0.0,65800
2020-05-27,5.119999885559082,5.119999885559082,0.0,5.300000190734863,5.099999904632568,5.199999809265137,0.0,25300
2020-05-28,5.130000114440918,5.130000114440918,0.0,5.440000057220459,4.809999942779541,5.039999961853027,0.0,17600
2020-05-29,5.309999942779541,5.309999942779541,0.0,5.449999809265137,5.010000228881836,5.360000133514404,0.0,16400
2020-06-01,5.360000133514404,5.360000133514404,0.0,5.46999979019165,5.320000171661377,5.449999809265137,0.0,9400
2020-06-02,5.25,5.25,0.0,5.449999809265137,5.079999923706055,5.360000133514404,0.0,15200
2020-06-03,5.400000095367432,5.400000095367432,0.0,5.460000038146973,5.170000076293945,5.179999828338623,0.0,6600
2020-06-04,5.340000152587891,5.340000152587891,0.0,5.460000038146973,5.269999980926514,5.400000095367432,0.0,5600
2020-06-05,5.239999771118164,5.239999771118164,0.0,5.340000152587891,5.039999961853027,5.340000152587891,0.0,19300
2020-06-08,5.070000171661377,5.070000171661377,0.0,5.300000190734863,5.0,5.239999771118164,0.0,26800
2020-06-09,5.050000190734863,5.050000190734863,0.0,5.300000190734863,5.019999980926514,5.059999942779541,0.0,6300
2020-06-10,5.25,5.25,0.0,5.300000190734863,5.039999961853027,5.289999961853027,0.0,17100
2020-06-11,4.920000076293945,4.920000076293945,0.0,5.25,4.769999980926514,5.25,0.0,21800
2020-06-12,5.039999961853027,5.039999961853027,0.0,5.230000019073486,4.920000076293945,5.230000019073486,0.0,8600
2020-06-15,5.329999923706055,5.329999923706055,0.0,5.449999809265137,4.989999771118164,5.210000038146973,0.0,23900
2020-06-16,5.300000190734863,5.300000190734863,0.0,5.480000019073486,5.190000057220459,5.300000190734863,0.0,28200
2020-06-17,5.360000133514404,5.360000133514404,0.0,5.639999866485596,5.25,5.460000038146973,0.0,21200
2020-06-18,5.300000190734863,5.300000190734863,0.0,5.349999904632568,5.21999979019165,5.349999904632568,0.0,9200
2020-06-19,5.019999980926514,5.019999980926514,0.0,5.300000190734863,5.019999980926514,5.300000190734863,0.0,13000
2020-06-22,5.059999942779541,5.059999942779541,0.0,5.269999980926514,4.96999979019165,5.119999885559082,0.0,17600
2020-06-23,5.059999942779541,5.059999942779541,0.0,5.239999771118164,5.010000228881836,5.039999961853027,0.0,25700
2020-06-24,5.130000114440918,5.130000114440918,0.0,5.130000114440918,4.900000095367432,4.920000076293945,0.0,7100
2020-06-25,4.800000190734863,4.800000190734863,0.0,5.019999980926514,4.769999980926514,5.019999980926514,0.0,21200
2020-06-26,5.329999923706055,5.329999923706055,0.0,5.400000095367432,4.800000190734863,4.809999942779541,0.0,34000
2020-06-29,5.079999923706055,5.079999923706055,0.0,5.170000076293945,4.909999847412109,5.159999847412109,0.0,19400
2020-06-30,5.010000228881836,5.010000228881836,0.0,5.119999885559082,4.880000114440918,5.010000228881836,0.0,6700
2020-07-01,5.090000152587891,5.090000152587891,0.0,5.199999809265137,4.900000095367432,5.03000020980835,0.0,12000
2020-07-02,5.239999771118164,5.239999771118164,0.0,5.300000190734863,4.949999809265137,5.190000057220459,0.0,12400
2020-07-06,5.050000190734863,5.050000190734863,0.0,5.230000019073486,5.0,5.230000019073486,0.0,17400
2020-07-07,4.980000019073486,4.980000019073486,0.0,5.090000152587891,4.949999809265137,5.0,0.0,6200
2020-07-08,5.170000076293945,5.170000076293945,0.0,5.190000057220459,5.050000190734863,5.170000076293945,0.0,23900
2020-07-09,4.869999885559082,4.869999885559082,0.0,5.230000019073486,4.760000228881836,5.130000114440918,0.0,20500
2020-07-10,4.960000038146973,4.960000038146973,0.0,5.090000152587891,4.849999904632568,4.860000133514404,0.0,6400
2020-07-13,4.900000095367432,4.900000095367432,0.0,5.070000171661377,4.840000152587891,4.840000152587891,0.0,13700
2020-07-14,4.809999942779541,4.809999942779541,0.0,4.889999866485596,4.75,4.849999904632568,0.0,12100
2020-07-15,4.699999809265137,4.699999809265137,0.0,5.039999961853027,4.679999828338623,4.940000057220459,0.0,16400
2020-07-16,4.909999847412109,4.909999847412109,0.0,4.929999828338623,4.710000038146973,4.710000038146973,0.0,82700
2020-07-17,5.010000228881836,5.010000228881836,0.0,5.03000020980835,4.860000133514404,4.860000133514404,0.0,7900
2020-07-20,4.860000133514404,4.860000133514404,0.0,5.0,4.860000133514404,4.949999809265137,0.0,6000
2020-07-21,4.869999885559082,4.869999885559082,0.0,5.010000228881836,4.800000190734863,4.849999904632568,0.0,11500
2020-07-22,4.840000152587891,4.840000152587891,0.0,4.869999885559082,4.78000020980835,4.869999885559082,0.0,2700
2020-07-23,5.119999885559082,5.119999885559082,0.0,5.989999771118164,4.900000095367432,4.900000095367432,0.0,305400
2020-07-24,5.010000228881836,5.010000228881836,0.0,5.25,4.889999866485596,5.150000095367432,0.0,17300
2020-07-27,5.159999847412109,5.159999847412109,0.0,5.190000057220459,4.949999809265137,5.019999980926514,0.0,11100
2020-07-28,5.489999771118164,5.489999771118164,0.0,5.510000228881836,5.079999923706055,5.079999923706055,0.0,51800
2020-07-29,5.460000038146973,5.460000038146973,0.0,5.599999904632568,5.380000114440918,5.590000152587891,0.0,70100
2020-07-30,5.420000076293945,5.420000076293945,0.0,5.480000019073486,5.190000057220459,5.449999809265137,0.0,21500
2020-07-31,5.369999885559082,5.369999885559082,0.0,5.590000152587891,5.170000076293945,5.550000190734863,0.0,15000
2020-08-03,5.340000152587891,5.340000152587891,0.0,5.449999809265137,5.260000228881836,5.449999809265137,0.0,7300
2020-08-04,5.340000152587891,5.340000152587891,0.0,5.349999904632568,5.059999942779541,5.349999904632568,0.0,15900
2020-08-05,5.309999942779541,5.309999942779541,0.0,5.5,5.300000190734863,5.300000190734863,0.0,27700
2020-08-06,5.150000095367432,5.150000095367432,0.0,5.320000171661377,5.059999942779541,5.300000190734863,0.0,18300
2020-08-07,5.190000057220459,5.190000057220459,0.0,5.230000019073486,5.010000228881836,5.010000228881836,0.0,25100
2020-08-10,5.550000190734863,5.550000190734863,0.0,5.579999923706055,5.300000190734863,5.460000038146973,0.0,37300
2020-08-11,5.670000076293945,5.670000076293945,0.0,5.800000190734863,5.429999828338623,5.429999828338623,0.0,57300
2020-08-12,5.659999847412109,5.659999847412109,0.0,5.760000228881836,5.590000152587891,5.730000019073486,0.0,11400
2020-08-13,5.550000190734863,5.550000190734863,0.0,5.739999771118164,5.519999980926514,5.670000076293945,0.0,13700
2020-08-14,4.889999866485596,4.889999866485596,0.0,5.550000190734863,4.710000038146973,5.550000190734863,0.0,56200
2020-08-17,4.840000152587891,4.840000152587891,0.0,5.130000114440918,4.800000190734863,5.130000114440918,0.0,13200
2020-08-18,4.590000152587891,4.590000152587891,0.0,4.849999904632568,4.46999979019165,4.75,0.0,61700
2020-08-19,4.679999828338623,4.679999828338623,0.0,4.869999885559082,4.599999904632568,4.75,0.0,29700
2020-08-20,4.639999866485596,4.639999866485596,0.0,4.809999942779541,4.570000171661377,4.610000133514404,0.0,50100
2020-08-21,4.710000038146973,4.710000038146973,0.0,4.78000020980835,4.579999923706055,4.730000019073486,0.0,37700
2020-08-24,4.699999809265137,4.699999809265137,0.0,4.710000038146973,4.579999923706055,4.650000095367432,0.0,17700
2020-08-25,4.659999847412109,4.659999847412109,0.0,4.710000038146973,4.599999904632568,4.630000114440918,0.0,9200
2020-08-26,4.670000076293945,4.670000076293945,0.0,4.800000190734863,4.610000133514404,4.610000133514404,0.0,14900
2020-08-27,4.699999809265137,4.699999809265137,0.0,4.78000020980835,4.650000095367432,4.78000020980835,0.0,5200
2020-08-28,4.710000038146973,4.710000038146973,0.0,4.760000228881836,4.599999904632568,4.760000228881836,0.0,15100
2020-08-31,4.880000114440918,4.880000114440918,0.0,5.130000114440918,4.639999866485596,4.650000095367432,0.0,13700
2020-09-01,5.090000152587891,5.090000152587891,0.0,5.179999828338623,4.929999828338623,4.949999809265137,0.0,20800
2020-09-02,5.130000114440918,5.130000114440918,0.0,5.170000076293945,5.039999961853027,5.170000076293945,0.0,2800
2020-09-03,4.769999980926514,4.769999980926514,0.0,5.070000171661377,4.670000076293945,5.039999961853027,0.0,20800
2020-09-04,4.849999904632568,4.849999904632568,0.0,4.920000076293945,4.550000190734863,4.71999979019165,0.0,29600
2020-09-08,4.730000019073486,4.730000019073486,0.0,4.829999923706055,4.610000133514404,4.829999923706055,0.0,4600
2020-09-09,4.960000038146973,4.960000038146973,0.0,5.039999961853027,4.78000020980835,4.809999942779541,0.0,16900
2020-09-10,4.949999809265137,4.949999809265137,0.0,5.210000038146973,4.900000095367432,5.210000038146973,0.0,3600
2020-09-11,4.960000038146973,4.960000038146973,0.0,5.139999866485596,4.900000095367432,5.139999866485596,0.0,4000
2020-09-14,4.909999847412109,4.909999847412109,0.0,4.940000057220459,4.769999980926514,4.900000095367432,0.0,7500
2020-09-15,4.929999828338623,4.929999828338623,0.0,5.260000228881836,4.869999885559082,5.260000228881836,0.0,6100
2020-09-16,4.730000019073486,4.730000019073486,0.0,4.900000095367432,4.730000019073486,4.900000095367432,0.0,5900
2020-09-17,4.940000057220459,4.940000057220459,0.0,4.949999809265137,4.769999980926514,4.949999809265137,0.0,4700
2020-09-18,4.849999904632568,4.849999904632568,0.0,5.03000020980835,4.809999942779541,4.940000057220459,0.0,11000
2020-09-21,4.849999904632568,4.849999904632568,0.0,4.989999771118164,4.800000190734863,4.989999771118164,0.0,24600
2020-09-22,4.840000152587891,4.840000152587891,0.0,4.900000095367432,4.71999979019165,4.900000095367432,0.0,45800
2020-09-23,4.880000114440918,4.880000114440918,0.0,4.96999979019165,4.78000020980835,4.78000020980835,0.0,8300
2020-09-24,4.829999923706055,4.829999923706055,0.0,4.849999904632568,4.610000133514404,4.730000019073486,0.0,21000
2020-09-25,4.860000133514404,4.860000133514404,0.0,5.0,4.860000133514404,5.0,0.0,1900
2020-09-28,4.840000152587891,4.840000152587891,0.0,5.0,4.800000190734863,4.989999771118164,0.0,5200
2020-09-29,4.920000076293945,4.920000076293945,0.0,4.96999979019165,4.800000190734863,4.800000190734863,0.0,1700
2020-09-30,4.78000020980835,4.78000020980835,0.0,4.940000057220459,4.78000020980835,4.940000057220459,0.0,1200
2020-10-01,4.699999809265137,4.699999809265137,0.0,4.800000190734863,4.659999847412109,4.769999980926514,0.0,3700
2020-10-02,4.989999771118164,4.989999771118164,0.0,5.0,4.71999979019165,4.71999979019165,0.0,20900
2020-10-05,5.099999904632568,5.099999904632568,0.0,5.25,5.0,5.110000133514404,0.0,19200
2020-10-06,5.059999942779541,5.059999942779541,0.0,5.150000095367432,5.0,5.130000114440918,0.0,8000
2020-10-07,5.150000095367432,5.150000095367432,0.0,5.25,5.099999904632568,5.25,0.0,10400
2020-10-08,5.170000076293945,5.170000076293945,0.0,5.21999979019165,5.110000133514404,5.150000095367432,0.0,7400
2020-10-09,5.199999809265137,5.199999809265137,0.0,5.239999771118164,5.050000190734863,5.139999866485596,0.0,7700
2020-10-12,5.050000190734863,5.050000190734863,0.0,5.239999771118164,4.96999979019165,5.239999771118164,0.0,49900
2020-10-13,5.039999961853027,5.039999961853027,0.0,5.050000190734863,5.0,5.0,0.0,1700
2020-10-14,5.110000133514404,5.110000133514404,0.0,5.170000076293945,5.099999904632568,5.170000076293945,0.0,4600
2020-10-15,5.119999885559082,5.119999885559082,0.0,5.139999866485596,5.050000190734863,5.130000114440918,0.0,11800
2020-10-16,5.199999809265137,5.199999809265137,0.0,5.480000019073486,5.150000095367432,5.150000095367432,0.0,51200
2020-10-19,5.360000133514404,5.360000133514404,0.0,5.599999904632568,5.300000190734863,5.309999942779541,0.0,75400
2020-10-20,5.340000152587891,5.340000152587891,0.0,5.53000020980835,5.320000171661377,5.320000171661377,0.0,19900
2020-10-21,5.300000190734863,5.300000190734863,0.0,5.539999961853027,5.300000190734863,5.440000057220459,0.0,12200
2020-10-22,5.190000057220459,5.190000057220459,0.0,5.440000057220459,5.139999866485596,5.440000057220459,0.0,9300
2020-10-23,5.239999771118164,5.239999771118164,0.0,5.429999828338623,5.050000190734863,5.210000038146973,0.0,5100
2020-10-26,4.989999771118164,4.989999771118164,0.0,5.429999828338623,4.929999828338623,5.429999828338623,0.0,17900
2020-10-27,5.079999923706055,5.079999923706055,0.0,5.25,5.050000190734863,5.25,0.0,6600
2020-10-28,5.019999980926514,5.019999980926514,0.0,5.079999923706055,4.880000114440918,5.0,0.0,19300
2020-10-29,5.090000152587891,5.090000152587891,0.0,5.119999885559082,4.980000019073486,5.110000133514404,0.0,8300
2020-10-30,4.980000019073486,4.980000019073486,0.0,5.050000190734863,4.909999847412109,5.050000190734863,0.0,6400
2020-11-02,4.949999809265137,4.949999809265137,0.0,5.039999961853027,4.849999904632568,5.039999961853027,0.0,12800
2020-11-03,5.079999923706055,5.079999923706055,0.0,5.090000152587891,5.0,5.039999961853027,0.0,7200
2020-11-04,5.28000020980835,5.28000020980835,0.0,5.349999904632568,5.110000133514404,5.130000114440918,0.0,71100
2020-11-05,5.53000020980835,5.53000020980835,0.0,5.739999771118164,5.440000057220459,5.489999771118164,0.0,45400
2020-11-06,5.519999980926514,5.519999980926514,0.0,5.519999980926514,5.449999809265137,5.519999980926514,0.0,6100
2020-11-09,5.480000019073486,5.480000019073486,0.0,5.599999904632568,5.25,5.519999980926514,0.0,27600
2020-11-10,5.480000019073486,5.480000019073486,0.0,5.570000171661377,5.25,5.570000171661377,0.0,10000
2020-11-11,5.489999771118164,5.489999771118164,0.0,5.949999809265137,5.360000133514404,5.369999885559082,0.0,29100
2020-11-12,5.71999979019165,5.71999979019165,0.0,5.880000114440918,5.489999771118164,5.489999771118164,0.0,188600
2020-11-13,6.159999847412109,6.159999847412109,0.0,6.25,5.71999979019165,5.71999979019165,0.0,377900
2020-11-16,5.929999828338623,5.929999828338623,0.0,6.179999828338623,5.800000190734863,6.179999828338623,0.0,42800
2020-11-17,6.039999961853027,6.039999961853027,0.0,6.059999942779541,5.849999904632568,6.0,0.0,14800
2020-11-18,6.099999904632568,6.099999904632568,0.0,6.170000076293945,5.940000057220459,6.170000076293945,0.0,19500
2020-11-19,6.019999980926514,6.019999980926514,0.0,6.170000076293945,5.989999771118164,6.070000171661377,0.0,16500
2020-11-20,6.239999771118164,6.239999771118164,0.0,6.349999904632568,5.929999828338623,5.929999828338623,0.0,82900
2020-11-23,6.210000038146973,6.210000038146973,0.0,6.340000152587891,6.099999904632568,6.340000152587891,0.0,16900
2020-11-24,6.230000019073486,6.230000019073486,0.0,6.369999885559082,6.150000095367432,6.25,0.0,22200
2020-11-25,6.489999771118164,6.489999771118164,0.0,6.489999771118164,6.199999809265137,6.289999961853027,0.0,65600
2020-11-27,6.480000019073486,6.480000019073486,0.0,6.489999771118164,6.440000057220459,6.489999771118164,0.0,10400
2020-11-30,6.579999923706055,6.579999923706055,0.0,6.590000152587891,6.320000171661377,6.489999771118164,0.0,26100
2020-12-01,6.75,6.75,0.0,6.75,6.510000228881836,6.579999923706055,0.0,45600
2020-12-02,6.960000038146973,6.960000038146973,0.0,7.0,6.650000095367432,6.760000228881836,0.0,67800
2020-12-03,7.059999942779541,7.059999942779541,0.0,7.099999904632568,6.980000019073486,6.989999771118164,0.0,44900
2020-12-04,7.099999904632568,7.099999904632568,0.0,7.099999904632568,7.03000020980835,7.059999942779541,0.0,38100
2020-12-07,7.170000076293945,7.170000076293945,0.0,7.190000057220459,7.03000020980835,7.099999904632568,0.0,35400
2020-12-08,7.159999847412109,7.159999847412109,0.0,7.190000057220459,7.090000152587891,7.159999847412109,0.0,35800
2020-12-09,7.179999828338623,7.179999828338623,0.0,7.21999979019165,7.139999866485596,7.179999828338623,0.0,29600
2020-12-10,7.230000019073486,7.230000019073486,0.0,7.230000019073486,7.190000057220459,7.210000038146973,0.0,58300
2020-12-11,7.199999809265137,7.199999809265137,0.0,7.230000019073486,7.150000095367432,7.159999847412109,0.0,31400
2020-12-14,7.289999961853027,7.289999961853027,0.0,7.340000152587891,7.21999979019165,7.230000019073486,0.0,85800
2020-12-15,7.739999771118164,7.739999771118164,0.0,7.78000020980835,7.269999980926514,7.269999980926514,0.0,132600
2020-12-16,7.96999979019165,7.96999979019165,0.0,7.989999771118164,7.739999771118164,7.789999961853027,0.0,78600
2020-12-17,8.489999771118164,8.489999771118164,0.0,8.5,7.920000076293945,7.920000076293945,0.0,230200
2020-12-18,8.529999732971191,8.529999732971191,0.0,8.600000381469727,8.399999618530273,8.510000228881836,0.0,76800
2020-12-21,9.260000228881836,9.260000228881836,0.0,9.5,8.039999961853027,8.600000381469727,0.0,236900
2020-12-22,10.3100004196167,10.3100004196167,0.0,10.680000305175781,9.279999732971191,9.430000305175781,0.0,310800
2020-12-23,10.050000190734863,10.050000190734863,0.0,10.739999771118164,10.0,10.630000114440918,0.0,158600
2020-12-24,9.6899995803833,9.6899995803833,0.0,10.479999542236328,9.329999923706055,9.930000305175781,0.0,83700
2020-12-28,10.579999923706055,10.579999923706055,0.0,10.739999771118164,9.6899995803833,9.739999771118164,0.0,167100
2020-12-29,10.449999809265137,10.449999809265137,0.0,10.890000343322754,10.3100004196167,10.819999694824219,0.0,82700
2020-12-30,11.09000015258789,11.09000015258789,0.0,11.399999618530273,10.470000267028809,10.59000015258789,0.0,101100
2020-12-31,12.300000190734863,12.300000190734863,0.0,12.430000305175781,11.039999961853027,11.1899995803833,0.0,184900
2021-01-04,11.819999694824219,11.819999694824219,0.0,12.550000190734863,11.109999656677246,12.399999618530273,0.0,248300
2021-01-05,12.380000114440918,12.380000114440918,0.0,12.479999542236328,11.670000076293945,11.789999961853027,0.0,122400
2021-01-06,12.380000114440918,12.380000114440918,0.0,12.460000038146973,11.90999984741211,12.399999618530273,0.0,96000
2021-01-07,13.460000038146973,13.460000038146973,0.0,13.489999771118164,12.0600004196167,12.430000305175781,0.0,171700
2021-01-08,12.970000267028809,12.970000267028809,0.0,13.489999771118164,12.529999732971191,13.489999771118164,0.0,99900
2021-01-11,13.449999809265137,13.449999809265137,0.0,13.5,12.760000228881836,12.760000228881836,0.0,63300
2021-01-12,14.850000381469727,14.850000381469727,0.0,14.880000114440918,13.180000305175781,13.449999809265137,0.0,145300
2021-01-13,15.149999618530273,15.149999618530273,0.0,15.170000076293945,14.449999809265137,15.0,0.0,120900
2021-01-14,15.399999618530273,15.399999618530273,0.0,15.869999885559082,15.020000457763672,15.199999809265137,0.0,175400
2021-01-15,15.600000381469727,15.600000381469727,0.0,15.640000343322754,14.649999618530273,15.470000267028809,0.0,218300
2021-01-19,14.829999923706055,14.829999923706055,0.0,15.819999694824219,14.649999618530273,15.75,0.0,98600
2021-01-20,14.869999885559082,14.869999885559082,0.0,15.5,14.550000190734863,15.039999961853027,0.0,74500
2021-01-21,14.960000038146973,14.960000038146973,0.0,15.130000114440918,14.380000114440918,15.029999732971191,0.0,48500
2021-01-22,14.65999984741211,14.65999984741211,0.0,14.890000343322754,13.8100004196167,14.890000343322754,0.0,150900
2021-01-25,13.970000267028809,13.970000267028809,0.0,14.319999694824219,12.869999885559082,14.3100004196167,0.0,103600
2021-01-26,13.489999771118164,13.489999771118164,0.0,13.800000190734863,12.890000343322754,13.59000015258789,0.0,67600
2021-01-27,12.300000190734863,12.300000190734863,0.0,13.399999618530273,12.229999542236328,13.390000343322754,0.0,132400
2021-01-28,12.369999885559082,12.369999885559082,0.0,12.960000038146973,12.069999694824219,12.220000267028809,0.0,47300
2021-01-29,11.550000190734863,11.550000190734863,0.0,12.510000228881836,11.210000038146973,12.399999618530273,0.0,100900
2021-02-01,11.8100004196167,11.8100004196167,0.0,11.989999771118164,11.260000228881836,11.670000076293945,0.0,82000
2021-02-02,13.1899995803833,13.1899995803833,0.0,13.25,11.850000381469727,11.850000381469727,0.0,94500
2021-02-03,12.649999618530273,12.649999618530273,0.0,13.260000228881836,12.420000076293945,13.260000228881836,0.0,30000
2021-02-04,12.430000305175781,12.430000305175781,0.0,12.850000381469727,12.0600004196167,12.65999984741211,0.0,46600
2021-02-05,12.220000267028809,12.220000267028809,0.0,12.609999656677246,11.619999885559082,12.359999656677246,0.0,117500
2021-02-08,12.15999984741211,12.15999984741211,0.0,12.90999984741211,11.899999618530273,12.15999984741211,0.0,75400
2021-02-09,12.329999923706055,12.329999923706055,0.0,12.470000267028809,11.890000343322754,11.970000267028809,0.0,92000
2021-02-10,15.220000267028809,15.220000267028809,0.0,15.220000267028809,12.970000267028809,13.0,0.0,406900
2021-02-11,14.930000305175781,14.930000305175781,0.0,15.5,14.010000228881836,15.5,0.0,188000
2021-02-12,16.3799991607666,16.3799991607666,0.0,16.479999542236328,14.75,14.979999542236328,0.0,102100
2021-02-16,16.850000381469727,16.850000381469727,0.0,16.940000534057617,16.31999969482422,16.329999923706055,0.0,145200
2021-02-17,17.149999618530273,17.149999618530273,0.0,17.479999542236328,16.219999313354492,16.700000762939453,0.0,116800
2021-02-18,16.40999984741211,16.40999984741211,0.0,17.43000030517578,16.209999084472656,17.229999542236328,0.0,57200
2021-02-19,15.729999542236328,15.729999542236328,0.0,16.610000610351562,15.670000076293945,16.40999984741211,0.0,84900
2021-02-22,14.350000381469727,14.350000381469727,0.0,15.4399995803833,14.0600004196167,15.4399995803833,0.0,108400
2021-02-23,14.470000267028809,14.470000267028809,0.0,14.619999885559082,12.5,13.90999984741211,0.0,110100
2021-02-24,14.640000343322754,14.640000343322754,0.0,14.640000343322754,14.3100004196167,14.3100004196167,0.0,34400
2021-02-25,15.40999984741211,15.40999984741211,0.0,16.25,15.369999885559082,15.649999618530273,0.0,86000
2021-02-26,17.040000915527344,17.040000915527344,0.0,18.600000381469727,15.84000015258789,16.020000457763672,0.0,157900
2021-03-01,18.270000457763672,18.270000457763672,0.0,19.270000457763672,17.1299991607666,17.18000030517578,0.0,113500
2021-03-02,20.139999389648438,20.139999389648438,0.0,21.079999923706055,18.520000457763672,18.780000686645508,0.0,220400
2021-03-03,20.299999237060547,20.299999237060547,0.0,20.5,19.270000457763672,19.90999984741211,0.0,101100
2021-03-04,19.6200008392334,19.6200008392334,0.0,20.25,18.549999237060547,19.899999618530273,0.0,147300
2021-03-05,17.25,17.25,0.0,19.959999084472656,17.040000915527344,19.959999084472656,0.0,100600
2021-03-08,18.770000457763672,18.770000457763672,0.0,19.540000915527344,17.459999084472656,17.649999618530273,0.0,101700
2021-03-09,19.489999771118164,19.489999771118164,0.0,19.739999771118164,18.989999771118164,19.299999237060547,0.0,67600
2021-03-10,17.81999969482422,17.81999969482422,0.0,19.399999618530273,17.809999465942383,19.309999465942383,0.0,60100
2021-03-11,18.040000915527344,18.040000915527344,0.0,18.5,17.290000915527344,18.0,0.0,53600
2021-03-12,17.81999969482422,17.81999969482422,0.0,18.350000381469727,17.540000915527344,18.0,0.0,37900
2021-03-15,16.100000381469727,16.100000381469727,0.0,17.520000457763672,15.90999984741211,17.520000457763672,0.0,158800
2021-03-16,14.039999961853027,14.039999961853027,0.0,16.350000381469727,12.8100004196167,16.1200008392334,0.0,614100
2021-03-17,14.25,14.25,0.0,14.75,13.449999809265137,13.449999809265137,0.0,110600
2021-03-18,15.020000457763672,15.020000457763672,0.0,15.140000343322754,14.199999809265137,14.239999771118164,0.0,120500
2021-03-19,16.440000534057617,16.440000534057617,0.0,16.469999313354492,14.59000015258789,14.739999771118164,0.0,86000
2021-03-22,16.969999313354492,16.969999313354492,0.0,19.06999969482422,14.25,15.829999923706055,0.0,99200
2021-03-23,18.0,18.0,0.0,18.200000762939453,17.5,17.5,0.0,52700
2021-03-24,18.350000381469727,18.350000381469727,0.0,18.530000686645508,17.780000686645508,18.0,0.0,79000
2021-03-25,18.559999465942383,18.559999465942383,0.0,18.56999969482422,17.219999313354492,18.479999542236328,0.0,62400
2021-03-26,18.950000762939453,18.950000762939453,0.0,19.079999923706055,18.0,18.59000015258789,0.0,55300
2021-03-29,18.850000381469727,18.850000381469727,0.0,19.049999237060547,18.18000030517578,18.6200008392334,0.0,58400
2021-03-30,19.489999771118164,19.489999771118164,0.0,20.260000228881836,18.59000015258789,18.90999984741211,0.0,64400
2021-03-31,20.0,20.0,0.0,20.25,19.5,19.5,0.0,44400
2021-04-01,20.5,20.5,0.0,20.739999771118164,20.1299991607666,20.350000381469727,0.0,56100
2021-04-05,20.139999389648438,20.139999389648438,0.0,20.739999771118164,19.559999465942383,20.3700008392334,0.0,43300
2021-04-06,20.649999618530273,20.649999618530273,0.0,20.700000762939453,20.1200008392334,20.1200008392334,0.0,16100
2021-04-07,21.0,21.0,0.0,21.399999618530273,20.59000015258789,20.649999618530273,0.0,54300
2021-04-08,20.299999237060547,20.299999237060547,0.0,21.139999389648438,20.190000534057617,21.030000686645508,0.0,17900
2021-04-09,19.899999618530273,19.899999618530273,0.0,20.489999771118164,19.809999465942383,20.489999771118164,0.0,15900
2021-04-12,20.520000457763672,20.520000457763672,0.0,21.049999237060547,19.5,19.829999923706055,0.0,25700
2021-04-13,20.950000762939453,20.950000762939453,0.0,21.190000534057617,20.440000534057617,20.75,0.0,30300
2021-04-14,22.0,22.0,0.0,22.0,20.799999237060547,20.940000534057617,0.0,80800
2021-04-15,20.899999618530273,20.899999618530273,0.0,22.209999084472656,20.350000381469727,22.049999237060547,0.0,70100
2021-04-16,22.5,22.5,0.0,23.270000457763672,20.829999923706055,21.399999618530273,0.0,69200
2021-04-19,21.40999984741211,21.40999984741211,0.0,23.229999542236328,21.290000915527344,22.6299991607666,0.0,53700
2021-04-20,20.489999771118164,20.489999771118164,0.0,21.469999313354492,19.059999465942383,21.139999389648438,0.0,96600
2021-04-21,19.219999313354492,19.219999313354492,0.0,19.889999389648438,17.399999618530273,17.899999618530273,0.0,644500
2021-04-22,18.899999618530273,18.899999618530273,0.0,19.479999542236328,18.84000015258789,19.219999313354492,0.0,185100
2021-04-23,21.1200008392334,21.1200008392334,0.0,21.25,18.690000534057617,18.850000381469727,0.0,109100
2021-04-26,21.489999771118164,21.489999771118164,0.0,22.1200008392334,20.860000610351562,21.489999771118164,0.0,90400
2021-04-27,21.6200008392334,21.6200008392334,0.0,22.0,21.229999542236328,21.59000015258789,0.0,52200
2021-04-28,22.670000076293945,22.670000076293945,0.0,22.940000534057617,21.399999618530273,21.700000762939453,0.0,104400
2021-04-29,23.389999389648438,23.389999389648438,0.0,23.6299991607666,22.489999771118164,22.889999389648438,0.0,108300
2021-04-30,23.6200008392334,23.6200008392334,0.0,24.579999923706055,23.079999923706055,23.079999923706055,0.0,133900
2021-05-03,25.520000457763672,25.520000457763672,0.0,26.93000030517578,24.229999542236328,24.239999771118164,0.0,184800
2021-05-04,26.270000457763672,26.270000457763672,0.0,26.899999618530273,25.219999313354492,25.709999084472656,0.0,111100
2021-05-05,26.950000762939453,26.950000762939453,0.0,27.559999465942383,25.75,26.489999771118164,0.0,160600
2021-05-06,27.3700008392334,27.3700008392334,0.0,29.200000762939453,25.350000381469727,26.510000228881836,0.0,198900
2021-05-07,27.899999618530273,27.899999618530273,0.0,28.149999618530273,27.0,27.68000030517578,0.0,153500
2021-05-10,28.709999084472656,28.709999084472656,0.0,30.43000030517578,28.420000076293945,28.56999969482422,0.0,201700
2021-05-11,26.829999923706055,26.829999923706055,0.0,28.43000030517578,25.889999389648438,28.43000030517578,0.0,99800
2021-05-12,23.979999542236328,23.979999542236328,0.0,26.979999542236328,23.739999771118164,26.440000534057617,0.0,127000
2021-05-13,22.690000534057617,22.690000534057617,0.0,24.149999618530273,22.31999969482422,23.829999923706055,0.0,167100
2021-05-14,23.139999389648438,23.139999389648438,0.0,25.010000228881836,22.639999389648438,23.299999237060547,0.0,83800
2021-05-17,21.0,21.0,0.0,22.6200008392334,19.979999542236328,21.989999771118164,0.0,132100
2021-05-18,25.25,25.25,0.0,25.889999389648438,22.06999969482422,22.1200008392334,0.0,216800
2021-05-19,27.0,27.0,0.0,27.969999313354492,24.610000610351562,24.770000457763672,0.0,185300
2021-05-20,26.059999465942383,26.059999465942383,0.0,28.68000030517578,25.270000457763672,27.299999237060547,0.0,207200
2021-05-21,26.389999389648438,26.389999389648438,0.0,27.809999465942383,25.350000381469727,26.010000228881836,0.0,121000
2021-05-24,26.020000457763672,26.020000457763672,0.0,26.989999771118164,25.0,26.280000686645508,0.0,78700
2021-05-25,23.600000381469727,23.600000381469727,0.0,26.670000076293945,23.450000762939453,26.209999084472656,0.0,99400
2021-05-26,24.139999389648438,24.139999389648438,0.0,24.719999313354492,23.739999771118164,23.940000534057617,0.0,77100
2021-05-27,24.31999969482422,24.31999969482422,0.0,24.989999771118164,24.1200008392334,24.219999313354492,0.0,67100
2021-05-28,24.8799991607666,24.8799991607666,0.0,24.8799991607666,23.549999237060547,24.84000015258789,0.0,121200
2021-06-01,26.40999984741211,26.40999984741211,0.0,26.899999618530273,24.670000076293945,24.889999389648438,0.0,99500
2021-06-02,26.760000228881836,26.760000228881836,0.0,27.200000762939453,25.950000762939453,26.530000686645508,0.0,131800
2021-06-03,27.31999969482422,27.31999969482422,0.0,28.479999542236328,26.0,26.459999084472656,0.0,85600
2021-06-04,28.799999237060547,28.799999237060547,0.0,29.0,27.329999923706055,27.329999923706055,0.0,91200
2021-06-07,28.31999969482422,28.31999969482422,0.0,30.020000457763672,28.110000610351562,29.0,0.0,174700
2021-06-08,26.469999313354492,26.469999313354492,0.0,29.06999969482422,26.31999969482422,28.079999923706055,0.0,90100
2021-06-09,28.360000610351562,28.360000610351562,0.0,28.700000762939453,26.200000762939453,26.780000686645508,0.0,68300
2021-06-10,29.0,29.0,0.0,29.239999771118164,28.149999618530273,28.59000015258789,0.0,101300
2021-06-11,28.920000076293945,28.920000076293945,0.0,29.479999542236328,28.790000915527344,29.190000534057617,0.0,68400
2021-06-14,29.049999237060547,29.049999237060547,0.0,29.850000381469727,28.770000457763672,29.170000076293945,0.0,160700
2021-06-15,29.440000534057617,29.440000534057617,0.0,29.889999389648438,28.59000015258789,29.040000915527344,0.0,190400
2021-06-16,30.600000381469727,30.600000381469727,0.0,31.979999542236328,29.34000015258789,29.719999313354492,0.0,227400
2021-06-17,31.420000076293945,31.420000076293945,0.0,31.5,30.25,30.5,0.0,174900
2021-06-18,28.75,28.75,0.0,31.75,28.6299991607666,31.5,0.0,345500
2021-06-21,28.600000381469727,28.600000381469727,0.0,29.639999389648438,27.15999984741211,28.75,0.0,143200
2021-06-22,29.420000076293945,29.420000076293945,0.0,31.209999084472656,28.600000381469727,28.600000381469727,0.0,149700
2021-06-23,30.020000457763672,30.020000457763672,0.0,30.81999969482422,28.93000030517578,29.190000534057617,0.0,104000
2021-06-24,29.3700008392334,29.3700008392334,0.0,30.760000228881836,28.670000076293945,30.149999618530273,0.0,86000
2021-06-25,28.049999237060547,28.049999237060547,0.0,30.59000015258789,27.290000915527344,29.09000015258789,0.0,1586200
2021-06-28,27.920000076293945,27.920000076293945,0.0,28.829999923706055,27.770000457763672,27.959999084472656,0.0,107200
2021-06-29,26.690000534057617,26.690000534057617,0.0,28.020000457763672,26.239999771118164,28.020000457763672,0.0,103300
2021-06-30,26.68000030517578,26.68000030517578,0.0,27.5,25.219999313354492,26.559999465942383,0.0,174700
2021-07-01,26.719999313354492,26.719999313354492,0.0,27.489999771118164,26.209999084472656,26.6299991607666,0.0,95700
2021-07-02,26.209999084472656,26.209999084472656,0.0,27.270000457763672,26.110000610351562,26.600000381469727,0.0,53500
2021-07-06,25.079999923706055,25.079999923706055,0.0,26.059999465942383,24.030000686645508,26.0,0.0,121400
2021-07-07,26.639999389648438,26.639999389648438,0.0,27.350000381469727,24.969999313354492,25.18000030517578,0.0,94400
2021-07-08,26.81999969482422,26.81999969482422,0.0,27.770000457763672,25.360000610351562,25.940000534057617,0.0,58800
2021-07-09,28.59000015258789,28.59000015258789,0.0,28.84000015258789,27.290000915527344,27.290000915527344,0.0,56800
2021-07-12,30.34000015258789,30.34000015258789,0.0,30.489999771118164,28.329999923706055,28.600000381469727,0.0,54200
2021-07-13,29.209999084472656,29.209999084472656,0.0,30.780000686645508,28.780000686645508,30.469999313354492,0.0,84600
2021-07-14,28.399999618530273,28.399999618530273,0.0,29.600000381469727,28.0,29.239999771118164,0.0,45100
2021-07-15,28.489999771118164,28.489999771118164,0.0,28.540000915527344,27.360000610351562,28.030000686645508,0.0,48800
2021-07-16,27.56999969482422,27.56999969482422,0.0,29.110000610351562,27.489999771118164,28.670000076293945,0.0,26500
2021-07-19,27.43000030517578,27.43000030517578,0.0,28.100000381469727,27.010000228881836,27.209999084472656,0.0,56100
2021-07-20,28.40999984741211,28.40999984741211,0.0,28.809999465942383,27.040000915527344,27.450000762939453,0.0,56200
2021-07-21,27.790000915527344,27.790000915527344,0.0,28.780000686645508,27.280000686645508,28.739999771118164,0.0,55000
2021-07-22,29.040000915527344,29.040000915527344,0.0,29.799999237060547,27.6200008392334,27.649999618530273,0.0,57700
2021-07-23,28.809999465942383,28.809999465942383,0.0,30.0,28.0,29.34000015258789,0.0,58100
2021-07-26,29.3799991607666,29.3799991607666,0.0,29.489999771118164,28.579999923706055,28.68000030517578,0.0,45900
2021-07-27,27.8799991607666,27.8799991607666,0.0,29.579999923706055,26.260000228881836,29.020000457763672,0.0,70300
2021-07-28,28.0,28.0,0.0,28.079999923706055,27.209999084472656,27.899999618530273,0.0,20900
2021-07-29,27.030000686645508,27.030000686645508,0.0,28.3700008392334,26.799999237060547,28.100000381469727,0.0,29700
2021-07-30,26.1200008392334,26.1200008392334,0.0,27.600000381469727,25.110000610351562,26.860000610351562,0.0,61100
2021-08-02,26.09000015258789,26.09000015258789,0.0,26.56999969482422,25.0,26.450000762939453,0.0,56400
2021-08-03,25.450000762939453,25.450000762939453,0.0,26.280000686645508,25.18000030517578,25.989999771118164,0.0,37100
2021-08-04,25.860000610351562,25.860000610351562,0.0,26.329999923706055,25.1200008392334,25.389999389648438,0.0,32600
2021-08-05,25.200000762939453,25.200000762939453,0.0,26.34000015258789,25.049999237060547,25.90999984741211,0.0,36700
2021-08-06,27.31999969482422,27.31999969482422,0.0,27.5,24.81999969482422,25.0,0.0,56900
2021-08-09,27.579999923706055,27.579999923706055,0.0,28.329999923706055,26.639999389648438,27.239999771118164,0.0,65500
2021-08-10,27.850000381469727,27.850000381469727,0.0,28.079999923706055,26.260000228881836,27.43000030517578,0.0,75400
2021-08-11,29.440000534057617,29.440000534057617,0.0,30.0,26.959999084472656,28.0,0.0,75600
2021-08-12,29.65999984741211,29.65999984741211,0.0,31.049999237060547,28.850000381469727,29.489999771118164,0.0,126500
2021-08-13,29.139999389648438,29.139999389648438,0.0,29.440000534057617,28.229999542236328,29.3799991607666,0.0,50500
2021-08-16,28.739999771118164,28.739999771118164,0.0,29.760000228881836,28.239999771118164,29.149999618530273,0.0,49200
2021-08-17,29.709999084472656,29.709999084472656,0.0,30.0,28.260000228881836,28.559999465942383,0.0,56900
2021-08-18,29.3799991607666,29.3799991607666,0.0,29.850000381469727,28.09000015258789,29.540000915527344,0.0,46600
2021-08-19,27.030000686645508,27.030000686645508,0.0,29.0,26.329999923706055,29.0,0.0,52000
2021-08-20,26.139999389648438,26.139999389648438,0.0,28.059999465942383,25.549999237060547,26.559999465942383,0.0,54900
2021-08-23,26.200000762939453,26.200000762939453,0.0,26.950000762939453,26.010000228881836,26.280000686645508,0.0,44400
2021-08-24,25.920000076293945,25.920000076293945,0.0,26.6200008392334,25.31999969482422,26.059999465942383,0.0,36700
2021-08-25,23.690000534057617,23.690000534057617,0.0,25.899999618530273,23.510000228881836,25.899999618530273,0.0,91700
2021-08-26,25.450000762939453,25.450000762939453,0.0,25.709999084472656,22.84000015258789,23.739999771118164,0.0,101500
2021-08-27,26.299999237060547,26.299999237060547,0.0,26.489999771118164,24.780000686645508,25.389999389648438,0.0,54100
2021-08-30,26.049999237060547,26.049999237060547,0.0,26.600000381469727,25.059999465942383,25.979999542236328,0.0,48500
2021-08-31,26.030000686645508,26.030000686645508,0.0,26.6200008392334,25.149999618530273,25.950000762939453,0.0,44900
2021-09-01,27.40999984741211,27.40999984741211,0.0,27.969999313354492,25.40999984741211,26.079999923706055,0.0,68900
2021-09-02,29.09000015258789,29.09000015258789,0.0,29.09000015258789,27.5,27.5,0.0,73600
2021-09-03,29.09000015258789,29.09000015258789,0.0,29.350000381469727,28.299999237060547,29.209999084472656,0.0,39800
2021-09-07,31.440000534057617,31.440000534057617,0.0,32.0,29.030000686645508,29.030000686645508,0.0,103100
2021-09-08,31.649999618530273,31.649999618530273,0.0,32.310001373291016,31.200000762939453,31.5,0.0,71000
2021-09-09,32.0099983215332,32.0099983215332,0.0,32.369998931884766,30.459999084472656,32.0,0.0,116400
2021-09-10,31.5,31.5,0.0,32.279998779296875,31.329999923706055,32.279998779296875,0.0,46800
2021-09-13,31.739999771118164,31.739999771118164,0.0,31.989999771118164,30.09000015258789,31.489999771118164,0.0,48100
2021-09-14,30.600000381469727,30.600000381469727,0.0,31.989999771118164,30.520000457763672,31.809999465942383,0.0,64800
2021-09-15,31.3799991607666,31.3799991607666,0.0,31.559999465942383,29.270000457763672,30.780000686645508,0.0,54900
2021-09-16,32.5,32.5,0.0,32.5,31.1299991607666,31.1299991607666,0.0,77400
2021-09-17,35.09000015258789,35.09000015258789,0.0,35.97999954223633,31.989999771118164,32.5,0.0,241800
2021-09-20,36.810001373291016,36.810001373291016,0.0,37.400001525878906,34.099998474121094,35.09000015258789,0.0,111600
2021-09-21,49.93000030517578,49.93000030517578,0.0,50.33000183105469,40.04999923706055,40.04999923706055,0.0,474300
2021-09-22,34.11000061035156,34.11000061035156,0.0,44.13999938964844,33.529998779296875,43.189998626708984,0.0,1514100
2021-09-23,33.709999084472656,33.709999084472656,0.0,34.220001220703125,32.810001373291016,33.630001068115234,0.0,879500
2021-09-24,34.31999969482422,34.31999969482422,0.0,34.33000183105469,32.720001220703125,33.31999969482422,0.0,301200
2021-09-27,32.650001525878906,32.650001525878906,0.0,34.56999969482422,32.279998779296875,34.290000915527344,0.0,229100
2021-09-28,31.489999771118164,31.489999771118164,0.0,32.9900016784668,31.299999237060547,32.88999938964844,0.0,131700
2021-09-29,28.6200008392334,28.6200008392334,0.0,32.470001220703125,28.209999084472656,31.09000015258789,0.0,276300
2021-09-30,29.239999771118164,29.239999771118164,0.0,29.65999984741211,28.3799991607666,28.959999084472656,0.0,94100
2021-10-01,30.559999465942383,30.559999465942383,0.0,30.739999771118164,28.5,29.149999618530273,0.0,115200
2021-10-04,30.84000015258789,30.84000015258789,0.0,31.40999984741211,29.809999465942383,30.670000076293945,0.0,151600
2021-10-05,30.549999237060547,30.549999237060547,0.0,31.709999084472656,30.329999923706055,30.8799991607666,0.0,132100
2021-10-06,31.6200008392334,31.6200008392334,0.0,31.969999313354492,29.5,30.549999237060547,0.0,308100
2021-10-07,33.18000030517578,33.18000030517578,0.0,33.68000030517578,31.450000762939453,32.130001068115234,0.0,512200
2021-10-08,33.599998474121094,33.599998474121094,0.0,34.220001220703125,32.54999923706055,33.0099983215332,0.0,198200
2021-10-11,33.9900016784668,33.9900016784668,0.0,34.5099983215332,32.47999954223633,33.81999969482422,0.0,340300
2021-10-12,34.650001525878906,34.650001525878906,0.0,35.36000061035156,33.16999816894531,34.09000015258789,0.0,278900
2021-10-13,34.86000061035156,34.86000061035156,0.0,34.959999084472656,33.900001525878906,34.349998474121094,0.0,88100
2021-10-14,34.84000015258789,34.84000015258789,0.0,35.310001373291016,34.060001373291016,34.880001068115234,0.0,101700
2021-10-15,34.31999969482422,34.31999969482422,0.0,35.650001525878906,33.02000045776367,35.02000045776367,0.0,127400
2021-10-18,34.279998779296875,34.279998779296875,0.0,34.79999923706055,33.5,34.15999984741211,0.0,39100
2021-10-19,34.470001220703125,34.470001220703125,0.0,35.099998474121094,34.20000076293945,34.36000061035156,0.0,38700
2021-10-20,33.20000076293945,33.20000076293945,0.0,34.91999816894531,32.459999084472656,34.630001068115234,0.0,346100
2021-10-21,33.310001373291016,33.310001373291016,0.0,33.970001220703125,32.060001373291016,32.29999923706055,0.0,123300
2021-10-22,33.72999954223633,33.72999954223633,0.0,34.0099983215332,32.880001068115234,33.619998931884766,0.0,87200
2021-10-25,37.65999984741211,37.65999984741211,0.0,37.7599983215332,33.77000045776367,33.93000030517578,0.0,212000
2021-10-26,46.150001525878906,46.150001525878906,0.0,46.41999816894531,37.869998931884766,37.869998931884766,0.0,818100
2021-10-27,45.529998779296875,45.529998779296875,0.0,46.13999938964844,41.95000076293945,46.13999938964844,0.0,365200
2021-10-28,44.38999938964844,44.38999938964844,0.0,45.900001525878906,43.90999984741211,45.529998779296875,0.0,198200
2021-10-29,48.38999938964844,48.38999938964844,0.0,48.9900016784668,42.27000045776367,44.25,0.0,161100
2021-11-01,50.900001525878906,50.900001525878906,0.0,51.91999816894531,48.880001068115234,48.88999938964844,0.0,624800
2021-11-02,54.7400016784668,54.7400016784668,0.0,54.939998626708984,50.060001373291016,50.38999938964844,0.0,220300
2021-11-03,51.79999923706055,51.79999923706055,0.0,56.13999938964844,51.0099983215332,55.15999984741211,0.0,317600
2021-11-04,52.66999816894531,52.66999816894531,0.0,53.279998779296875,50.849998474121094,52.130001068115234,0.0,105500
2021-11-05,54.720001220703125,54.720001220703125,0.0,55.0,53.209999084472656,53.310001373291016,0.0,135300
2021-11-08,52.40999984741211,52.40999984741211,0.0,55.0,50.150001525878906,55.0,0.0,120400
2021-11-09,52.619998931884766,52.619998931884766,0.0,54.400001525878906,50.16999816894531,52.56999969482422,0.0,183800
2021-11-10,50.97999954223633,50.97999954223633,0.0,52.75,50.400001525878906,52.5,0.0,118200
2021-11-11,51.040000915527344,51.040000915527344,0.0,52.65999984741211,50.279998779296875,51.0,0.0,90800
2021-11-12,55.54999923706055,55.54999923706055,0.0,55.650001525878906,50.34000015258789,50.880001068115234,0.0,81100
2021-11-15,52.75,52.75,0.0,57.06999969482422,51.43000030517578,56.040000915527344,0.0,135300
2021-11-16,54.91999816894531,54.91999816894531,0.0,55.16999816894531,52.11000061035156,53.25,0.0,119600
2021-11-17,53.099998474121094,53.099998474121094,0.0,55.9900016784668,53.029998779296875,54.63999938964844,0.0,112300
2021-11-18,52.97999954223633,52.97999954223633,0.0,53.93000030517578,51.65999984741211,53.119998931884766,0.0,100200
2021-11-19,57.880001068115234,57.880001068115234,0.0,60.65999984741211,52.209999084472656,52.290000915527344,0.0,308000
2021-11-22,52.459999084472656,52.459999084472656,0.0,59.7599983215332,51.54999923706055,59.70000076293945,0.0,257100
2021-11-23,51.56999969482422,51.56999969482422,0.0,53.599998474121094,46.900001525878906,52.130001068115234,0.0,288400
2021-11-24,55.38999938964844,55.38999938964844,0.0,56.540000915527344,50.470001220703125,51.779998779296875,0.0,103300
2021-11-26,55.25,55.25,0.0,58.25,52.77000045776367,53.84000015258789,0.0,98700
2021-11-29,52.61000061035156,52.61000061035156,0.0,57.4900016784668,52.18000030517578,55.849998474121094,0.0,242000
2021-11-30,52.0,52.0,0.0,54.38999938964844,50.2599983215332,53.439998626708984,0.0,149700
2021-12-01,48.040000915527344,48.040000915527344,0.0,55.209999084472656,47.47999954223633,52.189998626708984,0.0,113100
2021-12-02,46.650001525878906,46.650001525878906,0.0,48.5,44.720001220703125,47.209999084472656,0.0,184200
2021-12-03,42.880001068115234,42.880001068115234,0.0,46.650001525878906,42.130001068115234,46.650001525878906,0.0,166400
2021-12-06,44.02000045776367,44.02000045776367,0.0,44.31999969482422,40.2599983215332,43.0,0.0,271400
2021-12-07,45.56999969482422,45.56999969482422,0.0,46.529998779296875,44.439998626708984,45.11000061035156,0.0,113600
2021-12-08,53.439998626708984,53.439998626708984,0.0,58.880001068115234,45.209999084472656,46.400001525878906,0.0,551700
2021-12-09,50.08000183105469,50.08000183105469,0.0,54.9900016784668,49.38999938964844,52.95000076293945,0.0,138900
2021-12-10,48.279998779296875,48.279998779296875,0.0,51.45000076293945,47.290000915527344,50.36000061035156,0.0,119900
2021-12-13,46.29999923706055,46.29999923706055,0.0,49.310001373291016,46.119998931884766,48.31999969482422,0.0,98500
2021-12-14,46.97999954223633,46.97999954223633,0.0,47.63999938964844,45.06999969482422,45.06999969482422,0.0,98000
2021-12-15,48.52000045776367,48.52000045776367,0.0,48.529998779296875,45.310001373291016,46.619998931884766,0.0,183700
2021-12-16,45.11000061035156,45.11000061035156,0.0,49.04999923706055,44.529998779296875,48.09000015258789,0.0,355900
2021-12-17,42.209999084472656,42.209999084472656,0.0,46.66999816894531,40.5,43.04999923706055,0.0,554000
2021-12-20,39.84000015258789,39.84000015258789,0.0,41.810001373291016,37.2599983215332,39.34000015258789,0.0,817400
2021-12-21,42.52000045776367,42.52000045776367,0.0,42.75,39.72999954223633,39.72999954223633,0.0,160800
2021-12-22,44.11000061035156,44.11000061035156,0.0,44.9900016784668,42.41999816894531,42.41999816894531,0.0,149800
2021-12-23,45.439998626708984,45.439998626708984,0.0,45.650001525878906,44.130001068115234,44.130001068115234,0.0,101300
2021-12-27,44.560001373291016,44.560001373291016,0.0,45.95000076293945,44.13999938964844,44.52000045776367,0.0,85500
2021-12-28,42.9900016784668,42.9900016784668,0.0,45.470001220703125,42.16999816894531,44.95000076293945,0.0,80400
2021-12-29,41.029998779296875,41.029998779296875,0.0,43.79999923706055,40.40999984741211,43.04999923706055,0.0,145300
2021-12-30,40.41999816894531,40.41999816894531,0.0,42.18000030517578,40.27000045776367,41.029998779296875,0.0,73400
2021-12-31,42.06999969482422,42.06999969482422,0.0,42.150001525878906,40.11000061035156,40.470001220703125,0.0,119000
2022-01-03,40.40999984741211,40.40999984741211,0.0,42.779998779296875,40.189998626708984,42.06999969482422,0.0,99500
2022-01-04,37.15999984741211,37.15999984741211,0.0,40.81999969482422,36.77000045776367,40.310001373291016,0.0,505000
2022-01-05,35.38999938964844,35.38999938964844,0.0,37.630001068115234,34.81999969482422,37.13999938964844,0.0,225700
2022-01-06,35.290000915527344,35.290000915527344,0.0,36.900001525878906,34.77000045776367,35.0,0.0,137500
2022-01-07,34.45000076293945,34.45000076293945,0.0,35.81999969482422,34.06999969482422,35.290000915527344,0.0,72700
2022-01-10,34.52000045776367,34.52000045776367,0.0,34.849998474121094,32.61000061035156,33.709999084472656,0.0,108600
2022-01-11,35.040000915527344,35.040000915527344,0.0,35.380001068115234,33.060001373291016,34.4900016784668,0.0,128900
2022-01-12,34.66999816894531,34.66999816894531,0.0,36.599998474121094,34.52000045776367,35.68000030517578,0.0,112600
2022-01-13,32.15999984741211,32.15999984741211,0.0,35.0,31.8799991607666,35.0,0.0,133800
2022-01-14,32.86000061035156,32.86000061035156,0.0,33.2400016784668,31.600000381469727,31.709999084472656,0.0,78900
2022-01-18,32.36000061035156,32.36000061035156,0.0,33.4900016784668,31.579999923706055,31.989999771118164,0.0,175000
2022-01-19,30.709999084472656,30.709999084472656,0.0,33.20000076293945,29.670000076293945,32.560001373291016,0.0,394700
2022-01-20,29.3799991607666,29.3799991607666,0.0,31.75,29.110000610351562,31.350000381469727,0.0,180000
2022-01-21,27.510000228881836,27.510000228881836,0.0,29.56999969482422,27.25,28.700000762939453,0.0,341600
2022-01-24,27.719999313354492,27.719999313354492,0.0,27.760000228881836,24.520000457763672,26.68000030517578,0.0,700800
2022-01-25,26.850000381469727,26.850000381469727,0.0,28.0,26.200000762939453,27.0,0.0,166000
2022-01-26,26.059999465942383,26.059999465942383,0.0,28.290000915527344,25.68000030517578,27.739999771118164,0.0,135300
2022-01-27,27.18000030517578,27.18000030517578,0.0,27.56999969482422,26.329999923706055,26.329999923706055,0.0,305800
2022-01-28,27.6299991607666,27.6299991607666,0.0,28.110000610351562,26.600000381469727,27.290000915527344,0.0,146100
2022-01-31,31.989999771118164,31.989999771118164,0.0,32.22999954223633,28.0,28.010000228881836,0.0,267200
2022-02-01,30.760000228881836,30.760000228881836,0.0,32.9900016784668,30.06999969482422,31.579999923706055,0.0,309500
2022-02-02,33.220001220703125,33.220001220703125,0.0,33.2599983215332,30.799999237060547,31.809999465942383,0.0,264400
2022-02-03,32.66999816894531,32.66999816894531,0.0,33.65999984741211,32.150001525878906,32.150001525878906,0.0,158200
2022-02-04,34.060001373291016,34.060001373291016,0.0,34.66999816894531,31.610000610351562,32.619998931884766,0.0,209200
2022-02-07,35.65999984741211,35.65999984741211,0.0,35.779998779296875,34.06999969482422,34.40999984741211,0.0,140700
2022-02-08,38.25,38.25,0.0,38.33000183105469,35.099998474121094,35.099998474121094,0.0,244600
2022-02-09,39.779998779296875,39.779998779296875,0.0,40.130001068115234,38.29999923706055,38.380001068115234,0.0,227800
2022-02-10,38.470001220703125,38.470001220703125,0.0,40.38999938964844,37.970001220703125,38.619998931884766,0.0,218300
2022-02-11,32.33000183105469,32.33000183105469,0.0,42.630001068115234,32.099998474121094,38.72999954223633,0.0,429300
2022-02-14,27.889999389648438,27.889999389648438,0.0,32.22999954223633,27.729999542236328,32.0,0.0,443900
2022-02-15,28.31999969482422,28.31999969482422,0.0,29.5,27.329999923706055,28.049999237060547,0.0,334400
2022-02-16,23.59000015258789,23.59000015258789,0.0,27.59000015258789,23.350000381469727,27.59000015258789,0.0,917200
2022-02-17,20.290000915527344,20.290000915527344,0.0,23.540000915527344,19.649999618530273,23.350000381469727,0.0,907800
2022-02-18,23.260000228881836,23.260000228881836,0.0,24.950000762939453,21.010000228881836,21.1200008392334,0.0,1138900
2022-02-22,25.65999984741211,25.65999984741211,0.0,26.229999542236328,22.65999984741211,23.440000534057617,0.0,862700
2022-02-23,22.670000076293945,22.670000076293945,0.0,25.940000534057617,22.31999969482422,25.06999969482422,0.0,411600
2022-02-24,24.0,24.0,0.0,24.5,22.299999237060547,22.299999237060547,0.0,350400
2022-02-25,25.110000610351562,25.110000610351562,0.0,25.170000076293945,23.5,24.25,0.0,174300
2022-02-28,26.43000030517578,26.43000030517578,0.0,26.809999465942383,24.6200008392334,24.6200008392334,0.0,255700
2022-03-01,25.93000030517578,25.93000030517578,0.0,26.43000030517578,24.8799991607666,26.18000030517578,0.0,281200
2022-03-02,26.149999618530273,26.149999618530273,0.0,26.920000076293945,25.520000457763672,26.219999313354492,0.0,122500
2022-03-03,25.600000381469727,25.600000381469727,0.0,27.100000381469727,24.959999084472656,26.510000228881836,0.0,213800
2022-03-04,23.989999771118164,23.989999771118164,0.0,25.610000610351562,23.56999969482422,25.350000381469727,0.0,164600
2022-03-07,23.209999084472656,23.209999084472656,0.0,24.0,22.670000076293945,23.690000534057617,0.0,218800
2022-03-08,23.020000457763672,23.020000457763672,0.0,23.850000381469727,22.31999969482422,22.959999084472656,0.0,168900
2022-03-09,23.770000457763672,23.770000457763672,0.0,25.25,23.549999237060547,23.93000030517578,0.0,191600
2022-03-10,23.040000915527344,23.040000915527344,0.0,23.75,22.1200008392334,23.049999237060547,0.0,227100
2022-03-11,20.739999771118164,20.739999771118164,0.0,23.579999923706055,20.59000015258789,23.579999923706055,0.0,368000
2022-03-14,18.520000457763672,18.520000457763672,0.0,21.079999923706055,18.329999923706055,21.079999923706055,0.0,540400
2022-03-15,20.34000015258789,20.34000015258789,0.0,20.600000381469727,18.809999465942383,18.84000015258789,0.0,313800
2022-03-16,22.520000457763672,22.520000457763672,0.0,22.690000534057617,20.56999969482422,20.969999313354492,0.0,333700
2022-03-17,23.420000076293945,23.420000076293945,0.0,23.479999542236328,22.010000228881836,22.639999389648438,0.0,167700
2022-03-18,23.760000228881836,23.760000228881836,0.0,24.65999984741211,22.8799991607666,23.489999771118164,0.0,459900
2022-03-21,23.100000381469727,23.100000381469727,0.0,23.75,22.68000030517578,23.5,0.0,156800
2022-03-22,23.649999618530273,23.649999618530273,0.0,23.959999084472656,23.1200008392334,23.1200008392334,0.0,131600
2022-03-23,23.1200008392334,23.1200008392334,0.0,24.579999923706055,22.59000015258789,23.399999618530273,0.0,120800
2022-03-24,22.780000686645508,22.780000686645508,0.0,24.540000915527344,22.549999237060547,23.170000076293945,0.0,146100
2022-03-25,22.780000686645508,22.780000686645508,0.0,22.950000762939453,22.100000381469727,22.889999389648438,0.0,127200
2022-03-28,23.010000228881836,23.010000228881836,0.0,23.389999389648438,22.25,22.829999923706055,0.0,86700
2022-03-29,24.8700008392334,24.8700008392334,0.0,25.010000228881836,23.469999313354492,23.510000228881836,0.0,157800
2022-03-30,25.670000076293945,25.670000076293945,0.0,25.719999313354492,24.540000915527344,24.610000610351562,0.0,215200
2022-03-31,26.18000030517578,26.18000030517578,0.0,26.450000762939453,25.0,25.6200008392334,0.0,203700
2022-04-01,24.790000915527344,24.790000915527344,0.0,26.34000015258789,24.399999618530273,26.200000762939453,0.0,173000
2022-04-04,24.540000915527344,24.540000915527344,0.0,25.049999237060547,23.90999984741211,24.84000015258789,0.0,102000
2022-04-05,23.299999237060547,23.299999237060547,0.0,24.389999389648438,23.020000457763672,24.389999389648438,0.0,109700
2022-04-06,23.350000381469727,23.350000381469727,0.0,23.610000610351562,22.34000015258789,22.959999084472656,0.0,104900
2022-04-07,24.6200008392334,24.6200008392334,0.0,24.90999984741211,23.299999237060547,23.299999237060547,0.0,176400
2022-04-08,25.200000762939453,25.200000762939453,0.0,25.3700008392334,23.920000076293945,24.559999465942383,0.0,142000
2022-04-11,24.719999313354492,24.719999313354492,0.0,25.5,24.299999237060547,24.700000762939453,0.0,120000
2022-04-12,25.420000076293945,25.420000076293945,0.0,25.649999618530273,24.030000686645508,24.850000381469727,0.0,217900
2022-04-13,25.90999984741211,25.90999984741211,0.0,26.829999923706055,25.1200008392334,25.559999465942383,0.0,159600
2022-04-14,25.34000015258789,25.34000015258789,0.0,26.09000015258789,24.459999084472656,25.8799991607666,0.0,182300
2022-04-18,24.790000915527344,24.790000915527344,0.0,25.3700008392334,24.139999389648438,25.190000534057617,0.0,146200
2022-04-19,24.010000228881836,24.010000228881836,0.0,24.780000686645508,23.8799991607666,24.780000686645508,0.0,131300
2022-04-20,24.709999084472656,24.709999084472656,0.0,24.799999237060547,22.959999084472656,24.25,0.0,126200
2022-04-21,23.0,23.0,0.0,25.0,22.780000686645508,25.0,0.0,97700
2022-04-22,21.700000762939453,21.700000762939453,0.0,24.350000381469727,21.600000381469727,22.93000030517578,0.0,123500
2022-04-25,20.670000076293945,20.670000076293945,0.0,21.459999084472656,20.450000762939453,21.459999084472656,0.0,211000
2022-04-26,17.280000686645508,17.280000686645508,0.0,20.5,17.190000534057617,20.440000534057617,0.0,379000
2022-04-27,17.079999923706055,17.079999923706055,0.0,18.229999542236328,16.700000762939453,17.290000915527344,0.0,503500
2022-04-28,16.020000457763672,16.020000457763672,0.0,17.760000228881836,15.979999542236328,17.450000762939453,0.0,356900
2022-04-29,14.25,14.25,0.0,16.200000762939453,14.109999656677246,15.789999961853027,0.0,553100
2022-05-02,14.670000076293945,14.670000076293945,0.0,14.90999984741211,13.760000228881836,14.109999656677246,0.0,343200
2022-05-03,14.5600004196167,14.5600004196167,0.0,15.300000190734863,14.449999809265137,14.720000267028809,0.0,171200
2022-05-04,14.960000038146973,14.960000038146973,0.0,15.100000381469727,13.4399995803833,14.529999732971191,0.0,346900
2022-05-05,14.010000228881836,14.010000228881836,0.0,14.760000228881836,13.520000457763672,14.760000228881836,0.0,178600
2022-05-06,13.600000381469727,13.600000381469727,0.0,13.930000305175781,13.039999961853027,13.930000305175781,0.0,249900
2022-05-09,12.430000305175781,12.430000305175781,0.0,13.420000076293945,12.229999542236328,13.119999885559082,0.0,341300
2022-05-10,12.199999809265137,12.199999809265137,0.0,13.1899995803833,11.930000305175781,12.59000015258789,0.0,259600
2022-05-11,11.609999656677246,11.609999656677246,0.0,12.75,11.579999923706055,12.020000457763672,0.0,198500
2022-05-12,11.960000038146973,11.960000038146973,0.0,12.789999961853027,11.25,11.420000076293945,0.0,334300
2022-05-13,16.549999237060547,16.549999237060547,0.0,17.6200008392334,14.640000343322754,15.5600004196167,0.0,1454200
2022-05-16,17.489999771118164,17.489999771118164,0.0,17.649999618530273,15.899999618530273,16.25,0.0,458500
2022-05-17,18.610000610351562,18.610000610351562,0.0,18.75,15.460000038146973,18.100000381469727,0.0,559100
2022-05-18,17.81999969482422,17.81999969482422,0.0,19.010000228881836,17.260000228881836,18.260000228881836,0.0,245600
2022-05-19,18.399999618530273,18.399999618530273,0.0,18.809999465942383,17.40999984741211,17.709999084472656,0.0,187000
2022-05-20,18.329999923706055,18.329999923706055,0.0,18.829999923706055,17.100000381469727,18.700000762939453,0.0,144000
2022-05-23,13.140000343322754,13.140000343322754,0.0,17.3799991607666,11.869999885559082,17.3799991607666,0.0,1314100
2022-05-24,13.40999984741211,13.40999984741211,0.0,14.300000190734863,12.420000076293945,13.0,0.0,822000
2022-05-25,14.6899995803833,14.6899995803833,0.0,15.09000015258789,13.319999694824219,13.359999656677246,0.0,360100
2022-05-26,15.979999542236328,15.979999542236328,0.0,16.030000686645508,14.630000114440918,14.720000267028809,0.0,340500
2022-05-27,16.469999313354492,16.469999313354492,0.0,16.549999237060547,15.619999885559082,16.06999969482422,0.0,272300
2022-05-31,15.300000190734863,15.300000190734863,0.0,16.93000030517578,15.220000267028809,16.290000915527344,0.0,152100
2022-06-01,14.760000228881836,14.760000228881836,0.0,15.520000457763672,14.239999771118164,15.470000267028809,0.0,168000
2022-06-02,16.540000915527344,16.540000915527344,0.0,16.600000381469727,14.829999923706055,14.829999923706055,0.0,218800
2022-06-03,15.920000076293945,15.920000076293945,0.0,16.739999771118164,15.510000228881836,16.059999465942383,0.0,109100
2022-06-06,15.609999656677246,15.609999656677246,0.0,16.290000915527344,15.579999923706055,16.190000534057617,0.0,98600
2022-06-07,15.789999961853027,15.789999961853027,0.0,16.270000457763672,15.430000305175781,15.430000305175781,0.0,152100
2022-06-08,14.8100004196167,14.8100004196167,0.0,15.720000267028809,14.4399995803833,15.539999961853027,0.0,229400
2022-06-09,14.25,14.25,0.0,14.899999618530273,14.119999885559082,14.800000190734863,0.0,148200
2022-06-10,14.0600004196167,14.0600004196167,0.0,14.260000228881836,13.699999809265137,13.8100004196167,0.0,160100
2022-06-13,13.029999732971191,13.029999732971191,0.0,13.899999618530273,12.90999984741211,13.3100004196167,0.0,194600
2022-06-14,12.779999732971191,12.779999732971191,0.0,13.539999961853027,12.40999984741211,13.25,0.0,181700
2022-06-15,13.100000381469727,13.100000381469727,0.0,13.619999885559082,12.390000343322754,12.720000267028809,0.0,109800
2022-06-16,12.039999961853027,12.039999961853027,0.0,12.65999984741211,11.850000381469727,12.609999656677246,0.0,165900
2022-06-17,11.800000190734863,11.800000190734863,0.0,12.520000457763672,11.720000267028809,12.09000015258789,0.0,208500
2022-06-21,11.829999923706055,11.829999923706055,0.0,12.399999618530273,11.760000228881836,12.140000343322754,0.0,104800
2022-06-22,12.029999732971191,12.029999732971191,0.0,12.199999809265137,11.550000190734863,11.600000381469727,0.0,163700
2022-06-23,11.989999771118164,11.989999771118164,0.0,12.569999694824219,11.779999732971191,12.220000267028809,0.0,151100
2022-06-24,11.75,11.75,0.0,12.470000267028809,11.569999694824219,12.289999961853027,0.0,652700
2022-06-27,11.0,11.0,0.0,11.880000114440918,10.930000305175781,11.880000114440918,0.0,176200
2022-06-28,9.920000076293945,9.920000076293945,0.0,11.020000457763672,9.890000343322754,11.020000457763672,0.0,329500
2022-06-29,9.5600004196167,9.5600004196167,0.0,10.069999694824219,9.510000228881836,9.819999694824219,0.0,236400
2022-06-30,9.600000381469727,9.600000381469727,0.0,9.930000305175781,9.140000343322754,9.40999984741211,0.0,257900
2022-07-01,9.8100004196167,9.8100004196167,0.0,9.920000076293945,9.319999694824219,9.510000228881836,0.0,107800
2022-07-05,10.390000343322754,10.390000343322754,0.0,10.40999984741211,9.25,9.40999984741211,0.0,215500
2022-07-06,10.670000076293945,10.670000076293945,0.0,10.979999542236328,10.449999809265137,10.489999771118164,0.0,176000
2022-07-07,10.9399995803833,10.9399995803833,0.0,11.210000038146973,10.75,10.75,0.0,124000
2022-07-08,11.279999732971191,11.279999732971191,0.0,11.600000381469727,10.670000076293945,10.869999885559082,0.0,188900
2022-07-11,10.59000015258789,10.59000015258789,0.0,11.260000228881836,10.5,11.149999618530273,0.0,148700
2022-07-12,10.369999885559082,10.369999885559082,0.0,10.899999618530273,10.270000457763672,10.4399995803833,0.0,111900
2022-07-13,10.460000038146973,10.460000038146973,0.0,10.699999809265137,10.0600004196167,10.140000343322754,0.0,142300
2022-07-14,10.119999885559082,10.119999885559082,0.0,10.800000190734863,10.029999732971191,10.350000381469727,0.0,159200
2022-07-15,10.680000305175781,10.680000305175781,0.0,10.720000267028809,9.880000114440918,10.470000267028809,0.0,173800
2022-07-18,12.380000114440918,12.380000114440918,0.0,12.720000267028809,11.5600004196167,11.680000305175781,0.0,328900
2022-07-19,14.390000343322754,14.390000343322754,0.0,14.5600004196167,12.460000038146973,12.460000038146973,0.0,433600
2022-07-20,15.979999542236328,15.979999542236328,0.0,16.3700008392334,14.220000267028809,14.220000267028809,0.0,395900
2022-07-21,16.899999618530273,16.899999618530273,0.0,16.969999313354492,15.850000381469727,15.960000038146973,0.0,260700
2022-07-22,16.520000457763672,16.520000457763672,0.0,17.829999923706055,15.819999694824219,17.219999313354492,0.0,224200
2022-07-25,16.450000762939453,16.450000762939453,0.0,17.770000457763672,16.1200008392334,16.469999313354492,0.0,188700
2022-07-26,16.75,16.75,0.0,16.790000915527344,15.619999885559082,16.219999313354492,0.0,100100
2022-07-27,17.079999923706055,17.079999923706055,0.0,17.170000076293945,16.270000457763672,16.860000610351562,0.0,159500
2022-07-28,18.020000457763672,18.020000457763672,0.0,18.360000610351562,16.600000381469727,17.239999771118164,0.0,140800
2022-07-29,18.68000030517578,18.68000030517578,0.0,18.760000228881836,17.729999542236328,17.899999618530273,0.0,85000
2022-08-01,18.3799991607666,18.3799991607666,0.0,18.850000381469727,18.190000534057617,18.440000534057617,0.0,186300
2022-08-02,18.670000076293945,18.670000076293945,0.0,19.5,18.18000030517578,18.219999313354492,0.0,136600
2022-08-03,18.440000534057617,18.440000534057617,0.0,19.209999084472656,18.440000534057617,18.90999984741211,0.0,87100
2022-08-04,18.420000076293945,18.420000076293945,0.0,18.799999237060547,18.25,18.43000030517578,0.0,90300
2022-08-05,18.860000610351562,18.860000610351562,0.0,19.0,17.889999389648438,18.260000228881836,0.0,123600
2022-08-08,19.65999984741211,19.65999984741211,0.0,20.3799991607666,19.15999984741211,19.270000457763672,0.0,140500
2022-08-09,19.219999313354492,19.219999313354492,0.0,19.639999389648438,18.510000228881836,19.389999389648438,0.0,126100
2022-08-10,20.729999542236328,20.729999542236328,0.0,20.760000228881836,19.690000534057617,19.969999313354492,0.0,138400
2022-08-11,24.0,24.0,0.0,27.219999313354492,23.90999984741211,24.299999237060547,0.0,527400
2022-08-12,26.170000076293945,26.170000076293945,0.0,26.350000381469727,23.770000457763672,24.030000686645508,0.0,258700
2022-08-15,25.729999542236328,25.729999542236328,0.0,27.1299991607666,25.479999542236328,25.56999969482422,0.0,133000
2022-08-16,25.600000381469727,25.600000381469727,0.0,26.280000686645508,25.31999969482422,25.520000457763672,0.0,109500
2022-08-17,24.989999771118164,24.989999771118164,0.0,26.010000228881836,24.760000228881836,24.969999313354492,0.0,113600
2022-08-18,24.709999084472656,24.709999084472656,0.0,25.18000030517578,23.729999542236328,24.899999618530273,0.0,78900
2022-08-19,20.829999923706055,20.829999923706055,0.0,23.829999923706055,20.209999084472656,23.770000457763672,0.0,442700
2022-08-22,20.6299991607666,20.6299991607666,0.0,21.770000457763672,20.0,20.010000228881836,0.0,252200
2022-08-23,19.989999771118164,19.989999771118164,0.0,21.219999313354492,19.93000030517578,20.739999771118164,0.0,101600
2022-08-24,20.889999389648438,20.889999389648438,0.0,21.010000228881836,19.889999389648438,19.93000030517578,0.0,172500
2022-08-25,21.549999237060547,21.549999237060547,0.0,21.799999237060547,20.850000381469727,21.239999771118164,0.0,133800
2022-08-26,20.520000457763672,20.520000457763672,0.0,21.68000030517578,20.43000030517578,21.68000030517578,0.0,126800
2022-08-29,19.770000457763672,19.770000457763672,0.0,20.450000762939453,19.469999313354492,20.0,0.0,109800
2022-08-30,19.450000762939453,19.450000762939453,0.0,20.110000610351562,19.049999237060547,20.0,0.0,75300
2022-08-31,19.56999969482422,19.56999969482422,0.0,20.25,19.15999984741211,19.770000457763672,0.0,116300
2022-09-01,19.93000030517578,19.93000030517578,0.0,20.020000457763672,19.40999984741211,19.56999969482422,0.0,145100
2022-09-02,20.309999465942383,20.309999465942383,0.0,20.700000762939453,19.850000381469727,20.450000762939453,0.0,144700
2022-09-06,20.450000762939453,20.450000762939453,0.0,20.68000030517578,20.110000610351562,20.5,0.0,171700
2022-09-07,20.84000015258789,20.84000015258789,0.0,21.360000610351562,19.979999542236328,20.350000381469727,0.0,153000
2022-09-08,21.739999771118164,21.739999771118164,0.0,21.780000686645508,20.34000015258789,20.649999618530273,0.0,109100
2022-09-09,22.31999969482422,22.31999969482422,0.0,23.0,21.829999923706055,21.93000030517578,0.0,285200
2022-09-12,23.690000534057617,23.690000534057617,0.0,23.760000228881836,22.270000457763672,22.520000457763672,0.0,103300
2022-09-13,22.6299991607666,22.6299991607666,0.0,23.549999237060547,22.389999389648438,22.709999084472656,0.0,132200
2022-09-14,22.110000610351562,22.110000610351562,0.0,23.6200008392334,21.959999084472656,23.079999923706055,0.0,170300
2022-09-15,22.799999237060547,22.799999237060547,0.0,24.329999923706055,21.979999542236328,21.979999542236328,0.0,208300
2022-09-16,21.239999771118164,21.239999771118164,0.0,22.459999084472656,21.209999084472656,22.309999465942383,0.0,305200
2022-09-19,21.25,21.25,0.0,21.309999465942383,20.5,20.889999389648438,0.0,125800
2022-09-20,20.5,20.5,0.0,21.780000686645508,20.450000762939453,21.110000610351562,0.0,163000
2022-09-21,18.559999465942383,18.559999465942383,0.0,19.84000015258789,17.889999389648438,19.34000015258789,0.0,957800
2022-09-22,18.010000228881836,18.010000228881836,0.0,18.43000030517578,17.729999542236328,18.43000030517578,0.0,195600
2022-09-23,17.639999389648438,17.639999389648438,0.0,17.8700008392334,17.18000030517578,17.59000015258789,0.0,177300
2022-09-26,17.43000030517578,17.43000030517578,0.0,18.229999542236328,17.09000015258789,17.389999389648438,0.0,125200
2022-09-27,17.40999984741211,17.40999984741211,0.0,18.100000381469727,17.3799991607666,17.700000762939453,0.0,224900
2022-09-28,17.639999389648438,17.639999389648438,0.0,17.969999313354492,17.139999389648438,17.510000228881836,0.0,140400
2022-09-29,16.690000534057617,16.690000534057617,0.0,17.329999923706055,16.030000686645508,17.260000228881836,0.0,263700
2022-09-30,16.850000381469727,16.850000381469727,0.0,17.8700008392334,16.3700008392334,16.700000762939453,0.0,717800
2022-10-03,17.739999771118164,17.739999771118164,0.0,17.760000228881836,16.56999969482422,17.31999969482422,0.0,550900
2022-10-04,19.600000381469727,19.600000381469727,0.0,19.969999313354492,18.479999542236328,18.940000534057617,0.0,618100
2022-10-05,20.920000076293945,20.920000076293945,0.0,21.059999465942383,18.889999389648438,19.100000381469727,0.0,451700
2022-10-06,19.40999984741211,19.40999984741211,0.0,21.219999313354492,19.3700008392334,20.899999618530273,0.0,250400
2022-10-07,19.350000381469727,19.350000381469727,0.0,19.829999923706055,18.799999237060547,18.989999771118164,0.0,123700
2022-10-10,19.5,19.5,0.0,19.8700008392334,18.969999313354492,19.530000686645508,0.0,247600
2022-10-11,19.34000015258789,19.34000015258789,0.0,19.860000610351562,18.75,19.3700008392334,0.0,163600
2022-10-12,19.3799991607666,19.3799991607666,0.0,19.459999084472656,18.690000534057617,19.309999465942383,0.0,125900
2022-10-13,19.950000762939453,19.950000762939453,0.0,20.56999969482422,18.239999771118164,18.850000381469727,0.0,181100
2022-10-14,18.760000228881836,18.760000228881836,0.0,20.520000457763672,18.479999542236328,20.219999313354492,0.0,153400
2022-10-17,19.8700008392334,19.8700008392334,0.0,20.469999313354492,19.100000381469727,19.100000381469727,0.0,130900
2022-10-18,19.899999618530273,19.899999618530273,0.0,20.790000915527344,19.84000015258789,20.6200008392334,0.0,119300
2022-10-19,19.350000381469727,19.350000381469727,0.0,19.889999389648438,18.489999771118164,19.360000610351562,0.0,176700
2022-10-20,19.020000457763672,19.020000457763672,0.0,20.100000381469727,18.739999771118164,19.229999542236328,0.0,87600
2022-10-21,19.309999465942383,19.309999465942383,0.0,19.40999984741211,18.829999923706055,19.190000534057617,0.0,105700
2022-10-24,18.68000030517578,18.68000030517578,0.0,19.479999542236328,18.389999389648438,19.479999542236328,0.0,216200
2022-10-25,22.100000381469727,22.100000381469727,0.0,22.100000381469727,19.31999969482422,19.709999084472656,0.0,1055000
2022-10-26,21.760000228881836,21.760000228881836,0.0,23.3700008392334,21.540000915527344,22.100000381469727,0.0,537400
2022-10-27,20.6299991607666,20.6299991607666,0.0,22.010000228881836,20.420000076293945,22.010000228881836,0.0,111000
2022-10-28,21.3799991607666,21.3799991607666,0.0,21.56999969482422,20.520000457763672,20.889999389648438,0.0,111100
2022-10-31,20.780000686645508,20.780000686645508,0.0,21.3700008392334,20.420000076293945,21.170000076293945,0.0,104000
2022-11-01,20.559999465942383,20.559999465942383,0.0,21.260000228881836,20.520000457763672,21.200000762939453,0.0,96800
2022-11-02,19.0,19.0,0.0,20.6200008392334,18.899999618530273,20.440000534057617,0.0,240400
2022-11-03,18.299999237060547,18.299999237060547,0.0,19.209999084472656,18.260000228881836,18.549999237060547,0.0,181200
2022-11-04,17.93000030517578,17.93000030517578,0.0,18.459999084472656,17.5,18.459999084472656,0.0,179300
2022-11-07,17.1200008392334,17.1200008392334,0.0,18.299999237060547,17.079999923706055,17.93000030517578,0.0,303800
2022-11-08,16.239999771118164,16.239999771118164,0.0,17.329999923706055,16.200000762939453,17.329999923706055,0.0,298600
2022-11-09,15.010000228881836,15.010000228881836,0.0,16.25,14.90999984741211,16.139999389648438,0.0,317800
2022-11-10,17.270000457763672,17.270000457763672,0.0,17.299999237060547,15.6899995803833,16.059999465942383,0.0,289500
2022-11-11,16.479999542236328,16.479999542236328,0.0,17.260000228881836,16.100000381469727,17.0,0.0,408300
2022-11-14,16.170000076293945,16.170000076293945,0.0,16.739999771118164,15.1899995803833,16.200000762939453,0.0,275600
2022-11-15,16.479999542236328,16.479999542236328,0.0,17.190000534057617,16.0,16.0,0.0,207300
2022-11-16,15.850000381469727,15.850000381469727,0.0,16.450000762939453,15.529999732971191,16.399999618530273,0.0,230500
2022-11-17,6.820000171661377,6.820000171661377,0.0,15.380000114440918,6.550000190734863,14.920000076293945,0.0,5951300
2022-11-18,5.75,5.75,0.0,6.389999866485596,4.449999809265137,6.389999866485596,0.0,8241400
2022-11-21,6.630000114440918,6.630000114440918,0.0,6.78000020980835,5.340000152587891,5.739999771118164,0.0,2864900
2022-11-22,6.639999866485596,6.639999866485596,0.0,6.840000152587891,6.059999942779541,6.510000228881836,0.0,1398300
2022-11-23,6.630000114440918,6.630000114440918,0.0,6.920000076293945,6.28000020980835,6.590000152587891,0.0,779200
2022-11-25,6.940000057220459,6.940000057220459,0.0,7.440000057220459,6.659999847412109,6.679999828338623,0.0,987900
2022-11-28,6.559999942779541,6.559999942779541,0.0,7.329999923706055,6.489999771118164,7.110000133514404,0.0,841100
2022-11-29,6.550000190734863,6.550000190734863,0.0,6.789999961853027,6.28000020980835,6.5,0.0,751100
2022-11-30,6.039999961853027,6.039999961853027,0.0,6.829999923706055,5.800000190734863,6.539999961853027,0.0,1904300
2022-12-01,5.699999809265137,5.699999809265137,0.0,6.21999979019165,5.670000076293945,6.119999885559082,0.0,932600
2022-12-02,6.010000228881836,6.010000228881836,0.0,6.039999961853027,5.420000076293945,5.610000133514404,0.0,678500
2022-12-05,5.639999866485596,5.639999866485596,0.0,6.050000190734863,5.579999923706055,5.909999847412109,0.0,475900
2022-12-06,5.269999980926514,5.269999980926514,0.0,5.630000114440918,5.21999979019165,5.610000133514404,0.0,662400
2022-12-07,5.369999885559082,5.369999885559082,0.0,5.650000095367432,5.21999979019165,5.260000228881836,0.0,645500
2022-12-08,5.480000019073486,5.480000019073486,0.0,5.610000133514404,5.239999771118164,5.420000076293945,0.0,496400
2022-12-09,5.679999828338623,5.679999828338623,0.0,6.070000171661377,5.409999847412109,5.480000019073486,0.0,696900
2022-12-12,4.199999809265137,4.199999809265137,0.0,4.940000057220459,3.8399999141693115,4.269999980926514,0.0,4085700
2022-12-13,4.809999942779541,4.809999942779541,0.0,4.860000133514404,3.940000057220459,4.070000171661377,0.0,1806800
2022-12-14,4.599999904632568,4.599999904632568,0.0,5.039999961853027,4.5,4.739999771118164,0.0,766500
2022-12-15,4.53000020980835,4.53000020980835,0.0,5.0,4.420000076293945,4.480000019073486,0.0,720000
2022-12-16,4.119999885559082,4.119999885559082,0.0,4.550000190734863,3.990000009536743,4.460000038146973,0.0,904300
2022-12-19,3.940000057220459,3.940000057220459,0.0,4.130000114440918,3.819999933242798,4.119999885559082,0.0,695900
2022-12-20,3.7699999809265137,3.7699999809265137,0.0,3.9600000381469727,3.6500000953674316,3.9000000953674316,0.0,867200
2022-12-21,3.869999885559082,3.869999885559082,0.0,3.950000047683716,3.7100000381469727,3.8299999237060547,0.0,561700
2022-12-22,4.440000057220459,4.440000057220459,0.0,4.510000228881836,3.7300000190734863,3.890000104904175,0.0,821300
2022-12-23,5.070000171661377,5.070000171661377,0.0,5.090000152587891,4.260000228881836,4.380000114440918,0.0,1021100
2022-12-27,4.659999847412109,4.659999847412109,0.0,5.170000076293945,4.409999847412109,5.119999885559082,0.0,923000
2022-12-28,4.599999904632568,4.599999904632568,0.0,5.039999961853027,4.570000171661377,4.650000095367432,0.0,510300
2022-12-29,4.909999847412109,4.909999847412109,0.0,5.21999979019165,4.5,4.760000228881836,0.0,607800
2022-12-30,4.940000057220459,4.940000057220459,0.0,4.980000019073486,4.610000133514404,4.889999866485596,0.0,542600
2023-01-03,5.050000190734863,5.050000190734863,0.0,5.28000020980835,4.75,5.0,0.0,667200
2023-01-04,5.150000095367432,5.150000095367432,0.0,5.380000114440918,4.929999828338623,5.079999923706055,0.0,434500
2023-01-05,5.210000038146973,5.210000038146973,0.0,5.239999771118164,4.889999866485596,5.199999809265137,0.0,408800
2023-01-06,5.110000133514404,5.110000133514404,0.0,5.269999980926514,4.940000057220459,5.269999980926514,0.0,565500
2023-01-09,4.849999904632568,4.849999904632568,0.0,5.400000095367432,4.820000171661377,5.190000057220459,0.0,759100
2023-01-10,5.590000152587891,5.590000152587891,0.0,5.630000114440918,4.800000190734863,4.800000190734863,0.0,1104000
2023-01-11,7.340000152587891,7.340000152587891,0.0,7.71999979019165,6.25,6.269999980926514,0.0,7197200
2023-01-12,7.639999866485596,7.639999866485596,0.0,8.100000381469727,6.940000057220459,7.380000114440918,0.0,2360200
2023-01-13,8.119999885559082,8.119999885559082,0.0,8.489999771118164,7.409999847412109,7.550000190734863,0.0,1040200
2023-01-17,8.640000343322754,8.640000343322754,0.0,8.829999923706055,8.069999694824219,8.359999656677246,0.0,933500
2023-01-18,7.570000171661377,7.570000171661377,0.0,8.880000114440918,7.329999923706055,8.699999809265137,0.0,1195200
2023-01-19,6.260000228881836,6.260000228881836,0.0,7.210000038146973,6.050000190734863,7.199999809265137,0.0,1665100
2023-01-20,6.599999904632568,6.599999904632568,0.0,6.619999885559082,6.110000133514404,6.380000114440918,0.0,935400
2023-01-23,7.079999923706055,7.079999923706055,0.0,7.260000228881836,6.510000228881836,6.75,0.0,624400
2023-01-24,6.789999961853027,6.789999961853027,0.0,7.150000095367432,6.690000057220459,7.0,0.0,459800
2023-01-25,6.820000171661377,6.820000171661377,0.0,6.880000114440918,6.519999980926514,6.670000076293945,0.0,378900
2023-01-26,6.800000190734863,6.800000190734863,0.0,7.039999961853027,6.53000020980835,6.949999809265137,0.0,321900
2023-01-27,7.46999979019165,7.46999979019165,0.0,7.619999885559082,6.559999942779541,6.769999980926514,0.0,585600
2023-01-30,7.130000114440918,7.130000114440918,0.0,7.539999961853027,6.920000076293945,7.329999923706055,0.0,455300
2023-01-31,7.25,7.25,0.0,7.489999771118164,7.190000057220459,7.190000057220459,0.0,326200
2023-02-01,7.699999809265137,7.699999809265137,0.0,7.920000076293945,7.130000114440918,7.269999980926514,0.0,522600
2023-02-02,8.3100004196167,8.3100004196167,0.0,8.430000305175781,7.869999885559082,7.869999885559082,0.0,603000
2023-02-03,8.119999885559082,8.119999885559082,0.0,8.329999923706055,7.920000076293945,8.119999885559082,0.0,327800
2023-02-06,7.929999828338623,7.929999828338623,0.0,8.130000114440918,7.679999828338623,7.980000019073486,0.0,369500
2023-02-07,7.920000076293945,7.920000076293945,0.0,8.140000343322754,7.800000190734863,7.929999828338623,0.0,408400
2023-02-08,7.730000019073486,7.730000019073486,0.0,8.220000267028809,7.699999809265137,7.889999866485596,0.0,461800
2023-02-09,7.150000095367432,7.150000095367432,0.0,8.0,7.110000133514404,7.829999923706055,0.0,517400
2023-02-10,7.110000133514404,7.110000133514404,0.0,7.320000171661377,6.800000190734863,7.170000076293945,0.0,424800
2023-02-13,7.389999866485596,7.389999866485596,0.0,7.5,7.010000228881836,7.130000114440918,0.0,382700
2023-02-14,7.429999828338623,7.429999828338623,0.0,7.989999771118164,6.619999885559082,6.849999904632568,0.0,1666800
2023-02-15,7.949999809265137,7.949999809265137,0.0,7.960000038146973,7.360000133514404,7.360000133514404,0.0,548300
2023-02-16,7.610000133514404,7.610000133514404,0.0,8.279999732971191,7.539999961853027,7.75,0.0,577700
2023-02-17,7.420000076293945,7.420000076293945,0.0,7.639999866485596,7.21999979019165,7.559999942779541,0.0,374700
2023-02-21,7.070000171661377,7.070000171661377,0.0,7.519999980926514,7.050000190734863,7.480000019073486,0.0,481600
2023-02-22,7.25,7.25,0.0,7.460000038146973,6.659999847412109,6.949999809265137,0.0,709100
2023-02-23,7.28000020980835,7.28000020980835,0.0,7.519999980926514,7.119999885559082,7.389999866485596,0.0,311000
2023-02-24,7.190000057220459,7.190000057220459,0.0,7.260000228881836,6.940000057220459,7.110000133514404,0.0,294000
2023-02-27,7.679999828338623,7.679999828338623,0.0,7.699999809265137,7.340000152587891,7.400000095367432,0.0,436600
2023-02-28,7.5,7.5,0.0,8.069999694824219,7.5,7.659999847412109,0.0,915800
2023-03-01,7.070000171661377,7.070000171661377,0.0,7.739999771118164,7.039999961853027,7.489999771118164,0.0,342900
2023-03-02,7.099999904632568,7.099999904632568,0.0,7.340000152587891,6.880000114440918,6.989999771118164,0.0,483600
2023-03-03,6.889999866485596,6.889999866485596,0.0,7.239999771118164,6.760000228881836,7.170000076293945,0.0,617600
2023-03-06,6.340000152587891,6.340000152587891,0.0,7.019999980926514,6.329999923706055,6.909999847412109,0.0,398700
2023-03-07,6.21999979019165,6.21999979019165,0.0,6.53000020980835,6.159999847412109,6.340000152587891,0.0,302200
2023-03-08,5.889999866485596,5.889999866485596,0.0,6.300000190734863,5.739999771118164,6.21999979019165,0.0,571300
2023-03-09,5.369999885559082,5.369999885559082,0.0,6.03000020980835,5.349999904632568,5.860000133514404,0.0,556400
2023-03-10,4.960000038146973,4.960000038146973,0.0,5.429999828338623,4.71999979019165,5.300000190734863,0.0,968700
2023-03-13,4.690000057220459,4.690000057220459,0.0,5.119999885559082,4.510000228881836,4.710000038146973,0.0,675100
2023-03-14,4.730000019073486,4.730000019073486,0.0,5.019999980926514,4.510000228881836,4.909999847412109,0.0,706200
2023-03-15,4.96999979019165,4.96999979019165,0.0,5.130000114440918,4.550000190734863,4.679999828338623,0.0,611300
2023-03-16,4.710000038146973,4.710000038146973,0.0,4.940000057220459,4.650000095367432,4.889999866485596,0.0,522600
2023-03-17,4.650000095367432,4.650000095367432,0.0,4.900000095367432,4.619999885559082,4.730000019073486,0.0,957800
2023-03-20,4.449999809265137,4.449999809265137,0.0,4.730000019073486,4.409999847412109,4.659999847412109,0.0,589900
2023-03-21,4.699999809265137,4.699999809265137,0.0,4.769999980926514,4.460000038146973,4.570000171661377,0.0,454200
2023-03-22,4.610000133514404,4.610000133514404,0.0,4.989999771118164,4.550000190734863,4.710000038146973,0.0,379800
2023-03-23,4.710000038146973,4.710000038146973,0.0,4.880000114440918,4.590000152587891,4.679999828338623,0.0,505400
2023-03-24,4.71999979019165,4.71999979019165,0.0,4.769999980926514,4.550000190734863,4.659999847412109,0.0,384300
2023-03-27,4.630000114440918,4.630000114440918,0.0,4.829999923706055,4.630000114440918,4.829999923706055,0.0,175400
2023-03-28,4.349999904632568,4.349999904632568,0.0,4.639999866485596,4.309999942779541,4.559999942779541,0.0,345200
2023-03-29,4.309999942779541,4.309999942779541,0.0,4.449999809265137,4.21999979019165,4.429999828338623,0.0,248800
2023-03-30,4.179999828338623,4.179999828338623,0.0,4.389999866485596,4.139999866485596,4.349999904632568,0.0,307500
2023-03-31,4.329999923706055,4.329999923706055,0.0,4.349999904632568,4.159999847412109,4.239999771118164,0.0,298000
2023-04-03,4.429999828338623,4.429999828338623,0.0,4.440000057220459,4.119999885559082,4.309999942779541,0.0,367100
2023-04-04,4.269999980926514,4.269999980926514,0.0,4.5,4.199999809265137,4.420000076293945,0.0,292700
2023-04-05,4.079999923706055,4.079999923706055,0.0,4.25,4.050000190734863,4.230000019073486,0.0,229800
2023-04-06,4.090000152587891,4.090000152587891,0.0,4.150000095367432,4.039999961853027,4.059999942779541,0.0,149600
2023-04-10,4.150000095367432,4.150000095367432,0.0,4.190000057220459,3.859999895095825,4.099999904632568,0.0,393900
2023-04-11,4.449999809265137,4.449999809265137,0.0,4.449999809265137,4.110000133514404,4.230000019073486,0.0,331800
2023-04-12,4.619999885559082,4.619999885559082,0.0,4.650000095367432,4.400000095367432,4.53000020980835,0.0,499800
2023-04-13,5.019999980926514,5.019999980926514,0.0,5.349999904632568,4.619999885559082,4.670000076293945,0.0,523200
2023-04-14,4.889999866485596,4.889999866485596,0.0,5.150000095367432,4.820000171661377,5.0,0.0,312500
2023-04-17,5.170000076293945,5.170000076293945,0.0,5.289999961853027,4.889999866485596,4.889999866485596,0.0,175200
2023-04-18,5.409999847412109,5.409999847412109,0.0,5.449999809265137,5.079999923706055,5.199999809265137,0.0,305000
2023-04-19,5.53000020980835,5.53000020980835,0.0,5.579999923706055,5.190000057220459,5.329999923706055,0.0,264000
2023-04-20,5.460000038146973,5.460000038146973,0.0,5.480000019073486,5.179999828338623,5.480000019073486,0.0,186700
2023-04-21,5.769999980926514,5.769999980926514,0.0,6.059999942779541,5.440000057220459,5.460000038146973,0.0,317900
2023-04-24,5.460000038146973,5.460000038146973,0.0,5.849999904632568,5.449999809265137,5.760000228881836,0.0,257000
2023-04-25,5.150000095367432,5.150000095367432,0.0,5.5,5.099999904632568,5.369999885559082,0.0,403100
2023-04-26,5.389999866485596,5.389999866485596,0.0,5.579999923706055,5.050000190734863,5.099999904632568,0.0,302500
2023-04-27,5.650000095367432,5.650000095367432,0.0,5.730000019073486,5.309999942779541,5.449999809265137,0.0,252800
2023-04-28,5.539999961853027,5.539999961853027,0.0,5.789999961853027,5.46999979019165,5.599999904632568,0.0,156200
2023-05-01,5.670000076293945,5.670000076293945,0.0,5.699999809265137,5.400000095367432,5.610000133514404,0.0,126300
2023-05-02,5.610000133514404,5.610000133514404,0.0,5.769999980926514,5.440000057220459,5.639999866485596,0.0,145900
2023-05-03,5.659999847412109,5.659999847412109,0.0,5.960000038146973,5.599999904632568,5.610000133514404,0.0,199400
2023-05-04,5.630000114440918,5.630000114440918,0.0,5.679999828338623,5.460000038146973,5.679999828338623,0.0,212200
2023-05-05,5.840000152587891,5.840000152587891,0.0,5.920000076293945,5.630000114440918,5.789999961853027,0.0,260500
2023-05-08,6.309999942779541,6.309999942779541,0.0,6.400000095367432,5.829999923706055,5.900000095367432,0.0,547100
2023-05-09,6.570000171661377,6.570000171661377,0.0,6.679999828338623,6.190000057220459,6.230000019073486,0.0,405300
2023-05-10,6.269999980926514,6.269999980926514,0.0,6.679999828338623,6.059999942779541,6.570000171661377,0.0,358800
2023-05-11,6.559999942779541,6.559999942779541,0.0,6.599999904632568,5.920000076293945,6.110000133514404,0.0,353400
2023-05-12,5.829999923706055,5.829999923706055,0.0,6.570000171661377,5.610000133514404,6.369999885559082,0.0,666600
2023-05-15,6.230000019073486,6.230000019073486,0.0,6.260000228881836,5.789999961853027,5.880000114440918,0.0,315200
2023-05-16,6.28000020980835,6.28000020980835,0.0,6.369999885559082,5.96999979019165,6.070000171661377,0.0,320400
2023-05-17,6.349999904632568,6.349999904632568,0.0,6.539999961853027,6.179999828338623,6.400000095367432,0.0,431700
2023-05-18,6.449999809265137,6.449999809265137,0.0,6.71999979019165,6.340000152587891,6.369999885559082,0.0,386200
2023-05-19,6.599999904632568,6.599999904632568,0.0,6.710000038146973,6.449999809265137,6.570000171661377,0.0,174400
2023-05-22,7.21999979019165,7.21999979019165,0.0,7.329999923706055,6.519999980926514,6.610000133514404,0.0,557400
2023-05-23,6.940000057220459,6.940000057220459,0.0,7.650000095367432,6.869999885559082,7.21999979019165,0.0,630600
2023-05-24,6.53000020980835,6.53000020980835,0.0,6.929999828338623,6.46999979019165,6.800000190734863,0.0,337600
2023-05-25,6.260000228881836,6.260000228881836,0.0,6.539999961853027,6.050000190734863,6.53000020980835,0.0,315000
2023-05-26,6.550000190734863,6.550000190734863,0.0,6.78000020980835,6.210000038146973,6.269999980926514,0.0,279500
2023-05-30,6.360000133514404,6.360000133514404,0.0,6.900000095367432,6.340000152587891,6.659999847412109,0.0,303000
2023-05-31,6.079999923706055,6.079999923706055,0.0,6.460000038146973,5.980000019073486,6.28000020980835,0.0,315600
2023-06-01,5.809999942779541,5.809999942779541,0.0,6.130000114440918,5.800000190734863,6.099999904632568,0.0,297800
2023-06-02,5.989999771118164,5.989999771118164,0.0,6.070000171661377,5.789999961853027,5.980000019073486,0.0,249100
2023-06-05,5.889999866485596,5.889999866485596,0.0,6.050000190734863,5.78000020980835,5.940000057220459,0.0,262700
2023-06-06,5.659999847412109,5.659999847412109,0.0,5.869999885559082,5.400000095367432,5.760000228881836,0.0,393100
2023-06-07,5.489999771118164,5.489999771118164,0.0,6.0,5.429999828338623,5.710000038146973,0.0,376700
2023-06-08,5.480000019073486,5.480000019073486,0.0,5.550000190734863,5.300000190734863,5.460000038146973,0.0,453300
2023-06-09,5.449999809265137,5.449999809265137,0.0,5.570000171661377,5.320000171661377,5.510000228881836,0.0,232800
2023-06-12,5.239999771118164,5.239999771118164,0.0,5.53000020980835,5.199999809265137,5.449999809265137,0.0,383600
2023-06-13,5.340000152587891,5.340000152587891,0.0,5.420000076293945,4.920000076293945,5.260000228881836,0.0,678000
2023-06-14,4.96999979019165,4.96999979019165,0.0,5.429999828338623,4.949999809265137,5.260000228881836,0.0,377900
2023-06-15,5.179999828338623,5.179999828338623,0.0,5.199999809265137,4.849999904632568,5.0,0.0,307200
2023-06-16,5.289999961853027,5.289999961853027,0.0,5.369999885559082,5.050000190734863,5.260000228881836,0.0,367300
2023-06-20,4.929999828338623,4.929999828338623,0.0,5.289999961853027,4.909999847412109,5.289999961853027,0.0,516600
2023-06-21,4.860000133514404,4.860000133514404,0.0,5.019999980926514,4.809999942779541,5.019999980926514,0.0,397900
2023-06-22,5.159999847412109,5.159999847412109,0.0,5.289999961853027,4.679999828338623,4.820000171661377,0.0,481200
2023-06-23,5.079999923706055,5.079999923706055,0.0,5.409999847412109,5.0,5.03000020980835,0.0,3282400
2023-06-26,5.010000228881836,5.010000228881836,0.0,5.28000020980835,4.909999847412109,5.139999866485596,0.0,329500
2023-06-27,4.78000020980835,4.78000020980835,0.0,5.039999961853027,4.650000095367432,5.010000228881836,0.0,515200
2023-06-28,4.78000020980835,4.78000020980835,0.0,4.840000152587891,4.599999904632568,4.78000020980835,0.0,237600
2023-06-29,4.929999828338623,4.929999828338623,0.0,5.110000133514404,4.800000190734863,4.800000190734863,0.0,289400
2023-06-30,4.769999980926514,4.769999980926514,0.0,5.010000228881836,4.699999809265137,5.0,0.0,407300
2023-07-03,4.820000171661377,4.820000171661377,0.0,4.840000152587891,4.690000057220459,4.71999979019165,0.0,200900
2023-07-05,5.0,5.0,0.0,5.039999961853027,4.739999771118164,4.78000020980835,0.0,231700
2023-07-06,4.929999828338623,4.929999828338623,0.0,5.039999961853027,4.840000152587891,5.0,0.0,182700
2023-07-07,5.010000228881836,5.010000228881836,0.0,5.019999980926514,4.869999885559082,4.929999828338623,0.0,106600
2023-07-10,4.980000019073486,4.980000019073486,0.0,5.110000133514404,4.909999847412109,5.0,0.0,250900
2023-07-11,4.940000057220459,4.940000057220459,0.0,5.150000095367432,4.909999847412109,4.989999771118164,0.0,198900
2023-07-12,4.929999828338623,4.929999828338623,0.0,5.03000020980835,4.869999885559082,5.03000020980835,0.0,361000
2023-07-13,4.920000076293945,4.920000076293945,0.0,5.019999980926514,4.889999866485596,4.960000038146973,0.0,231100
2023-07-14,4.920000076293945,4.920000076293945,0.0,5.019999980926514,4.880000114440918,4.949999809265137,0.0,155600
2023-07-17,4.980000019073486,4.980000019073486,0.0,5.010000228881836,4.75,4.880000114440918,0.0,513000
2023-07-18,5.0,5.0,0.0,5.03000020980835,4.909999847412109,4.960000038146973,0.0,139800
2023-07-19,5.070000171661377,5.070000171661377,0.0,5.599999904632568,5.0,5.059999942779541,0.0,599600
2023-07-20,6.820000171661377,6.820000171661377,0.0,6.949999809265137,5.199999809265137,5.230000019073486,0.0,6088400
2023-07-21,7.119999885559082,7.119999885559082,0.0,7.230000019073486,6.400000095367432,6.760000228881836,0.0,1121700
2023-07-24,6.710000038146973,6.710000038146973,0.0,7.0,6.550000190734863,7.0,0.0,587900
2023-07-25,6.900000095367432,6.900000095367432,0.0,6.929999828338623,6.599999904632568,6.599999904632568,0.0,351600
2023-07-26,7.039999961853027,7.039999961853027,0.0,7.130000114440918,6.849999904632568,7.0,0.0,393500
2023-07-27,6.929999828338623,6.929999828338623,0.0,7.099999904632568,6.889999866485596,7.099999904632568,0.0,184200
2023-07-28,7.320000171661377,7.320000171661377,0.0,7.5,6.920000076293945,6.929999828338623,0.0,321300
2023-07-31,7.28000020980835,7.28000020980835,0.0,7.460000038146973,7.159999847412109,7.320000171661377,0.0,169900
2023-08-01,7.090000152587891,7.090000152587891,0.0,7.260000228881836,7.070000171661377,7.170000076293945,0.0,179500
2023-08-02,7.03000020980835,7.03000020980835,0.0,7.139999866485596,6.739999771118164,7.050000190734863,0.0,179300
2023-08-03,7.059999942779541,7.059999942779541,0.0,7.190000057220459,6.869999885559082,6.989999771118164,0.0,128000
2023-08-04,7.050000190734863,7.050000190734863,0.0,7.320000171661377,6.96999979019165,6.989999771118164,0.0,138700
2023-08-07,6.800000190734863,6.800000190734863,0.0,7.179999828338623,6.670000076293945,7.0,0.0,191600
2023-08-08,6.800000190734863,6.800000190734863,0.0,6.929999828338623,6.71999979019165,6.769999980926514,0.0,120700
2023-08-09,6.409999847412109,6.409999847412109,0.0,6.900000095367432,6.369999885559082,6.800000190734863,0.0,171400
2023-08-10,6.400000095367432,6.400000095367432,0.0,6.46999979019165,6.139999866485596,6.340000152587891,0.0,335700
2023-08-11,4.119999885559082,4.119999885559082,0.0,5.920000076293945,4.019999980926514,5.570000171661377,0.0,4474400
2023-08-14,4.079999923706055,4.079999923706055,0.0,4.170000076293945,3.809999942779541,4.159999847412109,0.0,994200
2023-08-15,3.799999952316284,3.799999952316284,0.0,4.099999904632568,3.6600000858306885,4.010000228881836,0.0,1136000
2023-08-16,3.4800000190734863,3.4800000190734863,0.0,3.7899999618530273,3.450000047683716,3.700000047683716,0.0,584200
2023-08-17,3.450000047683716,3.450000047683716,0.0,3.7100000381469727,3.4100000858306885,3.5,0.0,442000
2023-08-18,3.3399999141693115,3.3399999141693115,0.0,3.450000047683716,3.2200000286102295,3.440000057220459,0.0,560400
2023-08-21,3.3499999046325684,3.3499999046325684,0.0,3.4700000286102295,3.2699999809265137,3.369999885559082,0.0,344800
2023-08-22,3.2300000190734863,3.2300000190734863,0.0,3.4100000858306885,3.130000114440918,3.359999895095825,0.0,479400
2023-08-23,3.359999895095825,3.359999895095825,0.0,3.390000104904175,3.1600000858306885,3.240000009536743,0.0,387900
2023-08-24,3.140000104904175,3.140000104904175,0.0,3.390000104904175,3.130000114440918,3.359999895095825,0.0,336400
2023-08-25,3.2799999713897705,3.2799999713897705,0.0,3.319999933242798,3.0999999046325684,3.200000047683716,0.0,421400
2023-08-28,3.549999952316284,3.549999952316284,0.0,3.5799999237060547,3.2899999618530273,3.299999952316284,0.0,321700
2023-08-29,3.6700000762939453,3.6700000762939453,0.0,3.8499999046325684,3.430000066757202,3.5999999046325684,0.0,405900
2023-08-30,3.640000104904175,3.640000104904175,0.0,3.809999942779541,3.5999999046325684,3.7200000286102295,0.0,319400
2023-08-31,3.740000009536743,3.740000009536743,0.0,3.75,3.619999885559082,3.640000104904175,0.0,116200
2023-09-01,3.8299999237060547,3.8299999237060547,0.0,3.9100000858306885,3.7100000381469727,3.740000009536743,0.0,152500
2023-09-05,3.7200000286102295,3.7200000286102295,0.0,3.890000104904175,3.700000047683716,3.8399999141693115,0.0,167800
2023-09-06,3.380000114440918,3.380000114440918,0.0,3.700000047683716,3.359999895095825,3.690000057220459,0.0,307900
2023-09-07,3.2799999713897705,3.2799999713897705,0.0,3.390000104904175,3.2200000286102295,3.390000104904175,0.0,177200
2023-09-08,3.2699999809265137,3.2699999809265137,0.0,3.309999942779541,3.1600000858306885,3.2799999713897705,0.0,299800
2023-09-11,3.299999952316284,3.299999952316284,0.0,3.380000114440918,3.2699999809265137,3.359999895095825,0.0,337700
2023-09-12,3.2799999713897705,3.2799999713897705,0.0,3.369999885559082,3.200000047683716,3.3399999141693115,0.0,183100
2023-09-13,3.299999952316284,3.299999952316284,0.0,3.369999885559082,3.240000009536743,3.240000009536743,0.0,109600
2023-09-14,3.2899999618530273,3.2899999618530273,0.0,3.380000114440918,3.240000009536743,3.359999895095825,0.0,164100
2023-09-15,3.2899999618530273,3.2899999618530273,0.0,3.4100000858306885,3.2100000381469727,3.259999990463257,0.0,227800
2023-09-18,3.25,3.25,0.0,3.299999952316284,3.119999885559082,3.299999952316284,0.0,219500
2023-09-19,3.1500000953674316,3.1500000953674316,0.0,3.25,3.130000114440918,3.25,0.0,201100
2023-09-20,3.059999942779541,3.059999942779541,0.0,3.2200000286102295,3.049999952316284,3.1500000953674316,0.0,175000
2023-09-21,3.009999990463257,3.009999990463257,0.0,3.109999895095825,2.9000000953674316,3.049999952316284,0.0,268000
2023-09-22,3.059999942779541,3.059999942779541,0.0,3.0999999046325684,2.9600000381469727,3.0,0.0,69000
2023-09-25,3.140000104904175,3.140000104904175,0.0,3.1600000858306885,3.0,3.0,0.0,154500
2023-09-26,3.009999990463257,3.009999990463257,0.0,3.1600000858306885,2.990000009536743,3.109999895095825,0.0,105400
2023-09-27,3.059999942779541,3.059999942779541,0.0,3.1600000858306885,3.009999990463257,3.0299999713897705,0.0,81600
2023-09-28,3.0999999046325684,3.0999999046325684,0.0,3.1500000953674316,3.009999990463257,3.059999942779541,0.0,64200
2023-09-29,3.0799999237060547,3.0799999237060547,0.0,3.180000066757202,3.0799999237060547,3.140000104904175,0.0,68400
2023-10-02,2.9800000190734863,2.9800000190734863,0.0,3.109999895095825,2.9100000858306885,3.0799999237060547,0.0,159100
2023-10-03,2.609999895095825,2.609999895095825,0.0,3.009999990463257,2.609999895095825,2.9800000190734863,0.0,302900
2023-10-04,2.359999895095825,2.359999895095825,0.0,2.680000066757202,2.3399999141693115,2.6600000858306885,0.0,361100
2023-10-05,2.380000114440918,2.380000114440918,0.0,2.5199999809265137,2.380000114440918,2.4200000762939453,0.0,192600
2023-10-06,2.4600000381469727,2.4600000381469727,0.0,2.5,2.3499999046325684,2.4200000762939453,0.0,194200
2023-10-09,2.4800000190734863,2.4800000190734863,0.0,2.5299999713897705,2.4200000762939453,2.4200000762939453,0.0,352000
2023-10-10,2.4800000190734863,2.4800000190734863,0.0,2.5299999713897705,2.440000057220459,2.450000047683716,0.0,328600
2023-10-11,2.4800000190734863,2.4800000190734863,0.0,2.559999942779541,2.4700000286102295,2.5,0.0,109100
2023-10-12,2.190000057220459,2.190000057220459,0.0,2.490000009536743,2.1700000762939453,2.4700000286102295,0.0,463200
2023-10-13,2.049999952316284,2.049999952316284,0.0,2.190000057220459,2.0,2.180000066757202,0.0,798900
2023-10-16,2.5,2.5,0.0,2.5299999713897705,2.0899999141693115,2.119999885559082,0.0,549400
2023-10-17,2.490000009536743,2.490000009536743,0.0,2.569999933242798,2.440000057220459,2.509999990463257,0.0,226700
2023-10-18,2.369999885559082,2.369999885559082,0.0,2.5,2.3499999046325684,2.5,0.0,181400
2023-10-19,2.259999990463257,2.259999990463257,0.0,2.4200000762939453,2.180000066757202,2.380000114440918,0.0,132900
2023-10-20,2.299999952316284,2.299999952316284,0.0,2.3499999046325684,2.240000009536743,2.259999990463257,0.0,129100
2023-10-23,2.119999885559082,2.119999885559082,0.0,2.299999952316284,2.049999952316284,2.299999952316284,0.0,211000
2023-10-24,2.069999933242798,2.069999933242798,0.0,2.319999933242798,2.049999952316284,2.140000104904175,0.0,161400
2023-10-25,1.9299999475479126,1.9299999475479126,0.0,2.059999942779541,1.8899999856948853,2.059999942779541,0.0,220600
2023-10-26,1.9800000190734863,1.9800000190734863,0.0,2.009999990463257,1.899999976158142,1.899999976158142,0.0,122900
2023-10-27,1.9800000190734863,1.9800000190734863,0.0,2.0,1.9199999570846558,2.0,0.0,79000
2023-10-30,1.9299999475479126,1.9299999475479126,0.0,2.0799999237060547,1.909999966621399,2.0,0.0,96800
2023-10-31,1.909999966621399,1.909999966621399,0.0,2.0,1.8200000524520874,1.9299999475479126,0.0,116700
2023-11-01,1.8600000143051147,1.8600000143051147,0.0,1.9800000190734863,1.7999999523162842,1.909999966621399,0.0,179000
2023-11-02,1.8200000524520874,1.8200000524520874,0.0,1.9800000190734863,1.7599999904632568,1.8600000143051147,0.0,236600
2023-11-03,1.809999942779541,1.809999942779541,0.0,1.9299999475479126,1.7799999713897705,1.840000033378601,0.0,268000
2023-11-06,1.7300000190734863,1.7300000190734863,0.0,1.909999966621399,1.7300000190734863,1.8200000524520874,0.0,158800
2023-11-07,1.7599999904632568,1.7599999904632568,0.0,1.840000033378601,1.7200000286102295,1.7200000286102295,0.0,131600
2023-11-08,1.8300000429153442,1.8300000429153442,0.0,1.8700000047683716,1.7599999904632568,1.8700000047683716,0.0,201100
2023-11-09,1.7799999713897705,1.7799999713897705,0.0,1.8700000047683716,1.75,1.850000023841858,0.0,165300
2023-11-10,1.690000057220459,1.690000057220459,0.0,1.7599999904632568,1.6100000143051147,1.7599999904632568,0.0,197400
2023-11-13,1.7599999904632568,1.7599999904632568,0.0,1.7999999523162842,1.6100000143051147,1.690000057220459,0.0,92900
2023-11-14,2.049999952316284,2.049999952316284,0.0,2.0899999141693115,1.7699999809265137,1.7699999809265137,0.0,329300
2023-11-15,2.180000066757202,2.180000066757202,0.0,2.380000114440918,2.0899999141693115,2.0899999141693115,0.0,313500
2023-11-16,2.130000114440918,2.130000114440918,0.0,2.2699999809265137,2.0299999713897705,2.180000066757202,0.0,97800
2023-11-17,1.9500000476837158,1.9500000476837158,0.0,2.180000066757202,1.909999966621399,2.119999885559082,0.0,412000
2023-11-20,2.2699999809265137,2.2699999809265137,0.0,2.2699999809265137,1.9800000190734863,1.9900000095367432,0.0,178100
2023-11-21,2.309999942779541,2.309999942779541,0.0,2.380000114440918,2.190000057220459,2.200000047683716,0.0,137500
2023-11-22,2.3299999237060547,2.3299999237060547,0.0,2.549999952316284,2.2699999809265137,2.359999895095825,0.0,180100
2023-11-24,2.8399999141693115,2.8399999141693115,0.0,2.8499999046325684,2.3499999046325684,2.369999885559082,0.0,132500
2023-11-27,2.450000047683716,2.450000047683716,0.0,2.869999885559082,2.4100000858306885,2.869999885559082,0.0,221600
2023-11-28,2.5999999046325684,2.5999999046325684,0.0,2.890000104904175,2.4700000286102295,2.4700000286102295,0.0,346000
2023-11-29,2.549999952316284,2.549999952316284,0.0,2.7200000286102295,2.4800000190734863,2.7200000286102295,0.0,266400
2023-11-30,2.4700000286102295,2.4700000286102295,0.0,2.609999895095825,2.450000047683716,2.609999895095825,0.0,130300
2023-12-01,2.9200000762939453,2.9200000762939453,0.0,2.940000057220459,2.5199999809265137,2.5399999618530273,0.0,215600
2023-12-04,2.819999933242798,2.819999933242798,0.0,3.0999999046325684,2.75,2.8299999237060547,0.0,268300
2023-12-05,2.75,2.75,0.0,2.869999885559082,2.640000104904175,2.869999885559082,0.0,116200
2023-12-06,3.1500000953674316,3.1500000953674316,0.0,3.25,2.809999942779541,2.880000114440918,0.0,203400
2023-12-07,3.0999999046325684,3.0999999046325684,0.0,3.259999990463257,3.049999952316284,3.180000066757202,0.0,144200
2023-12-08,3.380000114440918,3.380000114440918,0.0,3.380000114440918,3.059999942779541,3.1700000762939453,0.0,207900
2023-12-11,3.0299999713897705,3.0299999713897705,0.0,3.4600000381469727,2.9200000762939453,3.4000000953674316,0.0,474600
2023-12-12,2.549999952316284,2.549999952316284,0.0,3.2300000190734863,2.2200000286102295,3.180000066757202,0.0,1050400
2023-12-13,2.759999990463257,2.759999990463257,0.0,2.9700000286102295,2.5399999618530273,2.549999952316284,0.0,597300
2023-12-14,3.0999999046325684,3.0999999046325684,0.0,3.380000114440918,2.809999942779541,2.859999895095825,0.0,583100
2023-12-15,3.140000104904175,3.140000104904175,0.0,3.25,3.0,3.0999999046325684,0.0,181800
2023-12-18,3.4700000286102295,3.4700000286102295,0.0,3.5899999141693115,3.25,3.309999942779541,0.0,380400
2023-12-19,3.859999895095825,3.859999895095825,0.0,3.9000000953674316,3.5199999809265137,3.5299999713897705,0.0,415700
2023-12-20,3.549999952316284,3.549999952316284,0.0,3.950000047683716,3.4700000286102295,3.950000047683716,0.0,267800
2023-12-21,3.559999942779541,3.559999942779541,0.0,3.8499999046325684,3.559999942779541,3.7899999618530273,0.0,185900
2023-12-22,3.4100000858306885,3.4100000858306885,0.0,3.6600000858306885,3.369999885559082,3.5899999141693115,0.0,138200
2023-12-26,3.4700000286102295,3.4700000286102295,0.0,3.5,3.309999942779541,3.4700000286102295,0.0,244400
2023-12-27,3.3499999046325684,3.3499999046325684,0.0,3.549999952316284,3.3299999237060547,3.490000009536743,0.0,165500
2023-12-28,3.5799999237060547,3.5799999237060547,0.0,3.6500000953674316,3.319999933242798,3.3399999141693115,0.0,178400
2023-12-29,3.6700000762939453,3.6700000762939453,0.0,3.7699999809265137,3.5799999237060547,3.5999999046325684,0.0,124900
2024-01-02,3.890000104904175,3.890000104904175,0.0,4.139999866485596,3.640000104904175,3.6500000953674316,0.0,287300
2024-01-03,3.869999885559082,3.869999885559082,0.0,3.9000000953674316,3.640000104904175,3.7799999713897705,0.0,113400
2024-01-04,3.9800000190734863,3.9800000190734863,0.0,4.210000038146973,3.859999895095825,3.880000114440918,0.0,232400
2024-01-05,4.230000019073486,4.230000019073486,0.0,4.260000228881836,3.809999942779541,4.0,0.0,349200
2024-01-08,4.119999885559082,4.119999885559082,0.0,4.599999904632568,4.050000190734863,4.25,0.0,359800
2024-01-09,4.03000020980835,4.03000020980835,0.0,4.230000019073486,3.9700000286102295,4.099999904632568,0.0,136700
2024-01-10,3.9600000381469727,3.9600000381469727,0.0,4.099999904632568,3.8499999046325684,4.099999904632568,0.0,135400
2024-01-11,4.119999885559082,4.119999885559082,0.0,4.130000114440918,3.819999933242798,3.930000066757202,0.0,460300
2024-01-12,4.050000190734863,4.050000190734863,0.0,4.289999961853027,4.039999961853027,4.110000133514404,0.0,115300
2024-01-16,3.869999885559082,3.869999885559082,0.0,4.079999923706055,3.859999895095825,4.010000228881836,0.0,197700
2024-01-17,3.5,3.5,0.0,3.890000104904175,3.4800000190734863,3.8399999141693115,0.0,735300
2024-01-18,3.440000057220459,3.440000057220459,0.0,3.619999885559082,3.2799999713897705,3.5199999809265137,0.0,467800
2024-01-19,3.390000104904175,3.390000104904175,0.0,3.440000057220459,3.200000047683716,3.440000057220459,0.0,96200
2024-01-22,3.630000114440918,3.630000114440918,0.0,3.6500000953674316,3.359999895095825,3.359999895095825,0.0,112900
2024-01-23,3.4700000286102295,3.4700000286102295,0.0,3.680000066757202,3.450000047683716,3.680000066757202,0.0,83700
2024-01-24,3.450000047683716,3.450000047683716,0.0,3.700000047683716,3.4000000953674316,3.559999942779541,0.0,160600
2024-01-25,3.369999885559082,3.369999885559082,0.0,3.4600000381469727,3.2300000190734863,3.440000057220459,0.0,87700
2024-01-26,3.2899999618530273,3.2899999618530273,0.0,3.490000009536743,3.259999990463257,3.4700000286102295,0.0,138200
2024-01-29,3.450000047683716,3.450000047683716,0.0,3.5199999809265137,3.25,3.25,0.0,169600
2024-01-30,3.2699999809265137,3.2699999809265137,0.0,3.559999942779541,3.2699999809265137,3.4700000286102295,0.0,121200
2024-01-31,3.309999942779541,3.309999942779541,0.0,3.430000066757202,3.240000009536743,3.259999990463257,0.0,174800
2024-02-01,3.3299999237060547,3.3299999237060547,0.0,3.490000009536743,3.2799999713897705,3.2799999713897705,0.0,124700
2024-02-02,3.5899999141693115,3.5899999141693115,0.0,3.6500000953674316,3.180000066757202,3.299999952316284,0.0,85600
2024-02-05,3.569999933242798,3.569999933242798,0.0,3.640000104904175,3.4700000286102295,3.5199999809265137,0.0,61400
2024-02-06,3.740000009536743,3.740000009536743,0.0,3.7699999809265137,3.509999990463257,3.549999952316284,0.0,120300
2024-02-07,3.680000066757202,3.680000066757202,0.0,3.7899999618530273,3.5399999618530273,3.700000047683716,0.0,164400
2024-02-08,4.300000190734863,4.300000190734863,0.0,4.670000076293945,3.890000104904175,4.03000020980835,0.0,924200
2024-02-09,4.960000038146973,4.960000038146973,0.0,5.369999885559082,4.78000020980835,4.800000190734863,0.0,982000
2024-02-12,5.440000057220459,5.440000057220459,0.0,5.739999771118164,5.0,5.010000228881836,0.0,678400
2024-02-13,5.179999828338623,5.179999828338623,0.0,5.71999979019165,4.989999771118164,5.550000190734863,0.0,586800
2024-02-14,5.710000038146973,5.710000038146973,0.0,5.809999942779541,5.239999771118164,5.239999771118164,0.0,360800
2024-02-15,5.570000171661377,5.570000171661377,0.0,5.909999847412109,5.449999809265137,5.78000020980835,0.0,366000
2024-02-16,5.980000019073486,5.980000019073486,0.0,6.349999904632568,5.380000114440918,5.590000152587891,0.0,669900
2024-02-20,6.369999885559082,6.369999885559082,0.0,6.800000190734863,6.010000228881836,6.010000228881836,0.0,625700
2024-02-21,5.96999979019165,5.96999979019165,0.0,6.320000171661377,5.800000190734863,6.28000020980835,0.0,301900
2024-02-22,5.949999809265137,5.949999809265137,0.0,6.059999942779541,5.71999979019165,5.949999809265137,0.0,169600
2024-02-23,5.579999923706055,5.579999923706055,0.0,5.909999847412109,5.110000133514404,5.869999885559082,0.0,678700
2024-02-26,6.420000076293945,6.420000076293945,0.0,6.46999979019165,5.53000020980835,5.570000171661377,0.0,466800
2024-02-27,6.610000133514404,6.610000133514404,0.0,7.110000133514404,6.510000228881836,6.739999771118164,0.0,777100
2024-02-28,6.559999942779541,6.559999942779541,0.0,6.900000095367432,6.309999942779541,6.619999885559082,0.0,330500
2024-02-29,7.449999809265137,7.449999809265137,0.0,7.570000171661377,6.559999942779541,6.730000019073486,0.0,588500
2024-03-01,7.989999771118164,7.989999771118164,0.0,8.239999771118164,7.25,7.650000095367432,0.0,586800
2024-03-04,7.679999828338623,7.679999828338623,0.0,8.579999923706055,7.159999847412109,8.579999923706055,0.0,691100
2024-03-05,7.989999771118164,7.989999771118164,0.0,8.3100004196167,7.710000038146973,7.849999904632568,0.0,385800
2024-03-06,8.289999961853027,8.289999961853027,0.0,8.520000457763672,7.760000228881836,8.09000015258789,0.0,492400
2024-03-07,7.949999809265137,7.949999809265137,0.0,8.260000228881836,7.710000038146973,8.239999771118164,0.0,262000
2024-03-08,8.470000267028809,8.470000267028809,0.0,8.670000076293945,8.039999961853027,8.039999961853027,0.0,370900
2024-03-11,7.630000114440918,7.630000114440918,0.0,8.5,6.78000020980835,8.470000267028809,0.0,722600
2024-03-12,8.390000343322754,8.390000343322754,0.0,8.390000343322754,7.389999866485596,7.550000190734863,0.0,387900
2024-03-13,8.279999732971191,8.279999732971191,0.0,8.819999694824219,7.929999828338623,8.25,0.0,410900
2024-03-14,8.270000457763672,8.270000457763672,0.0,8.420000076293945,7.880000114440918,8.1899995803833,0.0,254800
2024-03-15,9.130000114440918,9.130000114440918,0.0,9.149999618530273,8.229999542236328,8.229999542236328,0.0,604100
2024-03-18,8.949999809265137,8.949999809265137,0.0,9.699999809265137,8.520000457763672,9.140000343322754,0.0,839800
2024-03-19,9.039999961853027,9.039999961853027,0.0,9.149999618530273,8.3100004196167,8.600000381469727,0.0,448100
2024-03-20,9.619999885559082,9.619999885559082,0.0,9.619999885559082,8.850000381469727,9.010000228881836,0.0,329400
2024-03-21,10.0,10.0,0.0,10.029999732971191,9.40999984741211,9.649999618530273,0.0,403400
2024-03-22,10.640000343322754,10.640000343322754,0.0,11.199999809265137,9.699999809265137,9.979999542236328,0.0,536900
2024-03-25,11.039999961853027,11.039999961853027,0.0,11.260000228881836,10.600000381469727,10.720000267028809,0.0,626700
2024-03-26,10.039999961853027,10.039999961853027,0.0,11.420000076293945,9.880000114440918,11.1899995803833,0.0,603900
2024-03-27,10.649999618530273,10.649999618530273,0.0,10.829999923706055,9.84000015258789,10.149999618530273,0.0,282000
2024-03-28,10.9399995803833,10.9399995803833,0.0,11.1899995803833,10.350000381469727,10.729999542236328,0.0,309500
2024-04-01,9.869999885559082,9.869999885559082,0.0,11.199999809265137,9.710000038146973,11.0,0.0,543200
2024-04-02,9.489999771118164,9.489999771118164,0.0,10.1899995803833,9.34000015258789,9.699999809265137,0.0,285300
2024-04-03,9.460000038146973,9.460000038146973,0.0,9.760000228881836,9.029999732971191,9.649999618530273,0.0,409200
2024-04-04,7.190000057220459,7.190000057220459,0.0,9.470000267028809,7.099999904632568,9.399999618530273,0.0,1312200
2024-04-05,7.139999866485596,7.139999866485596,0.0,7.639999866485596,7.0,7.050000190734863,0.0,664800
2024-04-08,7.329999923706055,7.329999923706055,0.0,7.420000076293945,7.059999942779541,7.179999828338623,0.0,309500
2024-04-09,7.389999866485596,7.389999866485596,0.0,7.769999980926514,7.179999828338623,7.349999904632568,0.0,310300
2024-04-10,7.119999885559082,7.119999885559082,0.0,7.400000095367432,7.039999961853027,7.400000095367432,0.0,310200
2024-04-11,6.590000152587891,6.590000152587891,0.0,7.159999847412109,6.050000190734863,7.130000114440918,0.0,921700
2024-04-12,5.960000038146973,5.960000038146973,0.0,6.639999866485596,5.889999866485596,6.639999866485596,0.0,631300
2024-04-15,5.630000114440918,5.630000114440918,0.0,5.940000057220459,5.480000019073486,5.940000057220459,0.0,464000
2024-04-16,5.619999885559082,5.619999885559082,0.0,5.690000057220459,5.340000152587891,5.5,0.0,364500
2024-04-17,5.420000076293945,5.420000076293945,0.0,5.789999961853027,5.309999942779541,5.579999923706055,0.0,319700
2024-04-18,4.699999809265137,4.699999809265137,0.0,5.349999904632568,4.679999828338623,5.320000171661377,0.0,637500
2024-04-19,4.320000171661377,4.320000171661377,0.0,4.809999942779541,4.28000020980835,4.639999866485596,0.0,702700
2024-04-22,4.420000076293945,4.420000076293945,0.0,4.539999961853027,4.21999979019165,4.309999942779541,0.0,563700
2024-04-23,4.849999904632568,4.849999904632568,0.0,5.019999980926514,4.400000095367432,4.409999847412109,0.0,649500
2024-04-24,4.670000076293945,4.670000076293945,0.0,5.25,4.579999923706055,5.099999904632568,0.0,418600
2024-04-25,4.289999961853027,4.289999961853027,0.0,4.590000152587891,4.110000133514404,4.489999771118164,0.0,523300
2024-04-26,4.050000190734863,4.050000190734863,0.0,4.349999904632568,3.9700000286102295,4.289999961853027,0.0,328200
2024-04-29,3.740000009536743,3.740000009536743,0.0,4.210000038146973,3.740000009536743,4.190000057220459,0.0,617000
2024-04-30,3.8399999141693115,3.8399999141693115,0.0,3.990000009536743,3.640000104904175,3.819999933242798,0.0,681700
2024-05-01,3.9200000762939453,3.9200000762939453,0.0,4.159999847412109,3.819999933242798,3.8399999141693115,0.0,525200
2024-05-02,4.159999847412109,4.159999847412109,0.0,4.159999847412109,3.9000000953674316,3.9800000190734863,0.0,374200
2024-05-03,4.269999980926514,4.269999980926514,0.0,4.630000114440918,4.150000095367432,4.239999771118164,0.0,419900
2024-05-06,4.769999980926514,4.769999980926514,0.0,4.78000020980835,4.300000190734863,4.300000190734863,0.0,398600
2024-05-07,4.710000038146973,4.710000038146973,0.0,4.920000076293945,4.599999904632568,4.75,0.0,290000
2024-05-08,4.75,4.75,0.0,5.039999961853027,4.599999904632568,4.789999961853027,0.0,368900
2024-05-09,4.159999847412109,4.159999847412109,0.0,4.849999904632568,4.130000114440918,4.789999961853027,0.0,486200
2024-05-10,3.759999990463257,3.759999990463257,0.0,3.9800000190734863,3.690000057220459,3.859999895095825,0.0,640300
2024-05-13,4.170000076293945,4.170000076293945,0.0,4.230000019073486,3.7699999809265137,3.7699999809265137,0.0,373900
2024-05-14,2.119999885559082,2.119999885559082,0.0,2.8399999141693115,1.7200000286102295,2.8399999141693115,0.0,4020700
2024-05-15,2.240000009536743,2.240000009536743,0.0,2.25,1.9900000095367432,2.2200000286102295,0.0,1111800
2024-05-16,2.140000104904175,2.140000104904175,0.0,2.1600000858306885,1.8799999952316284,2.130000114440918,0.0,1007700
2024-05-17,1.9299999475479126,1.9299999475479126,0.0,2.130000114440918,1.8700000047683716,2.069999933242798,0.0,761000
2024-05-20,1.840000033378601,1.840000033378601,0.0,1.9299999475479126,1.8300000429153442,1.9299999475479126,0.0,702800
2024-05-21,2.119999885559082,2.119999885559082,0.0,2.180000066757202,1.8200000524520874,1.8600000143051147,0.0,841200
2024-05-22,2.0399999618530273,2.0399999618530273,0.0,2.240000009536743,2.009999990463257,2.119999885559082,0.0,419800
2024-05-23,1.9800000190734863,1.9800000190734863,0.0,2.0899999141693115,1.9700000286102295,2.059999942779541,0.0,302000
2024-05-24,2.0,2.0,0.0,2.0799999237060547,1.9800000190734863,2.049999952316284,0.0,174600
2024-05-28,2.109999895095825,2.109999895095825,0.0,2.1500000953674316,1.9600000381469727,2.0299999713897705,0.0,354200
2024-05-29,2.059999942779541,2.059999942779541,0.0,2.140000104904175,2.0199999809265137,2.049999952316284,0.0,193600
2024-05-30,1.9500000476837158,1.9500000476837158,0.0,2.0999999046325684,1.9299999475479126,2.0899999141693115,0.0,199200
2024-05-31,1.8700000047683716,1.8700000047683716,0.0,2.0399999618530273,1.8600000143051147,1.9800000190734863,0.0,336600
2024-06-03,2.1700000762939453,2.1700000762939453,0.0,2.1700000762939453,1.899999976158142,1.9199999570846558,0.0,634700
2024-06-04,1.840000033378601,1.840000033378601,0.0,2.059999942779541,1.840000033378601,2.049999952316284,0.0,613200
2024-06-05,1.809999942779541,1.809999942779541,0.0,1.899999976158142,1.809999942779541,1.8600000143051147,0.0,335700
2024-06-06,1.7100000381469727,1.7100000381469727,0.0,1.8200000524520874,1.7100000381469727,1.7999999523162842,0.0,417400
2024-06-07,1.7100000381469727,1.7100000381469727,0.0,1.8300000429153442,1.6699999570846558,1.7200000286102295,0.0,343000
2024-06-10,1.8200000524520874,1.8200000524520874,0.0,1.840000033378601,1.6399999856948853,1.7100000381469727,0.0,347800
2024-06-11,1.7799999713897705,1.7799999713897705,0.0,1.809999942779541,1.7200000286102295,1.7699999809265137,0.0,146200
2024-06-12,1.7200000286102295,1.7200000286102295,0.0,1.8700000047683716,1.7100000381469727,1.840000033378601,0.0,248500
2024-06-13,1.7200000286102295,1.7200000286102295,0.0,1.7599999904632568,1.6799999475479126,1.7200000286102295,0.0,157000
2024-06-14,1.7599999904632568,1.7599999904632568,0.0,1.8200000524520874,1.7200000286102295,1.7400000095367432,0.0,149700
2024-06-17,1.7000000476837158,1.7000000476837158,0.0,1.7799999713897705,1.7000000476837158,1.7799999713897705,0.0,126800
2024-06-18,1.75,1.75,0.0,1.7999999523162842,1.6799999475479126,1.7000000476837158,0.0,210400
2024-06-20,1.7200000286102295,1.7200000286102295,0.0,1.7799999713897705,1.7100000381469727,1.7599999904632568,0.0,260500
2024-06-21,1.7999999523162842,1.7999999523162842,0.0,1.8899999856948853,1.7000000476837158,1.7000000476837158,0.0,229800
2024-06-24,1.7300000190734863,1.7300000190734863,0.0,1.8600000143051147,1.7200000286102295,1.8300000429153442,0.0,138900
2024-06-25,1.7300000190734863,1.7300000190734863,0.0,1.7799999713897705,1.7000000476837158,1.7300000190734863,0.0,130900
2024-06-26,1.690000057220459,1.690000057220459,0.0,1.7400000095367432,1.6299999952316284,1.7400000095367432,0.0,319200
2024-06-27,1.7300000190734863,1.7300000190734863,0.0,1.75,1.600000023841858,1.7100000381469727,0.0,301200
2024-06-28,1.659999966621399,1.659999966621399,0.0,1.7899999618530273,1.6299999952316284,1.7599999904632568,0.0,246600
2024-07-01,1.590000033378601,1.590000033378601,0.0,1.7000000476837158,1.5399999618530273,1.6699999570846558,0.0,291900
2024-07-02,1.6100000143051147,1.6100000143051147,0.0,1.6200000047683716,1.5099999904632568,1.6200000047683716,0.0,408900
2024-07-03,1.6799999475479126,1.6799999475479126,0.0,1.7200000286102295,1.600000023841858,1.6100000143051147,0.0,119500
2024-07-05,1.6699999570846558,1.6699999570846558,0.0,1.7400000095367432,1.649999976158142,1.659999966621399,0.0,115600
2024-07-08,1.7100000381469727,1.7100000381469727,0.0,1.7799999713897705,1.5299999713897705,1.6799999475479126,0.0,272800
2024-07-09,1.7799999713897705,1.7799999713897705,0.0,1.8200000524520874,1.659999966621399,1.7100000381469727,0.0,186000
2024-07-10,1.75,1.75,0.0,1.8200000524520874,1.7200000286102295,1.809999942779541,0.0,129800
2024-07-11,2.0399999618530273,2.0399999618530273,0.0,2.049999952316284,1.7699999809265137,1.7699999809265137,0.0,448800
2024-07-12,2.25,2.25,0.0,2.259999990463257,2.0,2.0,0.0,506200
2024-07-15,2.119999885559082,2.119999885559082,0.0,2.2899999618530273,2.119999885559082,2.25,0.0,185500
2024-07-16,2.259999990463257,2.259999990463257,0.0,2.4200000762939453,2.109999895095825,2.1600000858306885,0.0,424900
2024-07-17,2.190000057220459,2.190000057220459,0.0,2.390000104904175,2.1600000858306885,2.2300000190734863,0.0,276200
2024-07-18,1.9800000190734863,1.9800000190734863,0.0,2.259999990463257,1.9800000190734863,2.180000066757202,0.0,228400
2024-07-19,1.9500000476837158,1.9500000476837158,0.0,2.0999999046325684,1.9199999570846558,2.0299999713897705,0.0,151900
2024-07-22,2.059999942779541,2.059999942779541,0.0,2.069999933242798,1.8700000047683716,1.9700000286102295,0.0,180000
2024-07-23,2.0399999618530273,2.0399999618530273,0.0,2.130000114440918,2.0199999809265137,2.0199999809265137,0.0,99000
2024-07-24,2.009999990463257,2.009999990463257,0.0,2.0799999237060547,1.9800000190734863,1.9900000095367432,0.0,78800
2024-07-25,1.9800000190734863,1.9800000190734863,0.0,2.0899999141693115,1.9800000190734863,2.0299999713897705,0.0,122600
2024-07-26,1.9600000381469727,1.9600000381469727,0.0,2.0299999713897705,1.8700000047683716,2.0199999809265137,0.0,133800
2024-07-29,1.9500000476837158,1.9500000476837158,0.0,2.0299999713897705,1.9199999570846558,1.9500000476837158,0.0,64800
2024-07-30,1.8600000143051147,1.8600000143051147,0.0,1.9800000190734863,1.7999999523162842,1.9700000286102295,0.0,99900
2024-07-31,1.9199999570846558,1.9199999570846558,0.0,1.9800000190734863,1.8700000047683716,1.8700000047683716,0.0,87700
2024-08-01,1.8700000047683716,1.8700000047683716,0.0,1.9299999475479126,1.7599999904632568,1.9199999570846558,0.0,238300
2024-08-02,1.6699999570846558,1.6699999570846558,0.0,1.7799999713897705,1.659999966621399,1.7799999713897705,0.0,127400
2024-08-05,1.690000057220459,1.690000057220459,0.0,1.7300000190734863,1.559999942779541,1.6100000143051147,0.0,119900
2024-08-06,1.7000000476837158,1.7000000476837158,0.0,1.75,1.6200000047683716,1.7100000381469727,0.0,122900
2024-08-07,1.590000033378601,1.590000033378601,0.0,1.8200000524520874,1.590000033378601,1.7000000476837158,0.0,189300
2024-08-08,1.6799999475479126,1.6799999475479126,0.0,1.6799999475479126,1.6200000047683716,1.6299999952316284,0.0,85100
2024-08-09,1.6699999570846558,1.6699999570846558,0.0,1.7100000381469727,1.5099999904632568,1.559999942779541,0.0,321900
2024-08-12,1.5700000524520874,1.5700000524520874,0.0,1.659999966621399,1.559999942779541,1.6200000047683716,0.0,92400
2024-08-13,1.5099999904632568,1.5099999904632568,0.0,1.6100000143051147,1.4900000095367432,1.590000033378601,0.0,193600
2024-08-14,1.5299999713897705,1.5299999713897705,0.0,1.600000023841858,1.4900000095367432,1.5700000524520874,0.0,186200
2024-08-15,1.5299999713897705,1.5299999713897705,0.0,1.6100000143051147,1.5199999809265137,1.6100000143051147,0.0,121400
2024-08-16,1.5700000524520874,1.5700000524520874,0.0,1.5700000524520874,1.5,1.5,0.0,74000
2024-08-19,1.600000023841858,1.600000023841858,0.0,1.600000023841858,1.5499999523162842,1.5800000429153442,0.0,125100
2024-08-20,1.5800000429153442,1.5800000429153442,0.0,1.6100000143051147,1.559999942779541,1.600000023841858,0.0,77500
2024-08-21,1.600000023841858,1.600000023841858,0.0,1.6100000143051147,1.5800000429153442,1.6100000143051147,0.0,75400
2024-08-22,1.5199999809265137,1.5199999809265137,0.0,1.6299999952316284,1.5099999904632568,1.5700000524520874,0.0,129000
2024-08-23,1.559999942779541,1.559999942779541,0.0,1.600000023841858,1.5099999904632568,1.559999942779541,0.0,44900
2024-08-26,1.5399999618530273,1.5399999618530273,0.0,1.600000023841858,1.4800000190734863,1.5800000429153442,0.0,128600
2024-08-27,1.409999966621399,1.409999966621399,0.0,1.5299999713897705,1.2899999618530273,1.5,0.0,977900
2024-08-28,1.399999976158142,1.399999976158142,0.0,1.5299999713897705,1.3799999952316284,1.5199999809265137,0.0,104800
2024-08-29,1.5299999713897705,1.5299999713897705,0.0,1.559999942779541,1.3700000047683716,1.399999976158142,0.0,261800
2024-08-30,1.5,1.5,0.0,1.559999942779541,1.4299999475479126,1.5299999713897705,0.0,59500
2024-09-03,1.4600000381469727,1.4600000381469727,0.0,1.5299999713897705,1.3899999856948853,1.4600000381469727,0.0,129500
2024-09-04,1.440000057220459,1.440000057220459,0.0,1.4700000286102295,1.3600000143051147,1.4600000381469727,0.0,105200
2024-09-05,1.440000057220459,1.440000057220459,0.0,1.4500000476837158,1.350000023841858,1.440000057220459,0.0,144000
2024-09-06,1.340000033378601,1.340000033378601,0.0,1.4500000476837158,1.2899999618530273,1.4500000476837158,0.0,98800
2024-09-09,1.350000023841858,1.350000023841858,0.0,1.3600000143051147,1.3300000429153442,1.3300000429153442,0.0,55700
2024-09-10,1.2799999713897705,1.2799999713897705,0.0,1.350000023841858,1.2599999904632568,1.3300000429153442,0.0,155100
2024-09-11,1.4299999475479126,1.4299999475479126,0.0,1.4299999475479126,1.2300000190734863,1.2999999523162842,0.0,164200
2024-09-12,1.3899999856948853,1.3899999856948853,0.0,1.4600000381469727,1.3700000047683716,1.3700000047683716,0.0,50000
2024-09-13,1.559999942779541,1.559999942779541,0.0,1.6100000143051147,1.399999976158142,1.399999976158142,0.0,149600
2024-09-16,1.850000023841858,1.850000023841858,0.0,1.909999966621399,1.5199999809265137,1.5299999713897705,0.0,640600
2024-09-17,1.7799999713897705,1.7799999713897705,0.0,1.9299999475479126,1.659999966621399,1.899999976158142,0.0,203600
2024-09-18,1.8600000143051147,1.8600000143051147,0.0,1.9199999570846558,1.7400000095367432,1.75,0.0,179100
2024-09-19,1.7400000095367432,1.7400000095367432,0.0,1.899999976158142,1.649999976158142,1.899999976158142,0.0,307500
2024-09-20,1.7200000286102295,1.7200000286102295,0.0,1.7699999809265137,1.6699999570846558,1.7100000381469727,0.0,121000
2024-09-23,1.600000023841858,1.600000023841858,0.0,1.7300000190734863,1.5499999523162842,1.7300000190734863,0.0,152000
2024-09-24,1.5299999713897705,1.5299999713897705,0.0,1.6299999952316284,1.4800000190734863,1.6100000143051147,0.0,110900
2024-09-25,1.4800000190734863,1.4800000190734863,0.0,1.600000023841858,1.4600000381469727,1.559999942779541,0.0,91300
2024-09-26,1.5399999618530273,1.5399999618530273,0.0,1.5800000429153442,1.4800000190734863,1.4800000190734863,0.0,113900
2024-09-27,1.5800000429153442,1.5800000429153442,0.0,1.659999966621399,1.5499999523162842,1.5499999523162842,0.0,97600
2024-09-30,1.7000000476837158,1.7000000476837158,0.0,1.7999999523162842,1.649999976158142,1.6799999475479126,0.0,244600
2024-10-01,1.8300000429153442,1.8300000429153442,0.0,1.840000033378601,1.6299999952316284,1.690000057220459,0.0,266400
2024-10-02,1.9299999475479126,1.9299999475479126,0.0,2.0,1.7999999523162842,1.850000023841858,0.0,314600
2024-10-03,1.9700000286102295,1.9700000286102295,0.0,2.0,1.8700000047683716,1.9500000476837158,0.0,174300
2024-10-04,1.9299999475479126,1.9299999475479126,0.0,1.9700000286102295,1.8799999952316284,1.940000057220459,0.0,182000
2024-10-07,1.850000023841858,1.850000023841858,0.0,1.9199999570846558,1.840000033378601,1.9199999570846558,0.0,56700
2024-10-08,1.840000033378601,1.840000033378601,0.0,1.8600000143051147,1.7899999618530273,1.8600000143051147,0.0,43700
2024-10-09,1.75,1.75,0.0,1.850000023841858,1.6699999570846558,1.8300000429153442,0.0,68600
2024-10-10,1.7200000286102295,1.7200000286102295,0.0,1.7599999904632568,1.6699999570846558,1.7100000381469727,0.0,106700
2024-10-11,1.840000033378601,1.840000033378601,0.0,1.8600000143051147,1.659999966621399,1.7200000286102295,0.0,146800
2024-10-14,1.7599999904632568,1.7599999904632568,0.0,1.840000033378601,1.7599999904632568,1.8300000429153442,0.0,52400
2024-10-15,1.7100000381469727,1.7100000381469727,0.0,1.7699999809265137,1.6699999570846558,1.7400000095367432,0.0,46300
2024-10-16,1.7200000286102295,1.7200000286102295,0.0,1.7599999904632568,1.6799999475479126,1.7000000476837158,0.0,61900
2024-10-17,1.690000057220459,1.690000057220459,0.0,1.75,1.649999976158142,1.75,0.0,45000
2024-10-18,1.7200000286102295,1.7200000286102295,0.0,1.7799999713897705,1.690000057220459,1.7300000190734863,0.0,92600
2024-10-21,1.7000000476837158,1.7000000476837158,0.0,1.7599999904632568,1.6699999570846558,1.7000000476837158,0.0,83400
2024-10-22,1.7599999904632568,1.7599999904632568,0.0,1.7599999904632568,1.649999976158142,1.690000057220459,0.0,93700
2024-10-23,1.6799999475479126,1.6799999475479126,0.0,1.7799999713897705,1.659999966621399,1.7699999809265137,0.0,43400
2024-10-24,1.6799999475479126,1.6799999475479126,0.0,1.7400000095367432,1.6399999856948853,1.7000000476837158,0.0,64000
2024-10-25,1.7100000381469727,1.7100000381469727,0.0,1.7300000190734863,1.6399999856948853,1.7000000476837158,0.0,33100
2024-10-28,1.8200000524520874,1.8200000524520874,0.0,1.840000033378601,1.6799999475479126,1.6799999475479126,0.0,109900
2024-10-29,1.8200000524520874,1.8200000524520874,0.0,1.8200000524520874,1.7300000190734863,1.7899999618530273,0.0,53600
2024-10-30,1.8200000524520874,1.8200000524520874,0.0,1.840000033378601,1.7799999713897705,1.840000033378601,0.0,25300
2024-10-31,1.7699999809265137,1.7699999809265137,0.0,1.899999976158142,1.7000000476837158,1.8200000524520874,0.0,125700
2024-11-01,1.7799999713897705,1.7799999713897705,0.0,1.8300000429153442,1.7200000286102295,1.7699999809265137,0.0,35400
2024-11-04,1.75,1.75,0.0,1.8300000429153442,1.7100000381469727,1.7599999904632568,0.0,117200
2024-11-05,1.909999966621399,1.909999966621399,0.0,2.140000104904175,1.7799999713897705,1.8200000524520874,0.0,473600
2024-11-06,2.430000066757202,2.430000066757202,0.0,2.4700000286102295,1.899999976158142,1.9299999475479126,0.0,1275900
2024-11-07,2.630000114440918,2.630000114440918,0.0,2.8499999046325684,2.4000000953674316,2.430000066757202,0.0,623300
2024-11-08,3.0,3.0,0.0,3.2899999618530273,2.740000009536743,2.799999952316284,0.0,949600
2024-11-11,3.3299999237060547,3.3299999237060547,0.0,3.5999999046325684,3.130000114440918,3.180000066757202,0.0,656600
2024-11-12,3.0199999809265137,3.0199999809265137,0.0,3.5299999713897705,2.799999952316284,3.5199999809265137,0.0,713400
2024-11-13,2.859999895095825,2.859999895095825,0.0,3.190000057220459,2.7799999713897705,3.049999952316284,0.0,282600
2024-11-14,2.7300000190734863,2.7300000190734863,0.0,3.0,2.7100000381469727,2.8499999046325684,0.0,311900
2024-11-15,2.680000066757202,2.680000066757202,0.0,2.859999895095825,2.559999942779541,2.7300000190734863,0.0,361600
2024-11-18,2.7200000286102295,2.7200000286102295,0.0,2.859999895095825,2.5899999141693115,2.700000047683716,0.0,229100
2024-11-19,2.7899999618530273,2.7899999618530273,0.0,2.8299999237060547,2.6500000953674316,2.6500000953674316,0.0,212500
2024-11-20,3.2100000381469727,3.2100000381469727,0.0,3.7799999713897705,3.0999999046325684,3.1500000953674316,0.0,2291800
2024-11-21,3.4100000858306885,3.4100000858306885,0.0,3.6500000953674316,3.190000057220459,3.200000047683716,0.0,755300
2024-11-22,3.5899999141693115,3.5899999141693115,0.0,3.819999933242798,3.299999952316284,3.5,0.0,590500
2024-11-25,3.75,3.75,0.0,3.809999942779541,3.359999895095825,3.609999895095825,0.0,538300
2024-11-26,3.190000057220459,3.190000057220459,0.0,3.75,3.1500000953674316,3.7100000381469727,0.0,475800
2024-11-27,3.5399999618530273,3.5399999618530273,0.0,3.569999933242798,3.2200000286102295,3.2200000286102295,0.0,248900
2024-11-29,3.6600000858306885,3.6600000858306885,0.0,3.7799999713897705,3.4800000190734863,3.569999933242798,0.0,163300
2024-12-02,3.9000000953674316,3.9000000953674316,0.0,4.25,3.7200000286102295,3.7699999809265137,0.0,979300
2024-12-03,4.190000057220459,4.190000057220459,0.0,4.429999828338623,3.6600000858306885,4.039999961853027,0.0,1481900
2024-12-04,3.930000066757202,3.930000066757202,0.0,4.840000152587891,3.6600000858306885,4.139999866485596,0.0,2491900
2024-12-05,4.019999980926514,4.019999980926514,0.0,4.099999904632568,3.430000066757202,3.9800000190734863,0.0,699500
2024-12-06,3.799999952316284,3.799999952316284,0.0,4.199999809265137,3.75,4.010000228881836,0.0,817600
2024-12-09,3.9200000762939453,3.9200000762939453,0.0,4.130000114440918,3.630000114440918,3.7100000381469727,0.0,523800
2024-12-10,4.840000152587891,4.840000152587891,0.0,5.190000057220459,4.159999847412109,4.260000228881836,0.0,2416700
2024-12-11,4.989999771118164,4.989999771118164,0.0,5.170000076293945,4.650000095367432,4.980000019073486,0.0,537000
2024-12-12,4.71999979019165,4.71999979019165,0.0,5.119999885559082,4.630000114440918,4.889999866485596,0.0,339400
2024-12-13,5.949999809265137,5.949999809265137,0.0,6.300000190734863,4.880000114440918,4.900000095367432,0.0,6630000
2024-12-16,5.809999942779541,5.809999942779541,0.0,6.480000019073486,5.440000057220459,5.739999771118164,0.0,1179200
2024-12-17,5.550000190734863,5.550000190734863,0.0,6.199999809265137,5.409999847412109,5.829999923706055,0.0,778200
2024-12-18,3.950000047683716,3.950000047683716,0.0,4.860000133514404,3.819999933242798,4.78000020980835,0.0,5632600
2024-12-19,3.8399999141693115,3.8399999141693115,0.0,4.230000019073486,3.549999952316284,4.150000095367432,0.0,3062300
2024-12-20,4.079999923706055,4.079999923706055,0.0,4.340000152587891,3.759999990463257,3.799999952316284,0.0,1251600
2024-12-23,3.940000057220459,3.940000057220459,0.0,4.119999885559082,3.7899999618530273,4.059999942779541,0.0,669600
2024-12-24,4.53000020980835,4.53000020980835,0.0,4.619999885559082,4.099999904632568,4.179999828338623,0.0,1377600
2024-12-26,4.860000133514404,4.860000133514404,0.0,4.980000019073486,4.400000095367432,4.53000020980835,0.0,758400
2024-12-27,4.75,4.75,0.0,4.900000095367432,4.369999885559082,4.849999904632568,0.0,559400
2024-12-30,4.21999979019165,4.21999979019165,0.0,4.75,4.139999866485596,4.75,0.0,925500
2024-12-31,4.139999866485596,4.139999866485596,0.0,4.420000076293945,4.010000228881836,4.21999979019165,0.0,606600
2025-01-02,4.190000057220459,4.190000057220459,0.0,4.480000019073486,4.050000190734863,4.210000038146973,0.0,428500
2025-01-03,5.03000020980835,5.03000020980835,0.0,5.139999866485596,4.210000038146973,4.25,0.0,1003200
2025-01-06,5.400000095367432,5.400000095367432,0.0,5.670000076293945,5.010000228881836,5.179999828338623,0.0,1131500
2025-01-07,5.059999942779541,5.059999942779541,0.0,5.659999847412109,4.940000057220459,5.53000020980835,0.0,686500
2025-01-08,4.53000020980835,4.53000020980835,0.0,4.96999979019165,4.170000076293945,4.960000038146973,0.0,1253500
2025-01-10,4.369999885559082,4.369999885559082,0.0,4.659999847412109,4.25,4.409999847412109,0.0,422300
2025-01-13,4.21999979019165,4.21999979019165,0.0,4.420000076293945,4.059999942779541,4.230000019073486,0.0,458500
2025-01-14,4.21999979019165,4.21999979019165,0.0,4.429999828338623,3.9800000190734863,4.429999828338623,0.0,860300
2025-01-15,4.260000228881836,4.260000228881836,0.0,4.670000076293945,4.179999828338623,4.550000190734863,0.0,492900
2025-01-16,4.320000171661377,4.320000171661377,0.0,4.340000152587891,3.869999885559082,4.119999885559082,0.0,1395500
2025-01-17,4.269999980926514,4.269999980926514,0.0,4.539999961853027,4.21999979019165,4.420000076293945,0.0,328200
2025-01-21,4.559999942779541,4.559999942779541,0.0,4.610000133514404,4.210000038146973,4.349999904632568,0.0,336600
2025-01-22,4.409999847412109,4.409999847412109,0.0,4.590000152587891,4.28000020980835,4.559999942779541,0.0,310200
2025-01-23,4.489999771118164,4.489999771118164,0.0,4.5,4.230000019073486,4.409999847412109,0.0,342100
2025-01-24,4.199999809265137,4.199999809265137,0.0,4.5,4.099999904632568,4.440000057220459,0.0,384500
2025-01-27,4.440000057220459,4.440000057220459,0.0,4.800000190734863,4.119999885559082,4.239999771118164,0.0,815300
2025-01-28,4.570000171661377,4.570000171661377,0.0,4.599999904632568,4.340000152587891,4.510000228881836,0.0,201100
2025-01-29,4.389999866485596,4.389999866485596,0.0,4.690000057220459,4.269999980926514,4.510000228881836,0.0,407900
2025-01-30,4.460000038146973,4.460000038146973,0.0,4.539999961853027,4.360000133514404,4.480000019073486,0.0,291200
2025-01-31,4.28000020980835,4.28000020980835,0.0,4.5,4.070000171661377,4.46999979019165,0.0,453100
2025-02-03,4.429999828338623,4.429999828338623,0.0,4.510000228881836,4.039999961853027,4.039999961853027,0.0,471600
2025-02-04,4.5,4.5,0.0,4.800000190734863,4.320000171661377,4.5,0.0,1029600
2025-02-05,4.179999828338623,4.179999828338623,0.0,4.5,4.090000152587891,4.5,0.0,813400
2025-02-06,3.9200000762939453,3.9200000762939453,0.0,4.349999904632568,3.859999895095825,4.349999904632568,0.0,1700800
2025-02-07,3.509999990463257,3.509999990463257,0.0,3.950000047683716,3.5,3.9100000858306885,0.0,1096800
2025-02-10,4.099999904632568,4.099999904632568,0.0,4.239999771118164,3.7300000190734863,3.7899999618530273,0.0,1293200
2025-02-11,3.809999942779541,3.809999942779541,0.0,4.110000133514404,3.7100000381469727,4.110000133514404,0.0,790100
2025-02-12,3.740000009536743,3.740000009536743,0.0,3.880000114440918,3.6700000762939453,3.75,0.0,514500
2025-02-13,3.740000009536743,3.740000009536743,0.0,3.8399999141693115,3.5799999237060547,3.8399999141693115,0.0,521000
2025-02-14,3.7799999713897705,3.7799999713897705,0.0,3.9200000762939453,3.680000066757202,3.7100000381469727,0.0,612900
2025-02-18,3.8399999141693115,3.8399999141693115,0.0,4.059999942779541,3.7699999809265137,3.8499999046325684,0.0,529900
2025-02-19,3.9000000953674316,3.9000000953674316,0.0,4.070000171661377,3.5799999237060547,3.799999952316284,0.0,697200
2025-02-20,4.25,4.25,0.0,4.510000228881836,3.9000000953674316,3.9000000953674316,0.0,884500
2025-02-21,4.059999942779541,4.059999942779541,0.0,4.400000095367432,3.9000000953674316,4.25,0.0,521700
2025-02-24,4.050000190734863,4.050000190734863,0.0,4.289999961853027,3.740000009536743,4.099999904632568,0.0,710700
2025-02-25,3.7799999713897705,3.7799999713897705,0.0,4.150000095367432,3.619999885559082,4.03000020980835,0.0,527900
2025-02-26,3.819999933242798,3.819999933242798,0.0,3.9800000190734863,3.7799999713897705,3.7899999618530273,0.0,244500
2025-02-27,3.4600000381469727,3.4600000381469727,0.0,3.880000114440918,3.4600000381469727,3.8399999141693115,0.0,611700
2025-02-28,3.0799999237060547,3.0799999237060547,0.0,3.4700000286102295,3.0399999618530273,3.380000114440918,0.0,1006200
2025-03-03,2.700000047683716,2.700000047683716,0.0,3.259999990463257,2.680000066757202,3.130000114440918,0.0,889000
2025-03-04,2.7799999713897705,2.7799999713897705,0.0,2.880000114440918,2.490000009536743,2.680000066757202,0.0,1041000
2025-03-05,2.7899999618530273,2.7899999618530273,0.0,2.8499999046325684,2.619999885559082,2.7699999809265137,0.0,685700
2025-03-06,2.6600000858306885,2.6600000858306885,0.0,2.859999895095825,2.609999895095825,2.75,0.0,576700
2025-03-07,2.619999885559082,2.619999885559082,0.0,2.799999952316284,2.440000057220459,2.6600000858306885,0.0,783400
2025-03-10,2.4000000953674316,2.4000000953674316,0.0,3.119999885559082,2.390000104904175,2.5899999141693115,0.0,915200
2025-03-11,2.5799999237060547,2.5799999237060547,0.0,2.640000104904175,2.319999933242798,2.4100000858306885,0.0,682500
2025-03-12,2.9100000858306885,2.9100000858306885,0.0,2.950000047683716,2.5799999237060547,2.6700000762939453,0.0,535300
2025-03-13,2.630000114440918,2.630000114440918,0.0,2.9700000286102295,2.609999895095825,2.940000057220459,0.0,465600
2025-03-14,2.9800000190734863,2.9800000190734863,0.0,3.1500000953674316,2.7300000190734863,2.740000009536743,0.0,377600
2025-03-17,3.109999895095825,3.109999895095825,0.0,3.119999885559082,2.880000114440918,2.950000047683716,0.0,300600
2025-03-18,3.0999999046325684,3.0999999046325684,0.0,3.1500000953674316,2.890000104904175,3.069999933242798,0.0,351100
2025-03-19,3.200000047683716,3.200000047683716,0.0,3.3499999046325684,3.009999990463257,3.130000114440918,0.0,567300
2025-03-20,2.819999933242798,2.819999933242798,0.0,3.259999990463257,2.7799999713897705,3.259999990463257,0.0,559700
2025-03-21,2.75,2.75,0.0,2.869999885559082,2.7200000286102295,2.740000009536743,0.0,323200
2025-03-24,2.9000000953674316,2.9000000953674316,0.0,2.940000057220459,2.7799999713897705,2.819999933242798,0.0,184600
2025-03-25,2.5799999237060547,2.5799999237060547,0.0,2.940000057220459,2.5799999237060547,2.930000066757202,0.0,493000
2025-03-26,2.2699999809265137,2.2699999809265137,0.0,2.740000009536743,2.259999990463257,2.5799999237060547,0.0,638900
2025-03-27,2.3499999046325684,2.3499999046325684,0.0,2.4600000381469727,2.200000047683716,2.240000009536743,0.0,995800
2025-03-28,2.1500000953674316,2.1500000953674316,0.0,2.4000000953674316,2.130000114440918,2.3499999046325684,0.0,560200
2025-03-31,2.2100000381469727,2.2100000381469727,0.0,2.2100000381469727,1.9800000190734863,2.049999952316284,0.0,339300
2025-04-01,2.4100000858306885,2.4100000858306885,0.0,2.5299999713897705,2.1700000762939453,2.299999952316284,0.0,692200
2025-04-02,2.869999885559082,2.869999885559082,0.0,2.890000104904175,2.3399999141693115,2.359999895095825,0.0,809000
2025-04-03,2.759999990463257,2.759999990463257,0.0,2.809999942779541,2.3499999046325684,2.509999990463257,0.0,663400
2025-04-04,2.3499999046325684,2.3499999046325684,0.0,2.740000009536743,2.25,2.5999999046325684,0.0,1282000
2025-04-07,2.359999895095825,2.359999895095825,0.0,2.549999952316284,2.180000066757202,2.180000066757202,0.0,484900
2025-04-08,2.4200000762939453,2.4200000762939453,0.0,2.7799999713897705,2.380000114440918,2.640000104904175,0.0,1068800
2025-04-09,2.809999942779541,2.809999942779541,0.0,2.819999933242798,2.319999933242798,2.359999895095825,0.0,1278500
2025-04-10,1.409999966621399,1.409999966621399,0.0,2.7100000381469727,1.149999976158142,2.690000057220459,0.0,3096900
2025-04-11,1.5,1.5,0.0,1.6399999856948853,1.2699999809265137,1.5299999713897705,0.0,5809600
2025-04-14,1.5499999523162842,1.5499999523162842,0.0,1.600000023841858,1.399999976158142,1.5399999618530273,0.0,1762000
2025-04-15,1.7699999809265137,1.7699999809265137,0.0,1.850000023841858,1.5299999713897705,1.559999942779541,0.0,1355000
2025-04-16,1.649999976158142,1.649999976158142,0.0,1.840000033378601,1.6200000047683716,1.7100000381469727,0.0,693800
2025-04-17,1.6399999856948853,1.6399999856948853,0.0,1.7100000381469727,1.5800000429153442,1.649999976158142,0.0,515700
2025-04-21,1.6100000143051147,1.6100000143051147,0.0,1.7000000476837158,1.5199999809265137,1.6299999952316284,0.0,953800
2025-04-22,1.649999976158142,1.649999976158142,0.0,1.690000057220459,1.6200000047683716,1.659999966621399,0.0,367300
2025-04-23,1.7699999809265137,1.7699999809265137,0.0,1.8799999952316284,1.7200000286102295,1.7300000190734863,0.0,554800
2025-04-24,1.9199999570846558,1.9199999570846558,0.0,1.940000057220459,1.7300000190734863,1.7799999713897705,0.0,545300
2025-04-25,1.8700000047683716,1.8700000047683716,0.0,1.9299999475479126,1.7799999713897705,1.9299999475479126,0.0,288200
2025-04-28,1.909999966621399,1.909999966621399,0.0,1.9299999475479126,1.809999942779541,1.8700000047683716,0.0,262200
2025-04-29,1.9700000286102295,1.9700000286102295,0.0,1.9900000095367432,1.8700000047683716,1.909999966621399,0.0,309700
2025-04-30,1.9700000286102295,1.9700000286102295,0.0,1.9800000190734863,1.809999942779541,1.9299999475479126,0.0,284000
2025-05-01,1.9800000190734863,1.9800000190734863,0.0,2.059999942779541,1.909999966621399,2.0,0.0,235800
2025-05-02,2.0299999713897705,2.0299999713897705,0.0,2.0799999237060547,1.9800000190734863,1.9800000190734863,0.0,339700
2025-05-05,2.0399999618530273,2.0399999618530273,0.0,2.0999999046325684,1.9800000190734863,2.0199999809265137,0.0,198500
2025-05-06,1.7599999904632568,1.7599999904632568,0.0,2.0299999713897705,1.75,1.9800000190734863,0.0,285300
2025-05-07,2.009999990463257,2.009999990463257,0.0,2.059999942779541,1.850000023841858,1.9800000190734863,0.0,653400
2025-05-08,2.2200000286102295,2.2200000286102295,0.0,2.359999895095825,1.9199999570846558,2.180000066757202,0.0,939600
2025-05-09,1.9600000381469727,1.9600000381469727,0.0,2.2200000286102295,1.9500000476837158,2.2200000286102295,0.0,585400
2025-05-12,2.190000057220459,2.190000057220459,0.0,2.2100000381469727,2.049999952316284,2.119999885559082,0.0,475900
2025-05-13,2.0999999046325684,2.0999999046325684,0.0,2.2200000286102295,2.069999933242798,2.2100000381469727,0.0,429400
2025-05-14,2.0399999618530273,2.0399999618530273,0.0,2.0999999046325684,1.9600000381469727,2.069999933242798,0.0,311700
2025-05-15,2.0299999713897705,2.0299999713897705,0.0,2.069999933242798,1.9900000095367432,2.0199999809265137,0.0,316400
2025-05-16,2.259999990463257,2.259999990463257,0.0,2.3399999141693115,2.049999952316284,2.069999933242798,0.0,717300
2025-05-19,2.25,2.25,0.0,2.299999952316284,2.1700000762939453,2.1700000762939453,0.0,369100
2025-05-20,2.200000047683716,2.200000047683716,0.0,2.2899999618530273,2.1600000858306885,2.200000047683716,0.0,309900
2025-05-21,2.0199999809265137,2.0199999809265137,0.0,2.180000066757202,2.0,2.180000066757202,0.0,325900
2025-05-22,2.109999895095825,2.109999895095825,0.0,2.2300000190734863,1.9600000381469727,2.009999990463257,0.0,412500
2025-05-23,2.119999885559082,2.119999885559082,0.0,2.140000104904175,1.9900000095367432,2.0,0.0,203100
2025-05-27,2.549999952316284,2.549999952316284,0.0,2.6700000762939453,2.1600000858306885,2.2200000286102295,0.0,1672100
2025-05-28,2.430000066757202,2.430000066757202,0.0,2.5399999618530273,2.3399999141693115,2.5299999713897705,0.0,491400
2025-05-29,2.799999952316284,2.799999952316284,0.0,2.9600000381469727,2.3499999046325684,2.490000009536743,0.0,1757200
2025-05-30,2.5999999046325684,2.5999999046325684,0.0,2.950000047683716,2.5899999141693115,2.7300000190734863,0.0,1167600
2025-06-02,2.7100000381469727,2.7100000381469727,0.0,2.759999990463257,2.549999952316284,2.5999999046325684,0.0,464000
2025-06-03,2.9600000381469727,2.9600000381469727,0.0,3.0799999237060547,2.609999895095825,2.75,0.0,1459100
2025-06-04,3.0,3.0,0.0,3.319999933242798,2.880000114440918,3.2100000381469727,0.0,1384200
2025-06-05,2.7100000381469727,2.7100000381469727,0.0,3.309999942779541,2.6700000762939453,3.049999952316284,0.0,1186400
2025-06-06,2.690000057220459,2.690000057220459,0.0,2.9100000858306885,2.640000104904175,2.819999933242798,0.0,480700
2025-06-09,3.009999990463257,3.009999990463257,0.0,3.1500000953674316,2.7200000286102295,2.7200000286102295,0.0,1055200
2025-06-10,2.8399999141693115,2.8399999141693115,0.0,3.190000057220459,2.7799999713897705,3.0299999713897705,0.0,875400
2025-06-11,2.5399999618530273,2.5399999618530273,0.0,2.950000047683716,2.5199999809265137,2.950000047683716,0.0,958700
2025-06-12,2.3499999046325684,2.3499999046325684,0.0,2.569999933242798,2.309999942779541,2.5199999809265137,0.0,739500
2025-06-13,2.2200000286102295,2.2200000286102295,0.0,2.359999895095825,2.1500000953674316,2.299999952316284,0.0,544400
2025-06-16,2.200000047683716,2.200000047683716,0.0,2.3299999237060547,2.109999895095825,2.299999952316284,0.0,756500
2025-06-17,2.049999952316284,2.049999952316284,0.0,2.240000009536743,2.049999952316284,2.130000114440918,0.0,483200
2025-06-18,2.1700000762939453,2.1700000762939453,0.0,2.240000009536743,2.049999952316284,2.049999952316284,0.0,567600
2025-06-20,2.049999952316284,2.049999952316284,0.0,2.2300000190734863,1.9700000286102295,2.2200000286102295,0.0,1108200
2025-06-23,2.0199999809265137,2.0199999809265137,0.0,2.119999885559082,1.8600000143051147,2.009999990463257,0.0,709800
2025-06-24,1.940000057220459,1.940000057220459,0.0,2.109999895095825,1.9199999570846558,2.059999942779541,0.0,583600
2025-06-25,1.809999942779541,1.809999942779541,0.0,1.9700000286102295,1.7799999713897705,1.940000057220459,0.0,790000
2025-06-26,1.840000033378601,1.840000033378601,0.0,1.850000023841858,1.7899999618530273,1.809999942779541,0.0,222300
2025-06-27,1.7000000476837158,1.7000000476837158,0.0,1.8700000047683716,1.659999966621399,1.8300000429153442,0.0,658100
2025-06-30,1.8200000524520874,1.8200000524520874,0.0,1.909999966621399,1.690000057220459,1.7100000381469727,0.0,371500
2025-07-01,1.8799999952316284,1.8799999952316284,0.0,1.9500000476837158,1.7599999904632568,1.7899999618530273,0.0,468400
2025-07-02,2.0299999713897705,2.0299999713897705,0.0,2.0399999618530273,1.8799999952316284,1.8899999856948853,0.0,357600
2025-07-03,2.0899999141693115,2.0899999141693115,0.0,2.119999885559082,2.009999990463257,2.059999942779541,0.0,268100
2025-07-07,2.049999952316284,2.049999952316284,0.0,2.0999999046325684,1.9700000286102295,2.0399999618530273,0.0,421900
2025-07-08,2.119999885559082,2.119999885559082,0.0,2.299999952316284,2.0799999237060547,2.0799999237060547,0.0,556300
2025-07-09,2.130000114440918,2.130000114440918,0.0,2.180000066757202,2.059999942779541,2.140000104904175,0.0,261600
2025-07-10,2.109999895095825,2.109999895095825,0.0,2.180000066757202,2.069999933242798,2.1600000858306885,0.0,182100
2025-07-11,2.009999990463257,2.009999990463257,0.0,2.130000114440918,1.9700000286102295,2.069999933242798,0.0,240100
2025-07-14,1.9299999475479126,1.9299999475479126,0.0,2.0299999713897705,1.9299999475479126,1.9800000190734863,0.0,213500
2025-07-15,1.850000023841858,1.850000023841858,0.0,2.0,1.8300000429153442,1.9600000381469727,0.0,215700
2025-07-16,1.8600000143051147,1.8600000143051147,0.0,1.899999976158142,1.7599999904632568,1.8700000047683716,0.0,689000
2025-07-17,1.7699999809265137,1.7699999809265137,0.0,1.940000057220459,1.7699999809265137,1.850000023841858,0.0,452600
2025-07-18,1.7599999904632568,1.7599999904632568,0.0,1.8700000047683716,1.75,1.809999942779541,0.0,285200
2025-07-21,1.7300000190734863,1.7300000190734863,0.0,1.8200000524520874,1.7200000286102295,1.7799999713897705,0.0,311800
2025-07-22,2.0999999046325684,2.0999999046325684,0.0,2.1500000953674316,1.75,1.7699999809265137,0.0,900700
2025-07-23,2.25,2.25,0.0,2.299999952316284,2.059999942779541,2.0999999046325684,0.0,657500
2025-07-24,2.359999895095825,2.359999895095825,0.0,2.440000057220459,2.140000104904175,2.2200000286102295,0.0,1112000
2025-07-25,2.2200000286102295,2.2200000286102295,0.0,2.430000066757202,2.1500000953674316,2.380000114440918,0.0,328400
2025-07-28,2.1500000953674316,2.1500000953674316,0.0,2.2899999618530273,2.0999999046325684,2.240000009536743,0.0,314200
2025-07-29,2.0299999713897705,2.0299999713897705,0.0,2.2300000190734863,2.009999990463257,2.1600000858306885,0.0,300300
2025-07-30,2.069999933242798,2.069999933242798,0.0,2.2100000381469727,2.0399999618530273,2.0399999618530273,0.0,277200
2025-07-31,2.009999990463257,2.009999990463257,0.0,2.109999895095825,2.0,2.049999952316284,0.0,145900
2025-08-01,1.9199999570846558,1.9199999570846558,0.0,1.9700000286102295,1.8600000143051147,1.899999976158142,0.0,312200
2025-08-04,2.0999999046325684,2.0999999046325684,0.0,2.1500000953674316,1.9299999475479126,1.9299999475479126,0.0,365900
2025-08-05,2.0799999237060547,2.0799999237060547,0.0,2.140000104904175,2.0199999809265137,2.0899999141693115,0.0,253500
2025-08-06,2.190000057220459,2.190000057220459,0.0,2.3299999237060547,2.049999952316284,2.0899999141693115,0.0,843400
2025-08-07,1.9600000381469727,1.9600000381469727,0.0,2.25,1.7799999713897705,2.200000047683716,0.0,1012400
2025-08-08,1.8300000429153442,1.8300000429153442,0.0,2.009999990463257,1.8200000524520874,1.9900000095367432,0.0,395100
2025-08-11,1.8700000047683716,1.8700000047683716,0.0,1.899999976158142,1.7899999618530273,1.850000023841858,0.0,572800
2025-08-12,2.0,2.0,0.0,2.130000114440918,1.840000033378601,1.8700000047683716,0.0,602100
2025-08-13,1.9800000190734863,1.9800000190734863,0.0,2.049999952316284,1.899999976158142,2.0,0.0,553900
2025-08-14,1.840000033378601,1.840000033378601,0.0,1.9900000095367432,1.8300000429153442,1.9800000190734863,0.0,468300
2025-08-15,1.8899999856948853,1.8899999856948853,0.0,1.9199999570846558,1.809999942779541,1.8300000429153442,0.0,296500
2025-08-18,1.909999966621399,1.909999966621399,0.0,1.9199999570846558,1.8300000429153442,1.8799999952316284,0.0,277500
2025-08-19,1.6799999475479126,1.6799999475479126,0.0,1.8200000524520874,1.6699999570846558,1.7899999618530273,0.0,942800
2025-08-20,1.6699999570846558,1.6699999570846558,0.0,1.7599999904632568,1.649999976158142,1.7599999904632568,0.0,295300
2025-08-21,1.7400000095367432,1.7400000095367432,0.0,1.7699999809265137,1.659999966621399,1.659999966621399,0.0,193800
2025-08-22,1.8899999856948853,1.8899999856948853,0.0,1.8899999856948853,1.7100000381469727,1.7599999904632568,0.0,227200
2025-08-25,1.7400000095367432,1.7400000095367432,0.0,1.8600000143051147,1.7400000095367432,1.8600000143051147,0.0,236900
2025-08-26,1.7400000095367432,1.7400000095367432,0.0,1.8200000524520874,1.7300000190734863,1.7899999618530273,0.0,200000
2025-08-27,1.7599999904632568,1.7599999904632568,0.0,1.7899999618530273,1.7300000190734863,1.7300000190734863,0.0,238900
2025-08-28,1.6799999475479126,1.6799999475479126,0.0,1.850000023841858,1.6699999570846558,1.75,0.0,443600
2025-08-29,1.690000057220459,1.690000057220459,0.0,1.7400000095367432,1.659999966621399,1.690000057220459,0.0,172000
2025-09-02,1.600000023841858,1.600000023841858,0.0,1.7000000476837158,1.5499999523162842,1.690000057220459,0.0,878700
2025-09-03,1.5800000429153442,1.5800000429153442,0.0,1.690000057220459,1.5700000524520874,1.6200000047683716,0.0,422700
2025-09-04,1.600000023841858,1.600000023841858,0.0,1.6399999856948853,1.559999942779541,1.5800000429153442,0.0,240900
2025-09-05,1.6399999856948853,1.6399999856948853,0.0,1.6399999856948853,1.5800000429153442,1.600000023841858,0.0,329400
2025-09-08,1.600000023841858,1.600000023841858,0.0,1.6799999475479126,1.5800000429153442,1.6299999952316284,0.0,336300
2025-09-09,1.6100000143051147,1.6100000143051147,0.0,1.6200000047683716,1.559999942779541,1.590000033378601,0.0,173400
2025-09-10,1.3899999856948853,1.3899999856948853,0.0,1.6200000047683716,1.3600000143051147,1.600000023841858,0.0,967600
2025-09-11,1.440000057220459,1.440000057220459,0.0,1.5499999523162842,1.409999966621399,1.5499999523162842,0.0,587300
2025-09-12,1.409999966621399,1.409999966621399,0.0,1.5,1.399999976158142,1.4199999570846558,0.0,447200
2025-09-15,1.3700000047683716,1.3700000047683716,0.0,1.4500000476837158,1.350000023841858,1.4199999570846558,0.0,570200
2025-09-16,1.350000023841858,1.350000023841858,0.0,1.3799999952316284,1.2599999904632568,1.350000023841858,0.0,799200
2025-09-17,1.3300000429153442,1.3300000429153442,0.0,1.3799999952316284,1.2699999809265137,1.340000033378601,0.0,813600
2025-09-18,1.4500000476837158,1.4500000476837158,0.0,1.4800000190734863,1.309999942779541,1.340000033378601,0.0,651400
2025-09-19,1.3700000047683716,1.3700000047683716,0.0,1.559999942779541,1.340000033378601,1.4600000381469727,0.0,478300
2025-09-22,1.399999976158142,1.399999976158142,0.0,1.440000057220459,1.2999999523162842,1.3700000047683716,0.0,259800
2025-09-23,1.409999966621399,1.409999966621399,0.0,1.4600000381469727,1.3799999952316284,1.3899999856948853,0.0,249100
2025-09-24,1.4199999570846558,1.4199999570846558,0.0,1.440000057220459,1.3899999856948853,1.399999976158142,0.0,185200
2025-09-25,1.3600000143051147,1.3600000143051147,0.0,1.4199999570846558,1.309999942779541,1.3799999952316284,0.0,475500
2025-09-26,1.3799999952316284,1.3799999952316284,0.0,1.4199999570846558,1.350000023841858,1.350000023841858,0.0,217400
2025-09-29,1.409999966621399,1.409999966621399,0.0,1.4299999475479126,1.3600000143051147,1.399999976158142,0.0,201600
2025-09-30,1.4500000476837158,1.4500000476837158,0.0,1.4800000190734863,1.3700000047683716,1.409999966621399,0.0,306800
2025-10-01,1.5099999904632568,1.5099999904632568,0.0,1.5499999523162842,1.409999966621399,1.440000057220459,0.0,280500
2025-10-02,1.5,1.5,0.0,1.6200000047683716,1.5,1.600000023841858,0.0,264700
2025-10-03,1.4600000381469727,1.4600000381469727,0.0,1.5499999523162842,1.409999966621399,1.5099999904632568,0.0,493200
2025-10-06,1.5099999904632568,1.5099999904632568,0.0,1.5700000524520874,1.4800000190734863,1.4900000095367432,0.0,226200
2025-10-07,1.3899999856948853,1.3899999856948853,0.0,1.5299999713897705,1.3600000143051147,1.5299999713897705,0.0,523600
2025-10-08,1.5199999809265137,1.5199999809265137,0.0,1.5199999809265137,1.3899999856948853,1.3899999856948853,0.0,225300
2025-10-09,1.4500000476837158,1.4500000476837158,0.0,1.5499999523162842,1.4500000476837158,1.5,0.0,188400
2025-10-10,1.3899999856948853,1.3899999856948853,0.0,1.5,1.3300000429153442,1.4800000190734863,0.0,529200
2025-10-13,1.3700000047683716,1.3700000047683716,0.0,1.4700000286102295,1.25,1.4299999475479126,0.0,752300
2025-10-14,1.409999966621399,1.409999966621399,0.0,1.4600000381469727,1.350000023841858,1.3799999952316284,0.0,200600
2025-10-15,1.4299999475479126,1.4299999475479126,0.0,1.4900000095367432,1.3799999952316284,1.4299999475479126,0.0,250300
2025-10-16,1.3700000047683716,1.3700000047683716,0.0,1.4500000476837158,1.340000033378601,1.4500000476837158,0.0,143300
2025-10-17,1.3200000524520874,1.3200000524520874,0.0,1.3700000047683716,1.2599999904632568,1.3300000429153442,0.0,345800
2025-10-20,1.3799999952316284,1.3799999952316284,0.0,1.399999976158142,1.3200000524520874,1.350000023841858,0.0,240800
2025-10-21,1.350000023841858,1.350000023841858,0.0,1.3899999856948853,1.3300000429153442,1.3600000143051147,0.0,225900
2025-10-22,1.3200000524520874,1.3200000524520874,0.0,1.3600000143051147,1.2899999618530273,1.3300000429153442,0.0,233900
2025-10-23,1.350000023841858,1.350000023841858,0.0,1.3700000047683716,1.3200000524520874,1.340000033378601,0.0,162400
2025-10-24,1.399999976158142,1.399999976158142,0.0,1.4199999570846558,1.350000023841858,1.399999976158142,0.0,236500
2025-10-27,1.3799999952316284,1.3799999952316284,0.0,1.4700000286102295,1.3700000047683716,1.4299999475479126,0.0,204300
2025-10-28,1.340000033378601,1.340000033378601,0.0,1.409999966621399,1.3300000429153442,1.3799999952316284,0.0,215200
2025-10-29,1.3300000429153442,1.3300000429153442,0.0,1.4299999475479126,1.2200000286102295,1.3300000429153442,0.0,886600
2025-10-30,1.3300000429153442,1.3300000429153442,0.0,1.399999976158142,1.3200000524520874,1.3300000429153442,0.0,168300
2025-10-31,1.3300000429153442,1.3300000429153442,0.0,1.350000023841858,1.309999942779541,1.350000023841858,0.0,252800
2025-11-03,1.2400000095367432,1.2400000095367432,0.0,1.2999999523162842,1.149999976158142,1.2799999713897705,0.0,1323300
2025-11-04,1.1399999856948853,1.1399999856948853,0.0,1.25,1.1200000047683716,1.1799999475479126,0.0,399100
2025-11-05,1.1799999475479126,1.1799999475479126,0.0,1.2100000381469727,1.1200000047683716,1.1799999475479126,0.0,615000
2025-11-06,1.1699999570846558,1.1699999570846558,0.0,1.2400000095367432,1.1200000047683716,1.159999966621399,0.0,421800
2025-11-07,1.159999966621399,1.159999966621399,0.0,1.1699999570846558,1.090000033378601,1.1699999570846558,0.0,284100
2025-11-10,1.1100000143051147,1.1100000143051147,0.0,1.2599999904632568,1.090000033378601,1.190000057220459,0.0,535400
2025-11-11,1.059999942779541,1.059999942779541,0.0,1.1200000047683716,1.0299999713897705,1.1100000143051147,0.0,515700
2025-11-12,1.1200000047683716,1.1200000047683716,0.0,1.1699999570846558,1.0399999618530273,1.0499999523162842,0.0,744300
2025-11-13,1.0499999523162842,1.0499999523162842,0.0,1.1299999952316284,1.0299999713897705,1.100000023841858,0.0,220700
2025-11-14,1.0299999713897705,1.0299999713897705,0.0,1.0700000524520874,1.0,1.0700000524520874,0.0,333000
2025-11-17,0.6899999976158142,0.6899999976158142,0.0,1.0399999618530273,0.6600000262260437,1.0199999809265137,0.0,10545700
2025-11-18,0.8600000143051147,0.8600000143051147,0.0,0.8899999856948853,0.6700000166893005,0.7200000286102295,0.0,11691600
2025-11-19,0.8299999833106995,0.8299999833106995,0.0,0.9599999785423279,0.8199999928474426,0.8600000143051147,0.0,1727700
2025-11-20,0.8600000143051147,0.8600000143051147,0.0,0.949999988079071,0.8299999833106995,0.8500000238418579,0.0,811000
2025-11-21,0.8199999928474426,0.8199999928474426,0.0,0.8399999737739563,0.7699999809265137,0.8399999737739563,0.0,740500
2025-11-24,0.800000011920929,0.800000011920929,0.0,0.8600000143051147,0.7900000214576721,0.8199999928474426,0.0,643500
2025-11-25,0.8299999833106995,0.8299999833106995,0.0,0.8399999737739563,0.7699999809265137,0.8100000023841858,0.0,389900
2025-11-26,0.8700000047683716,0.8700000047683716,0.0,0.8799999952316284,0.800000011920929,0.8299999833106995,0.0,411300
2025-11-28,0.9300000071525574,0.9300000071525574,0.0,0.949999988079071,0.8500000238418579,0.8600000143051147,0.0,375400
2025-12-01,0.8799999952316284,0.8799999952316284,0.0,0.9300000071525574,0.8600000143051147,0.9300000071525574,0.0,274900
2025-12-02,0.8700000047683716,0.8700000047683716,0.0,0.8999999761581421,0.8399999737739563,0.8899999856948853,0.0,328700
2025-12-03,0.9399999976158142,0.9399999976158142,0.0,0.949999988079071,0.8600000143051147,0.8999999761581421,0.0,623600
2025-12-04,0.8799999952316284,0.8799999952316284,0.0,0.8999999761581421,0.8399999737739563,0.8700000047683716,0.0,598900
2025-12-05,0.8100000023841858,0.8100000023841858,0.0,0.8700000047683716,0.7900000214576721,0.8700000047683716,0.0,397100
2025-12-08,0.8299999833106995,0.8299999833106995,0.0,0.8700000047683716,0.8100000023841858,0.8100000023841858,0.0,401800
2025-12-09,0.8500000238418579,0.8500000238418579,0.0,0.8500000238418579,0.8100000023841858,0.8299999833106995,0.0,262100
2025-12-10,0.8399999737739563,0.8399999737739563,0.0,0.8600000143051147,0.8199999928474426,0.8500000238418579,0.0,255400
2025-12-11,0.800000011920929,0.800000011920929,0.0,0.8399999737739563,0.7900000214576721,0.8399999737739563,0.0,368400
2025-12-12,0.7599999904632568,0.7599999904632568,0.0,0.8100000023841858,0.7599999904632568,0.800000011920929,0.0,207400
2025-12-15,0.699999988079071,0.699999988079071,0.0,0.7599999904632568,0.6800000071525574,0.75,0.0,666700
2025-12-16,0.6800000071525574,0.6800000071525574,0.0,0.7200000286102295,0.6600000262260437,0.7200000286102295,0.0,514500
2025-12-17,0.6299999952316284,0.6299999952316284,0.0,0.699999988079071,0.6100000143051147,0.699999988079071,0.0,887100
2025-12-18,0.6499999761581421,0.6499999761581421,0.0,0.6600000262260437,0.6299999952316284,0.6399999856948853,0.0,330100
2025-12-19,0.6700000166893005,0.6700000166893005,0.0,0.6700000166893005,0.6299999952316284,0.6600000262260437,0.0,339000
2025-12-22,0.6800000071525574,0.6800000071525574,0.0,0.6899999976158142,0.6600000262260437,0.6700000166893005,0.0,338500
2025-12-23,0.6499999761581421,0.6499999761581421,0.0,0.6800000071525574,0.6399999856948853,0.6700000166893005,0.0,349600
2025-12-24,0.6399999856948853,0.6399999856948853,0.0,0.6600000262260437,0.6299999952316284,0.6499999761581421,0.0,256400
2025-12-26,0.6100000143051147,0.6100000143051147,0.0,0.6499999761581421,0.6000000238418579,0.6299999952316284,0.0,620400
2025-12-29,0.5199999809265137,0.5199999809265137,0.0,0.6299999952316284,0.4699999988079071,0.6299999952316284,0.0,2417700
2025-12-30,0.550000011920929,0.550000011920929,0.0,0.550000011920929,0.5099999904632568,0.5199999809265137,0.0,695900
2025-12-31,0.5600000023841858,0.5600000023841858,0.0,0.5699999928474426,0.5400000214576721,0.5400000214576721,0.0,483500
2026-01-02,0.5400000214576721,0.5400000214576721,0.0,0.6000000238418579,0.5199999809265137,0.5799999833106995,0.0,366400
2026-01-05,0.5799999833106995,0.5799999833106995,0.0,0.5899999737739563,0.550000011920929,0.5600000023841858,0.0,440100
2026-01-06,0.6399999856948853,0.6399999856948853,0.0,0.6499999761581421,0.5799999833106995,0.6000000238418579,0.0,546900
2026-01-07,0.6000000238418579,0.6000000238418579,0.0,0.6399999856948853,0.5899999737739563,0.6399999856948853,0.0,420300
2026-01-08,0.6299999952316284,0.6299999952316284,0.0,0.6399999856948853,0.6000000238418579,0.6200000047683716,0.0,335000
2026-01-09,0.6100000143051147,0.6100000143051147,0.0,0.6299999952316284,0.6000000238418579,0.6299999952316284,0.0,182600
2026-01-12,0.6200000047683716,0.6200000047683716,0.0,0.6200000047683716,0.5699999928474426,0.6200000047683716,0.0,325500
2026-01-13,0.6000000238418579,0.6000000238418579,0.0,0.6100000143051147,0.5600000023841858,0.6000000238418579,0.0,457000
2026-01-14,0.6100000143051147,0.6100000143051147,0.0,0.6100000143051147,0.5799999833106995,0.5899999737739563,0.0,173000
2026-01-15,0.5699999928474426,0.5699999928474426,0.0,0.6100000143051147,0.5600000023841858,0.6100000143051147,0.0,248600
2026-01-16,0.5699999928474426,0.5699999928474426,0.0,0.5799999833106995,0.550000011920929,0.5699999928474426,0.0,255200
2026-01-20,0.5400000214576721,0.5400000214576721,0.0,0.5799999833106995,0.5400000214576721,0.5799999833106995,0.0,135700
2026-01-21,0.550000011920929,0.550000011920929,0.0,0.5699999928474426,0.5299999713897705,0.550000011920929,0.0,177300
2026-01-22,0.5699999928474426,0.5699999928474426,0.0,0.5899999737739563,0.550000011920929,0.5899999737739563,0.0,122500
2026-01-23,0.550000011920929,0.550000011920929,0.0,0.5799999833106995,0.550000011920929,0.5699999928474426,0.0,110700
2026-01-26,0.5299999713897705,0.5299999713897705,0.0,0.5799999833106995,0.5199999809265137,0.5699999928474426,0.0,161100
2026-01-27,0.5299999713897705,0.5299999713897705,0.0,0.5299999713897705,0.5,0.5299999713897705,0.0,374000
2026-01-28,0.5199999809265137,0.5199999809265137,0.0,0.5400000214576721,0.5,0.5400000214576721,0.0,175700
2026-01-29,0.5099999904632568,0.5099999904632568,0.0,0.5400000214576721,0.5,0.5199999809265137,0.0,309300
2026-01-30,0.5,0.5,0.0,0.5099999904632568,0.47999998927116394,0.5,0.0,278200
2026-02-02,0.5099999904632568,0.5099999904632568,0.0,0.5299999713897705,0.49000000953674316,0.5099999904632568,0.0,322900
2026-02-03,0.47999998927116394,0.47999998927116394,0.0,0.5199999809265137,0.46000000834465027,0.5099999904632568,0.0,389100
2026-02-04,0.44999998807907104,0.44999998807907104,0.0,0.5099999904632568,0.4099999964237213,0.49000000953674316,0.0,667100
2026-02-05,0.38999998569488525,0.38999998569488525,0.0,0.4399999976158142,0.3799999952316284,0.4399999976158142,0.0,438500
2026-02-06,0.41999998688697815,0.41999998688697815,0.0,0.5,0.4099999964237213,0.41999998688697815,0.0,718100
2026-02-09,0.36000001430511475,0.36000001430511475,0.0,0.4000000059604645,0.33000001311302185,0.4000000059604645,0.0,1022900
2026-02-10,0.33000001311302185,0.33000001311302185,0.0,0.38999998569488525,0.33000001311302185,0.3700000047683716,0.0,692400
2026-02-11,0.3100000023841858,0.3100000023841858,0.0,0.3400000035762787,0.3100000023841858,0.3400000035762787,0.0,760900
2026-02-12,0.28999999165534973,0.28999999165534973,0.0,0.33000001311302185,0.28999999165534973,0.33000001311302185,0.0,523500
2026-02-13,0.2800000011920929,0.2800000011920929,0.0,0.30000001192092896,0.2800000011920929,0.28999999165534973,0.0,678800
2026-02-17,0.28999999165534973,0.28999999165534973,0.0,0.3100000023841858,0.28999999165534973,0.28999999165534973,0.0,371500
2026-02-18,0.30000001192092896,0.30000001192092896,0.0,0.33000001311302185,0.30000001192092896,0.33000001311302185,0.0,869500
2026-02-19,0.2800000011920929,0.2800000011920929,0.0,0.30000001192092896,0.2800000011920929,0.30000001192092896,0.0,609300
2026-02-20,0.25999999046325684,0.25999999046325684,0.0,0.28999999165534973,0.25,0.2800000011920929,0.0,740300
2026-02-23,0.2800000011920929,0.2800000011920929,0.0,0.2800000011920929,0.27000001072883606,0.2800000011920929,0.0,711600
2026-02-24,0.27000001072883606,0.27000001072883606,0.0,0.28999999165534973,0.25999999046325684,0.2800000011920929,0.0,295400
2026-02-25,0.27000001072883606,0.27000001072883606,0.0,0.28999999165534973,0.25999999046325684,0.27000001072883606,0.0,447000
2026-02-26,0.27000001072883606,0.27000001072883606,0.0,0.2800000011920929,0.27000001072883606,0.27000001072883606,0.0,220500
2026-02-27,0.27000001072883606,0.27000001072883606,0.0,0.27000001072883606,0.25999999046325684,0.27000001072883606,0.0,260800
2026-03-02,0.3100000023841858,0.3100000023841858,0.0,0.3100000023841858,0.25999999046325684,0.25999999046325684,0.0,671400
2026-03-03,0.2800000011920929,0.2800000011920929,0.0,0.3100000023841858,0.27000001072883606,0.3100000023841858,0.0,333500
2026-03-04,0.36000001430511475,0.36000001430511475,0.0,0.3700000047683716,0.28999999165534973,0.30000001192092896,0.0,751300
2026-03-05,0.33000001311302185,0.33000001311302185,0.0,0.3799999952316284,0.33000001311302185,0.3400000035762787,0.0,590000
2026-03-06,0.3700000047683716,0.3700000047683716,0.0,0.3799999952316284,0.3100000023841858,0.33000001311302185,0.0,474700
2026-03-09,0.4300000071525574,0.4300000071525574,0.0,0.46000000834465027,0.3700000047683716,0.3799999952316284,0.0,1432100
2026-03-10,0.44999998807907104,0.44999998807907104,0.0,0.4699999988079071,0.3799999952316284,0.4300000071525574,0.0,952300
2026-03-11,0.38999998569488525,0.38999998569488525,0.0,0.47999998927116394,0.38999998569488525,0.44999998807907104,0.0,812900
2026-03-12,0.3799999952316284,0.3799999952316284,0.0,0.4399999976158142,0.3700000047683716,0.4000000059604645,0.0,456100
2026-03-13,0.3400000035762787,0.3400000035762787,0.0,0.3799999952316284,0.33000001311302185,0.3799999952316284,0.0,411600
2026-03-16,0.36000001430511475,0.36000001430511475,0.0,0.3700000047683716,0.3400000035762787,0.3400000035762787,0.0,183500
2026-03-17,0.3799999952316284,0.3799999952316284,0.0,0.38999998569488525,0.36000001430511475,0.3799999952316284,0.0,188100
2026-03-18,0.3799999952316284,0.3799999952316284,0.0,0.38999998569488525,0.36000001430511475,0.38999998569488525,0.0,194100
2026-03-19,0.3799999952316284,0.3799999952316284,0.0,0.3799999952316284,0.36000001430511475,0.3700000047683716,0.0,211000
2026-03-20,0.30000001192092896,0.30000001192092896,0.0,0.38999998569488525,0.30000001192092896,0.3799999952316284,0.0,1266000
2026-03-23,0.33000001311302185,0.33000001311302185,0.0,0.33000001311302185,0.30000001192092896,0.3199999928474426,0.0,434000
2026-03-24,0.3199999928474426,0.3199999928474426,0.0,0.33000001311302185,0.30000001192092896,0.3199999928474426,0.0,248100
2026-03-25,0.30000001192092896,0.30000001192092896,0.0,0.3199999928474426,0.30000001192092896,0.3100000023841858,0.0,169700
2026-03-26,0.27000001072883606,0.27000001072883606,0.0,0.3199999928474426,0.27000001072883606,0.3100000023841858,0.0,238100
2026-03-27,0.27000001072883606,0.27000001072883606,0.0,0.30000001192092896,0.27000001072883606,0.2800000011920929,0.0,275100
2026-03-30,0.25,0.25,0.0,0.2800000011920929,0.23999999463558197,0.2800000011920929,0.0,551400
2026-03-31,0.27000001072883606,0.27000001072883606,0.0,0.27000001072883606,0.25,0.25,0.0,262200
2026-04-01,0.25999999046325684,0.25999999046325684,0.0,0.30000001192092896,0.25999999046325684,0.27000001072883606,0.0,361900
2026-04-02,0.27000001072883606,0.27000001072883606,0.0,0.2800000011920929,0.25999999046325684,0.27000001072883606,0.0,155400
2026-04-06,0.25999999046325684,0.25999999046325684,0.0,0.27000001072883606,0.25,0.27000001072883606,0.0,331300
2026-04-07,0.25,0.25,0.0,0.27000001072883606,0.25,0.25999999046325684,0.0,180500
2026-04-08,0.25,0.25,0.0,0.2800000011920929,0.25,0.25999999046325684,0.0,572100
2026-04-09,0.23000000417232513,0.23000000417232513,0.0,0.27000001072883606,0.23000000417232513,0.25999999046325684,0.0,352700
2026-04-10,0.23000000417232513,0.23000000417232513,0.0,0.23999999463558197,0.2199999988079071,0.23999999463558197,0.0,373100
2026-04-13,0.25,0.25,0.0,0.25999999046325684,0.23000000417232513,0.23999999463558197,0.0,581600
2026-04-14,0.25,0.25,0.0,0.25999999046325684,0.23999999463558197,0.23999999463558197,0.0,492800
2026-04-15,0.38999998569488525,0.38999998569488525,0.0,0.4000000059604645,0.23999999463558197,0.25,0.0,9267500
2026-04-16,0.30000001192092896,0.30000001192092896,0.0,0.38999998569488525,0.28999999165534973,0.3499999940395355,0.0,2901600
2026-04-17,0.2800000011920929,0.2800000011920929,0.0,0.28999999165534973,0.25,0.28999999165534973,0.0,1818100
2026-04-20,0.28999999165534973,0.28999999165534973,0.0,0.28999999165534973,0.27000001072883606,0.2800000011920929,0.0,529500
2026-04-21,0.30000001192092896,0.30000001192092896,0.0,0.3100000023841858,0.2800000011920929,0.28999999165534973,0.0,624600
2026-04-22,0.30000001192092896,0.30000001192092896,0.0,0.3199999928474426,0.28999999165534973,0.3100000023841858,0.0,481800
2026-04-23,0.30000001192092896,0.30000001192092896,0.0,0.3100000023841858,0.27000001072883606,0.3100000023841858,0.0,471600
2026-04-24,0.28999999165534973,0.28999999165534973,0.0,0.28999999165534973,0.27000001072883606,0.28999999165534973,0.0,221900
2026-04-27,0.28999999165534973,0.28999999165534973,0.0,0.30000001192092896,0.2800000011920929,0.2800000011920929,0.0,396600
2026-04-28,0.28999999165534973,0.28999999165534973,0.0,0.3100000023841858,0.28999999165534973,0.30000001192092896,0.0,384600
2026-04-29,0.3100000023841858,0.3100000023841858,0.0,0.3100000023841858,0.28999999165534973,0.30000001192092896,0.0,461300
2026-04-30,0.28999999165534973,0.28999999165534973,0.0,0.3100000023841858,0.28999999165534973,0.3100000023841858,0.0,287200
2026-05-01,0.3100000023841858,0.3100000023841858,0.0,0.3199999928474426,0.30000001192092896,0.30000001192092896,0.0,476100
2026-05-04,0.30000001192092896,0.30000001192092896,0.0,0.3400000035762787,0.30000001192092896,0.33000001311302185,0.0,1010900
2026-05-05,0.3199999928474426,0.3199999928474426,0.0,0.3199999928474426,0.30000001192092896,0.30000001192092896,0.0,495100
2026-05-06,0.30000001192092896,0.30000001192092896,0.0,0.3199999928474426,0.30000001192092896,0.3100000023841858,0.0,407800
2026-05-07,0.28999999165534973,0.28999999165534973,0.0,0.3100000023841858,0.28999999165534973,0.3100000023841858,0.0,288400
2026-05-08,0.30000001192092896,0.30000001192092896,0.0,0.3100000023841858,0.30000001192092896,0.3100000023841858,0.0,323500
2026-05-11,0.28999999165534973,0.28999999165534973,0.0,0.3100000023841858,0.28999999165534973,0.30000001192092896,0.0,265300
2026-05-12,0.25,0.25,0.0,0.2800000011920929,0.23999999463558197,0.27000001072883606,0.0,1142800
2026-05-13,0.3100000023841858,0.3100000023841858,0.0,0.33000001311302185,0.23999999463558197,0.25999999046325684,0.0,3772000
2026-05-14,0.3100000023841858,0.3100000023841858,0.0,0.3199999928474426,0.2800000011920929,0.3199999928474426,0.0,1139000
2026-05-15,0.28999999165534973,0.28999999165534973,0.0,0.3100000023841858,0.28999999165534973,0.28999999165534973,0.0,447500
2026-05-18,0.25999999046325684,0.25999999046325684,0.0,0.28999999165534973,0.25,0.2800000011920929,0.0,1600400
2026-05-19,0.25999999046325684,0.25999999046325684,0.0,0.27000001072883606,0.25,0.25,0.0,747900
2026-05-20,0.27000001072883606,0.27000001072883606,0.0,0.2800000011920929,0.25999999046325684,0.25999999046325684,0.0,524300
2026-05-21,0.27000001072883606,0.27000001072883606,0.0,0.2800000011920929,0.25999999046325684,0.2800000011920929,0.0,248200
2026-05-22,0.27000001072883606,0.27000001072883606,0.0,0.28999999165534973,0.25999999046325684,0.27000001072883606,0.0,945700
2026-05-26,0.27000001072883606,0.27000001072883606,0.0,0.2800000011920929,0.25999999046325684,0.27000001072883606,0.0,318500
2026-05-27,0.27000001072883606,0.27000001072883606,0.0,0.2800000011920929,0.25999999046325684,0.25999999046325684,0.0,576700
2026-05-28,0.2800000011920929,0.2800000011920929,0.0,0.30000001192092896,0.27000001072883606,0.27000001072883606,0.0,1521600
2026-05-29,0.28999999165534973,0.28999999165534973,0.0,0.30000001192092896,0.27000001072883606,0.2800000011920929,0.0,536700
2026-06-01,0.3100000023841858,0.3100000023841858,0.0,0.3199999928474426,0.28999999165534973,0.28999999165534973,0.0,1174000
2026-06-02,0.25999999046325684,0.25999999046325684,0.0,0.28999999165534973,0.25999999046325684,0.2800000011920929,0.0,1436900
2026-06-03,0.11999999731779099,0.11999999731779099,0.0,0.1599999964237213,0.10000000149011612,0.1599999964237213,0.0,22769100
2026-06-04,0.09000000357627869,0.09000000357627869,0.0,0.10999999940395355,0.07999999821186066,0.10000000149011612,0.0,15198300
2026-06-05,0.17000000178813934,0.17000000178813934,0.0,0.30000001192092896,0.07999999821186066,0.09000000357627869,0.0,1059934600
