Date,Adj Close,Close,Dividends,High,Low,Open,Stock Splits,Volume
2020-06-18,10.803999900817871,10.803999900817871,0.0,11.5,10.699999809265137,10.75,0.0,474700
2020-06-19,10.930000305175781,10.930000305175781,0.0,11.399999618530273,10.829999923706055,11.399999618530273,0.0,57400
2020-06-22,11.359999656677246,11.359999656677246,0.0,12.824999809265137,10.899999618530273,11.109999656677246,0.0,529800
2020-06-23,11.609999656677246,11.609999656677246,0.0,12.229999542236328,11.25,11.649999618530273,0.0,321700
2020-06-24,11.25,11.25,0.0,11.859999656677246,11.149999618530273,11.859999656677246,0.0,214800
2020-06-25,11.369999885559082,11.369999885559082,0.0,11.399999618530273,11.119999885559082,11.119999885559082,0.0,217800
2020-06-26,11.279999732971191,11.279999732971191,0.0,11.640000343322754,11.100000381469727,11.640000343322754,0.0,104100
2020-06-29,11.680000305175781,11.680000305175781,0.0,12.069999694824219,11.359999656677246,11.390000343322754,0.0,306000
2020-06-30,11.75,11.75,0.0,12.09000015258789,11.600000381469727,12.09000015258789,0.0,395400
2020-07-01,11.609999656677246,11.609999656677246,0.0,11.800000190734863,11.609999656677246,11.75,0.0,264200
2020-07-02,11.479999542236328,11.479999542236328,0.0,11.75,11.460000038146973,11.75,0.0,228200
2020-07-06,11.399999618530273,11.399999618530273,0.0,11.75,11.399999618530273,11.75,0.0,277900
2020-07-07,11.399999618530273,11.399999618530273,0.0,11.75,11.300000190734863,11.75,0.0,220100
2020-07-08,11.449999809265137,11.449999809265137,0.0,11.569999694824219,11.300000190734863,11.569999694824219,0.0,206400
2020-07-09,11.630000114440918,11.630000114440918,0.0,11.739999771118164,11.550000190734863,11.699999809265137,0.0,167200
2020-07-10,11.800000190734863,11.800000190734863,0.0,11.800000190734863,11.600000381469727,11.75,0.0,433700
2020-07-13,11.479999542236328,11.479999542236328,0.0,12.149999618530273,11.449999809265137,12.0,0.0,1592300
2020-07-14,11.449999809265137,11.449999809265137,0.0,11.600000381469727,11.380000114440918,11.600000381469727,0.0,147500
2020-07-15,11.640000343322754,11.640000343322754,0.0,11.65999984741211,11.399999618530273,11.65999984741211,0.0,173500
2020-07-16,12.0,12.0,0.0,12.050000190734863,11.699999809265137,11.75,0.0,224800
2020-07-17,12.0,12.0,0.0,12.140000343322754,11.880000114440918,12.050000190734863,0.0,220200
2020-07-20,11.930000305175781,11.930000305175781,0.0,12.149999618530273,11.699999809265137,12.010000228881836,0.0,304300
2020-07-21,12.0,12.0,0.0,12.449999809265137,11.930000305175781,12.170000076293945,0.0,491300
2020-07-22,12.050000190734863,12.050000190734863,0.0,12.34000015258789,11.899999618530273,12.270000457763672,0.0,1008300
2020-07-23,11.949999809265137,11.949999809265137,0.0,12.170000076293945,11.600000381469727,12.140000343322754,0.0,474800
2020-07-24,11.925000190734863,11.925000190734863,0.0,12.020000457763672,11.850000381469727,12.020000457763672,0.0,203700
2020-07-27,12.0,12.0,0.0,12.319999694824219,11.859999656677246,12.319999694824219,0.0,484300
2020-07-28,11.869999885559082,11.869999885559082,0.0,12.100000381469727,11.850000381469727,12.050000190734863,0.0,123200
2020-07-29,11.680000305175781,11.680000305175781,0.0,12.0,11.550000190734863,11.899999618530273,0.0,290200
2020-07-30,11.289999961853027,11.289999961853027,0.0,11.800000190734863,11.270000457763672,11.649999618530273,0.0,572500
2020-07-31,10.850000381469727,10.850000381469727,0.0,11.369999885559082,10.800000190734863,11.369999885559082,0.0,550000
2020-08-03,10.84000015258789,10.84000015258789,0.0,11.175000190734863,10.829999923706055,11.130000114440918,0.0,327700
2020-08-04,10.989999771118164,10.989999771118164,0.0,10.989999771118164,10.8100004196167,10.899999618530273,0.0,118700
2020-08-05,11.039999961853027,11.039999961853027,0.0,11.180000305175781,10.899999618530273,11.050000190734863,0.0,134200
2020-08-06,11.03499984741211,11.03499984741211,0.0,11.149999618530273,10.9399995803833,11.09000015258789,0.0,126900
2020-08-07,10.989999771118164,10.989999771118164,0.0,11.109999656677246,10.90999984741211,11.079999923706055,0.0,305100
2020-08-10,10.90999984741211,10.90999984741211,0.0,11.1899995803833,10.90999984741211,11.1899995803833,0.0,154900
2020-08-11,10.880000114440918,10.880000114440918,0.0,11.130000114440918,10.850000381469727,11.079999923706055,0.0,773100
2020-08-12,10.850000381469727,10.850000381469727,0.0,10.970000267028809,10.800000190734863,10.960000038146973,0.0,432100
2020-08-13,10.859999656677246,10.859999656677246,0.0,11.0,10.760000228881836,10.899999618530273,0.0,292700
2020-08-14,10.970000267028809,10.970000267028809,0.0,11.140000343322754,10.850000381469727,10.850000381469727,0.0,113200
2020-08-17,11.050000190734863,11.050000190734863,0.0,11.128999710083008,10.979999542236328,11.0,0.0,228500
2020-08-18,10.850000381469727,10.850000381469727,0.0,11.100000381469727,10.819999694824219,11.079999923706055,0.0,383400
2020-08-19,10.899999618530273,10.899999618530273,0.0,11.0,10.779999732971191,11.0,0.0,411100
2020-08-20,10.779999732971191,10.779999732971191,0.0,11.0,10.75,11.0,0.0,142400
2020-08-21,10.9399995803833,10.9399995803833,0.0,10.970000267028809,10.680000305175781,10.850000381469727,0.0,141300
2020-08-24,10.979999542236328,10.979999542236328,0.0,11.050000190734863,10.800000190734863,10.989999771118164,0.0,212100
2020-08-25,10.800000190734863,10.800000190734863,0.0,11.0,10.699999809265137,11.0,0.0,252800
2020-08-26,10.75,10.75,0.0,10.90999984741211,10.699999809265137,10.90999984741211,0.0,132800
2020-08-27,10.609999656677246,10.609999656677246,0.0,10.800000190734863,10.550000190734863,10.800000190734863,0.0,298000
2020-08-28,10.800000190734863,10.800000190734863,0.0,10.850000381469727,10.649999618530273,10.850000381469727,0.0,555100
2020-08-31,10.729999542236328,10.729999542236328,0.0,10.9399995803833,10.699999809265137,10.9399995803833,0.0,135200
2020-09-01,10.899999618530273,10.899999618530273,0.0,10.899999618530273,10.75,10.8100004196167,0.0,196800
2020-09-02,11.109999656677246,11.109999656677246,0.0,11.199999809265137,10.829999923706055,10.949999809265137,0.0,718000
2020-09-03,11.1899995803833,11.1899995803833,0.0,11.36299991607666,10.949999809265137,11.199999809265137,0.0,415800
2020-09-04,12.0,12.0,0.0,12.1899995803833,11.109999656677246,11.399999618530273,0.0,991100
2020-09-08,12.0,12.0,0.0,12.0,11.8100004196167,11.970000267028809,0.0,319900
2020-09-09,11.920000076293945,11.920000076293945,0.0,12.149999618530273,11.899999618530273,12.050000190734863,0.0,231400
2020-09-10,12.40999984741211,12.40999984741211,0.0,13.329999923706055,11.960000038146973,12.130000114440918,0.0,2887000
2020-09-11,12.699999809265137,12.699999809265137,0.0,13.260000228881836,12.0,13.180000305175781,0.0,3982700
2020-09-14,13.050000190734863,13.050000190734863,0.0,13.25,12.5,12.600000381469727,0.0,1416000
2020-09-15,17.559999465942383,17.559999465942383,0.0,18.079999923706055,14.819999694824219,15.550000190734863,0.0,63214400
2020-09-16,15.899999618530273,15.899999618530273,0.0,16.739999771118164,15.729999542236328,16.079999923706055,0.0,9164000
2020-09-17,15.40999984741211,15.40999984741211,0.0,16.43000030517578,15.300000190734863,15.930000305175781,0.0,3578000
2020-09-18,14.600000381469727,14.600000381469727,0.0,15.739999771118164,14.579999923706055,15.6899995803833,0.0,3535500
2020-09-21,15.350000381469727,15.350000381469727,0.0,15.859999656677246,13.899999618530273,15.25,0.0,3685100
2020-09-22,16.780000686645508,16.780000686645508,0.0,16.780000686645508,15.609999656677246,15.890000343322754,0.0,4840900
2020-09-23,15.270000457763672,15.270000457763672,0.0,17.5,15.0600004196167,16.690000534057617,0.0,4655700
2020-09-24,15.890000343322754,15.890000343322754,0.0,16.239999771118164,14.010000228881836,14.960000038146973,0.0,2845200
2020-09-25,16.420000076293945,16.420000076293945,0.0,16.75,15.399999618530273,15.789999961853027,0.0,2497500
2020-09-28,16.719999313354492,16.719999313354492,0.0,17.239999771118164,16.549999237060547,16.950000762939453,0.0,1951500
2020-09-29,18.75,18.75,0.0,19.399999618530273,17.16200065612793,17.479999542236328,0.0,4773200
2020-09-30,18.989999771118164,18.989999771118164,0.0,19.469999313354492,18.299999237060547,19.350000381469727,0.0,2636200
2020-10-01,18.56999969482422,18.56999969482422,0.0,19.299999237060547,18.030000686645508,19.079999923706055,0.0,2215000
2020-10-02,18.40999984741211,18.40999984741211,0.0,18.969999313354492,17.40999984741211,17.770000457763672,0.0,1798000
2020-10-05,18.25,18.25,0.0,19.18000030517578,17.920000076293945,19.18000030517578,0.0,1560900
2020-10-06,16.350000381469727,16.350000381469727,0.0,18.44499969482422,16.149999618530273,18.40999984741211,0.0,5036100
2020-10-07,17.56999969482422,17.56999969482422,0.0,17.729999542236328,16.799999237060547,17.010000228881836,0.0,2375100
2020-10-08,18.780000686645508,18.780000686645508,0.0,19.06999969482422,17.920000076293945,18.420000076293945,0.0,3242300
2020-10-09,21.239999771118164,21.239999771118164,0.0,22.450000762939453,19.5,19.549999237060547,0.0,6433800
2020-10-12,23.200000762939453,23.200000762939453,0.0,24.270000457763672,22.600000381469727,23.969999313354492,0.0,5569700
2020-10-13,24.079999923706055,24.079999923706055,0.0,24.329999923706055,22.469999313354492,22.889999389648438,0.0,2840200
2020-10-14,26.479999542236328,26.479999542236328,0.0,26.559999465942383,24.1200008392334,24.829999923706055,0.0,6479900
2020-10-15,23.93000030517578,23.93000030517578,0.0,27.0,23.510000228881836,25.170000076293945,0.0,4844300
2020-10-16,22.90999984741211,22.90999984741211,0.0,24.979999542236328,21.950000762939453,24.799999237060547,0.0,2862700
2020-10-19,21.34000015258789,21.34000015258789,0.0,23.34000015258789,20.799999237060547,23.149999618530273,0.0,3241600
2020-10-20,22.729999542236328,22.729999542236328,0.0,23.530000686645508,21.020000457763672,21.100000381469727,0.0,3643600
2020-10-21,21.920000076293945,21.920000076293945,0.0,22.700000762939453,21.399999618530273,22.700000762939453,0.0,1691200
2020-10-22,19.729999542236328,19.729999542236328,0.0,22.31999969482422,19.600000381469727,22.31999969482422,0.0,3097200
2020-10-23,19.440000534057617,19.440000534057617,0.0,20.170000076293945,18.399999618530273,20.0,0.0,2830600
2020-10-26,17.979999542236328,17.979999542236328,0.0,19.03700065612793,17.0,18.5,0.0,4240700
2020-10-27,18.190000534057617,18.190000534057617,0.0,19.139999389648438,18.0,18.8799991607666,0.0,2655200
2020-10-28,17.360000610351562,17.360000610351562,0.0,17.940000534057617,17.041000366210938,17.93000030517578,0.0,2034500
2020-10-29,17.110000610351562,17.110000610351562,0.0,18.09000015258789,16.850000381469727,17.0,0.0,2327900
2020-10-30,16.440000534057617,16.440000534057617,0.0,17.450000762939453,16.020000457763672,17.0,0.0,1941700
2020-11-02,15.550000190734863,15.550000190734863,0.0,17.329999923706055,15.350000381469727,16.459999084472656,0.0,2504000
2020-11-03,16.670000076293945,16.670000076293945,0.0,17.200000762939453,15.800000190734863,16.0,0.0,2750400
2020-11-04,18.200000762939453,18.200000762939453,0.0,18.3700008392334,17.0,17.1299991607666,0.0,3330100
2020-11-05,18.920000076293945,18.920000076293945,0.0,19.110000610351562,18.360000610351562,18.899999618530273,0.0,2157100
2020-11-06,20.229999542236328,20.229999542236328,0.0,20.799999237060547,18.299999237060547,18.600000381469727,0.0,3324200
2020-11-09,18.979999542236328,18.979999542236328,0.0,20.799999237060547,18.719999313354492,20.100000381469727,0.0,2252800
2020-11-10,18.079999923706055,18.079999923706055,0.0,18.79800033569336,17.030000686645508,18.639999389648438,0.0,2339900
2020-11-11,18.030000686645508,18.030000686645508,0.0,18.59000015258789,17.700000762939453,18.170000076293945,0.0,951900
2020-11-12,17.8799991607666,17.8799991607666,0.0,19.020000457763672,17.5,18.399999618530273,0.0,1914800
2020-11-13,19.020000457763672,19.020000457763672,0.0,19.100000381469727,17.729999542236328,18.190000534057617,0.0,1990600
2020-11-16,18.489999771118164,18.489999771118164,0.0,19.8799991607666,18.40999984741211,19.389999389648438,0.0,1970800
2020-11-17,18.510000228881836,18.510000228881836,0.0,18.84000015258789,18.200000762939453,18.360000610351562,0.0,1246700
2020-11-18,18.700000762939453,18.700000762939453,0.0,19.65999984741211,18.299999237060547,18.610000610351562,0.0,2235000
2020-11-19,19.420000076293945,19.420000076293945,0.0,20.649999618530273,18.5,18.700000762939453,0.0,3955000
2020-11-20,19.049999237060547,19.049999237060547,0.0,19.989999771118164,18.8799991607666,19.6200008392334,0.0,1689500
2020-11-23,18.639999389648438,18.639999389648438,0.0,19.899999618530273,18.059999465942383,19.139999389648438,0.0,2681900
2020-11-24,18.75,18.75,0.0,19.5,18.06999969482422,18.6299991607666,0.0,2294700
2020-11-25,20.43000030517578,20.43000030517578,0.0,20.469999313354492,18.5,18.5,0.0,3964700
2020-11-27,21.799999237060547,21.799999237060547,0.0,23.059999465942383,21.200000762939453,22.40999984741211,0.0,3722400
2020-11-30,22.540000915527344,22.540000915527344,0.0,23.899999618530273,21.5,23.5,0.0,4893100
2020-12-01,20.139999389648438,20.139999389648438,0.0,23.0,20.0,23.0,0.0,4777000
2020-12-02,20.549999237060547,20.549999237060547,0.0,20.719999313354492,19.010000228881836,19.360000610351562,0.0,3187600
2020-12-03,21.420000076293945,21.420000076293945,0.0,21.889999389648438,20.899999618530273,21.170000076293945,0.0,2306300
2020-12-04,21.670000076293945,21.670000076293945,0.0,21.899999618530273,21.110000610351562,21.799999237060547,0.0,2075200
2020-12-07,25.59000015258789,25.59000015258789,0.0,25.639999389648438,23.190000534057617,23.540000915527344,0.0,6713200
2020-12-08,25.149999618530273,25.149999618530273,0.0,26.5,23.899999618530273,26.219999313354492,0.0,4284700
2020-12-09,26.81999969482422,26.81999969482422,0.0,27.68000030517578,24.100000381469727,25.75,0.0,5891700
2020-12-10,26.219999313354492,26.219999313354492,0.0,26.860000610351562,25.350000381469727,25.540000915527344,0.0,3516100
2020-12-11,25.43000030517578,25.43000030517578,0.0,26.790000915527344,24.260000228881836,25.780000686645508,0.0,3554200
2020-12-14,29.479999542236328,29.479999542236328,0.0,29.479999542236328,25.700000762939453,26.450000762939453,0.0,6250800
2020-12-15,27.8799991607666,27.8799991607666,0.0,29.450000762939453,27.610000610351562,28.520000457763672,0.0,3383800
2020-12-16,25.670000076293945,25.670000076293945,0.0,28.110000610351562,24.65999984741211,28.079999923706055,0.0,4231000
2020-12-17,29.440000534057617,29.440000534057617,0.0,29.440000534057617,26.049999237060547,26.690000534057617,0.0,5617100
2020-12-18,29.5,29.5,0.0,30.600000381469727,28.1299991607666,29.0,0.0,5281800
2020-12-21,31.25,31.25,0.0,32.0,26.299999237060547,31.469999313354492,0.0,8946000
2020-12-22,29.649999618530273,29.649999618530273,0.0,32.38999938964844,28.510000228881836,32.08000183105469,0.0,5712600
2020-12-23,27.25,27.25,0.0,29.5,26.809999465942383,29.149999618530273,0.0,6663100
2020-12-24,27.350000381469727,27.350000381469727,0.0,29.450000762939453,26.899999618530273,27.520000457763672,0.0,3701500
2020-12-28,24.510000228881836,24.510000228881836,0.0,27.399999618530273,24.0,27.149999618530273,0.0,6693600
2020-12-29,25.010000228881836,25.010000228881836,0.0,25.299999237060547,22.030000686645508,24.510000228881836,0.0,6320700
2020-12-30,24.270000457763672,24.270000457763672,0.0,25.200000762939453,23.75,25.19499969482422,0.0,3223100
2020-12-31,22.729999542236328,22.729999542236328,0.0,24.110000610351562,22.59000015258789,24.110000610351562,0.0,3811300
2021-01-04,24.010000228881836,24.010000228881836,0.0,24.170000076293945,21.40999984741211,22.808000564575195,0.0,4538200
2021-01-05,25.600000381469727,25.600000381469727,0.0,26.209999084472656,23.739999771118164,24.0,0.0,4814200
2021-01-06,27.0,27.0,0.0,28.489999771118164,26.003999710083008,26.003999710083008,0.0,7036100
2021-01-07,28.1299991607666,28.1299991607666,0.0,29.2189998626709,27.540000915527344,28.476999282836914,0.0,5397600
2021-01-08,26.790000915527344,26.790000915527344,0.0,28.350000381469727,26.100000381469727,28.040000915527344,0.0,5795300
2021-01-11,26.229999542236328,26.229999542236328,0.0,26.940000534057617,25.809999465942383,26.402000427246094,0.0,3350700
2021-01-12,27.700000762939453,27.700000762939453,0.0,28.700000762939453,25.889999389648438,26.06999969482422,0.0,4733300
2021-01-13,26.84000015258789,26.84000015258789,0.0,28.059999465942383,26.709999084472656,28.0,0.0,4257500
2021-01-14,26.530000686645508,26.530000686645508,0.0,27.25,26.200000762939453,27.049999237060547,0.0,3745500
2021-01-15,26.030000686645508,26.030000686645508,0.0,26.75,25.0,26.700000762939453,0.0,4837100
2021-01-19,28.15999984741211,28.15999984741211,0.0,28.239999771118164,25.69499969482422,26.0,0.0,5758700
2021-01-20,30.0,30.0,0.0,31.270000457763672,28.200000762939453,29.049999237060547,0.0,9142300
2021-01-21,29.739999771118164,29.739999771118164,0.0,31.5,29.350000381469727,30.950000762939453,0.0,6453300
2021-01-22,29.139999389648438,29.139999389648438,0.0,30.389999389648438,28.579999923706055,29.06999969482422,0.0,4702300
2021-01-25,27.329999923706055,27.329999923706055,0.0,28.899999618530273,26.579999923706055,28.739999771118164,0.0,11449900
2021-01-26,27.700000762939453,27.700000762939453,0.0,29.969999313354492,27.010000228881836,28.040000915527344,0.0,8139200
2021-01-27,25.18000030517578,25.18000030517578,0.0,26.829999923706055,24.530000686645508,26.549999237060547,0.0,9800000
2021-01-28,25.020000457763672,25.020000457763672,0.0,26.18000030517578,24.969999313354492,25.969999313354492,0.0,4512500
2021-01-29,26.1200008392334,26.1200008392334,0.0,26.360000610351562,24.68000030517578,25.170000076293945,0.0,5603700
2021-02-01,26.25,26.25,0.0,27.389999389648438,25.520000457763672,26.200000762939453,0.0,4273200
2021-02-02,28.469999313354492,28.469999313354492,0.0,28.799999237060547,26.600000381469727,27.100000381469727,0.0,6243800
2021-02-03,28.610000610351562,28.610000610351562,0.0,29.910999298095703,27.040000915527344,27.40999984741211,0.0,8438000
2021-02-04,28.479999542236328,28.479999542236328,0.0,29.624000549316406,27.690000534057617,28.579999923706055,0.0,5552400
2021-02-05,26.600000381469727,26.600000381469727,0.0,27.100000381469727,26.309999465942383,26.8799991607666,0.0,24249200
2021-02-08,27.299999237060547,27.299999237060547,0.0,28.010000228881836,27.25,27.75,0.0,14185400
2021-02-09,31.100000381469727,31.100000381469727,0.0,31.93000030517578,27.719999313354492,28.020000457763672,0.0,18907100
2021-02-10,34.0,34.0,0.0,35.380001068115234,31.281999588012695,33.08000183105469,0.0,25366100
2021-02-11,35.880001068115234,35.880001068115234,0.0,39.2400016784668,34.43000030517578,35.23899841308594,0.0,18018300
2021-02-12,34.59000015258789,34.59000015258789,0.0,37.16999816894531,33.72999954223633,34.29999923706055,0.0,9018900
2021-02-16,32.75,32.75,0.0,35.7400016784668,31.809999465942383,35.707000732421875,0.0,10941700
2021-02-17,31.520000457763672,31.520000457763672,0.0,32.560001373291016,30.280000686645508,32.5,0.0,9758200
2021-02-18,31.18000030517578,31.18000030517578,0.0,31.790000915527344,29.06999969482422,30.989999771118164,0.0,10649600
2021-02-19,31.579999923706055,31.579999923706055,0.0,33.47999954223633,31.239999771118164,32.459999084472656,0.0,8289700
2021-02-22,29.6299991607666,29.6299991607666,0.0,30.8700008392334,29.469999313354492,30.774999618530273,0.0,7108600
2021-02-23,28.040000915527344,28.040000915527344,0.0,28.860000610351562,25.100000381469727,27.700000762939453,0.0,13132500
2021-02-24,30.81999969482422,30.81999969482422,0.0,30.81999969482422,28.200000762939453,28.5,0.0,9311000
2021-02-25,28.700000762939453,28.700000762939453,0.0,31.649999618530273,28.079999923706055,30.209999084472656,0.0,11185900
2021-02-26,28.020000457763672,28.020000457763672,0.0,29.299999237060547,26.649999618530273,29.118000030517578,0.0,9631000
2021-03-01,30.219999313354492,30.219999313354492,0.0,30.780000686645508,29.40999984741211,29.43000030517578,0.0,6673200
2021-03-02,31.329999923706055,31.329999923706055,0.0,32.25,30.200000762939453,30.5,0.0,7770400
2021-03-03,28.850000381469727,28.850000381469727,0.0,31.934999465942383,28.43000030517578,31.06999969482422,0.0,9921000
2021-03-04,24.385000228881836,24.385000228881836,0.0,28.729999542236328,23.280000686645508,28.02400016784668,0.0,17343100
2021-03-05,21.989999771118164,21.989999771118164,0.0,24.0,17.010000228881836,23.639999389648438,0.0,38129700
2021-03-08,20.059999465942383,20.059999465942383,0.0,22.65999984741211,19.888999938964844,21.389999389648438,0.0,12985600
2021-03-09,21.639999389648438,21.639999389648438,0.0,22.290000915527344,20.649999618530273,20.899999618530273,0.0,10265600
2021-03-10,23.690000534057617,23.690000534057617,0.0,24.139999389648438,22.290000915527344,22.520000457763672,0.0,8091100
2021-03-11,26.31999969482422,26.31999969482422,0.0,27.209999084472656,24.360000610351562,24.360000610351562,0.0,9513900
2021-03-12,27.049999237060547,27.049999237060547,0.0,27.139999389648438,24.600000381469727,24.969999313354492,0.0,7782200
2021-03-15,28.809999465942383,28.809999465942383,0.0,29.170000076293945,26.90999984741211,26.979999542236328,0.0,9930800
2021-03-16,27.3799991607666,27.3799991607666,0.0,30.040000915527344,26.440000534057617,28.649999618530273,0.0,12390800
2021-03-17,28.299999237060547,28.299999237060547,0.0,28.360000610351562,25.25,25.5,0.0,14675200
2021-03-18,26.809999465942383,26.809999465942383,0.0,28.299999237060547,26.149999618530273,27.780000686645508,0.0,14034700
2021-03-19,27.530000686645508,27.530000686645508,0.0,28.5,26.378000259399414,26.378000259399414,0.0,32916500
2021-03-22,27.899999618530273,27.899999618530273,0.0,28.093000411987305,27.010000228881836,27.690000534057617,0.0,9986600
2021-03-23,25.6200008392334,25.6200008392334,0.0,27.500999450683594,25.100000381469727,27.299999237060547,0.0,14474100
2021-03-24,22.510000228881836,22.510000228881836,0.0,25.850000381469727,22.357999801635742,25.780000686645508,0.0,9244000
2021-03-25,23.040000915527344,23.040000915527344,0.0,23.219999313354492,20.600000381469727,21.3700008392334,0.0,14289300
2021-03-26,22.079999923706055,22.079999923706055,0.0,23.389999389648438,20.899999618530273,23.31999969482422,0.0,8259100
2021-03-29,20.450000762939453,20.450000762939453,0.0,22.469999313354492,20.350000381469727,21.889999389648438,0.0,9581000
2021-03-30,20.520000457763672,20.520000457763672,0.0,20.540000915527344,19.25,20.239999771118164,0.0,10171300
2021-03-31,21.190000534057617,21.190000534057617,0.0,21.56999969482422,20.5,21.229999542236328,0.0,7994200
2021-04-01,21.75,21.75,0.0,22.79199981689453,21.424999237060547,22.020000457763672,0.0,6652600
2021-04-05,20.920000076293945,20.920000076293945,0.0,22.329999923706055,20.510000228881836,22.239999771118164,0.0,7959500
2021-04-06,21.84000015258789,21.84000015258789,0.0,22.25,20.299999237060547,20.600000381469727,0.0,8055700
2021-04-07,20.649999618530273,20.649999618530273,0.0,22.280000686645508,20.459999084472656,22.030000686645508,0.0,6865600
2021-04-08,20.200000762939453,20.200000762939453,0.0,20.8799991607666,19.950000762939453,20.860000610351562,0.0,7906000
2021-04-09,20.510000228881836,20.510000228881836,0.0,20.81999969482422,20.030000686645508,20.270000457763672,0.0,4791800
2021-04-12,19.40999984741211,19.40999984741211,0.0,20.264999389648438,19.049999237060547,20.25,0.0,9654200
2021-04-13,20.600000381469727,20.600000381469727,0.0,20.610000610351562,19.600000381469727,19.65999984741211,0.0,7027000
2021-04-14,20.0,20.0,0.0,21.075000762939453,19.93000030517578,20.809999465942383,0.0,9026400
2021-04-15,19.75,19.75,0.0,20.700000762939453,19.281999588012695,20.243000030517578,0.0,8364900
2021-04-16,18.389999389648438,18.389999389648438,0.0,19.5,18.219999313354492,19.450000762939453,0.0,16427200
2021-04-19,17.399999618530273,17.399999618530273,0.0,18.420000076293945,17.110000610351562,18.274999618530273,0.0,30892100
2021-04-20,16.440000534057617,16.440000534057617,0.0,17.30500030517578,15.890000343322754,17.229999542236328,0.0,24568100
2021-04-21,18.309999465942383,18.309999465942383,0.0,18.549999237060547,15.989999771118164,16.25,0.0,20835700
2021-04-22,18.684999465942383,18.684999465942383,0.0,19.200000762939453,18.010000228881836,18.850000381469727,0.0,14666200
2021-04-23,19.540000915527344,19.540000915527344,0.0,19.684999465942383,18.299999237060547,18.729999542236328,0.0,8684300
2021-04-26,21.600000381469727,21.600000381469727,0.0,21.6200008392334,19.229999542236328,19.579999923706055,0.0,15241600
2021-04-27,21.530000686645508,21.530000686645508,0.0,22.65399932861328,20.479999542236328,21.459999084472656,0.0,11660300
2021-04-28,21.959999084472656,21.959999084472656,0.0,22.149999618530273,20.899999618530273,21.1200008392334,0.0,5240400
2021-04-29,20.829999923706055,20.829999923706055,0.0,22.200000762939453,20.354999542236328,22.049999237060547,0.0,9083800
2021-04-30,20.270000457763672,20.270000457763672,0.0,21.059999465942383,20.030000686645508,20.209999084472656,0.0,5221800
2021-05-03,19.59000015258789,19.59000015258789,0.0,20.549999237060547,19.229999542236328,20.309999465942383,0.0,7106900
2021-05-04,19.315000534057617,19.315000534057617,0.0,19.417999267578125,18.014999389648438,19.030000686645508,0.0,8282500
2021-05-05,18.920000076293945,18.920000076293945,0.0,20.190000534057617,18.709999084472656,19.540000915527344,0.0,6434200
2021-05-06,17.809999465942383,17.809999465942383,0.0,18.709999084472656,17.4950008392334,18.549999237060547,0.0,10362700
2021-05-07,18.700000762939453,18.700000762939453,0.0,19.229999542236328,18.06999969482422,18.1200008392334,0.0,7268600
2021-05-10,16.770000457763672,16.770000457763672,0.0,18.700000762939453,16.5,18.700000762939453,0.0,13023900
2021-05-11,17.450000762939453,17.450000762939453,0.0,17.479999542236328,15.100000381469727,15.100000381469727,0.0,14194700
2021-05-12,15.180000305175781,15.180000305175781,0.0,17.270000457763672,14.90999984741211,17.190000534057617,0.0,27691900
2021-05-13,14.149999618530273,14.149999618530273,0.0,15.859999656677246,13.4399995803833,15.789999961853027,0.0,21345800
2021-05-14,15.119999885559082,15.119999885559082,0.0,15.1899995803833,14.329999923706055,14.529999732971191,0.0,9694900
2021-05-17,15.359999656677246,15.359999656677246,0.0,15.430000305175781,14.460000038146973,14.807999610900879,0.0,8320600
2021-05-18,15.470000267028809,15.470000267028809,0.0,15.982999801635742,14.470000267028809,15.029999732971191,0.0,12858500
2021-05-19,14.59000015258789,14.59000015258789,0.0,15.239999771118164,14.479999542236328,14.751999855041504,0.0,12189200
2021-05-20,15.119999885559082,15.119999885559082,0.0,15.220000267028809,14.479999542236328,14.760000228881836,0.0,14834800
2021-05-21,15.119999885559082,15.119999885559082,0.0,15.579999923706055,14.979999542236328,15.40999984741211,0.0,8707100
2021-05-24,15.170000076293945,15.170000076293945,0.0,15.550000190734863,14.829999923706055,15.119999885559082,0.0,11045200
2021-05-25,14.75,14.75,0.0,15.569999694824219,14.699999809265137,15.199999809265137,0.0,12207900
2021-05-26,15.699999809265137,15.699999809265137,0.0,16.049999237060547,14.73799991607666,14.8100004196167,0.0,12010100
2021-05-27,15.869999885559082,15.869999885559082,0.0,16.079999923706055,15.15999984741211,16.079999923706055,0.0,15139400
2021-05-28,15.65999984741211,15.65999984741211,0.0,16.358999252319336,15.5600004196167,15.979999542236328,0.0,7498500
2021-06-01,15.229999542236328,15.229999542236328,0.0,15.975000381469727,14.970000267028809,15.729999542236328,0.0,9459900
2021-06-02,16.350000381469727,16.350000381469727,0.0,16.594999313354492,14.930000305175781,15.319999694824219,0.0,13419500
2021-06-03,16.299999237060547,16.299999237060547,0.0,16.889999389648438,15.590999603271484,16.0,0.0,11620900
2021-06-04,16.3700008392334,16.3700008392334,0.0,16.700000762939453,16.1200008392334,16.299999237060547,0.0,6849800
2021-06-07,16.81999969482422,16.81999969482422,0.0,17.0,15.880000114440918,16.479999542236328,0.0,8002700
2021-06-08,17.8700008392334,17.8700008392334,0.0,18.329999923706055,16.39900016784668,16.809999465942383,0.0,18786000
2021-06-09,17.579999923706055,17.579999923706055,0.0,18.68000030517578,17.530000686645508,18.260000228881836,0.0,12699500
2021-06-10,17.290000915527344,17.290000915527344,0.0,17.770000457763672,16.729999542236328,17.530000686645508,0.0,9150600
2021-06-11,17.200000762939453,17.200000762939453,0.0,17.549999237060547,16.97100067138672,17.40999984741211,0.0,5727800
2021-06-14,17.229999542236328,17.229999542236328,0.0,17.81999969482422,17.03499984741211,17.510000228881836,0.0,7394800
2021-06-15,16.399999618530273,16.399999618530273,0.0,17.56999969482422,16.260000228881836,17.440000534057617,0.0,8961800
2021-06-16,16.649999618530273,16.649999618530273,0.0,17.020000457763672,16.15999984741211,16.40999984741211,0.0,9888000
2021-06-17,16.829999923706055,16.829999923706055,0.0,17.139999389648438,16.0,16.200000762939453,0.0,20662100
2021-06-18,16.709999084472656,16.709999084472656,0.0,16.959999084472656,16.298999786376953,16.614999771118164,0.0,19894200
2021-06-21,16.450000762939453,16.450000762939453,0.0,16.799999237060547,16.235000610351562,16.719999313354492,0.0,11528300
2021-06-22,16.639999389648438,16.639999389648438,0.0,16.81999969482422,16.2450008392334,16.399999618530273,0.0,11927800
2021-06-23,17.209999084472656,17.209999084472656,0.0,17.3700008392334,16.593000411987305,16.6299991607666,0.0,13951200
2021-06-24,17.100000381469727,17.100000381469727,0.0,17.53499984741211,17.0,17.219999313354492,0.0,10690800
2021-06-25,17.110000610351562,17.110000610351562,0.0,17.559999465942383,16.600000381469727,17.170000076293945,0.0,32608100
2021-06-28,17.860000610351562,17.860000610351562,0.0,17.959999084472656,16.93000030517578,17.18000030517578,0.0,10789200
2021-06-29,17.350000381469727,17.350000381469727,0.0,18.010000228881836,17.299999237060547,17.979999542236328,0.0,8874000
2021-06-30,17.729999542236328,17.729999542236328,0.0,17.899999618530273,17.229999542236328,17.364999771118164,0.0,8389900
2021-07-01,17.09000015258789,17.09000015258789,0.0,17.950000762939453,17.05500030517578,17.90999984741211,0.0,10575300
2021-07-02,16.850000381469727,16.850000381469727,0.0,17.3799991607666,16.78499984741211,17.191999435424805,0.0,7047600
2021-07-06,17.079999923706055,17.079999923706055,0.0,17.34000015258789,16.860000610351562,17.0,0.0,8341800
2021-07-07,16.030000686645508,16.030000686645508,0.0,17.239999771118164,15.925000190734863,17.149999618530273,0.0,11613400
2021-07-08,15.8100004196167,15.8100004196167,0.0,16.020000457763672,15.119999885559082,15.619999885559082,0.0,8114500
2021-07-09,16.020000457763672,16.020000457763672,0.0,16.385000228881836,15.520000457763672,15.989999771118164,0.0,6183800
2021-07-12,16.479999542236328,16.479999542236328,0.0,16.68000030517578,16.07200050354004,16.07200050354004,0.0,5639200
2021-07-13,15.699999809265137,15.699999809265137,0.0,16.459999084472656,15.664999961853027,16.25,0.0,6415500
2021-07-14,15.15999984741211,15.15999984741211,0.0,15.829999923706055,14.930000305175781,15.760000228881836,0.0,7034800
2021-07-15,14.960000038146973,14.960000038146973,0.0,15.479999542236328,14.579999923706055,15.369999885559082,0.0,7954400
2021-07-16,14.420000076293945,14.420000076293945,0.0,15.010000228881836,14.25,15.0,0.0,8377800
2021-07-19,14.1899995803833,14.1899995803833,0.0,14.430000305175781,13.720000267028809,14.020000457763672,0.0,8510700
2021-07-20,14.600000381469727,14.600000381469727,0.0,14.84000015258789,13.859999656677246,14.300000190734863,0.0,8704100
2021-07-21,14.920000076293945,14.920000076293945,0.0,15.166999816894531,14.449999809265137,14.550000190734863,0.0,7695900
2021-07-22,14.520000457763672,14.520000457763672,0.0,14.989999771118164,14.300999641418457,14.899999618530273,0.0,7733000
2021-07-23,14.399999618530273,14.399999618530273,0.0,14.449999809265137,13.89799976348877,14.420000076293945,0.0,5845700
2021-07-26,14.170000076293945,14.170000076293945,0.0,14.59000015258789,13.9399995803833,14.180000305175781,0.0,5717500
2021-07-27,14.300000190734863,14.300000190734863,0.0,14.425000190734863,13.635000228881836,14.119999885559082,0.0,7917400
2021-07-28,15.25,15.25,0.0,15.329999923706055,14.279999732971191,14.34000015258789,0.0,8865700
2021-07-29,14.970000267028809,14.970000267028809,0.0,15.460000038146973,14.90999984741211,15.460000038146973,0.0,7417400
2021-07-30,14.819999694824219,14.819999694824219,0.0,15.039999961853027,14.619999885559082,14.800000190734863,0.0,6417400
2021-08-02,14.960000038146973,14.960000038146973,0.0,15.09000015258789,14.649999618530273,15.069999694824219,0.0,4479400
2021-08-03,14.170000076293945,14.170000076293945,0.0,15.0,14.109999656677246,14.979999542236328,0.0,5219500
2021-08-04,14.510000228881836,14.510000228881836,0.0,14.609999656677246,14.130000114440918,14.170000076293945,0.0,5290800
2021-08-05,14.399999618530273,14.399999618530273,0.0,14.609999656677246,14.020000457763672,14.430000305175781,0.0,5500600
2021-08-06,14.430000305175781,14.430000305175781,0.0,14.774999618530273,14.279999732971191,14.5600004196167,0.0,3657300
2021-08-09,15.0,15.0,0.0,15.350000381469727,14.140000343322754,14.430000305175781,0.0,5840800
2021-08-10,14.850000381469727,14.850000381469727,0.0,15.140000343322754,14.609999656677246,15.069999694824219,0.0,5368500
2021-08-11,14.5,14.5,0.0,15.104999542236328,14.279999732971191,15.0,0.0,17449000
2021-08-12,17.979999542236328,17.979999542236328,0.0,18.469999313354492,15.880000114440918,16.989999771118164,0.0,60536400
2021-08-13,17.549999237060547,17.549999237060547,0.0,18.469999313354492,17.260000228881836,17.559999465942383,0.0,18931000
2021-08-16,16.309999465942383,16.309999465942383,0.0,17.31999969482422,16.18000030517578,17.059999465942383,0.0,11458000
2021-08-17,14.795000076293945,14.795000076293945,0.0,15.675000190734863,14.67199993133545,15.524999618530273,0.0,24058300
2021-08-18,14.470000267028809,14.470000267028809,0.0,14.8100004196167,14.425000190734863,14.539999961853027,0.0,24454200
2021-08-19,14.920000076293945,14.920000076293945,0.0,15.100000381469727,13.8100004196167,14.199999809265137,0.0,24895800
2021-08-20,15.40999984741211,15.40999984741211,0.0,15.4399995803833,14.729999542236328,14.774999618530273,0.0,15037100
2021-08-23,16.329999923706055,16.329999923706055,0.0,16.399999618530273,15.329999923706055,15.5,0.0,14091600
2021-08-24,17.270000457763672,17.270000457763672,0.0,17.315000534057617,16.490999221801758,16.520000457763672,0.0,12800600
2021-08-25,17.280000686645508,17.280000686645508,0.0,17.34000015258789,16.709999084472656,17.0,0.0,10207600
2021-08-26,16.709999084472656,16.709999084472656,0.0,17.795000076293945,16.665000915527344,17.149999618530273,0.0,7954300
2021-08-27,17.329999923706055,17.329999923706055,0.0,17.40999984741211,16.729999542236328,16.84000015258789,0.0,5999700
2021-08-30,17.559999465942383,17.559999465942383,0.0,17.68000030517578,16.950000762939453,17.389999389648438,0.0,7028500
2021-08-31,17.729999542236328,17.729999542236328,0.0,18.010000228881836,17.31999969482422,17.600000381469727,0.0,8086300
2021-09-01,18.420000076293945,18.420000076293945,0.0,18.489999771118164,17.729999542236328,17.780000686645508,0.0,10425300
2021-09-02,18.56999969482422,18.56999969482422,0.0,18.905000686645508,18.170000076293945,18.551000595092773,0.0,8606300
2021-09-03,19.18000030517578,19.18000030517578,0.0,19.260000228881836,18.440000534057617,18.665000915527344,0.0,8852900
2021-09-07,19.700000762939453,19.700000762939453,0.0,19.940000534057617,19.260000228881836,19.350000381469727,0.0,11799000
2021-09-08,18.739999771118164,18.739999771118164,0.0,19.489999771118164,18.43000030517578,19.242000579833984,0.0,12661400
2021-09-09,18.940000534057617,18.940000534057617,0.0,19.2549991607666,18.649999618530273,18.700000762939453,0.0,6579700
2021-09-10,18.75,18.75,0.0,19.34000015258789,18.719999313354492,19.010000228881836,0.0,5079300
2021-09-13,17.760000228881836,17.760000228881836,0.0,18.889999389648438,17.56999969482422,18.889999389648438,0.0,11959500
2021-09-14,16.899999618530273,16.899999618530273,0.0,17.375,16.760000228881836,16.81999969482422,0.0,30518400
2021-09-15,17.0,17.0,0.0,17.139999389648438,16.670000076293945,16.8799991607666,0.0,9546400
2021-09-16,17.8799991607666,17.8799991607666,0.0,17.934999465942383,17.040000915527344,17.209999084472656,0.0,10419400
2021-09-17,18.329999923706055,18.329999923706055,0.0,18.3799991607666,17.700000762939453,17.920000076293945,0.0,16450100
2021-09-20,18.450000762939453,18.450000762939453,0.0,18.6299991607666,17.399999618530273,17.43000030517578,0.0,16599600
2021-09-21,19.329999923706055,19.329999923706055,0.0,19.399999618530273,18.520000457763672,18.520000457763672,0.0,17498000
2021-09-22,19.459999084472656,19.459999084472656,0.0,19.790000915527344,18.719999313354492,19.280000686645508,0.0,17890600
2021-09-23,19.989999771118164,19.989999771118164,0.0,20.014999389648438,19.200000762939453,19.74799919128418,0.0,15441200
2021-09-24,20.350000381469727,20.350000381469727,0.0,20.469999313354492,19.549999237060547,19.90999984741211,0.0,9228200
2021-09-27,21.0,21.0,0.0,21.0,19.770000457763672,19.950000762939453,0.0,8817600
2021-09-28,20.049999237060547,20.049999237060547,0.0,20.780000686645508,19.93000030517578,20.670000076293945,0.0,15650000
2021-09-29,19.959999084472656,19.959999084472656,0.0,20.450000762939453,19.809999465942383,20.25,0.0,9296400
2021-09-30,20.530000686645508,20.530000686645508,0.0,20.610000610351562,19.719999313354492,20.13800048828125,0.0,7977500
2021-10-01,20.540000915527344,20.540000915527344,0.0,20.8700008392334,19.850000381469727,20.649999618530273,0.0,7713300
2021-10-04,18.989999771118164,18.989999771118164,0.0,20.56999969482422,18.780000686645508,20.219999313354492,0.0,13574500
2021-10-05,19.219999313354492,19.219999313354492,0.0,19.809999465942383,18.809999465942383,19.030000686645508,0.0,8709500
2021-10-06,19.719999313354492,19.719999313354492,0.0,19.885000228881836,18.850000381469727,19.059999465942383,0.0,7495400
2021-10-07,20.229999542236328,20.229999542236328,0.0,20.469999313354492,19.889999389648438,20.09000015258789,0.0,14801200
2021-10-08,21.65999984741211,21.65999984741211,0.0,22.174999237060547,20.18000030517578,20.329999923706055,0.0,19813500
2021-10-11,21.969999313354492,21.969999313354492,0.0,22.4950008392334,21.600000381469727,21.81999969482422,0.0,9633000
2021-10-12,23.25,23.25,0.0,23.5,21.93000030517578,22.030000686645508,0.0,15373900
2021-10-13,23.489999771118164,23.489999771118164,0.0,23.559999465942383,22.360000610351562,23.229999542236328,0.0,11191200
2021-10-14,23.739999771118164,23.739999771118164,0.0,24.030000686645508,23.3799991607666,23.8799991607666,0.0,8986900
2021-10-15,23.43000030517578,23.43000030517578,0.0,24.010000228881836,23.31999969482422,23.979999542236328,0.0,7475000
2021-10-18,24.15999984741211,24.15999984741211,0.0,25.270000457763672,22.649999618530273,22.899999618530273,0.0,26803400
2021-10-19,24.020000457763672,24.020000457763672,0.0,24.260000228881836,23.469999313354492,24.15999984741211,0.0,12123000
2021-10-20,23.530000686645508,23.530000686645508,0.0,24.229999542236328,23.235000610351562,24.084999084472656,0.0,9635500
2021-10-21,23.760000228881836,23.760000228881836,0.0,24.19499969482422,23.309999465942383,23.422000885009766,0.0,5486900
2021-10-22,23.389999389648438,23.389999389648438,0.0,23.65399932861328,22.979999542236328,23.65399932861328,0.0,4877700
2021-10-25,24.040000915527344,24.040000915527344,0.0,24.09000015258789,23.405000686645508,23.822999954223633,0.0,5616900
2021-10-26,23.75,23.75,0.0,24.399999618530273,23.440000534057617,24.25,0.0,5698100
2021-10-27,23.8700008392334,23.8700008392334,0.0,24.170000076293945,23.6299991607666,23.899999618530273,0.0,7858600
2021-10-28,24.25,24.25,0.0,24.31999969482422,23.579999923706055,23.899999618530273,0.0,6692100
2021-10-29,23.709999084472656,23.709999084472656,0.0,24.1299991607666,23.34000015258789,24.049999237060547,0.0,10421400
2021-11-01,24.75,24.75,0.0,25.325000762939453,23.68000030517578,23.799999237060547,0.0,9923800
2021-11-02,21.1200008392334,21.1200008392334,0.0,24.950000762939453,20.56999969482422,24.93400001525879,0.0,28808900
2021-11-03,20.860000610351562,20.860000610351562,0.0,22.309999465942383,19.729999542236328,21.600000381469727,0.0,34003600
2021-11-04,23.940000534057617,23.940000534057617,0.0,24.780000686645508,21.299999237060547,21.464000701904297,0.0,30463400
2021-11-05,22.31999969482422,22.31999969482422,0.0,24.15999984741211,21.68000030517578,23.790000915527344,0.0,16930400
2021-11-08,21.969999313354492,21.969999313354492,0.0,22.649999618530273,21.764999389648438,22.5,0.0,17106300
2021-11-09,21.0,21.0,0.0,22.329999923706055,20.600000381469727,22.315000534057617,0.0,15909700
2021-11-10,19.520000457763672,19.520000457763672,0.0,20.969999313354492,19.06999969482422,20.889999389648438,0.0,29641500
2021-11-11,22.559999465942383,22.559999465942383,0.0,24.399999618530273,22.079999923706055,23.545000076293945,0.0,45451000
2021-11-12,23.139999389648438,23.139999389648438,0.0,23.760000228881836,22.260000228881836,22.5,0.0,15314700
2021-11-15,22.559999465942383,22.559999465942383,0.0,23.850000381469727,22.530000686645508,23.059999465942383,0.0,13433800
2021-11-16,21.520000457763672,21.520000457763672,0.0,22.290000915527344,20.940000534057617,21.979999542236328,0.0,18968400
2021-11-17,21.0,21.0,0.0,22.219999313354492,20.875,21.170000076293945,0.0,10651300
2021-11-18,20.639999389648438,20.639999389648438,0.0,21.045000076293945,20.399999618530273,20.8700008392334,0.0,11125000
2021-11-19,19.729999542236328,19.729999542236328,0.0,20.700000762939453,19.604999542236328,20.628000259399414,0.0,10649800
2021-11-22,18.350000381469727,18.350000381469727,0.0,20.040000915527344,18.329999923706055,19.864999771118164,0.0,13835800
2021-11-23,16.709999084472656,16.709999084472656,0.0,18.31999969482422,16.280000686645508,18.200000762939453,0.0,25354900
2021-11-24,17.010000228881836,17.010000228881836,0.0,17.469999313354492,16.700000762939453,16.8799991607666,0.0,12029600
2021-11-26,16.3700008392334,16.3700008392334,0.0,16.702999114990234,16.030000686645508,16.18000030517578,0.0,6185200
2021-11-29,16.139999389648438,16.139999389648438,0.0,16.68000030517578,15.869000434875488,16.610000610351562,0.0,9805400
2021-11-30,15.84000015258789,15.84000015258789,0.0,16.459999084472656,15.3100004196167,16.0,0.0,13148900
2021-12-01,14.470000267028809,14.470000267028809,0.0,16.139999389648438,14.430000305175781,16.0,0.0,13041300
2021-12-02,14.550000190734863,14.550000190734863,0.0,14.949999809265137,14.170000076293945,14.630000114440918,0.0,16106800
2021-12-03,14.020000457763672,14.020000457763672,0.0,14.949999809265137,13.649999618530273,14.6899995803833,0.0,16195200
2021-12-06,14.9399995803833,14.9399995803833,0.0,15.15999984741211,13.800000190734863,13.979999542236328,0.0,16636600
2021-12-07,15.380000114440918,15.380000114440918,0.0,15.914999961853027,15.1899995803833,15.420000076293945,0.0,9756100
2021-12-08,15.6899995803833,15.6899995803833,0.0,15.760000228881836,15.041999816894531,15.390000343322754,0.0,10739500
2021-12-09,15.09000015258789,15.09000015258789,0.0,15.819999694824219,14.960000038146973,15.489999771118164,0.0,11495900
2021-12-10,14.979999542236328,14.979999542236328,0.0,15.640000343322754,14.704999923706055,15.180000305175781,0.0,8786200
2021-12-13,14.619999885559082,14.619999885559082,0.0,15.300000190734863,14.425000190734863,15.210000038146973,0.0,11139700
2021-12-14,13.949999809265137,13.949999809265137,0.0,14.470000267028809,13.800000190734863,14.210000038146973,0.0,12928000
2021-12-15,13.899999618530273,13.899999618530273,0.0,14.050000190734863,13.119999885559082,13.880000114440918,0.0,12023700
2021-12-16,13.300000190734863,13.300000190734863,0.0,14.350000381469727,13.25,14.050000190734863,0.0,13397200
2021-12-17,14.300000190734863,14.300000190734863,0.0,14.430000305175781,12.645999908447266,13.180000305175781,0.0,18002500
2021-12-20,14.039999961853027,14.039999961853027,0.0,14.5600004196167,13.470000267028809,13.699999809265137,0.0,9004200
2021-12-21,14.800000190734863,14.800000190734863,0.0,14.890000343322754,14.050000190734863,14.265000343322754,0.0,8357100
2021-12-22,14.789999961853027,14.789999961853027,0.0,14.989999771118164,14.5,14.6899995803833,0.0,5378700
2021-12-23,14.890000343322754,14.890000343322754,0.0,14.989999771118164,14.210000038146973,14.850000381469727,0.0,5133000
2021-12-27,14.6899995803833,14.6899995803833,0.0,14.930000305175781,14.359999656677246,14.670000076293945,0.0,4654400
2021-12-28,14.539999961853027,14.539999961853027,0.0,15.1850004196167,14.369999885559082,14.5649995803833,0.0,5983600
2021-12-29,14.109999656677246,14.109999656677246,0.0,14.5,13.604999542236328,14.5,0.0,6287800
2021-12-30,14.720000267028809,14.720000267028809,0.0,15.119999885559082,14.0,14.0,0.0,6749900
2021-12-31,14.609999656677246,14.609999656677246,0.0,14.899999618530273,14.420000076293945,14.559000015258789,0.0,4558000
2022-01-03,15.069999694824219,15.069999694824219,0.0,15.239999771118164,14.404000282287598,14.850000381469727,0.0,9232500
2022-01-04,14.0600004196167,14.0600004196167,0.0,15.09000015258789,13.744999885559082,15.069999694824219,0.0,10987400
2022-01-05,12.510000228881836,12.510000228881836,0.0,14.0600004196167,12.430000305175781,13.772000312805176,0.0,13993800
2022-01-06,11.800000190734863,11.800000190734863,0.0,12.640000343322754,11.3149995803833,12.329999923706055,0.0,17376500
2022-01-07,11.359999656677246,11.359999656677246,0.0,12.010000228881836,10.987000465393066,11.800000190734863,0.0,24480900
2022-01-10,11.420000076293945,11.420000076293945,0.0,11.454999923706055,10.5649995803833,11.145999908447266,0.0,17313300
2022-01-11,11.890000343322754,11.890000343322754,0.0,12.0,11.36299991607666,11.489999771118164,0.0,10578800
2022-01-12,12.640000343322754,12.640000343322754,0.0,13.319999694824219,12.079999923706055,12.25,0.0,21368900
2022-01-13,12.079999923706055,12.079999923706055,0.0,12.680000305175781,12.029999732971191,12.600000381469727,0.0,9708100
2022-01-14,11.5600004196167,11.5600004196167,0.0,12.09000015258789,11.079999923706055,12.0,0.0,11941700
2022-01-18,10.649999618530273,10.649999618530273,0.0,11.5,10.619999885559082,11.15999984741211,0.0,15082700
2022-01-19,9.989999771118164,9.989999771118164,0.0,10.494999885559082,9.8100004196167,10.336999893188477,0.0,24088500
2022-01-20,9.75,9.75,0.0,10.760000228881836,9.699999809265137,10.199999809265137,0.0,12597800
2022-01-21,9.470000267028809,9.470000267028809,0.0,10.039999961853027,9.300000190734863,9.779999732971191,0.0,19105100
2022-01-24,9.359999656677246,9.359999656677246,0.0,9.430000305175781,8.140000343322754,8.899999618530273,0.0,24829400
2022-01-25,8.989999771118164,8.989999771118164,0.0,9.324999809265137,8.649999618530273,9.04800033569336,0.0,11432000
2022-01-26,8.649999618530273,8.649999618530273,0.0,9.579999923706055,8.494999885559082,9.220000267028809,0.0,15005500
2022-01-27,8.5,8.5,0.0,8.90999984741211,8.279999732971191,8.869999885559082,0.0,17286300
2022-01-28,8.8100004196167,8.8100004196167,0.0,8.850000381469727,8.220000267028809,8.529999732971191,0.0,13611000
2022-01-31,9.930000305175781,9.930000305175781,0.0,10.010000228881836,8.880000114440918,8.930000305175781,0.0,13196100
2022-02-01,10.710000038146973,10.710000038146973,0.0,10.875,10.0600004196167,10.170000076293945,0.0,16893800
2022-02-02,10.350000381469727,10.350000381469727,0.0,10.8100004196167,10.109999656677246,10.800000190734863,0.0,12413700
2022-02-03,9.5600004196167,9.5600004196167,0.0,10.279999732971191,9.524999618530273,9.890000343322754,0.0,11617800
2022-02-04,9.8100004196167,9.8100004196167,0.0,9.920000076293945,9.229000091552734,9.569999694824219,0.0,12951400
2022-02-07,9.670000076293945,9.670000076293945,0.0,10.361000061035156,9.635000228881836,9.899999618530273,0.0,8350800
2022-02-08,9.800000190734863,9.800000190734863,0.0,10.0649995803833,9.350000381469727,9.550000190734863,0.0,22411200
2022-02-09,10.5,10.5,0.0,10.520000457763672,9.899999618530273,9.9399995803833,0.0,13787400
2022-02-10,10.289999961853027,10.289999961853027,0.0,11.21500015258789,10.020000457763672,10.079999923706055,0.0,16615200
2022-02-11,10.229999542236328,10.229999542236328,0.0,10.944999694824219,10.050999641418457,10.489999771118164,0.0,10069800
2022-02-14,10.140000343322754,10.140000343322754,0.0,10.494999885559082,9.989999771118164,10.232999801635742,0.0,9847400
2022-02-15,11.289999961853027,11.289999961853027,0.0,11.390000343322754,10.40999984741211,10.420000076293945,0.0,13310100
2022-02-16,11.229999542236328,11.229999542236328,0.0,11.28499984741211,10.755000114440918,11.140000343322754,0.0,9470300
2022-02-17,10.609999656677246,10.609999656677246,0.0,11.300000190734863,10.4399995803833,11.039999961853027,0.0,9031800
2022-02-18,10.710000038146973,10.710000038146973,0.0,11.140000343322754,10.289999961853027,10.819999694824219,0.0,21578300
2022-02-22,10.069999694824219,10.069999694824219,0.0,11.050000190734863,10.0,10.550000190734863,0.0,13514500
2022-02-23,9.220000267028809,9.220000267028809,0.0,10.34000015258789,9.1899995803833,10.3100004196167,0.0,17483800
2022-02-24,10.979999542236328,10.979999542236328,0.0,11.010000228881836,8.470000267028809,8.699999809265137,0.0,33511100
2022-02-25,8.4399995803833,8.4399995803833,0.0,9.829999923706055,7.769999980926514,9.699999809265137,0.0,55994500
2022-02-28,8.350000381469727,8.350000381469727,0.0,8.920000076293945,8.204999923706055,8.479999542236328,0.0,31356800
2022-03-01,8.229999542236328,8.229999542236328,0.0,8.470000267028809,7.980000019073486,8.380000114440918,0.0,20808600
2022-03-02,8.59000015258789,8.59000015258789,0.0,8.6899995803833,8.180000305175781,8.510000228881836,0.0,16802800
2022-03-03,7.809999942779541,7.809999942779541,0.0,8.739999771118164,7.71999979019165,8.710000038146973,0.0,18468700
2022-03-04,6.760000228881836,6.760000228881836,0.0,7.989999771118164,6.71999979019165,7.880000114440918,0.0,30098100
2022-03-07,6.53000020980835,6.53000020980835,0.0,7.070000171661377,6.389999866485596,6.989999771118164,0.0,20973700
2022-03-08,6.789999961853027,6.789999961853027,0.0,7.074999809265137,6.15500020980835,6.449999809265137,0.0,17179000
2022-03-09,7.480000019073486,7.480000019073486,0.0,7.679999828338623,6.880000114440918,6.880000114440918,0.0,19761400
2022-03-10,7.409999847412109,7.409999847412109,0.0,7.46999979019165,7.019999980926514,7.429999828338623,0.0,17516400
2022-03-11,6.860000133514404,6.860000133514404,0.0,7.599999904632568,6.829999923706055,7.519999980926514,0.0,12345700
2022-03-14,6.46999979019165,6.46999979019165,0.0,7.005000114440918,6.409999847412109,6.71999979019165,0.0,16950100
2022-03-15,7.059999942779541,7.059999942779541,0.0,7.079999923706055,6.400000095367432,6.510000228881836,0.0,15321900
2022-03-16,7.730000019073486,7.730000019073486,0.0,7.749000072479248,7.204999923706055,7.25,0.0,18345900
2022-03-17,8.25,8.25,0.0,8.274999618530273,7.429999828338623,7.550000190734863,0.0,13863300
2022-03-18,8.289999961853027,8.289999961853027,0.0,8.630000114440918,8.100000381469727,8.149999618530273,0.0,26173500
2022-03-21,8.15999984741211,8.15999984741211,0.0,8.520000457763672,8.0,8.1899995803833,0.0,16563600
2022-03-22,9.289999961853027,9.289999961853027,0.0,9.40999984741211,8.114999771118164,8.1899995803833,0.0,25407100
2022-03-23,9.180000305175781,9.180000305175781,0.0,9.765000343322754,8.960000038146973,9.109999656677246,0.0,11758800
2022-03-24,9.029999732971191,9.029999732971191,0.0,9.359999656677246,8.75,9.3100004196167,0.0,14666900
2022-03-25,8.649999618530273,8.649999618530273,0.0,9.069999694824219,8.354999542236328,9.050000190734863,0.0,15723400
2022-03-28,8.949999809265137,8.949999809265137,0.0,9.0,8.380999565124512,8.6899995803833,0.0,13461600
2022-03-29,9.850000381469727,9.850000381469727,0.0,10.050000190734863,9.0600004196167,9.0600004196167,0.0,18308100
2022-03-30,9.140000343322754,9.140000343322754,0.0,9.75,9.104999542236328,9.630000114440918,0.0,9048200
2022-03-31,8.649999618530273,8.649999618530273,0.0,9.25,8.619999885559082,9.25,0.0,10247400
2022-04-01,8.479999542236328,8.479999542236328,0.0,8.829999923706055,8.369999885559082,8.760000228881836,0.0,10672300
2022-04-04,9.0600004196167,9.0600004196167,0.0,9.204999923706055,8.510000228881836,8.520000457763672,0.0,12553100
2022-04-05,8.350000381469727,8.350000381469727,0.0,9.0,8.28499984741211,8.970000267028809,0.0,10612000
2022-04-06,7.579999923706055,7.579999923706055,0.0,8.100000381469727,7.300000190734863,8.100000381469727,0.0,18340500
2022-04-07,7.389999866485596,7.389999866485596,0.0,7.599999904632568,7.099999904632568,7.599999904632568,0.0,13116800
2022-04-08,7.28000020980835,7.28000020980835,0.0,7.670000076293945,7.059999942779541,7.309999942779541,0.0,13609700
2022-04-11,7.789999961853027,7.789999961853027,0.0,7.925000190734863,7.019999980926514,7.159999847412109,0.0,20067400
2022-04-12,8.029999732971191,8.029999732971191,0.0,8.475000381469727,7.739999771118164,7.800000190734863,0.0,17914400
2022-04-13,8.760000228881836,8.760000228881836,0.0,8.819999694824219,8.0600004196167,8.069999694824219,0.0,15773700
2022-04-14,8.829999923706055,8.829999923706055,0.0,9.010000228881836,8.59000015258789,8.710000038146973,0.0,16232900
2022-04-18,8.239999771118164,8.239999771118164,0.0,8.720000267028809,7.960000038146973,8.720000267028809,0.0,12559900
2022-04-19,8.579999923706055,8.579999923706055,0.0,8.630000114440918,8.029999732971191,8.260000228881836,0.0,8846200
2022-04-20,8.170000076293945,8.170000076293945,0.0,8.729999542236328,8.03499984741211,8.65999984741211,0.0,9713900
2022-04-21,7.5,7.5,0.0,8.369999885559082,7.320000171661377,8.369999885559082,0.0,14760700
2022-04-22,7.090000152587891,7.090000152587891,0.0,7.579999923706055,7.0,7.53000020980835,0.0,14439500
2022-04-25,7.460000038146973,7.460000038146973,0.0,7.53000020980835,6.860000133514404,6.989999771118164,0.0,15823300
2022-04-26,7.03000020980835,7.03000020980835,0.0,7.429999828338623,6.800000190734863,7.269999980926514,0.0,13162300
2022-04-27,6.739999771118164,6.739999771118164,0.0,7.409999847412109,6.710000038146973,7.039999961853027,0.0,11477400
2022-04-28,7.179999828338623,7.179999828338623,0.0,7.269999980926514,6.519999980926514,6.840000152587891,0.0,12228200
2022-04-29,6.989999771118164,6.989999771118164,0.0,7.510000228881836,6.960000038146973,7.059999942779541,0.0,12132900
2022-05-02,7.519999980926514,7.519999980926514,0.0,7.539999961853027,6.579999923706055,6.900000095367432,0.0,15989300
2022-05-03,7.71999979019165,7.71999979019165,0.0,7.900000095367432,7.170000076293945,7.429999828338623,0.0,17876700
2022-05-04,8.020000457763672,8.020000457763672,0.0,8.204999923706055,7.364999771118164,7.739999771118164,0.0,24297800
2022-05-05,7.150000095367432,7.150000095367432,0.0,7.960000038146973,7.025000095367432,7.909999847412109,0.0,25022900
2022-05-06,6.710000038146973,6.710000038146973,0.0,7.960000038146973,6.25,7.960000038146973,0.0,45916200
2022-05-09,6.0,6.0,0.0,6.880000114440918,5.96999979019165,6.550000190734863,0.0,24560700
2022-05-10,5.860000133514404,5.860000133514404,0.0,6.369999885559082,5.215000152587891,6.210000038146973,0.0,36610200
2022-05-11,5.380000114440918,5.380000114440918,0.0,6.039999961853027,5.23199987411499,5.800000190734863,0.0,18459100
2022-05-12,6.260000228881836,6.260000228881836,0.0,6.260000228881836,5.150000095367432,5.389999866485596,0.0,39077100
2022-05-13,7.269999980926514,7.269999980926514,0.0,7.414999961853027,6.389999866485596,6.389999866485596,0.0,28805100
2022-05-16,7.159999847412109,7.159999847412109,0.0,7.605000019073486,6.949999809265137,7.230000019073486,0.0,17732100
2022-05-17,7.519999980926514,7.519999980926514,0.0,7.611999988555908,6.989999771118164,7.289999961853027,0.0,17514800
2022-05-18,6.849999904632568,6.849999904632568,0.0,7.360000133514404,6.769999980926514,7.329999923706055,0.0,17070900
2022-05-19,6.900000095367432,6.900000095367432,0.0,7.199999809265137,6.619999885559082,6.642000198364258,0.0,15352500
2022-05-20,6.849999904632568,6.849999904632568,0.0,7.119999885559082,6.449999809265137,7.019999980926514,0.0,14844800
2022-05-23,6.769999980926514,6.769999980926514,0.0,6.909999847412109,6.519999980926514,6.864999771118164,0.0,9731900
2022-05-24,6.159999847412109,6.159999847412109,0.0,6.630000114440918,6.050000190734863,6.590000152587891,0.0,15330800
2022-05-25,6.420000076293945,6.420000076293945,0.0,6.494999885559082,6.050000190734863,6.079999923706055,0.0,15195800
2022-05-26,6.519999980926514,6.519999980926514,0.0,6.695000171661377,6.300000190734863,6.380000114440918,0.0,16322200
2022-05-27,7.489999771118164,7.489999771118164,0.0,7.605000019073486,6.659999847412109,6.699999809265137,0.0,22947300
2022-05-31,7.230000019073486,7.230000019073486,0.0,7.585000038146973,7.03000020980835,7.489999771118164,0.0,35677300
2022-06-01,6.96999979019165,6.96999979019165,0.0,7.71999979019165,6.909999847412109,7.230000019073486,0.0,14290000
2022-06-02,8.010000228881836,8.010000228881836,0.0,8.079999923706055,6.880000114440918,6.96999979019165,0.0,19822000
2022-06-03,7.519999980926514,7.519999980926514,0.0,7.920000076293945,7.489999771118164,7.710000038146973,0.0,12183900
2022-06-06,7.179999828338623,7.179999828338623,0.0,7.889999866485596,7.105000019073486,7.739999771118164,0.0,14535600
2022-06-07,7.389999866485596,7.389999866485596,0.0,7.429999828338623,7.03000020980835,7.159999847412109,0.0,12001400
2022-06-08,7.349999904632568,7.349999904632568,0.0,7.690000057220459,7.289999961853027,7.320000171661377,0.0,13365600
2022-06-09,6.690000057220459,6.690000057220459,0.0,7.429999828338623,6.659999847412109,7.420000076293945,0.0,13196800
2022-06-10,5.699999809265137,5.699999809265137,0.0,6.519999980926514,5.679999828338623,6.46999979019165,0.0,24799200
2022-06-13,5.019999980926514,5.019999980926514,0.0,5.46999979019165,4.920000076293945,5.394999980926514,0.0,22065000
2022-06-14,5.039999961853027,5.039999961853027,0.0,5.329999923706055,4.809999942779541,5.130000114440918,0.0,21472100
2022-06-15,5.130000114440918,5.130000114440918,0.0,5.295000076293945,4.869999885559082,5.079999923706055,0.0,29326900
2022-06-16,4.320000171661377,4.320000171661377,0.0,4.829999923706055,4.300000190734863,4.800000190734863,0.0,27127700
2022-06-17,4.829999923706055,4.829999923706055,0.0,4.989999771118164,4.5,4.519999980926514,0.0,25877700
2022-06-21,4.760000228881836,4.760000228881836,0.0,5.244999885559082,4.739999771118164,5.005000114440918,0.0,19889100
2022-06-22,4.820000171661377,4.820000171661377,0.0,5.110000133514404,4.581999778747559,4.639999866485596,0.0,15214600
2022-06-23,5.380000114440918,5.380000114440918,0.0,5.445000171661377,4.775000095367432,4.880000114440918,0.0,22920000
2022-06-24,5.659999847412109,5.659999847412109,0.0,5.670000076293945,5.289999961853027,5.289999961853027,0.0,15906500
2022-06-27,5.429999828338623,5.429999828338623,0.0,5.78000020980835,5.210000038146973,5.650000095367432,0.0,11663700
2022-06-28,5.130000114440918,5.130000114440918,0.0,5.579999923706055,5.090000152587891,5.474999904632568,0.0,9380200
2022-06-29,4.78000020980835,4.78000020980835,0.0,5.170000076293945,4.735000133514404,5.130000114440918,0.0,13492600
2022-06-30,4.710000038146973,4.710000038146973,0.0,4.800000190734863,4.460000038146973,4.71999979019165,0.0,10892200
2022-07-01,5.110000133514404,5.110000133514404,0.0,5.110000133514404,4.699999809265137,4.710000038146973,0.0,14360000
2022-07-05,5.46999979019165,5.46999979019165,0.0,5.489999771118164,4.829999923706055,5.039999961853027,0.0,13075800
2022-07-06,5.360000133514404,5.360000133514404,0.0,5.704999923706055,5.34499979019165,5.510000228881836,0.0,17303300
2022-07-07,5.650000095367432,5.650000095367432,0.0,5.699999809265137,5.269999980926514,5.340000152587891,0.0,14099800
2022-07-08,5.559999942779541,5.559999942779541,0.0,5.639999866485596,5.150000095367432,5.510000228881836,0.0,13736600
2022-07-11,5.119999885559082,5.119999885559082,0.0,5.5,4.860000133514404,5.5,0.0,19001500
2022-07-12,5.269999980926514,5.269999980926514,0.0,5.320000171661377,4.929999828338623,5.170000076293945,0.0,14634100
2022-07-13,5.230000019073486,5.230000019073486,0.0,5.309999942779541,4.980999946594238,5.099999904632568,0.0,10501700
2022-07-14,4.960000038146973,4.960000038146973,0.0,5.190000057220459,4.900000095367432,5.090000152587891,0.0,9990200
2022-07-15,5.119999885559082,5.119999885559082,0.0,5.184999942779541,4.885000228881836,5.050000190734863,0.0,9652200
2022-07-18,5.03000020980835,5.03000020980835,0.0,5.34499979019165,4.992000102996826,5.139999866485596,0.0,11719700
2022-07-19,5.53000020980835,5.53000020980835,0.0,5.679999828338623,5.119999885559082,5.170000076293945,0.0,16163800
2022-07-20,5.659999847412109,5.659999847412109,0.0,5.849999904632568,5.489999771118164,5.510000228881836,0.0,14271700
2022-07-21,5.610000133514404,5.610000133514404,0.0,5.610000133514404,5.349999904632568,5.599999904632568,0.0,7405200
2022-07-22,5.170000076293945,5.170000076293945,0.0,5.650000095367432,5.119999885559082,5.559999942779541,0.0,9988600
2022-07-25,4.940000057220459,4.940000057220459,0.0,5.190000057220459,4.85099983215332,5.190000057220459,0.0,11949000
2022-07-26,4.650000095367432,4.650000095367432,0.0,4.880000114440918,4.610000133514404,4.860000133514404,0.0,10751600
2022-07-27,4.75,4.75,0.0,4.860000133514404,4.440000057220459,4.78000020980835,0.0,20007000
2022-07-28,5.039999961853027,5.039999961853027,0.0,5.300000190734863,4.619999885559082,4.880000114440918,0.0,22496200
2022-07-29,4.909999847412109,4.909999847412109,0.0,5.059999942779541,4.75,5.03000020980835,0.0,17663300
2022-08-01,4.789999961853027,4.789999961853027,0.0,5.059999942779541,4.679999828338623,4.940000057220459,0.0,25925100
2022-08-02,4.849999904632568,4.849999904632568,0.0,4.929999828338623,4.619999885559082,4.714000225067139,0.0,22561200
2022-08-03,5.210000038146973,5.210000038146973,0.0,5.21999979019165,4.744999885559082,4.880000114440918,0.0,18312300
2022-08-04,4.699999809265137,4.699999809265137,0.0,5.090000152587891,4.619999885559082,5.079999923706055,0.0,42347700
2022-08-05,5.71999979019165,5.71999979019165,0.0,5.869999885559082,4.710000038146973,4.75,0.0,55672400
2022-08-08,5.889999866485596,5.889999866485596,0.0,6.2769999504089355,5.659999847412109,5.800000190734863,0.0,25078300
2022-08-09,5.429999828338623,5.429999828338623,0.0,5.730000019073486,5.300000190734863,5.679999828338623,0.0,24417100
2022-08-10,5.940000057220459,5.940000057220459,0.0,6.139999866485596,5.739999771118164,5.739999771118164,0.0,16816700
2022-08-11,5.989999771118164,5.989999771118164,0.0,6.170000076293945,5.840000152587891,6.139999866485596,0.0,25912400
2022-08-12,6.300000190734863,6.300000190734863,0.0,6.385000228881836,5.900000095367432,6.079999923706055,0.0,15326600
2022-08-15,6.010000228881836,6.010000228881836,0.0,6.360000133514404,5.949999809265137,6.28000020980835,0.0,26787800
2022-08-16,5.679999828338623,5.679999828338623,0.0,5.96999979019165,5.5,5.949999809265137,0.0,16412700
2022-08-17,5.085000038146973,5.085000038146973,0.0,5.53000020980835,5.079999923706055,5.510000228881836,0.0,17831500
2022-08-18,5.059999942779541,5.059999942779541,0.0,5.150000095367432,4.900000095367432,5.099999904632568,0.0,17138600
2022-08-19,4.75,4.75,0.0,4.909999847412109,4.650000095367432,4.849999904632568,0.0,23283400
2022-08-22,4.75,4.75,0.0,4.78000020980835,4.610000133514404,4.650000095367432,0.0,16438000
2022-08-23,4.650000095367432,4.650000095367432,0.0,4.929999828338623,4.579999923706055,4.739999771118164,0.0,12183700
2022-08-24,4.619999885559082,4.619999885559082,0.0,4.809999942779541,4.599999904632568,4.659999847412109,0.0,10481900
2022-08-25,4.809999942779541,4.809999942779541,0.0,4.949999809265137,4.59499979019165,4.679999828338623,0.0,9984400
2022-08-26,4.610000133514404,4.610000133514404,0.0,4.820000171661377,4.559999942779541,4.820000171661377,0.0,12604300
2022-08-29,4.489999771118164,4.489999771118164,0.0,4.735000133514404,4.480000019073486,4.5,0.0,9168400
2022-08-30,4.460000038146973,4.460000038146973,0.0,4.610000133514404,4.360000133514404,4.53000020980835,0.0,28142700
2022-08-31,4.329999923706055,4.329999923706055,0.0,4.639999866485596,4.329999923706055,4.579999923706055,0.0,11442900
2022-09-01,4.28000020980835,4.28000020980835,0.0,4.309999942779541,4.110000133514404,4.28000020980835,0.0,12764000
2022-09-02,4.099999904632568,4.099999904632568,0.0,4.349999904632568,4.045000076293945,4.260000228881836,0.0,18192500
2022-09-06,4.210000038146973,4.210000038146973,0.0,4.269999980926514,4.034999847412109,4.139999866485596,0.0,9954700
2022-09-07,4.409999847412109,4.409999847412109,0.0,4.409999847412109,4.130000114440918,4.170000076293945,0.0,9215200
2022-09-08,4.550000190734863,4.550000190734863,0.0,4.559999942779541,4.295000076293945,4.3480000495910645,0.0,10539100
2022-09-09,4.880000114440918,4.880000114440918,0.0,4.894999980926514,4.619999885559082,4.619999885559082,0.0,12558100
2022-09-12,4.960000038146973,4.960000038146973,0.0,5.070000171661377,4.860000133514404,4.920000076293945,0.0,9850200
2022-09-13,4.570000171661377,4.570000171661377,0.0,4.820000171661377,4.53000020980835,4.619999885559082,0.0,14134000
2022-09-14,4.300000190734863,4.300000190734863,0.0,4.570000171661377,4.179999828338623,4.510000228881836,0.0,17992700
2022-09-15,4.190000057220459,4.190000057220459,0.0,4.480000019073486,4.090000152587891,4.21999979019165,0.0,26427300
2022-09-16,4.059999942779541,4.059999942779541,0.0,4.158999919891357,3.944999933242798,4.070000171661377,0.0,27491800
2022-09-19,3.880000114440918,3.880000114440918,0.0,4.059999942779541,3.7899999618530273,3.990000009536743,0.0,19388800
2022-09-20,3.559999942779541,3.559999942779541,0.0,3.799999952316284,3.509999990463257,3.7799999713897705,0.0,23703200
2022-09-21,3.25,3.25,0.0,3.619999885559082,3.2300000190734863,3.569999933242798,0.0,34681100
2022-09-22,3.0399999618530273,3.0399999618530273,0.0,3.259999990463257,3.009999990463257,3.2300000190734863,0.0,28795500
2022-09-23,3.190000057220459,3.190000057220459,0.0,3.2100000381469727,2.8499999046325684,2.930000066757202,0.0,30808500
2022-09-26,3.059999942779541,3.059999942779541,0.0,3.3550000190734863,3.049999952316284,3.1700000762939453,0.0,26708700
2022-09-27,3.1600000858306885,3.1600000858306885,0.0,3.3399999141693115,3.119999885559082,3.1600000858306885,0.0,17854700
2022-09-28,3.4000000953674316,3.4000000953674316,0.0,3.440000057220459,3.119999885559082,3.1500000953674316,0.0,15266600
2022-09-29,3.140000104904175,3.140000104904175,0.0,3.319999933242798,3.049999952316284,3.309999942779541,0.0,16118200
2022-09-30,3.109999895095825,3.109999895095825,0.0,3.190000057220459,3.049999952316284,3.140000104904175,0.0,11036300
2022-10-03,3.140000104904175,3.140000104904175,0.0,3.180000066757202,2.9709999561309814,3.1500000953674316,0.0,14372500
2022-10-04,3.380000114440918,3.380000114440918,0.0,3.494999885559082,3.2960000038146973,3.299999952316284,0.0,19099300
2022-10-05,3.2200000286102295,3.2200000286102295,0.0,3.299999952316284,3.0999999046325684,3.259999990463257,0.0,9493300
2022-10-06,2.990000009536743,2.990000009536743,0.0,3.2699999809265137,2.930000066757202,3.180000066757202,0.0,16116100
2022-10-07,2.809999942779541,2.809999942779541,0.0,2.9000000953674316,2.740000009536743,2.890000104904175,0.0,20021000
2022-10-10,2.940000057220459,2.940000057220459,0.0,2.9800000190734863,2.740000009536743,2.8399999141693115,0.0,19234200
2022-10-11,2.700000047683716,2.700000047683716,0.0,3.0,2.6600000858306885,2.930000066757202,0.0,16703800
2022-10-12,2.809999942779541,2.809999942779541,0.0,2.8299999237060547,2.63100004196167,2.700000047683716,0.0,13881700
2022-10-13,2.7100000381469727,2.7100000381469727,0.0,2.9000000953674316,2.5,2.640000104904175,0.0,26901800
2022-10-14,2.444999933242798,2.444999933242798,0.0,2.8499999046325684,2.440000057220459,2.7699999809265137,0.0,18925100
2022-10-17,2.4800000190734863,2.4800000190734863,0.0,2.6600000858306885,2.309999942779541,2.4100000858306885,0.0,23637500
2022-10-18,2.5,2.5,0.0,2.690000057220459,2.4700000286102295,2.609999895095825,0.0,18128000
2022-10-19,2.309999942779541,2.309999942779541,0.0,2.4579999446868896,2.2799999713897705,2.450000047683716,0.0,17651200
2022-10-20,2.440000057220459,2.440000057220459,0.0,2.5299999713897705,2.299999952316284,2.299999952316284,0.0,22275700
2022-10-21,2.4800000190734863,2.4800000190734863,0.0,2.484999895095825,2.259999990463257,2.4000000953674316,0.0,16754100
2022-10-24,2.359999895095825,2.359999895095825,0.0,2.5,2.2699999809265137,2.5,0.0,18875300
2022-10-25,2.7200000286102295,2.7200000286102295,0.0,2.7300000190734863,2.3499999046325684,2.380000114440918,0.0,21293800
2022-10-26,2.6700000762939453,2.6700000762939453,0.0,2.88700008392334,2.6449999809265137,2.6500000953674316,0.0,16478400
2022-10-27,2.6500000953674316,2.6500000953674316,0.0,2.9100000858306885,2.630000114440918,2.694999933242798,0.0,15350800
2022-10-28,2.690000057220459,2.690000057220459,0.0,2.7290000915527344,2.5299999713897705,2.6080000400543213,0.0,15311200
2022-10-31,2.5899999141693115,2.5899999141693115,0.0,2.75,2.549999952316284,2.619999885559082,0.0,17511000
2022-11-01,2.440000057220459,2.440000057220459,0.0,2.7799999713897705,2.369999885559082,2.690000057220459,0.0,20664300
2022-11-02,2.2899999618530273,2.2899999618530273,0.0,2.515000104904175,2.2799999713897705,2.4200000762939453,0.0,25058900
2022-11-03,2.3399999141693115,2.3399999141693115,0.0,2.5299999713897705,2.25,2.2699999809265137,0.0,29348300
2022-11-04,2.0199999809265137,2.0199999809265137,0.0,2.390000104904175,1.9500000476837158,2.380000114440918,0.0,39814300
2022-11-07,1.7350000143051147,1.7350000143051147,0.0,2.0799999237060547,1.7300000190734863,2.069999933242798,0.0,33663900
2022-11-08,1.6399999856948853,1.6399999856948853,0.0,1.7899999618530273,1.4600000381469727,1.7899999618530273,0.0,52845200
2022-11-09,1.5099999904632568,1.5099999904632568,0.0,1.6299999952316284,1.5,1.6100000143051147,0.0,24933400
2022-11-10,1.909999966621399,1.909999966621399,0.0,2.119999885559082,1.649999976158142,1.7000000476837158,0.0,83621200
2022-11-11,2.0799999237060547,2.0799999237060547,0.0,2.190000057220459,1.850000023841858,1.909999966621399,0.0,40906500
2022-11-14,1.8700000047683716,1.8700000047683716,0.0,2.1500000953674316,1.8600000143051147,2.119999885559082,0.0,23076300
2022-11-15,2.049999952316284,2.049999952316284,0.0,2.069999933242798,1.909999966621399,2.0399999618530273,0.0,31646000
2022-11-16,1.9199999570846558,1.9199999570846558,0.0,2.009999990463257,1.8799999952316284,2.0,0.0,14885400
2022-11-17,1.8700000047683716,1.8700000047683716,0.0,1.9049999713897705,1.7799999713897705,1.850000023841858,0.0,11813700
2022-11-18,1.7200000286102295,1.7200000286102295,0.0,1.9199999570846558,1.649999976158142,1.8799999952316284,0.0,49087200
2022-11-21,1.690000057220459,1.690000057220459,0.0,1.7300000190734863,1.600000023841858,1.690000057220459,0.0,14952000
2022-11-22,1.6399999856948853,1.6399999856948853,0.0,1.6799999475479126,1.5800000429153442,1.6699999570846558,0.0,27312200
2022-11-23,1.9299999475479126,1.9299999475479126,0.0,1.940000057220459,1.659999966621399,1.659999966621399,0.0,27784100
2022-11-25,2.069999933242798,2.069999933242798,0.0,2.069999933242798,1.8450000286102295,1.909999966621399,0.0,11064200
2022-11-28,1.8200000524520874,1.8200000524520874,0.0,2.0999999046325684,1.809999942779541,2.0299999713897705,0.0,16497800
2022-11-29,1.75,1.75,0.0,1.850000023841858,1.7300000190734863,1.8200000524520874,0.0,10297500
2022-11-30,1.850000023841858,1.850000023841858,0.0,1.8899999856948853,1.6799999475479126,1.75,0.0,20076300
2022-12-01,1.8600000143051147,1.8600000143051147,0.0,1.9600000381469727,1.7999999523162842,1.8799999952316284,0.0,18833400
2022-12-02,1.7100000381469727,1.7100000381469727,0.0,1.8300000429153442,1.7100000381469727,1.7799999713897705,0.0,18068100
2022-12-05,1.5399999618530273,1.5399999618530273,0.0,1.7300000190734863,1.5299999713897705,1.7200000286102295,0.0,16434300
2022-12-06,1.409999966621399,1.409999966621399,0.0,1.600000023841858,1.399999976158142,1.600000023841858,0.0,13810000
2022-12-07,1.2899999618530273,1.2899999618530273,0.0,1.4199999570846558,1.2599999904632568,1.3899999856948853,0.0,26206600
2022-12-08,1.3200000524520874,1.3200000524520874,0.0,1.4500000476837158,1.2799999713897705,1.309999942779541,0.0,12824500
2022-12-09,1.2999999523162842,1.2999999523162842,0.0,1.3550000190734863,1.25,1.2999999523162842,0.0,16190400
2022-12-12,1.4500000476837158,1.4500000476837158,0.0,1.475000023841858,1.2799999713897705,1.309999942779541,0.0,20003200
2022-12-13,1.5299999713897705,1.5299999713897705,0.0,1.75,1.4299999475479126,1.6399999856948853,0.0,50029700
2022-12-14,1.5199999809265137,1.5199999809265137,0.0,1.6100000143051147,1.4299999475479126,1.4700000286102295,0.0,18632500
2022-12-15,1.399999976158142,1.399999976158142,0.0,1.5199999809265137,1.3600000143051147,1.4700000286102295,0.0,15924400
2022-12-16,1.2599999904632568,1.2599999904632568,0.0,1.3700000047683716,1.2300000190734863,1.3700000047683716,0.0,59513000
2022-12-19,1.3300000429153442,1.3300000429153442,0.0,1.3700000047683716,1.190000057220459,1.2649999856948853,0.0,24418500
2022-12-20,1.2599999904632568,1.2599999904632568,0.0,1.399999976158142,1.2300000190734863,1.3200000524520874,0.0,42499600
2022-12-21,1.1399999856948853,1.1399999856948853,0.0,1.350000023841858,1.1299999952316284,1.2899999618530273,0.0,58581300
2022-12-22,1.0299999713897705,1.0299999713897705,0.0,1.1699999570846558,1.0099999904632568,1.0499999523162842,0.0,54648500
2022-12-23,1.0199999809265137,1.0199999809265137,0.0,1.0499999523162842,1.0,1.0399999618530273,0.0,14354600
2022-12-27,0.9700000286102295,0.9700000286102295,0.0,1.0199999809265137,0.9169999957084656,1.0099999904632568,0.0,26783400
2022-12-28,1.0499999523162842,1.0499999523162842,0.0,1.059999942779541,0.968999981880188,0.9800000190734863,0.0,18073400
2022-12-29,1.1299999952316284,1.1299999952316284,0.0,1.1699999570846558,1.0299999713897705,1.059999942779541,0.0,29826000
2022-12-30,1.159999966621399,1.159999966621399,0.0,1.1799999475479126,1.0800000429153442,1.1200000047683716,0.0,21507400
2023-01-03,1.100000023841858,1.100000023841858,0.0,1.25,1.0700000524520874,1.1799999475479126,0.0,19143500
2023-01-04,1.190000057220459,1.190000057220459,0.0,1.2300000190734863,1.090000033378601,1.100000023841858,0.0,15245500
2023-01-05,1.090000033378601,1.090000033378601,0.0,1.159999966621399,1.090000033378601,1.149999976158142,0.0,10629700
2023-01-06,1.149999976158142,1.149999976158142,0.0,1.1699999570846558,1.0299999713897705,1.1100000143051147,0.0,10844500
2023-01-09,1.2000000476837158,1.2000000476837158,0.0,1.309999942779541,1.159999966621399,1.190000057220459,0.0,25027200
2023-01-10,1.2400000095367432,1.2400000095367432,0.0,1.2799999713897705,1.159999966621399,1.2400000095367432,0.0,20811700
2023-01-11,1.4199999570846558,1.4199999570846558,0.0,1.440000057220459,1.2599999904632568,1.2699999809265137,0.0,27487200
2023-01-12,1.6299999952316284,1.6299999952316284,0.0,1.649999976158142,1.3600000143051147,1.4500000476837158,0.0,36749600
2023-01-13,1.659999966621399,1.659999966621399,0.0,1.7890000343322754,1.5,1.5800000429153442,0.0,48514800
2023-01-17,1.7300000190734863,1.7300000190734863,0.0,1.7899999618530273,1.565000057220459,1.715000033378601,0.0,26228900
2023-01-18,1.6200000047683716,1.6200000047683716,0.0,1.8849999904632568,1.6100000143051147,1.7999999523162842,0.0,26616600
2023-01-19,1.4900000095367432,1.4900000095367432,0.0,1.600000023841858,1.4500000476837158,1.5399999618530273,0.0,19921400
2023-01-20,1.600000023841858,1.600000023841858,0.0,1.600000023841858,1.4900000095367432,1.534999966621399,0.0,12184100
2023-01-23,1.7400000095367432,1.7400000095367432,0.0,1.7699999809265137,1.6100000143051147,1.6100000143051147,0.0,25228100
2023-01-24,1.6299999952316284,1.6299999952316284,0.0,1.8600000143051147,1.6100000143051147,1.7400000095367432,0.0,24775200
2023-01-25,1.6100000143051147,1.6100000143051147,0.0,1.659999966621399,1.5099999904632568,1.590000033378601,0.0,17026400
2023-01-26,1.7699999809265137,1.7699999809265137,0.0,1.8700000047683716,1.690000057220459,1.7100000381469727,0.0,33677800
2023-01-27,2.0299999713897705,2.0299999713897705,0.0,2.0899999141693115,1.7300000190734863,1.7699999809265137,0.0,37157400
2023-01-30,2.069999933242798,2.069999933242798,0.0,2.140000104904175,1.9199999570846558,1.9800000190734863,0.0,34869500
2023-01-31,2.190000057220459,2.190000057220459,0.0,2.2160000801086426,1.9800000190734863,2.059999942779541,0.0,29740500
2023-02-01,2.4000000953674316,2.4000000953674316,0.0,2.450000047683716,2.119999885559082,2.190000057220459,0.0,38750500
2023-02-02,2.7899999618530273,2.7899999618530273,0.0,3.049999952316284,2.569999933242798,2.680000066757202,0.0,63861900
2023-02-03,2.5899999141693115,2.5899999141693115,0.0,2.940000057220459,2.509999990463257,2.5799999237060547,0.0,27596100
2023-02-06,2.390000104904175,2.390000104904175,0.0,2.5490000247955322,2.299999952316284,2.490000009536743,0.0,22809700
2023-02-07,2.359999895095825,2.359999895095825,0.0,2.434999942779541,2.2699999809265137,2.4000000953674316,0.0,16914300
2023-02-08,2.2300000190734863,2.2300000190734863,0.0,2.440000057220459,2.2200000286102295,2.369999885559082,0.0,16512600
2023-02-09,2.0399999618530273,2.0399999618530273,0.0,2.440000057220459,2.0399999618530273,2.369999885559082,0.0,22623200
2023-02-10,1.9500000476837158,1.9500000476837158,0.0,2.0399999618530273,1.8799999952316284,1.940000057220459,0.0,16862800
2023-02-13,2.009999990463257,2.009999990463257,0.0,2.0299999713897705,1.8700000047683716,1.9600000381469727,0.0,17106800
2023-02-14,2.1600000858306885,2.1600000858306885,0.0,2.2799999713897705,1.9299999475479126,2.0,0.0,26372900
2023-02-15,2.3399999141693115,2.3399999141693115,0.0,2.359999895095825,2.1500000953674316,2.190000057220459,0.0,24190500
2023-02-16,2.1600000858306885,2.1600000858306885,0.0,2.378000020980835,2.1500000953674316,2.319999933242798,0.0,22326200
2023-02-17,2.009999990463257,2.009999990463257,0.0,2.174999952316284,1.940000057220459,2.0999999046325684,0.0,27600300
2023-02-21,1.840000033378601,1.840000033378601,0.0,2.049999952316284,1.8300000429153442,1.9500000476837158,0.0,18669000
2023-02-22,1.850000023841858,1.850000023841858,0.0,1.8899999856948853,1.7300000190734863,1.8600000143051147,0.0,22380500
2023-02-23,1.8200000524520874,1.8200000524520874,0.0,1.9600000381469727,1.7300000190734863,1.899999976158142,0.0,24933800
2023-02-24,1.600000023841858,1.600000023841858,0.0,1.7400000095367432,1.5499999523162842,1.649999976158142,0.0,31763800
2023-02-27,1.440000057220459,1.440000057220459,0.0,1.6799999475479126,1.409999966621399,1.649999976158142,0.0,32755600
2023-02-28,1.440000057220459,1.440000057220459,0.0,1.5199999809265137,1.4299999475479126,1.4550000429153442,0.0,15421100
2023-03-01,1.340000033378601,1.340000033378601,0.0,1.440000057220459,1.2899999618530273,1.440000057220459,0.0,30344500
2023-03-02,1.399999976158142,1.399999976158142,0.0,1.4199999570846558,1.2899999618530273,1.309999942779541,0.0,14849700
2023-03-03,1.5299999713897705,1.5299999713897705,0.0,1.5399999618530273,1.3799999952316284,1.4199999570846558,0.0,22613500
2023-03-06,1.4700000286102295,1.4700000286102295,0.0,1.6699999570846558,1.4600000381469727,1.600000023841858,0.0,26148900
2023-03-07,1.4550000429153442,1.4550000429153442,0.0,1.5399999618530273,1.440000057220459,1.4800000190734863,0.0,17953800
2023-03-08,1.559999942779541,1.559999942779541,0.0,1.5700000524520874,1.409999966621399,1.4500000476837158,0.0,19821100
2023-03-09,1.3550000190734863,1.3550000190734863,0.0,1.5750000476837158,1.350000023841858,1.5399999618530273,0.0,18291600
2023-03-10,1.190000057220459,1.190000057220459,0.0,1.3700000047683716,1.1019999980926514,1.350000023841858,0.0,41987800
2023-03-13,1.3200000524520874,1.3200000524520874,0.0,1.3700000047683716,1.149999976158142,1.2300000190734863,0.0,24592800
2023-03-14,1.3799999952316284,1.3799999952316284,0.0,1.5199999809265137,1.350000023841858,1.440000057220459,0.0,20231400
2023-03-15,1.6200000047683716,1.6200000047683716,0.0,1.659999966621399,1.3300000429153442,1.440000057220459,0.0,44228900
2023-03-16,1.6699999570846558,1.6699999570846558,0.0,1.7000000476837158,1.5399999618530273,1.649999976158142,0.0,27640800
2023-03-17,1.6100000143051147,1.6100000143051147,0.0,1.690000057220459,1.5499999523162842,1.6399999856948853,0.0,20736900
2023-03-20,1.4500000476837158,1.4500000476837158,0.0,1.649999976158142,1.4500000476837158,1.5499999523162842,0.0,24404500
2023-03-21,1.690000057220459,1.690000057220459,0.0,1.7000000476837158,1.5,1.5099999904632568,0.0,22622800
2023-03-22,1.5399999618530273,1.5399999618530273,0.0,1.7799999713897705,1.5299999713897705,1.7300000190734863,0.0,25008000
2023-03-23,1.7000000476837158,1.7000000476837158,0.0,1.9500000476837158,1.5950000286102295,1.6100000143051147,0.0,36640100
2023-03-24,1.659999966621399,1.659999966621399,0.0,1.8250000476837158,1.6299999952316284,1.7200000286102295,0.0,24233400
2023-03-27,1.600000023841858,1.600000023841858,0.0,1.75,1.559999942779541,1.7000000476837158,0.0,26958100
2023-03-28,1.4700000286102295,1.4700000286102295,0.0,1.6299999952316284,1.4600000381469727,1.5700000524520874,0.0,17718200
2023-03-29,1.5800000429153442,1.5800000429153442,0.0,1.600000023841858,1.4500000476837158,1.5,0.0,19811800
2023-03-30,1.6299999952316284,1.6299999952316284,0.0,1.6799999475479126,1.5800000429153442,1.600000023841858,0.0,14703000
2023-03-31,1.7599999904632568,1.7599999904632568,0.0,1.840000033378601,1.6299999952316284,1.6699999570846558,0.0,22883800
2023-04-03,1.840000033378601,1.840000033378601,0.0,1.8700000047683716,1.7300000190734863,1.7300000190734863,0.0,20997600
2023-04-04,1.7699999809265137,1.7699999809265137,0.0,1.8799999952316284,1.7200000286102295,1.8700000047683716,0.0,16027000
2023-04-05,1.6399999856948853,1.6399999856948853,0.0,1.7599999904632568,1.5800000429153442,1.7300000190734863,0.0,17290800
2023-04-06,1.6799999475479126,1.6799999475479126,0.0,1.7200000286102295,1.600000023841858,1.6200000047683716,0.0,10739500
2023-04-10,1.6799999475479126,1.6799999475479126,0.0,1.690000057220459,1.590000033378601,1.659999966621399,0.0,20179700
2023-04-11,1.8200000524520874,1.8200000524520874,0.0,1.850000023841858,1.6610000133514404,1.6699999570846558,0.0,18805500
2023-04-12,1.7799999713897705,1.7799999713897705,0.0,1.9600000381469727,1.7799999713897705,1.9199999570846558,0.0,22235900
2023-04-13,1.8300000429153442,1.8300000429153442,0.0,1.9600000381469727,1.8200000524520874,1.8600000143051147,0.0,18531800
2023-04-14,1.7000000476837158,1.7000000476837158,0.0,1.850000023841858,1.6699999570846558,1.840000033378601,0.0,22109600
2023-04-17,1.75,1.75,0.0,1.75,1.6399999856948853,1.684999942779541,0.0,17466700
2023-04-18,1.690000057220459,1.690000057220459,0.0,1.7599999904632568,1.6399999856948853,1.7599999904632568,0.0,15498900
2023-04-19,1.559999942779541,1.559999942779541,0.0,1.6699999570846558,1.5399999618530273,1.6299999952316284,0.0,19719200
2023-04-20,1.4900000095367432,1.4900000095367432,0.0,1.659999966621399,1.4800000190734863,1.5199999809265137,0.0,17462500
2023-04-21,1.5399999618530273,1.5399999618530273,0.0,1.590000033378601,1.4299999475479126,1.5,0.0,15825400
2023-04-24,1.409999966621399,1.409999966621399,0.0,1.5299999713897705,1.3700000047683716,1.5149999856948853,0.0,21008700
2023-04-25,1.3300000429153442,1.3300000429153442,0.0,1.399999976158142,1.2999999523162842,1.3899999856948853,0.0,17317100
2023-04-26,1.2599999904632568,1.2599999904632568,0.0,1.3600000143051147,1.25,1.3600000143051147,0.0,19735400
2023-04-27,1.2899999618530273,1.2899999618530273,0.0,1.3300000429153442,1.2599999904632568,1.309999942779541,0.0,13340800
2023-04-28,1.3799999952316284,1.3799999952316284,0.0,1.4199999570846558,1.2599999904632568,1.2899999618530273,0.0,18647400
2023-05-01,1.4600000381469727,1.4600000381469727,0.0,1.4900000095367432,1.3600000143051147,1.3849999904632568,0.0,23643800
2023-05-02,1.3600000143051147,1.3600000143051147,0.0,1.465000033378601,1.309999942779541,1.4600000381469727,0.0,15472900
2023-05-03,1.340000033378601,1.340000033378601,0.0,1.4299999475479126,1.309999942779541,1.3799999952316284,0.0,11092400
2023-05-04,1.350000023841858,1.350000023841858,0.0,1.3700000047683716,1.2599999904632568,1.350000023841858,0.0,13265000
2023-05-05,1.7899999618530273,1.7899999618530273,0.0,1.7999999523162842,1.4700000286102295,1.4800000190734863,0.0,38851700
2023-05-08,2.049999952316284,2.049999952316284,0.0,2.1549999713897705,1.809999942779541,1.8300000429153442,0.0,45542700
2023-05-09,2.1500000953674316,2.1500000953674316,0.0,2.2699999809265137,1.9500000476837158,2.0299999713897705,0.0,28860600
2023-05-10,2.0999999046325684,2.0999999046325684,0.0,2.6600000858306885,2.059999942779541,2.309999942779541,0.0,57394300
2023-05-11,2.0999999046325684,2.0999999046325684,0.0,2.309999942779541,2.0899999141693115,2.0899999141693115,0.0,25188600
2023-05-12,1.9500000476837158,1.9500000476837158,0.0,2.190000057220459,1.9199999570846558,2.1600000858306885,0.0,18054400
2023-05-15,2.0799999237060547,2.0799999237060547,0.0,2.0999999046325684,1.850000023841858,1.9600000381469727,0.0,20213400
2023-05-16,2.0299999713897705,2.0299999713897705,0.0,2.115000009536743,1.9800000190734863,2.0799999237060547,0.0,16925100
2023-05-17,2.359999895095825,2.359999895095825,0.0,2.4000000953674316,2.0450000762939453,2.069999933242798,0.0,27330200
2023-05-18,2.4200000762939453,2.4200000762939453,0.0,2.490000009536743,2.3320000171661377,2.4700000286102295,0.0,22741100
2023-05-19,2.4100000858306885,2.4100000858306885,0.0,2.5250000953674316,2.3399999141693115,2.430000066757202,0.0,20914400
2023-05-22,2.5399999618530273,2.5399999618530273,0.0,2.619999885559082,2.375,2.4200000762939453,0.0,23682200
2023-05-23,2.4200000762939453,2.4200000762939453,0.0,2.7790000438690186,2.4100000858306885,2.5,0.0,25316800
2023-05-24,2.5199999809265137,2.5199999809265137,0.0,2.5799999237060547,2.3399999141693115,2.369999885559082,0.0,17799900
2023-05-25,2.319999933242798,2.319999933242798,0.0,2.690000057220459,2.259999990463257,2.690000057220459,0.0,22971600
2023-05-26,2.359999895095825,2.359999895095825,0.0,2.440000057220459,2.2899999618530273,2.299999952316284,0.0,13326200
2023-05-30,2.4600000381469727,2.4600000381469727,0.0,2.494999885559082,2.2899999618530273,2.4000000953674316,0.0,29668400
2023-05-31,2.640000104904175,2.640000104904175,0.0,2.6700000762939453,2.430000066757202,2.430000066757202,0.0,31953400
2023-06-01,2.700000047683716,2.700000047683716,0.0,2.744999885559082,2.4200000762939453,2.5199999809265137,0.0,24655800
2023-06-02,2.4800000190734863,2.4800000190734863,0.0,2.8299999237060547,2.430000066757202,2.7899999618530273,0.0,27786400
2023-06-05,2.369999885559082,2.369999885559082,0.0,2.4600000381469727,2.299999952316284,2.450000047683716,0.0,17491500
2023-06-06,2.4600000381469727,2.4600000381469727,0.0,2.509999990463257,2.2209999561309814,2.3299999237060547,0.0,18069100
2023-06-07,2.3299999237060547,2.3299999237060547,0.0,2.5199999809265137,2.3299999237060547,2.5,0.0,18131900
2023-06-08,2.490000009536743,2.490000009536743,0.0,2.5199999809265137,2.25,2.359999895095825,0.0,20615800
2023-06-09,2.4000000953674316,2.4000000953674316,0.0,2.6500000953674316,2.390000104904175,2.5,0.0,18306100
2023-06-12,2.619999885559082,2.619999885559082,0.0,2.640000104904175,2.390000104904175,2.430000066757202,0.0,18645400
2023-06-13,2.930000066757202,2.930000066757202,0.0,3.0799999237060547,2.7200000286102295,2.75,0.0,37476200
2023-06-14,2.940000057220459,2.940000057220459,0.0,3.119999885559082,2.759999990463257,3.059999942779541,0.0,37832900
2023-06-15,2.9800000190734863,2.9800000190734863,0.0,3.009999990463257,2.75,2.8299999237060547,0.0,22075300
2023-06-16,3.009999990463257,3.009999990463257,0.0,3.130000114440918,2.8889999389648438,2.990000009536743,0.0,30077800
2023-06-20,3.069999933242798,3.069999933242798,0.0,3.4700000286102295,3.0,3.0390000343322754,0.0,37488200
2023-06-21,3.119999885559082,3.119999885559082,0.0,3.190000057220459,2.8399999141693115,3.140000104904175,0.0,28911400
2023-06-22,3.1700000762939453,3.1700000762939453,0.0,3.25,2.9600000381469727,3.0,0.0,21608500
2023-06-23,2.930000066757202,2.930000066757202,0.0,3.190000057220459,2.8399999141693115,3.1700000762939453,0.0,86214100
2023-06-26,2.944999933242798,2.944999933242798,0.0,3.069999933242798,2.869999885559082,2.9000000953674316,0.0,15585900
2023-06-27,3.4000000953674316,3.4000000953674316,0.0,3.4200000762939453,2.9100000858306885,2.9600000381469727,0.0,32373600
2023-06-28,3.9800000190734863,3.9800000190734863,0.0,4.059999942779541,3.3959999084472656,3.4200000762939453,0.0,48904900
2023-06-29,4.079999923706055,4.079999923706055,0.0,4.329999923706055,3.950000047683716,4.159999847412109,0.0,38306500
2023-06-30,4.019999980926514,4.019999980926514,0.0,4.255000114440918,3.9200000762939453,4.21999979019165,0.0,25601200
2023-07-03,4.28000020980835,4.28000020980835,0.0,4.429999828338623,4.039999961853027,4.070000171661377,0.0,20230000
2023-07-05,4.070000171661377,4.070000171661377,0.0,4.289999961853027,3.950000047683716,4.28000020980835,0.0,27422200
2023-07-06,3.8499999046325684,3.8499999046325684,0.0,3.9000000953674316,3.700000047683716,3.9000000953674316,0.0,21960100
2023-07-07,3.8399999141693115,3.8399999141693115,0.0,4.019000053405762,3.812000036239624,3.880000114440918,0.0,20574500
2023-07-10,4.079999923706055,4.079999923706055,0.0,4.139999866485596,3.7190001010894775,3.8399999141693115,0.0,20164800
2023-07-11,4.449999809265137,4.449999809265137,0.0,4.46999979019165,4.059999942779541,4.164999961853027,0.0,25538600
2023-07-12,4.889999866485596,4.889999866485596,0.0,4.959000110626221,4.460000038146973,4.730000019073486,0.0,36708400
2023-07-13,4.829999923706055,4.829999923706055,0.0,5.139999866485596,4.684999942779541,4.849999904632568,0.0,33798100
2023-07-14,4.440000057220459,4.440000057220459,0.0,4.909999847412109,4.340000152587891,4.849999904632568,0.0,29162200
2023-07-17,4.315000057220459,4.315000057220459,0.0,4.5,4.269999980926514,4.489999771118164,0.0,16672500
2023-07-18,4.389999866485596,4.389999866485596,0.0,4.65500020980835,4.335000038146973,4.360000133514404,0.0,18755100
2023-07-19,4.210000038146973,4.210000038146973,0.0,4.519999980926514,4.139999866485596,4.420000076293945,0.0,22601900
2023-07-20,4.03000020980835,4.03000020980835,0.0,4.190000057220459,3.869999885559082,4.110000133514404,0.0,17737700
2023-07-21,4.125,4.125,0.0,4.195000171661377,3.944999933242798,4.079999923706055,0.0,11558400
2023-07-24,4.389999866485596,4.389999866485596,0.0,4.420000076293945,4.03000020980835,4.139999866485596,0.0,17710800
2023-07-25,4.349999904632568,4.349999904632568,0.0,4.610000133514404,4.295000076293945,4.420000076293945,0.0,16564200
2023-07-26,4.429999828338623,4.429999828338623,0.0,4.480000019073486,4.260000228881836,4.289999961853027,0.0,12352400
2023-07-27,4.25,4.25,0.0,4.755000114440918,4.210000038146973,4.630000114440918,0.0,31484900
2023-07-28,4.840000152587891,4.840000152587891,0.0,4.889999866485596,4.380000114440918,4.425000190734863,0.0,24978800
2023-07-31,5.110000133514404,5.110000133514404,0.0,5.130000114440918,4.869999885559082,4.949999809265137,0.0,20700400
2023-08-01,5.269999980926514,5.269999980926514,0.0,5.409999847412109,4.980000019073486,4.989999771118164,0.0,19678400
2023-08-02,4.78000020980835,4.78000020980835,0.0,5.114999771118164,4.699999809265137,5.019999980926514,0.0,21604100
2023-08-03,4.804999828338623,4.804999828338623,0.0,4.880000114440918,4.510000228881836,4.739999771118164,0.0,17886400
2023-08-04,3.5399999618530273,3.5399999618530273,0.0,4.210000038146973,3.5,4.199999809265137,0.0,47546900
2023-08-07,3.440000057220459,3.440000057220459,0.0,3.5899999141693115,3.2100000381469727,3.5799999237060547,0.0,28014900
2023-08-08,3.549999952316284,3.549999952316284,0.0,3.634999990463257,3.240000009536743,3.3499999046325684,0.0,24469100
2023-08-09,3.4200000762939453,3.4200000762939453,0.0,3.619999885559082,3.299999952316284,3.5799999237060547,0.0,16070600
2023-08-10,3.4700000286102295,3.4700000286102295,0.0,3.759999990463257,3.359999895095825,3.5299999713897705,0.0,18344800
2023-08-11,3.430000066757202,3.430000066757202,0.0,3.4600000381469727,3.25,3.3499999046325684,0.0,15444500
2023-08-14,3.490000009536743,3.490000009536743,0.0,3.5,3.259999990463257,3.369999885559082,0.0,13815900
2023-08-15,3.359999895095825,3.359999895095825,0.0,3.5,3.3299999237060547,3.4600000381469727,0.0,16217800
2023-08-16,3.309999942779541,3.309999942779541,0.0,3.450000047683716,3.2699999809265137,3.3299999237060547,0.0,15389300
2023-08-17,3.259999990463257,3.259999990463257,0.0,3.369999885559082,3.180000066757202,3.299999952316284,0.0,18981500
2023-08-18,3.1600000858306885,3.1600000858306885,0.0,3.2699999809265137,3.059999942779541,3.0899999141693115,0.0,22688000
2023-08-21,3.25,3.25,0.0,3.299999952316284,3.0799999237060547,3.180000066757202,0.0,14524100
2023-08-22,3.200000047683716,3.200000047683716,0.0,3.440000057220459,3.1500000953674316,3.309999942779541,0.0,11372700
2023-08-23,3.4000000953674316,3.4000000953674316,0.0,3.5199999809265137,3.1549999713897705,3.180000066757202,0.0,14908600
2023-08-24,3.2200000286102295,3.2200000286102295,0.0,3.4800000190734863,3.1649999618530273,3.430000066757202,0.0,14881500
2023-08-25,3.380000114440918,3.380000114440918,0.0,3.4800000190734863,3.2100000381469727,3.2300000190734863,0.0,16672800
2023-08-28,3.5,3.5,0.0,3.565000057220459,3.4000000953674316,3.450000047683716,0.0,11075000
2023-08-29,3.75,3.75,0.0,3.8399999141693115,3.450000047683716,3.4600000381469727,0.0,15959600
2023-08-30,3.940000057220459,3.940000057220459,0.0,4.019999980926514,3.674999952316284,3.799999952316284,0.0,18708100
2023-08-31,3.9000000953674316,3.9000000953674316,0.0,4.170000076293945,3.8399999141693115,4.0,0.0,19324500
2023-09-01,3.890000104904175,3.890000104904175,0.0,4.179999828338623,3.869999885559082,4.019999980926514,0.0,17825000
2023-09-05,3.7850000858306885,3.7850000858306885,0.0,4.059999942779541,3.7200000286102295,3.799999952316284,0.0,15870900
2023-09-06,3.740000009536743,3.740000009536743,0.0,3.890000104904175,3.6500000953674316,3.7799999713897705,0.0,13440700
2023-09-07,3.799999952316284,3.799999952316284,0.0,3.8499999046325684,3.509999990463257,3.5999999046325684,0.0,12523000
2023-09-08,3.7799999713897705,3.7799999713897705,0.0,3.819999933242798,3.6600000858306885,3.819999933242798,0.0,9891400
2023-09-11,3.690000057220459,3.690000057220459,0.0,3.859999895095825,3.680000066757202,3.8399999141693115,0.0,9854600
2023-09-12,3.690000057220459,3.690000057220459,0.0,3.7799999713897705,3.559999942779541,3.630000114440918,0.0,11359300
2023-09-13,3.5,3.5,0.0,3.694999933242798,3.4800000190734863,3.6500000953674316,0.0,14311600
2023-09-14,3.4200000762939453,3.4200000762939453,0.0,3.619999885559082,3.4200000762939453,3.5399999618530273,0.0,14576600
2023-09-15,3.2200000286102295,3.2200000286102295,0.0,3.450000047683716,3.130000114440918,3.440000057220459,0.0,32888400
2023-09-18,3.190000057220459,3.190000057220459,0.0,3.2799999713897705,3.130000114440918,3.1700000762939453,0.0,10796500
2023-09-19,3.190000057220459,3.190000057220459,0.0,3.2300000190734863,3.049999952316284,3.1500000953674316,0.0,11713100
2023-09-20,2.9600000381469727,2.9600000381469727,0.0,3.359999895095825,2.940000057220459,3.190000057220459,0.0,19096500
2023-09-21,2.549999952316284,2.549999952316284,0.0,2.8299999237060547,2.3949999809265137,2.819999933242798,0.0,35503000
2023-09-22,2.569999933242798,2.569999933242798,0.0,2.6600000858306885,2.4600000381469727,2.640000104904175,0.0,18988500
2023-09-25,2.430000066757202,2.430000066757202,0.0,2.490000009536743,2.3299999237060547,2.450000047683716,0.0,18635800
2023-09-26,2.359999895095825,2.359999895095825,0.0,2.5299999713897705,2.319999933242798,2.5,0.0,15112000
2023-09-27,2.549999952316284,2.549999952316284,0.0,2.6549999713897705,2.390000104904175,2.390000104904175,0.0,17256700
2023-09-28,2.609999895095825,2.609999895095825,0.0,2.680000066757202,2.4649999141693115,2.5199999809265137,0.0,12765600
2023-09-29,2.640000104904175,2.640000104904175,0.0,2.9049999713897705,2.625,2.740000009536743,0.0,13326100
2023-10-02,2.6600000858306885,2.6600000858306885,0.0,2.75,2.5799999237060547,2.609999895095825,0.0,12542600
2023-10-03,2.380000114440918,2.380000114440918,0.0,2.5950000286102295,2.359999895095825,2.5799999237060547,0.0,14150100
2023-10-04,2.680000066757202,2.680000066757202,0.0,2.700000047683716,2.4000000953674316,2.4700000286102295,0.0,11290000
2023-10-05,2.640000104904175,2.640000104904175,0.0,2.680000066757202,2.5399999618530273,2.609999895095825,0.0,10299300
2023-10-06,2.559999942779541,2.559999942779541,0.0,2.690000057220459,2.515000104904175,2.5799999237060547,0.0,11303900
2023-10-09,2.430000066757202,2.430000066757202,0.0,2.490000009536743,2.319999933242798,2.4700000286102295,0.0,13386000
2023-10-10,2.6700000762939453,2.6700000762939453,0.0,2.799999952316284,2.4700000286102295,2.4700000286102295,0.0,16909100
2023-10-11,2.690000057220459,2.690000057220459,0.0,2.8399999141693115,2.619999885559082,2.75,0.0,10982500
2023-10-12,2.490000009536743,2.490000009536743,0.0,2.7300000190734863,2.4800000190734863,2.690000057220459,0.0,13570200
2023-10-13,2.4100000858306885,2.4100000858306885,0.0,2.5399999618530273,2.3550000190734863,2.5399999618530273,0.0,14240900
2023-10-16,2.430000066757202,2.430000066757202,0.0,2.4700000286102295,2.3299999237060547,2.440000057220459,0.0,10968300
2023-10-17,2.450000047683716,2.450000047683716,0.0,2.4800000190734863,2.3519999980926514,2.390000104904175,0.0,15477100
2023-10-18,2.2799999713897705,2.2799999713897705,0.0,2.4700000286102295,2.25,2.4700000286102295,0.0,12093800
2023-10-19,2.200000047683716,2.200000047683716,0.0,2.390000104904175,2.190000057220459,2.319999933242798,0.0,17528900
2023-10-20,2.180000066757202,2.180000066757202,0.0,2.259999990463257,2.130000114440918,2.190000057220459,0.0,12506100
2023-10-23,2.130000114440918,2.130000114440918,0.0,2.2100000381469727,2.0399999618530273,2.0999999046325684,0.0,14538100
2023-10-24,2.200000047683716,2.200000047683716,0.0,2.2799999713897705,2.1700000762939453,2.200000047683716,0.0,16141800
2023-10-25,2.119999885559082,2.119999885559082,0.0,2.1700000762939453,2.049999952316284,2.1500000953674316,0.0,13353900
2023-10-26,2.130000114440918,2.130000114440918,0.0,2.1649999618530273,2.0299999713897705,2.059999942779541,0.0,15680900
2023-10-27,2.0799999237060547,2.0799999237060547,0.0,2.200000047683716,2.069999933242798,2.1500000953674316,0.0,10715300
2023-10-30,2.0899999141693115,2.0899999141693115,0.0,2.1700000762939453,2.0,2.119999885559082,0.0,17118100
2023-10-31,1.899999976158142,1.899999976158142,0.0,2.1700000762939453,1.7999999523162842,2.0999999046325684,0.0,25997900
2023-11-01,1.8899999856948853,1.8899999856948853,0.0,1.9240000247955322,1.8200000524520874,1.9199999570846558,0.0,18986800
2023-11-02,2.200000047683716,2.200000047683716,0.0,2.309999942779541,2.049999952316284,2.049999952316284,0.0,33553700
2023-11-03,2.0899999141693115,2.0899999141693115,0.0,2.630000114440918,2.059999942779541,2.2899999618530273,0.0,41498000
2023-11-06,2.0,2.0,0.0,2.2100000381469727,1.8899999856948853,2.1700000762939453,0.0,40898700
2023-11-07,2.069999933242798,2.069999933242798,0.0,2.1500000953674316,1.9500000476837158,1.9700000286102295,0.0,17858500
2023-11-08,2.1700000762939453,2.1700000762939453,0.0,2.190000057220459,2.0299999713897705,2.0799999237060547,0.0,21770400
2023-11-09,2.0199999809265137,2.0199999809265137,0.0,2.240000009536743,1.9850000143051147,2.1700000762939453,0.0,19062500
2023-11-10,2.0799999237060547,2.0799999237060547,0.0,2.0999999046325684,1.9800000190734863,2.0199999809265137,0.0,12572200
2023-11-13,2.0299999713897705,2.0299999713897705,0.0,2.069999933242798,1.9550000429153442,2.069999933242798,0.0,11948300
2023-11-14,2.2899999618530273,2.2899999618530273,0.0,2.369999885559082,2.2200000286102295,2.25,0.0,26987400
2023-11-15,2.4700000286102295,2.4700000286102295,0.0,2.5799999237060547,2.3350000381469727,2.369999885559082,0.0,23618500
2023-11-16,2.380000114440918,2.380000114440918,0.0,2.4100000858306885,2.2699999809265137,2.369999885559082,0.0,16578300
2023-11-17,2.450000047683716,2.450000047683716,0.0,2.5199999809265137,2.359999895095825,2.440000057220459,0.0,16253100
2023-11-20,2.5,2.5,0.0,2.615000009536743,2.450000047683716,2.5,0.0,15047500
2023-11-21,2.3399999141693115,2.3399999141693115,0.0,2.438999891281128,2.319999933242798,2.430000066757202,0.0,13005300
2023-11-22,2.450000047683716,2.450000047683716,0.0,2.509999990463257,2.359999895095825,2.380000114440918,0.0,12389500
2023-11-24,2.609999895095825,2.609999895095825,0.0,2.630000114440918,2.4549999237060547,2.4800000190734863,0.0,9297400
2023-11-27,2.75,2.75,0.0,2.7899999618530273,2.5920000076293945,2.6500000953674316,0.0,15383600
2023-11-28,2.890000104904175,2.890000104904175,0.0,2.930000066757202,2.634999990463257,2.7100000381469727,0.0,19613800
2023-11-29,3.0,3.0,0.0,3.2300000190734863,2.9800000190734863,3.0,0.0,25273800
2023-11-30,3.009999990463257,3.009999990463257,0.0,3.0999999046325684,2.869999885559082,3.059999942779541,0.0,19847000
2023-12-01,3.319999933242798,3.319999933242798,0.0,3.3499999046325684,2.8499999046325684,2.9700000286102295,0.0,25463800
2023-12-04,3.4100000858306885,3.4100000858306885,0.0,3.549999952316284,3.299999952316284,3.3299999237060547,0.0,19999900
2023-12-05,3.380000114440918,3.380000114440918,0.0,3.559999942779541,3.200000047683716,3.3499999046325684,0.0,20954400
2023-12-06,3.450000047683716,3.450000047683716,0.0,3.680000066757202,3.380000114440918,3.440000057220459,0.0,19059100
2023-12-07,3.549999952316284,3.549999952316284,0.0,3.569999933242798,3.3499999046325684,3.4700000286102295,0.0,14123500
2023-12-08,3.6600000858306885,3.6600000858306885,0.0,3.684999942779541,3.430000066757202,3.5,0.0,14014700
2023-12-11,3.5899999141693115,3.5899999141693115,0.0,3.630000114440918,3.4210000038146973,3.5999999046325684,0.0,16080900
2023-12-12,3.440000057220459,3.440000057220459,0.0,3.609999895095825,3.240000009536743,3.569999933242798,0.0,18714100
2023-12-13,4.110000133514404,4.110000133514404,0.0,4.170000076293945,3.4700000286102295,3.490000009536743,0.0,40287500
2023-12-14,4.559999942779541,4.559999942779541,0.0,4.889999866485596,4.429999828338623,4.519999980926514,0.0,47090600
2023-12-15,4.059999942779541,4.059999942779541,0.0,4.599999904632568,4.019999980926514,4.539999961853027,0.0,56380000
2023-12-18,4.070000171661377,4.070000171661377,0.0,4.25,3.9600000381469727,4.110000133514404,0.0,25294600
2023-12-19,4.340000152587891,4.340000152587891,0.0,4.380000114440918,4.125,4.150000095367432,0.0,24785100
2023-12-20,4.019999980926514,4.019999980926514,0.0,4.510000228881836,4.0,4.239999771118164,0.0,27033100
2023-12-21,4.199999809265137,4.199999809265137,0.0,4.28000020980835,4.070000171661377,4.199999809265137,0.0,17539400
2023-12-22,4.579999923706055,4.579999923706055,0.0,4.679999828338623,4.260000228881836,4.340000152587891,0.0,29640800
2023-12-26,4.679999828338623,4.679999828338623,0.0,4.690000057220459,4.531000137329102,4.630000114440918,0.0,14654700
2023-12-27,4.71999979019165,4.71999979019165,0.0,4.840000152587891,4.630000114440918,4.75,0.0,17730700
2023-12-28,4.670000076293945,4.670000076293945,0.0,4.739999771118164,4.570000171661377,4.630000114440918,0.0,15228800
2023-12-29,4.480000019073486,4.480000019073486,0.0,4.690000057220459,4.389999866485596,4.619999885559082,0.0,22107500
2024-01-02,4.28000020980835,4.28000020980835,0.0,4.400000095367432,4.190000057220459,4.360000133514404,0.0,20759800
2024-01-03,4.03000020980835,4.03000020980835,0.0,4.110000133514404,3.9000000953674316,4.019999980926514,0.0,22437500
2024-01-04,4.019999980926514,4.019999980926514,0.0,4.110000133514404,3.940000057220459,3.9800000190734863,0.0,12462900
2024-01-05,3.625,3.625,0.0,4.010000228881836,3.555000066757202,3.940000057220459,0.0,22389500
2024-01-08,3.950000047683716,3.950000047683716,0.0,3.950000047683716,3.6500000953674316,3.690000057220459,0.0,17552000
2024-01-09,3.700000047683716,3.700000047683716,0.0,3.950000047683716,3.6700000762939453,3.950000047683716,0.0,15103900
2024-01-10,3.680000066757202,3.680000066757202,0.0,3.799999952316284,3.5950000286102295,3.740000009536743,0.0,14848400
2024-01-11,3.559999942779541,3.559999942779541,0.0,3.684999942779541,3.390000104904175,3.5999999046325684,0.0,25547400
2024-01-12,3.509999990463257,3.509999990463257,0.0,3.7699999809265137,3.490000009536743,3.6500000953674316,0.0,16301900
2024-01-16,3.2200000286102295,3.2200000286102295,0.0,3.4000000953674316,3.180000066757202,3.390000104904175,0.0,19705800
2024-01-17,3.119999885559082,3.119999885559082,0.0,3.140000104904175,2.9800000190734863,3.0799999237060547,0.0,20723200
2024-01-18,3.009999990463257,3.009999990463257,0.0,3.2300000190734863,2.9000000953674316,3.190000057220459,0.0,18543300
2024-01-19,3.1500000953674316,3.1500000953674316,0.0,3.1700000762939453,2.9200000762939453,3.049999952316284,0.0,19627800
2024-01-22,3.490000009536743,3.490000009536743,0.0,3.5999999046325684,3.299999952316284,3.315000057220459,0.0,34697500
2024-01-23,3.359999895095825,3.359999895095825,0.0,3.5899999141693115,3.2699999809265137,3.5799999237060547,0.0,23841700
2024-01-24,3.2200000286102295,3.2200000286102295,0.0,3.5250000953674316,3.190000057220459,3.5199999809265137,0.0,19668600
2024-01-25,3.380000114440918,3.380000114440918,0.0,3.4649999141693115,3.2799999713897705,3.319999933242798,0.0,20224000
2024-01-26,3.3499999046325684,3.3499999046325684,0.0,3.490000009536743,3.3299999237060547,3.4100000858306885,0.0,16395200
2024-01-29,3.7200000286102295,3.7200000286102295,0.0,3.7300000190734863,3.3550000190734863,3.390000104904175,0.0,20554800
2024-01-30,3.549999952316284,3.549999952316284,0.0,3.6700000762939453,3.509999990463257,3.6500000953674316,0.0,20297900
2024-01-31,3.4200000762939453,3.4200000762939453,0.0,3.7799999713897705,3.384999990463257,3.5,0.0,30538300
2024-02-01,3.5299999713897705,3.5299999713897705,0.0,3.5950000286102295,3.369999885559082,3.490000009536743,0.0,20802900
2024-02-02,3.5,3.5,0.0,3.505000114440918,3.250999927520752,3.4200000762939453,0.0,20957800
2024-02-05,3.2100000381469727,3.2100000381469727,0.0,3.430000066757202,3.1700000762939453,3.430000066757202,0.0,21323600
2024-02-06,3.2799999713897705,3.2799999713897705,0.0,3.4200000762939453,3.1700000762939453,3.2100000381469727,0.0,16708800
2024-02-07,3.2149999141693115,3.2149999141693115,0.0,3.309999942779541,3.140000104904175,3.299999952316284,0.0,12815900
2024-02-08,3.3299999237060547,3.3299999237060547,0.0,3.4100000858306885,3.2100000381469727,3.2200000286102295,0.0,15101500
2024-02-09,3.509999990463257,3.509999990463257,0.0,3.509999990463257,3.299999952316284,3.359999895095825,0.0,16202800
2024-02-12,3.559999942779541,3.559999942779541,0.0,3.7100000381469727,3.5399999618530273,3.549999952316284,0.0,22014400
2024-02-13,3.240000009536743,3.240000009536743,0.0,3.3499999046325684,3.1500000953674316,3.2300000190734863,0.0,19027000
2024-02-14,3.434999942779541,3.434999942779541,0.0,3.4749999046325684,3.319999933242798,3.380000114440918,0.0,16731700
2024-02-15,3.3499999046325684,3.3499999046325684,0.0,3.4800000190734863,3.2300000190734863,3.450000047683716,0.0,26149800
2024-02-16,3.0,3.0,0.0,3.319999933242798,2.859999895095825,3.1600000858306885,0.0,40918200
2024-02-20,2.7950000762939453,2.7950000762939453,0.0,2.9000000953674316,2.6500000953674316,2.9000000953674316,0.0,22593000
2024-02-21,2.9100000858306885,2.9100000858306885,0.0,2.950000047683716,2.740000009536743,2.7799999713897705,0.0,19618600
2024-02-22,2.9700000286102295,2.9700000286102295,0.0,3.069999933242798,2.880000114440918,2.9700000286102295,0.0,20759100
2024-02-23,2.869999885559082,2.869999885559082,0.0,3.0199999809265137,2.819999933242798,2.930000066757202,0.0,17351600
2024-02-26,3.049999952316284,3.049999952316284,0.0,3.059999942779541,2.859999895095825,2.869999885559082,0.0,22672700
2024-02-27,3.109999895095825,3.109999895095825,0.0,3.1700000762939453,3.0199999809265137,3.0999999046325684,0.0,17046600
2024-02-28,3.0299999713897705,3.0299999713897705,0.0,3.130000114440918,2.9800000190734863,3.0399999618530273,0.0,16636800
2024-02-29,3.0799999237060547,3.0799999237060547,0.0,3.319999933242798,3.0299999713897705,3.1700000762939453,0.0,20149800
2024-03-01,3.109999895095825,3.109999895095825,0.0,3.1700000762939453,2.990000009536743,3.059999942779541,0.0,14761700
2024-03-04,3.0299999713897705,3.0299999713897705,0.0,3.109999895095825,2.9700000286102295,3.0999999046325684,0.0,19253500
2024-03-05,2.7799999713897705,2.7799999713897705,0.0,2.9800000190734863,2.759999990463257,2.9600000381469727,0.0,20459200
2024-03-06,2.950000047683716,2.950000047683716,0.0,3.0399999618530273,2.809999942779541,2.9100000858306885,0.0,20173300
2024-03-07,2.9700000286102295,2.9700000286102295,0.0,3.059999942779541,2.859999895095825,3.0199999809265137,0.0,16488200
2024-03-08,3.059999942779541,3.059999942779541,0.0,3.240000009536743,3.0199999809265137,3.049999952316284,0.0,24685200
2024-03-11,2.9100000858306885,2.9100000858306885,0.0,3.065000057220459,2.890000104904175,3.059999942779541,0.0,17815100
2024-03-12,2.859999895095825,2.859999895095825,0.0,2.9800000190734863,2.809999942779541,2.9000000953674316,0.0,17178400
2024-03-13,2.859999895095825,2.859999895095825,0.0,3.0,2.8350000381469727,2.859999895095825,0.0,14733200
2024-03-14,2.630000114440918,2.630000114440918,0.0,2.8310000896453857,2.5799999237060547,2.819999933242798,0.0,19021800
2024-03-15,2.6700000762939453,2.6700000762939453,0.0,2.7200000286102295,2.509999990463257,2.5999999046325684,0.0,30294800
2024-03-18,2.880000114440918,2.880000114440918,0.0,3.0299999713897705,2.6649999618530273,2.7100000381469727,0.0,36149600
2024-03-19,2.740000009536743,2.740000009536743,0.0,2.8499999046325684,2.6500000953674316,2.809999942779541,0.0,19943300
2024-03-20,2.9800000190734863,2.9800000190734863,0.0,3.0,2.7149999141693115,2.75,0.0,18693100
2024-03-21,3.130000114440918,3.130000114440918,0.0,3.180000066757202,3.0199999809265137,3.0999999046325684,0.0,21225200
2024-03-22,2.9800000190734863,2.9800000190734863,0.0,3.1500000953674316,2.930000066757202,3.0799999237060547,0.0,17583200
2024-03-25,2.950000047683716,2.950000047683716,0.0,3.109999895095825,2.924999952316284,2.940000057220459,0.0,15727500
2024-03-26,2.9100000858306885,2.9100000858306885,0.0,3.0299999713897705,2.9000000953674316,2.9700000286102295,0.0,11887800
2024-03-27,2.950000047683716,2.950000047683716,0.0,2.9700000286102295,2.859999895095825,2.9700000286102295,0.0,13784200
2024-03-28,3.0299999713897705,3.0299999713897705,0.0,3.2300000190734863,2.940000057220459,2.940000057220459,0.0,23942700
2024-04-01,2.9100000858306885,2.9100000858306885,0.0,3.059999942779541,2.869999885559082,3.0399999618530273,0.0,16271000
2024-04-02,2.7799999713897705,2.7799999713897705,0.0,2.815000057220459,2.700000047683716,2.759999990463257,0.0,13312000
2024-04-03,2.869999885559082,2.869999885559082,0.0,2.9000000953674316,2.75,2.75,0.0,10135200
2024-04-04,2.759999990463257,2.759999990463257,0.0,3.009999990463257,2.740000009536743,2.930000066757202,0.0,12270900
2024-04-05,2.700000047683716,2.700000047683716,0.0,2.759999990463257,2.6700000762939453,2.7200000286102295,0.0,13012700
2024-04-08,2.690000057220459,2.690000057220459,0.0,2.799999952316284,2.6500000953674316,2.759999990463257,0.0,10948600
2024-04-09,2.740000009536743,2.740000009536743,0.0,2.7699999809265137,2.680000066757202,2.7300000190734863,0.0,11358700
2024-04-10,2.450000047683716,2.450000047683716,0.0,2.5799999237060547,2.4000000953674316,2.549999952316284,0.0,21064900
2024-04-11,2.4600000381469727,2.4600000381469727,0.0,2.509999990463257,2.380000114440918,2.5,0.0,10425500
2024-04-12,2.3399999141693115,2.3399999141693115,0.0,2.4200000762939453,2.2699999809265137,2.4100000858306885,0.0,13013400
2024-04-15,2.190000057220459,2.190000057220459,0.0,2.375,2.1600000858306885,2.369999885559082,0.0,14709700
2024-04-16,2.1600000858306885,2.1600000858306885,0.0,2.200000047683716,2.0999999046325684,2.130000114440918,0.0,12556400
2024-04-17,2.1600000858306885,2.1600000858306885,0.0,2.2799999713897705,2.1500000953674316,2.2300000190734863,0.0,12305100
2024-04-18,2.1549999713897705,2.1549999713897705,0.0,2.2699999809265137,2.109999895095825,2.180000066757202,0.0,12015200
2024-04-19,2.1700000762939453,2.1700000762939453,0.0,2.184999942779541,2.109999895095825,2.140000104904175,0.0,10022400
2024-04-22,2.1700000762939453,2.1700000762939453,0.0,2.2100000381469727,2.0999999046325684,2.190000057220459,0.0,8621700
2024-04-23,2.2300000190734863,2.2300000190734863,0.0,2.359999895095825,2.1700000762939453,2.180000066757202,0.0,12576800
2024-04-24,2.1500000953674316,2.1500000953674316,0.0,2.2699999809265137,2.119999885559082,2.2300000190734863,0.0,10302600
2024-04-25,2.069999933242798,2.069999933242798,0.0,2.1600000858306885,2.0299999713897705,2.059999942779541,0.0,17318100
2024-04-26,2.140000104904175,2.140000104904175,0.0,2.2100000381469727,2.069999933242798,2.0999999046325684,0.0,11757900
2024-04-29,2.125,2.125,0.0,2.2699999809265137,2.0999999046325684,2.180000066757202,0.0,11184600
2024-04-30,1.9900000095367432,1.9900000095367432,0.0,2.125,1.9900000095367432,2.0899999141693115,0.0,14714700
2024-05-01,2.0,2.0,0.0,2.1600000858306885,1.9700000286102295,1.9900000095367432,0.0,23698200
2024-05-02,2.0299999713897705,2.0299999713897705,0.0,2.119999885559082,1.9950000047683716,2.049999952316284,0.0,25473600
2024-05-03,2.2100000381469727,2.2100000381469727,0.0,2.5999999046325684,2.200000047683716,2.380000114440918,0.0,47495300
2024-05-06,2.3499999046325684,2.3499999046325684,0.0,2.369999885559082,2.2200000286102295,2.259999990463257,0.0,27511600
2024-05-07,2.25,2.25,0.0,2.375,2.2200000286102295,2.3299999237060547,0.0,21737600
2024-05-08,2.119999885559082,2.119999885559082,0.0,2.2100000381469727,2.0799999237060547,2.200000047683716,0.0,19949000
2024-05-09,2.299999952316284,2.299999952316284,0.0,2.3399999141693115,2.140000104904175,2.140000104904175,0.0,23142100
2024-05-10,2.319999933242798,2.319999933242798,0.0,2.3499999046325684,2.240000009536743,2.319999933242798,0.0,12667600
2024-05-13,2.4800000190734863,2.4800000190734863,0.0,2.509999990463257,2.3499999046325684,2.369999885559082,0.0,18461200
2024-05-14,2.450000047683716,2.450000047683716,0.0,2.6700000762939453,2.450000047683716,2.549999952316284,0.0,20675500
2024-05-15,2.4800000190734863,2.4800000190734863,0.0,2.759999990463257,2.380000114440918,2.680000066757202,0.0,21097600
2024-05-16,2.434999942779541,2.434999942779541,0.0,2.5,2.380000114440918,2.4600000381469727,0.0,11004800
2024-05-17,2.4100000858306885,2.4100000858306885,0.0,2.4800000190734863,2.369999885559082,2.4700000286102295,0.0,9695100
2024-05-20,2.4200000762939453,2.4200000762939453,0.0,2.494999885559082,2.369999885559082,2.380000114440918,0.0,9321000
2024-05-21,2.25,2.25,0.0,2.4100000858306885,2.25,2.4000000953674316,0.0,11282300
2024-05-22,2.200000047683716,2.200000047683716,0.0,2.2899999618530273,2.115000009536743,2.25,0.0,17457200
2024-05-23,2.119999885559082,2.119999885559082,0.0,2.2300000190734863,2.0899999141693115,2.2300000190734863,0.0,11157300
2024-05-24,2.130000114440918,2.130000114440918,0.0,2.190000057220459,2.109999895095825,2.140000104904175,0.0,7334100
2024-05-28,2.200000047683716,2.200000047683716,0.0,2.2300000190734863,2.130000114440918,2.1500000953674316,0.0,11686100
2024-05-29,2.059999942779541,2.059999942779541,0.0,2.1700000762939453,2.059999942779541,2.1500000953674316,0.0,14081400
2024-05-30,2.109999895095825,2.109999895095825,0.0,2.140000104904175,2.049999952316284,2.0799999237060547,0.0,13716500
2024-05-31,2.180000066757202,2.180000066757202,0.0,2.2300000190734863,2.109999895095825,2.180000066757202,0.0,17451200
2024-06-03,2.180000066757202,2.180000066757202,0.0,2.259999990463257,2.130000114440918,2.2100000381469727,0.0,11013900
2024-06-04,2.1600000858306885,2.1600000858306885,0.0,2.2799999713897705,2.1500000953674316,2.1700000762939453,0.0,14190300
2024-06-05,2.2200000286102295,2.2200000286102295,0.0,2.25,2.180000066757202,2.190000057220459,0.0,8385300
2024-06-06,2.2799999713897705,2.2799999713897705,0.0,2.2899999618530273,2.180000066757202,2.2100000381469727,0.0,10293600
2024-06-07,2.130000114440918,2.130000114440918,0.0,2.2100000381469727,2.119999885559082,2.200000047683716,0.0,14966400
2024-06-10,2.119999885559082,2.119999885559082,0.0,2.140000104904175,2.0999999046325684,2.119999885559082,0.0,8683600
2024-06-11,2.130000114440918,2.130000114440918,0.0,2.130000114440918,2.0399999618530273,2.0899999141693115,0.0,9553400
2024-06-12,2.2300000190734863,2.2300000190734863,0.0,2.5380001068115234,2.2100000381469727,2.319000005722046,0.0,38802700
2024-06-13,2.0999999046325684,2.0999999046325684,0.0,2.305000066757202,2.0899999141693115,2.299999952316284,0.0,20249000
2024-06-14,2.059999942779541,2.059999942779541,0.0,2.115000009536743,2.0299999713897705,2.0899999141693115,0.0,13556500
2024-06-17,1.9900000095367432,1.9900000095367432,0.0,2.059999942779541,1.9600000381469727,2.0399999618530273,0.0,15621900
2024-06-18,1.9700000286102295,1.9700000286102295,0.0,2.0399999618530273,1.9500000476837158,2.0,0.0,10579900
2024-06-20,1.850000023841858,1.850000023841858,0.0,1.9700000286102295,1.8250000476837158,1.9700000286102295,0.0,18422300
2024-06-21,1.8899999856948853,1.8899999856948853,0.0,1.9199999570846558,1.7999999523162842,1.8600000143051147,0.0,21017300
2024-06-24,1.850000023841858,1.850000023841858,0.0,1.9299999475479126,1.8200000524520874,1.8799999952316284,0.0,10718500
2024-06-25,1.7599999904632568,1.7599999904632568,0.0,1.8450000286102295,1.75,1.8300000429153442,0.0,9896000
2024-06-26,1.840000033378601,1.840000033378601,0.0,1.850000023841858,1.6799999475479126,1.7400000095367432,0.0,16035300
2024-06-27,1.8799999952316284,1.8799999952316284,0.0,1.8899999856948853,1.8200000524520874,1.850000023841858,0.0,7156200
2024-06-28,1.840000033378601,1.840000033378601,0.0,1.9299999475479126,1.7899999618530273,1.909999966621399,0.0,21498300
2024-07-01,1.7899999618530273,1.7899999618530273,0.0,1.8600000143051147,1.7300000190734863,1.8200000524520874,0.0,10674900
2024-07-02,1.7599999904632568,1.7599999904632568,0.0,1.8300000429153442,1.7200000286102295,1.7799999713897705,0.0,8398200
2024-07-03,1.7999999523162842,1.7999999523162842,0.0,1.850000023841858,1.75,1.7599999904632568,0.0,5829100
2024-07-05,1.7599999904632568,1.7599999904632568,0.0,1.8200000524520874,1.7100000381469727,1.809999942779541,0.0,11959300
2024-07-08,1.809999942779541,1.809999942779541,0.0,1.840000033378601,1.7649999856948853,1.7799999713897705,0.0,11513600
2024-07-09,1.899999976158142,1.899999976158142,0.0,1.940000057220459,1.75,1.8200000524520874,0.0,14241300
2024-07-10,1.899999976158142,1.899999976158142,0.0,1.9700000286102295,1.809999942779541,1.9500000476837158,0.0,12835800
2024-07-11,2.059999942779541,2.059999942779541,0.0,2.0999999046325684,1.9800000190734863,2.059999942779541,0.0,24078300
2024-07-12,2.259999990463257,2.259999990463257,0.0,2.299999952316284,2.130000114440918,2.1600000858306885,0.0,37838300
2024-07-15,2.5399999618530273,2.5399999618530273,0.0,2.549999952316284,2.240000009536743,2.359999895095825,0.0,35540800
2024-07-16,2.9200000762939453,2.9200000762939453,0.0,2.930000066757202,2.5399999618530273,2.609999895095825,0.0,47896000
2024-07-17,2.7200000286102295,2.7200000286102295,0.0,3.0899999141693115,2.680000066757202,2.7699999809265137,0.0,50226400
2024-07-18,2.569999933242798,2.569999933242798,0.0,2.880000114440918,2.4700000286102295,2.759999990463257,0.0,34046300
2024-07-19,2.450000047683716,2.450000047683716,0.0,2.509999990463257,2.3450000286102295,2.4700000286102295,0.0,27176500
2024-07-22,2.5199999809265137,2.5199999809265137,0.0,2.5299999713897705,2.369999885559082,2.5299999713897705,0.0,20481400
2024-07-23,2.5799999237060547,2.5799999237060547,0.0,2.6600000858306885,2.4700000286102295,2.4800000190734863,0.0,16340800
2024-07-24,2.4100000858306885,2.4100000858306885,0.0,2.6500000953674316,2.390000104904175,2.5399999618530273,0.0,20803800
2024-07-25,2.4700000286102295,2.4700000286102295,0.0,2.609999895095825,2.359999895095825,2.380000114440918,0.0,22603100
2024-07-26,2.5199999809265137,2.5199999809265137,0.0,2.609999895095825,2.4200000762939453,2.609999895095825,0.0,17922500
2024-07-29,2.490000009536743,2.490000009536743,0.0,2.630000114440918,2.4700000286102295,2.5199999809265137,0.0,21187900
2024-07-30,2.3399999141693115,2.3399999141693115,0.0,2.5199999809265137,2.2799999713897705,2.509999990463257,0.0,24288300
2024-07-31,2.319999933242798,2.319999933242798,0.0,2.4800000190734863,2.259999990463257,2.3499999046325684,0.0,33518200
2024-08-01,2.130000114440918,2.130000114440918,0.0,2.3299999237060547,2.0399999618530273,2.3299999237060547,0.0,36264600
2024-08-02,1.8600000143051147,1.8600000143051147,0.0,1.9800000190734863,1.7200000286102295,1.8949999809265137,0.0,37957300
2024-08-05,1.7100000381469727,1.7100000381469727,0.0,1.8200000524520874,1.600000023841858,1.625,0.0,30455400
2024-08-06,1.715000033378601,1.715000033378601,0.0,1.7999999523162842,1.690000057220459,1.7899999618530273,0.0,21474700
2024-08-07,1.600000023841858,1.600000023841858,0.0,1.7799999713897705,1.600000023841858,1.7699999809265137,0.0,24461300
2024-08-08,1.6799999475479126,1.6799999475479126,0.0,1.690000057220459,1.6200000047683716,1.659999966621399,0.0,17335900
2024-08-09,1.659999966621399,1.659999966621399,0.0,1.7599999904632568,1.649999976158142,1.6799999475479126,0.0,19091200
2024-08-12,1.600000023841858,1.600000023841858,0.0,1.690000057220459,1.5800000429153442,1.659999966621399,0.0,17981100
2024-08-13,1.7599999904632568,1.7599999904632568,0.0,1.7799999713897705,1.600000023841858,1.6100000143051147,0.0,21682400
2024-08-14,1.7599999904632568,1.7599999904632568,0.0,1.8700000047683716,1.7100000381469727,1.809999942779541,0.0,20363100
2024-08-15,1.7999999523162842,1.7999999523162842,0.0,1.840000033378601,1.7599999904632568,1.840000033378601,0.0,21715500
2024-08-16,1.7899999618530273,1.7899999618530273,0.0,1.809999942779541,1.7400000095367432,1.7599999904632568,0.0,18074700
2024-08-19,1.9600000381469727,1.9600000381469727,0.0,2.0399999618530273,1.7599999904632568,1.7899999618530273,0.0,36146400
2024-08-20,1.9450000524520874,1.9450000524520874,0.0,2.0899999141693115,1.8899999856948853,1.9900000095367432,0.0,29983400
2024-08-21,2.009999990463257,2.009999990463257,0.0,2.0299999713897705,1.909999966621399,1.9500000476837158,0.0,21584900
2024-08-22,2.0199999809265137,2.0199999809265137,0.0,2.25,2.009999990463257,2.069999933242798,0.0,40084900
2024-08-23,2.25,2.25,0.0,2.3399999141693115,2.0399999618530273,2.049999952316284,0.0,65454500
2024-08-26,2.5,2.5,0.0,2.549999952316284,2.25,2.3399999141693115,0.0,51784400
2024-08-27,2.380000114440918,2.380000114440918,0.0,2.5399999618530273,2.3299999237060547,2.440000057220459,0.0,42982400
2024-08-28,2.140000104904175,2.140000104904175,0.0,2.3499999046325684,2.0999999046325684,2.319999933242798,0.0,37481900
2024-08-29,2.0999999046325684,2.0999999046325684,0.0,2.2300000190734863,2.049999952316284,2.2200000286102295,0.0,30516000
2024-08-30,2.1500000953674316,2.1500000953674316,0.0,2.25,2.0899999141693115,2.130000114440918,0.0,33367200
2024-09-03,1.940000057220459,1.940000057220459,0.0,2.200000047683716,1.9199999570846558,2.0999999046325684,0.0,31859900
2024-09-04,1.9199999570846558,1.9199999570846558,0.0,2.0399999618530273,1.8519999980926514,1.899999976158142,0.0,26627600
2024-09-05,1.9900000095367432,1.9900000095367432,0.0,2.0199999809265137,1.9049999713897705,1.9299999475479126,0.0,24888500
2024-09-06,1.8899999856948853,1.8899999856948853,0.0,2.0799999237060547,1.8799999952316284,2.0799999237060547,0.0,32435200
2024-09-09,1.9700000286102295,1.9700000286102295,0.0,2.0,1.8799999952316284,1.899999976158142,0.0,25604900
2024-09-10,1.9600000381469727,1.9600000381469727,0.0,2.0199999809265137,1.809999942779541,1.9900000095367432,0.0,34801200
2024-09-11,2.059999942779541,2.059999942779541,0.0,2.069999933242798,1.840000033378601,1.9199999570846558,0.0,31182500
2024-09-12,2.190000057220459,2.190000057220459,0.0,2.240000009536743,1.9900000095367432,2.049999952316284,0.0,35261900
2024-09-13,2.2699999809265137,2.2699999809265137,0.0,2.437000036239624,2.2200000286102295,2.240000009536743,0.0,57669700
2024-09-16,2.380000114440918,2.380000114440918,0.0,2.4700000286102295,2.119999885559082,2.240000009536743,0.0,53310600
2024-09-17,2.359999895095825,2.359999895095825,0.0,2.430000066757202,2.2799999713897705,2.4200000762939453,0.0,41022700
2024-09-18,2.200000047683716,2.200000047683716,0.0,2.4200000762939453,2.180000066757202,2.319999933242798,0.0,71233100
2024-09-19,2.190000057220459,2.190000057220459,0.0,2.380000114440918,2.1600000858306885,2.3399999141693115,0.0,46347900
2024-09-20,2.0799999237060547,2.0799999237060547,0.0,2.190000057220459,2.049999952316284,2.1600000858306885,0.0,43743900
2024-09-23,2.0299999713897705,2.0299999713897705,0.0,2.119999885559082,2.0,2.119999885559082,0.0,29699800
2024-09-24,2.1600000858306885,2.1600000858306885,0.0,2.190000057220459,2.0350000858306885,2.0399999618530273,0.0,32690300
2024-09-25,2.0,2.0,0.0,2.1600000858306885,1.9900000095367432,2.1600000858306885,0.0,30532700
2024-09-26,2.0899999141693115,2.0899999141693115,0.0,2.130000114440918,2.0299999713897705,2.069999933242798,0.0,27861500
2024-09-27,2.069999933242798,2.069999933242798,0.0,2.190000057220459,2.049999952316284,2.140000104904175,0.0,33481900
2024-09-30,2.0,2.0,0.0,2.109999895095825,1.965000033378601,2.0299999713897705,0.0,31354700
2024-10-01,1.899999976158142,1.899999976158142,0.0,2.009999990463257,1.8799999952316284,2.009999990463257,0.0,31333300
2024-10-02,1.899999976158142,1.899999976158142,0.0,1.9299999475479126,1.840000033378601,1.850000023841858,0.0,34617100
2024-10-03,1.9299999475479126,1.9299999475479126,0.0,1.9600000381469727,1.809999942779541,1.8700000047683716,0.0,37914600
2024-10-04,1.9900000095367432,1.9900000095367432,0.0,2.0250000953674316,1.8799999952316284,2.0,0.0,32889800
2024-10-07,1.840000033378601,1.840000033378601,0.0,1.9800000190734863,1.809999942779541,1.9600000381469727,0.0,34146800
2024-10-08,1.7899999618530273,1.7899999618530273,0.0,1.8300000429153442,1.7599999904632568,1.8300000429153442,0.0,33153300
2024-10-09,1.8200000524520874,1.8200000524520874,0.0,1.850000023841858,1.75,1.7599999904632568,0.0,36023200
2024-10-10,1.7599999904632568,1.7599999904632568,0.0,1.7799999713897705,1.7100000381469727,1.7699999809265137,0.0,33015800
2024-10-11,1.8700000047683716,1.8700000047683716,0.0,1.899999976158142,1.7300000190734863,1.7400000095367432,0.0,39678800
2024-10-14,1.9299999475479126,1.9299999475479126,0.0,1.9500000476837158,1.8200000524520874,1.899999976158142,0.0,29766200
2024-10-15,1.8899999856948853,1.8899999856948853,0.0,1.9600000381469727,1.8530000448226929,1.9500000476837158,0.0,28842100
2024-10-16,1.9600000381469727,1.9600000381469727,0.0,1.9700000286102295,1.8799999952316284,1.909999966621399,0.0,21159300
2024-10-17,1.8200000524520874,1.8200000524520874,0.0,1.9299999475479126,1.809999942779541,1.9199999570846558,0.0,29918600
2024-10-18,1.8600000143051147,1.8600000143051147,0.0,1.8700000047683716,1.7899999618530273,1.7999999523162842,0.0,19988500
2024-10-21,1.8300000429153442,1.8300000429153442,0.0,1.8899999856948853,1.7699999809265137,1.840000033378601,0.0,23976900
2024-10-22,1.7799999713897705,1.7799999713897705,0.0,1.8300000429153442,1.7599999904632568,1.7899999618530273,0.0,15963600
2024-10-23,1.7300000190734863,1.7300000190734863,0.0,1.7899999618530273,1.690000057220459,1.7799999713897705,0.0,22188700
2024-10-24,1.7699999809265137,1.7699999809265137,0.0,1.7899999618530273,1.7100000381469727,1.75,0.0,20734600
2024-10-25,1.75,1.75,0.0,1.840000033378601,1.75,1.7999999523162842,0.0,19245000
2024-10-28,1.8700000047683716,1.8700000047683716,0.0,1.909999966621399,1.7799999713897705,1.7799999713897705,0.0,29842000
2024-10-29,1.7899999618530273,1.7899999618530273,0.0,1.86899995803833,1.75,1.850000023841858,0.0,30487100
2024-10-30,1.840000033378601,1.840000033378601,0.0,1.9199999570846558,1.7699999809265137,1.7799999713897705,0.0,30058200
2024-10-31,1.75,1.75,0.0,1.8600000143051147,1.7300000190734863,1.8200000524520874,0.0,32459100
2024-11-01,1.8200000524520874,1.8200000524520874,0.0,1.8300000429153442,1.75,1.7799999713897705,0.0,32003700
2024-11-04,1.850000023841858,1.850000023841858,0.0,1.9299999475479126,1.7999999523162842,1.7999999523162842,0.0,29138900
2024-11-05,1.9199999570846558,1.9199999570846558,0.0,1.9299999475479126,1.8200000524520874,1.8200000524520874,0.0,21589200
2024-11-06,1.7799999713897705,1.7799999713897705,0.0,1.9700000286102295,1.774999976158142,1.9500000476837158,0.0,36484500
2024-11-07,1.8700000047683716,1.8700000047683716,0.0,1.9199999570846558,1.809999942779541,1.8300000429153442,0.0,48629000
2024-11-08,1.850000023841858,1.850000023841858,0.0,2.0199999809265137,1.7300000190734863,1.9299999475479126,0.0,58743000
2024-11-11,1.8300000429153442,1.8300000429153442,0.0,1.8700000047683716,1.7200000286102295,1.7999999523162842,0.0,45412900
2024-11-12,1.7699999809265137,1.7699999809265137,0.0,1.7899999618530273,1.7000000476837158,1.7799999713897705,0.0,47017700
2024-11-13,1.809999942779541,1.809999942779541,0.0,1.9199999570846558,1.7699999809265137,1.7999999523162842,0.0,51992400
2024-11-14,1.7699999809265137,1.7699999809265137,0.0,1.8600000143051147,1.75,1.809999942779541,0.0,29341900
2024-11-15,1.659999966621399,1.659999966621399,0.0,1.7699999809265137,1.649999976158142,1.7599999904632568,0.0,32431800
2024-11-18,1.6100000143051147,1.6100000143051147,0.0,1.649999976158142,1.5700000524520874,1.6449999809265137,0.0,33812300
2024-11-19,1.600000023841858,1.600000023841858,0.0,1.6200000047683716,1.5199999809265137,1.5800000429153442,0.0,23817700
2024-11-20,1.6299999952316284,1.6299999952316284,0.0,1.6399999856948853,1.5700000524520874,1.590000033378601,0.0,26637800
2024-11-21,1.7000000476837158,1.7000000476837158,0.0,1.7300000190734863,1.559999942779541,1.6299999952316284,0.0,44170500
2024-11-22,1.9900000095367432,1.9900000095367432,0.0,2.009999990463257,1.6699999570846558,1.7100000381469727,0.0,89639400
2024-11-25,2.2799999713897705,2.2799999713897705,0.0,2.4000000953674316,2.0999999046325684,2.119999885559082,0.0,87741800
2024-11-26,2.200000047683716,2.200000047683716,0.0,2.2699999809265137,2.130000114440918,2.180000066757202,0.0,51618900
2024-11-27,2.2699999809265137,2.2699999809265137,0.0,2.3399999141693115,2.1700000762939453,2.25,0.0,43873800
2024-11-29,2.3399999141693115,2.3399999141693115,0.0,2.4800000190734863,2.259999990463257,2.390000104904175,0.0,39072600
2024-12-02,2.130000114440918,2.130000114440918,0.0,2.3399999141693115,2.0299999713897705,2.3399999141693115,0.0,60793100
2024-12-03,2.1600000858306885,2.1600000858306885,0.0,2.190000057220459,2.049999952316284,2.069999933242798,0.0,32563100
2024-12-04,2.190000057220459,2.190000057220459,0.0,2.2300000190734863,2.0899999141693115,2.1500000953674316,0.0,43667800
2024-12-05,2.1500000953674316,2.1500000953674316,0.0,2.3399999141693115,2.0999999046325684,2.190000057220459,0.0,46822100
2024-12-06,2.200000047683716,2.200000047683716,0.0,2.390000104904175,2.1500000953674316,2.2100000381469727,0.0,63389700
2024-12-09,2.180000066757202,2.180000066757202,0.0,2.3499999046325684,2.180000066757202,2.259999990463257,0.0,39288000
2024-12-10,2.069999933242798,2.069999933242798,0.0,2.140000104904175,2.0199999809265137,2.140000104904175,0.0,35133400
2024-12-11,2.0899999141693115,2.0899999141693115,0.0,2.174999952316284,2.0799999237060547,2.1500000953674316,0.0,28604500
2024-12-12,1.9600000381469727,1.9600000381469727,0.0,2.119999885559082,1.940000057220459,2.069999933242798,0.0,36221200
2024-12-13,1.9199999570846558,1.9199999570846558,0.0,1.9700000286102295,1.8849999904632568,1.9700000286102295,0.0,26196600
2024-12-16,1.9199999570846558,1.9199999570846558,0.0,1.9600000381469727,1.840000033378601,1.909999966621399,0.0,29674200
2024-12-17,1.909999966621399,1.909999966621399,0.0,1.9450000524520874,1.8600000143051147,1.8899999856948853,0.0,17582400
2024-12-18,1.7300000190734863,1.7300000190734863,0.0,1.9759999513626099,1.7100000381469727,1.909999966621399,0.0,45216300
2024-12-19,1.6649999618530273,1.6649999618530273,0.0,1.7999999523162842,1.659999966621399,1.7599999904632568,0.0,33941000
2024-12-20,1.690000057220459,1.690000057220459,0.0,1.75,1.6100000143051147,1.6299999952316284,0.0,36769200
2024-12-23,1.6699999570846558,1.6699999570846558,0.0,1.690000057220459,1.6299999952316284,1.6799999475479126,0.0,22253900
2024-12-24,1.659999966621399,1.659999966621399,0.0,1.7000000476837158,1.6200000047683716,1.6699999570846558,0.0,17781900
2024-12-26,1.7100000381469727,1.7100000381469727,0.0,1.7200000286102295,1.600000023841858,1.6299999952316284,0.0,26745100
2024-12-27,1.6699999570846558,1.6699999570846558,0.0,1.7200000286102295,1.6299999952316284,1.7200000286102295,0.0,29938600
2024-12-30,1.6100000143051147,1.6100000143051147,0.0,1.649999976158142,1.590000033378601,1.6299999952316284,0.0,36265200
2024-12-31,1.600000023841858,1.600000023841858,0.0,1.6799999475479126,1.5700000524520874,1.6100000143051147,0.0,38715800
2025-01-02,1.590000033378601,1.590000033378601,0.0,1.659999966621399,1.5700000524520874,1.625,0.0,37323900
2025-01-03,1.649999976158142,1.649999976158142,0.0,1.6799999475479126,1.5700000524520874,1.590000033378601,0.0,37417600
2025-01-06,1.7200000286102295,1.7200000286102295,0.0,1.8300000429153442,1.7000000476837158,1.7200000286102295,0.0,48506900
2025-01-07,1.6100000143051147,1.6100000143051147,0.0,1.7300000190734863,1.590000033378601,1.7200000286102295,0.0,40406900
2025-01-08,1.5299999713897705,1.5299999713897705,0.0,1.5800000429153442,1.5199999809265137,1.5700000524520874,0.0,42062100
2025-01-10,1.4700000286102295,1.4700000286102295,0.0,1.4950000047683716,1.4199999570846558,1.4900000095367432,0.0,51925300
2025-01-13,1.3799999952316284,1.3799999952316284,0.0,1.4299999475479126,1.3300000429153442,1.4199999570846558,0.0,69461700
2025-01-14,1.3700000047683716,1.3700000047683716,0.0,1.434999942779541,1.3600000143051147,1.4199999570846558,0.0,42834700
2025-01-15,1.5099999904632568,1.5099999904632568,0.0,1.600000023841858,1.4299999475479126,1.4600000381469727,0.0,53634700
2025-01-16,1.5399999618530273,1.5399999618530273,0.0,1.590000033378601,1.4600000381469727,1.5099999904632568,0.0,50877700
2025-01-17,1.440000057220459,1.440000057220459,0.0,1.6200000047683716,1.4199999570846558,1.6100000143051147,0.0,41416400
2025-01-21,1.399999976158142,1.399999976158142,0.0,1.4800000190734863,1.3799999952316284,1.4700000286102295,0.0,41450700
2025-01-22,1.399999976158142,1.399999976158142,0.0,1.4299999475479126,1.350000023841858,1.4049999713897705,0.0,28664800
2025-01-23,1.4299999475479126,1.4299999475479126,0.0,1.440000057220459,1.350000023841858,1.3899999856948853,0.0,31339800
2025-01-24,1.399999976158142,1.399999976158142,0.0,1.4600000381469727,1.3799999952316284,1.440000057220459,0.0,26165800
2025-01-27,1.3799999952316284,1.3799999952316284,0.0,1.4500000476837158,1.350000023841858,1.3700000047683716,0.0,44354100
2025-01-28,1.5,1.5,0.0,1.5499999523162842,1.350000023841858,1.3799999952316284,0.0,54215700
2025-01-29,1.4600000381469727,1.4600000381469727,0.0,1.5199999809265137,1.4199999570846558,1.4800000190734863,0.0,34582600
2025-01-30,1.4299999475479126,1.4299999475479126,0.0,1.5299999713897705,1.409999966621399,1.4900000095367432,0.0,20515600
2025-01-31,1.3799999952316284,1.3799999952316284,0.0,1.4600000381469727,1.350000023841858,1.4199999570846558,0.0,28897800
2025-02-03,1.3200000524520874,1.3200000524520874,0.0,1.350000023841858,1.2799999713897705,1.3200000524520874,0.0,41608500
2025-02-04,1.3200000524520874,1.3200000524520874,0.0,1.3600000143051147,1.2999999523162842,1.315000057220459,0.0,22463600
2025-02-05,1.3799999952316284,1.3799999952316284,0.0,1.409999966621399,1.3300000429153442,1.3300000429153442,0.0,35624400
2025-02-06,1.3899999856948853,1.3899999856948853,0.0,1.4299999475479126,1.3600000143051147,1.399999976158142,0.0,28944400
2025-02-07,1.340000033378601,1.340000033378601,0.0,1.409999966621399,1.309999942779541,1.3799999952316284,0.0,33168700
2025-02-10,1.3700000047683716,1.3700000047683716,0.0,1.3899999856948853,1.340000033378601,1.350000023841858,0.0,24188600
2025-02-11,1.3799999952316284,1.3799999952316284,0.0,1.4900000095367432,1.350000023841858,1.350000023841858,0.0,61627000
2025-02-12,1.4700000286102295,1.4700000286102295,0.0,1.5,1.309999942779541,1.309999942779541,0.0,50473200
2025-02-13,1.5,1.5,0.0,1.5199999809265137,1.4299999475479126,1.4700000286102295,0.0,36885200
2025-02-14,1.5499999523162842,1.5499999523162842,0.0,1.5800000429153442,1.4600000381469727,1.5299999713897705,0.0,40292800
2025-02-18,1.5800000429153442,1.5800000429153442,0.0,1.600000023841858,1.5099999904632568,1.5449999570846558,0.0,40448600
2025-02-19,1.5399999618530273,1.5399999618530273,0.0,1.6299999952316284,1.5199999809265137,1.5700000524520874,0.0,47102600
2025-02-20,1.4800000190734863,1.4800000190734863,0.0,1.5449999570846558,1.440000057220459,1.5399999618530273,0.0,37323800
2025-02-21,1.3899999856948853,1.3899999856948853,0.0,1.5,1.3600000143051147,1.4900000095367432,0.0,51968500
2025-02-24,1.409999966621399,1.409999966621399,0.0,1.4500000476837158,1.3200000524520874,1.3899999856948853,0.0,47483600
2025-02-25,1.4900000095367432,1.4900000095367432,0.0,1.5,1.3700000047683716,1.3949999809265137,0.0,53258300
2025-02-26,1.5399999618530273,1.5399999618530273,0.0,1.590000033378601,1.4500000476837158,1.5,0.0,60430400
2025-02-27,1.4299999475479126,1.4299999475479126,0.0,1.590000033378601,1.4199999570846558,1.5499999523162842,0.0,81547900
2025-02-28,1.340000033378601,1.340000033378601,0.0,1.3600000143051147,1.2799999713897705,1.340000033378601,0.0,57541700
2025-03-03,1.2100000381469727,1.2100000381469727,0.0,1.350000023841858,1.1799999475479126,1.3450000286102295,0.0,42013600
2025-03-04,1.2400000095367432,1.2400000095367432,0.0,1.2899999618530273,1.1200000047683716,1.149999976158142,0.0,49429300
2025-03-05,1.2300000190734863,1.2300000190734863,0.0,1.25,1.190000057220459,1.25,0.0,51907900
2025-03-06,1.1799999475479126,1.1799999475479126,0.0,1.2300000190734863,1.149999976158142,1.190000057220459,0.0,43459600
2025-03-07,1.2000000476837158,1.2000000476837158,0.0,1.2300000190734863,1.1399999856948853,1.149999976158142,0.0,48077900
2025-03-10,1.2000000476837158,1.2000000476837158,0.0,1.2999999523162842,1.1699999570846558,1.2000000476837158,0.0,67219200
2025-03-11,1.1100000143051147,1.1100000143051147,0.0,1.190000057220459,1.0700000524520874,1.1699999570846558,0.0,58929300
2025-03-12,1.2100000381469727,1.2100000381469727,0.0,1.2400000095367432,1.1200000047683716,1.149999976158142,0.0,38283600
2025-03-13,1.1100000143051147,1.1100000143051147,0.0,1.2100000381469727,1.0800000429153442,1.190000057220459,0.0,54985000
2025-03-14,1.1399999856948853,1.1399999856948853,0.0,1.159999966621399,1.100000023841858,1.1200000047683716,0.0,22818000
2025-03-17,1.190000057220459,1.190000057220459,0.0,1.2300000190734863,1.090000033378601,1.1299999952316284,0.0,34697700
2025-03-18,1.149999976158142,1.149999976158142,0.0,1.159999966621399,1.1200000047683716,1.159999966621399,0.0,31377700
2025-03-19,1.190000057220459,1.190000057220459,0.0,1.2400000095367432,1.1299999952316284,1.1399999856948853,0.0,51037300
2025-03-20,1.190000057220459,1.190000057220459,0.0,1.2699999809265137,1.1699999570846558,1.1799999475479126,0.0,61017600
2025-03-21,1.2000000476837158,1.2000000476837158,0.0,1.215000033378601,1.149999976158142,1.1699999570846558,0.0,34594500
2025-03-24,1.2300000190734863,1.2300000190734863,0.0,1.25,1.2000000476837158,1.2200000286102295,0.0,30598800
2025-03-25,1.2000000476837158,1.2000000476837158,0.0,1.25,1.2000000476837158,1.2400000095367432,0.0,23947600
2025-03-26,1.2000000476837158,1.2000000476837158,0.0,1.2300000190734863,1.159999966621399,1.2100000381469727,0.0,41602900
2025-03-27,1.1699999570846558,1.1699999570846558,0.0,1.2200000286102295,1.159999966621399,1.1799999475479126,0.0,26506700
2025-03-28,1.1299999952316284,1.1299999952316284,0.0,1.1699999570846558,1.1200000047683716,1.159999966621399,0.0,28751100
2025-03-31,1.0199999809265137,1.0199999809265137,0.0,1.1100000143051147,1.0099999904632568,1.0850000381469727,0.0,56629700
2025-04-01,1.0049999952316284,1.0049999952316284,0.0,1.059999942779541,0.9549999833106995,1.0099999904632568,0.0,37348900
2025-04-02,1.0099999904632568,1.0099999904632568,0.0,1.059999942779541,0.9700000286102295,0.9729999899864197,0.0,57445200
2025-04-03,0.9649999737739563,0.9649999737739563,0.0,1.0299999713897705,0.949999988079071,0.949999988079071,0.0,45101100
2025-04-04,0.9879999756813049,0.9879999756813049,0.0,1.0,0.8519999980926514,0.9319999814033508,0.0,64104200
2025-04-07,1.0299999713897705,1.0299999713897705,0.0,1.0950000286102295,0.8700000047683716,0.8799999952316284,0.0,33612500
2025-04-08,0.968999981880188,0.968999981880188,0.0,1.0800000429153442,0.9399999976158142,1.0700000524520874,0.0,35258300
2025-04-09,1.090000033378601,1.090000033378601,0.0,1.100000023841858,0.9240000247955322,0.9570000171661377,0.0,40596500
2025-04-10,0.9860000014305115,0.9860000014305115,0.0,1.059999942779541,0.9539999961853027,1.0499999523162842,0.0,59176300
2025-04-11,1.0199999809265137,1.0199999809265137,0.0,1.0299999713897705,0.925000011920929,0.9829999804496765,0.0,55585700
2025-04-14,0.953000009059906,0.953000009059906,0.0,1.0399999618530273,0.949999988079071,1.0299999713897705,0.0,24579300
2025-04-15,0.9160000085830688,0.9160000085830688,0.0,0.9800000190734863,0.9079999923706055,0.9399999976158142,0.0,22519200
2025-04-16,0.9269999861717224,0.9269999861717224,0.0,0.9700000286102295,0.9020000100135803,0.9100000262260437,0.0,14178600
2025-04-17,0.9539999961853027,0.9539999961853027,0.0,0.968999981880188,0.921999990940094,0.921999990940094,0.0,19497500
2025-04-21,0.9330000281333923,0.9330000281333923,0.0,0.9539999961853027,0.9200000166893005,0.9399999976158142,0.0,44293300
2025-04-22,0.9919999837875366,0.9919999837875366,0.0,0.9980000257492065,0.9150000214576721,0.949999988079071,0.0,68023300
2025-04-23,0.8410000205039978,0.8410000205039978,0.0,1.0700000524520874,0.8199999928474426,1.0299999713897705,0.0,138576800
2025-04-24,0.7770000100135803,0.7770000100135803,0.0,0.8650000095367432,0.7269999980926514,0.8619999885559082,0.0,157958800
2025-04-25,0.7639999985694885,0.7639999985694885,0.0,0.7799999713897705,0.7170000076293945,0.7739999890327454,0.0,127607000
2025-04-28,0.7770000100135803,0.7770000100135803,0.0,0.8379999995231628,0.7519999742507935,0.7689999938011169,0.0,67293800
2025-04-29,0.7689999938011169,0.7689999938011169,0.0,0.8119999766349792,0.7599999904632568,0.7739999890327454,0.0,30804600
2025-04-30,0.7580000162124634,0.7580000162124634,0.0,0.7620000243186951,0.7250000238418579,0.7450000047683716,0.0,24902000
2025-05-01,0.7480000257492065,0.7480000257492065,0.0,0.7929999828338623,0.7400000095367432,0.7580000162124634,0.0,30817000
2025-05-02,0.7450000047683716,0.7450000047683716,0.0,0.7730000019073486,0.7179999947547913,0.7480000257492065,0.0,42704300
2025-05-05,0.7390000224113464,0.7390000224113464,0.0,0.7580000162124634,0.7160000205039978,0.7319999933242798,0.0,46923000
2025-05-06,0.7009999752044678,0.7009999752044678,0.0,0.7699999809265137,0.699999988079071,0.7400000095367432,0.0,39498200
2025-05-07,0.871999979019165,0.871999979019165,0.0,0.9200000166893005,0.7649999856948853,0.800000011920929,0.0,91366600
2025-05-08,0.871999979019165,0.871999979019165,0.0,0.9120000004768372,0.8700000047683716,0.8999999761581421,0.0,32728400
2025-05-09,0.6710000038146973,0.6710000038146973,0.0,0.753000020980835,0.6499999761581421,0.699999988079071,0.0,171821300
2025-05-12,0.7070000171661377,0.7070000171661377,0.0,0.7260000109672546,0.6710000038146973,0.7039999961853027,0.0,108559500
2025-05-13,0.7110000252723694,0.7110000252723694,0.0,0.7400000095367432,0.6970000267028809,0.7070000171661377,0.0,64912400
2025-05-14,0.75,0.75,0.0,0.7749999761581421,0.7170000076293945,0.7200000286102295,0.0,70334500
2025-05-15,0.7310000061988831,0.7310000061988831,0.0,0.7490000128746033,0.6809999942779541,0.7490000128746033,0.0,62844500
2025-05-16,0.7839999794960022,0.7839999794960022,0.0,0.7850000262260437,0.7229999899864197,0.7250000238418579,0.0,71080100
2025-05-19,0.7929999828338623,0.7929999828338623,0.0,0.7929999828338623,0.722000002861023,0.75,0.0,89089800
2025-05-20,0.7409999966621399,0.7409999966621399,0.0,0.7950000166893005,0.7300000190734863,0.7950000166893005,0.0,118510900
2025-05-21,0.6890000104904175,0.6890000104904175,0.0,0.7400000095367432,0.6830000281333923,0.7250000238418579,0.0,87903300
2025-05-22,0.6800000071525574,0.6800000071525574,0.0,0.7039999961853027,0.6710000038146973,0.6990000009536743,0.0,117607100
2025-05-23,0.6809999942779541,0.6809999942779541,0.0,0.6880000233650208,0.6610000133514404,0.6669999957084656,0.0,94123900
2025-05-27,0.6869999766349792,0.6869999766349792,0.0,0.7139999866485596,0.671999990940094,0.699999988079071,0.0,104558200
2025-05-28,0.6779999732971191,0.6779999732971191,0.0,0.6980000138282776,0.671999990940094,0.6869999766349792,0.0,61097600
2025-05-29,0.6859999895095825,0.6859999895095825,0.0,0.7110000252723694,0.6819999814033508,0.6840000152587891,0.0,81020000
2025-05-30,0.6520000100135803,0.6520000100135803,0.0,0.6819999814033508,0.6449999809265137,0.6790000200271606,0.0,69031500
2025-06-02,0.597000002861023,0.597000002861023,0.0,0.6499999761581421,0.5920000076293945,0.6499999761581421,0.0,94312900
2025-06-03,0.5910000205039978,0.5910000205039978,0.0,0.6029999852180481,0.5659999847412109,0.5899999737739563,0.0,73145300
2025-06-04,0.628000020980835,0.628000020980835,0.0,0.6449999809265137,0.5860000252723694,0.5899999737739563,0.0,95430300
2025-06-05,0.6600000262260437,0.6600000262260437,0.0,0.7269999980926514,0.6100000143051147,0.6100000143051147,0.0,108422600
2025-06-06,0.6800000071525574,0.6800000071525574,0.0,0.6919999718666077,0.656000018119812,0.6589999794960022,0.0,61306300
2025-06-09,0.5659999847412109,0.5659999847412109,0.0,0.6589999794960022,0.5619999766349792,0.6100000143051147,0.0,115403500
2025-06-10,0.6029999852180481,0.6029999852180481,0.0,0.6129999756813049,0.5870000123977661,0.5870000123977661,0.0,85682100
2025-06-11,0.6079999804496765,0.6079999804496765,0.0,0.6600000262260437,0.6010000109672546,0.6200000047683716,0.0,72622300
2025-06-12,0.6010000109672546,0.6010000109672546,0.0,0.6100000143051147,0.5960000157356262,0.597000002861023,0.0,53286500
2025-06-13,0.574999988079071,0.574999988079071,0.0,0.5910000205039978,0.5630000233650208,0.5809999704360962,0.0,68816300
2025-06-16,0.5559999942779541,0.5559999942779541,0.0,0.578000009059906,0.5479999780654907,0.5770000219345093,0.0,81096400
2025-06-17,0.5669999718666077,0.5669999718666077,0.0,0.574999988079071,0.5429999828338623,0.546999990940094,0.0,84561700
2025-06-18,0.5799999833106995,0.5799999833106995,0.0,0.6019999980926514,0.5630000233650208,0.5630000233650208,0.0,92450200
2025-06-20,0.5350000262260437,0.5350000262260437,0.0,0.5879999995231628,0.531000018119812,0.5809999704360962,0.0,79106300
2025-06-23,0.5299999713897705,0.5299999713897705,0.0,0.5529999732971191,0.5139999985694885,0.5299999713897705,0.0,66847900
2025-06-24,0.550000011920929,0.550000011920929,0.0,0.5699999928474426,0.531000018119812,0.5400000214576721,0.0,79527100
2025-06-25,0.5120000243186951,0.5120000243186951,0.0,0.550000011920929,0.5109999775886536,0.5419999957084656,0.0,76129700
2025-06-26,0.5379999876022339,0.5379999876022339,0.0,0.5400000214576721,0.5080000162124634,0.5170000195503235,0.0,74258400
2025-06-27,0.5580000281333923,0.5580000281333923,0.0,0.593999981880188,0.5389999747276306,0.5400000214576721,0.0,182522000
2025-06-30,0.5329999923706055,0.5329999923706055,0.0,0.5879999995231628,0.5249999761581421,0.5879999995231628,0.0,96145100
2025-07-01,0.5649999976158142,0.5649999976158142,0.0,0.6000000238418579,0.5270000100135803,0.5350000262260437,0.0,108898300
2025-07-02,0.5659999847412109,0.5659999847412109,0.0,0.5789999961853027,0.5419999957084656,0.5649999976158142,0.0,61181000
2025-07-03,0.6100000143051147,0.6100000143051147,0.0,0.6230000257492065,0.5669999718666077,0.5699999928474426,0.0,51348000
2025-07-07,0.6259999871253967,0.6259999871253967,0.0,0.6320000290870667,0.5699999928474426,0.6069999933242798,0.0,140282800
2025-07-08,0.7319999933242798,0.7319999933242798,0.0,0.765999972820282,0.6449999809265137,0.6480000019073486,0.0,123450400
2025-07-09,0.7369999885559082,0.7369999885559082,0.0,0.7979999780654907,0.7110000252723694,0.7799999713897705,0.0,67432500
2025-07-10,0.8830000162124634,0.8830000162124634,0.0,0.8849999904632568,0.7409999966621399,0.7459999918937683,0.0,111548500
2025-07-11,0.7789999842643738,0.7789999842643738,0.0,0.8999999761581421,0.7250000238418579,0.8999999761581421,0.0,182157200
2025-07-14,0.9010000228881836,0.9010000228881836,0.0,0.9200000166893005,0.7699999809265137,0.7799999713897705,0.0,159321500
2025-07-15,1.0399999618530273,1.0399999618530273,0.0,1.1100000143051147,0.949999988079071,1.0299999713897705,0.0,142113200
2025-07-16,1.4900000095367432,1.4900000095367432,0.0,1.4900000095367432,1.1299999952316284,1.1950000524520874,0.0,283206000
2025-07-17,1.649999976158142,1.649999976158142,0.0,2.0199999809265137,1.5399999618530273,1.909999966621399,0.0,550968800
2025-07-18,2.25,2.25,0.0,2.309999942779541,1.7599999904632568,1.8450000286102295,0.0,589707400
2025-07-21,3.2100000381469727,3.2100000381469727,0.0,4.96999979019165,2.615000009536743,2.7799999713897705,0.0,1895249600
2025-07-22,2.880000114440918,2.880000114440918,0.0,3.990000009536743,2.6700000762939453,3.890000104904175,0.0,1079876800
2025-07-23,2.2899999618530273,2.2899999618530273,0.0,2.5899999141693115,2.049999952316284,2.5399999618530273,0.0,529056000
2025-07-24,2.4200000762939453,2.4200000762939453,0.0,2.9100000858306885,2.359999895095825,2.4649999141693115,0.0,462421200
2025-07-25,2.5399999618530273,2.5399999618530273,0.0,2.569999933242798,2.259999990463257,2.549999952316284,0.0,233884300
2025-07-28,2.3399999141693115,2.3399999141693115,0.0,2.75,2.2799999713897705,2.6449999809265137,0.0,224423200
2025-07-29,2.049999952316284,2.049999952316284,0.0,2.2899999618530273,1.8799999952316284,2.25,0.0,237107700
2025-07-30,2.069999933242798,2.069999933242798,0.0,2.25,2.0,2.0350000858306885,0.0,126824300
2025-07-31,1.840000033378601,1.840000033378601,0.0,2.0999999046325684,1.8200000524520874,2.0999999046325684,0.0,112502600
2025-08-01,2.0999999046325684,2.0999999046325684,0.0,2.200000047683716,1.8700000047683716,1.9550000429153442,0.0,192080000
2025-08-04,2.4600000381469727,2.4600000381469727,0.0,2.569999933242798,2.140000104904175,2.2799999713897705,0.0,274039000
2025-08-05,2.5199999809265137,2.5199999809265137,0.0,2.5799999237060547,2.309999942779541,2.444999933242798,0.0,235170800
2025-08-06,1.899999976158142,1.899999976158142,0.0,2.240000009536743,1.850000023841858,1.8899999856948853,0.0,211302500
2025-08-07,1.850000023841858,1.850000023841858,0.0,1.9299999475479126,1.7000000476837158,1.9249999523162842,0.0,140864800
2025-08-08,1.9500000476837158,1.9500000476837158,0.0,2.0199999809265137,1.7699999809265137,1.809999942779541,0.0,90136500
2025-08-11,2.309999942779541,2.309999942779541,0.0,2.359999895095825,1.9199999570846558,1.9299999475479126,0.0,146942400
2025-08-12,2.4700000286102295,2.4700000286102295,0.0,2.6700000762939453,2.2200000286102295,2.390000104904175,0.0,211020000
2025-08-13,2.4200000762939453,2.4200000762939453,0.0,2.5999999046325684,2.3499999046325684,2.484999895095825,0.0,101937600
2025-08-14,3.0399999618530273,3.0399999618530273,0.0,3.059999942779541,2.259999990463257,2.2899999618530273,0.0,322386100
2025-08-15,3.1700000762939453,3.1700000762939453,0.0,3.5299999713897705,3.0999999046325684,3.4100000858306885,0.0,419367000
2025-08-18,3.7799999713897705,3.7799999713897705,0.0,3.950000047683716,3.2899999618530273,3.2899999618530273,0.0,414536100
2025-08-19,3.619999885559082,3.619999885559082,0.0,4.099999904632568,3.5199999809265137,4.025000095367432,0.0,340157300
2025-08-20,3.2200000286102295,3.2200000286102295,0.0,3.630000114440918,3.059999942779541,3.390000104904175,0.0,245034900
2025-08-21,3.5999999046325684,3.5999999046325684,0.0,3.7100000381469727,3.130000114440918,3.2100000381469727,0.0,205099400
2025-08-22,5.010000228881836,5.010000228881836,0.0,5.079999923706055,3.440000057220459,3.5799999237060547,0.0,657093100
2025-08-25,4.539999961853027,4.539999961853027,0.0,5.869999885559082,4.53000020980835,4.949999809265137,0.0,764560900
2025-08-26,4.699999809265137,4.699999809265137,0.0,5.28000020980835,4.369999885559082,4.554999828338623,0.0,486594900
2025-08-27,4.019999980926514,4.019999980926514,0.0,4.96999979019165,3.9600000381469727,4.90500020980835,0.0,300736100
2025-08-28,4.269999980926514,4.269999980926514,0.0,4.5,4.079999923706055,4.269999980926514,0.0,227292200
2025-08-29,4.449999809265137,4.449999809265137,0.0,4.929999828338623,4.210000038146973,4.519999980926514,0.0,320288300
2025-09-02,5.090000152587891,5.090000152587891,0.0,5.190000057220459,4.110000133514404,4.21999979019165,0.0,412462900
2025-09-03,5.130000114440918,5.130000114440918,0.0,5.400000095367432,4.920000076293945,5.21999979019165,0.0,301188700
2025-09-04,5.960000038146973,5.960000038146973,0.0,6.070000171661377,5.039999961853027,5.130000114440918,0.0,466913000
2025-09-05,6.650000095367432,6.650000095367432,0.0,6.849999904632568,5.900000095367432,6.409999847412109,0.0,570359100
2025-09-08,6.039999961853027,6.039999961853027,0.0,7.320000171661377,5.980000019073486,7.0,0.0,486224200
2025-09-09,6.110000133514404,6.110000133514404,0.0,6.400000095367432,5.900000095367432,6.03000020980835,0.0,239875900
2025-09-10,5.860000133514404,5.860000133514404,0.0,6.429999828338623,5.570000171661377,6.380000114440918,0.0,373272100
2025-09-11,10.520000457763672,10.520000457763672,0.0,10.699999809265137,7.420000076293945,7.610000133514404,0.0,1051328900
2025-09-12,9.069999694824219,9.069999694824219,0.0,10.380000114440918,8.760000228881836,9.789999961853027,0.0,472207800
2025-09-15,9.494999885559082,9.494999885559082,0.0,10.5,9.300000190734863,9.760000228881836,0.0,329125900
2025-09-16,8.920000076293945,8.920000076293945,0.0,9.819999694824219,8.8100004196167,9.800000190734863,0.0,255183000
2025-09-17,10.210000038146973,10.210000038146973,0.0,10.869999885559082,8.765000343322754,9.010000228881836,0.0,701204600
2025-09-18,9.9399995803833,9.9399995803833,0.0,10.489999771118164,9.789999961853027,10.149999618530273,0.0,263957300
2025-09-19,9.569999694824219,9.569999694824219,0.0,10.279999732971191,9.350000381469727,10.039999961853027,0.0,229829700
2025-09-22,8.380000114440918,8.380000114440918,0.0,9.449999809265137,8.319999694824219,9.170000076293945,0.0,279327600
2025-09-23,7.090000152587891,7.090000152587891,0.0,8.095000267028809,6.909999847412109,7.960000038146973,0.0,305702200
2025-09-24,8.229999542236328,8.229999542236328,0.0,8.479999542236328,7.309999942779541,7.599999904632568,0.0,326244200
2025-09-25,9.09000015258789,9.09000015258789,0.0,9.210000038146973,7.869999885559082,8.239999771118164,0.0,371178800
2025-09-26,8.8100004196167,8.8100004196167,0.0,8.979999542236328,8.369999885559082,8.800000190734863,0.0,168064300
2025-09-29,8.199999809265137,8.199999809265137,0.0,8.817000389099121,8.079999923706055,8.680000305175781,0.0,155718900
2025-09-30,7.96999979019165,7.96999979019165,0.0,8.40999984741211,7.769999980926514,8.010000228881836,0.0,169281700
2025-10-01,8.0600004196167,8.0600004196167,0.0,8.800000190734863,7.860000133514404,8.100000381469727,0.0,178502400
2025-10-02,8.010000228881836,8.010000228881836,0.0,8.329999923706055,7.829999923706055,8.119999885559082,0.0,148516200
2025-10-03,8.109999656677246,8.109999656677246,0.0,8.829999923706055,7.920000076293945,8.0,0.0,240458600
2025-10-06,9.279999732971191,9.279999732971191,0.0,9.6899995803833,8.050000190734863,8.305000305175781,0.0,287530000
2025-10-07,9.289999961853027,9.289999961853027,0.0,9.470000267028809,8.40999984741211,9.260000228881836,0.0,197774300
2025-10-08,8.489999771118164,8.489999771118164,0.0,9.600000381469727,8.359999656677246,9.260000228881836,0.0,205238100
2025-10-09,8.140000343322754,8.140000343322754,0.0,8.699999809265137,8.119999885559082,8.640000343322754,0.0,93062900
2025-10-10,7.570000171661377,7.570000171661377,0.0,8.220000267028809,7.449999809265137,8.220000267028809,0.0,158753400
2025-10-13,7.269999980926514,7.269999980926514,0.0,7.789999961853027,7.230000019073486,7.784999847412109,0.0,115687800
2025-10-14,7.639999866485596,7.639999866485596,0.0,7.889999866485596,6.96999979019165,7.019999980926514,0.0,115835700
2025-10-15,7.380000114440918,7.380000114440918,0.0,7.840000152587891,7.320000171661377,7.670000076293945,0.0,110162800
2025-10-16,7.110000133514404,7.110000133514404,0.0,7.510000228881836,7.050000190734863,7.340000152587891,0.0,78517400
2025-10-17,7.159999847412109,7.159999847412109,0.0,7.25,6.789999961853027,6.954999923706055,0.0,75995600
2025-10-20,7.369999885559082,7.369999885559082,0.0,7.559999942779541,7.150000095367432,7.190000057220459,0.0,64213100
2025-10-21,6.960000038146973,6.960000038146973,0.0,7.53000020980835,6.929999828338623,7.235000133514404,0.0,66492100
2025-10-22,6.820000171661377,6.820000171661377,0.0,6.920000076293945,6.230000019073486,6.735000133514404,0.0,113345000
2025-10-23,7.03000020980835,7.03000020980835,0.0,7.289999961853027,6.84499979019165,6.900000095367432,0.0,65278500
2025-10-24,7.96999979019165,7.96999979019165,0.0,8.385000228881836,7.230000019073486,7.320000171661377,0.0,207911600
2025-10-27,8.15999984741211,8.15999984741211,0.0,8.479999542236328,7.849999904632568,8.149999618530273,0.0,110878300
2025-10-28,7.96999979019165,7.96999979019165,0.0,8.550000190734863,7.920000076293945,8.15999984741211,0.0,100846800
2025-10-29,7.650000095367432,7.650000095367432,0.0,8.25,7.5,8.0,0.0,96269500
2025-10-30,7.340000152587891,7.340000152587891,0.0,7.610000133514404,7.110000133514404,7.489999771118164,0.0,104705000
2025-10-31,7.769999980926514,7.769999980926514,0.0,8.020000457763672,7.361999988555908,7.420000076293945,0.0,120826300
2025-11-03,7.590000152587891,7.590000152587891,0.0,7.760000228881836,7.389999866485596,7.679999828338623,0.0,87795900
2025-11-04,6.920000076293945,6.920000076293945,0.0,7.380000114440918,6.860000133514404,7.244999885559082,0.0,94284500
2025-11-05,7.230000019073486,7.230000019073486,0.0,7.519999980926514,6.980000019073486,7.139999866485596,0.0,74659500
2025-11-06,6.559999942779541,6.559999942779541,0.0,7.369999885559082,6.519999980926514,7.360000133514404,0.0,126284600
2025-11-07,6.559999942779541,6.559999942779541,0.0,6.590000152587891,5.239999771118164,5.329999923706055,0.0,214509200
2025-11-10,7.96999979019165,7.96999979019165,0.0,8.119999885559082,6.690000057220459,6.840000152587891,0.0,222055800
2025-11-11,8.479999542236328,8.479999542236328,0.0,8.619999885559082,7.78000020980835,7.960000038146973,0.0,225698700
2025-11-12,9.369999885559082,9.369999885559082,0.0,9.454999923706055,8.220000267028809,8.489999771118164,0.0,250463400
2025-11-13,8.5600004196167,8.5600004196167,0.0,9.289999961853027,8.449999809265137,8.970000267028809,0.0,206455900
2025-11-14,8.119999885559082,8.119999885559082,0.0,8.960000038146973,7.849999904632568,8.079999923706055,0.0,184137400
2025-11-17,7.840000152587891,7.840000152587891,0.0,8.140000343322754,7.489999771118164,8.045000076293945,0.0,155471100
2025-11-18,7.519999980926514,7.519999980926514,0.0,7.75,7.019999980926514,7.449999809265137,0.0,124123400
2025-11-19,6.690000057220459,6.690000057220459,0.0,7.420000076293945,6.550000190734863,7.364999771118164,0.0,126425600
2025-11-20,6.159999847412109,6.159999847412109,0.0,6.96999979019165,6.139999866485596,6.954999923706055,0.0,111705400
2025-11-21,6.75,6.75,0.0,7.03000020980835,6.230000019073486,6.230000019073486,0.0,160493800
2025-11-24,7.690000057220459,7.690000057220459,0.0,8.079999923706055,6.739999771118164,6.75,0.0,156567900
2025-11-25,7.739999771118164,7.739999771118164,0.0,8.069999694824219,7.46999979019165,7.650000095367432,0.0,142926200
2025-11-26,7.78000020980835,7.78000020980835,0.0,7.940000057220459,7.420000076293945,7.855000019073486,0.0,108812700
2025-11-28,7.699999809265137,7.699999809265137,0.0,8.260000228881836,7.630000114440918,7.920000076293945,0.0,55910300
2025-12-01,7.139999866485596,7.139999866485596,0.0,7.525000095367432,7.090000152587891,7.519999980926514,0.0,91070100
2025-12-02,6.989999771118164,6.989999771118164,0.0,7.449999809265137,6.954999923706055,7.150000095367432,0.0,62020400
2025-12-03,6.940000057220459,6.940000057220459,0.0,7.119999885559082,6.860000133514404,6.989999771118164,0.0,51101000
2025-12-04,7.579999923706055,7.579999923706055,0.0,7.739999771118164,6.9079999923706055,6.940000057220459,0.0,78940900
2025-12-05,7.150000095367432,7.150000095367432,0.0,7.579999923706055,7.119999885559082,7.510000228881836,0.0,46045900
2025-12-08,7.050000190734863,7.050000190734863,0.0,7.420000076293945,6.949999809265137,7.275000095367432,0.0,52222100
2025-12-09,7.409999847412109,7.409999847412109,0.0,7.550000190734863,6.920000076293945,7.050000190734863,0.0,75727900
2025-12-10,7.0,7.0,0.0,7.769999980926514,6.980000019073486,7.300000190734863,0.0,83451900
2025-12-11,7.050000190734863,7.050000190734863,0.0,7.170000076293945,6.730000019073486,7.050000190734863,0.0,60839800
2025-12-12,6.559999942779541,6.559999942779541,0.0,7.224999904632568,6.550000190734863,7.059999942779541,0.0,49932500
2025-12-15,6.46999979019165,6.46999979019165,0.0,6.664999961853027,6.25,6.664999961853027,0.0,76091300
2025-12-16,6.730000019073486,6.730000019073486,0.0,6.784999847412109,6.395999908447266,6.400000095367432,0.0,73035700
2025-12-17,6.119999885559082,6.119999885559082,0.0,6.880000114440918,6.079999923706055,6.699999809265137,0.0,77286900
2025-12-18,6.28000020980835,6.28000020980835,0.0,6.585000038146973,6.239999771118164,6.420000076293945,0.0,87649800
2025-12-19,6.360000133514404,6.360000133514404,0.0,6.426000118255615,6.210000038146973,6.320000171661377,0.0,61502300
2025-12-22,6.420000076293945,6.420000076293945,0.0,6.800000190734863,6.369999885559082,6.570000171661377,0.0,68585300
2025-12-23,6.269999980926514,6.269999980926514,0.0,6.485000133514404,6.199999809265137,6.375,0.0,39541700
2025-12-24,6.28000020980835,6.28000020980835,0.0,6.296000003814697,6.119999885559082,6.239999771118164,0.0,19550100
2025-12-26,6.010000228881836,6.010000228881836,0.0,6.235000133514404,5.980000019073486,6.235000133514404,0.0,47105100
2025-12-29,5.829999923706055,5.829999923706055,0.0,6.03000020980835,5.789999961853027,5.885000228881836,0.0,44031500
2025-12-30,5.840000152587891,5.840000152587891,0.0,5.860000133514404,5.639999866485596,5.764999866485596,0.0,42464400
2025-12-31,5.829999923706055,5.829999923706055,0.0,6.0,5.769999980926514,5.815000057220459,0.0,45781500
2026-01-02,6.070000171661377,6.070000171661377,0.0,6.150000095367432,5.849999904632568,5.920000076293945,0.0,38445800
2026-01-05,6.320000171661377,6.320000171661377,0.0,6.329999923706055,5.992000102996826,6.059999942779541,0.0,53706300
2026-01-06,6.929999828338623,6.929999828338623,0.0,6.989999771118164,6.260000228881836,6.474999904632568,0.0,74722600
2026-01-07,6.119999885559082,6.119999885559082,0.0,6.909999847412109,6.019999980926514,6.900000095367432,0.0,101078000
2026-01-08,6.429999828338623,6.429999828338623,0.0,6.71999979019165,6.170000076293945,6.264999866485596,0.0,70852700
2026-01-09,7.289999961853027,7.289999961853027,0.0,7.920000076293945,7.079999923706055,7.09499979019165,0.0,167272600
2026-01-12,7.019999980926514,7.019999980926514,0.0,7.25,6.929999828338623,7.079999923706055,0.0,58461300
2026-01-13,6.769999980926514,6.769999980926514,0.0,7.079999923706055,6.75,7.059999942779541,0.0,61760400
2026-01-14,6.639999866485596,6.639999866485596,0.0,6.744999885559082,6.380000114440918,6.710000038146973,0.0,56450700
2026-01-15,6.300000190734863,6.300000190734863,0.0,6.739999771118164,6.215000152587891,6.699999809265137,0.0,47066200
2026-01-16,6.670000076293945,6.670000076293945,0.0,6.920000076293945,6.309999942779541,6.389999866485596,0.0,68099200
2026-01-20,6.389999866485596,6.389999866485596,0.0,6.539999961853027,6.260000228881836,6.304999828338623,0.0,49507900
2026-01-21,6.480000019073486,6.480000019073486,0.0,6.5960001945495605,6.28000020980835,6.449999809265137,0.0,54753400
2026-01-22,6.420000076293945,6.420000076293945,0.0,6.789999961853027,6.389999866485596,6.610000133514404,0.0,44812100
2026-01-23,6.010000228881836,6.010000228881836,0.0,6.400000095367432,5.949999809265137,6.389999866485596,0.0,63931500
2026-01-26,5.869999885559082,5.869999885559082,0.0,6.064000129699707,5.849999904632568,5.974999904632568,0.0,33285100
2026-01-27,5.809999942779541,5.809999942779541,0.0,6.0,5.73199987411499,5.860000133514404,0.0,40277400
2026-01-28,5.760000228881836,5.760000228881836,0.0,5.869999885559082,5.650000095367432,5.829999923706055,0.0,43490600
2026-01-29,5.579999923706055,5.579999923706055,0.0,5.78000020980835,5.5,5.760000228881836,0.0,45430900
2026-01-30,5.150000095367432,5.150000095367432,0.0,5.599999904632568,5.059999942779541,5.5,0.0,52762900
2026-02-02,4.820000171661377,4.820000171661377,0.0,5.119999885559082,4.795000076293945,5.110000133514404,0.0,50259600
2026-02-03,5.130000114440918,5.130000114440918,0.0,5.25,4.789999961853027,4.869999885559082,0.0,64211700
2026-02-04,5.0,5.0,0.0,5.070000171661377,4.664999961853027,5.050000190734863,0.0,58481800
2026-02-05,4.699999809265137,4.699999809265137,0.0,5.090000152587891,4.679999828338623,4.920000076293945,0.0,65045200
2026-02-06,4.880000114440918,4.880000114440918,0.0,5.039999961853027,4.760000228881836,4.760000228881836,0.0,43479200
2026-02-09,4.940000057220459,4.940000057220459,0.0,5.014999866485596,4.699999809265137,4.920000076293945,0.0,42328300
2026-02-10,4.690000057220459,4.690000057220459,0.0,5.079999923706055,4.690000057220459,5.005000114440918,0.0,46855600
2026-02-11,4.760000228881836,4.760000228881836,0.0,4.820000171661377,4.625,4.75,0.0,43618900
2026-02-12,4.380000114440918,4.380000114440918,0.0,4.75,4.28000020980835,4.730000019073486,0.0,40041100
2026-02-13,4.445000171661377,4.445000171661377,0.0,4.59499979019165,4.313000202178955,4.449999809265137,0.0,32319900
2026-02-17,4.329999923706055,4.329999923706055,0.0,4.429999828338623,4.260000228881836,4.349999904632568,0.0,30076300
2026-02-18,4.630000114440918,4.630000114440918,0.0,4.739999771118164,4.349999904632568,4.349999904632568,0.0,42331400
2026-02-19,4.650000095367432,4.650000095367432,0.0,4.840000152587891,4.480000019073486,4.539999961853027,0.0,75318600
2026-02-20,5.0,5.0,0.0,5.590000152587891,4.739999771118164,5.5,0.0,132316800
2026-02-23,4.78000020980835,4.78000020980835,0.0,5.389999866485596,4.614999771118164,4.909999847412109,0.0,60781700
2026-02-24,5.110000133514404,5.110000133514404,0.0,5.110000133514404,4.619999885559082,4.659999847412109,0.0,40262000
2026-02-25,4.980000019073486,4.980000019073486,0.0,5.269999980926514,4.909999847412109,5.139999866485596,0.0,34177900
2026-02-26,5.409999847412109,5.409999847412109,0.0,5.445000171661377,5.0,5.0,0.0,53584700
2026-02-27,5.420000076293945,5.420000076293945,0.0,5.494999885559082,5.159999847412109,5.230000019073486,0.0,38254700
2026-03-02,5.050000190734863,5.050000190734863,0.0,5.210000038146973,4.96999979019165,5.159999847412109,0.0,39474800
2026-03-03,4.96999979019165,4.96999979019165,0.0,4.980000019073486,4.659999847412109,4.824999809265137,0.0,30418600
2026-03-04,4.880000114440918,4.880000114440918,0.0,5.179999828338623,4.820000171661377,5.050000190734863,0.0,28979100
2026-03-05,5.179999828338623,5.179999828338623,0.0,5.179999828338623,4.820000171661377,4.829999923706055,0.0,55757200
2026-03-06,5.0,5.0,0.0,5.150000095367432,4.900000095367432,5.050000190734863,0.0,45992700
2026-03-09,5.079999923706055,5.079999923706055,0.0,5.150000095367432,4.730000019073486,4.84499979019165,0.0,51303000
2026-03-10,5.010000228881836,5.010000228881836,0.0,5.230000019073486,4.96999979019165,5.110000133514404,0.0,42875800
2026-03-11,5.269999980926514,5.269999980926514,0.0,5.300000190734863,4.940000057220459,5.019999980926514,0.0,53183400
2026-03-12,4.840000152587891,4.840000152587891,0.0,5.21999979019165,4.795000076293945,5.190000057220459,0.0,53222200
2026-03-13,4.949999809265137,4.949999809265137,0.0,5.085000038146973,4.744999885559082,4.925000190734863,0.0,43498900
2026-03-16,5.179999828338623,5.179999828338623,0.0,5.239999771118164,4.989999771118164,5.039999961853027,0.0,58381300
2026-03-17,5.559999942779541,5.559999942779541,0.0,5.670000076293945,5.199999809265137,5.199999809265137,0.0,50181400
2026-03-18,5.28000020980835,5.28000020980835,0.0,5.489999771118164,5.260000228881836,5.449999809265137,0.0,28267300
2026-03-19,5.139999866485596,5.139999866485596,0.0,5.210000038146973,4.96999979019165,5.119999885559082,0.0,27827200
2026-03-20,4.909999847412109,4.909999847412109,0.0,5.119999885559082,4.800000190734863,5.090000152587891,0.0,32002700
2026-03-23,5.210000038146973,5.210000038146973,0.0,5.369999885559082,5.0,5.0,0.0,47842500
2026-03-24,5.179999828338623,5.179999828338623,0.0,5.21999979019165,5.039999961853027,5.099999904632568,0.0,30289200
2026-03-25,5.099999904632568,5.099999904632568,0.0,5.46999979019165,5.050000190734863,5.340000152587891,0.0,26900400
2026-03-26,4.900000095367432,4.900000095367432,0.0,5.190000057220459,4.889999866485596,5.010000228881836,0.0,20230100
2026-03-27,4.800000190734863,4.800000190734863,0.0,4.820000171661377,4.650000095367432,4.809999942779541,0.0,27253000
2026-03-30,4.429999828338623,4.429999828338623,0.0,4.769999980926514,4.394999980926514,4.769999980926514,0.0,33053900
2026-03-31,4.679999828338623,4.679999828338623,0.0,4.730000019073486,4.449999809265137,4.554999828338623,0.0,28873100
2026-04-01,4.570000171661377,4.570000171661377,0.0,4.800000190734863,4.550000190734863,4.730000019073486,0.0,27373000
2026-04-02,4.739999771118164,4.739999771118164,0.0,4.760000228881836,4.361999988555908,4.380000114440918,0.0,29245000
2026-04-06,4.610000133514404,4.610000133514404,0.0,4.849999904632568,4.550000190734863,4.730000019073486,0.0,20019700
2026-04-07,4.550000190734863,4.550000190734863,0.0,4.579999923706055,4.380000114440918,4.550000190734863,0.0,24048200
2026-04-08,4.639999866485596,4.639999866485596,0.0,5.010000228881836,4.630000114440918,4.949999809265137,0.0,26835600
2026-04-09,4.309999942779541,4.309999942779541,0.0,4.630000114440918,4.300000190734863,4.610000133514404,0.0,30760400
2026-04-10,4.320000171661377,4.320000171661377,0.0,4.590000152587891,4.300000190734863,4.369999885559082,0.0,26305000
2026-04-13,4.360000133514404,4.360000133514404,0.0,4.380000114440918,4.119999885559082,4.275000095367432,0.0,25632600
2026-04-14,4.510000228881836,4.510000228881836,0.0,4.590000152587891,4.380000114440918,4.460000038146973,0.0,27223900
2026-04-15,4.820000171661377,4.820000171661377,0.0,4.849999904632568,4.489999771118164,4.510000228881836,0.0,31707300
2026-04-16,5.269999980926514,5.269999980926514,0.0,5.300000190734863,4.949999809265137,4.994999885559082,0.0,59708400
2026-04-17,5.289999961853027,5.289999961853027,0.0,5.519999980926514,5.21999979019165,5.369999885559082,0.0,43432300
2026-04-20,5.349999904632568,5.349999904632568,0.0,5.380000114440918,5.119999885559082,5.210000038146973,0.0,25393300
2026-04-21,5.449999809265137,5.449999809265137,0.0,6.0,5.389999866485596,5.46999979019165,0.0,77035400
2026-04-22,5.429999828338623,5.429999828338623,0.0,5.659999847412109,5.25,5.659999847412109,0.0,43637100
2026-04-23,5.21999979019165,5.21999979019165,0.0,5.420000076293945,4.980000019073486,5.360000133514404,0.0,40020900
2026-04-24,5.510000228881836,5.510000228881836,0.0,5.579999923706055,5.159999847412109,5.289999961853027,0.0,35519900
2026-04-27,5.389999866485596,5.389999866485596,0.0,5.71999979019165,5.369999885559082,5.449999809265137,0.0,27853400
2026-04-28,5.480000019073486,5.480000019073486,0.0,5.6479997634887695,5.28000020980835,5.389999866485596,0.0,38344600
2026-04-29,5.579999923706055,5.579999923706055,0.0,5.679999828338623,5.190000057220459,5.465000152587891,0.0,39284300
2026-04-30,5.380000114440918,5.380000114440918,0.0,5.579999923706055,5.079999923706055,5.559999942779541,0.0,42792400
2026-05-01,5.440000057220459,5.440000057220459,0.0,5.550000190734863,5.300000190734863,5.380000114440918,0.0,27579400
2026-05-04,5.130000114440918,5.130000114440918,0.0,5.429999828338623,5.070000171661377,5.389999866485596,0.0,30163400
2026-05-05,5.230000019073486,5.230000019073486,0.0,5.267000198364258,4.960000038146973,5.130000114440918,0.0,27059500
2026-05-06,5.460000038146973,5.460000038146973,0.0,5.599999904632568,5.210000038146973,5.28000020980835,0.0,36225400
2026-05-07,5.320000171661377,5.320000171661377,0.0,5.599999904632568,5.300000190734863,5.514999866485596,0.0,43119500
2026-05-08,5.010000228881836,5.010000228881836,0.0,5.5,4.78000020980835,5.349999904632568,0.0,53820600
2026-05-11,4.849999904632568,4.849999904632568,0.0,4.960000038146973,4.710000038146973,4.869999885559082,0.0,41714900
2026-05-12,4.710000038146973,4.710000038146973,0.0,4.869999885559082,4.570000171661377,4.820000171661377,0.0,35915500
2026-05-13,4.579999923706055,4.579999923706055,0.0,4.869999885559082,4.534999847412109,4.710000038146973,0.0,31189500
2026-05-14,4.46999979019165,4.46999979019165,0.0,4.650000095367432,4.420000076293945,4.539999961853027,0.0,42756400
2026-05-15,4.380000114440918,4.380000114440918,0.0,4.440000057220459,4.28000020980835,4.364999771118164,0.0,23575600
2026-05-18,4.28000020980835,4.28000020980835,0.0,4.429999828338623,4.170000076293945,4.409999847412109,0.0,25696000
2026-05-19,4.300000190734863,4.300000190734863,0.0,4.329999923706055,4.150000095367432,4.230000019073486,0.0,25643700
2026-05-20,4.400000095367432,4.400000095367432,0.0,4.46999979019165,4.215000152587891,4.320000171661377,0.0,24972900
2026-05-21,4.570000171661377,4.570000171661377,0.0,4.639999866485596,4.260000228881836,4.400000095367432,0.0,37664400
2026-05-22,4.53000020980835,4.53000020980835,0.0,4.619999885559082,4.454999923706055,4.579999923706055,0.0,41206000
2026-05-26,4.480000019073486,4.480000019073486,0.0,4.769999980926514,4.46999979019165,4.590000152587891,0.0,38209700
2026-05-27,4.75,4.75,0.0,5.010000228881836,4.539999961853027,4.559999942779541,0.0,54752800
2026-05-28,5.070000171661377,5.070000171661377,0.0,5.25,4.590000152587891,4.679999828338623,0.0,52074000
2026-05-29,5.039999961853027,5.039999961853027,0.0,5.144999980926514,4.889999866485596,5.070000171661377,0.0,33738000
2026-06-01,5.309999942779541,5.309999942779541,0.0,5.510000228881836,4.949999809265137,5.010000228881836,0.0,47063100
2026-06-02,5.409999847412109,5.409999847412109,0.0,5.639999866485596,5.130000114440918,5.264999866485596,0.0,57310700
2026-06-03,4.869999885559082,4.869999885559082,0.0,5.289999961853027,4.809999942779541,5.28000020980835,0.0,44583100
2026-06-04,4.949999809265137,4.949999809265137,0.0,5.150000095367432,4.869999885559082,4.885000228881836,0.0,26559200
2026-06-05,4.420000076293945,4.420000076293945,0.0,4.8520002365112305,4.380000114440918,4.849999904632568,0.0,36454100
