Date,Adj Close,Close,Dividends,High,Low,Open,Stock Splits,Volume
2016-03-31,2.407792329788208,2.700000047683716,0.0,2.8350000381469727,2.309999942779541,2.309999942779541,0.0,81900
2016-04-01,2.3453681468963623,2.630000114440918,0.0,2.690000057220459,2.4700000286102295,2.5999999046325684,0.0,47900
2016-04-04,2.3453681468963623,2.630000114440918,0.0,2.630000114440918,2.630000114440918,2.630000114440918,0.0,0
2016-04-05,2.693160057067871,3.0199999809265137,0.0,3.299999952316284,2.690000057220459,2.880000114440918,0.0,223900
2016-04-06,2.65748929977417,2.9800000190734863,0.0,3.180000066757202,2.8499999046325684,3.0899999141693115,0.0,20600
2016-04-07,2.6664068698883057,2.990000009536743,0.0,3.109999895095825,2.802000045776367,2.9800000190734863,0.0,134700
2016-04-08,2.648571491241455,2.9700000286102295,0.0,3.1480000019073486,2.9000000953674316,3.009999990463257,0.0,18300
2016-04-11,2.710995674133301,3.0399999618530273,0.0,3.140000104904175,2.859999895095825,2.990000009536743,0.0,46400
2016-04-12,2.710995674133301,3.0399999618530273,0.0,3.0999999046325684,2.950000047683716,3.0899999141693115,0.0,191500
2016-04-13,2.6664068698883057,2.990000009536743,0.0,3.109999895095825,2.984999895095825,3.0299999713897705,0.0,48200
2016-04-14,2.678891658782959,3.003999948501587,0.0,3.140000104904175,2.9800000190734863,3.009999990463257,0.0,33400
2016-04-15,2.702077865600586,3.0299999713897705,0.0,3.1600000858306885,2.9800000190734863,3.1600000858306885,0.0,7000
2016-04-18,2.65748929977417,2.9800000190734863,0.0,3.0969998836517334,2.9800000190734863,3.049999952316284,0.0,4000
2016-04-19,2.7645020484924316,3.0999999046325684,0.0,3.125,2.9800000190734863,2.9800000190734863,0.0,26000
2016-04-20,2.746666669845581,3.0799999237060547,0.0,3.0999999046325684,2.990000009536743,3.059999942779541,0.0,26200
2016-04-21,2.693160057067871,3.0199999809265137,0.0,3.0999999046325684,2.9600000381469727,3.0399999618530273,0.0,16500
2016-04-22,2.737748861312866,3.069999933242798,0.0,3.0999999046325684,3.0,3.0,0.0,28100
2016-04-25,2.595065116882324,2.9100000858306885,0.0,3.0399999618530273,2.890000104904175,3.0199999809265137,0.0,7300
2016-04-26,2.7288310527801514,3.059999942779541,0.0,3.069999933242798,2.799999952316284,2.809999942779541,0.0,41700
2016-04-27,2.693160057067871,3.0199999809265137,0.0,3.069999933242798,2.9800000190734863,3.0199999809265137,0.0,20600
2016-04-28,2.6753246784210205,3.0,0.0,3.009999990463257,2.9200000762939453,3.006999969482422,0.0,5000
2016-04-29,2.755584239959717,3.0899999141693115,0.0,3.180000066757202,2.9700000286102295,3.180000066757202,0.0,10200
2016-05-02,2.755584239959717,3.0899999141693115,0.0,3.0899999141693115,3.0899999141693115,3.0899999141693115,0.0,0
2016-05-03,2.6307358741760254,2.950000047683716,0.0,2.990000009536743,2.5199999809265137,2.680000066757202,0.0,25600
2016-05-04,2.5772294998168945,2.890000104904175,0.0,2.940000057220459,2.799999952316284,2.940000057220459,0.0,2600
2016-05-05,2.5683116912841797,2.880000114440918,0.0,2.990000009536743,2.5899999141693115,2.7699999809265137,0.0,36300
2016-05-06,2.505887508392334,2.809999942779541,0.0,2.8499999046325684,2.7219998836517334,2.7219998836517334,0.0,8400
2016-05-09,2.5237228870391846,2.8299999237060547,0.0,2.9200000762939453,2.8299999237060547,2.880000114440918,0.0,26400
2016-05-10,2.770744800567627,3.1070001125335693,0.0,3.140000104904175,2.7200000286102295,2.7200000286102295,0.0,73900
2016-05-11,2.7823376655578613,3.119999885559082,0.0,3.1500000953674316,2.690000057220459,2.690000057220459,0.0,45300
2016-05-12,2.6842424869537354,3.009999990463257,0.0,3.1500000953674316,3.009999990463257,3.119999885559082,0.0,23300
2016-05-13,2.853679656982422,3.200000047683716,0.0,3.200000047683716,3.0,3.009999990463257,0.0,37700
2016-05-16,3.2014718055725098,3.5899999141693115,0.0,3.9089999198913574,3.1700000762939453,3.1700000762939453,0.0,228700
2016-05-17,3.9505627155303955,4.429999828338623,0.0,4.429999828338623,3.75,3.75,0.0,491700
2016-05-18,3.237143039703369,3.630000114440918,0.0,6.650000095367432,3.3399999141693115,6.0,0.0,2137500
2016-05-19,3.540346384048462,3.9700000286102295,0.0,4.039999961853027,3.390000104904175,3.4000000953674316,0.0,182400
2016-05-20,3.2638962268829346,3.6600000858306885,0.0,4.0,3.5999999046325684,4.0,0.0,131400
2016-05-23,3.1568830013275146,3.5399999618530273,0.0,3.819999933242798,3.4200000762939453,3.690000057220459,0.0,70800
2016-05-24,3.0320346355438232,3.4000000953674316,0.0,3.6600000858306885,3.3299999237060547,3.5199999809265137,0.0,44700
2016-05-25,3.094458818435669,3.4700000286102295,0.0,3.609999895095825,3.2100000381469727,3.369999885559082,0.0,146700
2016-05-26,3.0677056312561035,3.440000057220459,0.0,3.549999952316284,3.2799999713897705,3.4700000286102295,0.0,26900
2016-05-27,3.0141992568969727,3.380000114440918,0.0,3.5,3.2200000286102295,3.4100000858306885,0.0,34200
2016-05-31,2.9785280227661133,3.3399999141693115,0.0,3.4200000762939453,3.25,3.359999895095825,0.0,19800
2016-06-01,3.049870252609253,3.4200000762939453,0.0,3.509999990463257,3.2300000190734863,3.309999942779541,0.0,58200
2016-06-02,3.2906494140625,3.690000057220459,0.0,3.799999952316284,3.430000066757202,3.430000066757202,0.0,39400
2016-06-03,3.193445920944214,3.5810000896453857,0.0,3.7039999961853027,3.490000009536743,3.7039999961853027,0.0,14700
2016-06-06,3.335238218307495,3.740000009536743,0.0,3.8499999046325684,3.549999952316284,3.549999952316284,0.0,19300
2016-06-07,3.2193071842193604,3.609999895095825,0.0,3.9000000953674316,3.5999999046325684,3.690000057220459,0.0,47300
2016-06-08,3.3084847927093506,3.7100000381469727,0.0,3.7799999713897705,3.700000047683716,3.7009999752044678,0.0,36700
2016-06-09,3.246060609817505,3.640000104904175,0.0,3.8399999141693115,3.5999999046325684,3.8399999141693115,0.0,5700
2016-06-10,3.1212120056152344,3.5,0.0,3.619999885559082,3.430000066757202,3.609999895095825,0.0,18200
2016-06-13,2.951774835586548,3.309999942779541,0.0,3.509999990463257,3.25,3.450000047683716,0.0,42100
2016-06-14,2.942857027053833,3.299999952316284,0.0,3.3459999561309814,3.2799999713897705,3.2799999713897705,0.0,5200
2016-06-15,3.0141992568969727,3.380000114440918,0.0,3.609999895095825,3.3399999141693115,3.3399999141693115,0.0,8500
2016-06-16,2.9071860313415527,3.259999990463257,0.0,3.4600000381469727,3.0,3.4600000381469727,0.0,148800
2016-06-17,3.130129814147949,3.509999990463257,0.0,3.5199999809265137,3.2200000286102295,3.2300000190734863,0.0,13000
2016-06-20,3.2014718055725098,3.5899999141693115,0.0,3.5999999046325684,3.490000009536743,3.490000009536743,0.0,19500
2016-06-21,3.2193071842193604,3.609999895095825,0.0,3.609999895095825,3.569999933242798,3.5999999046325684,0.0,4100
2016-06-22,3.139047622680664,3.5199999809265137,0.0,3.619999885559082,3.4649999141693115,3.5799999237060547,0.0,7400
2016-06-23,3.2103896141052246,3.5999999046325684,0.0,3.7300000190734863,3.569999933242798,3.569999933242798,0.0,34000
2016-06-24,3.103376626968384,3.4800000190734863,0.0,3.559999942779541,3.380000114440918,3.5199999809265137,0.0,4500
2016-06-27,2.8625974655151367,3.2100000381469727,0.0,3.390000104904175,3.2100000381469727,3.390000104904175,0.0,24500
2016-06-28,2.8715152740478516,3.2200000286102295,0.0,3.359999895095825,3.180000066757202,3.180000066757202,0.0,4500
2016-06-29,3.049870252609253,3.4200000762939453,0.0,3.450000047683716,3.200000047683716,3.259999990463257,0.0,4700
2016-06-30,3.130129814147949,3.509999990463257,0.0,3.569999933242798,3.3299999237060547,3.430000066757202,0.0,14700
2016-07-01,3.1122944355010986,3.490000009536743,0.0,3.5799999237060547,3.4000000953674316,3.569999933242798,0.0,40600
2016-07-05,3.1122944355010986,3.490000009536743,0.0,3.490000009536743,3.430000066757202,3.430000066757202,0.0,1800
2016-07-06,3.0677056312561035,3.440000057220459,0.0,3.5,3.440000057220459,3.5,0.0,2600
2016-07-07,3.1051602363586426,3.4820001125335693,0.0,3.48799991607666,3.4119999408721924,3.4119999408721924,0.0,1200
2016-07-08,3.1122944355010986,3.490000009536743,0.0,3.559999942779541,3.359999895095825,3.375,0.0,8600
2016-07-11,3.0766234397888184,3.450000047683716,0.0,3.506999969482422,3.450000047683716,3.506999969482422,0.0,2600
2016-07-12,3.0231170654296875,3.390000104904175,0.0,3.6600000858306885,3.3299999237060547,3.440000057220459,0.0,68500
2016-07-13,3.245168685913086,3.6389999389648438,0.0,3.6389999389648438,3.3499999046325684,3.3499999046325684,0.0,26200
2016-07-14,3.0587878227233887,3.430000066757202,0.0,3.5769999027252197,3.3510000705718994,3.5,0.0,18700
2016-07-15,3.246060609817505,3.640000104904175,0.0,3.6500000953674316,3.3399999141693115,3.4100000858306885,0.0,25600
2016-07-18,3.153316020965576,3.5360000133514404,0.0,3.6640000343322754,3.5360000133514404,3.6600000858306885,0.0,34600
2016-07-19,3.085541248321533,3.4600000381469727,0.0,3.569999933242798,3.2799999713897705,3.569999933242798,0.0,62200
2016-07-20,3.085541248321533,3.4600000381469727,0.0,3.5299999713897705,3.440999984741211,3.5299999713897705,0.0,2400
2016-07-21,3.1658008098602295,3.549999952316284,0.0,3.559999942779541,3.440999984741211,3.509999990463257,0.0,3800
2016-07-22,3.2014718055725098,3.5899999141693115,0.0,3.700000047683716,3.509999990463257,3.5899999141693115,0.0,135600
2016-07-25,3.1658008098602295,3.549999952316284,0.0,3.549999952316284,3.4100000858306885,3.5,0.0,8200
2016-07-26,3.040952444076538,3.4100000858306885,0.0,3.690000057220459,3.380000114440918,3.4800000190734863,0.0,6200
2016-07-27,3.0766234397888184,3.450000047683716,0.0,3.5199999809265137,3.359999895095825,3.4800000190734863,0.0,16900
2016-07-28,2.9606926441192627,3.319999933242798,0.0,3.440000057220459,3.305000066757202,3.4100000858306885,0.0,16100
2016-07-29,3.0052812099456787,3.369999885559082,0.0,3.4000000953674316,3.319999933242798,3.3499999046325684,0.0,39500
2016-08-01,2.9829869270324707,3.3450000286102295,0.0,3.4000000953674316,3.0450000762939453,3.4000000953674316,0.0,55500
2016-08-02,2.9339394569396973,3.2899999618530273,0.0,3.380000114440918,3.2699999809265137,3.299999952316284,0.0,21900
2016-08-03,2.853679656982422,3.200000047683716,0.0,3.380000114440918,3.190000057220459,3.2920000553131104,0.0,91600
2016-08-04,2.844761848449707,3.190000057220459,0.0,3.3489999771118164,3.190000057220459,3.3489999771118164,0.0,5600
2016-08-05,2.815333366394043,3.1570000648498535,0.0,3.382999897003174,3.140000104904175,3.3399999141693115,0.0,35900
2016-08-08,2.8358442783355713,3.180000066757202,0.0,3.3499999046325684,3.130000114440918,3.2100000381469727,0.0,33600
2016-08-09,2.8180086612701416,3.1600000858306885,0.0,3.2799999713897705,3.1500000953674316,3.180000066757202,0.0,14500
2016-08-10,2.8715152740478516,3.2200000286102295,0.0,3.240000009536743,2.990000009536743,3.140000104904175,0.0,35600
2016-08-11,2.9339394569396973,3.2899999618530273,0.0,3.4000000953674316,3.119999885559082,3.140000104904175,0.0,7400
2016-08-12,2.8180086612701416,3.1600000858306885,0.0,3.240000009536743,3.1600000858306885,3.240000009536743,0.0,8500
2016-08-15,2.853679656982422,3.200000047683716,0.0,3.2869999408721924,3.0899999141693115,3.1500000953674316,0.0,18600
2016-08-16,2.9161038398742676,3.2699999809265137,0.0,3.2699999809265137,3.0899999141693115,3.1700000762939453,0.0,1300
2016-08-17,2.844761848449707,3.190000057220459,0.0,3.2100000381469727,3.0899999141693115,3.2100000381469727,0.0,18300
2016-08-18,2.7734198570251465,3.109999895095825,0.0,3.200000047683716,3.109999895095825,3.130000114440918,0.0,5800
2016-08-19,2.7823376655578613,3.119999885559082,0.0,3.25,3.0980000495910645,3.130000114440918,0.0,20800
2016-08-22,2.7645020484924316,3.0999999046325684,0.0,3.25,3.0999999046325684,3.200000047683716,0.0,3100
2016-08-23,3.0231170654296875,3.390000104904175,0.0,3.390000104904175,3.0999999046325684,3.0999999046325684,0.0,123800
2016-08-24,2.987445831298828,3.3499999046325684,0.0,3.4100000858306885,3.2799999713897705,3.369999885559082,0.0,14100
2016-08-25,2.951774835586548,3.309999942779541,0.0,3.369999885559082,3.25,3.369999885559082,0.0,7900
2016-08-26,2.9161038398742676,3.2699999809265137,0.0,3.319999933242798,3.259999990463257,3.2820000648498535,0.0,4600
2016-08-29,3.192553997039795,3.5799999237060547,0.0,3.5999999046325684,3.2799999713897705,3.319999933242798,0.0,99600
2016-08-30,3.246060609817505,3.640000104904175,0.0,3.6589999198913574,3.4800000190734863,3.5899999141693115,0.0,66200
2016-08-31,3.246060609817505,3.640000104904175,0.0,3.700000047683716,3.509999990463257,3.5199999809265137,0.0,36300
2016-09-01,3.442250967025757,3.859999895095825,0.0,3.9000000953674316,3.630000114440918,3.630000114440918,0.0,61400
2016-09-02,3.3530735969543457,3.759999990463257,0.0,3.9000000953674316,3.680000066757202,3.9000000953674316,0.0,229100
2016-09-06,3.4146060943603516,3.8289999961853027,0.0,3.880000114440918,3.680000066757202,3.7899999618530273,0.0,5700
2016-09-07,3.388744592666626,3.799999952316284,0.0,4.090000152587891,3.559999942779541,3.811000108718872,0.0,102700
2016-09-08,3.5492641925811768,3.9800000190734863,0.0,3.990000009536743,3.690000057220459,3.690000057220459,0.0,26200
2016-09-09,3.5135931968688965,3.940000057220459,0.0,3.950000047683716,3.799999952316284,3.930000066757202,0.0,20400
2016-09-12,3.6651949882507324,4.110000133514404,0.0,4.21999979019165,3.8399999141693115,3.8399999141693115,0.0,78600
2016-09-13,3.88813853263855,4.360000133514404,0.0,4.46999979019165,4.090000152587891,4.090000152587891,0.0,84800
2016-09-14,3.3263204097747803,3.7300000190734863,0.0,4.366000175476074,3.450000047683716,4.28000020980835,0.0,143100
2016-09-15,3.736536741256714,4.190000057220459,0.0,4.360000133514404,3.75,3.75,0.0,133300
2016-09-16,3.9951515197753906,4.480000019073486,0.0,4.480000019073486,4.010000228881836,4.199999809265137,0.0,99200
2016-09-19,4.0486578941345215,4.539999961853027,0.0,4.550000190734863,4.380000114440918,4.489999771118164,0.0,124900
2016-09-20,3.299567222595215,3.700000047683716,0.0,4.449999809265137,3.569999933242798,4.449999809265137,0.0,72900
2016-09-21,3.3709089756011963,3.7799999713897705,0.0,3.859999895095825,3.6730000972747803,3.799999952316284,0.0,12800
2016-09-22,3.2728140354156494,3.6700000762939453,0.0,3.890000104904175,3.6700000762939453,3.742000102996826,0.0,10400
2016-09-23,3.183636426925659,3.569999933242798,0.0,3.740000009536743,3.4600000381469727,3.6700000762939453,0.0,34200
2016-09-26,2.8715152740478516,3.2200000286102295,0.0,3.759999990463257,3.069999933242798,3.700000047683716,0.0,79900
2016-09-27,2.8269264698028564,3.1700000762939453,0.0,3.200000047683716,2.996999979019165,3.180000066757202,0.0,32100
2016-09-28,2.737748861312866,3.069999933242798,0.0,3.240000009536743,3.0350000858306885,3.1500000953674316,0.0,35400
2016-09-29,2.6218183040618896,2.940000057220459,0.0,3.190000057220459,2.8299999237060547,3.0299999713897705,0.0,62000
2016-09-30,2.702077865600586,3.0299999713897705,0.0,3.0789999961853027,2.680000066757202,2.930000066757202,0.0,42800
2016-10-03,2.4880518913269043,2.7899999618530273,0.0,2.9700000286102295,2.7899999618530273,2.9700000286102295,0.0,14100
2016-10-04,2.4345455169677734,2.7300000190734863,0.0,2.809999942779541,2.700000047683716,2.809999942779541,0.0,9100
2016-10-05,2.4434633255004883,2.740000009536743,0.0,2.7899999618530273,2.5999999046325684,2.7899999618530273,0.0,69300
2016-10-06,2.3810391426086426,2.6700000762939453,0.0,2.880000114440918,2.6500000953674316,2.740000009536743,0.0,44100
2016-10-07,2.363203525543213,2.6500000953674316,0.0,2.809999942779541,2.625,2.700000047683716,0.0,5900
2016-10-10,2.2918615341186523,2.569999933242798,0.0,2.6459999084472656,2.569999933242798,2.6459999084472656,0.0,5400
2016-10-11,2.1402597427368164,2.4000000953674316,0.0,2.569999933242798,2.3499999046325684,2.569999933242798,0.0,39500
2016-10-12,2.059999942779541,2.309999942779541,0.0,2.4200000762939453,2.140000104904175,2.380000114440918,0.0,13300
2016-10-13,2.068917751312256,2.319999933242798,0.0,2.430000066757202,2.190000057220459,2.299999952316284,0.0,49800
2016-10-14,2.1402597427368164,2.4000000953674316,0.0,2.4200000762939453,2.2899999618530273,2.319999933242798,0.0,26600
2016-10-17,2.2294373512268066,2.5,0.0,2.569999933242798,2.4000000953674316,2.4000000953674316,0.0,19800
2016-10-18,2.4256277084350586,2.7200000286102295,0.0,2.890000104904175,2.5,2.5299999713897705,0.0,65500
2016-10-19,2.461298704147339,2.759999990463257,0.0,2.822999954223633,2.6510000228881836,2.690000057220459,0.0,25700
2016-10-20,2.461298704147339,2.759999990463257,0.0,2.759999990463257,2.759999990463257,2.759999990463257,0.0,0
2016-10-21,2.461298704147339,2.759999990463257,0.0,2.9700000286102295,2.561000108718872,2.561000108718872,0.0,7700
2016-10-24,2.5148050785064697,2.819999933242798,0.0,2.9140000343322754,2.799999952316284,2.799999952316284,0.0,9800
2016-10-25,2.4167098999023438,2.7100000381469727,0.0,2.819999933242798,2.7100000381469727,2.819999933242798,0.0,3100
2016-10-26,2.60398268699646,2.9200000762939453,0.0,3.059999942779541,2.799999952316284,2.799999952316284,0.0,7700
2016-10-27,2.2829437255859375,2.559999942779541,0.0,2.700000047683716,2.559999942779541,2.6419999599456787,0.0,13100
2016-10-28,2.363203525543213,2.6500000953674316,0.0,2.6600000858306885,2.490000009536743,2.5999999046325684,0.0,4800
2016-10-31,2.407792329788208,2.700000047683716,0.0,2.7200000286102295,2.6510000228881836,2.6510000228881836,0.0,6200
2016-11-01,2.430086612701416,2.7249999046325684,0.0,2.7799999713897705,2.700000047683716,2.7049999237060547,0.0,8700
2016-11-02,2.1759307384490967,2.440000057220459,0.0,2.75,2.440000057220459,2.75,0.0,31200
2016-11-03,2.265108108520508,2.5399999618530273,0.0,2.559999942779541,2.5,2.509999990463257,0.0,13900
2016-11-04,2.1491775512695312,2.4100000858306885,0.0,2.6600000858306885,2.4100000858306885,2.6600000858306885,0.0,5300
2016-11-07,2.4434633255004883,2.740000009536743,0.0,2.740000009536743,2.319999933242798,2.640000104904175,0.0,22100
2016-11-08,2.3453681468963623,2.630000114440918,0.0,2.880000114440918,2.630000114440918,2.700000047683716,0.0,22500
2016-11-09,2.2472727298736572,2.5199999809265137,0.0,2.9189999103546143,2.4800000190734863,2.569999933242798,0.0,15900
2016-11-10,2.300779104232788,2.5799999237060547,0.0,2.5799999237060547,2.4200000762939453,2.430000066757202,0.0,6100
2016-11-11,2.3721213340759277,2.6600000858306885,0.0,2.7300000190734863,2.5989999771118164,2.5989999771118164,0.0,15500
2016-11-14,2.4345455169677734,2.7300000190734863,0.0,2.740000009536743,2.3299999237060547,2.359999895095825,0.0,69200
2016-11-15,2.3810391426086426,2.6700000762939453,0.0,2.9100000858306885,2.4700000286102295,2.9100000858306885,0.0,93700
2016-11-16,2.648571491241455,2.9700000286102295,0.0,2.990000009536743,2.6700000762939453,2.7209999561309814,0.0,38300
2016-11-17,2.541558265686035,2.8499999046325684,0.0,3.0910000801086426,2.819999933242798,2.9700000286102295,0.0,29900
2016-11-18,2.505887508392334,2.809999942779541,0.0,2.950000047683716,2.7209999561309814,2.934000015258789,0.0,5600
2016-11-21,2.5148050785064697,2.819999933242798,0.0,2.8499999046325684,2.690000057220459,2.809999942779541,0.0,12600
2016-11-22,2.496969699859619,2.799999952316284,0.0,2.819999933242798,2.7769999504089355,2.7769999504089355,0.0,1300
2016-11-23,2.452380895614624,2.75,0.0,2.7799999713897705,2.7200000286102295,2.739000082015991,0.0,8400
2016-11-25,2.496969699859619,2.799999952316284,0.0,2.799999952316284,2.75,2.75,0.0,2000
2016-11-28,2.612900495529175,2.930000066757202,0.0,3.049999952316284,2.806999921798706,2.819999933242798,0.0,10400
2016-11-29,2.5861473083496094,2.9000000953674316,0.0,2.9000000953674316,2.880000114440918,2.880000114440918,0.0,2700
2016-11-30,2.6753246784210205,3.0,0.0,3.049999952316284,2.6610000133514404,2.8499999046325684,0.0,12900
2016-12-01,3.92380952835083,4.400000095367432,0.0,5.920000076293945,3.049999952316284,3.049999952316284,0.0,2874300
2016-12-02,3.6116883754730225,4.050000190734863,0.0,4.239999771118164,3.7100000381469727,4.0,0.0,322700
2016-12-05,3.6116883754730225,4.050000190734863,0.0,4.050000190734863,4.050000190734863,4.050000190734863,0.0,0
2016-12-06,3.78112530708313,4.239999771118164,0.0,4.599999904632568,4.03000020980835,4.050000190734863,0.0,48100
2016-12-07,3.772207736968994,4.230000019073486,0.0,4.329999923706055,3.930000066757202,4.150000095367432,0.0,25400
2016-12-08,3.5225107669830322,3.950000047683716,0.0,4.150000095367432,3.799999952316284,4.150000095367432,0.0,32900
2016-12-09,3.5135931968688965,3.940000057220459,0.0,4.050000190734863,3.559999942779541,3.759999990463257,0.0,116300
2016-12-12,3.736536741256714,4.190000057220459,0.0,4.420000076293945,4.190000057220459,4.329999923706055,0.0,6200
2016-12-13,3.147965431213379,3.5299999713897705,0.0,4.400000095367432,3.5299999713897705,4.0,0.0,8500
2016-12-14,3.473463296890259,3.8949999809265137,0.0,4.0,3.5299999713897705,3.549999952316284,0.0,19100
2016-12-15,3.237143039703369,3.630000114440918,0.0,3.799999952316284,3.5999999046325684,3.700000047683716,0.0,20100
2016-12-16,3.3530735969543457,3.759999990463257,0.0,3.940000057220459,3.4100000858306885,3.4100000858306885,0.0,11500
2016-12-19,3.246060609817505,3.640000104904175,0.0,3.640000104904175,3.4000000953674316,3.509999990463257,0.0,33300
2016-12-20,3.2549784183502197,3.6500000953674316,0.0,3.9000000953674316,3.569999933242798,3.7899999618530273,0.0,66600
2016-12-21,3.388744592666626,3.799999952316284,0.0,3.799999952316284,3.3299999237060547,3.3299999237060547,0.0,119700
2016-12-22,3.2103896141052246,3.5999999046325684,0.0,3.765000104904175,3.5,3.765000104904175,0.0,18000
2016-12-23,3.147965431213379,3.5299999713897705,0.0,3.7899999618530273,3.390000104904175,3.5199999809265137,0.0,62000
2016-12-27,3.1212120056152344,3.5,0.0,3.6700000762939453,3.5,3.6700000762939453,0.0,15700
2016-12-28,3.103376626968384,3.4800000190734863,0.0,3.630000114440918,3.450000047683716,3.5,0.0,10400
2016-12-29,3.1747186183929443,3.559999942779541,0.0,3.680000066757202,3.4790000915527344,3.4790000915527344,0.0,20200
2016-12-30,3.4244155883789062,3.8399999141693115,0.0,3.8399999141693115,3.5,3.509999990463257,0.0,92600
2017-01-03,3.4065799713134766,3.819999933242798,0.0,3.950000047683716,3.609999895095825,3.609999895095825,0.0,44500
2017-01-04,3.9059741497039795,4.380000114440918,0.0,4.800000190734863,3.9700000286102295,3.9700000286102295,0.0,59700
2017-01-05,3.6919479370117188,4.139999866485596,0.0,4.5,4.0,4.5,0.0,16800
2017-01-06,3.7454543113708496,4.199999809265137,0.0,4.199999809265137,4.004000186920166,4.004000186920166,0.0,1600
2017-01-09,3.3530735969543457,3.759999990463257,0.0,4.185999870300293,3.75,4.185999870300293,0.0,61900
2017-01-10,3.237143039703369,3.630000114440918,0.0,4.090000152587891,3.630000114440918,3.8299999237060547,0.0,19500
2017-01-11,3.2906494140625,3.690000057220459,0.0,3.7899999618530273,3.630000114440918,3.630000114440918,0.0,35100
2017-01-12,3.2549784183502197,3.6500000953674316,0.0,3.746000051498413,3.3299999237060547,3.3299999237060547,0.0,37100
2017-01-13,3.2638962268829346,3.6600000858306885,0.0,4.334000110626221,3.4000000953674316,3.819999933242798,0.0,352900
2017-01-17,3.147965431213379,3.5299999713897705,0.0,3.809999942779541,3.492000102996826,3.809999942779541,0.0,11000
2017-01-18,3.103376626968384,3.4800000190734863,0.0,3.5899999141693115,3.359999895095825,3.490000009536743,0.0,27200
2017-01-19,3.049870252609253,3.4200000762939453,0.0,3.450000047683716,3.4000000953674316,3.4000000953674316,0.0,4700
2017-01-20,3.0587878227233887,3.430000066757202,0.0,3.5299999713897705,3.299999952316284,3.4100000858306885,0.0,17700
2017-01-23,3.002606153488159,3.367000102996826,0.0,3.443000078201294,3.3499999046325684,3.440000057220459,0.0,9900
2017-01-24,2.7645020484924316,3.0999999046325684,0.0,3.369999885559082,3.069999933242798,3.3499999046325684,0.0,54100
2017-01-25,2.8715152740478516,3.2200000286102295,0.0,3.2200000286102295,3.0799999237060547,3.0799999237060547,0.0,1400
2017-01-26,2.7645020484924316,3.0999999046325684,0.0,3.125999927520752,3.0199999809265137,3.109999895095825,0.0,12300
2017-01-27,2.7734198570251465,3.109999895095825,0.0,3.140000104904175,3.049999952316284,3.109999895095825,0.0,30400
2017-01-30,2.7805540561676025,3.118000030517578,0.0,3.130000114440918,3.0799999237060547,3.0899999141693115,0.0,1800
2017-01-31,2.809091091156006,3.1500000953674316,0.0,3.1500000953674316,3.069999933242798,3.0999999046325684,0.0,6900
2017-02-01,2.898268461227417,3.25,0.0,3.25,3.0799999237060547,3.0799999237060547,0.0,4800
2017-02-02,2.7983896732330322,3.138000011444092,0.0,3.4000000953674316,3.119999885559082,3.2639999389648438,0.0,4700
2017-02-03,2.791255474090576,3.130000114440918,0.0,3.2100000381469727,3.119999885559082,3.119999885559082,0.0,5900
2017-02-06,2.8804328441619873,3.2300000190734863,0.0,3.2899999618530273,3.0999999046325684,3.0999999046325684,0.0,5700
2017-02-07,3.0320346355438232,3.4000000953674316,0.0,3.6500000953674316,3.1649999618530273,3.2660000324249268,0.0,58500
2017-02-08,2.8403029441833496,3.184999942779541,0.0,3.4189999103546143,3.184999942779541,3.305000066757202,0.0,18200
2017-02-09,3.0320346355438232,3.4000000953674316,0.0,3.4000000953674316,3.1500000953674316,3.1500000953674316,0.0,26400
2017-02-10,3.0141992568969727,3.380000114440918,0.0,3.549999952316284,3.2699999809265137,3.549999952316284,0.0,13700
2017-02-13,2.898268461227417,3.25,0.0,3.309999942779541,3.200000047683716,3.299999952316284,0.0,3200
2017-02-14,2.8625974655151367,3.2100000381469727,0.0,3.240000009536743,3.0799999237060547,3.0799999237060547,0.0,35800
2017-02-15,2.9606926441192627,3.319999933242798,0.0,3.3259999752044678,3.1449999809265137,3.200000047683716,0.0,12300
2017-02-16,2.8715152740478516,3.2200000286102295,0.0,3.380000114440918,3.2200000286102295,3.25,0.0,5300
2017-02-17,2.9250216484069824,3.2799999713897705,0.0,3.299999952316284,3.200000047683716,3.200000047683716,0.0,2400
2017-02-21,2.853679656982422,3.200000047683716,0.0,3.299999952316284,3.1500000953674316,3.1500000953674316,0.0,5700
2017-02-22,2.809091091156006,3.1500000953674316,0.0,3.2300000190734863,3.1500000953674316,3.1760001182556152,0.0,9700
2017-02-23,2.8358442783355713,3.180000066757202,0.0,3.190000057220459,3.140000104904175,3.140000104904175,0.0,6200
2017-02-24,2.809091091156006,3.1500000953674316,0.0,3.259999990463257,3.069999933242798,3.069999933242798,0.0,12600
2017-02-27,2.889350652694702,3.240000009536743,0.0,3.240000009536743,3.1600000858306885,3.171999931335449,0.0,2400
2017-02-28,2.746666669845581,3.0799999237060547,0.0,3.240000009536743,3.059999942779541,3.240000009536743,0.0,17400
2017-03-01,2.800173282623291,3.140000104904175,0.0,3.180000066757202,3.059999942779541,3.0799999237060547,0.0,14900
2017-03-02,2.7823376655578613,3.119999885559082,0.0,3.2100000381469727,3.109999895095825,3.119999885559082,0.0,4200
2017-03-03,2.791255474090576,3.130000114440918,0.0,3.190000057220459,3.109999895095825,3.1489999294281006,0.0,2000
2017-03-06,2.791255474090576,3.130000114440918,0.0,3.180000066757202,3.119999885559082,3.130000114440918,0.0,11400
2017-03-07,2.7823376655578613,3.119999885559082,0.0,3.119999885559082,3.119999885559082,3.119999885559082,0.0,300
2017-03-08,2.7823376655578613,3.119999885559082,0.0,3.1410000324249268,3.119999885559082,3.119999885559082,0.0,5500
2017-03-09,2.898268461227417,3.25,0.0,3.2799999713897705,3.119999885559082,3.119999885559082,0.0,10600
2017-03-10,3.0677056312561035,3.440000057220459,0.0,3.6050000190734863,3.299999952316284,3.299999952316284,0.0,49600
2017-03-13,3.147965431213379,3.5299999713897705,0.0,3.559999942779541,3.3450000286102295,3.3450000286102295,0.0,2700
2017-03-14,3.0766234397888184,3.450000047683716,0.0,3.5,3.3399999141693115,3.3399999141693115,0.0,7800
2017-03-15,3.1747186183929443,3.559999942779541,0.0,3.630000114440918,3.4000000953674316,3.450000047683716,0.0,15500
2017-03-16,3.1747186183929443,3.559999942779541,0.0,3.6389999389648438,3.5,3.5,0.0,12300
2017-03-17,2.9785280227661133,3.3399999141693115,0.0,3.5,3.193000078201294,3.490000009536743,0.0,80100
2017-03-20,2.951774835586548,3.309999942779541,0.0,3.309999942779541,3.240000009536743,3.25,0.0,3100
2017-03-21,2.853679656982422,3.200000047683716,0.0,3.309999942779541,3.200000047683716,3.309999942779541,0.0,600
2017-03-22,3.1122944355010986,3.490000009536743,0.0,3.490000009536743,3.059999942779541,3.190000057220459,0.0,7300
2017-03-23,2.9696102142333984,3.3299999237060547,0.0,3.569999933242798,3.259999990463257,3.569999933242798,0.0,8900
2017-03-24,3.0052812099456787,3.369999885559082,0.0,3.5,3.305000066757202,3.305000066757202,0.0,10100
2017-03-27,3.103376626968384,3.4800000190734863,0.0,3.549999952316284,3.369999885559082,3.4100000858306885,0.0,38800
2017-03-28,3.130129814147949,3.509999990463257,0.0,3.569999933242798,3.4800000190734863,3.4800000190734863,0.0,1200
2017-03-29,3.578692674636841,4.013000011444092,0.0,4.099999904632568,3.494999885559082,3.494999885559082,0.0,123700
2017-03-30,3.5225107669830322,3.950000047683716,0.0,4.408999919891357,3.8499999046325684,3.8499999046325684,0.0,96600
2017-03-31,3.5670995712280273,4.0,0.0,4.190000057220459,3.9200000762939453,3.9200000762939453,0.0,19700
2017-04-03,3.4511687755584717,3.869999885559082,0.0,4.0,3.819999933242798,4.0,0.0,15800
2017-04-04,3.486840009689331,3.9100000858306885,0.0,4.065999984741211,3.7100000381469727,3.950000047683716,0.0,18000
2017-04-05,3.397662401199341,3.809999942779541,0.0,4.199999809265137,3.809999942779541,3.819999933242798,0.0,17700
2017-04-06,3.6919479370117188,4.139999866485596,0.0,4.150000095367432,3.8499999046325684,4.010000228881836,0.0,18500
2017-04-07,3.584934949874878,4.019999980926514,0.0,4.190000057220459,4.0,4.139999866485596,0.0,15200
2017-04-10,3.727618932723999,4.179999828338623,0.0,4.195000171661377,3.640000104904175,4.019999980926514,0.0,12300
2017-04-11,3.683030366897583,4.130000114440918,0.0,4.198999881744385,3.9000000953674316,3.9000000953674316,0.0,9300
2017-04-12,3.683030366897583,4.130000114440918,0.0,4.239999771118164,4.070000171661377,4.130000114440918,0.0,15400
2017-04-13,3.584934949874878,4.019999980926514,0.0,4.150000095367432,3.8499999046325684,4.059999942779541,0.0,16100
2017-04-17,3.7008659839630127,4.150000095367432,0.0,4.230000019073486,4.079999923706055,4.159999847412109,0.0,19700
2017-04-18,3.5046753883361816,3.930000066757202,0.0,4.28000020980835,3.930000066757202,4.170000076293945,0.0,23100
2017-04-19,3.5581817626953125,3.990000009536743,0.0,4.039999961853027,3.869999885559082,3.9700000286102295,0.0,16600
2017-04-20,3.442250967025757,3.859999895095825,0.0,4.03000020980835,3.7799999713897705,4.03000020980835,0.0,9800
2017-04-21,3.397662401199341,3.809999942779541,0.0,3.9809999465942383,3.7699999809265137,3.8499999046325684,0.0,31200
2017-04-24,3.433333158493042,3.8499999046325684,0.0,4.210000038146973,3.8299999237060547,3.8299999237060547,0.0,12700
2017-04-25,3.3530735969543457,3.759999990463257,0.0,4.050000190734863,3.680000066757202,3.680000066757202,0.0,12500
2017-04-26,3.3530735969543457,3.759999990463257,0.0,4.039999961853027,3.7100000381469727,3.799999952316284,0.0,24900
2017-04-27,3.3174026012420654,3.7200000286102295,0.0,3.9000000953674316,3.7200000286102295,3.7300000190734863,0.0,12100
2017-04-28,3.2549784183502197,3.6500000953674316,0.0,3.75,3.5399999618530273,3.680000066757202,0.0,18300
2017-05-01,3.2638962268829346,3.6600000858306885,0.0,3.75,3.630000114440918,3.700000047683716,0.0,26500
2017-05-02,3.3530735969543457,3.759999990463257,0.0,3.7699999809265137,3.5999999046325684,3.700000047683716,0.0,21700
2017-05-03,3.344155788421631,3.75,0.0,3.809999942779541,3.619999885559082,3.759999990463257,0.0,17100
2017-05-04,3.3084847927093506,3.7100000381469727,0.0,3.7300000190734863,3.6500000953674316,3.7100000381469727,0.0,17600
2017-05-05,3.3530735969543457,3.759999990463257,0.0,3.759999990463257,3.4700000286102295,3.619999885559082,0.0,17300
2017-05-08,3.335238218307495,3.740000009536743,0.0,4.150000095367432,3.5999999046325684,3.5999999046325684,0.0,36800
2017-05-09,3.379826784133911,3.7899999618530273,0.0,4.099999904632568,3.680000066757202,3.859999895095825,0.0,51000
2017-05-10,3.2549784183502197,3.6500000953674316,0.0,3.828000068664551,3.5,3.819999933242798,0.0,30500
2017-05-11,3.1568830013275146,3.5399999618530273,0.0,3.619999885559082,3.5179998874664307,3.5999999046325684,0.0,10400
2017-05-12,3.228224992752075,3.619999885559082,0.0,3.7690000534057617,3.4000000953674316,3.5299999713897705,0.0,28200
2017-05-15,3.299567222595215,3.700000047683716,0.0,3.7780001163482666,3.630000114440918,3.630000114440918,0.0,4800
2017-05-16,3.1212120056152344,3.5,0.0,3.6500000953674316,3.450000047683716,3.5,0.0,8200
2017-05-17,3.049870252609253,3.4200000762939453,0.0,3.559999942779541,3.4100000858306885,3.430000066757202,0.0,13500
2017-05-18,3.237143039703369,3.630000114440918,0.0,3.700000047683716,3.4100000858306885,3.4200000762939453,0.0,11000
2017-05-19,3.237143039703369,3.630000114440918,0.0,3.630000114440918,3.4570000171661377,3.4570000171661377,0.0,3100
2017-05-22,3.2549784183502197,3.6500000953674316,0.0,3.933000087738037,3.559999942779541,3.933000087738037,0.0,4600
2017-05-23,3.2014718055725098,3.5899999141693115,0.0,3.75,3.5510001182556152,3.75,0.0,6100
2017-05-24,3.139047622680664,3.5199999809265137,0.0,3.6500000953674316,3.509999990463257,3.559999942779541,0.0,2800
2017-05-25,3.237143039703369,3.630000114440918,0.0,3.7899999618530273,3.5799999237060547,3.5899999141693115,0.0,2700
2017-05-26,3.228224992752075,3.619999885559082,0.0,3.690000057220459,3.4800000190734863,3.4800000190734863,0.0,29400
2017-05-30,3.304025888442993,3.7049999237060547,0.0,3.7100000381469727,3.609999895095825,3.697000026702881,0.0,1200
2017-05-31,3.4690043926239014,3.890000104904175,0.0,3.940000057220459,3.5999999046325684,3.5999999046325684,0.0,59400
2017-06-01,3.388744592666626,3.799999952316284,0.0,3.9000000953674316,3.799999952316284,3.8440001010894775,0.0,1100
2017-06-02,3.486840009689331,3.9100000858306885,0.0,3.950000047683716,3.7809998989105225,3.8499999046325684,0.0,14600
2017-06-05,3.5225107669830322,3.950000047683716,0.0,3.9600000381469727,3.880000114440918,3.890000104904175,0.0,11600
2017-06-06,3.5046753883361816,3.930000066757202,0.0,3.940000057220459,3.799999952316284,3.930000066757202,0.0,24000
2017-06-07,3.5225107669830322,3.950000047683716,0.0,3.990000009536743,3.7760000228881836,3.9800000190734863,0.0,11100
2017-06-08,3.5760176181793213,4.010000228881836,0.0,4.039999961853027,3.9000000953674316,3.9800000190734863,0.0,20500
2017-06-09,3.5670995712280273,4.0,0.0,4.0,3.940000057220459,3.9800000190734863,0.0,6500
2017-06-12,3.5492641925811768,3.9800000190734863,0.0,4.0,3.799999952316284,4.0,0.0,7300
2017-06-13,3.584934949874878,4.019999980926514,0.0,4.039999961853027,3.796999931335449,3.796999931335449,0.0,6300
2017-06-14,3.5046753883361816,3.930000066757202,0.0,4.0,3.930000066757202,3.990000009536743,0.0,7000
2017-06-15,3.593852996826172,4.03000020980835,0.0,4.119999885559082,3.950000047683716,3.9649999141693115,0.0,21600
2017-06-16,3.2014718055725098,3.5899999141693115,0.0,4.110000133514404,3.5899999141693115,4.099999904632568,0.0,37900
2017-06-19,3.5670995712280273,4.0,0.0,4.099999904632568,3.75,3.8399999141693115,0.0,19100
2017-06-20,3.5760176181793213,4.010000228881836,0.0,4.050000190734863,3.890000104904175,3.930000066757202,0.0,9300
2017-06-21,3.478813886642456,3.9010000228881836,0.0,4.070000171661377,3.9010000228881836,4.050000190734863,0.0,28800
2017-06-22,3.5135931968688965,3.940000057220459,0.0,4.099999904632568,3.8399999141693115,3.8399999141693115,0.0,18900
2017-06-23,3.5135931968688965,3.940000057220459,0.0,4.0,3.9100000858306885,3.990000009536743,0.0,22300
2017-06-26,3.5751254558563232,4.008999824523926,0.0,4.01200008392334,3.9000000953674316,4.0,0.0,15500
2017-06-27,3.5670995712280273,4.0,0.0,4.050000190734863,3.9100000858306885,3.9100000858306885,0.0,6200
2017-06-28,3.5581817626953125,3.990000009536743,0.0,4.010000228881836,3.930000066757202,3.9700000286102295,0.0,6000
2017-06-29,3.5581817626953125,3.990000009536743,0.0,4.039999961853027,3.950000047683716,3.9600000381469727,0.0,4600
2017-06-30,3.638441562652588,4.079999923706055,0.0,4.090000152587891,3.7100000381469727,3.950000047683716,0.0,17800
2017-07-03,3.4511687755584717,3.869999885559082,0.0,4.03000020980835,3.6500000953674316,4.03000020980835,0.0,17500
2017-07-05,3.495757579803467,3.9200000762939453,0.0,4.0980000495910645,3.9000000953674316,4.0980000495910645,0.0,2600
2017-07-06,3.477922201156616,3.9000000953674316,0.0,3.9000000953674316,3.9000000953674316,3.9000000953674316,0.0,3300
2017-07-07,3.531428575515747,3.9600000381469727,0.0,4.0370001792907715,3.9100000858306885,3.9100000858306885,0.0,18500
2017-07-10,3.4244155883789062,3.8399999141693115,0.0,4.039999961853027,3.8399999141693115,4.039999961853027,0.0,7400
2017-07-11,3.344155788421631,3.75,0.0,3.8299999237060547,3.7200000286102295,3.75,0.0,4600
2017-07-12,3.2549784183502197,3.6500000953674316,0.0,3.799999952316284,3.6500000953674316,3.799999952316284,0.0,25300
2017-07-13,3.4154977798461914,3.8299999237060547,0.0,4.041999816894531,3.609999895095825,3.609999895095825,0.0,50400
2017-07-14,3.486840009689331,3.9100000858306885,0.0,4.119999885559082,3.8299999237060547,4.0,0.0,33100
2017-07-17,3.5670995712280273,4.0,0.0,4.090000152587891,3.9700000286102295,3.9700000286102295,0.0,7500
2017-07-18,3.584934949874878,4.019999980926514,0.0,4.059999942779541,3.9600000381469727,3.9600000381469727,0.0,4600
2017-07-19,3.584934949874878,4.019999980926514,0.0,4.090000152587891,3.934999942779541,4.019999980926514,0.0,5500
2017-07-20,3.5225107669830322,3.950000047683716,0.0,3.950000047683716,3.940000057220459,3.940000057220459,0.0,800
2017-07-21,3.442250967025757,3.859999895095825,0.0,3.9800000190734863,3.859999895095825,3.9769999980926514,0.0,13000
2017-07-24,3.486840009689331,3.9100000858306885,0.0,3.9700000286102295,3.700000047683716,3.940000057220459,0.0,11400
2017-07-25,3.397662401199341,3.809999942779541,0.0,3.9100000858306885,3.7100000381469727,3.815999984741211,0.0,9600
2017-07-26,3.299567222595215,3.700000047683716,0.0,3.7799999713897705,3.5399999618530273,3.7799999713897705,0.0,22600
2017-07-27,3.228224992752075,3.619999885559082,0.0,3.6500000953674316,3.5199999809265137,3.5199999809265137,0.0,12500
2017-07-28,3.3619914054870605,3.7699999809265137,0.0,3.799999952316284,3.5,3.5,0.0,20600
2017-07-31,3.335238218307495,3.740000009536743,0.0,3.7799999713897705,3.561000108718872,3.7799999713897705,0.0,11000
2017-08-01,3.3084847927093506,3.7100000381469727,0.0,3.7200000286102295,3.609999895095825,3.680000066757202,0.0,10200
2017-08-02,3.2906494140625,3.690000057220459,0.0,3.7300000190734863,3.690000057220459,3.7300000190734863,0.0,1500
2017-08-03,3.335238218307495,3.740000009536743,0.0,3.890000104904175,3.7100000381469727,3.75,0.0,6300
2017-08-04,3.4154977798461914,3.8299999237060547,0.0,4.019999980926514,3.6700000762939453,3.7300000190734863,0.0,12500
2017-08-07,3.548372268676758,3.9790000915527344,0.0,3.9800000190734863,3.809999942779541,3.809999942779541,0.0,4000
2017-08-08,3.442250967025757,3.859999895095825,0.0,3.9489998817443848,3.819999933242798,3.890000104904175,0.0,8900
2017-08-09,3.3174026012420654,3.7200000286102295,0.0,3.8559999465942383,3.680000066757202,3.8559999465942383,0.0,7500
2017-08-10,3.3619914054870605,3.7699999809265137,0.0,3.809999942779541,3.7699999809265137,3.7699999809265137,0.0,2100
2017-08-11,3.281731605529785,3.680000066757202,0.0,3.75,3.680000066757202,3.680000066757202,0.0,2200
2017-08-14,3.3174026012420654,3.7200000286102295,0.0,3.7200000286102295,3.6700000762939453,3.680000066757202,0.0,2100
2017-08-15,3.281731605529785,3.680000066757202,0.0,3.75,3.6700000762939453,3.690000057220459,0.0,4800
2017-08-16,3.2549784183502197,3.6500000953674316,0.0,3.680000066757202,3.5199999809265137,3.6700000762939453,0.0,2900
2017-08-17,3.299567222595215,3.700000047683716,0.0,3.700000047683716,3.5299999713897705,3.5299999713897705,0.0,600
2017-08-18,3.228224992752075,3.619999885559082,0.0,3.6559998989105225,3.4549999237060547,3.4549999237060547,0.0,2800
2017-08-21,3.130129814147949,3.509999990463257,0.0,3.509999990463257,3.450000047683716,3.496999979019165,0.0,7000
2017-08-22,3.1658008098602295,3.549999952316284,0.0,3.7019999027252197,3.490000009536743,3.7019999027252197,0.0,8500
2017-08-23,3.130129814147949,3.509999990463257,0.0,3.684000015258789,3.490000009536743,3.5999999046325684,0.0,9700
2017-08-24,3.2103896141052246,3.5999999046325684,0.0,3.609999895095825,3.493000030517578,3.493000030517578,0.0,6400
2017-08-25,3.103376626968384,3.4800000190734863,0.0,3.5999999046325684,3.4769999980926514,3.5,0.0,10100
2017-08-28,3.1658008098602295,3.549999952316284,0.0,3.640000104904175,3.4779999256134033,3.4800000190734863,0.0,8600
2017-08-29,3.228224992752075,3.619999885559082,0.0,3.6500000953674316,3.5399999618530273,3.5399999618530273,0.0,2000
2017-08-30,3.2193071842193604,3.609999895095825,0.0,3.7100000381469727,3.5799999237060547,3.630000114440918,0.0,10400
2017-08-31,3.531428575515747,3.9600000381469727,0.0,4.0,3.625999927520752,3.6600000858306885,0.0,22400
2017-09-01,3.433333158493042,3.8499999046325684,0.0,4.0,3.8499999046325684,4.0,0.0,4900
2017-09-05,3.495757579803467,3.9200000762939453,0.0,3.930000066757202,3.7100000381469727,3.7100000381469727,0.0,8500
2017-09-06,3.531428575515747,3.9600000381469727,0.0,3.9800000190734863,3.8499999046325684,3.950000047683716,0.0,7300
2017-09-07,3.477922201156616,3.9000000953674316,0.0,3.9000000953674316,3.7709999084472656,3.8499999046325684,0.0,55600
2017-09-08,3.540346384048462,3.9700000286102295,0.0,4.013000011444092,3.690000057220459,3.819999933242798,0.0,8300
2017-09-11,3.388744592666626,3.799999952316284,0.0,3.9800000190734863,3.75,3.9100000858306885,0.0,8100
2017-09-12,3.540346384048462,3.9700000286102295,0.0,4.099999904632568,3.825000047683716,3.8499999046325684,0.0,50200
2017-09-13,3.683030366897583,4.130000114440918,0.0,4.25,3.9700000286102295,3.9800000190734863,0.0,41200
2017-09-14,3.638441562652588,4.079999923706055,0.0,4.170000076293945,4.010000228881836,4.03000020980835,0.0,10600
2017-09-15,3.790043354034424,4.25,0.0,4.25,3.950000047683716,4.0,0.0,50400
2017-09-18,3.834632158279419,4.300000190734863,0.0,4.400000095367432,4.000999927520752,4.050000190734863,0.0,17700
2017-09-19,4.102164268493652,4.599999904632568,0.0,4.670000076293945,4.285999774932861,4.285999774932861,0.0,21500
2017-09-20,3.92380952835083,4.400000095367432,0.0,4.480000019073486,4.380000114440918,4.480000019073486,0.0,5600
2017-09-21,3.825714349746704,4.289999961853027,0.0,4.570000171661377,4.289999961853027,4.400000095367432,0.0,51500
2017-09-22,3.8078787326812744,4.269999980926514,0.0,4.309999942779541,4.010000228881836,4.010000228881836,0.0,5700
2017-09-25,3.6651949882507324,4.110000133514404,0.0,4.28000020980835,3.9700000286102295,4.269999980926514,0.0,16400
2017-09-26,3.834632158279419,4.300000190734863,0.0,4.519999980926514,4.110000133514404,4.110000133514404,0.0,17100
2017-09-27,4.01298713684082,4.5,0.0,4.599999904632568,4.28000020980835,4.400000095367432,0.0,7200
2017-09-28,4.441039085388184,4.980000019073486,0.0,5.0,4.572000026702881,4.572000026702881,0.0,18300
2017-09-29,4.601558208465576,5.159999847412109,0.0,5.309999942779541,4.877999782562256,4.877999782562256,0.0,38800
2017-10-02,5.7474894523620605,6.445000171661377,0.0,7.235000133514404,5.059999942779541,5.389999866485596,0.0,66700
2017-10-03,7.21445894241333,8.09000015258789,0.0,8.25,6.510000228881836,6.800000190734863,0.0,277000
2017-10-04,7.2947187423706055,8.180000305175781,0.0,9.5,8.0,9.449999809265137,0.0,567400
2017-10-05,6.5099568367004395,7.300000190734863,0.0,8.0600004196167,7.010000228881836,7.989999771118164,0.0,318100
2017-10-06,6.59913444519043,7.400000095367432,0.0,7.849999904632568,7.019999980926514,7.71999979019165,0.0,123500
2017-10-09,7.794112205505371,8.739999771118164,0.0,9.156000137329102,7.489999771118164,7.880000114440918,0.0,1031600
2017-10-10,7.803030490875244,8.75,0.0,9.600000381469727,8.25,8.800000190734863,0.0,993300
2017-10-11,8.239999771118164,9.239999771118164,0.0,11.170000076293945,8.75,8.75,0.0,2456200
2017-10-12,8.199999809265137,8.199999809265137,1.0,9.350000381469727,7.400000095367432,9.350000381469727,0.0,910300
2017-10-13,7.900000095367432,7.900000095367432,0.0,8.239999771118164,7.199999809265137,8.010000228881836,0.0,665200
2017-10-16,7.550000190734863,7.550000190734863,0.0,7.989999771118164,7.293000221252441,7.889999866485596,0.0,275800
2017-10-17,8.130000114440918,8.130000114440918,0.0,8.699999809265137,7.4670000076293945,8.0,0.0,1093400
2017-10-18,7.670000076293945,7.670000076293945,0.0,8.100000381469727,7.139999866485596,8.039999961853027,0.0,391600
2017-10-19,7.789000034332275,7.789000034332275,0.0,8.399999618530273,7.519999980926514,7.679999828338623,0.0,221400
2017-10-20,8.489999771118164,8.489999771118164,0.0,8.5,7.159999847412109,7.989999771118164,0.0,886100
2017-10-23,8.75,8.75,0.0,9.5,8.300000190734863,8.84000015258789,0.0,1362700
2017-10-24,7.900000095367432,7.900000095367432,0.0,8.755000114440918,7.599999904632568,8.729999542236328,0.0,681300
2017-10-25,7.199999809265137,7.199999809265137,0.0,7.989999771118164,6.730000019073486,7.989999771118164,0.0,634400
2017-10-26,7.260000228881836,7.260000228881836,0.0,7.599999904632568,6.739999771118164,7.349999904632568,0.0,392400
2017-10-27,6.909999847412109,6.909999847412109,0.0,7.53000020980835,6.789999961853027,7.53000020980835,0.0,336500
2017-10-30,7.050000190734863,7.050000190734863,0.0,7.440000057220459,6.909999847412109,7.059999942779541,0.0,227000
2017-10-31,6.800000190734863,6.800000190734863,0.0,7.340000152587891,6.5,7.099999904632568,0.0,296700
2017-11-01,6.949999809265137,6.949999809265137,0.0,7.199999809265137,6.75,6.980000019073486,0.0,323500
2017-11-02,6.960000038146973,6.960000038146973,0.0,7.988999843597412,6.330999851226807,7.75,0.0,1084100
2017-11-03,6.75,6.75,0.0,7.03000020980835,6.610000133514404,7.03000020980835,0.0,247300
2017-11-06,7.639999866485596,7.639999866485596,0.0,7.900000095367432,6.800000190734863,7.0,0.0,913400
2017-11-07,8.300000190734863,8.300000190734863,0.0,8.979999542236328,7.400000095367432,7.889999866485596,0.0,1236300
2017-11-08,7.78000020980835,7.78000020980835,0.0,8.800000190734863,7.599999904632568,8.800000190734863,0.0,577100
2017-11-09,7.5,7.5,0.0,7.823999881744385,7.300000190734863,7.650000095367432,0.0,423900
2017-11-10,7.159999847412109,7.159999847412109,0.0,7.5,6.800000190734863,7.5,0.0,398800
2017-11-13,7.25,7.25,0.0,7.400000095367432,7.0,7.099999904632568,0.0,329000
2017-11-14,7.019999980926514,7.019999980926514,0.0,7.28000020980835,6.889999866485596,7.099999904632568,0.0,291900
2017-11-15,7.929999828338623,7.929999828338623,0.0,8.017000198364258,7.019999980926514,7.099999904632568,0.0,815500
2017-11-16,8.119999885559082,8.119999885559082,0.0,8.430000305175781,7.599999904632568,8.199999809265137,0.0,1199600
2017-11-17,8.130000114440918,8.130000114440918,0.0,9.199999809265137,7.989999771118164,8.300000190734863,0.0,1505800
2017-11-20,10.350000381469727,10.350000381469727,0.0,10.5,8.0600004196167,8.460000038146973,0.0,4995100
2017-11-21,11.260000228881836,11.260000228881836,0.0,12.890000343322754,10.199999809265137,10.350000381469727,0.0,12113000
2017-11-22,15.989999771118164,15.989999771118164,0.0,16.139999389648438,11.399999618530273,12.300000190734863,0.0,13679300
2017-11-24,23.600000381469727,23.600000381469727,0.0,24.0,18.389999389648438,18.450000762939453,0.0,19192100
2017-11-27,15.600000381469727,15.600000381469727,0.0,21.770000457763672,15.539999961853027,21.5,0.0,17360400
2017-11-28,15.25,15.25,0.0,17.100000381469727,12.970000267028809,15.949999809265137,0.0,12540800
2017-11-29,13.180000305175781,13.180000305175781,0.0,17.420000076293945,12.300000190734863,17.280000686645508,0.0,8082000
2017-11-30,13.5,13.5,0.0,14.199999809265137,12.010000228881836,12.239999771118164,0.0,4652100
2017-12-01,15.0,15.0,0.0,15.479999542236328,13.869999885559082,14.850000381469727,0.0,6026500
2017-12-04,15.069999694824219,15.069999694824219,0.0,16.719999313354492,14.949999809265137,16.5,0.0,5423100
2017-12-05,14.140000343322754,14.140000343322754,0.0,14.75,13.5,14.720000267028809,0.0,2979100
2017-12-06,13.70199966430664,13.70199966430664,0.0,14.880000114440918,13.529999732971191,14.600000381469727,0.0,2228100
2017-12-07,14.600000381469727,14.600000381469727,0.0,16.110000610351562,13.800000190734863,14.25,0.0,5686300
2017-12-08,15.859999656677246,15.859999656677246,0.0,16.229999542236328,14.5,14.600000381469727,0.0,3894100
2017-12-11,23.079999923706055,23.079999923706055,0.0,23.670000076293945,17.75,19.059999465942383,0.0,20292700
2017-12-12,28.200000762939453,28.200000762939453,0.0,33.27000045776367,25.0,26.25,0.0,36521100
2017-12-13,23.030000686645508,23.030000686645508,0.0,26.62700080871582,22.100000381469727,24.200000762939453,0.0,13532800
2017-12-14,24.979999542236328,24.979999542236328,0.0,26.139999389648438,23.799999237060547,24.354999542236328,0.0,8212400
2017-12-15,28.5,28.5,0.0,29.489999771118164,26.790000915527344,28.0,0.0,12417300
2017-12-18,36.470001220703125,36.470001220703125,0.0,45.9900016784668,31.540000915527344,32.20000076293945,0.0,29520000
2017-12-19,38.599998474121094,38.599998474121094,0.0,46.20000076293945,36.0,36.150001525878906,0.0,30962600
2017-12-20,36.119998931884766,36.119998931884766,0.0,41.75,33.04999923706055,40.75,0.0,13993000
2017-12-21,27.600000381469727,27.600000381469727,0.0,36.06999969482422,26.25,35.5,0.0,12707500
2017-12-22,24.520000457763672,24.520000457763672,0.0,26.459999084472656,20.200000762939453,22.520000457763672,0.0,13191500
2017-12-26,31.219999313354492,31.219999313354492,0.0,31.940000534057617,27.549999237060547,28.520000457763672,0.0,11406600
2017-12-27,29.799999237060547,29.799999237060547,0.0,33.279998779296875,28.549999237060547,31.18000030517578,0.0,8561900
2017-12-28,27.229999542236328,27.229999542236328,0.0,28.799999237060547,26.739999771118164,27.200000762939453,0.0,3767100
2017-12-29,28.399999618530273,28.399999618530273,0.0,29.59000015258789,27.701000213623047,28.719999313354492,0.0,4757400
2018-01-02,27.899999618530273,27.899999618530273,0.0,28.700000762939453,26.0,28.5,0.0,4169100
2018-01-03,24.360000610351562,24.360000610351562,0.0,27.68000030517578,23.350000381469727,27.549999237060547,0.0,5281200
2018-01-04,24.270000457763672,24.270000457763672,0.0,25.479999542236328,22.530000686645508,24.8700008392334,0.0,4474100
2018-01-05,24.43000030517578,24.43000030517578,0.0,26.299999237060547,24.200000762939453,26.200000762939453,0.0,3485000
2018-01-08,23.420000076293945,23.420000076293945,0.0,25.149999618530273,22.75,25.139999389648438,0.0,2933000
2018-01-09,24.020000457763672,24.020000457763672,0.0,25.770000457763672,23.450000762939453,24.989999771118164,0.0,4632200
2018-01-10,22.940000534057617,22.940000534057617,0.0,24.19499969482422,22.700000762939453,23.899999618530273,0.0,1993100
2018-01-11,20.850000381469727,20.850000381469727,0.0,22.5,20.6299991607666,22.200000762939453,0.0,2843000
2018-01-12,21.8799991607666,21.8799991607666,0.0,22.075000762939453,20.920000076293945,21.15999984741211,0.0,1679500
2018-01-16,18.280000686645508,18.280000686645508,0.0,20.5,17.799999237060547,20.0,0.0,2898200
2018-01-17,17.760000228881836,17.760000228881836,0.0,18.100000381469727,16.040000915527344,17.5,0.0,4031700
2018-01-18,19.799999237060547,19.799999237060547,0.0,21.440000534057617,18.5,18.639999389648438,0.0,5540800
2018-01-19,19.90999984741211,19.90999984741211,0.0,20.479999542236328,19.5,20.389999389648438,0.0,1567000
2018-01-22,19.479999542236328,19.479999542236328,0.0,20.729999542236328,19.0,19.389999389648438,0.0,1671900
2018-01-23,19.600000381469727,19.600000381469727,0.0,20.110000610351562,18.6299991607666,19.510000228881836,0.0,1416900
2018-01-24,19.239999771118164,19.239999771118164,0.0,20.0,18.90999984741211,19.8799991607666,0.0,1038900
2018-01-25,17.90999984741211,17.90999984741211,0.0,19.149999618530273,17.799999237060547,18.950000762939453,0.0,1026500
2018-01-26,17.1299991607666,17.1299991607666,0.0,17.979999542236328,17.059999465942383,17.559999465942383,0.0,1056200
2018-01-29,15.229999542236328,15.229999542236328,0.0,17.0,15.100000381469727,16.850000381469727,0.0,1656600
2018-01-30,14.279999732971191,14.279999732971191,0.0,14.899999618530273,13.75,14.869999885559082,0.0,1665300
2018-01-31,13.75,13.75,0.0,15.670000076293945,13.359999656677246,14.5,0.0,1701600
2018-02-01,12.300000190734863,12.300000190734863,0.0,13.0,12.100000381469727,12.90999984741211,0.0,1953400
2018-02-02,12.15999984741211,12.15999984741211,0.0,12.75,11.600000381469727,12.079999923706055,0.0,1793400
2018-02-05,10.699999809265137,10.699999809265137,0.0,12.1899995803833,10.550000190734863,11.399999618530273,0.0,1493900
2018-02-06,12.949999809265137,12.949999809265137,0.0,13.489999771118164,10.399999618530273,10.399999618530273,0.0,2756700
2018-02-07,14.319999694824219,14.319999694824219,0.0,16.40999984741211,13.880000114440918,15.319999694824219,0.0,7206500
2018-02-08,14.890000343322754,14.890000343322754,0.0,15.899999618530273,14.25,15.800000190734863,0.0,2144100
2018-02-09,16.049999237060547,16.049999237060547,0.0,16.34000015258789,14.800000190734863,15.029999732971191,0.0,2522200
2018-02-12,17.540000915527344,17.540000915527344,0.0,18.139999389648438,16.56999969482422,16.56999969482422,0.0,3972600
2018-02-13,16.059999465942383,16.059999465942383,0.0,17.489999771118164,15.210000038146973,16.75,0.0,2853900
2018-02-14,16.59000015258789,16.59000015258789,0.0,17.399999618530273,16.5,17.200000762939453,0.0,1643900
2018-02-15,17.200000762939453,17.200000762939453,0.0,18.399999618530273,16.700000762939453,17.600000381469727,0.0,2700100
2018-02-16,11.460000038146973,11.460000038146973,0.0,15.199999809265137,10.550000190734863,14.09000015258789,0.0,12278400
2018-02-20,10.920000076293945,10.920000076293945,0.0,12.399999618530273,9.770000457763672,10.5,0.0,4636000
2018-02-21,10.600000381469727,10.600000381469727,0.0,11.390000343322754,10.5,10.699999809265137,0.0,1551700
2018-02-22,9.979999542236328,9.979999542236328,0.0,10.770000457763672,9.520000457763672,10.760000228881836,0.0,1809500
2018-02-23,10.270000457763672,10.270000457763672,0.0,10.4399995803833,9.815999984741211,9.850000381469727,0.0,1084200
2018-02-26,9.899999618530273,9.899999618530273,0.0,10.260000228881836,9.699999809265137,9.949999809265137,0.0,921100
2018-02-27,9.960000038146973,9.960000038146973,0.0,10.119999885559082,9.651000022888184,9.949999809265137,0.0,567900
2018-02-28,10.579999923706055,10.579999923706055,0.0,10.75,9.760000228881836,9.760000228881836,0.0,1229000
2018-03-01,10.130000114440918,10.130000114440918,0.0,10.720000267028809,9.90999984741211,9.930000305175781,0.0,1134100
2018-03-02,10.579999923706055,10.579999923706055,0.0,10.6899995803833,9.890000343322754,9.890000343322754,0.0,732400
2018-03-05,10.829999923706055,10.829999923706055,0.0,10.850000381469727,10.25,10.670000076293945,0.0,716900
2018-03-06,10.390000343322754,10.390000343322754,0.0,10.800000190734863,10.25,10.649999618530273,0.0,586400
2018-03-07,10.079999923706055,10.079999923706055,0.0,10.369999885559082,10.020000457763672,10.09000015258789,0.0,578600
2018-03-08,9.569999694824219,9.569999694824219,0.0,10.178999900817871,9.5600004196167,9.9399995803833,0.0,709700
2018-03-09,9.239999771118164,9.239999771118164,0.0,9.779999732971191,9.050000190734863,9.550000190734863,0.0,746700
2018-03-12,8.970000267028809,8.970000267028809,0.0,9.243000030517578,8.600000381469727,9.109999656677246,0.0,1322100
2018-03-13,8.699999809265137,8.699999809265137,0.0,8.920000076293945,8.539999961853027,8.829999923706055,0.0,565900
2018-03-14,8.149999618530273,8.149999618530273,0.0,8.699999809265137,8.050000190734863,8.300000190734863,0.0,727400
2018-03-15,7.510000228881836,7.510000228881836,0.0,8.289999961853027,7.329999923706055,8.119999885559082,0.0,1024000
2018-03-16,8.289999961853027,8.289999961853027,0.0,8.449999809265137,7.300000190734863,7.309999942779541,0.0,1203800
2018-03-19,8.420000076293945,8.420000076293945,0.0,8.75,7.849999904632568,8.119999885559082,0.0,1029600
2018-03-20,8.020000457763672,8.020000457763672,0.0,8.75,7.829999923706055,8.75,0.0,633900
2018-03-21,7.940000057220459,7.940000057220459,0.0,8.430000305175781,7.739999771118164,8.149999618530273,0.0,477300
2018-03-22,7.630000114440918,7.630000114440918,0.0,7.960000038146973,7.579999923706055,7.75,0.0,362400
2018-03-23,7.5,7.5,0.0,7.760000228881836,7.400000095367432,7.650000095367432,0.0,426900
2018-03-26,7.360000133514404,7.360000133514404,0.0,7.760000228881836,7.050000190734863,7.670000076293945,0.0,627100
2018-03-27,6.949999809265137,6.949999809265137,0.0,7.550000190734863,6.829999923706055,7.340000152587891,0.0,310000
2018-03-28,6.28000020980835,6.28000020980835,0.0,6.909999847412109,6.03000020980835,6.880000114440918,0.0,701400
2018-03-29,6.619999885559082,6.619999885559082,0.0,6.650000095367432,6.0,6.25,0.0,512300
2018-04-02,6.360000133514404,6.360000133514404,0.0,6.598999977111816,6.170000076293945,6.510000228881836,0.0,296500
2018-04-03,6.53000020980835,6.53000020980835,0.0,6.889999866485596,6.230999946594238,6.389999866485596,0.0,474500
2018-04-04,6.420000076293945,6.420000076293945,0.0,6.599999904632568,6.199999809265137,6.25,0.0,311000
2018-04-05,7.21999979019165,7.21999979019165,0.0,7.809999942779541,6.380000114440918,6.400000095367432,0.0,3419600
2018-04-06,6.639999866485596,6.639999866485596,0.0,7.769999980926514,6.53000020980835,7.179999828338623,0.0,1654500
2018-04-09,6.400000095367432,6.400000095367432,0.0,6.78000020980835,6.25,6.579999923706055,0.0,525200
2018-04-10,6.489999771118164,6.489999771118164,0.0,6.7270002365112305,6.353000164031982,6.409999847412109,0.0,432200
2018-04-11,6.619999885559082,6.619999885559082,0.0,7.099999904632568,6.349999904632568,6.349999904632568,0.0,564700
2018-04-12,7.46999979019165,7.46999979019165,0.0,8.199999809265137,7.119999885559082,7.349999904632568,0.0,4072800
2018-04-13,7.75,7.75,0.0,8.359999656677246,7.5,8.039999961853027,0.0,1567600
2018-04-16,7.309999942779541,7.309999942779541,0.0,7.699999809265137,7.059999942779541,7.699999809265137,0.0,595400
2018-04-17,7.300000190734863,7.300000190734863,0.0,7.869999885559082,7.289999961853027,7.320000171661377,0.0,635300
2018-04-18,6.869999885559082,6.869999885559082,0.0,7.190000057220459,6.840000152587891,6.949999809265137,0.0,745700
2018-04-19,6.699999809265137,6.699999809265137,0.0,6.75,6.25,6.75,0.0,745000
2018-04-20,6.650000095367432,6.650000095367432,0.0,6.949999809265137,6.560999870300293,6.659999847412109,0.0,454100
2018-04-23,6.550000190734863,6.550000190734863,0.0,6.89900016784668,6.460000038146973,6.659999847412109,0.0,356800
2018-04-24,7.579999923706055,7.579999923706055,0.0,7.65500020980835,6.639999866485596,6.900000095367432,0.0,1451300
2018-04-25,7.360000133514404,7.360000133514404,0.0,7.480000019073486,7.0,7.300000190734863,0.0,673500
2018-04-26,7.46999979019165,7.46999979019165,0.0,7.880000114440918,7.241000175476074,7.320000171661377,0.0,658200
2018-04-27,7.489999771118164,7.489999771118164,0.0,7.659999847412109,7.360000133514404,7.550000190734863,0.0,350400
2018-04-30,7.21999979019165,7.21999979019165,0.0,7.489999771118164,7.130000114440918,7.460000038146973,0.0,409800
2018-05-01,7.320000171661377,7.320000171661377,0.0,7.46999979019165,7.019999980926514,7.139999866485596,0.0,262300
2018-05-02,7.239999771118164,7.239999771118164,0.0,7.369999885559082,7.14300012588501,7.369999885559082,0.0,215600
2018-05-03,7.639999866485596,7.639999866485596,0.0,7.670000076293945,7.110000133514404,7.360000133514404,0.0,362000
2018-05-04,7.559999942779541,7.559999942779541,0.0,8.149999618530273,7.410999774932861,7.900000095367432,0.0,672300
2018-05-07,7.579999923706055,7.579999923706055,0.0,7.800000190734863,7.309999942779541,7.309999942779541,0.0,428700
2018-05-08,7.400000095367432,7.400000095367432,0.0,7.77400016784668,7.340000152587891,7.559999942779541,0.0,280800
2018-05-09,7.440000057220459,7.440000057220459,0.0,7.590000152587891,7.320000171661377,7.400000095367432,0.0,369800
2018-05-10,7.230000019073486,7.230000019073486,0.0,7.650000095367432,7.150000095367432,7.409999847412109,0.0,430400
2018-05-11,7.380000114440918,7.380000114440918,0.0,7.550000190734863,7.269999980926514,7.440000057220459,0.0,544400
2018-05-14,7.630000114440918,7.630000114440918,0.0,7.730000019073486,7.380000114440918,7.400000095367432,0.0,374900
2018-05-15,7.829999923706055,7.829999923706055,0.0,7.949999809265137,7.579999923706055,7.599999904632568,0.0,297400
2018-05-16,8.5,8.5,0.0,8.640000343322754,7.650000095367432,7.800000190734863,0.0,998300
2018-05-17,9.510000228881836,9.510000228881836,0.0,9.75,8.149999618530273,8.5,0.0,1868000
2018-05-18,9.0,9.0,0.0,9.479999542236328,8.569999694824219,9.479999542236328,0.0,1467100
2018-05-21,8.279999732971191,8.279999732971191,0.0,9.100000381469727,8.109999656677246,8.850000381469727,0.0,806500
2018-05-22,7.849999904632568,7.849999904632568,0.0,8.5,7.840000152587891,8.0600004196167,0.0,617100
2018-05-23,7.889999866485596,7.889999866485596,0.0,8.050000190734863,7.5,7.78000020980835,0.0,634400
2018-05-24,7.789999961853027,7.789999961853027,0.0,7.880000114440918,7.599999904632568,7.789999961853027,0.0,327600
2018-05-25,7.590000152587891,7.590000152587891,0.0,7.760000228881836,7.550000190734863,7.730000019073486,0.0,224400
2018-05-29,7.079999923706055,7.079999923706055,0.0,7.559999942779541,7.0,7.53000020980835,0.0,516300
2018-05-30,6.96999979019165,6.96999979019165,0.0,7.150000095367432,6.820000171661377,7.079999923706055,0.0,409100
2018-05-31,6.980000019073486,6.980000019073486,0.0,7.110000133514404,6.820000171661377,6.96999979019165,0.0,238100
2018-06-01,7.389999866485596,7.389999866485596,0.0,7.699999809265137,6.929999828338623,6.929999828338623,0.0,1010600
2018-06-04,7.730000019073486,7.730000019073486,0.0,8.149999618530273,7.5,7.590000152587891,0.0,689000
2018-06-05,7.800000190734863,7.800000190734863,0.0,8.029999732971191,7.610000133514404,7.730000019073486,0.0,298300
2018-06-06,7.78000020980835,7.78000020980835,0.0,8.0,7.75,7.789999961853027,0.0,325700
2018-06-07,7.650000095367432,7.650000095367432,0.0,7.920000076293945,7.5,7.710000038146973,0.0,220400
2018-06-08,7.710000038146973,7.710000038146973,0.0,7.875,7.409999847412109,7.610000133514404,0.0,188500
2018-06-11,7.440000057220459,7.440000057220459,0.0,7.679999828338623,7.199999809265137,7.610000133514404,0.0,336000
2018-06-12,7.360000133514404,7.360000133514404,0.0,7.744999885559082,7.349999904632568,7.5,0.0,245300
2018-06-13,7.260000228881836,7.260000228881836,0.0,7.473999977111816,7.210000038146973,7.309999942779541,0.0,232700
2018-06-14,7.539999961853027,7.539999961853027,0.0,7.699999809265137,7.25,7.25,0.0,283300
2018-06-15,7.400000095367432,7.400000095367432,0.0,7.570000171661377,7.260000228881836,7.409999847412109,0.0,248200
2018-06-18,7.380000114440918,7.380000114440918,0.0,7.519999980926514,7.260000228881836,7.260000228881836,0.0,214100
2018-06-19,7.320000171661377,7.320000171661377,0.0,7.480000019073486,7.159999847412109,7.329999923706055,0.0,163400
2018-06-20,7.349999904632568,7.349999904632568,0.0,7.599999904632568,7.21999979019165,7.230000019073486,0.0,245900
2018-06-21,7.269999980926514,7.269999980926514,0.0,7.75,7.010000228881836,7.670000076293945,0.0,426600
2018-06-22,6.880000114440918,6.880000114440918,0.0,7.238999843597412,6.820000171661377,7.150000095367432,0.0,539100
2018-06-25,6.570000171661377,6.570000171661377,0.0,6.849999904632568,6.409999847412109,6.800000190734863,0.0,509400
2018-06-26,6.800000190734863,6.800000190734863,0.0,7.110000133514404,6.539999961853027,6.579999923706055,0.0,343600
2018-06-27,6.590000152587891,6.590000152587891,0.0,6.929999828338623,6.53000020980835,6.800000190734863,0.0,226700
2018-06-28,6.559999942779541,6.559999942779541,0.0,6.71999979019165,6.38100004196167,6.550000190734863,0.0,239000
2018-06-29,6.340000152587891,6.340000152587891,0.0,6.75,6.28000020980835,6.650000095367432,0.0,316800
2018-07-02,6.380000114440918,6.380000114440918,0.0,6.880000114440918,6.28000020980835,6.28000020980835,0.0,482000
2018-07-03,6.25,6.25,0.0,6.488999843597412,6.111000061035156,6.460000038146973,0.0,272800
2018-07-05,6.010000228881836,6.010000228881836,0.0,6.39900016784668,6.0,6.28000020980835,0.0,510700
2018-07-06,5.150000095367432,5.150000095367432,0.0,6.079999923706055,5.035999774932861,6.010000228881836,0.0,1242000
2018-07-09,4.864999771118164,4.864999771118164,0.0,5.289999961853027,4.800000190734863,5.289999961853027,0.0,902300
2018-07-10,4.650000095367432,4.650000095367432,0.0,4.945000171661377,4.489999771118164,4.920000076293945,0.0,779700
2018-07-11,4.679999828338623,4.679999828338623,0.0,4.900000095367432,4.409999847412109,4.550000190734863,0.0,490400
2018-07-12,4.570000171661377,4.570000171661377,0.0,4.807000160217285,4.46999979019165,4.730000019073486,0.0,295900
2018-07-13,4.659999847412109,4.659999847412109,0.0,4.798999786376953,4.429999828338623,4.599999904632568,0.0,237100
2018-07-16,4.570000171661377,4.570000171661377,0.0,4.789000034332275,4.550000190734863,4.639999866485596,0.0,200400
2018-07-17,6.289999961853027,6.289999961853027,0.0,6.599999904632568,4.570000171661377,4.599999904632568,0.0,8344400
2018-07-18,5.730000019073486,5.730000019073486,0.0,6.460000038146973,5.599999904632568,6.130000114440918,0.0,5603600
2018-07-19,6.070000171661377,6.070000171661377,0.0,6.300000190734863,5.769999980926514,5.769999980926514,0.0,2385000
2018-07-20,5.900000095367432,5.900000095367432,0.0,6.639999866485596,5.809999942779541,6.059999942779541,0.0,2510500
2018-07-23,6.590000152587891,6.590000152587891,0.0,6.699999809265137,6.070000171661377,6.289999961853027,0.0,3070500
2018-07-24,8.399999618530273,8.399999618530273,0.0,8.555000305175781,7.150000095367432,7.590000152587891,0.0,13595300
2018-07-25,7.980000019073486,7.980000019073486,0.0,8.270000457763672,7.380000114440918,7.880000114440918,0.0,3911300
2018-07-26,7.900000095367432,7.900000095367432,0.0,8.180000305175781,7.800000190734863,7.920000076293945,0.0,1115200
2018-07-27,7.590000152587891,7.590000152587891,0.0,7.809999942779541,7.03000020980835,7.489999771118164,0.0,2144400
2018-07-30,7.619999885559082,7.619999885559082,0.0,7.639999866485596,7.170000076293945,7.599999904632568,0.0,870400
2018-07-31,6.489999771118164,6.489999771118164,0.0,7.519999980926514,6.460000038146973,7.369999885559082,0.0,1569000
2018-08-01,6.429999828338623,6.429999828338623,0.0,6.679999828338623,6.300000190734863,6.679999828338623,0.0,760000
2018-08-02,6.789999961853027,6.789999961853027,0.0,6.800000190734863,6.300000190734863,6.329999923706055,0.0,1270700
2018-08-03,6.829999923706055,6.829999923706055,0.0,7.170000076293945,6.329999923706055,6.329999923706055,0.0,1245100
2018-08-06,6.800000190734863,6.800000190734863,0.0,6.96999979019165,6.519999980926514,6.809999942779541,0.0,564300
2018-08-07,6.929999828338623,6.929999828338623,0.0,7.150000095367432,6.861000061035156,7.150000095367432,0.0,643900
2018-08-08,6.730000019073486,6.730000019073486,0.0,6.800000190734863,6.552999973297119,6.630000114440918,0.0,612500
2018-08-09,6.800000190734863,6.800000190734863,0.0,7.050000190734863,6.599999904632568,6.599999904632568,0.0,511700
2018-08-10,6.960000038146973,6.960000038146973,0.0,7.300000190734863,6.800000190734863,6.869999885559082,0.0,762400
2018-08-13,6.710000038146973,6.710000038146973,0.0,6.948999881744385,6.630000114440918,6.880000114440918,0.0,385100
2018-08-14,6.650000095367432,6.650000095367432,0.0,6.940000057220459,6.610000133514404,6.650000095367432,0.0,341300
2018-08-15,5.349999904632568,5.349999904632568,0.0,6.630000114440918,5.340000152587891,6.5,0.0,1468300
2018-08-16,5.389999866485596,5.389999866485596,0.0,5.53000020980835,4.760000228881836,5.070000171661377,0.0,1032300
2018-08-17,5.369999885559082,5.369999885559082,0.0,5.590000152587891,5.300000190734863,5.510000228881836,0.0,255900
2018-08-20,5.309999942779541,5.309999942779541,0.0,5.449999809265137,4.949999809265137,5.360000133514404,0.0,425100
2018-08-21,5.309999942779541,5.309999942779541,0.0,5.449999809265137,5.21999979019165,5.340000152587891,0.0,366100
2018-08-22,5.630000114440918,5.630000114440918,0.0,5.880000114440918,5.360000133514404,5.360000133514404,0.0,604600
2018-08-23,5.46999979019165,5.46999979019165,0.0,5.690000057220459,5.449999809265137,5.630000114440918,0.0,390200
2018-08-24,5.5,5.5,0.0,5.730000019073486,5.400000095367432,5.429999828338623,0.0,330500
2018-08-27,5.760000228881836,5.760000228881836,0.0,6.070000171661377,5.550000190734863,5.630000114440918,0.0,980900
2018-08-28,6.309999942779541,6.309999942779541,0.0,6.46999979019165,6.010000228881836,6.179999828338623,0.0,1369300
2018-08-29,6.21999979019165,6.21999979019165,0.0,6.436999797821045,6.050000190734863,6.429999828338623,0.0,508400
2018-08-30,6.099999904632568,6.099999904632568,0.0,6.25,5.940000057220459,6.099999904632568,0.0,365000
2018-08-31,6.300000190734863,6.300000190734863,0.0,6.439000129699707,6.050000190734863,6.070000171661377,0.0,412400
2018-09-04,6.190000057220459,6.190000057220459,0.0,6.789999961853027,6.130000114440918,6.539999961853027,0.0,871300
2018-09-05,5.710000038146973,5.710000038146973,0.0,6.050000190734863,5.570000171661377,6.050000190734863,0.0,558900
2018-09-06,5.679999828338623,5.679999828338623,0.0,5.800000190734863,5.559999942779541,5.739999771118164,0.0,285800
2018-09-07,4.300000190734863,4.300000190734863,0.0,5.820000171661377,4.28000020980835,5.650000095367432,0.0,1781200
2018-09-10,4.5,4.5,0.0,4.650000095367432,4.349999904632568,4.360000133514404,0.0,697000
2018-09-11,4.289999961853027,4.289999961853027,0.0,4.510000228881836,4.111000061035156,4.460000038146973,0.0,603000
2018-09-12,3.740000009536743,3.740000009536743,0.0,4.297999858856201,3.609999895095825,4.230000019073486,0.0,1145000
2018-09-13,3.799999952316284,3.799999952316284,0.0,3.930999994277954,3.609999895095825,3.75,0.0,826300
2018-09-14,3.940000057220459,3.940000057220459,0.0,3.940000057220459,3.630000114440918,3.759999990463257,0.0,506900
2018-09-17,3.809999942779541,3.809999942779541,0.0,3.940000057220459,3.7300000190734863,3.9200000762939453,0.0,384500
2018-09-18,3.890000104904175,3.890000104904175,0.0,3.930000066757202,3.809999942779541,3.819999933242798,0.0,201200
2018-09-19,4.119999885559082,4.119999885559082,0.0,4.170000076293945,3.7799999713897705,3.7799999713897705,0.0,446700
2018-09-20,4.090000152587891,4.090000152587891,0.0,4.159999847412109,4.010000228881836,4.159999847412109,0.0,296500
2018-09-21,3.990000009536743,3.990000009536743,0.0,4.289999961853027,3.940000057220459,4.28000020980835,0.0,536900
2018-09-24,4.079999923706055,4.079999923706055,0.0,4.139999866485596,3.9210000038146973,3.950000047683716,0.0,279600
2018-09-25,3.950000047683716,3.950000047683716,0.0,4.090000152587891,3.950000047683716,4.070000171661377,0.0,226800
2018-09-26,3.819999933242798,3.819999933242798,0.0,3.990000009536743,3.700000047683716,3.950000047683716,0.0,348900
2018-09-27,3.7799999713897705,3.7799999713897705,0.0,3.869999885559082,3.75,3.8299999237060547,0.0,230400
2018-09-28,3.6500000953674316,3.6500000953674316,0.0,3.8499999046325684,3.5299999713897705,3.7799999713897705,0.0,312300
2018-10-01,3.450000047683716,3.450000047683716,0.0,3.759000062942505,3.359999895095825,3.740000009536743,0.0,537000
2018-10-02,3.4200000762939453,3.4200000762939453,0.0,3.5,3.359999895095825,3.4000000953674316,0.0,222400
2018-10-03,3.431999921798706,3.431999921798706,0.0,3.4700000286102295,3.299999952316284,3.4600000381469727,0.0,312900
2018-10-04,3.359999895095825,3.359999895095825,0.0,3.48799991607666,3.299999952316284,3.440000057220459,0.0,140700
2018-10-05,3.0199999809265137,3.0199999809265137,0.0,3.4600000381469727,2.9100000858306885,3.3399999141693115,0.0,511000
2018-10-08,2.8499999046325684,2.8499999046325684,0.0,3.117000102996826,2.8299999237060547,3.0199999809265137,0.0,359300
2018-10-09,2.7100000381469727,2.7100000381469727,0.0,2.884000062942505,2.6700000762939453,2.8499999046325684,0.0,348600
2018-10-10,2.1700000762939453,2.1700000762939453,0.0,2.7300000190734863,2.1500000953674316,2.7200000286102295,0.0,919500
2018-10-11,2.1600000858306885,2.1600000858306885,0.0,2.319999933242798,2.1500000953674316,2.1500000953674316,0.0,662000
2018-10-12,2.569999933242798,2.569999933242798,0.0,3.109999895095825,2.2200000286102295,2.2200000286102295,0.0,4990700
2018-10-15,2.700000047683716,2.700000047683716,0.0,2.890000104904175,2.621999979019165,2.799999952316284,0.0,949300
2018-10-16,2.9600000381469727,2.9600000381469727,0.0,2.990000009536743,2.5999999046325684,2.8299999237060547,0.0,765100
2018-10-17,2.7200000286102295,2.7200000286102295,0.0,2.9800000190734863,2.619999885559082,2.9800000190734863,0.0,667300
2018-10-18,2.5299999713897705,2.5299999713897705,0.0,2.700000047683716,2.4600000381469727,2.6500000953674316,0.0,360300
2018-10-19,2.4800000190734863,2.4800000190734863,0.0,2.7200000286102295,2.4100000858306885,2.5399999618530273,0.0,399300
2018-10-22,2.390000104904175,2.390000104904175,0.0,2.5299999713897705,2.299999952316284,2.4700000286102295,0.0,383500
2018-10-23,2.4000000953674316,2.4000000953674316,0.0,2.430000066757202,2.2070000171661377,2.309999942779541,0.0,335900
2018-10-24,2.369999885559082,2.369999885559082,0.0,2.680000066757202,2.3499999046325684,2.4100000858306885,0.0,726800
2018-10-25,2.4200000762939453,2.4200000762939453,0.0,2.4800000190734863,2.359999895095825,2.380000114440918,0.0,206700
2018-10-26,2.5199999809265137,2.5199999809265137,0.0,2.6500000953674316,2.380000114440918,2.390000104904175,0.0,256300
2018-10-29,2.4100000858306885,2.4100000858306885,0.0,2.6500000953674316,2.380000114440918,2.5399999618530273,0.0,296400
2018-10-30,2.2799999713897705,2.2799999713897705,0.0,2.5,2.25,2.4200000762939453,0.0,206700
2018-10-31,2.359999895095825,2.359999895095825,0.0,2.4000000953674316,2.25,2.369999885559082,0.0,260900
2018-11-01,2.559999942779541,2.559999942779541,0.0,2.5899999141693115,2.369999885559082,2.369999885559082,0.0,395400
2018-11-02,2.5399999618530273,2.5399999618530273,0.0,2.690000057220459,2.450000047683716,2.5899999141693115,0.0,316700
2018-11-05,2.509999990463257,2.509999990463257,0.0,2.690000057220459,2.509999990463257,2.5299999713897705,0.0,280300
2018-11-06,2.950000047683716,2.950000047683716,0.0,3.3299999237060547,2.502000093460083,2.5199999809265137,0.0,2702300
2018-11-07,2.9000000953674316,2.9000000953674316,0.0,3.119999885559082,2.7239999771118164,3.0199999809265137,0.0,891300
2018-11-08,2.569999933242798,2.569999933242798,0.0,2.880000114440918,2.5299999713897705,2.880000114440918,0.0,622600
2018-11-09,2.559999942779541,2.559999942779541,0.0,2.6619999408721924,2.5199999809265137,2.619999885559082,0.0,253600
2018-11-12,2.359999895095825,2.359999895095825,0.0,2.617000102996826,2.299999952316284,2.5399999618530273,0.0,402700
2018-11-13,2.5,2.5,0.0,2.5260000228881836,2.3299999237060547,2.3299999237060547,0.0,273300
2018-11-14,2.200000047683716,2.200000047683716,0.0,2.5980000495910645,2.200000047683716,2.5,0.0,494300
2018-11-15,2.244999885559082,2.244999885559082,0.0,2.3499999046325684,2.1500000953674316,2.25,0.0,347300
2018-11-16,2.190000057220459,2.190000057220459,0.0,2.369999885559082,2.1700000762939453,2.2899999618530273,0.0,256900
2018-11-19,1.8899999856948853,1.8899999856948853,0.0,2.240000009536743,1.8600000143051147,2.1700000762939453,0.0,734300
2018-11-20,1.850000023841858,1.850000023841858,0.0,1.850000023841858,1.649999976158142,1.8200000524520874,0.0,501200
2018-11-21,1.909999966621399,1.909999966621399,0.0,1.9700000286102295,1.8509999513626099,1.909999966621399,0.0,329400
2018-11-23,1.850000023841858,1.850000023841858,0.0,1.9800000190734863,1.809999942779541,1.909999966621399,0.0,212800
2018-11-26,1.8300000429153442,1.8300000429153442,0.0,2.0,1.7699999809265137,2.0,0.0,244200
2018-11-27,1.7699999809265137,1.7699999809265137,0.0,1.8899999856948853,1.7000000476837158,1.7699999809265137,0.0,196800
2018-11-28,2.0899999141693115,2.0899999141693115,0.0,2.5,1.909999966621399,2.0,0.0,2223300
2018-11-29,1.9500000476837158,1.9500000476837158,0.0,2.3399999141693115,1.9199999570846558,2.200000047683716,0.0,1113500
2018-11-30,1.8600000143051147,1.8600000143051147,0.0,1.9500000476837158,1.7599999904632568,1.899999976158142,0.0,681400
2018-12-03,1.8300000429153442,1.8300000429153442,0.0,1.9299999475479126,1.75,1.9299999475479126,0.0,300100
2018-12-04,1.7599999904632568,1.7599999904632568,0.0,1.899999976158142,1.75,1.899999976158142,0.0,311700
2018-12-06,1.7899999618530273,1.7899999618530273,0.0,1.850000023841858,1.7000000476837158,1.7999999523162842,0.0,317300
2018-12-07,1.7300000190734863,1.7300000190734863,0.0,1.819000005722046,1.7100000381469727,1.7200000286102295,0.0,211700
2018-12-10,1.690000057220459,1.690000057220459,0.0,1.7699999809265137,1.6799999475479126,1.7599999904632568,0.0,157900
2018-12-11,1.5399999618530273,1.5399999618530273,0.0,1.7300000190734863,1.4900000095367432,1.7000000476837158,0.0,521400
2018-12-12,1.6050000190734863,1.6050000190734863,0.0,1.7000000476837158,1.4930000305175781,1.5,0.0,680600
2018-12-13,1.5399999618530273,1.5399999618530273,0.0,1.600000023841858,1.4500000476837158,1.5099999904632568,0.0,326500
2018-12-14,1.350000023841858,1.350000023841858,0.0,1.5299999713897705,1.350000023841858,1.4800000190734863,0.0,438000
2018-12-17,1.7899999618530273,1.7899999618530273,0.0,1.850000023841858,1.409999966621399,1.409999966621399,0.0,1454900
2018-12-18,1.7699999809265137,1.7699999809265137,0.0,2.0299999713897705,1.7000000476837158,1.940000057220459,0.0,1329600
2018-12-19,1.8899999856948853,1.8899999856948853,0.0,2.2799999713897705,1.7699999809265137,2.069999933242798,0.0,5309900
2018-12-20,1.7100000381469727,1.7100000381469727,0.0,2.0299999713897705,1.6610000133514404,2.0,0.0,1198100
2018-12-21,1.5,1.5,0.0,1.7400000095367432,1.409999966621399,1.6399999856948853,0.0,941900
2018-12-24,1.440000057220459,1.440000057220459,0.0,1.600000023841858,1.3930000066757202,1.5199999809265137,0.0,494400
2018-12-26,1.4900000095367432,1.4900000095367432,0.0,1.5,1.2899999618530273,1.4600000381469727,0.0,942200
2018-12-27,1.6399999856948853,1.6399999856948853,0.0,1.649999976158142,1.399999976158142,1.399999976158142,0.0,1094700
2018-12-28,1.5700000524520874,1.5700000524520874,0.0,1.6799999475479126,1.5149999856948853,1.6799999475479126,0.0,712700
2018-12-31,1.5099999904632568,1.5099999904632568,0.0,1.600000023841858,1.4500000476837158,1.5800000429153442,0.0,538400
2019-01-02,1.7100000381469727,1.7100000381469727,0.0,1.75,1.5,1.5099999904632568,0.0,576000
2019-01-03,1.5399999618530273,1.5399999618530273,0.0,1.75,1.5199999809265137,1.7300000190734863,0.0,457400
2019-01-04,1.649999976158142,1.649999976158142,0.0,1.6699999570846558,1.559999942779541,1.6100000143051147,0.0,297800
2019-01-07,1.6299999952316284,1.6299999952316284,0.0,1.75,1.5099999904632568,1.6799999475479126,0.0,561800
2019-01-08,1.7000000476837158,1.7000000476837158,0.0,1.8170000314712524,1.63100004196167,1.6699999570846558,0.0,587600
2019-01-09,1.7300000190734863,1.7300000190734863,0.0,1.7899999618530273,1.6699999570846558,1.7100000381469727,0.0,263700
2019-01-10,1.6299999952316284,1.6299999952316284,0.0,1.7000000476837158,1.600000023841858,1.6799999475479126,0.0,382700
2019-01-11,1.6200000047683716,1.6200000047683716,0.0,1.6799999475479126,1.600000023841858,1.649999976158142,0.0,177600
2019-01-14,1.6200000047683716,1.6200000047683716,0.0,1.649999976158142,1.5800000429153442,1.600000023841858,0.0,212200
2019-01-15,1.6200000047683716,1.6200000047683716,0.0,1.659999966621399,1.600000023841858,1.6299999952316284,0.0,281700
2019-01-16,1.600000023841858,1.600000023841858,0.0,1.649999976158142,1.600000023841858,1.6299999952316284,0.0,144700
2019-01-17,1.5499999523162842,1.5499999523162842,0.0,1.6299999952316284,1.5499999523162842,1.6100000143051147,0.0,150600
2019-01-18,1.6299999952316284,1.6299999952316284,0.0,1.690000057220459,1.5399999618530273,1.600000023841858,0.0,435100
2019-01-22,1.5700000524520874,1.5700000524520874,0.0,1.6670000553131104,1.5499999523162842,1.659999966621399,0.0,264000
2019-01-23,1.8200000524520874,1.8200000524520874,0.0,1.9700000286102295,1.593000054359436,1.600000023841858,0.0,879400
2019-01-24,1.8899999856948853,1.8899999856948853,0.0,2.009999990463257,1.7999999523162842,1.8200000524520874,0.0,872500
2019-01-25,1.7599999904632568,1.7599999904632568,0.0,1.940000057220459,1.6799999475479126,1.8700000047683716,0.0,395900
2019-01-28,1.7000000476837158,1.7000000476837158,0.0,1.75,1.649999976158142,1.7400000095367432,0.0,218100
2019-01-29,1.7899999618530273,1.7899999618530273,0.0,1.8600000143051147,1.6710000038146973,1.6799999475479126,0.0,303700
2019-01-30,1.840000033378601,1.840000033378601,0.0,1.9199999570846558,1.7899999618530273,1.7999999523162842,0.0,328200
2019-01-31,1.850000023841858,1.850000023841858,0.0,1.9299999475479126,1.809999942779541,1.8200000524520874,0.0,308900
2019-02-01,1.809999942779541,1.809999942779541,0.0,1.899999976158142,1.7599999904632568,1.8300000429153442,0.0,181400
2019-02-04,1.9199999570846558,1.9199999570846558,0.0,2.0999999046325684,1.8040000200271606,1.8200000524520874,0.0,785900
2019-02-05,1.9500000476837158,1.9500000476837158,0.0,2.049999952316284,1.9199999570846558,2.0299999713897705,0.0,431200
2019-02-06,1.8899999856948853,1.8899999856948853,0.0,2.009999990463257,1.8300000429153442,2.009999990463257,0.0,228800
2019-02-07,1.909999966621399,1.909999966621399,0.0,2.0,1.8700000047683716,1.909999966621399,0.0,213700
2019-02-08,2.369999885559082,2.369999885559082,0.0,2.450000047683716,1.899999976158142,1.909999966621399,0.0,3485600
2019-02-11,2.119999885559082,2.119999885559082,0.0,2.369999885559082,1.9900000095367432,2.369999885559082,0.0,1068200
2019-02-12,2.2100000381469727,2.2100000381469727,0.0,2.2100000381469727,2.0799999237060547,2.190000057220459,0.0,330200
2019-02-13,2.109999895095825,2.109999895095825,0.0,2.2179999351501465,2.059999942779541,2.1500000953674316,0.0,462700
2019-02-14,2.259999990463257,2.259999990463257,0.0,2.4000000953674316,2.0799999237060547,2.109999895095825,0.0,1290000
2019-02-15,2.4700000286102295,2.4700000286102295,0.0,2.4800000190734863,2.259999990463257,2.3299999237060547,0.0,1013300
2019-02-19,3.3299999237060547,3.3299999237060547,0.0,4.239999771118164,2.9000000953674316,2.940000057220459,0.0,20132800
2019-02-20,3.740000009536743,3.740000009536743,0.0,4.070000171661377,3.2300000190734863,3.3499999046325684,0.0,12586300
2019-02-21,3.5199999809265137,3.5199999809265137,0.0,3.9000000953674316,3.390000104904175,3.75,0.0,3356700
2019-02-22,3.950000047683716,3.950000047683716,0.0,4.039999961853027,3.5999999046325684,3.75,0.0,4107600
2019-02-25,3.5899999141693115,3.5899999141693115,0.0,3.940000057220459,3.549999952316284,3.75,0.0,2556000
2019-02-26,3.5999999046325684,3.5999999046325684,0.0,3.740000009536743,3.559999942779541,3.5899999141693115,0.0,856600
2019-02-27,3.2100000381469727,3.2100000381469727,0.0,3.6500000953674316,3.0,3.6500000953674316,0.0,1684800
2019-02-28,3.200000047683716,3.200000047683716,0.0,3.440000057220459,3.0399999618530273,3.25,0.0,1039400
2019-03-01,3.259999990463257,3.259999990463257,0.0,3.4800000190734863,3.1700000762939453,3.200000047683716,0.0,1034500
2019-03-04,3.0,3.0,0.0,3.240000009536743,2.8499999046325684,3.1700000762939453,0.0,1139600
2019-03-05,3.390000104904175,3.390000104904175,0.0,3.440999984741211,3.1600000858306885,3.319999933242798,0.0,1460700
2019-03-06,3.2300000190734863,3.2300000190734863,0.0,3.430000066757202,3.2200000286102295,3.3499999046325684,0.0,593900
2019-03-07,3.490000009536743,3.490000009536743,0.0,3.619999885559082,3.109999895095825,3.2300000190734863,0.0,1090700
2019-03-08,3.690000057220459,3.690000057220459,0.0,3.690000057220459,3.4600000381469727,3.490000009536743,0.0,1819600
2019-03-11,3.549999952316284,3.549999952316284,0.0,3.7200000286102295,3.5,3.609999895095825,0.0,709100
2019-03-12,3.3499999046325684,3.3499999046325684,0.0,3.6500000953674316,3.191999912261963,3.6500000953674316,0.0,872400
2019-03-13,3.3399999141693115,3.3399999141693115,0.0,3.4100000858306885,3.200000047683716,3.299999952316284,0.0,486400
2019-03-14,3.4000000953674316,3.4000000953674316,0.0,3.430000066757202,3.25,3.299999952316284,0.0,557300
2019-03-15,3.7300000190734863,3.7300000190734863,0.0,3.75,3.380000114440918,3.4200000762939453,0.0,1376100
2019-03-18,3.880000114440918,3.880000114440918,0.0,4.340000152587891,3.75,4.099999904632568,0.0,2983500
2019-03-19,3.990000009536743,3.990000009536743,0.0,4.099999904632568,3.759999990463257,3.9600000381469727,0.0,987700
2019-03-20,3.9600000381469727,3.9600000381469727,0.0,4.232999801635742,3.859999895095825,4.079999923706055,0.0,1282500
2019-03-21,3.700000047683716,3.700000047683716,0.0,4.139999866485596,3.549999952316284,4.0,0.0,1574600
2019-03-22,3.450000047683716,3.450000047683716,0.0,3.7100000381469727,3.4000000953674316,3.6600000858306885,0.0,880600
2019-03-25,3.119999885559082,3.119999885559082,0.0,3.4110000133514404,3.0,3.4100000858306885,0.0,1198600
2019-03-26,3.130000114440918,3.130000114440918,0.0,3.3499999046325684,3.009999990463257,3.240000009536743,0.0,511000
2019-03-27,3.1600000858306885,3.1600000858306885,0.0,3.240000009536743,3.009999990463257,3.2200000286102295,0.0,959000
2019-03-28,3.140000104904175,3.140000104904175,0.0,3.190000057220459,3.062999963760376,3.140000104904175,0.0,295500
2019-03-29,3.2699999809265137,3.2699999809265137,0.0,3.430000066757202,3.2039999961853027,3.240000009536743,0.0,999000
2019-04-01,3.5399999618530273,3.5399999618530273,0.0,3.7699999809265137,3.361999988555908,3.369999885559082,0.0,1431300
2019-04-02,4.340000152587891,4.340000152587891,0.0,5.150000095367432,4.059999942779541,4.659999847412109,0.0,10791900
2019-04-03,4.860000133514404,4.860000133514404,0.0,5.139999866485596,4.510000228881836,4.650000095367432,0.0,6874800
2019-04-04,4.199999809265137,4.199999809265137,0.0,4.78000020980835,4.139999866485596,4.599999904632568,0.0,2529700
2019-04-05,4.460000038146973,4.460000038146973,0.0,4.75,4.360000133514404,4.5,0.0,3073900
2019-04-08,4.599999904632568,4.599999904632568,0.0,4.889999866485596,4.539999961853027,4.659999847412109,0.0,2292900
2019-04-09,4.429999828338623,4.429999828338623,0.0,4.639999866485596,4.360000133514404,4.579999923706055,0.0,768300
2019-04-10,4.889999866485596,4.889999866485596,0.0,4.949999809265137,4.460000038146973,4.630000114440918,0.0,2241100
2019-04-11,4.579999923706055,4.579999923706055,0.0,4.670000076293945,4.360000133514404,4.539999961853027,0.0,1186000
2019-04-12,4.610000133514404,4.610000133514404,0.0,4.840000152587891,4.559999942779541,4.650000095367432,0.0,793800
2019-04-15,4.710000038146973,4.710000038146973,0.0,4.940999984741211,4.559999942779541,4.650000095367432,0.0,1835000
2019-04-16,4.929999828338623,4.929999828338623,0.0,4.949999809265137,4.550000190734863,4.760000228881836,0.0,1724700
2019-04-17,4.900000095367432,4.900000095367432,0.0,5.420000076293945,4.820000171661377,4.929999828338623,0.0,3004400
2019-04-18,5.400000095367432,5.400000095367432,0.0,5.409999847412109,4.929999828338623,5.0,0.0,1849800
2019-04-22,5.519999980926514,5.519999980926514,0.0,5.670000076293945,5.098999977111816,5.300000190734863,0.0,1824400
2019-04-23,6.019999980926514,6.019999980926514,0.0,6.139999866485596,5.650000095367432,5.800000190734863,0.0,3205000
2019-04-24,5.800000190734863,5.800000190734863,0.0,5.949999809265137,5.559999942779541,5.75,0.0,1768900
2019-04-25,5.889999866485596,5.889999866485596,0.0,5.929999828338623,5.650000095367432,5.75,0.0,1146300
2019-04-26,5.230000019073486,5.230000019073486,0.0,5.75,5.150000095367432,5.599999904632568,0.0,1726600
2019-04-29,5.179999828338623,5.179999828338623,0.0,5.349999904632568,5.019999980926514,5.230000019073486,0.0,799100
2019-04-30,5.269999980926514,5.269999980926514,0.0,5.53000020980835,5.199999809265137,5.329999923706055,0.0,949700
2019-05-01,4.710000038146973,4.710000038146973,0.0,5.449999809265137,4.599999904632568,5.360000133514404,0.0,1623500
2019-05-02,4.440000057220459,4.440000057220459,0.0,4.849999904632568,4.199999809265137,4.820000171661377,0.0,1516300
2019-05-03,4.670000076293945,4.670000076293945,0.0,5.039999961853027,4.610000133514404,4.730000019073486,0.0,1915900
2019-05-06,4.610000133514404,4.610000133514404,0.0,4.659999847412109,4.300000190734863,4.5,0.0,916900
2019-05-07,4.190000057220459,4.190000057220459,0.0,4.797999858856201,4.179999828338623,4.730000019073486,0.0,1592200
2019-05-08,4.090000152587891,4.090000152587891,0.0,4.296000003814697,4.03000020980835,4.21999979019165,0.0,891300
2019-05-09,3.630000114440918,3.630000114440918,0.0,4.123000144958496,3.549999952316284,4.099999904632568,0.0,2120100
2019-05-10,4.039999961853027,4.039999961853027,0.0,4.400000095367432,3.5399999618530273,3.6600000858306885,0.0,2195300
2019-05-13,4.449999809265137,4.449999809265137,0.0,4.880000114440918,4.260000228881836,4.449999809265137,0.0,6235700
2019-05-14,4.230000019073486,4.230000019073486,0.0,4.849999904632568,4.03000020980835,4.650000095367432,0.0,3232700
2019-05-15,4.510000228881836,4.510000228881836,0.0,4.550000190734863,4.170000076293945,4.300000190734863,0.0,1421800
2019-05-16,4.309999942779541,4.309999942779541,0.0,4.570000171661377,4.170000076293945,4.25,0.0,1163600
2019-05-17,4.070000171661377,4.070000171661377,0.0,4.199999809265137,3.9000000953674316,3.9700000286102295,0.0,1478400
2019-05-20,4.159999847412109,4.159999847412109,0.0,4.300000190734863,4.039999961853027,4.25,0.0,936200
2019-05-21,4.099999904632568,4.099999904632568,0.0,4.239999771118164,4.060999870300293,4.159999847412109,0.0,785800
2019-05-22,4.050000190734863,4.050000190734863,0.0,4.170000076293945,3.930000066757202,4.099999904632568,0.0,787300
2019-05-23,3.7899999618530273,3.7899999618530273,0.0,3.930000066757202,3.6710000038146973,3.8499999046325684,0.0,863000
2019-05-24,3.859999895095825,3.859999895095825,0.0,3.940000057220459,3.6500000953674316,3.9200000762939453,0.0,970500
2019-05-28,3.490000009536743,3.490000009536743,0.0,4.03000020980835,3.4100000858306885,3.9200000762939453,0.0,1703000
2019-05-29,3.450000047683716,3.450000047683716,0.0,3.490000009536743,3.190000057220459,3.4200000762939453,0.0,1223800
2019-05-30,3.1700000762939453,3.1700000762939453,0.0,3.4000000953674316,3.0999999046325684,3.3499999046325684,0.0,1134000
2019-05-31,3.240000009536743,3.240000009536743,0.0,3.359999895095825,3.059999942779541,3.1500000953674316,0.0,678900
2019-06-03,3.1600000858306885,3.1600000858306885,0.0,3.259999990463257,3.069999933242798,3.1700000762939453,0.0,516400
2019-06-04,3.1600000858306885,3.1600000858306885,0.0,3.2300000190734863,3.0799999237060547,3.0899999141693115,0.0,492100
2019-06-05,2.9100000858306885,2.9100000858306885,0.0,3.200000047683716,2.75,3.190000057220459,0.0,929300
2019-06-06,2.5299999713897705,2.5299999713897705,0.0,2.990000009536743,2.5,2.9000000953674316,0.0,1139600
2019-06-07,2.700000047683716,2.700000047683716,0.0,2.75600004196167,2.5,2.549999952316284,0.0,934300
2019-06-10,2.509999990463257,2.509999990463257,0.0,2.75,2.4200000762939453,2.690000057220459,0.0,971000
2019-06-11,2.440000057220459,2.440000057220459,0.0,2.5799999237060547,2.440000057220459,2.5299999713897705,0.0,464200
2019-06-12,2.5,2.5,0.0,2.640000104904175,2.4100000858306885,2.509999990463257,0.0,573500
2019-06-13,2.5899999141693115,2.5899999141693115,0.0,2.6470000743865967,2.440000057220459,2.490000009536743,0.0,1059300
2019-06-14,2.7300000190734863,2.7300000190734863,0.0,2.7899999618530273,2.5899999141693115,2.5899999141693115,0.0,2087500
2019-06-17,2.809999942779541,2.809999942779541,0.0,3.049999952316284,2.7300000190734863,3.0199999809265137,0.0,2682100
2019-06-18,2.690000057220459,2.690000057220459,0.0,2.819999933242798,2.640000104904175,2.809999942779541,0.0,1011000
2019-06-19,2.619999885559082,2.619999885559082,0.0,2.740999937057495,2.5299999713897705,2.6700000762939453,0.0,627600
2019-06-20,2.5999999046325684,2.5999999046325684,0.0,2.6500000953674316,2.4600000381469727,2.619999885559082,0.0,1682000
2019-06-21,2.75,2.75,0.0,2.759000062942505,2.559999942779541,2.740000009536743,0.0,1774200
2019-06-24,3.0399999618530273,3.0399999618530273,0.0,3.2899999618530273,2.799999952316284,2.869999885559082,0.0,7002000
2019-06-25,3.299999952316284,3.299999952316284,0.0,3.559999942779541,3.2200000286102295,3.5,0.0,6516600
2019-06-26,3.7899999618530273,3.7899999618530273,0.0,3.950000047683716,3.509999990463257,3.6600000858306885,0.0,10632900
2019-06-27,3.069999933242798,3.069999933242798,0.0,3.309999942779541,2.8499999046325684,3.259999990463257,0.0,5599800
2019-06-28,3.140000104904175,3.140000104904175,0.0,3.2699999809265137,3.0799999237060547,3.25,0.0,2929100
2019-07-01,2.7100000381469727,2.7100000381469727,0.0,2.9000000953674316,2.700000047683716,2.9000000953674316,0.0,2801700
2019-07-02,2.7899999618530273,2.7899999618530273,0.0,2.9549999237060547,2.509999990463257,2.690000057220459,0.0,2685200
2019-07-03,2.7799999713897705,2.7799999713897705,0.0,2.9159998893737793,2.7100000381469727,2.880000114440918,0.0,1819400
2019-07-05,2.799999952316284,2.799999952316284,0.0,2.8399999141693115,2.7100000381469727,2.7100000381469727,0.0,884700
2019-07-08,2.7799999713897705,2.7799999713897705,0.0,2.9000000953674316,2.7200000286102295,2.890000104904175,0.0,2116600
2019-07-09,2.630000114440918,2.630000114440918,0.0,2.819999933242798,2.569999933242798,2.7799999713897705,0.0,2032500
2019-07-10,2.549999952316284,2.549999952316284,0.0,2.7190001010894775,2.509999990463257,2.6600000858306885,0.0,1736500
2019-07-11,2.3499999046325684,2.3499999046325684,0.0,2.5199999809265137,2.319999933242798,2.5,0.0,2034500
2019-07-12,2.259999990463257,2.259999990463257,0.0,2.450000047683716,2.009999990463257,2.440000057220459,0.0,3196100
2019-07-15,2.200000047683716,2.200000047683716,0.0,2.2300000190734863,2.0399999618530273,2.049999952316284,0.0,1423900
2019-07-16,2.0799999237060547,2.0799999237060547,0.0,2.25,2.055000066757202,2.1500000953674316,0.0,1193600
2019-07-17,2.0,2.0,0.0,2.180000066757202,2.0,2.059999942779541,0.0,1991200
2019-07-18,2.049999952316284,2.049999952316284,0.0,2.194999933242798,2.0199999809265137,2.0199999809265137,0.0,2140600
2019-07-19,1.9800000190734863,1.9800000190734863,0.0,2.0999999046325684,1.8700000047683716,2.049999952316284,0.0,1676400
2019-07-22,1.9500000476837158,1.9500000476837158,0.0,1.9800000190734863,1.8200000524520874,1.940000057220459,0.0,1489800
2019-07-23,2.0199999809265137,2.0199999809265137,0.0,2.069999933242798,1.850000023841858,1.9500000476837158,0.0,936400
2019-07-24,1.9700000286102295,1.9700000286102295,0.0,2.0480000972747803,1.9199999570846558,2.0399999618530273,0.0,608000
2019-07-25,2.009999990463257,2.009999990463257,0.0,2.0299999713897705,1.9249999523162842,1.9900000095367432,0.0,585100
2019-07-26,1.9700000286102295,1.9700000286102295,0.0,2.049999952316284,1.9299999475479126,2.0199999809265137,0.0,519300
2019-07-29,1.940000057220459,1.940000057220459,0.0,1.9900000095367432,1.8300000429153442,1.9700000286102295,0.0,671000
2019-07-30,1.909999966621399,1.909999966621399,0.0,1.9700000286102295,1.86899995803833,1.9500000476837158,0.0,820000
2019-07-31,2.200000047683716,2.200000047683716,0.0,2.2300000190734863,1.930999994277954,1.940000057220459,0.0,2499700
2019-08-01,2.130000114440918,2.130000114440918,0.0,2.190000057220459,1.9500000476837158,2.180000066757202,0.0,897500
2019-08-02,2.2100000381469727,2.2100000381469727,0.0,2.3299999237060547,2.130000114440918,2.1600000858306885,0.0,1423600
2019-08-05,2.240000009536743,2.240000009536743,0.0,2.4700000286102295,2.2100000381469727,2.4000000953674316,0.0,2770300
2019-08-06,2.0799999237060547,2.0799999237060547,0.0,2.299999952316284,1.9700000286102295,2.2699999809265137,0.0,1250300
2019-08-07,2.119999885559082,2.119999885559082,0.0,2.200000047683716,2.0,2.109999895095825,0.0,986500
2019-08-08,2.069999933242798,2.069999933242798,0.0,2.2200000286102295,2.059999942779541,2.190000057220459,0.0,551200
2019-08-09,2.180000066757202,2.180000066757202,0.0,2.200000047683716,2.069999933242798,2.130000114440918,0.0,797900
2019-08-12,2.0799999237060547,2.0799999237060547,0.0,2.200000047683716,2.049999952316284,2.200000047683716,0.0,576900
2019-08-13,1.9800000190734863,1.9800000190734863,0.0,2.119999885559082,1.909999966621399,2.119999885559082,0.0,1309500
2019-08-14,1.8200000524520874,1.8200000524520874,0.0,1.9500000476837158,1.8200000524520874,1.9500000476837158,0.0,1061500
2019-08-15,1.809999942779541,1.809999942779541,0.0,1.8700000047683716,1.7999999523162842,1.8700000047683716,0.0,675400
2019-08-16,1.850000023841858,1.850000023841858,0.0,1.8799999952316284,1.7599999904632568,1.809999942779541,0.0,581000
2019-08-19,1.8799999952316284,1.8799999952316284,0.0,1.9500000476837158,1.8600000143051147,1.940000057220459,0.0,666000
2019-08-20,1.909999966621399,1.909999966621399,0.0,1.9299999475479126,1.8300000429153442,1.8799999952316284,0.0,498300
2019-08-21,1.8899999856948853,1.8899999856948853,0.0,1.940000057220459,1.840000033378601,1.8600000143051147,0.0,453100
2019-08-22,1.940000057220459,1.940000057220459,0.0,2.0,1.8600000143051147,1.8899999856948853,0.0,664600
2019-08-23,1.9700000286102295,1.9700000286102295,0.0,2.0399999618530273,1.8899999856948853,2.0,0.0,748000
2019-08-26,1.9199999570846558,1.9199999570846558,0.0,2.0199999809265137,1.8700000047683716,2.0,0.0,375400
2019-08-27,1.899999976158142,1.899999976158142,0.0,1.9900000095367432,1.899999976158142,1.9199999570846558,0.0,368200
2019-08-28,1.899999976158142,1.899999976158142,0.0,1.9500000476837158,1.840000033378601,1.940000057220459,0.0,439300
2019-08-29,1.8799999952316284,1.8799999952316284,0.0,1.909999966621399,1.8600000143051147,1.8799999952316284,0.0,353700
2019-08-30,1.840000033378601,1.840000033378601,0.0,1.9500000476837158,1.840000033378601,1.9500000476837158,0.0,430700
2019-09-03,1.9199999570846558,1.9199999570846558,0.0,1.9900000095367432,1.8450000286102295,1.9199999570846558,0.0,1051800
2019-09-04,2.0999999046325684,2.0999999046325684,0.0,2.140000104904175,1.9199999570846558,1.9700000286102295,0.0,1394900
2019-09-05,2.069999933242798,2.069999933242798,0.0,2.1389999389648438,2.0299999713897705,2.0999999046325684,0.0,721800
2019-09-06,2.0399999618530273,2.0399999618530273,0.0,2.180000066757202,2.0399999618530273,2.109999895095825,0.0,818800
2019-09-09,2.0299999713897705,2.0299999713897705,0.0,2.1600000858306885,1.975000023841858,2.1500000953674316,0.0,880700
2019-09-10,2.0,2.0,0.0,2.069999933242798,1.9800000190734863,2.059999942779541,0.0,472000
2019-09-11,2.009999990463257,2.009999990463257,0.0,2.069999933242798,1.9600000381469727,1.9900000095367432,0.0,741700
2019-09-12,2.049999952316284,2.049999952316284,0.0,2.069999933242798,2.0,2.069999933242798,0.0,571300
2019-09-13,2.119999885559082,2.119999885559082,0.0,2.1500000953674316,2.049999952316284,2.049999952316284,0.0,1317500
2019-09-16,2.119999885559082,2.119999885559082,0.0,2.1500000953674316,2.069999933242798,2.0899999141693115,0.0,787600
2019-09-17,2.190000057220459,2.190000057220459,0.0,2.200000047683716,2.069999933242798,2.109999895095825,0.0,1015800
2019-09-18,2.0899999141693115,2.0899999141693115,0.0,2.240000009536743,2.0399999618530273,2.2100000381469727,0.0,1140000
2019-09-19,1.9900000095367432,1.9900000095367432,0.0,2.059999942779541,1.8700000047683716,2.0299999713897705,0.0,865400
2019-09-20,2.059999942779541,2.059999942779541,0.0,2.059999942779541,1.9600000381469727,1.9600000381469727,0.0,708100
2019-09-23,2.009999990463257,2.009999990463257,0.0,2.0399999618530273,1.9199999570846558,2.0399999618530273,0.0,838000
2019-09-24,1.909999966621399,1.909999966621399,0.0,2.0199999809265137,1.8600000143051147,2.009999990463257,0.0,927800
2019-09-25,1.8849999904632568,1.8849999904632568,0.0,1.899999976158142,1.8320000171661377,1.8899999856948853,0.0,482900
2019-09-26,1.850000023841858,1.850000023841858,0.0,1.8799999952316284,1.7999999523162842,1.8799999952316284,0.0,739100
2019-09-27,1.7200000286102295,1.7200000286102295,0.0,1.8799999952316284,1.7000000476837158,1.850000023841858,0.0,654400
2019-09-30,1.7799999713897705,1.7799999713897705,0.0,1.8450000286102295,1.7200000286102295,1.7200000286102295,0.0,524500
2019-10-01,1.7300000190734863,1.7300000190734863,0.0,1.840000033378601,1.600000023841858,1.840000033378601,0.0,611000
2019-10-02,1.6799999475479126,1.6799999475479126,0.0,1.7300000190734863,1.6200000047683716,1.7300000190734863,0.0,345700
2019-10-03,1.6399999856948853,1.6399999856948853,0.0,1.7170000076293945,1.6399999856948853,1.690000057220459,0.0,294600
2019-10-04,1.6799999475479126,1.6799999475479126,0.0,1.7000000476837158,1.6299999952316284,1.659999966621399,0.0,273100
2019-10-07,1.7200000286102295,1.7200000286102295,0.0,1.7549999952316284,1.6410000324249268,1.7000000476837158,0.0,385900
2019-10-08,1.690000057220459,1.690000057220459,0.0,1.7300000190734863,1.649999976158142,1.690000057220459,0.0,279800
2019-10-09,1.809999942779541,1.809999942779541,0.0,1.940000057220459,1.6799999475479126,1.690000057220459,0.0,1617000
2019-10-10,1.7799999713897705,1.7799999713897705,0.0,1.843999981880188,1.7599999904632568,1.7999999523162842,0.0,356600
2019-10-11,1.7999999523162842,1.7999999523162842,0.0,1.8200000524520874,1.74399995803833,1.7699999809265137,0.0,324900
2019-10-14,1.7899999618530273,1.7899999618530273,0.0,1.8200000524520874,1.7599999904632568,1.7699999809265137,0.0,398600
2019-10-15,1.7799999713897705,1.7799999713897705,0.0,1.8300000429153442,1.7400000095367432,1.7799999713897705,0.0,409200
2019-10-16,1.7000000476837158,1.7000000476837158,0.0,1.7599999904632568,1.7000000476837158,1.7599999904632568,0.0,334000
2019-10-17,1.7200000286102295,1.7200000286102295,0.0,1.7799999713897705,1.7000000476837158,1.7000000476837158,0.0,268500
2019-10-18,1.7100000381469727,1.7100000381469727,0.0,1.75,1.7000000476837158,1.7400000095367432,0.0,175700
2019-10-21,1.7000000476837158,1.7000000476837158,0.0,1.7400000095367432,1.6699999570846558,1.7300000190734863,0.0,383800
2019-10-22,1.659999966621399,1.659999966621399,0.0,1.7070000171661377,1.5820000171661377,1.7000000476837158,0.0,426500
2019-10-23,1.5700000524520874,1.5700000524520874,0.0,1.649999976158142,1.5,1.5700000524520874,0.0,1190600
2019-10-24,1.5700000524520874,1.5700000524520874,0.0,1.61899995803833,1.5579999685287476,1.5800000429153442,0.0,219700
2019-10-25,1.6799999475479126,1.6799999475479126,0.0,1.7350000143051147,1.5800000429153442,1.6100000143051147,0.0,1667300
2019-10-28,1.7000000476837158,1.7000000476837158,0.0,1.809999942779541,1.659999966621399,1.7999999523162842,0.0,1551400
2019-10-29,1.6100000143051147,1.6100000143051147,0.0,1.6859999895095825,1.600000023841858,1.6799999475479126,0.0,685600
2019-10-30,1.590000033378601,1.590000033378601,0.0,1.6649999618530273,1.5199999809265137,1.6100000143051147,0.0,708800
2019-10-31,1.559999942779541,1.559999942779541,0.0,1.6299999952316284,1.5199999809265137,1.6299999952316284,0.0,322800
2019-11-01,1.5700000524520874,1.5700000524520874,0.0,1.590000033378601,1.5299999713897705,1.5499999523162842,0.0,507100
2019-11-04,1.659999966621399,1.659999966621399,0.0,1.6699999570846558,1.5499999523162842,1.5700000524520874,0.0,799900
2019-11-05,1.600000023841858,1.600000023841858,0.0,1.659999966621399,1.5700000524520874,1.659999966621399,0.0,643500
2019-11-06,1.5700000524520874,1.5700000524520874,0.0,1.5950000286102295,1.5399999618530273,1.590000033378601,0.0,345000
2019-11-07,1.5,1.5,0.0,1.5700000524520874,1.5,1.5700000524520874,0.0,492500
2019-11-08,1.5199999809265137,1.5199999809265137,0.0,1.5399999618530273,1.5,1.5199999809265137,0.0,264400
2019-11-11,1.5299999713897705,1.5299999713897705,0.0,1.5499999523162842,1.4800000190734863,1.5499999523162842,0.0,306300
2019-11-12,1.5199999809265137,1.5199999809265137,0.0,1.5499999523162842,1.5,1.5,0.0,202200
2019-11-13,1.5099999904632568,1.5099999904632568,0.0,1.531999945640564,1.5,1.5099999904632568,0.0,256000
2019-11-14,1.590000033378601,1.590000033378601,0.0,1.6200000047683716,1.5,1.5099999904632568,0.0,903100
2019-11-15,1.5099999904632568,1.5099999904632568,0.0,1.5700000524520874,1.4900000095367432,1.5700000524520874,0.0,496600
2019-11-18,1.4600000381469727,1.4600000381469727,0.0,1.5499999523162842,1.4500000476837158,1.5499999523162842,0.0,441400
2019-11-19,1.440000057220459,1.440000057220459,0.0,1.4950000047683716,1.440000057220459,1.4900000095367432,0.0,365900
2019-11-20,1.4299999475479126,1.4299999475479126,0.0,1.4600000381469727,1.409999966621399,1.4500000476837158,0.0,315500
2019-11-21,1.4199999570846558,1.4199999570846558,0.0,1.4500000476837158,1.3899999856948853,1.4199999570846558,0.0,409000
2019-11-22,1.4900000095367432,1.4900000095367432,0.0,1.5199999809265137,1.350000023841858,1.3899999856948853,0.0,896200
2019-11-25,1.350000023841858,1.350000023841858,0.0,1.5499999523162842,1.350000023841858,1.5099999904632568,0.0,1071200
2019-11-26,1.3300000429153442,1.3300000429153442,0.0,1.440000057220459,1.309999942779541,1.440000057220459,0.0,650500
2019-11-27,1.350000023841858,1.350000023841858,0.0,1.3799999952316284,1.2799999713897705,1.3600000143051147,0.0,1054900
2019-11-29,1.3899999856948853,1.3899999856948853,0.0,1.4049999713897705,1.2999999523162842,1.350000023841858,0.0,289400
2019-12-02,1.2999999523162842,1.2999999523162842,0.0,1.3600000143051147,1.2999999523162842,1.340000033378601,0.0,461000
2019-12-03,1.3200000524520874,1.3200000524520874,0.0,1.3200000524520874,1.2799999713897705,1.3200000524520874,0.0,412800
2019-12-04,1.2899999618530273,1.2899999618530273,0.0,1.340000033378601,1.2799999713897705,1.340000033378601,0.0,578500
2019-12-05,1.3200000524520874,1.3200000524520874,0.0,1.3300000429153442,1.2999999523162842,1.309999942779541,0.0,229600
2019-12-06,1.3200000524520874,1.3200000524520874,0.0,1.3200000524520874,1.2899999618530273,1.2999999523162842,0.0,302800
2019-12-09,1.2899999618530273,1.2899999618530273,0.0,1.3200000524520874,1.2899999618530273,1.3200000524520874,0.0,229300
2019-12-10,1.2999999523162842,1.2999999523162842,0.0,1.3200000524520874,1.2899999618530273,1.2899999618530273,0.0,334800
2019-12-11,1.3200000524520874,1.3200000524520874,0.0,1.3700000047683716,1.2899999618530273,1.2999999523162842,0.0,694800
2019-12-12,1.3200000524520874,1.3200000524520874,0.0,1.3700000047683716,1.2899999618530273,1.3700000047683716,0.0,292900
2019-12-13,1.340000033378601,1.340000033378601,0.0,1.350000023841858,1.3049999475479126,1.3300000429153442,0.0,303800
2019-12-16,1.3300000429153442,1.3300000429153442,0.0,1.3799999952316284,1.2999999523162842,1.3300000429153442,0.0,887000
2019-12-17,1.2999999523162842,1.2999999523162842,0.0,1.3200000524520874,1.2899999618530273,1.2999999523162842,0.0,398300
2019-12-18,1.3300000429153442,1.3300000429153442,0.0,1.350000023841858,1.2899999618530273,1.309999942779541,0.0,490300
2019-12-19,1.3200000524520874,1.3200000524520874,0.0,1.3700000047683716,1.3200000524520874,1.350000023841858,0.0,320800
2019-12-20,1.3300000429153442,1.3300000429153442,0.0,1.340000033378601,1.309999942779541,1.3300000429153442,0.0,297100
2019-12-23,1.3300000429153442,1.3300000429153442,0.0,1.350000023841858,1.309999942779541,1.350000023841858,0.0,546100
2019-12-24,1.309999942779541,1.309999942779541,0.0,1.3300000429153442,1.309999942779541,1.309999942779541,0.0,332600
2019-12-26,1.2999999523162842,1.2999999523162842,0.0,1.340000033378601,1.2799999713897705,1.340000033378601,0.0,581000
2019-12-27,1.2200000286102295,1.2200000286102295,0.0,1.2999999523162842,1.2100000381469727,1.2899999618530273,0.0,906000
2019-12-30,1.1399999856948853,1.1399999856948853,0.0,1.2300000190734863,1.1100000143051147,1.2200000286102295,0.0,1046700
2019-12-31,1.1200000047683716,1.1200000047683716,0.0,1.149999976158142,1.1100000143051147,1.1399999856948853,0.0,619300
2020-01-02,1.2200000286102295,1.2200000286102295,0.0,1.2300000190734863,1.1299999952316284,1.1399999856948853,0.0,915700
2020-01-03,1.1799999475479126,1.1799999475479126,0.0,1.2200000286102295,1.1399999856948853,1.2200000286102295,0.0,467200
2020-01-06,1.2999999523162842,1.2999999523162842,0.0,1.2999999523162842,1.2000000476837158,1.2300000190734863,0.0,981200
2020-01-07,1.4900000095367432,1.4900000095367432,0.0,1.5,1.3300000429153442,1.3899999856948853,0.0,3313600
2020-01-08,1.3700000047683716,1.3700000047683716,0.0,1.5399999618530273,1.2899999618530273,1.5399999618530273,0.0,1792300
2020-01-09,1.3300000429153442,1.3300000429153442,0.0,1.409999966621399,1.2899999618530273,1.3700000047683716,0.0,791100
2020-01-10,1.409999966621399,1.409999966621399,0.0,1.4500000476837158,1.2899999618530273,1.3300000429153442,0.0,1358500
2020-01-13,1.3600000143051147,1.3600000143051147,0.0,1.4500000476837158,1.309999942779541,1.4500000476837158,0.0,634900
2020-01-14,1.4199999570846558,1.4199999570846558,0.0,1.5099999904632568,1.4079999923706055,1.440000057220459,0.0,1683000
2020-01-15,1.399999976158142,1.399999976158142,0.0,1.5,1.3899999856948853,1.5,0.0,1247300
2020-01-16,1.4299999475479126,1.4299999475479126,0.0,1.4500000476837158,1.3600000143051147,1.399999976158142,0.0,670600
2020-01-17,1.4600000381469727,1.4600000381469727,0.0,1.4900000095367432,1.4299999475479126,1.4500000476837158,0.0,1102400
2020-01-21,1.399999976158142,1.399999976158142,0.0,1.4900000095367432,1.3300000429153442,1.4900000095367432,0.0,1020500
2020-01-22,1.340000033378601,1.340000033378601,0.0,1.4299999475479126,1.309999942779541,1.4299999475479126,0.0,865200
2020-01-23,1.2599999904632568,1.2599999904632568,0.0,1.3339999914169312,1.25,1.3300000429153442,0.0,737500
2020-01-24,1.2599999904632568,1.2599999904632568,0.0,1.3200000524520874,1.25,1.2999999523162842,0.0,468000
2020-01-27,1.2400000095367432,1.2400000095367432,0.0,1.2799999713897705,1.2000000476837158,1.2599999904632568,0.0,891300
2020-01-28,1.309999942779541,1.309999942779541,0.0,1.3200000524520874,1.2649999856948853,1.2799999713897705,0.0,679800
2020-01-29,1.309999942779541,1.309999942779541,0.0,1.350000023841858,1.2799999713897705,1.3300000429153442,0.0,634000
2020-01-30,1.4299999475479126,1.4299999475479126,0.0,1.6299999952316284,1.340000033378601,1.5800000429153442,0.0,7720600
2020-01-31,1.350000023841858,1.350000023841858,0.0,1.4500000476837158,1.350000023841858,1.4500000476837158,0.0,1400000
2020-02-03,1.3600000143051147,1.3600000143051147,0.0,1.4199999570846558,1.3300000429153442,1.3600000143051147,0.0,916000
2020-02-04,1.3799999952316284,1.3799999952316284,0.0,1.3899999856948853,1.3200000524520874,1.3600000143051147,0.0,862600
2020-02-05,1.4800000190734863,1.4800000190734863,0.0,1.5099999904632568,1.399999976158142,1.399999976158142,0.0,2968900
2020-02-06,1.4299999475479126,1.4299999475479126,0.0,1.5499999523162842,1.4199999570846558,1.5299999713897705,0.0,1962100
2020-02-07,1.4299999475479126,1.4299999475479126,0.0,1.4600000381469727,1.3899999856948853,1.4600000381469727,0.0,1198700
2020-02-10,1.4800000190734863,1.4800000190734863,0.0,1.5099999904632568,1.3899999856948853,1.4800000190734863,0.0,1425700
2020-02-11,1.6799999475479126,1.6799999475479126,0.0,1.7599999904632568,1.4900000095367432,1.5,0.0,7345800
2020-02-12,1.600000023841858,1.600000023841858,0.0,1.8600000143051147,1.5800000429153442,1.7899999618530273,0.0,6460000
2020-02-13,1.6100000143051147,1.6100000143051147,0.0,1.6299999952316284,1.5099999904632568,1.600000023841858,0.0,1839500
2020-02-14,1.6399999856948853,1.6399999856948853,0.0,1.6699999570846558,1.559999942779541,1.6100000143051147,0.0,1579100
2020-02-18,1.5,1.5,0.0,1.559999942779541,1.399999976158142,1.5499999523162842,0.0,2365200
2020-02-19,1.5,1.5,0.0,1.5499999523162842,1.4199999570846558,1.5499999523162842,0.0,1148800
2020-02-20,1.4199999570846558,1.4199999570846558,0.0,1.4550000429153442,1.3700000047683716,1.4199999570846558,0.0,1890000
2020-02-21,1.409999966621399,1.409999966621399,0.0,1.440000057220459,1.3700000047683716,1.4299999475479126,0.0,906800
2020-02-24,1.3300000429153442,1.3300000429153442,0.0,1.3700000047683716,1.2899999618530273,1.2999999523162842,0.0,1274200
2020-02-25,1.2599999904632568,1.2599999904632568,0.0,1.350000023841858,1.2300000190734863,1.350000023841858,0.0,1376300
2020-02-26,1.2450000047683716,1.2450000047683716,0.0,1.25,1.1799999475479126,1.2400000095367432,0.0,1419700
2020-02-27,1.2300000190734863,1.2300000190734863,0.0,1.2799999713897705,1.128999948501587,1.2000000476837158,0.0,1555900
2020-02-28,1.1399999856948853,1.1399999856948853,0.0,1.190000057220459,1.1200000047683716,1.149999976158142,0.0,1237100
2020-03-02,1.1799999475479126,1.1799999475479126,0.0,1.2100000381469727,1.1299999952316284,1.159999966621399,0.0,810600
2020-03-03,1.1399999856948853,1.1399999856948853,0.0,1.190000057220459,1.1200000047683716,1.1799999475479126,0.0,751300
2020-03-04,1.1649999618530273,1.1649999618530273,0.0,1.1699999570846558,1.1299999952316284,1.159999966621399,0.0,530700
2020-03-05,1.2799999713897705,1.2799999713897705,0.0,1.3300000429153442,1.2200000286102295,1.25,0.0,2785100
2020-03-06,1.2699999809265137,1.2699999809265137,0.0,1.340000033378601,1.159999966621399,1.2899999618530273,0.0,1437700
2020-03-09,1.0800000429153442,1.0800000429153442,0.0,1.1200000047683716,1.0199999809265137,1.0800000429153442,0.0,1378500
2020-03-10,1.0700000524520874,1.0700000524520874,0.0,1.1399999856948853,1.0399999618530273,1.1299999952316284,0.0,776300
2020-03-11,1.0099999904632568,1.0099999904632568,0.0,1.0800000429153442,0.9900000095367432,1.0399999618530273,0.0,1065500
2020-03-12,0.7279999852180481,0.7279999852180481,0.0,0.7770000100135803,0.5299999713897705,0.75,0.0,1826700
2020-03-13,0.7200000286102295,0.7200000286102295,0.0,0.800000011920929,0.6499999761581421,0.7799999713897705,0.0,1138300
2020-03-16,0.6579999923706055,0.6579999923706055,0.0,0.699999988079071,0.6000000238418579,0.6100000143051147,0.0,936800
2020-03-17,0.7480000257492065,0.7480000257492065,0.0,0.800000011920929,0.6309999823570251,0.699999988079071,0.0,674700
2020-03-18,0.6499999761581421,0.6499999761581421,0.0,0.7400000095367432,0.5109999775886536,0.7400000095367432,0.0,1454800
2020-03-19,0.703000009059906,0.703000009059906,0.0,0.7300000190734863,0.6499999761581421,0.699999988079071,0.0,840100
2020-03-20,0.7049999833106995,0.7049999833106995,0.0,0.7599999904632568,0.6899999976158142,0.7559999823570251,0.0,592900
2020-03-23,0.6690000295639038,0.6690000295639038,0.0,0.7300000190734863,0.6299999952316284,0.7139999866485596,0.0,565600
2020-03-24,0.7979999780654907,0.7979999780654907,0.0,0.8299999833106995,0.7350000143051147,0.7350000143051147,0.0,1173800
2020-03-25,0.7730000019073486,0.7730000019073486,0.0,0.8399999737739563,0.7350000143051147,0.75,0.0,719100
2020-03-26,0.8159999847412109,0.8159999847412109,0.0,0.9300000071525574,0.7599999904632568,0.8199999928474426,0.0,1238000
2020-03-27,0.7889999747276306,0.7889999747276306,0.0,0.8299999833106995,0.7799999713897705,0.800000011920929,0.0,364600
2020-03-30,0.7919999957084656,0.7919999957084656,0.0,0.8500000238418579,0.7799999713897705,0.8069999814033508,0.0,506900
2020-03-31,0.8330000042915344,0.8330000042915344,0.0,0.8600000143051147,0.7900000214576721,0.8299999833106995,0.0,354400
2020-04-01,0.7730000019073486,0.7730000019073486,0.0,0.8460000157356262,0.7599999904632568,0.8299999833106995,0.0,524600
2020-04-02,0.7799999713897705,0.7799999713897705,0.0,0.8820000290870667,0.7599999904632568,0.7979999780654907,0.0,995800
2020-04-03,0.8999999761581421,0.8999999761581421,0.0,0.949999988079071,0.8500000238418579,0.9100000262260437,0.0,1287600
2020-04-06,1.0950000286102295,1.0950000286102295,0.0,1.1200000047683716,0.9200000166893005,0.949999988079071,0.0,2570800
2020-04-07,1.0199999809265137,1.0199999809265137,0.0,1.190000057220459,0.9900000095367432,1.190000057220459,0.0,1410400
2020-04-08,1.0700000524520874,1.0700000524520874,0.0,1.090000033378601,1.0,1.059999942779541,0.0,673600
2020-04-09,1.0299999713897705,1.0299999713897705,0.0,1.090000033378601,0.9800000190734863,1.0800000429153442,0.0,759800
2020-04-13,1.0099999904632568,1.0099999904632568,0.0,1.0199999809265137,0.9300000071525574,1.0099999904632568,0.0,656500
2020-04-14,1.0099999904632568,1.0099999904632568,0.0,1.0399999618530273,0.984000027179718,0.984000027179718,0.0,1078000
2020-04-15,1.1299999952316284,1.1299999952316284,0.0,1.25,1.0199999809265137,1.0499999523162842,0.0,2518900
2020-04-16,1.1699999570846558,1.1699999570846558,0.0,1.2100000381469727,1.1299999952316284,1.2000000476837158,0.0,1027800
2020-04-17,1.1399999856948853,1.1399999856948853,0.0,1.2000000476837158,1.1100000143051147,1.2000000476837158,0.0,720000
2020-04-20,1.100000023841858,1.100000023841858,0.0,1.1799999475479126,1.100000023841858,1.100000023841858,0.0,1170200
2020-04-21,1.0199999809265137,1.0199999809265137,0.0,1.0839999914169312,0.984000027179718,1.0800000429153442,0.0,1030200
2020-04-22,1.0700000524520874,1.0700000524520874,0.0,1.0800000429153442,1.0199999809265137,1.0499999523162842,0.0,502300
2020-04-23,1.149999976158142,1.149999976158142,0.0,1.2000000476837158,1.0700000524520874,1.0700000524520874,0.0,4276500
2020-04-24,1.25,1.25,0.0,1.2899999618530273,1.100000023841858,1.1699999570846558,0.0,4467300
2020-04-27,1.2400000095367432,1.2400000095367432,0.0,1.2999999523162842,1.149999976158142,1.2699999809265137,0.0,2484600
2020-04-28,1.159999966621399,1.159999966621399,0.0,1.25,1.149999976158142,1.2400000095367432,0.0,1071800
2020-04-29,1.2100000381469727,1.2100000381469727,0.0,1.3799999952316284,1.1699999570846558,1.2599999904632568,0.0,7766400
2020-04-30,1.2100000381469727,1.2100000381469727,0.0,1.2400000095367432,1.149999976158142,1.2300000190734863,0.0,1669700
2020-05-01,1.0700000524520874,1.0700000524520874,0.0,1.2000000476837158,1.0700000524520874,1.1799999475479126,0.0,2123000
2020-05-04,1.1200000047683716,1.1200000047683716,0.0,1.1299999952316284,1.0299999713897705,1.100000023841858,0.0,1039300
2020-05-05,1.149999976158142,1.149999976158142,0.0,1.1799999475479126,1.100000023841858,1.149999976158142,0.0,2111400
2020-05-06,1.2699999809265137,1.2699999809265137,0.0,1.2799999713897705,1.1699999570846558,1.2100000381469727,0.0,4860800
2020-05-07,1.5399999618530273,1.5399999618530273,0.0,1.590000033378601,1.2699999809265137,1.350000023841858,0.0,10412300
2020-05-08,1.850000023841858,1.850000023841858,0.0,2.130000114440918,1.559999942779541,1.75,0.0,20009100
2020-05-11,1.590000033378601,1.590000033378601,0.0,1.8700000047683716,1.5,1.7999999523162842,0.0,9081900
2020-05-12,1.600000023841858,1.600000023841858,0.0,1.7400000095367432,1.5199999809265137,1.6100000143051147,0.0,4215700
2020-05-13,1.8899999856948853,1.8899999856948853,0.0,1.909999966621399,1.600000023841858,1.6399999856948853,0.0,8303700
2020-05-14,2.2799999713897705,2.2799999713897705,0.0,2.5799999237060547,1.9199999570846558,2.0999999046325684,0.0,21548400
2020-05-15,2.0799999237060547,2.0799999237060547,0.0,2.3399999141693115,2.009999990463257,2.2699999809265137,0.0,6998700
2020-05-18,2.190000057220459,2.190000057220459,0.0,2.309999942779541,2.059999942779541,2.180000066757202,0.0,5523100
2020-05-19,2.2300000190734863,2.2300000190734863,0.0,2.4149999618530273,2.1500000953674316,2.200000047683716,0.0,5389200
2020-05-20,2.5299999713897705,2.5299999713897705,0.0,2.75,2.369999885559082,2.450000047683716,0.0,12852500
2020-05-21,2.3299999237060547,2.3299999237060547,0.0,2.5199999809265137,2.1500000953674316,2.430000066757202,0.0,6331400
2020-05-22,2.240000009536743,2.240000009536743,0.0,2.380000114440918,2.200000047683716,2.369999885559082,0.0,3030100
2020-05-26,1.9500000476837158,1.9500000476837158,0.0,2.1700000762939453,1.9299999475479126,2.1700000762939453,0.0,5653900
2020-05-27,2.119999885559082,2.119999885559082,0.0,2.2100000381469727,1.9900000095367432,2.130000114440918,0.0,4581900
2020-05-28,2.2100000381469727,2.2100000381469727,0.0,2.3499999046325684,2.180000066757202,2.2200000286102295,0.0,4949300
2020-05-29,2.140000104904175,2.140000104904175,0.0,2.2100000381469727,2.059999942779541,2.200000047683716,0.0,2455600
2020-06-01,2.2699999809265137,2.2699999809265137,0.0,2.319999933242798,2.140000104904175,2.140000104904175,0.0,4076800
2020-06-02,2.509999990463257,2.509999990463257,0.0,2.9800000190734863,2.3399999141693115,2.619999885559082,0.0,16278000
2020-06-03,2.4100000858306885,2.4100000858306885,0.0,2.6500000953674316,2.319999933242798,2.5999999046325684,0.0,5059300
2020-06-04,2.630000114440918,2.630000114440918,0.0,2.740000009536743,2.4100000858306885,2.5399999618530273,0.0,6913300
2020-06-05,2.5999999046325684,2.5999999046325684,0.0,2.680000066757202,2.4200000762939453,2.569999933242798,0.0,4229500
2020-06-08,2.569999933242798,2.569999933242798,0.0,2.6600000858306885,2.4800000190734863,2.5799999237060547,0.0,3545800
2020-06-09,2.619999885559082,2.619999885559082,0.0,2.6500000953674316,2.430000066757202,2.549999952316284,0.0,3665000
2020-06-10,3.0999999046325684,3.0999999046325684,0.0,3.309999942779541,2.569999933242798,2.680000066757202,0.0,18090900
2020-06-11,2.180000066757202,2.180000066757202,0.0,2.819000005722046,2.1600000858306885,2.680000066757202,0.0,11006000
2020-06-12,2.2899999618530273,2.2899999618530273,0.0,2.4619998931884766,2.140000104904175,2.450000047683716,0.0,4853900
2020-06-15,2.309999942779541,2.309999942779541,0.0,2.375,2.049999952316284,2.0999999046325684,0.0,4674200
2020-06-16,2.3499999046325684,2.3499999046325684,0.0,2.4800000190734863,2.2799999713897705,2.4600000381469727,0.0,2646800
2020-06-17,2.2699999809265137,2.2699999809265137,0.0,2.3499999046325684,2.2100000381469727,2.3499999046325684,0.0,1699400
2020-06-18,2.190000057220459,2.190000057220459,0.0,2.2799999713897705,2.190000057220459,2.2699999809265137,0.0,1934300
2020-06-19,2.109999895095825,2.109999895095825,0.0,2.319999933242798,2.109999895095825,2.25,0.0,3511000
2020-06-22,2.509999990463257,2.509999990463257,0.0,2.700000047683716,2.140000104904175,2.2300000190734863,0.0,10076100
2020-06-23,2.5999999046325684,2.5999999046325684,0.0,2.8399999141693115,2.4100000858306885,2.568000078201294,0.0,7705100
2020-06-24,2.369999885559082,2.369999885559082,0.0,2.5199999809265137,2.240000009536743,2.5,0.0,5062600
2020-06-25,2.3299999237060547,2.3299999237060547,0.0,2.380000114440918,2.2200000286102295,2.2200000286102295,0.0,1906300
2020-06-26,2.200000047683716,2.200000047683716,0.0,2.299999952316284,2.1500000953674316,2.2799999713897705,0.0,2817900
2020-06-29,2.140000104904175,2.140000104904175,0.0,2.180000066757202,2.0399999618530273,2.1630001068115234,0.0,2961000
2020-06-30,2.2200000286102295,2.2200000286102295,0.0,2.359999895095825,2.0799999237060547,2.0999999046325684,0.0,3369000
2020-07-01,2.3399999141693115,2.3399999141693115,0.0,2.4100000858306885,2.2100000381469727,2.2100000381469727,0.0,3538300
2020-07-02,2.2899999618530273,2.2899999618530273,0.0,2.384999990463257,2.190000057220459,2.380000114440918,0.0,3108700
2020-07-06,2.380000114440918,2.380000114440918,0.0,2.490000009536743,2.309999942779541,2.3499999046325684,0.0,4540800
2020-07-07,2.2899999618530273,2.2899999618530273,0.0,2.384999990463257,2.2300000190734863,2.380000114440918,0.0,2244000
2020-07-08,2.5399999618530273,2.5399999618530273,0.0,2.5799999237060547,2.308000087738037,2.3299999237060547,0.0,9039500
2020-07-09,2.359999895095825,2.359999895095825,0.0,2.5999999046325684,2.259999990463257,2.5899999141693115,0.0,5068600
2020-07-10,2.3299999237060547,2.3299999237060547,0.0,2.390000104904175,2.25,2.299999952316284,0.0,1765900
2020-07-13,2.180000066757202,2.180000066757202,0.0,2.375999927520752,2.1600000858306885,2.3399999141693115,0.0,3641200
2020-07-14,2.25,2.25,0.0,2.25,2.0899999141693115,2.1500000953674316,0.0,1919500
2020-07-15,2.259999990463257,2.259999990463257,0.0,2.2799999713897705,2.180000066757202,2.2699999809265137,0.0,1526600
2020-07-16,2.2200000286102295,2.2200000286102295,0.0,2.2300000190734863,2.1600000858306885,2.200000047683716,0.0,1761600
2020-07-17,2.2300000190734863,2.2300000190734863,0.0,2.259999990463257,2.180000066757202,2.25,0.0,1595100
2020-07-20,2.259999990463257,2.259999990463257,0.0,2.2699999809265137,2.1500000953674316,2.2200000286102295,0.0,2079900
2020-07-21,2.299999952316284,2.299999952316284,0.0,2.369999885559082,2.25,2.3499999046325684,0.0,3792900
2020-07-22,2.3399999141693115,2.3399999141693115,0.0,2.369999885559082,2.240000009536743,2.299999952316284,0.0,5382500
2020-07-23,2.2899999618530273,2.2899999618530273,0.0,2.450000047683716,2.2300000190734863,2.4000000953674316,0.0,7573500
2020-07-24,2.2200000286102295,2.2200000286102295,0.0,2.2850000858306885,2.059999942779541,2.25,0.0,8569200
2020-07-27,2.640000104904175,2.640000104904175,0.0,3.0799999237060547,2.4700000286102295,2.619999885559082,0.0,52558900
2020-07-28,2.7699999809265137,2.7699999809265137,0.0,3.200000047683716,2.6600000858306885,2.869999885559082,0.0,43346200
2020-07-29,2.75,2.75,0.0,2.9100000858306885,2.700000047683716,2.880000114440918,0.0,15147400
2020-07-30,2.549999952316284,2.549999952316284,0.0,2.6600000858306885,2.359999895095825,2.561000108718872,0.0,10283700
2020-07-31,2.640000104904175,2.640000104904175,0.0,2.799999952316284,2.430000066757202,2.5999999046325684,0.0,14306300
2020-08-03,3.5,3.5,0.0,4.0,2.75,2.9000000953674316,0.0,58695600
2020-08-04,3.4000000953674316,3.4000000953674316,0.0,3.6700000762939453,3.0299999713897705,3.200000047683716,0.0,14269800
2020-08-05,4.010000228881836,4.010000228881836,0.0,4.449999809265137,3.8299999237060547,4.070000171661377,0.0,39590900
2020-08-06,4.25,4.25,0.0,4.579999923706055,4.019999980926514,4.369999885559082,0.0,27231000
2020-08-07,3.7699999809265137,3.7699999809265137,0.0,4.150000095367432,3.509999990463257,4.119999885559082,0.0,14748700
2020-08-10,4.130000114440918,4.130000114440918,0.0,4.28000020980835,4.0,4.255000114440918,0.0,12386000
2020-08-11,3.619999885559082,3.619999885559082,0.0,4.039999961853027,3.5399999618530273,3.7799999713897705,0.0,10213600
2020-08-12,3.5399999618530273,3.5399999618530273,0.0,3.8299999237060547,3.5,3.75,0.0,5661500
2020-08-13,3.609999895095825,3.609999895095825,0.0,3.75,3.049999952316284,3.4200000762939453,0.0,11009400
2020-08-14,3.7799999713897705,3.7799999713897705,0.0,3.8399999141693115,3.390000104904175,3.6700000762939453,0.0,10691500
2020-08-17,4.150000095367432,4.150000095367432,0.0,4.409999847412109,3.7699999809265137,3.950000047683716,0.0,21029500
2020-08-18,4.039999961853027,4.039999961853027,0.0,4.199999809265137,3.9100000858306885,4.0,0.0,9456000
2020-08-19,3.690000057220459,3.690000057220459,0.0,4.059999942779541,3.630000114440918,3.869999885559082,0.0,8062900
2020-08-20,3.990000009536743,3.990000009536743,0.0,4.050000190734863,3.7100000381469727,3.7300000190734863,0.0,7506700
2020-08-21,3.7249999046325684,3.7249999046325684,0.0,3.940000057220459,3.6700000762939453,3.819999933242798,0.0,5926100
2020-08-24,3.630000114440918,3.630000114440918,0.0,3.7899999618530273,3.5199999809265137,3.7799999713897705,0.0,4019400
2020-08-25,3.5799999237060547,3.5799999237060547,0.0,3.5999999046325684,3.180000066757202,3.4100000858306885,0.0,7397600
2020-08-26,3.4100000858306885,3.4100000858306885,0.0,3.559999942779541,3.3499999046325684,3.4000000953674316,0.0,3852000
2020-08-27,3.2699999809265137,3.2699999809265137,0.0,3.5,3.1500000953674316,3.4600000381469727,0.0,4789700
2020-08-28,3.5899999141693115,3.5899999141693115,0.0,3.6500000953674316,3.2100000381469727,3.2300000190734863,0.0,8606100
2020-08-31,3.5,3.5,0.0,3.700000047683716,3.3499999046325684,3.6600000858306885,0.0,4588200
2020-09-01,3.75,3.75,0.0,3.880000114440918,3.4200000762939453,3.5199999809265137,0.0,8451200
2020-09-02,3.430000066757202,3.430000066757202,0.0,3.5199999809265137,3.299999952316284,3.509999990463257,0.0,5030500
2020-09-03,3.1600000858306885,3.1600000858306885,0.0,3.2899999618530273,3.059999942779541,3.0999999046325684,0.0,5900100
2020-09-04,3.109999895095825,3.109999895095825,0.0,3.200000047683716,2.5399999618530273,3.0799999237060547,0.0,8056200
2020-09-08,2.819999933242798,2.819999933242798,0.0,3.0199999809265137,2.630000114440918,2.8399999141693115,0.0,4434900
2020-09-09,2.950000047683716,2.950000047683716,0.0,3.0899999141693115,2.880000114440918,2.880000114440918,0.0,3976600
2020-09-10,2.809999942779541,2.809999942779541,0.0,3.200000047683716,2.7799999713897705,3.009999990463257,0.0,4480900
2020-09-11,2.9100000858306885,2.9100000858306885,0.0,2.9700000286102295,2.75,2.869999885559082,0.0,2951000
2020-09-14,3.0199999809265137,3.0199999809265137,0.0,3.119999885559082,2.874000072479248,3.068000078201294,0.0,4284400
2020-09-15,3.0,3.0,0.0,3.130000114440918,2.950000047683716,3.109999895095825,0.0,2856100
2020-09-16,3.049999952316284,3.049999952316284,0.0,3.2799999713897705,2.9600000381469727,3.0199999809265137,0.0,6377500
2020-09-17,3.0,3.0,0.0,3.059999942779541,2.9000000953674316,2.9200000762939453,0.0,2852400
2020-09-18,3.049999952316284,3.049999952316284,0.0,3.059999942779541,2.880000114440918,3.0299999713897705,0.0,3944300
2020-09-21,2.930000066757202,2.930000066757202,0.0,3.0299999713897705,2.75,2.8499999046325684,0.0,3625500
2020-09-22,2.930000066757202,2.930000066757202,0.0,2.9600000381469727,2.8350000381469727,2.950000047683716,0.0,2511300
2020-09-23,2.5999999046325684,2.5999999046325684,0.0,2.9200000762939453,2.5999999046325684,2.9000000953674316,0.0,4315400
2020-09-24,2.690000057220459,2.690000057220459,0.0,2.7699999809265137,2.3499999046325684,2.549999952316284,0.0,4218800
2020-09-25,2.680000066757202,2.680000066757202,0.0,2.7799999713897705,2.5999999046325684,2.6600000858306885,0.0,3685800
2020-09-28,2.740000009536743,2.740000009536743,0.0,2.809999942779541,2.6600000858306885,2.7899999618530273,0.0,3243400
2020-09-29,2.759999990463257,2.759999990463257,0.0,2.7799999713897705,2.6600000858306885,2.700000047683716,0.0,1996600
2020-09-30,2.700000047683716,2.700000047683716,0.0,2.756999969482422,2.630000114440918,2.7300000190734863,0.0,1901500
2020-10-01,2.6500000953674316,2.6500000953674316,0.0,2.740000009536743,2.619999885559082,2.7100000381469727,0.0,1740100
2020-10-02,2.5999999046325684,2.5999999046325684,0.0,2.609999895095825,2.5,2.5299999713897705,0.0,2138300
2020-10-05,2.6600000858306885,2.6600000858306885,0.0,2.680000066757202,2.569999933242798,2.630000114440918,0.0,2047500
2020-10-06,2.569999933242798,2.569999933242798,0.0,2.6700000762939453,2.5299999713897705,2.6600000858306885,0.0,2444300
2020-10-07,2.6600000858306885,2.6600000858306885,0.0,2.6600000858306885,2.546999931335449,2.569999933242798,0.0,2148100
2020-10-08,2.930000066757202,2.930000066757202,0.0,3.0899999141693115,2.7200000286102295,2.7699999809265137,0.0,9775100
2020-10-09,3.0950000286102295,3.0950000286102295,0.0,3.1500000953674316,2.9600000381469727,3.1500000953674316,0.0,6531000
2020-10-12,3.5,3.5,0.0,3.6500000953674316,3.1600000858306885,3.2200000286102295,0.0,12692100
2020-10-13,3.369999885559082,3.369999885559082,0.0,3.4700000286102295,3.2200000286102295,3.4670000076293945,0.0,5209300
2020-10-14,3.2799999713897705,3.2799999713897705,0.0,3.490000009536743,3.2100000381469727,3.3299999237060547,0.0,4012900
2020-10-15,3.4000000953674316,3.4000000953674316,0.0,3.4700000286102295,3.0759999752044678,3.1760001182556152,0.0,3605700
2020-10-16,3.109999895095825,3.109999895095825,0.0,3.369999885559082,3.109999895095825,3.369999885559082,0.0,4208700
2020-10-19,3.299999952316284,3.299999952316284,0.0,3.549999952316284,3.25,3.319999933242798,0.0,8909400
2020-10-20,3.5399999618530273,3.5399999618530273,0.0,3.7699999809265137,3.4100000858306885,3.450000047683716,0.0,13717600
2020-10-21,3.9800000190734863,3.9800000190734863,0.0,4.139999866485596,3.759999990463257,3.930000066757202,0.0,18072900
2020-10-22,4.054999828338623,4.054999828338623,0.0,4.260000228881836,3.8299999237060547,4.179999828338623,0.0,15856100
2020-10-23,3.9100000858306885,3.9100000858306885,0.0,4.010000228881836,3.680000066757202,3.9700000286102295,0.0,7305400
2020-10-26,3.8499999046325684,3.8499999046325684,0.0,4.03000020980835,3.609999895095825,3.9800000190734863,0.0,6772300
2020-10-27,4.019999980926514,4.019999980926514,0.0,4.159999847412109,3.859999895095825,4.03000020980835,0.0,10807100
2020-10-28,3.5,3.5,0.0,3.8299999237060547,3.359999895095825,3.7100000381469727,0.0,8592400
2020-10-29,3.549999952316284,3.549999952316284,0.0,3.7300000190734863,3.440000057220459,3.5,0.0,4609800
2020-10-30,3.2699999809265137,3.2699999809265137,0.0,3.5399999618530273,3.180000066757202,3.4800000190734863,0.0,6904900
2020-11-02,3.2899999618530273,3.2899999618530273,0.0,3.390000104904175,3.140000104904175,3.259999990463257,0.0,3253500
2020-11-03,3.5,3.5,0.0,3.5899999141693115,3.2980000972747803,3.3499999046325684,0.0,5559600
2020-11-04,3.549999952316284,3.549999952316284,0.0,3.7300000190734863,3.380000114440918,3.5899999141693115,0.0,7842100
2020-11-05,3.75,3.75,0.0,3.9800000190734863,3.6600000858306885,3.8299999237060547,0.0,11977200
2020-11-06,3.6500000953674316,3.6500000953674316,0.0,3.819999933242798,3.609999895095825,3.819999933242798,0.0,5328900
2020-11-09,3.5,3.5,0.0,3.619999885559082,3.3299999237060547,3.509999990463257,0.0,5480300
2020-11-10,3.450000047683716,3.450000047683716,0.0,3.4800000190734863,3.200000047683716,3.447000026702881,0.0,3934300
2020-11-11,3.5999999046325684,3.5999999046325684,0.0,3.759999990463257,3.4149999618530273,3.500999927520752,0.0,7266700
2020-11-12,3.700000047683716,3.700000047683716,0.0,3.809999942779541,3.5399999618530273,3.765000104904175,0.0,5205500
2020-11-13,3.9800000190734863,3.9800000190734863,0.0,4.119999885559082,3.5950000286102295,3.7699999809265137,0.0,11293700
2020-11-16,4.099999904632568,4.099999904632568,0.0,4.170000076293945,3.809999942779541,4.019999980926514,0.0,11278300
2020-11-17,6.085000038146973,6.085000038146973,0.0,6.289999961853027,4.070000171661377,4.236000061035156,0.0,82187000
2020-11-18,5.25,5.25,0.0,6.440000057220459,5.050000190734863,6.389999866485596,0.0,48455900
2020-11-19,6.0,6.0,0.0,6.0,5.409999847412109,5.460000038146973,0.0,22024600
2020-11-20,5.994999885559082,5.994999885559082,0.0,6.559999942779541,5.829999923706055,6.170000076293945,0.0,34199600
2020-11-23,7.230000019073486,7.230000019073486,0.0,7.380000114440918,6.190000057220459,6.320000171661377,0.0,39777800
2020-11-24,6.809999942779541,6.809999942779541,0.0,7.599999904632568,6.460000038146973,7.590000152587891,0.0,28281000
2020-11-25,7.079999923706055,7.079999923706055,0.0,7.579999923706055,6.840000152587891,7.090000152587891,0.0,17377800
2020-11-27,6.25,6.25,0.0,6.610000133514404,6.019999980926514,6.150000095367432,0.0,13230100
2020-11-30,8.449999809265137,8.449999809265137,0.0,8.479999542236328,6.900000095367432,7.090000152587891,0.0,46491800
2020-12-01,8.8100004196167,8.8100004196167,0.0,9.09000015258789,7.809999942779541,8.170000076293945,0.0,28848700
2020-12-02,8.510000228881836,8.510000228881836,0.0,8.539999961853027,7.800000190734863,8.420000076293945,0.0,14162400
2020-12-03,9.65999984741211,9.65999984741211,0.0,10.140000343322754,8.5,8.8100004196167,0.0,29297500
2020-12-04,10.0,10.0,0.0,10.59000015258789,9.109999656677246,9.404000282287598,0.0,32322200
2020-12-07,10.630000114440918,10.630000114440918,0.0,11.289999961853027,9.5,9.539999961853027,0.0,27428900
2020-12-08,9.869999885559082,9.869999885559082,0.0,10.920000076293945,9.383000373840332,10.699999809265137,0.0,17488500
2020-12-09,8.850000381469727,8.850000381469727,0.0,10.09000015258789,8.359999656677246,9.819999694824219,0.0,16849800
2020-12-10,9.34000015258789,9.34000015258789,0.0,9.59000015258789,8.460000038146973,8.470000267028809,0.0,12211500
2020-12-11,8.65999984741211,8.65999984741211,0.0,9.270000457763672,8.4399995803833,9.0,0.0,10823800
2020-12-14,9.140000343322754,9.140000343322754,0.0,9.890000343322754,8.899999618530273,9.260000228881836,0.0,17807800
2020-12-15,10.180000305175781,10.180000305175781,0.0,10.300000190734863,9.100000381469727,9.25,0.0,24809400
2020-12-16,10.760000228881836,10.760000228881836,0.0,11.65999984741211,10.529999732971191,11.25,0.0,51278700
2020-12-17,10.395000457763672,10.395000457763672,0.0,11.850000381469727,10.279999732971191,11.645000457763672,0.0,47489500
2020-12-18,10.050000190734863,10.050000190734863,0.0,10.59000015258789,9.649999618530273,9.949999809265137,0.0,27783400
2020-12-21,11.039999961853027,11.039999961853027,0.0,11.319999694824219,9.75,9.890000343322754,0.0,24335600
2020-12-22,14.645000457763672,14.645000457763672,0.0,15.699999809265137,11.630000114440918,11.920000076293945,0.0,70429700
2020-12-23,13.90999984741211,13.90999984741211,0.0,15.010000228881836,13.3100004196167,14.960000038146973,0.0,32496200
2020-12-24,13.119999885559082,13.119999885559082,0.0,14.960000038146973,12.800000190734863,14.069999694824219,0.0,15980000
2020-12-28,15.649999618530273,15.649999618530273,0.0,17.43000030517578,14.710000038146973,15.449999809265137,0.0,44305800
2020-12-29,15.789999961853027,15.789999961853027,0.0,16.450000762939453,14.1899995803833,15.5,0.0,23106600
2020-12-30,17.260000228881836,17.260000228881836,0.0,18.15999984741211,16.43000030517578,16.989999771118164,0.0,42958100
2020-12-31,16.989999771118164,16.989999771118164,0.0,18.66900062561035,16.420000076293945,17.479999542236328,0.0,39818100
2021-01-04,16.479999542236328,16.479999542236328,0.0,19.229999542236328,15.850000381469727,18.799999237060547,0.0,32293600
2021-01-05,18.40999984741211,18.40999984741211,0.0,18.649999618530273,15.350000381469727,15.75,0.0,28099800
2021-01-06,19.280000686645508,19.280000686645508,0.0,20.68000030517578,18.1200008392334,18.889999389648438,0.0,40860400
2021-01-07,22.719999313354492,22.719999313354492,0.0,24.700000762939453,19.8700008392334,20.84000015258789,0.0,59358000
2021-01-08,26.59000015258789,26.59000015258789,0.0,27.389999389648438,23.59000015258789,24.770000457763672,0.0,57499700
2021-01-11,22.639999389648438,22.639999389648438,0.0,24.0,20.260000228881836,21.0,0.0,55243800
2021-01-12,24.209999084472656,24.209999084472656,0.0,24.90999984741211,22.082000732421875,23.280000686645508,0.0,28710500
2021-01-13,23.8799991607666,23.8799991607666,0.0,25.07900047302246,22.520000457763672,23.649999618530273,0.0,24905700
2021-01-14,28.899999618530273,28.899999618530273,0.0,29.280000686645508,25.559999465942383,25.899999618530273,0.0,37561000
2021-01-15,25.780000686645508,25.780000686645508,0.0,27.149999618530273,24.510000228881836,27.0,0.0,28732200
2021-01-19,25.200000762939453,25.200000762939453,0.0,27.19499969482422,24.75,26.700000762939453,0.0,20272300
2021-01-20,22.280000686645508,22.280000686645508,0.0,24.280000686645508,20.700000762939453,24.280000686645508,0.0,26544500
2021-01-21,19.350000381469727,19.350000381469727,0.0,20.469999313354492,17.899999618530273,19.3700008392334,0.0,38293000
2021-01-22,20.969999313354492,20.969999313354492,0.0,22.5,20.280000686645508,20.299999237060547,0.0,30545100
2021-01-25,19.670000076293945,19.670000076293945,0.0,22.25,19.15999984741211,22.010000228881836,0.0,19272000
2021-01-26,19.31999969482422,19.31999969482422,0.0,20.299999237060547,18.3700008392334,18.979999542236328,0.0,14084400
2021-01-27,17.93000030517578,17.93000030517578,0.0,18.93000030517578,16.75,17.790000915527344,0.0,13308800
2021-01-28,19.93000030517578,19.93000030517578,0.0,22.40999984741211,17.75,18.389999389648438,0.0,26695000
2021-01-29,20.520000457763672,20.520000457763672,0.0,24.735000610351562,19.65999984741211,24.5,0.0,26696100
2021-02-01,19.979999542236328,19.979999542236328,0.0,20.479999542236328,18.690000534057617,20.170000076293945,0.0,13088900
2021-02-02,21.489999771118164,21.489999771118164,0.0,22.18000030517578,19.6200008392334,20.559999465942383,0.0,15361800
2021-02-03,22.850000381469727,22.850000381469727,0.0,23.639999389648438,21.719999313354492,22.139999389648438,0.0,18199900
2021-02-04,23.079999923706055,23.079999923706055,0.0,23.5,21.420000076293945,23.469999313354492,0.0,12936700
2021-02-05,23.3799991607666,23.3799991607666,0.0,24.38800048828125,22.93000030517578,23.579999923706055,0.0,12295600
2021-02-08,32.790000915527344,32.790000915527344,0.0,32.900001525878906,25.899999618530273,27.299999237060547,0.0,50819500
2021-02-09,39.86000061035156,39.86000061035156,0.0,41.880001068115234,33.22999954223633,35.560001373291016,0.0,53085100
2021-02-10,36.560001373291016,36.560001373291016,0.0,39.7400016784668,32.25,37.040000915527344,0.0,27942700
2021-02-11,43.09000015258789,43.09000015258789,0.0,46.63999938964844,40.83000183105469,42.35499954223633,0.0,39870500
2021-02-12,49.279998779296875,49.279998779296875,0.0,52.72999954223633,43.65999984741211,46.13999938964844,0.0,48423900
2021-02-16,59.5,59.5,0.0,61.26900100708008,54.349998474121094,55.04499816894531,0.0,43863900
2021-02-17,77.9000015258789,77.9000015258789,0.0,79.5,61.70000076293945,67.83999633789062,0.0,72578500
2021-02-18,62.029998779296875,62.029998779296875,0.0,78.75,58.77000045776367,72.76000213623047,0.0,86796100
2021-02-19,71.33000183105469,71.33000183105469,0.0,77.81999969482422,67.41999816894531,68.80000305175781,0.0,75047100
2021-02-22,64.76000213623047,64.76000213623047,0.0,69.44999694824219,59.70000076293945,61.0,0.0,52489500
2021-02-23,48.79999923706055,48.79999923706055,0.0,56.88999938964844,45.02000045776367,53.70000076293945,0.0,52317000
2021-02-24,52.27000045776367,52.27000045776367,0.0,56.459999084472656,50.86000061035156,53.40999984741211,0.0,33336900
2021-02-25,45.66999816894531,45.66999816894531,0.0,55.88999938964844,45.220001220703125,54.33000183105469,0.0,23574600
2021-02-26,43.7400016784668,43.7400016784668,0.0,47.75,40.54999923706055,41.9900016784668,0.0,23843600
2021-03-01,53.599998474121094,53.599998474121094,0.0,53.810001373291016,46.58000183105469,49.040000915527344,0.0,26614500
2021-03-02,49.099998474121094,49.099998474121094,0.0,57.02000045776367,48.5,57.0,0.0,23546300
2021-03-03,49.56999969482422,49.56999969482422,0.0,55.279998779296875,48.599998474121094,55.13999938964844,0.0,21775400
2021-03-04,44.290000915527344,44.290000915527344,0.0,49.0,41.33000183105469,47.400001525878906,0.0,20168800
2021-03-05,40.29999923706055,40.29999923706055,0.0,45.25,34.25,44.9900016784668,0.0,27668300
2021-03-08,38.97999954223633,38.97999954223633,0.0,43.650001525878906,37.619998931884766,42.20000076293945,0.0,17403000
2021-03-09,52.15999984741211,52.15999984741211,0.0,54.0,43.720001220703125,43.95000076293945,0.0,36308300
2021-03-10,56.5,56.5,0.0,59.33000183105469,52.79999923706055,57.5,0.0,35830600
2021-03-11,63.310001373291016,63.310001373291016,0.0,63.69499969482422,56.720001220703125,57.959999084472656,0.0,29031900
2021-03-12,62.810001373291016,62.810001373291016,0.0,65.75,57.70000076293945,58.099998474121094,0.0,26820500
2021-03-15,63.43000030517578,63.43000030517578,0.0,67.66000366210938,62.71099853515625,62.779998779296875,0.0,22351400
2021-03-16,56.97999954223633,56.97999954223633,0.0,62.16999816894531,55.70000076293945,62.0,0.0,18223100
2021-03-17,64.73999786376953,64.73999786376953,0.0,65.15899658203125,53.400001525878906,54.79999923706055,0.0,26146200
2021-03-18,60.189998626708984,60.189998626708984,0.0,67.8499984741211,59.150001525878906,63.0,0.0,28736500
2021-03-19,60.650001525878906,60.650001525878906,0.0,63.70000076293945,59.5,61.029998779296875,0.0,18072800
2021-03-22,56.0099983215332,56.0099983215332,0.0,60.689998626708984,55.16999816894531,59.95000076293945,0.0,17993700
2021-03-23,50.119998931884766,50.119998931884766,0.0,57.439998626708984,50.0099983215332,54.90999984741211,0.0,18373700
2021-03-24,45.709999084472656,45.709999084472656,0.0,55.709999084472656,45.0,54.36000061035156,0.0,20265100
2021-03-25,48.16999816894531,48.16999816894531,0.0,49.290000915527344,39.130001068115234,39.380001068115234,0.0,26951400
2021-03-26,48.220001220703125,48.220001220703125,0.0,49.79999923706055,45.849998474121094,49.40999984741211,0.0,15141600
2021-03-29,47.88999938964844,47.88999938964844,0.0,52.75,47.29999923706055,51.5099983215332,0.0,17849800
2021-03-30,51.5099983215332,51.5099983215332,0.0,52.18899917602539,47.41999816894531,48.83000183105469,0.0,18358700
2021-03-31,53.27000045776367,53.27000045776367,0.0,54.58000183105469,49.40999984741211,50.72999954223633,0.0,21061700
2021-04-01,52.029998779296875,52.029998779296875,0.0,56.82400131225586,51.119998931884766,54.75,0.0,15058000
2021-04-05,56.900001525878906,56.900001525878906,0.0,57.849998474121094,50.38999938964844,52.106998443603516,0.0,18908700
2021-04-06,54.099998474121094,54.099998474121094,0.0,56.36000061035156,52.305999755859375,56.0,0.0,15194800
2021-04-07,48.369998931884766,48.369998931884766,0.0,53.025001525878906,47.70000076293945,50.52199935913086,0.0,16833100
2021-04-08,49.54999923706055,49.54999923706055,0.0,51.88999938964844,49.349998474121094,50.52000045776367,0.0,13416200
2021-04-09,49.630001068115234,49.630001068115234,0.0,51.599998474121094,47.7599983215332,50.47999954223633,0.0,13678600
2021-04-12,51.529998779296875,51.529998779296875,0.0,55.7869987487793,50.619998931884766,52.5,0.0,23779400
2021-04-13,59.2599983215332,59.2599983215332,0.0,59.959999084472656,52.86000061035156,56.439998626708984,0.0,42774300
2021-04-14,50.15999984741211,50.15999984741211,0.0,61.54999923706055,49.29999923706055,60.797000885009766,0.0,52949200
2021-04-15,48.11000061035156,48.11000061035156,0.0,52.41999816894531,43.290000915527344,50.869998931884766,0.0,39017100
2021-04-16,44.63999938964844,44.63999938964844,0.0,47.560001373291016,42.79999923706055,45.0099983215332,0.0,24637500
2021-04-19,40.900001525878906,40.900001525878906,0.0,43.310001373291016,38.709999084472656,40.349998474121094,0.0,28356400
2021-04-20,38.560001373291016,38.560001373291016,0.0,41.099998474121094,35.709999084472656,40.540000915527344,0.0,29240900
2021-04-21,41.310001373291016,41.310001373291016,0.0,42.06999969482422,36.060001373291016,36.9900016784668,0.0,26801700
2021-04-22,36.4900016784668,36.4900016784668,0.0,42.209999084472656,36.369998931884766,40.58000183105469,0.0,27895100
2021-04-23,38.47999954223633,38.47999954223633,0.0,38.90999984741211,33.369998931884766,34.09000015258789,0.0,25722600
2021-04-26,40.88999938964844,40.88999938964844,0.0,42.1609992980957,39.54999923706055,41.27199935913086,0.0,19234300
2021-04-27,40.52000045776367,40.52000045776367,0.0,41.83000183105469,39.82099914550781,41.650001525878906,0.0,13779300
2021-04-28,43.93000030517578,43.93000030517578,0.0,44.154998779296875,39.40999984741211,40.18000030517578,0.0,15088700
2021-04-29,40.33000183105469,40.33000183105469,0.0,42.72999954223633,39.41999816894531,41.95000076293945,0.0,12765300
2021-04-30,41.83000183105469,41.83000183105469,0.0,43.380001068115234,40.45000076293945,40.810001373291016,0.0,15422800
2021-05-03,39.9900016784668,39.9900016784668,0.0,44.099998474121094,39.31999969482422,42.880001068115234,0.0,14120700
2021-05-04,37.56999969482422,37.56999969482422,0.0,39.0,35.099998474121094,38.604000091552734,0.0,15015600
2021-05-05,36.619998931884766,36.619998931884766,0.0,39.11000061035156,36.0,38.15999984741211,0.0,12083500
2021-05-06,33.45000076293945,33.45000076293945,0.0,36.64899826049805,32.0,36.38999938964844,0.0,14595100
2021-05-07,33.38999938964844,33.38999938964844,0.0,35.52000045776367,32.619998931884766,33.79999923706055,0.0,11020900
2021-05-10,29.950000762939453,29.950000762939453,0.0,33.400001525878906,29.8799991607666,33.33000183105469,0.0,15802800
2021-05-11,29.8700008392334,29.8700008392334,0.0,30.799999237060547,25.649999618530273,25.989999771118164,0.0,19802800
2021-05-12,26.520000457763672,26.520000457763672,0.0,29.600000381469727,26.079999923706055,28.253999710083008,0.0,15277500
2021-05-13,22.229999542236328,22.229999542236328,0.0,26.950000762939453,20.68000030517578,24.90999984741211,0.0,36110500
2021-05-14,26.020000457763672,26.020000457763672,0.0,26.799999237060547,23.6299991607666,24.049999237060547,0.0,22633700
2021-05-17,24.309999465942383,24.309999465942383,0.0,24.520000457763672,22.520000457763672,23.399999618530273,0.0,19807500
2021-05-18,25.559999465942383,25.559999465942383,0.0,26.799999237060547,23.1200008392334,23.200000762939453,0.0,24456900
2021-05-19,24.139999389648438,24.139999389648438,0.0,24.3799991607666,21.610000610351562,21.950000762939453,0.0,41600100
2021-05-20,24.18000030517578,24.18000030517578,0.0,26.577999114990234,23.125999450683594,26.06999969482422,0.0,24949500
2021-05-21,22.84000015258789,22.84000015258789,0.0,25.459999084472656,22.459999084472656,24.450000762939453,0.0,24553800
2021-05-24,25.950000762939453,25.950000762939453,0.0,26.299999237060547,22.770000457763672,23.450000762939453,0.0,22951100
2021-05-25,25.139999389648438,25.139999389648438,0.0,25.860000610351562,24.350000381469727,24.979999542236328,0.0,16489500
2021-05-26,27.639999389648438,27.639999389648438,0.0,28.6299991607666,26.030000686645508,26.68000030517578,0.0,28262400
2021-05-27,28.5,28.5,0.0,29.600000381469727,27.280000686645508,28.850000381469727,0.0,23524200
2021-05-28,27.1299991607666,27.1299991607666,0.0,28.719999313354492,26.729999542236328,27.400999069213867,0.0,13679800
2021-06-01,29.229999542236328,29.229999542236328,0.0,29.8700008392334,27.059999465942383,27.100000381469727,0.0,14647700
2021-06-02,30.030000686645508,30.030000686645508,0.0,31.059999465942383,29.100000381469727,30.280000686645508,0.0,14458600
2021-06-03,28.280000686645508,28.280000686645508,0.0,30.520000457763672,28.010000228881836,30.476999282836914,0.0,11061800
2021-06-04,29.149999618530273,29.149999618530273,0.0,29.18000030517578,27.600000381469727,27.959999084472656,0.0,9402500
2021-06-07,28.81999969482422,28.81999969482422,0.0,29.489999771118164,27.899999618530273,29.226999282836914,0.0,8729900
2021-06-08,28.059999465942383,28.059999465942383,0.0,28.43000030517578,25.290000915527344,27.3799991607666,0.0,13799500
2021-06-09,31.40999984741211,31.40999984741211,0.0,33.09000015258789,28.350000381469727,28.6299991607666,0.0,21515700
2021-06-10,31.639999389648438,31.639999389648438,0.0,32.689998626708984,30.40999984741211,31.770000457763672,0.0,14163500
2021-06-11,31.030000686645508,31.030000686645508,0.0,31.8700008392334,30.139999389648438,31.197999954223633,0.0,8444000
2021-06-14,35.400001525878906,35.400001525878906,0.0,38.08000183105469,33.380001068115234,34.0099983215332,0.0,25489000
2021-06-15,35.060001373291016,35.060001373291016,0.0,36.66999816894531,33.810001373291016,36.060001373291016,0.0,12984900
2021-06-16,34.20000076293945,34.20000076293945,0.0,35.119998931884766,33.209999084472656,33.922000885009766,0.0,10166400
2021-06-17,34.29999923706055,34.29999923706055,0.0,35.91999816894531,33.75,34.0,0.0,10132200
2021-06-18,32.18000030517578,32.18000030517578,0.0,34.279998779296875,31.68000030517578,33.659000396728516,0.0,10785800
2021-06-21,31.56999969482422,31.56999969482422,0.0,32.04999923706055,30.0049991607666,30.3799991607666,0.0,11017900
2021-06-22,32.22999954223633,32.22999954223633,0.0,32.5,28.399999618530273,29.3799991607666,0.0,17705200
2021-06-23,32.47999954223633,32.47999954223633,0.0,34.619998931884766,32.31999969482422,33.95000076293945,0.0,10016800
2021-06-24,34.02000045776367,34.02000045776367,0.0,34.150001525878906,32.849998474121094,33.11000061035156,0.0,9375400
2021-06-25,32.970001220703125,32.970001220703125,0.0,33.61000061035156,32.380001068115234,33.0,0.0,18800900
2021-06-28,36.18000030517578,36.18000030517578,0.0,36.584999084472656,33.40999984741211,34.11000061035156,0.0,11326700
2021-06-29,37.810001373291016,37.810001373291016,0.0,40.34000015258789,37.125999450683594,38.0,0.0,14903700
2021-06-30,37.66999816894531,37.66999816894531,0.0,38.220001220703125,35.7599983215332,36.630001068115234,0.0,8321200
2021-07-01,36.209999084472656,36.209999084472656,0.0,37.650001525878906,35.79999923706055,37.22999954223633,0.0,6548200
2021-07-02,36.22999954223633,36.22999954223633,0.0,37.08000183105469,35.90999984741211,36.5,0.0,4630200
2021-07-06,35.43000030517578,35.43000030517578,0.0,37.279998779296875,34.529998779296875,36.97999954223633,0.0,6065900
2021-07-07,35.439998626708984,35.439998626708984,0.0,36.95000076293945,34.959999084472656,35.7599983215332,0.0,5920300
2021-07-08,33.720001220703125,33.720001220703125,0.0,34.2400016784668,32.380001068115234,33.540000915527344,0.0,5669600
2021-07-09,32.83000183105469,32.83000183105469,0.0,34.4900016784668,32.652000427246094,33.97999954223633,0.0,5794600
2021-07-12,31.399999618530273,31.399999618530273,0.0,33.11000061035156,30.84000015258789,33.0099983215332,0.0,5351100
2021-07-13,30.059999465942383,30.059999465942383,0.0,31.5,30.020000457763672,31.399999618530273,0.0,4132900
2021-07-14,28.59000015258789,28.59000015258789,0.0,30.729999542236328,28.510000228881836,30.634000778198242,0.0,5016900
2021-07-15,28.219999313354492,28.219999313354492,0.0,29.360000610351562,27.360000610351562,27.849000930786133,0.0,4710500
2021-07-16,27.280000686645508,27.280000686645508,0.0,28.75,27.15999984741211,28.399999618530273,0.0,4685500
2021-07-19,25.959999084472656,25.959999084472656,0.0,26.8700008392334,25.56999969482422,25.989999771118164,0.0,6156000
2021-07-20,25.850000381469727,25.850000381469727,0.0,26.31999969482422,23.93000030517578,25.3700008392334,0.0,6995500
2021-07-21,29.15999984741211,29.15999984741211,0.0,29.90999984741211,27.610000610351562,27.799999237060547,0.0,11923100
2021-07-22,28.8700008392334,28.8700008392334,0.0,29.440000534057617,27.719999313354492,29.170000076293945,0.0,7155500
2021-07-23,28.100000381469727,28.100000381469727,0.0,29.75,27.049999237060547,28.87700080871582,0.0,7639700
2021-07-26,34.0,34.0,0.0,34.720001220703125,31.700000762939453,32.5,0.0,23666900
2021-07-27,31.639999389648438,31.639999389648438,0.0,33.650001525878906,30.469999313354492,32.63999938964844,0.0,8746200
2021-07-28,32.959999084472656,32.959999084472656,0.0,33.88999938964844,32.02000045776367,33.099998474121094,0.0,8729100
2021-07-29,31.899999618530273,31.899999618530273,0.0,34.02000045776367,31.8799991607666,32.939998626708984,0.0,7116200
2021-07-30,32.95000076293945,32.95000076293945,0.0,33.099998474121094,31.350000381469727,31.65999984741211,0.0,5497300
2021-08-02,33.45000076293945,33.45000076293945,0.0,35.38999938964844,32.43000030517578,32.91999816894531,0.0,11575900
2021-08-03,31.479999542236328,31.479999542236328,0.0,33.099998474121094,30.790000915527344,32.790000915527344,0.0,8041900
2021-08-04,32.709999084472656,32.709999084472656,0.0,33.79999923706055,31.75,32.0,0.0,9251100
2021-08-05,33.59000015258789,33.59000015258789,0.0,34.279998779296875,30.850000381469727,31.799999237060547,0.0,10273800
2021-08-06,34.970001220703125,34.970001220703125,0.0,35.7599983215332,32.810001373291016,33.619998931884766,0.0,11749500
2021-08-09,37.83000183105469,37.83000183105469,0.0,39.95000076293945,36.52000045776367,37.084999084472656,0.0,24700600
2021-08-10,38.4900016784668,38.4900016784668,0.0,39.04100036621094,36.59000015258789,38.16999816894531,0.0,12301900
2021-08-11,37.7599983215332,37.7599983215332,0.0,40.79999923706055,37.20000076293945,39.426998138427734,0.0,14019100
2021-08-12,36.83000183105469,36.83000183105469,0.0,37.66999816894531,34.70000076293945,35.88999938964844,0.0,7247000
2021-08-13,35.810001373291016,35.810001373291016,0.0,38.81999969482422,35.650001525878906,38.09000015258789,0.0,9797000
2021-08-16,35.83000183105469,35.83000183105469,0.0,36.970001220703125,34.60900115966797,36.16999816894531,0.0,7496200
2021-08-17,32.7599983215332,32.7599983215332,0.0,35.79999923706055,32.40999984741211,35.39500045776367,0.0,7874600
2021-08-18,31.889999389648438,31.889999389648438,0.0,33.84000015258789,31.790000915527344,32.47999954223633,0.0,7315800
2021-08-19,32.08000183105469,32.08000183105469,0.0,32.72999954223633,30.860000610351562,31.260000228881836,0.0,9289800
2021-08-20,34.33000183105469,34.33000183105469,0.0,35.279998779296875,32.6349983215332,32.709999084472656,0.0,11635900
2021-08-23,35.72999954223633,35.72999954223633,0.0,37.29999923706055,35.040000915527344,36.68000030517578,0.0,11981400
2021-08-24,37.630001068115234,37.630001068115234,0.0,37.630001068115234,34.849998474121094,36.066001892089844,0.0,11224100
2021-08-25,37.720001220703125,37.720001220703125,0.0,38.7400016784668,36.650001525878906,36.849998474121094,0.0,12404600
2021-08-26,36.279998779296875,36.279998779296875,0.0,38.060001373291016,35.821998596191406,37.19499969482422,0.0,6640400
2021-08-27,38.56999969482422,38.56999969482422,0.0,39.349998474121094,36.349998474121094,36.5369987487793,0.0,12115300
2021-08-30,37.70000076293945,37.70000076293945,0.0,38.44599914550781,36.70000076293945,37.79999923706055,0.0,7975600
2021-08-31,37.31999969482422,37.31999969482422,0.0,37.9900016784668,36.540000915527344,37.48899841308594,0.0,7035300
2021-09-01,36.5,36.5,0.0,38.709999084472656,36.279998779296875,37.439998626708984,0.0,15357400
2021-09-02,35.959999084472656,35.959999084472656,0.0,38.290000915527344,35.90999984741211,37.81999969482422,0.0,16653700
2021-09-03,34.43000030517578,34.43000030517578,0.0,37.31999969482422,34.185001373291016,36.52000045776367,0.0,16981200
2021-09-07,32.11000061035156,32.11000061035156,0.0,34.70000076293945,30.90999984741211,34.172000885009766,0.0,17896400
2021-09-08,30.385000228881836,30.385000228881836,0.0,32.31999969482422,30.260000228881836,32.08000183105469,0.0,8526800
2021-09-09,31.350000381469727,31.350000381469727,0.0,31.969999313354492,30.799999237060547,31.1200008392334,0.0,8909300
2021-09-10,29.6200008392334,29.6200008392334,0.0,31.719999313354492,29.459999084472656,31.25,0.0,9130000
2021-09-13,29.299999237060547,29.299999237060547,0.0,30.520000457763672,28.8799991607666,29.299999237060547,0.0,10625200
2021-09-14,28.84000015258789,28.84000015258789,0.0,30.329999923706055,28.690000534057617,30.059999465942383,0.0,7461800
2021-09-15,30.329999923706055,30.329999923706055,0.0,30.520000457763672,29.040000915527344,29.719999313354492,0.0,9600100
2021-09-16,29.3700008392334,29.3700008392334,0.0,30.360000610351562,29.079999923706055,30.100000381469727,0.0,7185700
2021-09-17,29.299999237060547,29.299999237060547,0.0,29.739999771118164,28.799999237060547,29.29400062561035,0.0,6795600
2021-09-20,27.530000686645508,27.530000686645508,0.0,28.389999389648438,26.871000289916992,27.25,0.0,10260900
2021-09-21,27.360000610351562,27.360000610351562,0.0,27.874000549316406,26.940000534057617,27.799999237060547,0.0,6340400
2021-09-22,28.729999542236328,28.729999542236328,0.0,29.06800079345703,27.110000610351562,27.48200035095215,0.0,6237000
2021-09-23,29.389999389648438,29.389999389648438,0.0,29.5,28.440000534057617,28.8700008392334,0.0,6239100
2021-09-24,27.93000030517578,27.93000030517578,0.0,28.540000915527344,27.170000076293945,27.6560001373291,0.0,7881500
2021-09-27,27.770000457763672,27.770000457763672,0.0,28.450000762939453,27.18000030517578,27.84000015258789,0.0,6440900
2021-09-28,25.780000686645508,25.780000686645508,0.0,27.780000686645508,25.68000030517578,27.399999618530273,0.0,6685000
2021-09-29,24.8700008392334,24.8700008392334,0.0,26.20199966430664,24.81999969482422,26.059999465942383,0.0,5357900
2021-09-30,25.700000762939453,25.700000762939453,0.0,26.329999923706055,25.299999237060547,25.459999084472656,0.0,6539400
2021-10-01,26.100000381469727,26.100000381469727,0.0,27.309999465942383,25.739999771118164,27.200000762939453,0.0,9501500
2021-10-04,25.25,25.25,0.0,25.969999313354492,24.350000381469727,25.94300079345703,0.0,8385400
2021-10-05,26.34000015258789,26.34000015258789,0.0,26.559999465942383,25.170000076293945,25.5,0.0,10643900
2021-10-06,26.610000610351562,26.610000610351562,0.0,28.09000015258789,26.34000015258789,27.329999923706055,0.0,16411900
2021-10-07,26.1200008392334,26.1200008392334,0.0,26.65999984741211,25.579999923706055,26.299999237060547,0.0,9209300
2021-10-08,25.829999923706055,25.829999923706055,0.0,26.739999771118164,25.68000030517578,26.479999542236328,0.0,8259200
2021-10-11,27.6299991607666,27.6299991607666,0.0,28.899999618530273,26.059999465942383,26.209999084472656,0.0,16105900
2021-10-12,25.510000228881836,25.510000228881836,0.0,27.549999237060547,25.149999618530273,27.43000030517578,0.0,12790200
2021-10-13,25.639999389648438,25.639999389648438,0.0,26.299999237060547,24.6299991607666,25.450000762939453,0.0,10188000
2021-10-14,26.1200008392334,26.1200008392334,0.0,26.389999389648438,25.420000076293945,26.0,0.0,9822100
2021-10-15,27.850000381469727,27.850000381469727,0.0,28.579999923706055,26.68000030517578,27.479999542236328,0.0,28983600
2021-10-18,29.799999237060547,29.799999237060547,0.0,30.979999542236328,27.719999313354492,27.815000534057617,0.0,22704100
2021-10-19,30.829999923706055,30.829999923706055,0.0,31.799999237060547,29.059999465942383,30.597000122070312,0.0,26639500
2021-10-20,31.440000534057617,31.440000534057617,0.0,32.83000183105469,30.399999618530273,30.950000762939453,0.0,21216200
2021-10-21,29.440000534057617,29.440000534057617,0.0,32.04999923706055,29.100000381469727,31.290000915527344,0.0,15225600
2021-10-22,28.280000686645508,28.280000686645508,0.0,29.43000030517578,27.56999969482422,29.030000686645508,0.0,10903400
2021-10-25,29.59000015258789,29.59000015258789,0.0,30.423999786376953,28.860000610351562,29.1200008392334,0.0,11337100
2021-10-26,28.440000534057617,28.440000534057617,0.0,29.520000457763672,28.18000030517578,29.450000762939453,0.0,8672600
2021-10-27,26.59000015258789,26.59000015258789,0.0,27.790000915527344,26.450000762939453,27.459999084472656,0.0,9726400
2021-10-28,27.540000915527344,27.540000915527344,0.0,28.010000228881836,26.31999969482422,27.520000457763672,0.0,8482600
2021-10-29,27.219999313354492,27.219999313354492,0.0,28.20400047302246,26.809999465942383,27.420000076293945,0.0,9420700
2021-11-01,28.09000015258789,28.09000015258789,0.0,28.760000228881836,27.010000228881836,27.315000534057617,0.0,10537300
2021-11-02,31.899999618530273,31.899999618530273,0.0,31.979999542236328,28.670000076293945,28.913999557495117,0.0,22518600
2021-11-03,32.7599983215332,32.7599983215332,0.0,32.97999954223633,29.790000915527344,31.06999969482422,0.0,16720200
2021-11-04,32.720001220703125,32.720001220703125,0.0,34.20000076293945,31.950000762939453,32.70000076293945,0.0,15392400
2021-11-05,31.489999771118164,31.489999771118164,0.0,33.29999923706055,31.209999084472656,33.04999923706055,0.0,8936300
2021-11-08,36.689998626708984,36.689998626708984,0.0,37.75,33.77000045776367,33.95500183105469,0.0,27320300
2021-11-09,39.86000061035156,39.86000061035156,0.0,42.84000015258789,37.08000183105469,41.099998474121094,0.0,29118900
2021-11-10,36.4900016784668,36.4900016784668,0.0,41.7599983215332,35.80099868774414,41.130001068115234,0.0,28296300
2021-11-11,39.529998779296875,39.529998779296875,0.0,39.79999923706055,37.15999984741211,37.49100112915039,0.0,13000400
2021-11-12,44.189998626708984,44.189998626708984,0.0,44.290000915527344,37.779998779296875,39.689998626708984,0.0,23594800
2021-11-15,42.09000015258789,42.09000015258789,0.0,46.279998779296875,41.08000183105469,45.939998626708984,0.0,28541600
2021-11-16,36.900001525878906,36.900001525878906,0.0,39.33000183105469,35.150001525878906,36.400001525878906,0.0,27773800
2021-11-17,35.279998779296875,35.279998779296875,0.0,38.32500076293945,34.869998931884766,37.599998474121094,0.0,15912600
2021-11-18,33.630001068115234,33.630001068115234,0.0,35.16999816894531,31.420000076293945,34.44499969482422,0.0,18520100
2021-11-19,36.18000030517578,36.18000030517578,0.0,36.79999923706055,33.856998443603516,34.042999267578125,0.0,14420700
2021-11-22,33.45000076293945,33.45000076293945,0.0,37.02000045776367,32.54999923706055,36.540000915527344,0.0,16233200
2021-11-23,36.130001068115234,36.130001068115234,0.0,36.16999816894531,33.36000061035156,33.810001373291016,0.0,13270000
2021-11-24,37.0,37.0,0.0,37.14400100708008,33.619998931884766,34.40999984741211,0.0,11818400
2021-11-26,34.91999816894531,34.91999816894531,0.0,36.400001525878906,34.349998474121094,34.79999923706055,0.0,8234600
2021-11-29,37.369998931884766,37.369998931884766,0.0,38.060001373291016,33.66699981689453,36.33000183105469,0.0,16308300
2021-11-30,37.369998931884766,37.369998931884766,0.0,40.08000183105469,35.507999420166016,37.86000061035156,0.0,22146600
2021-12-01,35.599998474121094,35.599998474121094,0.0,40.95000076293945,35.18000030517578,38.61000061035156,0.0,22530900
2021-12-02,32.970001220703125,32.970001220703125,0.0,36.57099914550781,31.610000610351562,34.97999954223633,0.0,19444900
2021-12-03,28.639999389648438,28.639999389648438,0.0,34.099998474121094,27.799999237060547,33.54999923706055,0.0,24201300
2021-12-06,28.139999389648438,28.139999389648438,0.0,29.3700008392334,25.0,26.469999313354492,0.0,20225300
2021-12-07,29.68000030517578,29.68000030517578,0.0,30.670000076293945,29.020000457763672,29.898000717163086,0.0,13153600
2021-12-08,29.34000015258789,29.34000015258789,0.0,30.25,28.719999313354492,29.59000015258789,0.0,10704200
2021-12-09,26.5,26.5,0.0,28.799999237060547,26.399999618530273,28.691999435424805,0.0,13750900
2021-12-10,26.0,26.0,0.0,27.530000686645508,25.350000381469727,27.204999923706055,0.0,10045600
2021-12-13,24.3700008392334,24.3700008392334,0.0,25.59000015258789,23.950000762939453,25.559999465942383,0.0,11565900
2021-12-14,24.93000030517578,24.93000030517578,0.0,25.476999282836914,23.600000381469727,23.799999237060547,0.0,9702200
2021-12-15,25.8700008392334,25.8700008392334,0.0,26.511999130249023,23.040000915527344,24.68000030517578,0.0,14907600
2021-12-16,23.8799991607666,23.8799991607666,0.0,26.280000686645508,23.312000274658203,25.81999969482422,0.0,11068200
2021-12-17,23.239999771118164,23.239999771118164,0.0,24.048999786376953,21.81999969482422,23.360000610351562,0.0,13789400
2021-12-20,22.520000457763672,22.520000457763672,0.0,23.059999465942383,21.709999084472656,22.360000610351562,0.0,10172300
2021-12-21,24.049999237060547,24.049999237060547,0.0,24.299999237060547,23.020000457763672,23.450000762939453,0.0,8805400
2021-12-22,23.6200008392334,23.6200008392334,0.0,24.850000381469727,23.31999969482422,23.760000228881836,0.0,7726200
2021-12-23,25.670000076293945,25.670000076293945,0.0,26.18000030517578,22.95800018310547,23.575000762939453,0.0,13639500
2021-12-27,25.850000381469727,25.850000381469727,0.0,26.790000915527344,25.420000076293945,25.889999389648438,0.0,9713700
2021-12-28,23.649999618530273,23.649999618530273,0.0,24.940000534057617,23.260000228881836,24.760000228881836,0.0,9570900
2021-12-29,23.0,23.0,0.0,23.889999389648438,22.549999237060547,23.1299991607666,0.0,7342300
2021-12-30,23.5,23.5,0.0,24.3799991607666,22.6200008392334,22.81999969482422,0.0,8721600
2021-12-31,22.329999923706055,22.329999923706055,0.0,23.950000762939453,22.309999465942383,23.530000686645508,0.0,8680600
2022-01-03,22.739999771118164,22.739999771118164,0.0,23.139999389648438,21.902999877929688,22.450000762939453,0.0,7226500
2022-01-04,24.3799991607666,24.3799991607666,0.0,24.625,23.020000457763672,23.299999237060547,0.0,11870000
2022-01-05,21.440000534057617,21.440000534057617,0.0,24.200000762939453,21.190000534057617,23.770000457763672,0.0,13214500
2022-01-06,20.479999542236328,20.479999542236328,0.0,21.610000610351562,19.594999313354492,21.165000915527344,0.0,11418300
2022-01-07,20.360000610351562,20.360000610351562,0.0,21.055999755859375,19.450000762939453,19.985000610351562,0.0,11922000
2022-01-10,20.09000015258789,20.09000015258789,0.0,20.46500015258789,18.75,19.309999465942383,0.0,9888300
2022-01-11,20.860000610351562,20.860000610351562,0.0,21.350000381469727,19.594999313354492,19.90999984741211,0.0,9509900
2022-01-12,21.1299991607666,21.1299991607666,0.0,22.100000381469727,20.700000762939453,21.715999603271484,0.0,9561000
2022-01-13,20.149999618530273,20.149999618530273,0.0,21.979999542236328,20.030000686645508,21.7450008392334,0.0,8280900
2022-01-14,20.68000030517578,20.68000030517578,0.0,20.84000015258789,19.719999313354492,19.860000610351562,0.0,6676400
2022-01-18,18.700000762939453,18.700000762939453,0.0,20.190000534057617,18.610000610351562,19.674999237060547,0.0,8587500
2022-01-19,17.489999771118164,17.489999771118164,0.0,19.295000076293945,17.399999618530273,19.010000228881836,0.0,8712000
2022-01-20,17.469999313354492,17.469999313354492,0.0,19.139999389648438,17.43000030517578,18.010000228881836,0.0,8606300
2022-01-21,14.994999885559082,14.994999885559082,0.0,16.959999084472656,14.899999618530273,16.299999237060547,0.0,17283700
2022-01-24,15.130000114440918,15.130000114440918,0.0,15.168999671936035,12.899999618530273,13.479999542236328,0.0,23197200
2022-01-25,14.640000343322754,14.640000343322754,0.0,15.199999809265137,14.039999961853027,14.479000091552734,0.0,10972500
2022-01-26,14.329999923706055,14.329999923706055,0.0,16.100000381469727,14.069999694824219,15.855999946594238,0.0,15108600
2022-01-27,13.449999809265137,13.449999809265137,0.0,14.569999694824219,13.210000038146973,14.399999618530273,0.0,11443800
2022-01-28,14.699999809265137,14.699999809265137,0.0,14.78499984741211,13.119999885559082,13.649999618530273,0.0,11342300
2022-01-31,15.9399995803833,15.9399995803833,0.0,16.170000076293945,14.649999618530273,14.904999732971191,0.0,10073400
2022-02-01,16.690000534057617,16.690000534057617,0.0,16.989999771118164,15.670000076293945,16.559999465942383,0.0,9900000
2022-02-02,15.569999694824219,15.569999694824219,0.0,16.729999542236328,15.0649995803833,16.444000244140625,0.0,8767200
2022-02-03,14.789999961853027,14.789999961853027,0.0,15.65999984741211,14.640000343322754,14.84000015258789,0.0,8051600
2022-02-04,16.56999969482422,16.56999969482422,0.0,16.889999389648438,14.710000038146973,15.109999656677246,0.0,15549200
2022-02-07,17.700000762939453,17.700000762939453,0.0,18.53499984741211,17.309999465942383,17.709999084472656,0.0,17911400
2022-02-08,18.290000915527344,18.290000915527344,0.0,18.40999984741211,17.200000762939453,17.523000717163086,0.0,10474500
2022-02-09,19.649999618530273,19.649999618530273,0.0,19.670000076293945,18.190000534057617,18.6299991607666,0.0,10223500
2022-02-10,19.270000457763672,19.270000457763672,0.0,20.829999923706055,18.889999389648438,18.93000030517578,0.0,14023000
2022-02-11,18.3700008392334,18.3700008392334,0.0,20.079999923706055,18.09000015258789,19.299999237060547,0.0,10814800
2022-02-14,17.920000076293945,17.920000076293945,0.0,19.09000015258789,17.670000076293945,18.360000610351562,0.0,7381600
2022-02-15,19.729999542236328,19.729999542236328,0.0,19.850000381469727,18.850000381469727,19.059999465942383,0.0,10252300
2022-02-16,19.59000015258789,19.59000015258789,0.0,19.860000610351562,18.959999084472656,19.134000778198242,0.0,6371100
2022-02-17,17.760000228881836,17.760000228881836,0.0,19.34000015258789,17.600000381469727,19.0,0.0,7025300
2022-02-18,16.969999313354492,16.969999313354492,0.0,17.84000015258789,16.729999542236328,17.68000030517578,0.0,6579100
2022-02-22,15.949999809265137,15.949999809265137,0.0,16.996000289916992,15.710000038146973,16.11400032043457,0.0,7301500
2022-02-23,15.069999694824219,15.069999694824219,0.0,16.790000915527344,15.020000457763672,16.579999923706055,0.0,7533100
2022-02-24,16.25,16.25,0.0,16.389999389648438,13.630000114440918,13.6899995803833,0.0,12252600
2022-02-25,16.219999313354492,16.219999313354492,0.0,16.700000762939453,15.585000038146973,16.40999984741211,0.0,7577600
2022-02-28,17.229999542236328,17.229999542236328,0.0,17.799999237060547,16.059999465942383,16.1299991607666,0.0,13831600
2022-03-01,17.5,17.5,0.0,18.219999313354492,16.739999771118164,18.190000534057617,0.0,13192400
2022-03-02,17.729999542236328,17.729999542236328,0.0,17.84000015258789,16.770000457763672,17.389999389648438,0.0,7997400
2022-03-03,15.970000267028809,15.970000267028809,0.0,17.889999389648438,15.843000411987305,17.59000015258789,0.0,7159100
2022-03-04,14.920000076293945,14.920000076293945,0.0,16.290000915527344,14.720000267028809,15.729999542236328,0.0,6567300
2022-03-07,14.949999809265137,14.949999809265137,0.0,15.725000381469727,14.65999984741211,15.050000190734863,0.0,8569000
2022-03-08,15.100000381469727,15.100000381469727,0.0,15.73900032043457,14.420000076293945,14.800000190734863,0.0,6858000
2022-03-09,16.84000015258789,16.84000015258789,0.0,17.18000030517578,16.038000106811523,16.079999923706055,0.0,10942800
2022-03-10,16.510000228881836,16.510000228881836,0.0,16.739999771118164,15.829999923706055,16.1299991607666,0.0,6341100
2022-03-11,15.140000343322754,15.140000343322754,0.0,16.719999313354492,15.09000015258789,16.600000381469727,0.0,5723900
2022-03-14,14.15999984741211,14.15999984741211,0.0,15.239999771118164,14.020000457763672,15.0,0.0,6032800
2022-03-15,14.90999984741211,14.90999984741211,0.0,14.970000267028809,13.569999694824219,14.199999809265137,0.0,4296400
2022-03-16,16.389999389648438,16.389999389648438,0.0,16.420000076293945,15.109999656677246,15.199999809265137,0.0,8028700
2022-03-17,18.43000030517578,18.43000030517578,0.0,18.489999771118164,16.030000686645508,16.1200008392334,0.0,10398100
2022-03-18,19.530000686645508,19.530000686645508,0.0,19.799999237060547,17.8799991607666,18.09000015258789,0.0,13580200
2022-03-21,19.6200008392334,19.6200008392334,0.0,20.40999984741211,19.020000457763672,19.575000762939453,0.0,8611900
2022-03-22,20.75,20.75,0.0,21.399999618530273,20.209999084472656,20.459999084472656,0.0,9264400
2022-03-23,20.84000015258789,20.84000015258789,0.0,21.459999084472656,19.94499969482422,20.520000457763672,0.0,7400900
2022-03-24,21.540000915527344,21.540000915527344,0.0,21.600000381469727,20.229999542236328,21.18000030517578,0.0,7709300
2022-03-25,20.760000228881836,20.760000228881836,0.0,22.270000457763672,20.31999969482422,22.0,0.0,7261400
2022-03-28,22.860000610351562,22.860000610351562,0.0,23.65999984741211,21.899999618530273,22.145000457763672,0.0,14306700
2022-03-29,23.0,23.0,0.0,23.107999801635742,21.579999923706055,23.079999923706055,0.0,8443900
2022-03-30,22.040000915527344,22.040000915527344,0.0,22.979999542236328,21.75,22.530000686645508,0.0,5626500
2022-03-31,21.170000076293945,21.170000076293945,0.0,22.8700008392334,21.1200008392334,22.149999618530273,0.0,6034400
2022-04-01,20.729999542236328,20.729999542236328,0.0,21.3799991607666,20.309999465942383,20.600000381469727,0.0,8035100
2022-04-04,20.690000534057617,20.690000534057617,0.0,21.042999267578125,20.3700008392334,20.729999542236328,0.0,6410300
2022-04-05,19.229999542236328,19.229999542236328,0.0,21.010000228881836,19.15999984741211,20.75,0.0,6467100
2022-04-06,17.65999984741211,17.65999984741211,0.0,18.674999237060547,17.3799991607666,18.540000915527344,0.0,9199600
2022-04-07,17.420000076293945,17.420000076293945,0.0,17.979999542236328,16.770000457763672,17.559999465942383,0.0,6392800
2022-04-08,16.68000030517578,16.68000030517578,0.0,17.510000228881836,16.6200008392334,17.1299991607666,0.0,6101400
2022-04-11,15.90999984741211,15.90999984741211,0.0,16.450000762939453,15.470000267028809,16.100000381469727,0.0,5646700
2022-04-12,15.470000267028809,15.470000267028809,0.0,16.940000534057617,15.369999885559082,16.299999237060547,0.0,6857800
2022-04-13,16.010000228881836,16.010000228881836,0.0,16.100000381469727,15.3100004196167,15.449999809265137,0.0,6376600
2022-04-14,14.970000267028809,14.970000267028809,0.0,16.06999969482422,14.960000038146973,15.960000038146973,0.0,6280400
2022-04-18,14.789999961853027,14.789999961853027,0.0,15.0600004196167,14.265000343322754,14.75,0.0,6212900
2022-04-19,14.880000114440918,14.880000114440918,0.0,15.210000038146973,14.229999542236328,14.819999694824219,0.0,7729800
2022-04-20,13.949999809265137,13.949999809265137,0.0,15.109999656677246,13.845000267028809,14.930000305175781,0.0,8423900
2022-04-21,12.800000190734863,12.800000190734863,0.0,14.72599983215332,12.760000228881836,14.460000038146973,0.0,10523800
2022-04-22,11.850000381469727,11.850000381469727,0.0,13.100000381469727,11.819999694824219,12.654999732971191,0.0,9682600
2022-04-25,12.039999961853027,12.039999961853027,0.0,12.119999885559082,11.420000076293945,11.515000343322754,0.0,9640800
2022-04-26,11.079999923706055,11.079999923706055,0.0,12.039999961853027,10.96500015258789,11.970000267028809,0.0,8596300
2022-04-27,10.979999542236328,10.979999542236328,0.0,11.699999809265137,10.779999732971191,10.824999809265137,0.0,8272900
2022-04-28,10.9399995803833,10.9399995803833,0.0,11.369999885559082,10.350000381469727,11.100000381469727,0.0,10367400
2022-04-29,10.140000343322754,10.140000343322754,0.0,11.461000442504883,10.109999656677246,10.819999694824219,0.0,7931900
2022-05-02,10.970000267028809,10.970000267028809,0.0,10.979999542236328,9.75,10.09000015258789,0.0,10925500
2022-05-03,10.84000015258789,10.84000015258789,0.0,11.387999534606934,10.720000267028809,10.859999656677246,0.0,6528400
2022-05-04,11.569999694824219,11.569999694824219,0.0,11.640000343322754,10.241999626159668,10.899999618530273,0.0,11556800
2022-05-05,10.1899995803833,10.1899995803833,0.0,11.369999885559082,9.90999984741211,11.34000015258789,0.0,9394800
2022-05-06,9.489999771118164,9.489999771118164,0.0,10.09000015258789,9.300000190734863,9.989999771118164,0.0,8815400
2022-05-09,7.670000076293945,7.670000076293945,0.0,9.0,7.53000020980835,8.869999885559082,0.0,14021200
2022-05-10,7.53000020980835,7.53000020980835,0.0,8.5,7.230000019073486,8.25,0.0,12194500
2022-05-11,6.840000152587891,6.840000152587891,0.0,7.980000019073486,6.75,7.079999923706055,0.0,17503500
2022-05-12,7.309999942779541,7.309999942779541,0.0,7.449999809265137,6.25,6.5,0.0,19021000
2022-05-13,7.96999979019165,7.96999979019165,0.0,8.430000305175781,7.71999979019165,7.949999809265137,0.0,17060900
2022-05-16,7.190000057220459,7.190000057220459,0.0,7.929999828338623,7.170000076293945,7.829999923706055,0.0,9857300
2022-05-17,7.619999885559082,7.619999885559082,0.0,7.829999923706055,7.329999923706055,7.559999942779541,0.0,9248300
2022-05-18,6.929999828338623,6.929999828338623,0.0,7.570000171661377,6.800000190734863,7.449999809265137,0.0,10537400
2022-05-19,7.130000114440918,7.130000114440918,0.0,7.53000020980835,6.949999809265137,6.989999771118164,0.0,12357500
2022-05-20,6.840000152587891,6.840000152587891,0.0,7.349999904632568,6.4710001945495605,7.269999980926514,0.0,13467600
2022-05-23,6.860000133514404,6.860000133514404,0.0,7.130000114440918,6.644999980926514,6.960000038146973,0.0,11586800
2022-05-24,6.269999980926514,6.269999980926514,0.0,6.829999923706055,6.070000171661377,6.690000057220459,0.0,9882400
2022-05-25,6.429999828338623,6.429999828338623,0.0,6.559999942779541,6.184999942779541,6.21999979019165,0.0,7512000
2022-05-26,6.730000019073486,6.730000019073486,0.0,6.920000076293945,5.96999979019165,6.139999866485596,0.0,14240800
2022-05-27,7.239999771118164,7.239999771118164,0.0,7.300000190734863,6.738999843597412,6.800000190734863,0.0,14393100
2022-05-31,7.190000057220459,7.190000057220459,0.0,7.829999923706055,7.050000190734863,7.769999980926514,0.0,20431800
2022-06-01,6.519999980926514,6.519999980926514,0.0,7.25,6.480000019073486,7.199999809265137,0.0,15500400
2022-06-02,6.869999885559082,6.869999885559082,0.0,7.059999942779541,6.429999828338623,6.489999771118164,0.0,14267400
2022-06-03,6.210000038146973,6.210000038146973,0.0,6.619999885559082,6.110000133514404,6.559999942779541,0.0,15232400
2022-06-06,6.369999885559082,6.369999885559082,0.0,6.599999904632568,6.25,6.5,0.0,12234100
2022-06-07,6.170000076293945,6.170000076293945,0.0,6.230000019073486,5.820000171661377,6.150000095367432,0.0,17003700
2022-06-08,5.96999979019165,5.96999979019165,0.0,6.425000190734863,5.920000076293945,6.079999923706055,0.0,11169200
2022-06-09,5.46999979019165,5.46999979019165,0.0,5.900000095367432,5.440000057220459,5.889999866485596,0.0,13909300
2022-06-10,5.170000076293945,5.170000076293945,0.0,5.480000019073486,5.130000114440918,5.25,0.0,13120600
2022-06-13,4.650000095367432,4.650000095367432,0.0,4.860000133514404,4.360000133514404,4.369999885559082,0.0,16599900
2022-06-14,4.889999866485596,4.889999866485596,0.0,5.014999866485596,4.440000057220459,4.704999923706055,0.0,10692200
2022-06-15,4.860000133514404,4.860000133514404,0.0,5.0,4.590000152587891,4.820000171661377,0.0,20448200
2022-06-16,4.53000020980835,4.53000020980835,0.0,4.730000019073486,4.369999885559082,4.690000057220459,0.0,9652700
2022-06-17,4.650000095367432,4.650000095367432,0.0,4.769999980926514,4.46999979019165,4.5,0.0,9774800
2022-06-21,5.090000152587891,5.090000152587891,0.0,5.539999961853027,4.800000190734863,4.860000133514404,0.0,18023500
2022-06-22,4.599999904632568,4.599999904632568,0.0,5.070000171661377,4.550000190734863,5.0,0.0,14212400
2022-06-23,4.940000057220459,4.940000057220459,0.0,4.96999979019165,4.550000190734863,4.75,0.0,13064900
2022-06-24,5.190000057220459,5.190000057220459,0.0,5.40500020980835,4.989999771118164,5.010000228881836,0.0,16972500
2022-06-27,4.889999866485596,4.889999866485596,0.0,5.21999979019165,4.670000076293945,5.179999828338623,0.0,11651700
2022-06-28,4.760000228881836,4.760000228881836,0.0,5.110000133514404,4.690000057220459,5.019999980926514,0.0,9706600
2022-06-29,4.5,4.5,0.0,4.690000057220459,4.340000152587891,4.670000076293945,0.0,11364700
2022-06-30,4.190000057220459,4.190000057220459,0.0,4.400000095367432,4.119999885559082,4.340000152587891,0.0,10723300
2022-07-01,4.239999771118164,4.239999771118164,0.0,4.380000114440918,4.130000114440918,4.239999771118164,0.0,8415200
2022-07-05,4.730000019073486,4.730000019073486,0.0,4.75,4.019999980926514,4.130000114440918,0.0,13145700
2022-07-06,4.53000020980835,4.53000020980835,0.0,4.760000228881836,4.465000152587891,4.664999961853027,0.0,8250700
2022-07-07,5.28000020980835,5.28000020980835,0.0,5.289999961853027,4.570000171661377,4.599999904632568,0.0,18884700
2022-07-08,5.460000038146973,5.460000038146973,0.0,5.809999942779541,4.949999809265137,5.119999885559082,0.0,28861700
2022-07-11,4.869999885559082,4.869999885559082,0.0,5.230000019073486,4.822000026702881,5.039999961853027,0.0,12524800
2022-07-12,4.840000152587891,4.840000152587891,0.0,4.989999771118164,4.679999828338623,4.820000171661377,0.0,8420600
2022-07-13,4.929999828338623,4.929999828338623,0.0,5.03000020980835,4.519999980926514,4.679999828338623,0.0,10878600
2022-07-14,5.320000171661377,5.320000171661377,0.0,5.329999923706055,4.710000038146973,4.860000133514404,0.0,13267900
2022-07-15,5.570000171661377,5.570000171661377,0.0,5.695000171661377,5.349999904632568,5.46999979019165,0.0,13391900
2022-07-18,6.230000019073486,6.230000019073486,0.0,6.880000114440918,5.920000076293945,5.940000057220459,0.0,39477400
2022-07-19,6.980000019073486,6.980000019073486,0.0,7.050000190734863,6.329999923706055,6.599999904632568,0.0,35761600
2022-07-20,7.019999980926514,7.019999980926514,0.0,7.480000019073486,6.809999942779541,7.239999771118164,0.0,45561800
2022-07-21,7.619999885559082,7.619999885559082,0.0,7.638999938964844,6.699999809265137,6.78000020980835,0.0,27389100
2022-07-22,7.119999885559082,7.119999885559082,0.0,7.929999828338623,7.059999942779541,7.869999885559082,0.0,18291900
2022-07-25,6.650000095367432,6.650000095367432,0.0,7.059999942779541,6.570000171661377,6.840000152587891,0.0,13600600
2022-07-26,6.210000038146973,6.210000038146973,0.0,6.510000228881836,6.019999980926514,6.349999904632568,0.0,11404100
2022-07-27,7.150000095367432,7.150000095367432,0.0,7.329999923706055,6.261000156402588,6.539999961853027,0.0,18717900
2022-07-28,7.400000095367432,7.400000095367432,0.0,7.599999904632568,6.909999847412109,7.170000076293945,0.0,19581000
2022-07-29,7.320000171661377,7.320000171661377,0.0,7.743000030517578,7.079999923706055,7.239999771118164,0.0,14528900
2022-08-01,7.329999923706055,7.329999923706055,0.0,7.550000190734863,6.974999904632568,7.130000114440918,0.0,13572100
2022-08-02,7.75,7.75,0.0,8.095999717712402,7.119999885559082,7.190000057220459,0.0,16035900
2022-08-03,8.119999885559082,8.119999885559082,0.0,8.399999618530273,7.849999904632568,7.96999979019165,0.0,19769600
2022-08-04,8.180000305175781,8.180000305175781,0.0,8.829999923706055,8.0600004196167,8.220000267028809,0.0,20818500
2022-08-05,8.270000457763672,8.270000457763672,0.0,8.670000076293945,8.050000190734863,8.154999732971191,0.0,14090300
2022-08-08,8.710000038146973,8.710000038146973,0.0,9.109999656677246,8.579999923706055,8.770000457763672,0.0,16462200
2022-08-09,8.145000457763672,8.145000457763672,0.0,8.524999618530273,7.789999961853027,8.520000457763672,0.0,15041000
2022-08-10,9.109999656677246,9.109999656677246,0.0,9.15999984741211,8.149999618530273,8.75,0.0,23196000
2022-08-11,9.520000457763672,9.520000457763672,0.0,10.519000053405762,9.369999885559082,9.850000381469727,0.0,29449000
2022-08-12,9.930000305175781,9.930000305175781,0.0,10.050000190734863,9.170000076293945,9.5600004196167,0.0,15406500
2022-08-15,9.760000228881836,9.760000228881836,0.0,10.229999542236328,9.569999694824219,9.875,0.0,17073700
2022-08-16,9.170000076293945,9.170000076293945,0.0,9.789999961853027,8.800000190734863,9.539999961853027,0.0,19974000
2022-08-17,8.350000381469727,8.350000381469727,0.0,9.0,8.210000038146973,8.949000358581543,0.0,16838100
2022-08-18,8.279999732971191,8.279999732971191,0.0,8.649999618530273,8.210000038146973,8.649999618530273,0.0,8857400
2022-08-19,7.25,7.25,0.0,7.800000190734863,7.21999979019165,7.579999923706055,0.0,14486300
2022-08-22,7.0,7.0,0.0,7.2170000076293945,6.815000057220459,6.949999809265137,0.0,12456400
2022-08-23,7.099999904632568,7.099999904632568,0.0,7.570000171661377,7.019999980926514,7.019999980926514,0.0,11776200
2022-08-24,7.289999961853027,7.289999961853027,0.0,7.590000152587891,7.130000114440918,7.210000038146973,0.0,9891700
2022-08-25,7.429999828338623,7.429999828338623,0.0,7.539999961853027,7.119999885559082,7.349999904632568,0.0,8564800
2022-08-26,6.789999961853027,6.789999961853027,0.0,7.554999828338623,6.769999980926514,7.5,0.0,13330800
2022-08-29,6.96999979019165,6.96999979019165,0.0,7.184999942779541,6.590000152587891,6.619999885559082,0.0,10890700
2022-08-30,6.889999866485596,6.889999866485596,0.0,7.21999979019165,6.605000019073486,7.03000020980835,0.0,10393300
2022-08-31,7.170000076293945,7.170000076293945,0.0,7.269999980926514,6.849999904632568,6.940000057220459,0.0,12051700
2022-09-01,6.849999904632568,6.849999904632568,0.0,7.059999942779541,6.510000228881836,6.960000038146973,0.0,10871900
2022-09-02,6.630000114440918,6.630000114440918,0.0,7.059999942779541,6.550000190734863,7.0,0.0,11208600
2022-09-06,6.400000095367432,6.400000095367432,0.0,6.869999885559082,6.28000020980835,6.659999847412109,0.0,16663700
2022-09-07,6.550000190734863,6.550000190734863,0.0,6.579999923706055,6.150000095367432,6.309999942779541,0.0,11032900
2022-09-08,7.460000038146973,7.460000038146973,0.0,7.489999771118164,6.349999904632568,6.46999979019165,0.0,19282900
2022-09-09,8.260000228881836,8.260000228881836,0.0,8.329999923706055,7.85099983215332,8.0,0.0,16446700
2022-09-12,8.470000267028809,8.470000267028809,0.0,8.670000076293945,8.149999618530273,8.510000228881836,0.0,14061400
2022-09-13,7.630000114440918,7.630000114440918,0.0,8.159000396728516,7.599999904632568,7.699999809265137,0.0,12389800
2022-09-14,7.559999942779541,7.559999942779541,0.0,7.664999961853027,7.400000095367432,7.619999885559082,0.0,9128100
2022-09-15,7.380000114440918,7.380000114440918,0.0,7.96999979019165,7.310999870300293,7.449999809265137,0.0,10339800
2022-09-16,6.644999980926514,6.644999980926514,0.0,7.199999809265137,6.630000114440918,7.199999809265137,0.0,15063900
2022-09-19,6.519999980926514,6.519999980926514,0.0,6.699999809265137,6.360000133514404,6.449999809265137,0.0,10978900
2022-09-20,6.21999979019165,6.21999979019165,0.0,6.5,6.179999828338623,6.460000038146973,0.0,8247800
2022-09-21,6.369999885559082,6.369999885559082,0.0,6.809999942779541,6.150000095367432,6.230000019073486,0.0,13734200
2022-09-22,6.340000152587891,6.340000152587891,0.0,6.440000057220459,6.085000038146973,6.369999885559082,0.0,8953300
2022-09-23,6.329999923706055,6.329999923706055,0.0,6.34499979019165,5.921999931335449,6.010000228881836,0.0,8991800
2022-09-26,6.699999809265137,6.699999809265137,0.0,6.985000133514404,6.400000095367432,6.420000076293945,0.0,10034200
2022-09-27,6.829999923706055,6.829999923706055,0.0,7.150000095367432,6.551000118255615,7.019999980926514,0.0,12296100
2022-09-28,7.340000152587891,7.340000152587891,0.0,7.40500020980835,6.681000232696533,6.71999979019165,0.0,10178400
2022-09-29,7.090000152587891,7.090000152587891,0.0,7.130000114440918,6.699999809265137,7.03000020980835,0.0,8883300
2022-09-30,7.010000228881836,7.010000228881836,0.0,7.639999866485596,6.880000114440918,6.960000038146973,0.0,12754100
2022-10-03,7.190000057220459,7.190000057220459,0.0,7.26800012588501,6.860000133514404,7.070000171661377,0.0,9449400
2022-10-04,7.590000152587891,7.590000152587891,0.0,7.775000095367432,7.315000057220459,7.539999961853027,0.0,12475400
2022-10-05,7.25,7.25,0.0,7.409999847412109,6.980000019073486,7.389999866485596,0.0,9076000
2022-10-06,7.159999847412109,7.159999847412109,0.0,7.5,7.059999942779541,7.230000019073486,0.0,9599100
2022-10-07,6.565000057220459,6.565000057220459,0.0,6.980000019073486,6.440000057220459,6.980000019073486,0.0,7812400
2022-10-10,6.389999866485596,6.389999866485596,0.0,6.610000133514404,6.199999809265137,6.570000171661377,0.0,5396300
2022-10-11,6.190000057220459,6.190000057220459,0.0,6.449999809265137,5.960000038146973,6.300000190734863,0.0,7776100
2022-10-12,6.139999866485596,6.139999866485596,0.0,6.284999847412109,5.9720001220703125,6.170000076293945,0.0,8161800
2022-10-13,6.389999866485596,6.389999866485596,0.0,6.429999828338623,5.539999961853027,5.71999979019165,0.0,12928100
2022-10-14,5.760000228881836,5.760000228881836,0.0,6.610000133514404,5.730000019073486,6.489999771118164,0.0,9923400
2022-10-17,6.039999961853027,6.039999961853027,0.0,6.249000072479248,6.010000228881836,6.010000228881836,0.0,7718500
2022-10-18,5.869999885559082,5.869999885559082,0.0,6.40500020980835,5.829999923706055,6.300000190734863,0.0,8974900
2022-10-19,5.670000076293945,5.670000076293945,0.0,5.889999866485596,5.610000133514404,5.820000171661377,0.0,8018300
2022-10-20,5.579999923706055,5.579999923706055,0.0,5.929999828338623,5.570000171661377,5.614999771118164,0.0,6953300
2022-10-21,5.829999923706055,5.829999923706055,0.0,5.849999904632568,5.380000114440918,5.519999980926514,0.0,7585200
2022-10-24,6.050000190734863,6.050000190734863,0.0,6.139999866485596,5.579999923706055,5.829999923706055,0.0,9463600
2022-10-25,7.010000228881836,7.010000228881836,0.0,7.050000190734863,6.019999980926514,6.019999980926514,0.0,14727300
2022-10-26,7.059999942779541,7.059999942779541,0.0,7.675000190734863,6.820000171661377,6.849999904632568,0.0,19476300
2022-10-27,6.840000152587891,6.840000152587891,0.0,7.349999904632568,6.824999809265137,7.230000019073486,0.0,11737600
2022-10-28,7.050000190734863,7.050000190734863,0.0,7.070000171661377,6.630000114440918,6.849999904632568,0.0,10109500
2022-10-31,6.889999866485596,6.889999866485596,0.0,7.130000114440918,6.769999980926514,7.050000190734863,0.0,7764000
2022-11-01,6.449999809265137,6.449999809265137,0.0,7.150000095367432,6.449999809265137,7.110000133514404,0.0,8151200
2022-11-02,5.869999885559082,5.869999885559082,0.0,6.519999980926514,5.849999904632568,6.46999979019165,0.0,13266200
2022-11-03,5.510000228881836,5.510000228881836,0.0,5.985000133514404,5.5,5.78000020980835,0.0,11348000
2022-11-04,5.789999961853027,5.789999961853027,0.0,5.940999984741211,5.489999771118164,5.84499979019165,0.0,16705800
2022-11-07,5.75,5.75,0.0,5.869999885559082,5.571000099182129,5.835000038146973,0.0,8103700
2022-11-08,5.329999923706055,5.329999923706055,0.0,5.809999942779541,4.960000038146973,5.340000152587891,0.0,27140200
2022-11-09,4.900000095367432,4.900000095367432,0.0,5.190000057220459,4.824999809265137,4.974999904632568,0.0,22550900
2022-11-10,5.420000076293945,5.420000076293945,0.0,5.559999942779541,5.059999942779541,5.239999771118164,0.0,16682100
2022-11-11,5.340000152587891,5.340000152587891,0.0,5.400000095367432,4.940000057220459,5.09499979019165,0.0,18159100
2022-11-14,5.139999866485596,5.139999866485596,0.0,5.420000076293945,5.110000133514404,5.295000076293945,0.0,10754400
2022-11-15,5.21999979019165,5.21999979019165,0.0,5.46999979019165,5.139999866485596,5.329999923706055,0.0,10610600
2022-11-16,4.659999847412109,4.659999847412109,0.0,5.150000095367432,4.639999866485596,5.059999942779541,0.0,13186100
2022-11-17,4.630000114440918,4.630000114440918,0.0,4.75,4.519999980926514,4.690000057220459,0.0,9252100
2022-11-18,4.460000038146973,4.460000038146973,0.0,4.71999979019165,4.409999847412109,4.71999979019165,0.0,9665900
2022-11-21,3.9800000190734863,3.9800000190734863,0.0,4.429999828338623,3.9700000286102295,4.340000152587891,0.0,18020100
2022-11-22,3.990000009536743,3.990000009536743,0.0,4.159999847412109,3.9100000858306885,4.15500020980835,0.0,13866500
2022-11-23,4.420000076293945,4.420000076293945,0.0,4.434999942779541,4.010000228881836,4.054999828338623,0.0,17725300
2022-11-25,4.429999828338623,4.429999828338623,0.0,4.46999979019165,4.25,4.380000114440918,0.0,7243800
2022-11-28,4.25,4.25,0.0,4.460000038146973,4.190000057220459,4.242000102996826,0.0,10621000
2022-11-29,4.239999771118164,4.239999771118164,0.0,4.380000114440918,4.199999809265137,4.269999980926514,0.0,5427700
2022-11-30,4.650000095367432,4.650000095367432,0.0,4.670000076293945,4.190000057220459,4.369999885559082,0.0,10902500
2022-12-01,4.579999923706055,4.579999923706055,0.0,4.760000228881836,4.460000038146973,4.679999828338623,0.0,7730600
2022-12-02,4.960000038146973,4.960000038146973,0.0,4.974999904632568,4.449999809265137,4.510000228881836,0.0,8315300
2022-12-05,4.659999847412109,4.659999847412109,0.0,5.130000114440918,4.579999923706055,5.010000228881836,0.0,12616500
2022-12-06,4.380000114440918,4.380000114440918,0.0,4.690000057220459,4.269999980926514,4.670000076293945,0.0,8357900
2022-12-07,4.21999979019165,4.21999979019165,0.0,4.389999866485596,4.119999885559082,4.34499979019165,0.0,7975600
2022-12-08,4.369999885559082,4.369999885559082,0.0,4.454999923706055,4.150000095367432,4.28000020980835,0.0,8121300
2022-12-09,4.190000057220459,4.190000057220459,0.0,4.380000114440918,4.130000114440918,4.329999923706055,0.0,6525100
2022-12-12,4.170000076293945,4.170000076293945,0.0,4.26200008392334,4.070000171661377,4.170000076293945,0.0,6457800
2022-12-13,4.070000171661377,4.070000171661377,0.0,4.639999866485596,4.039999961853027,4.510000228881836,0.0,12270500
2022-12-14,4.150000095367432,4.150000095367432,0.0,4.28000020980835,4.034999847412109,4.170000076293945,0.0,10348400
2022-12-15,4.019999980926514,4.019999980926514,0.0,4.090000152587891,3.875,4.050000190734863,0.0,9195600
2022-12-16,3.799999952316284,3.799999952316284,0.0,4.010000228881836,3.6700000762939453,3.9200000762939453,0.0,16122100
2022-12-19,3.819999933242798,3.819999933242798,0.0,3.8499999046325684,3.5999999046325684,3.740000009536743,0.0,7043300
2022-12-20,3.8299999237060547,3.8299999237060547,0.0,4.03000020980835,3.7200000286102295,3.805000066757202,0.0,7193500
2022-12-21,3.8299999237060547,3.8299999237060547,0.0,3.9100000858306885,3.700000047683716,3.8399999141693115,0.0,6217800
2022-12-22,3.7799999713897705,3.7799999713897705,0.0,3.819999933242798,3.6500000953674316,3.7699999809265137,0.0,6059600
2022-12-23,3.680000066757202,3.680000066757202,0.0,3.799999952316284,3.640000104904175,3.7750000953674316,0.0,4805300
2022-12-27,3.4200000762939453,3.4200000762939453,0.0,3.6600000858306885,3.4100000858306885,3.640000104904175,0.0,6356100
2022-12-28,3.2899999618530273,3.2899999618530273,0.0,3.5,3.25,3.380000114440918,0.0,6616600
2022-12-29,3.4200000762939453,3.4200000762939453,0.0,3.509999990463257,3.2899999618530273,3.359999895095825,0.0,6773800
2022-12-30,3.390000104904175,3.390000104904175,0.0,3.4200000762939453,3.2799999713897705,3.3299999237060547,0.0,6592800
2023-01-03,3.369999885559082,3.369999885559082,0.0,3.6700000762939453,3.299999952316284,3.490000009536743,0.0,7255600
2023-01-04,3.880000114440918,3.880000114440918,0.0,3.950000047683716,3.380000114440918,3.440000057220459,0.0,12325300
2023-01-05,4.21999979019165,4.21999979019165,0.0,4.2769999504089355,3.700000047683716,3.859999895095825,0.0,14097000
2023-01-06,4.28000020980835,4.28000020980835,0.0,4.349999904632568,3.9600000381469727,4.119999885559082,0.0,10412900
2023-01-09,4.889999866485596,4.889999866485596,0.0,5.230000019073486,4.453999996185303,4.480000019073486,0.0,20809400
2023-01-10,5.639999866485596,5.639999866485596,0.0,5.670000076293945,4.699999809265137,4.880000114440918,0.0,22171700
2023-01-11,5.369999885559082,5.369999885559082,0.0,5.885000228881836,5.210000038146973,5.519999980926514,0.0,19031800
2023-01-12,6.150000095367432,6.150000095367432,0.0,6.159999847412109,5.264999866485596,5.710000038146973,0.0,27692800
2023-01-13,6.019999980926514,6.019999980926514,0.0,6.494999885559082,5.860000133514404,5.940000057220459,0.0,29524800
2023-01-17,6.409999847412109,6.409999847412109,0.0,6.619999885559082,5.889999866485596,6.579999923706055,0.0,27444600
2023-01-18,5.710000038146973,5.710000038146973,0.0,6.630000114440918,5.639999866485596,6.449999809265137,0.0,23793100
2023-01-19,5.78000020980835,5.78000020980835,0.0,5.885000228881836,5.519999980926514,5.619999885559082,0.0,13255800
2023-01-20,6.199999809265137,6.199999809265137,0.0,6.21999979019165,5.619999885559082,5.849999904632568,0.0,19912300
2023-01-23,6.480000019073486,6.480000019073486,0.0,6.630000114440918,6.03000020980835,6.230000019073486,0.0,23506100
2023-01-24,6.139999866485596,6.139999866485596,0.0,6.619999885559082,6.110000133514404,6.320000171661377,0.0,21428800
2023-01-25,6.230000019073486,6.230000019073486,0.0,6.275000095367432,5.699999809265137,5.849999904632568,0.0,12213000
2023-01-26,6.130000114440918,6.130000114440918,0.0,6.579999923706055,6.059999942779541,6.460000038146973,0.0,11489500
2023-01-27,6.329999923706055,6.329999923706055,0.0,6.389999866485596,5.949999809265137,6.03000020980835,0.0,11799300
2023-01-30,5.940000057220459,5.940000057220459,0.0,6.840000152587891,5.920000076293945,6.269999980926514,0.0,18810700
2023-01-31,6.269999980926514,6.269999980926514,0.0,6.320000171661377,5.949999809265137,6.059999942779541,0.0,14011200
2023-02-01,6.860000133514404,6.860000133514404,0.0,6.949999809265137,6.059999942779541,6.239999771118164,0.0,18687900
2023-02-02,7.489999771118164,7.489999771118164,0.0,7.78000020980835,7.03000020980835,7.21999979019165,0.0,27398500
2023-02-03,6.840000152587891,6.840000152587891,0.0,7.769999980926514,6.800000190734863,7.099999904632568,0.0,18986600
2023-02-06,6.679999828338623,6.679999828338623,0.0,6.817999839782715,6.380000114440918,6.690000057220459,0.0,13765000
2023-02-07,6.599999904632568,6.599999904632568,0.0,6.699999809265137,6.179999828338623,6.699999809265137,0.0,18661500
2023-02-08,6.519999980926514,6.519999980926514,0.0,7.038000106811523,6.440000057220459,6.5,0.0,14973100
2023-02-09,5.650000095367432,5.650000095367432,0.0,6.650000095367432,5.630000114440918,6.605000019073486,0.0,17176000
2023-02-10,5.510000228881836,5.510000228881836,0.0,5.739999771118164,5.420000076293945,5.650000095367432,0.0,9880200
2023-02-13,5.46999979019165,5.46999979019165,0.0,5.539999961853027,5.179999828338623,5.320000171661377,0.0,7623800
2023-02-14,5.900000095367432,5.900000095367432,0.0,6.008999824523926,5.320000171661377,5.420000076293945,0.0,13904900
2023-02-15,6.659999847412109,6.659999847412109,0.0,6.789999961853027,5.954999923706055,6.039999961853027,0.0,20023300
2023-02-16,6.360000133514404,6.360000133514404,0.0,7.25,6.349999904632568,6.570000171661377,0.0,22825300
2023-02-17,6.590000152587891,6.590000152587891,0.0,6.699999809265137,6.130000114440918,6.349999904632568,0.0,19224700
2023-02-21,6.21999979019165,6.21999979019165,0.0,6.800000190734863,6.179999828338623,6.474999904632568,0.0,12728500
2023-02-22,6.349999904632568,6.349999904632568,0.0,6.449999809265137,6.0,6.190000057220459,0.0,13407700
2023-02-23,6.369999885559082,6.369999885559082,0.0,6.539999961853027,6.139999866485596,6.449999809265137,0.0,11009300
2023-02-24,5.869999885559082,5.869999885559082,0.0,6.21999979019165,5.730000019073486,6.170000076293945,0.0,12051500
2023-02-27,6.010000228881836,6.010000228881836,0.0,6.119999885559082,5.869999885559082,6.039999961853027,0.0,7351100
2023-02-28,6.25,6.25,0.0,6.519999980926514,5.929999828338623,6.019999980926514,0.0,12476400
2023-03-01,6.139999866485596,6.139999866485596,0.0,6.429999828338623,6.068999767303467,6.380000114440918,0.0,10997100
2023-03-02,6.179999828338623,6.179999828338623,0.0,6.269999980926514,5.769999980926514,5.989999771118164,0.0,10167800
2023-03-03,6.340000152587891,6.340000152587891,0.0,6.480000019073486,5.829999923706055,5.974999904632568,0.0,13744600
2023-03-06,6.369999885559082,6.369999885559082,0.0,6.880000114440918,6.170000076293945,6.369999885559082,0.0,13040500
2023-03-07,6.170000076293945,6.170000076293945,0.0,6.53000020980835,6.150000095367432,6.329999923706055,0.0,8767700
2023-03-08,6.300000190734863,6.300000190734863,0.0,6.389999866485596,6.070000171661377,6.170000076293945,0.0,8662300
2023-03-09,5.53000020980835,5.53000020980835,0.0,6.300000190734863,5.510000228881836,6.190000057220459,0.0,12832900
2023-03-10,5.300000190734863,5.300000190734863,0.0,5.630000114440918,5.159999847412109,5.460000038146973,0.0,11780000
2023-03-13,6.25,6.25,0.0,6.349999904632568,5.329999923706055,5.510000228881836,0.0,23685800
2023-03-14,6.889999866485596,6.889999866485596,0.0,7.269999980926514,6.570000171661377,6.789999961853027,0.0,30018800
2023-03-15,6.690000057220459,6.690000057220459,0.0,7.079999923706055,6.349999904632568,6.820000171661377,0.0,16291000
2023-03-16,7.050000190734863,7.050000190734863,0.0,7.130000114440918,6.61899995803833,6.75,0.0,12959400
2023-03-17,8.100000381469727,8.100000381469727,0.0,8.460000038146973,7.175000190734863,7.579999923706055,0.0,40834400
2023-03-20,8.550000190734863,8.550000190734863,0.0,8.760000228881836,8.029999732971191,8.630000114440918,0.0,29574900
2023-03-21,9.069999694824219,9.069999694824219,0.0,9.170000076293945,8.369999885559082,8.470000267028809,0.0,25618600
2023-03-22,8.100000381469727,8.100000381469727,0.0,9.390000343322754,8.039999961853027,9.100000381469727,0.0,30841500
2023-03-23,9.470000267028809,9.470000267028809,0.0,9.720000267028809,8.244999885559082,8.3149995803833,0.0,31925100
2023-03-24,8.630000114440918,8.630000114440918,0.0,9.25,8.350000381469727,9.210000038146973,0.0,26370500
2023-03-27,8.039999961853027,8.039999961853027,0.0,8.744999885559082,7.909999847412109,8.739999771118164,0.0,16539900
2023-03-28,8.109999656677246,8.109999656677246,0.0,8.305000305175781,7.659999847412109,7.920000076293945,0.0,15540800
2023-03-29,9.229999542236328,9.229999542236328,0.0,9.239999771118164,8.460000038146973,8.539999961853027,0.0,23697500
2023-03-30,9.140000343322754,9.140000343322754,0.0,9.539999961853027,9.050000190734863,9.40999984741211,0.0,18406900
2023-03-31,9.989999771118164,9.989999771118164,0.0,10.100000381469727,9.142000198364258,9.25,0.0,26859600
2023-04-03,9.670000076293945,9.670000076293945,0.0,9.949999809265137,9.239999771118164,9.8100004196167,0.0,17409600
2023-04-04,9.5600004196167,9.5600004196167,0.0,9.930000305175781,9.229999542236328,9.819999694824219,0.0,14720300
2023-04-05,9.149999618530273,9.149999618530273,0.0,9.75,9.010000228881836,9.640000343322754,0.0,15953300
2023-04-06,9.15999984741211,9.15999984741211,0.0,9.390000343322754,8.760000228881836,8.970999717712402,0.0,12719100
2023-04-10,10.579999923706055,10.579999923706055,0.0,10.619999885559082,8.9399995803833,9.170000076293945,0.0,30153900
2023-04-11,12.380000114440918,12.380000114440918,0.0,12.550000190734863,10.800000190734863,10.989999771118164,0.0,55029300
2023-04-12,12.350000381469727,12.350000381469727,0.0,13.149999618530273,11.949999809265137,12.260000228881836,0.0,48039100
2023-04-13,13.5,13.5,0.0,13.859999656677246,12.680000305175781,12.6899995803833,0.0,44153800
2023-04-14,13.479999542236328,13.479999542236328,0.0,13.890000343322754,12.75,13.829999923706055,0.0,30831200
2023-04-17,12.930000305175781,12.930000305175781,0.0,12.979999542236328,12.119999885559082,12.520000457763672,0.0,19850200
2023-04-18,13.449999809265137,13.449999809265137,0.0,14.428999900817871,13.25,13.670000076293945,0.0,26531200
2023-04-19,12.109999656677246,12.109999656677246,0.0,12.904999732971191,12.09000015258789,12.5600004196167,0.0,20647200
2023-04-20,10.899999618530273,10.899999618530273,0.0,12.09000015258789,10.850000381469727,11.729999542236328,0.0,20535700
2023-04-21,10.520000457763672,10.520000457763672,0.0,11.329999923706055,10.5,11.329999923706055,0.0,18768700
2023-04-24,10.390000343322754,10.390000343322754,0.0,10.805000305175781,10.119999885559082,10.470000267028809,0.0,18193800
2023-04-25,10.710000038146973,10.710000038146973,0.0,11.140000343322754,10.0600004196167,10.329999923706055,0.0,27025100
2023-04-26,10.90999984741211,10.90999984741211,0.0,12.079999923706055,10.869999885559082,11.989999771118164,0.0,40387000
2023-04-27,11.84000015258789,11.84000015258789,0.0,11.920000076293945,10.755000114440918,11.220000267028809,0.0,28867000
2023-04-28,11.960000038146973,11.960000038146973,0.0,12.100000381469727,11.319999694824219,11.65999984741211,0.0,22159000
2023-05-01,10.520000457763672,10.520000457763672,0.0,11.638999938964844,10.369999885559082,11.600000381469727,0.0,19192300
2023-05-02,11.779999732971191,11.779999732971191,0.0,11.970000267028809,10.319999694824219,10.649999618530273,0.0,22935300
2023-05-03,10.739999771118164,10.739999771118164,0.0,11.510000228881836,10.65999984741211,11.390000343322754,0.0,27764600
2023-05-04,10.84000015258789,10.84000015258789,0.0,11.14799976348877,10.539999961853027,10.800000190734863,0.0,23478600
2023-05-05,11.539999961853027,11.539999961853027,0.0,11.6850004196167,10.710000038146973,10.829999923706055,0.0,28585500
2023-05-08,10.489999771118164,10.489999771118164,0.0,10.859999656677246,10.199999809265137,10.84000015258789,0.0,23093900
2023-05-09,11.4399995803833,11.4399995803833,0.0,11.569999694824219,10.619999885559082,10.670000076293945,0.0,18784400
2023-05-10,12.279999732971191,12.279999732971191,0.0,12.899999618530273,11.680000305175781,11.84000015258789,0.0,31547700
2023-05-11,10.710000038146973,10.710000038146973,0.0,12.100000381469727,10.414999961853027,11.944000244140625,0.0,25762300
2023-05-12,10.609999656677246,10.609999656677246,0.0,10.84000015258789,10.343999862670898,10.600000381469727,0.0,16400900
2023-05-15,11.079999923706055,11.079999923706055,0.0,11.319999694824219,10.649999618530273,10.930000305175781,0.0,17750400
2023-05-16,10.850000381469727,10.850000381469727,0.0,11.03499984741211,10.550000190734863,10.779999732971191,0.0,12465800
2023-05-17,11.529999732971191,11.529999732971191,0.0,11.609999656677246,10.600000381469727,10.65999984741211,0.0,16416800
2023-05-18,11.069999694824219,11.069999694824219,0.0,11.82699966430664,10.680000305175781,11.289999961853027,0.0,16231600
2023-05-19,11.079999923706055,11.079999923706055,0.0,11.529999732971191,10.890000343322754,11.260000228881836,0.0,14671700
2023-05-22,12.199999809265137,12.199999809265137,0.0,12.199999809265137,10.829999923706055,11.005000114440918,0.0,21033000
2023-05-23,11.279999732971191,11.279999732971191,0.0,12.611000061035156,11.25,12.390000343322754,0.0,23583000
2023-05-24,11.270000457763672,11.270000457763672,0.0,11.470000267028809,10.5600004196167,11.0600004196167,0.0,18765600
2023-05-25,11.069999694824219,11.069999694824219,0.0,11.529999732971191,10.65999984741211,11.350000381469727,0.0,13904600
2023-05-26,10.920000076293945,10.920000076293945,0.0,11.845000267028809,10.729999542236328,11.109999656677246,0.0,18298000
2023-05-30,12.029999732971191,12.029999732971191,0.0,12.79699993133545,11.59000015258789,11.710000038146973,0.0,34100600
2023-05-31,12.0,12.0,0.0,12.039999961853027,11.369999885559082,11.579999923706055,0.0,19845600
2023-06-01,12.40999984741211,12.40999984741211,0.0,12.706999778747559,11.59000015258789,11.789999961853027,0.0,21175500
2023-06-02,11.710000038146973,11.710000038146973,0.0,12.710000038146973,11.369999885559082,12.710000038146973,0.0,34328000
2023-06-05,10.680000305175781,10.680000305175781,0.0,11.609999656677246,10.449999809265137,11.289999961853027,0.0,28106100
2023-06-06,10.899999618530273,10.899999618530273,0.0,10.979999542236328,9.699999809265137,10.140000343322754,0.0,26503000
2023-06-07,10.430000305175781,10.430000305175781,0.0,11.199999809265137,10.289999961853027,10.779999732971191,0.0,19520700
2023-06-08,10.550000190734863,10.550000190734863,0.0,10.850000381469727,10.369999885559082,10.4399995803833,0.0,11197900
2023-06-09,10.329999923706055,10.329999923706055,0.0,10.779999732971191,10.220999717712402,10.710000038146973,0.0,9154100
2023-06-12,10.239999771118164,10.239999771118164,0.0,10.359999656677246,10.020000457763672,10.210000038146973,0.0,10136600
2023-06-13,10.260000228881836,10.260000228881836,0.0,10.6899995803833,10.109999656677246,10.579999923706055,0.0,10967800
2023-06-14,10.149999618530273,10.149999618530273,0.0,10.520000457763672,10.020000457763672,10.300000190734863,0.0,12934300
2023-06-15,9.970000267028809,9.970000267028809,0.0,10.130000114440918,9.416999816894531,9.800000190734863,0.0,15436200
2023-06-16,10.399999618530273,10.399999618530273,0.0,10.479999542236328,9.829999923706055,10.069999694824219,0.0,18679700
2023-06-20,11.25,11.25,0.0,11.289999961853027,10.119000434875488,10.640000343322754,0.0,27317200
2023-06-21,11.680000305175781,11.680000305175781,0.0,12.0600004196167,11.460000038146973,11.65999984741211,0.0,34973600
2023-06-22,11.239999771118164,11.239999771118164,0.0,11.970000267028809,10.760000228881836,11.75,0.0,20888300
2023-06-23,11.600000381469727,11.600000381469727,0.0,12.109999656677246,10.899999618530273,11.109999656677246,0.0,29671900
2023-06-26,10.770000457763672,10.770000457763672,0.0,12.180000305175781,10.720000267028809,11.489999771118164,0.0,22037400
2023-06-27,11.649999618530273,11.649999618530273,0.0,11.710000038146973,10.880000114440918,11.069999694824219,0.0,25685600
2023-06-28,11.539999961853027,11.539999961853027,0.0,11.979999542236328,11.239999771118164,11.420000076293945,0.0,16753300
2023-06-29,11.65999984741211,11.65999984741211,0.0,12.369999885559082,11.510000228881836,11.869999885559082,0.0,21510800
2023-06-30,11.819999694824219,11.819999694824219,0.0,12.40999984741211,11.199999809265137,12.079999923706055,0.0,30171100
2023-07-03,13.350000381469727,13.350000381469727,0.0,13.454999923706055,11.861000061035156,11.920000076293945,0.0,29313400
2023-07-05,13.59000015258789,13.59000015258789,0.0,13.859999656677246,12.649999618530273,12.819999694824219,0.0,28389700
2023-07-06,13.539999961853027,13.539999961853027,0.0,13.880000114440918,12.789999961853027,13.779999732971191,0.0,23790800
2023-07-07,15.479999542236328,15.479999542236328,0.0,15.550000190734863,13.420000076293945,13.420000076293945,0.0,41207300
2023-07-10,16.860000610351562,16.860000610351562,0.0,16.90999984741211,15.119999885559082,15.75,0.0,34873100
2023-07-11,17.510000228881836,17.510000228881836,0.0,17.655000686645508,16.329999923706055,16.799999237060547,0.0,35291300
2023-07-12,17.649999618530273,17.649999618530273,0.0,18.639999389648438,17.239999771118164,18.040000915527344,0.0,40610100
2023-07-13,20.290000915527344,20.290000915527344,0.0,20.530000686645508,17.81999969482422,17.8700008392334,0.0,53242000
2023-07-14,19.1200008392334,19.1200008392334,0.0,20.649999618530273,18.770000457763672,20.25,0.0,39091200
2023-07-17,18.479999542236328,18.479999542236328,0.0,20.270000457763672,18.209999084472656,19.170000076293945,0.0,31227800
2023-07-18,18.280000686645508,18.280000686645508,0.0,18.854999542236328,17.829999923706055,18.09000015258789,0.0,20885900
2023-07-19,18.93000030517578,18.93000030517578,0.0,19.424999237060547,18.280000686645508,18.639999389648438,0.0,25966700
2023-07-20,18.469999313354492,18.469999313354492,0.0,19.5,18.239999771118164,19.149999618530273,0.0,23803300
2023-07-21,18.3799991607666,18.3799991607666,0.0,18.849000930786133,17.40999984741211,18.75,0.0,22605500
2023-07-24,17.43000030517578,17.43000030517578,0.0,18.020000457763672,16.829999923706055,17.6200008392334,0.0,19214700
2023-07-25,17.950000762939453,17.950000762939453,0.0,18.83799934387207,17.549999237060547,17.549999237060547,0.0,18941000
2023-07-26,18.450000762939453,18.450000762939453,0.0,18.584999084472656,17.709999084472656,18.030000686645508,0.0,16412300
2023-07-27,17.600000381469727,17.600000381469727,0.0,19.1299991607666,17.440000534057617,19.0,0.0,17258100
2023-07-28,18.3799991607666,18.3799991607666,0.0,18.690000534057617,17.8700008392334,18.06999969482422,0.0,16691700
2023-07-31,18.520000457763672,18.520000457763672,0.0,19.190000534057617,18.170000076293945,18.6299991607666,0.0,18068200
2023-08-01,18.229999542236328,18.229999542236328,0.0,18.40999984741211,17.06999969482422,18.1299991607666,0.0,19757500
2023-08-02,17.969999313354492,17.969999313354492,0.0,19.200000762939453,17.549999237060547,18.200000762939453,0.0,22880200
2023-08-03,17.809999465942383,17.809999465942383,0.0,18.600000381469727,17.610000610351562,17.719999313354492,0.0,18980600
2023-08-04,17.110000610351562,17.110000610351562,0.0,18.1200008392334,17.079999923706055,17.989999771118164,0.0,15409100
2023-08-07,16.31999969482422,16.31999969482422,0.0,17.040000915527344,15.3149995803833,16.989999771118164,0.0,17455500
2023-08-08,17.094999313354492,17.094999313354492,0.0,17.360000610351562,16.219999313354492,16.809999465942383,0.0,19345400
2023-08-09,16.34000015258789,16.34000015258789,0.0,17.290000915527344,16.299999237060547,17.219999313354492,0.0,18385500
2023-08-10,15.0,15.0,0.0,16.639999389648438,14.819999694824219,16.399999618530273,0.0,19010300
2023-08-11,15.229999542236328,15.229999542236328,0.0,15.699999809265137,14.630000114440918,14.84000015258789,0.0,17890000
2023-08-14,14.65999984741211,14.65999984741211,0.0,15.0600004196167,14.359999656677246,15.020000457763672,0.0,17366800
2023-08-15,13.699999809265137,13.699999809265137,0.0,14.850000381469727,13.654999732971191,14.569999694824219,0.0,16152200
2023-08-16,13.100000381469727,13.100000381469727,0.0,13.529999732971191,12.930000305175781,13.420000076293945,0.0,18877700
2023-08-17,11.710000038146973,11.710000038146973,0.0,12.760000228881836,11.654999732971191,12.720000267028809,0.0,23752300
2023-08-18,11.069999694824219,11.069999694824219,0.0,11.65999984741211,10.961000442504883,11.119999885559082,0.0,20167800
2023-08-21,10.729999542236328,10.729999542236328,0.0,11.270000457763672,10.550000190734863,11.175000190734863,0.0,18294600
2023-08-22,10.550000190734863,10.550000190734863,0.0,10.984999656677246,10.470000267028809,10.899999618530273,0.0,13037100
2023-08-23,11.119999885559082,11.119999885559082,0.0,11.3100004196167,10.460000038146973,10.529999732971191,0.0,19862900
2023-08-24,10.359999656677246,10.359999656677246,0.0,11.069999694824219,10.199999809265137,11.0600004196167,0.0,12899000
2023-08-25,10.369999885559082,10.369999885559082,0.0,10.760000228881836,10.0600004196167,10.460000038146973,0.0,12118600
2023-08-28,10.489999771118164,10.489999771118164,0.0,10.819999694824219,10.375,10.479999542236328,0.0,10020400
2023-08-29,12.300000190734863,12.300000190734863,0.0,12.550000190734863,10.350000381469727,10.390000343322754,0.0,42040200
2023-08-30,12.050000190734863,12.050000190734863,0.0,12.180000305175781,11.5600004196167,12.020000457763672,0.0,22609100
2023-08-31,11.350000381469727,11.350000381469727,0.0,12.274999618530273,11.229999542236328,12.0600004196167,0.0,18926600
2023-09-01,11.039999961853027,11.039999961853027,0.0,11.5600004196167,10.755000114440918,11.390000343322754,0.0,15521100
2023-09-05,10.979999542236328,10.979999542236328,0.0,11.229999542236328,10.720000267028809,10.979999542236328,0.0,9992700
2023-09-06,11.239999771118164,11.239999771118164,0.0,11.649999618530273,10.930000305175781,10.979999542236328,0.0,17992400
2023-09-07,11.380000114440918,11.380000114440918,0.0,11.529999732971191,10.550000190734863,11.09000015258789,0.0,12779500
2023-09-08,10.949999809265137,10.949999809265137,0.0,11.34000015258789,10.760000228881836,11.300000190734863,0.0,17076400
2023-09-11,10.140000343322754,10.140000343322754,0.0,10.989999771118164,10.085000038146973,10.800000190734863,0.0,16638000
2023-09-12,10.539999961853027,10.539999961853027,0.0,11.1899995803833,10.40999984741211,10.680000305175781,0.0,20067300
2023-09-13,10.279999732971191,10.279999732971191,0.0,10.710000038146973,10.220000267028809,10.59000015258789,0.0,13919300
2023-09-14,10.970000267028809,10.970000267028809,0.0,11.244999885559082,10.59000015258789,10.600000381469727,0.0,20371900
2023-09-15,10.770000457763672,10.770000457763672,0.0,10.979999542236328,10.59000015258789,10.979999542236328,0.0,12896300
2023-09-18,10.930000305175781,10.930000305175781,0.0,11.59000015258789,10.90999984741211,11.364999771118164,0.0,22987200
2023-09-19,10.4399995803833,10.4399995803833,0.0,11.168999671936035,10.40999984741211,11.029999732971191,0.0,19097400
2023-09-20,10.020000457763672,10.020000457763672,0.0,10.569999694824219,9.989999771118164,10.420000076293945,0.0,16446300
2023-09-21,9.579999923706055,9.579999923706055,0.0,9.760000228881836,9.319999694824219,9.710000038146973,0.0,15842100
2023-09-22,9.239999771118164,9.239999771118164,0.0,9.758999824523926,9.180000305175781,9.649999618530273,0.0,10148700
2023-09-25,9.260000228881836,9.260000228881836,0.0,9.380000114440918,8.91100025177002,9.0,0.0,15217300
2023-09-26,9.0600004196167,9.0600004196167,0.0,9.369999885559082,9.0,9.119999885559082,0.0,9306300
2023-09-27,9.020000457763672,9.020000457763672,0.0,9.529999732971191,8.819999694824219,9.300000190734863,0.0,15833100
2023-09-28,9.430000305175781,9.430000305175781,0.0,9.90999984741211,8.954999923706055,9.079999923706055,0.0,22547900
2023-09-29,9.329999923706055,9.329999923706055,0.0,9.619999885559082,9.210000038146973,9.539999961853027,0.0,14715100
2023-10-02,9.880000114440918,9.880000114440918,0.0,10.949999809265137,9.800000190734863,10.100000381469727,0.0,32634600
2023-10-03,8.779999732971191,8.779999732971191,0.0,9.890000343322754,8.670000076293945,9.649999618530273,0.0,19688400
2023-10-04,9.0649995803833,9.0649995803833,0.0,9.140000343322754,8.604999542236328,9.010000228881836,0.0,16082200
2023-10-05,9.010000228881836,9.010000228881836,0.0,9.364999771118164,8.779999732971191,9.15999984741211,0.0,15207000
2023-10-06,9.920000076293945,9.920000076293945,0.0,9.977999687194824,8.779999732971191,8.779999732971191,0.0,19746400
2023-10-09,10.170000076293945,10.170000076293945,0.0,10.210000038146973,9.510000228881836,9.510000228881836,0.0,16244800
2023-10-10,10.15999984741211,10.15999984741211,0.0,10.59000015258789,9.960000038146973,10.130000114440918,0.0,16776900
2023-10-11,9.404999732971191,9.404999732971191,0.0,10.079999923706055,9.140000343322754,9.960000038146973,0.0,16483300
2023-10-12,9.199999809265137,9.199999809265137,0.0,9.479999542236328,9.112000465393066,9.319999694824219,0.0,8765900
2023-10-13,9.149999618530273,9.149999618530273,0.0,9.279999732971191,8.960000038146973,9.25,0.0,10907600
2023-10-16,9.420000076293945,9.420000076293945,0.0,10.470000267028809,9.100000381469727,10.020000457763672,0.0,36847900
2023-10-17,9.670000076293945,9.670000076293945,0.0,9.9350004196167,9.119999885559082,9.25,0.0,18436800
2023-10-18,8.84000015258789,8.84000015258789,0.0,9.675000190734863,8.699999809265137,9.569999694824219,0.0,20475400
2023-10-19,8.819999694824219,8.819999694824219,0.0,9.1899995803833,8.680000305175781,8.960000038146973,0.0,16767600
2023-10-20,8.869999885559082,8.869999885559082,0.0,9.399999618530273,8.819999694824219,9.100000381469727,0.0,20312900
2023-10-23,9.670000076293945,9.670000076293945,0.0,10.038999557495117,8.975000381469727,9.119999885559082,0.0,38368300
2023-10-24,10.670000076293945,10.670000076293945,0.0,11.369999885559082,10.300000190734863,10.8100004196167,0.0,51057500
2023-10-25,10.5600004196167,10.5600004196167,0.0,11.279999732971191,10.460000038146973,10.880000114440918,0.0,37323800
2023-10-26,9.789999961853027,9.789999961853027,0.0,10.461000442504883,9.460000038146973,10.25,0.0,24072400
2023-10-27,9.539999961853027,9.539999961853027,0.0,10.180000305175781,9.460000038146973,10.020000457763672,0.0,16637300
2023-10-30,9.609999656677246,9.609999656677246,0.0,10.279999732971191,9.380000114440918,9.920000076293945,0.0,18914900
2023-10-31,9.779999732971191,9.779999732971191,0.0,9.850000381469727,9.270000457763672,9.569999694824219,0.0,14947700
2023-11-01,10.210000038146973,10.210000038146973,0.0,10.28499984741211,9.65999984741211,10.0,0.0,24654600
2023-11-02,11.300000190734863,11.300000190734863,0.0,11.3100004196167,10.380000114440918,10.550000190734863,0.0,28604100
2023-11-03,11.390000343322754,11.390000343322754,0.0,11.59000015258789,10.880000114440918,11.020000457763672,0.0,27466900
2023-11-06,11.010000228881836,11.010000228881836,0.0,11.949999809265137,10.71500015258789,11.630000114440918,0.0,21872300
2023-11-07,11.069999694824219,11.069999694824219,0.0,11.170000076293945,10.430000305175781,10.90999984741211,0.0,20864900
2023-11-08,10.279999732971191,10.279999732971191,0.0,10.826000213623047,10.0600004196167,10.800000190734863,0.0,22190800
2023-11-09,10.210000038146973,10.210000038146973,0.0,12.079999923706055,10.125,11.100000381469727,0.0,53622500
2023-11-10,10.359999656677246,10.359999656677246,0.0,10.489999771118164,9.699999809265137,10.319999694824219,0.0,25662200
2023-11-13,9.789999961853027,9.789999961853027,0.0,10.140000343322754,9.53499984741211,10.119999885559082,0.0,18073300
2023-11-14,9.729999542236328,9.729999542236328,0.0,10.220000267028809,9.329999923706055,10.0,0.0,22081300
2023-11-15,10.680000305175781,10.680000305175781,0.0,10.835000038146973,9.6899995803833,9.890000343322754,0.0,31966600
2023-11-16,10.15999984741211,10.15999984741211,0.0,10.279999732971191,9.729999542236328,10.199999809265137,0.0,20282700
2023-11-17,10.479999542236328,10.479999542236328,0.0,10.524999618530273,9.890000343322754,10.239999771118164,0.0,16492500
2023-11-20,11.319999694824219,11.319999694824219,0.0,11.539999961853027,10.59000015258789,10.59000015258789,0.0,25617600
2023-11-21,11.170000076293945,11.170000076293945,0.0,11.380000114440918,10.717000007629395,11.010000228881836,0.0,19169700
2023-11-22,11.600000381469727,11.600000381469727,0.0,11.645000457763672,10.670000076293945,11.277999877929688,0.0,20774500
2023-11-24,12.020000457763672,12.020000457763672,0.0,12.260000228881836,11.418000221252441,11.649999618530273,0.0,18308800
2023-11-27,11.819999694824219,11.819999694824219,0.0,12.149999618530273,11.369999885559082,11.5,0.0,18481200
2023-11-28,12.859999656677246,12.859999656677246,0.0,12.90999984741211,11.800000190734863,12.140000343322754,0.0,33551000
2023-11-29,13.0,13.0,0.0,13.289999961853027,12.649999618530273,12.880000114440918,0.0,25277500
2023-11-30,12.550000190734863,12.550000190734863,0.0,13.140000343322754,12.510000228881836,13.029999732971191,0.0,16717000
2023-12-01,13.770000457763672,13.770000457763672,0.0,13.819999694824219,12.710000038146973,12.75,0.0,32026700
2023-12-04,15.0,15.0,0.0,15.6899995803833,14.364999771118164,15.149999618530273,0.0,45641100
2023-12-05,15.140000343322754,15.140000343322754,0.0,16.020000457763672,14.850000381469727,15.010000228881836,0.0,46782600
2023-12-06,14.760000228881836,14.760000228881836,0.0,15.470000267028809,14.6899995803833,15.399999618530273,0.0,34912400
2023-12-07,14.880000114440918,14.880000114440918,0.0,15.140000343322754,14.119999885559082,14.270000457763672,0.0,22045600
2023-12-08,15.829999923706055,15.829999923706055,0.0,15.970000267028809,15.039999961853027,15.09000015258789,0.0,31412700
2023-12-11,14.020000457763672,14.020000457763672,0.0,14.859999656677246,13.529999732971191,14.84000015258789,0.0,31166900
2023-12-12,14.0649995803833,14.0649995803833,0.0,14.279999732971191,13.800000190734863,14.1899995803833,0.0,16558600
2023-12-13,15.239999771118164,15.239999771118164,0.0,15.25,13.739999771118164,14.0,0.0,33196900
2023-12-14,15.75,15.75,0.0,15.84000015258789,14.899999618530273,15.199999809265137,0.0,30588000
2023-12-15,15.630000114440918,15.630000114440918,0.0,15.779000282287598,15.0600004196167,15.449999809265137,0.0,26005500
2023-12-18,16.399999618530273,16.399999618530273,0.0,16.43000030517578,15.15999984741211,15.170000076293945,0.0,33815600
2023-12-19,16.68000030517578,16.68000030517578,0.0,17.670000076293945,16.149999618530273,17.030000686645508,0.0,43752200
2023-12-20,16.450000762939453,16.450000762939453,0.0,17.959999084472656,16.399999618530273,17.540000915527344,0.0,45023500
2023-12-21,16.75,16.75,0.0,16.969999313354492,16.270000457763672,16.950000762939453,0.0,30398700
2023-12-22,17.780000686645508,17.780000686645508,0.0,18.389999389648438,16.520000457763672,16.75,0.0,45554800
2023-12-26,17.350000381469727,17.350000381469727,0.0,17.540000915527344,16.860000610351562,17.43000030517578,0.0,30645300
2023-12-27,18.6200008392334,18.6200008392334,0.0,18.75,17.6299991607666,17.899999618530273,0.0,43092600
2023-12-28,17.600000381469727,17.600000381469727,0.0,18.3700008392334,17.34000015258789,18.209999084472656,0.0,45018800
2023-12-29,15.470000267028809,15.470000267028809,0.0,18.184999465942383,15.029999732971191,17.8700008392334,0.0,58700400
2024-01-02,15.40999984741211,15.40999984741211,0.0,17.110000610351562,15.3100004196167,17.06999969482422,0.0,35508200
2024-01-03,15.039999961853027,15.039999961853027,0.0,15.229999542236328,13.75,13.989999771118164,0.0,29189700
2024-01-04,15.859999656677246,15.859999656677246,0.0,16.079999923706055,14.949999809265137,15.3100004196167,0.0,26736700
2024-01-05,14.829999923706055,14.829999923706055,0.0,15.5649995803833,14.366999626159668,15.539999961853027,0.0,26205200
2024-01-08,16.010000228881836,16.010000228881836,0.0,16.200000762939453,14.229999542236328,15.079999923706055,0.0,40667000
2024-01-09,15.739999771118164,15.739999771118164,0.0,16.170000076293945,15.520000457763672,15.899999618530273,0.0,22881600
2024-01-10,15.550000190734863,15.550000190734863,0.0,16.309999465942383,14.770000457763672,15.199999809265137,0.0,40743800
2024-01-11,13.09000015258789,13.09000015258789,0.0,17.020000457763672,12.829999923706055,16.639999389648438,0.0,71584500
2024-01-12,11.729999542236328,11.729999542236328,0.0,12.755000114440918,11.720000267028809,12.755000114440918,0.0,44452800
2024-01-16,11.289999961853027,11.289999961853027,0.0,11.850000381469727,10.920000076293945,11.505000114440918,0.0,27395500
2024-01-17,10.869999885559082,10.869999885559082,0.0,11.130000114440918,10.649999618530273,11.0,0.0,22798500
2024-01-18,10.329999923706055,10.329999923706055,0.0,11.170000076293945,10.229999542236328,10.90999984741211,0.0,27512200
2024-01-19,10.289999961853027,10.289999961853027,0.0,10.390000343322754,9.635000228881836,10.329999923706055,0.0,31708400
2024-01-22,10.600000381469727,10.600000381469727,0.0,11.055000305175781,9.84000015258789,10.029999732971191,0.0,27717400
2024-01-23,10.380000114440918,10.380000114440918,0.0,10.59000015258789,9.930000305175781,10.239999771118164,0.0,19428300
2024-01-24,10.069999694824219,10.069999694824219,0.0,10.920000076293945,10.0,10.630000114440918,0.0,21642500
2024-01-25,10.630000114440918,10.630000114440918,0.0,10.649999618530273,9.989999771118164,10.154999732971191,0.0,19017500
2024-01-26,11.350000381469727,11.350000381469727,0.0,11.5600004196167,10.899999618530273,11.239999771118164,0.0,25001900
2024-01-29,11.550000190734863,11.550000190734863,0.0,12.130000114440918,11.229999542236328,11.40999984741211,0.0,31102800
2024-01-30,11.34000015258789,11.34000015258789,0.0,11.729999542236328,11.1899995803833,11.550000190734863,0.0,16150900
2024-01-31,10.899999618530273,10.899999618530273,0.0,11.595000267028809,10.869999885559082,11.0600004196167,0.0,17685000
2024-02-01,11.300000190734863,11.300000190734863,0.0,11.4399995803833,10.5600004196167,10.899999618530273,0.0,18566200
2024-02-02,11.210000038146973,11.210000038146973,0.0,11.399999618530273,10.920000076293945,11.0,0.0,13330900
2024-02-05,10.34000015258789,10.34000015258789,0.0,11.319999694824219,10.329999923706055,11.210000038146973,0.0,16253200
2024-02-06,10.8100004196167,10.8100004196167,0.0,10.850000381469727,10.253999710083008,10.428000450134277,0.0,11288800
2024-02-07,11.319999694824219,11.319999694824219,0.0,11.399999618530273,10.4350004196167,10.739999771118164,0.0,14750900
2024-02-08,13.050000190734863,13.050000190734863,0.0,13.0649995803833,11.729999542236328,11.819999694824219,0.0,31593200
2024-02-09,14.550000190734863,14.550000190734863,0.0,14.789999961853027,13.5600004196167,14.0,0.0,43578000
2024-02-12,15.920000076293945,15.920000076293945,0.0,16.350000381469727,14.550000190734863,14.579999923706055,0.0,41246800
2024-02-13,15.4399995803833,15.4399995803833,0.0,15.84000015258789,14.100000381469727,14.460000038146973,0.0,26101000
2024-02-14,17.6200008392334,17.6200008392334,0.0,17.6200008392334,16.549999237060547,16.989999771118164,0.0,34163800
2024-02-15,16.530000686645508,16.530000686645508,0.0,18.239999771118164,16.139999389648438,17.899999618530273,0.0,37285200
2024-02-16,16.450000762939453,16.450000762939453,0.0,17.06999969482422,15.920000076293945,16.649999618530273,0.0,21607100
2024-02-20,16.040000915527344,16.040000915527344,0.0,16.690000534057617,15.1850004196167,16.540000915527344,0.0,21082600
2024-02-21,15.100000381469727,15.100000381469727,0.0,15.848999977111816,15.069999694824219,15.15999984741211,0.0,13720900
2024-02-22,15.729999542236328,15.729999542236328,0.0,15.890000343322754,14.930000305175781,15.199999809265137,0.0,16953900
2024-02-23,14.850000381469727,14.850000381469727,0.0,15.3100004196167,14.329999923706055,15.140000343322754,0.0,18732400
2024-02-26,17.3700008392334,17.3700008392334,0.0,17.450000762939453,14.890000343322754,14.899999618530273,0.0,39162500
2024-02-27,16.799999237060547,16.799999237060547,0.0,18.360000610351562,16.219999313354492,18.100000381469727,0.0,43619600
2024-02-28,15.649999618530273,15.649999618530273,0.0,17.59000015258789,15.229999542236328,17.440000534057617,0.0,60473200
2024-02-29,14.119999885559082,14.119999885559082,0.0,15.824999809265137,13.710000038146973,15.680000305175781,0.0,39477700
2024-03-01,14.4399995803833,14.4399995803833,0.0,14.470000267028809,13.479999542236328,14.289999961853027,0.0,22850900
2024-03-04,13.479999542236328,13.479999542236328,0.0,14.989999771118164,13.125,14.829999923706055,0.0,38864500
2024-03-05,12.25,12.25,0.0,13.529999732971191,11.9399995803833,12.970000267028809,0.0,33797600
2024-03-06,12.119999885559082,12.119999885559082,0.0,13.020000457763672,11.989999771118164,12.960000038146973,0.0,26071900
2024-03-07,11.970000267028809,11.970000267028809,0.0,12.359999656677246,11.75,12.039999961853027,0.0,21504500
2024-03-08,12.350000381469727,12.350000381469727,0.0,13.196999549865723,12.015000343322754,12.029999732971191,0.0,28611900
2024-03-11,11.779999732971191,11.779999732971191,0.0,12.899999618530273,11.729999542236328,12.829999923706055,0.0,26591100
2024-03-12,11.619999885559082,11.619999885559082,0.0,11.90999984741211,11.295000076293945,11.850000381469727,0.0,20966500
2024-03-13,11.729999542236328,11.729999542236328,0.0,12.194999694824219,11.640000343322754,11.670000076293945,0.0,19500900
2024-03-14,10.930000305175781,10.930000305175781,0.0,11.529999732971191,10.600000381469727,11.5,0.0,21896100
2024-03-15,11.600000381469727,11.600000381469727,0.0,11.829999923706055,10.65999984741211,10.739999771118164,0.0,26319000
2024-03-18,11.430000305175781,11.430000305175781,0.0,11.84000015258789,11.069999694824219,11.449999809265137,0.0,16502000
2024-03-19,11.09000015258789,11.09000015258789,0.0,11.279999732971191,10.489999771118164,10.989999771118164,0.0,17173600
2024-03-20,12.399999618530273,12.399999618530273,0.0,12.430000305175781,11.199999809265137,11.75,0.0,28659500
2024-03-21,11.979999542236328,11.979999542236328,0.0,12.619999885559082,11.930000305175781,12.425000190734863,0.0,21698200
2024-03-22,11.399999618530273,11.399999618530273,0.0,11.8100004196167,11.329999923706055,11.744999885559082,0.0,15608800
2024-03-25,12.4399995803833,12.4399995803833,0.0,12.550000190734863,11.59000015258789,11.600000381469727,0.0,25910300
2024-03-26,12.050000190734863,12.050000190734863,0.0,12.579999923706055,11.949999809265137,12.460000038146973,0.0,18325200
2024-03-27,12.239999771118164,12.239999771118164,0.0,12.489999771118164,11.710000038146973,12.350000381469727,0.0,18676600
2024-03-28,12.239999771118164,12.239999771118164,0.0,13.119999885559082,12.144000053405762,12.40999984741211,0.0,27988300
2024-04-01,11.470000267028809,11.470000267028809,0.0,12.279999732971191,11.350000381469727,12.050000190734863,0.0,18326800
2024-04-02,10.609999656677246,10.609999656677246,0.0,10.920000076293945,10.479999542236328,10.899999618530273,0.0,19962400
2024-04-03,10.289999961853027,10.289999961853027,0.0,10.744999885559082,10.260000228881836,10.619999885559082,0.0,19594900
2024-04-04,10.1899995803833,10.1899995803833,0.0,10.819999694824219,10.100000381469727,10.600000381469727,0.0,21857700
2024-04-05,10.199999809265137,10.199999809265137,0.0,10.460000038146973,9.890000343322754,10.0,0.0,17417400
2024-04-08,10.050000190734863,10.050000190734863,0.0,10.760000228881836,9.859999656677246,10.630000114440918,0.0,20794200
2024-04-09,10.0,10.0,0.0,10.234999656677246,9.8100004196167,9.949999809265137,0.0,14698300
2024-04-10,9.869999885559082,9.869999885559082,0.0,10.109999656677246,9.609999656677246,9.710000038146973,0.0,15495100
2024-04-11,9.75,9.75,0.0,9.914999961853027,9.645000457763672,9.800000190734863,0.0,16384200
2024-04-12,9.100000381469727,9.100000381469727,0.0,9.6899995803833,8.970000267028809,9.680000305175781,0.0,17080700
2024-04-15,8.569999694824219,8.569999694824219,0.0,9.21500015258789,8.5,9.010000228881836,0.0,17777600
2024-04-16,8.0600004196167,8.0600004196167,0.0,8.40999984741211,7.889999866485596,8.390000343322754,0.0,21282700
2024-04-17,7.96999979019165,7.96999979019165,0.0,8.380000114440918,7.940000057220459,8.119999885559082,0.0,17229400
2024-04-18,8.289999961853027,8.289999961853027,0.0,8.420000076293945,7.800000190734863,7.909999847412109,0.0,17397300
2024-04-19,9.130000114440918,9.130000114440918,0.0,9.149999618530273,8.479999542236328,8.550000190734863,0.0,25743400
2024-04-22,11.239999771118164,11.239999771118164,0.0,11.270000457763672,9.581000328063965,9.75,0.0,57543000
2024-04-23,11.850000381469727,11.850000381469727,0.0,12.170000076293945,11.039999961853027,11.109999656677246,0.0,49371600
2024-04-24,11.880000114440918,11.880000114440918,0.0,12.649999618530273,11.710000038146973,11.800000190734863,0.0,49637500
2024-04-25,12.109999656677246,12.109999656677246,0.0,12.130000114440918,10.880000114440918,11.149999618530273,0.0,38061700
2024-04-26,11.930000305175781,11.930000305175781,0.0,12.4399995803833,11.8100004196167,11.949999809265137,0.0,23771800
2024-04-29,11.079999923706055,11.079999923706055,0.0,11.630000114440918,10.970000267028809,11.321999549865723,0.0,23723800
2024-04-30,10.109999656677246,10.109999656677246,0.0,10.899999618530273,10.0,10.649999618530273,0.0,33121300
2024-05-01,9.819999694824219,9.819999694824219,0.0,10.619999885559082,9.649999618530273,9.850000381469727,0.0,28804500
2024-05-02,10.300000190734863,10.300000190734863,0.0,10.4399995803833,9.8100004196167,10.220000267028809,0.0,22138600
2024-05-03,10.420000076293945,10.420000076293945,0.0,11.09000015258789,10.279999732971191,10.649999618530273,0.0,22794900
2024-05-06,10.770000457763672,10.770000457763672,0.0,11.170000076293945,10.59000015258789,10.630000114440918,0.0,28400000
2024-05-07,10.170000076293945,10.170000076293945,0.0,10.640000343322754,10.010000228881836,10.619999885559082,0.0,17144400
2024-05-08,10.350000381469727,10.350000381469727,0.0,10.359999656677246,9.774999618530273,9.942000389099121,0.0,15022900
2024-05-09,10.279999732971191,10.279999732971191,0.0,10.460000038146973,10.100000381469727,10.140000343322754,0.0,11683900
2024-05-10,9.199999809265137,9.199999809265137,0.0,10.359999656677246,9.1899995803833,10.300000190734863,0.0,22421300
2024-05-13,9.5,9.5,0.0,9.770000457763672,9.399999618530273,9.510000228881836,0.0,12079800
2024-05-14,9.779999732971191,9.779999732971191,0.0,9.866999626159668,9.239999771118164,9.3100004196167,0.0,13969800
2024-05-15,10.380000114440918,10.380000114440918,0.0,10.399999618530273,9.755000114440918,10.149999618530273,0.0,18179800
2024-05-16,10.0,10.0,0.0,10.40999984741211,9.930000305175781,10.180000305175781,0.0,12932700
2024-05-17,10.0600004196167,10.0600004196167,0.0,10.630000114440918,9.949999809265137,10.199999809265137,0.0,16089400
2024-05-20,10.960000038146973,10.960000038146973,0.0,11.029999732971191,9.885000228881836,10.170000076293945,0.0,24445900
2024-05-21,10.609999656677246,10.609999656677246,0.0,11.289999961853027,10.524999618530273,11.010000228881836,0.0,21370800
2024-05-22,10.789999961853027,10.789999961853027,0.0,11.34000015258789,10.550000190734863,10.600000381469727,0.0,20288100
2024-05-23,9.970000267028809,9.970000267028809,0.0,10.979999542236328,9.930000305175781,10.9399995803833,0.0,18215900
2024-05-24,10.369999885559082,10.369999885559082,0.0,10.618000030517578,9.961999893188477,10.079999923706055,0.0,14857400
2024-05-28,10.34000015258789,10.34000015258789,0.0,10.880000114440918,10.210000038146973,10.420000076293945,0.0,20147300
2024-05-29,10.0,10.0,0.0,10.430000305175781,9.984000205993652,10.265000343322754,0.0,14135000
2024-05-30,10.050000190734863,10.050000190734863,0.0,10.670000076293945,9.970000267028809,10.100000381469727,0.0,23375000
2024-05-31,9.739999771118164,9.739999771118164,0.0,10.289999961853027,9.515000343322754,10.239999771118164,0.0,24296400
2024-06-03,9.649999618530273,9.649999618530273,0.0,10.229999542236328,9.5600004196167,10.029999732971191,0.0,19602300
2024-06-04,9.670000076293945,9.670000076293945,0.0,10.170000076293945,9.520000457763672,9.670000076293945,0.0,26245200
2024-06-05,9.649999618530273,9.649999618530273,0.0,9.859999656677246,8.8100004196167,9.8100004196167,0.0,41068500
2024-06-06,10.15999984741211,10.15999984741211,0.0,10.390000343322754,9.4399995803833,9.449999809265137,0.0,34641900
2024-06-07,9.720000267028809,9.720000267028809,0.0,10.510000228881836,9.710000038146973,10.170000076293945,0.0,21534300
2024-06-10,9.895000457763672,9.895000457763672,0.0,10.010000228881836,9.470000267028809,9.65999984741211,0.0,15832000
2024-06-11,9.989999771118164,9.989999771118164,0.0,10.020000457763672,9.045000076293945,9.649999618530273,0.0,24437000
2024-06-12,10.640000343322754,10.640000343322754,0.0,10.989999771118164,10.194999694824219,10.359999656677246,0.0,30289800
2024-06-13,10.979999542236328,10.979999542236328,0.0,11.210000038146973,10.470000267028809,10.609999656677246,0.0,20246700
2024-06-14,10.529999732971191,10.529999732971191,0.0,11.020000457763672,10.265000343322754,10.949999809265137,0.0,16812100
2024-06-17,10.90999984741211,10.90999984741211,0.0,11.020000457763672,10.180000305175781,10.40999984741211,0.0,18687500
2024-06-18,10.65999984741211,10.65999984741211,0.0,10.869999885559082,10.399999618530273,10.489999771118164,0.0,17176700
2024-06-20,10.420000076293945,10.420000076293945,0.0,11.15999984741211,10.329999923706055,10.989999771118164,0.0,26189900
2024-06-21,9.550000190734863,9.550000190734863,0.0,10.130000114440918,9.460000038146973,10.09000015258789,0.0,32273100
2024-06-24,9.210000038146973,9.210000038146973,0.0,9.59000015258789,8.960000038146973,9.199999809265137,0.0,21871500
2024-06-25,9.199999809265137,9.199999809265137,0.0,9.600000381469727,9.140000343322754,9.380000114440918,0.0,20106000
2024-06-26,9.029999732971191,9.029999732971191,0.0,9.510000228881836,9.010000228881836,9.130000114440918,0.0,20045600
2024-06-27,9.119999885559082,9.119999885559082,0.0,9.380000114440918,9.029999732971191,9.229999542236328,0.0,14652600
2024-06-28,9.140000343322754,9.140000343322754,0.0,9.199999809265137,8.960000038146973,9.170000076293945,0.0,31572000
2024-07-01,9.949999809265137,9.949999809265137,0.0,10.039999961853027,9.359999656677246,9.359999656677246,0.0,29211300
2024-07-02,9.720000267028809,9.720000267028809,0.0,9.989999771118164,9.680000305175781,9.90999984741211,0.0,16261400
2024-07-03,9.569999694824219,9.569999694824219,0.0,9.699999809265137,9.350000381469727,9.392000198364258,0.0,10714900
2024-07-05,9.640000343322754,9.640000343322754,0.0,9.640000343322754,9.039999961853027,9.15999984741211,0.0,19688800
2024-07-08,9.399999618530273,9.399999618530273,0.0,10.050000190734863,9.300000190734863,9.779999732971191,0.0,20760800
2024-07-09,9.140000343322754,9.140000343322754,0.0,9.489999771118164,8.920000076293945,9.449999809265137,0.0,20229100
2024-07-10,9.15999984741211,9.15999984741211,0.0,9.329999923706055,9.029999732971191,9.210000038146973,0.0,15041300
2024-07-11,9.3100004196167,9.3100004196167,0.0,9.699999809265137,9.239999771118164,9.489999771118164,0.0,22285000
2024-07-12,9.805000305175781,9.805000305175781,0.0,9.920000076293945,9.369999885559082,9.390000343322754,0.0,22468600
2024-07-15,11.479999542236328,11.479999542236328,0.0,11.6899995803833,10.239999771118164,10.329999923706055,0.0,45399400
2024-07-16,12.699999809265137,12.699999809265137,0.0,12.875,11.25,11.430000305175781,0.0,45170600
2024-07-17,12.420000076293945,12.420000076293945,0.0,13.09000015258789,11.772000312805176,12.359999656677246,0.0,33442600
2024-07-18,10.949999809265137,10.949999809265137,0.0,12.824999809265137,10.859999656677246,12.720000267028809,0.0,35483200
2024-07-19,12.029999732971191,12.029999732971191,0.0,12.109999656677246,10.880000114440918,11.121999740600586,0.0,26982700
2024-07-22,12.239999771118164,12.239999771118164,0.0,12.449999809265137,11.604999542236328,12.25,0.0,25489200
2024-07-23,11.59000015258789,11.59000015258789,0.0,12.4399995803833,11.46500015258789,12.020000457763672,0.0,20403300
2024-07-24,11.319999694824219,11.319999694824219,0.0,12.079999923706055,11.1899995803833,11.789999961853027,0.0,26974700
2024-07-25,10.729999542236328,10.729999542236328,0.0,11.270000457763672,10.640000343322754,10.970000267028809,0.0,19743000
2024-07-26,11.199999809265137,11.199999809265137,0.0,11.739999771118164,10.989999771118164,11.350000381469727,0.0,20906600
2024-07-29,10.630000114440918,10.630000114440918,0.0,11.930000305175781,10.579999923706055,11.619999885559082,0.0,23678800
2024-07-30,10.369999885559082,10.369999885559082,0.0,10.75,10.279999732971191,10.6899995803833,0.0,12538800
2024-07-31,10.1899995803833,10.1899995803833,0.0,10.824999809265137,10.15999984741211,10.600000381469727,0.0,19332100
2024-08-01,9.319999694824219,9.319999694824219,0.0,10.260000228881836,9.300000190734863,10.100000381469727,0.0,25911700
2024-08-02,8.569999694824219,8.569999694824219,0.0,9.458999633789062,8.4399995803833,9.270000457763672,0.0,25183200
2024-08-05,8.3100004196167,8.3100004196167,0.0,8.510000228881836,7.25,7.389999866485596,0.0,27482600
2024-08-06,8.40999984741211,8.40999984741211,0.0,8.619999885559082,8.050000190734863,8.510000228881836,0.0,16261600
2024-08-07,7.639999866485596,7.639999866485596,0.0,8.630000114440918,7.610000133514404,8.609999656677246,0.0,19183400
2024-08-08,8.289999961853027,8.289999961853027,0.0,8.460000038146973,7.775000095367432,8.020000457763672,0.0,16550100
2024-08-09,8.0600004196167,8.0600004196167,0.0,8.37399959564209,8.029999732971191,8.260000228881836,0.0,12830700
2024-08-12,7.610000133514404,7.610000133514404,0.0,7.985000133514404,7.519999980926514,7.849999904632568,0.0,16904900
2024-08-13,7.840000152587891,7.840000152587891,0.0,8.0,7.53000020980835,7.650000095367432,0.0,14088300
2024-08-14,7.650000095367432,7.650000095367432,0.0,7.989999771118164,7.570000171661377,7.949999809265137,0.0,13438300
2024-08-15,7.679999828338623,7.679999828338623,0.0,8.050000190734863,7.650000095367432,7.71999979019165,0.0,17139900
2024-08-16,7.989999771118164,7.989999771118164,0.0,8.145999908447266,7.679999828338623,7.704999923706055,0.0,17141800
2024-08-19,8.050000190734863,8.050000190734863,0.0,8.170000076293945,7.800000190734863,8.010000228881836,0.0,15242800
2024-08-20,8.039999961853027,8.039999961853027,0.0,8.3100004196167,7.860000133514404,8.199999809265137,0.0,14599200
2024-08-21,8.350000381469727,8.350000381469727,0.0,8.380000114440918,7.96999979019165,8.079999923706055,0.0,18416100
2024-08-22,8.050000190734863,8.050000190734863,0.0,8.385000228881836,8.020000457763672,8.34000015258789,0.0,13114000
2024-08-23,8.5,8.5,0.0,8.520000457763672,7.980000019073486,8.079999923706055,0.0,20932600
2024-08-26,8.359999656677246,8.359999656677246,0.0,8.550000190734863,8.210000038146973,8.5,0.0,13839100
2024-08-27,7.900000095367432,7.900000095367432,0.0,8.279999732971191,7.800000190734863,8.199999809265137,0.0,16531300
2024-08-28,7.639999866485596,7.639999866485596,0.0,7.875,7.53000020980835,7.820000171661377,0.0,11679900
2024-08-29,7.679999828338623,7.679999828338623,0.0,8.020000457763672,7.610000133514404,7.789999961853027,0.0,11626300
2024-08-30,7.53000020980835,7.53000020980835,0.0,7.760000228881836,7.519999980926514,7.71999979019165,0.0,14246300
2024-09-03,6.78000020980835,6.78000020980835,0.0,7.480000019073486,6.710000038146973,7.480000019073486,0.0,19636700
2024-09-04,6.849999904632568,6.849999904632568,0.0,7.050000190734863,6.614999771118164,6.690000057220459,0.0,11131700
2024-09-05,6.690000057220459,6.690000057220459,0.0,6.940000057220459,6.630000114440918,6.78000020980835,0.0,12122600
2024-09-06,6.380000114440918,6.380000114440918,0.0,6.820000171661377,6.355000019073486,6.789999961853027,0.0,14844000
2024-09-09,6.809999942779541,6.809999942779541,0.0,6.849999904632568,6.389999866485596,6.579999923706055,0.0,15313200
2024-09-10,7.239999771118164,7.239999771118164,0.0,7.28000020980835,6.599999904632568,6.840000152587891,0.0,13679300
2024-09-11,7.090000152587891,7.090000152587891,0.0,7.190000057220459,6.699999809265137,7.0,0.0,15510900
2024-09-12,7.03000020980835,7.03000020980835,0.0,7.159999847412109,6.96999979019165,7.130000114440918,0.0,11186700
2024-09-13,7.199999809265137,7.199999809265137,0.0,7.300000190734863,6.949999809265137,7.070000171661377,0.0,15070100
2024-09-16,6.960000038146973,6.960000038146973,0.0,7.090000152587891,6.829999923706055,6.989999771118164,0.0,12058900
2024-09-17,7.099999904632568,7.099999904632568,0.0,7.28000020980835,6.96999979019165,7.090000152587891,0.0,12657600
2024-09-18,7.170000076293945,7.170000076293945,0.0,7.570000171661377,7.010000228881836,7.079999923706055,0.0,18980200
2024-09-19,7.21999979019165,7.21999979019165,0.0,7.619999885559082,7.1620001792907715,7.570000171661377,0.0,25317600
2024-09-20,7.190000057220459,7.190000057220459,0.0,7.255000114440918,6.940000057220459,7.210000038146973,0.0,27478000
2024-09-23,7.329999923706055,7.329999923706055,0.0,7.400000095367432,7.110000133514404,7.190000057220459,0.0,16549400
2024-09-24,7.53000020980835,7.53000020980835,0.0,7.539999961853027,7.159999847412109,7.360000133514404,0.0,16585100
2024-09-25,7.440000057220459,7.440000057220459,0.0,7.730000019073486,7.400000095367432,7.53000020980835,0.0,17570600
2024-09-26,7.769999980926514,7.769999980926514,0.0,8.04699993133545,7.519999980926514,7.690000057220459,0.0,23942500
2024-09-27,7.840000152587891,7.840000152587891,0.0,8.069999694824219,7.695000171661377,8.0,0.0,16598100
2024-09-30,7.420000076293945,7.420000076293945,0.0,7.619999885559082,7.349999904632568,7.559999942779541,0.0,13219200
2024-10-01,7.079999923706055,7.079999923706055,0.0,7.449999809265137,6.980000019073486,7.400000095367432,0.0,14987100
2024-10-02,7.25,7.25,0.0,7.366000175476074,7.013999938964844,7.079999923706055,0.0,12494600
2024-10-03,7.429999828338623,7.429999828338623,0.0,7.440000057220459,7.150000095367432,7.190000057220459,0.0,11312000
2024-10-04,7.849999904632568,7.849999904632568,0.0,7.860000133514404,7.449999809265137,7.579999923706055,0.0,20255600
2024-10-07,8.15999984741211,8.15999984741211,0.0,8.520000457763672,7.900000095367432,8.050000190734863,0.0,34911800
2024-10-08,8.15999984741211,8.15999984741211,0.0,8.220000267028809,7.869999885559082,7.980000019073486,0.0,21403400
2024-10-09,7.820000171661377,7.820000171661377,0.0,8.210000038146973,7.760000228881836,8.140000343322754,0.0,18864100
2024-10-10,7.739999771118164,7.739999771118164,0.0,7.869999885559082,7.610000133514404,7.769999980926514,0.0,13501100
2024-10-11,8.40999984741211,8.40999984741211,0.0,8.4399995803833,7.75,7.78000020980835,0.0,20035700
2024-10-14,8.739999771118164,8.739999771118164,0.0,8.90999984741211,8.430000305175781,8.65999984741211,0.0,30168500
2024-10-15,8.770000457763672,8.770000457763672,0.0,9.130000114440918,8.59000015258789,8.710000038146973,0.0,22863000
2024-10-16,9.079999923706055,9.079999923706055,0.0,9.119999885559082,8.784000396728516,8.991000175476074,0.0,17126400
2024-10-17,9.199999809265137,9.199999809265137,0.0,9.460000038146973,8.760000228881836,8.920000076293945,0.0,21264000
2024-10-18,9.859999656677246,9.859999656677246,0.0,9.949999809265137,9.380000114440918,9.390000343322754,0.0,23257600
2024-10-21,9.739999771118164,9.739999771118164,0.0,9.765000343322754,9.380000114440918,9.75,0.0,17448200
2024-10-22,9.920000076293945,9.920000076293945,0.0,9.96500015258789,9.300000190734863,9.59000015258789,0.0,15335800
2024-10-23,9.770000457763672,9.770000457763672,0.0,9.875,9.399999618530273,9.779999732971191,0.0,19160300
2024-10-24,10.1899995803833,10.1899995803833,0.0,10.447999954223633,9.880000114440918,10.0,0.0,23849700
2024-10-25,9.640000343322754,9.640000343322754,0.0,10.279000282287598,9.611000061035156,10.229999542236328,0.0,22731200
2024-10-28,10.5600004196167,10.5600004196167,0.0,10.699999809265137,9.930000305175781,10.020000457763672,0.0,31325400
2024-10-29,10.869999885559082,10.869999885559082,0.0,11.1899995803833,10.720000267028809,10.850000381469727,0.0,28045200
2024-10-30,10.479999542236328,10.479999542236328,0.0,10.90999984741211,10.420000076293945,10.569999694824219,0.0,24276700
2024-10-31,9.239999771118164,9.239999771118164,0.0,10.229999542236328,9.100000381469727,9.96500015258789,0.0,26822900
2024-11-01,9.4399995803833,9.4399995803833,0.0,9.96500015258789,9.25,9.430000305175781,0.0,23181500
2024-11-04,8.979999542236328,8.979999542236328,0.0,9.199999809265137,8.71500015258789,9.199999809265137,0.0,22381100
2024-11-05,9.710000038146973,9.710000038146973,0.0,9.829999923706055,9.15999984741211,9.15999984741211,0.0,20322700
2024-11-06,12.25,12.25,0.0,12.289999961853027,10.609999656677246,10.779999732971191,0.0,55373600
2024-11-07,12.390000343322754,12.390000343322754,0.0,12.640000343322754,11.729999542236328,11.869999885559082,0.0,32921300
2024-11-08,12.8100004196167,12.8100004196167,0.0,12.84000015258789,12.010000228881836,12.329999923706055,0.0,29607100
2024-11-11,14.970000267028809,14.970000267028809,0.0,15.869999885559082,13.824999809265137,14.0600004196167,0.0,82491000
2024-11-12,14.449999809265137,14.449999809265137,0.0,14.890000343322754,13.479999542236328,14.079999923706055,0.0,47706400
2024-11-13,12.670000076293945,12.670000076293945,0.0,14.829999923706055,12.489999771118164,14.1850004196167,0.0,44053500
2024-11-14,11.864999771118164,11.864999771118164,0.0,13.069999694824219,11.760000228881836,12.829999923706055,0.0,26248300
2024-11-15,12.369999885559082,12.369999885559082,0.0,12.399999618530273,11.460000038146973,12.229999542236328,0.0,25315300
2024-11-18,12.15999984741211,12.15999984741211,0.0,12.65999984741211,11.894000053405762,12.25,0.0,23598000
2024-11-19,12.270000457763672,12.270000457763672,0.0,12.635000228881836,11.920000076293945,12.109999656677246,0.0,25901100
2024-11-20,12.149999618530273,12.149999618530273,0.0,12.9399995803833,11.960000038146973,12.670000076293945,0.0,42781600
2024-11-21,11.760000228881836,11.760000228881836,0.0,13.130000114440918,10.899999618530273,12.770000457763672,0.0,55190500
2024-11-22,12.3100004196167,12.3100004196167,0.0,12.520000457763672,11.220000267028809,11.5,0.0,31252600
2024-11-25,12.0600004196167,12.0600004196167,0.0,12.779999732971191,11.729999542236328,12.460000038146973,0.0,27019400
2024-11-26,11.170000076293945,11.170000076293945,0.0,11.979999542236328,11.020000457763672,11.59000015258789,0.0,26449900
2024-11-27,12.369999885559082,12.369999885559082,0.0,12.579999923706055,11.350000381469727,11.46500015258789,0.0,29057500
2024-11-29,12.649999618530273,12.649999618530273,0.0,13.34000015258789,12.420000076293945,12.59000015258789,0.0,21894800
2024-12-02,12.100000381469727,12.100000381469727,0.0,12.75,12.029999732971191,12.600000381469727,0.0,21982800
2024-12-03,12.140000343322754,12.140000343322754,0.0,12.40999984741211,11.710000038146973,11.729999542236328,0.0,18211800
2024-12-04,12.949999809265137,12.949999809265137,0.0,13.024999618530273,11.920000076293945,12.095000267028809,0.0,22245800
2024-12-05,12.319999694824219,12.319999694824219,0.0,14.119999885559082,12.265000343322754,13.75,0.0,44049200
2024-12-06,12.949999809265137,12.949999809265137,0.0,13.600000381469727,12.520000457763672,12.520000457763672,0.0,26721800
2024-12-09,11.210000038146973,11.210000038146973,0.0,12.140000343322754,11.020000457763672,12.045000076293945,0.0,76744100
2024-12-10,11.100000381469727,11.100000381469727,0.0,11.619999885559082,10.729999542236328,11.494999885559082,0.0,43080500
2024-12-11,11.770000457763672,11.770000457763672,0.0,12.15999984741211,11.210000038146973,11.300000190734863,0.0,45042400
2024-12-12,12.329999923706055,12.329999923706055,0.0,13.279999732971191,11.84000015258789,12.9350004196167,0.0,110945000
2024-12-13,12.989999771118164,12.989999771118164,0.0,13.680000305175781,12.5,12.520000457763672,0.0,53985600
2024-12-16,14.029999732971191,14.029999732971191,0.0,14.550000190734863,13.069999694824219,13.270000457763672,0.0,54388600
2024-12-17,13.970000267028809,13.970000267028809,0.0,14.699999809265137,13.800000190734863,14.470000267028809,0.0,38468400
2024-12-18,11.949999809265137,11.949999809265137,0.0,13.989999771118164,11.649999618530273,13.699999809265137,0.0,41110600
2024-12-19,11.1899995803833,11.1899995803833,0.0,12.720000267028809,11.125,12.680000305175781,0.0,28545800
2024-12-20,11.550000190734863,11.550000190734863,0.0,11.699999809265137,10.789999961853027,10.920000076293945,0.0,34710000
2024-12-23,10.800000190734863,10.800000190734863,0.0,11.460000038146973,10.6899995803833,11.390000343322754,0.0,23451100
2024-12-24,11.670000076293945,11.670000076293945,0.0,11.729999542236328,11.09000015258789,11.239999771118164,0.0,13445800
2024-12-26,11.550000190734863,11.550000190734863,0.0,11.755000114440918,11.220000267028809,11.449999809265137,0.0,13954200
2024-12-27,10.989999771118164,10.989999771118164,0.0,11.609999656677246,10.829999923706055,11.529999732971191,0.0,17172300
2024-12-30,10.5,10.5,0.0,10.760000228881836,10.020000457763672,10.725000381469727,0.0,28036800
2024-12-31,10.210000038146973,10.210000038146973,0.0,10.859999656677246,9.984999656677246,10.770000457763672,0.0,22608400
2025-01-02,10.460000038146973,10.460000038146973,0.0,10.960000038146973,10.210000038146973,10.489999771118164,0.0,23687000
2025-01-03,12.34000015258789,12.34000015258789,0.0,12.390000343322754,10.449999809265137,10.5649995803833,0.0,40656400
2025-01-06,12.890000343322754,12.890000343322754,0.0,13.010000228881836,12.3149995803833,12.59000015258789,0.0,27593700
2025-01-07,12.40999984741211,12.40999984741211,0.0,12.989999771118164,12.015000343322754,12.600000381469727,0.0,23285100
2025-01-08,12.020000457763672,12.020000457763672,0.0,12.119999885559082,11.5,12.0600004196167,0.0,22053200
2025-01-10,12.0,12.0,0.0,12.079999923706055,11.489999771118164,11.760000228881836,0.0,20783500
2025-01-13,11.770000457763672,11.770000457763672,0.0,11.899999618530273,11.020000457763672,11.34000015258789,0.0,22636200
2025-01-14,12.239999771118164,12.239999771118164,0.0,12.699999809265137,11.930000305175781,12.25,0.0,27050800
2025-01-15,13.460000038146973,13.460000038146973,0.0,13.59000015258789,12.670000076293945,12.760000228881836,0.0,34406300
2025-01-16,13.289999961853027,13.289999961853027,0.0,13.628999710083008,12.960000038146973,13.324999809265137,0.0,23286000
2025-01-17,13.390000343322754,13.390000343322754,0.0,14.430000305175781,13.329999923706055,13.869999885559082,0.0,35962100
2025-01-21,12.739999771118164,12.739999771118164,0.0,14.369999885559082,12.520000457763672,13.970000267028809,0.0,46327500
2025-01-22,13.140000343322754,13.140000343322754,0.0,13.739999771118164,12.46500015258789,12.90999984741211,0.0,37663100
2025-01-23,12.989999771118164,12.989999771118164,0.0,14.539999961853027,12.75,12.829999923706055,0.0,65645900
2025-01-24,13.539999961853027,13.539999961853027,0.0,14.229999542236328,13.050000190734863,13.324999809265137,0.0,46786200
2025-01-27,11.449999809265137,11.449999809265137,0.0,12.630000114440918,11.071999549865723,12.59000015258789,0.0,56712600
2025-01-28,10.949999809265137,10.949999809265137,0.0,11.699999809265137,10.75,11.65999984741211,0.0,37288700
2025-01-29,11.220000267028809,11.220000267028809,0.0,11.527999877929688,10.710000038146973,10.829999923706055,0.0,44705300
2025-01-30,11.899999618530273,11.899999618530273,0.0,12.140000343322754,11.420000076293945,11.479999542236328,0.0,43478100
2025-01-31,11.880000114440918,11.880000114440918,0.0,12.460000038146973,11.6899995803833,12.0,0.0,38259800
2025-02-03,11.989999771118164,11.989999771118164,0.0,12.244999885559082,10.65999984741211,10.869999885559082,0.0,33672600
2025-02-04,12.289999961853027,12.289999961853027,0.0,12.388999938964844,11.789999961853027,11.800000190734863,0.0,21638700
2025-02-05,11.739999771118164,11.739999771118164,0.0,12.545000076293945,11.699999809265137,12.390000343322754,0.0,23224100
2025-02-06,11.609999656677246,11.609999656677246,0.0,12.050000190734863,11.3100004196167,11.760000228881836,0.0,18711800
2025-02-07,11.640000343322754,11.640000343322754,0.0,12.40999984741211,11.479999542236328,11.970000267028809,0.0,35000600
2025-02-10,11.630000114440918,11.630000114440918,0.0,11.890000343322754,11.40999984741211,11.729999542236328,0.0,19491200
2025-02-11,11.140000343322754,11.140000343322754,0.0,11.609999656677246,11.029999732971191,11.59000015258789,0.0,20138500
2025-02-12,11.15999984741211,11.15999984741211,0.0,11.319999694824219,10.880000114440918,10.970000267028809,0.0,16135800
2025-02-13,12.229999542236328,12.229999542236328,0.0,12.300000190734863,10.869999885559082,11.1850004196167,0.0,38501900
2025-02-14,12.270000457763672,12.270000457763672,0.0,12.479999542236328,12.024999618530273,12.154999732971191,0.0,21596500
2025-02-18,11.5600004196167,11.5600004196167,0.0,12.210000038146973,11.369999885559082,12.149999618530273,0.0,22236100
2025-02-19,11.5600004196167,11.5600004196167,0.0,11.989999771118164,11.520000457763672,11.649999618530273,0.0,15701400
2025-02-20,11.600000381469727,11.600000381469727,0.0,12.010000228881836,11.40999984741211,11.78499984741211,0.0,23848000
2025-02-21,10.460000038146973,10.460000038146973,0.0,11.930000305175781,10.4399995803833,11.890000343322754,0.0,41016700
2025-02-24,9.989999771118164,9.989999771118164,0.0,10.625,9.84000015258789,10.600000381469727,0.0,41832300
2025-02-25,9.319999694824219,9.319999694824219,0.0,9.960000038146973,8.699999809265137,9.475000381469727,0.0,42441200
2025-02-26,8.9399995803833,8.9399995803833,0.0,9.600000381469727,8.710000038146973,9.220000267028809,0.0,30806300
2025-02-27,8.65999984741211,8.65999984741211,0.0,9.720000267028809,8.600000381469727,9.479999542236328,0.0,33221600
2025-02-28,9.279999732971191,9.279999732971191,0.0,9.289999961853027,8.520000457763672,8.600000381469727,0.0,26442900
2025-03-03,8.859999656677246,8.859999656677246,0.0,10.149999618530273,8.720000267028809,10.0600004196167,0.0,36222500
2025-03-04,8.40999984741211,8.40999984741211,0.0,8.829999923706055,7.949999809265137,8.600000381469727,0.0,32149700
2025-03-05,8.880000114440918,8.880000114440918,0.0,8.920000076293945,8.425000190734863,8.65999984741211,0.0,20823600
2025-03-06,8.114999771118164,8.114999771118164,0.0,8.5600004196167,7.949999809265137,8.345000267028809,0.0,34444700
2025-03-07,8.369999885559082,8.369999885559082,0.0,8.550000190734863,7.920000076293945,8.055000305175781,0.0,25133700
2025-03-10,7.559999942779541,7.559999942779541,0.0,8.130000114440918,7.4120001792907715,7.949999809265137,0.0,25478500
2025-03-11,7.71999979019165,7.71999979019165,0.0,7.860000133514404,7.239999771118164,7.630000114440918,0.0,20290000
2025-03-12,7.849999904632568,7.849999904632568,0.0,7.989999771118164,7.494999885559082,7.869999885559082,0.0,17212600
2025-03-13,7.309999942779541,7.309999942779541,0.0,7.880000114440918,7.25,7.849999904632568,0.0,18296900
2025-03-14,7.820000171661377,7.820000171661377,0.0,7.900000095367432,7.494999885559082,7.539999961853027,0.0,18915000
2025-03-17,7.760000228881836,7.760000228881836,0.0,8.0,7.570000171661377,7.690000057220459,0.0,19650100
2025-03-18,7.400000095367432,7.400000095367432,0.0,7.820000171661377,7.389999866485596,7.610000133514404,0.0,20641000
2025-03-19,7.78000020980835,7.78000020980835,0.0,7.949999809265137,7.420000076293945,7.460000038146973,0.0,19017200
2025-03-20,7.760000228881836,7.760000228881836,0.0,8.128999710083008,7.650000095367432,7.710000038146973,0.0,19130500
2025-03-21,7.949999809265137,7.949999809265137,0.0,8.029999732971191,7.5,7.619999885559082,0.0,25519400
2025-03-24,8.720000267028809,8.720000267028809,0.0,8.729999542236328,8.15999984741211,8.210000038146973,0.0,29862700
2025-03-25,8.510000228881836,8.510000228881836,0.0,8.829999923706055,8.329999923706055,8.75,0.0,30896700
2025-03-26,7.900000095367432,7.900000095367432,0.0,8.489999771118164,7.849999904632568,8.449999809265137,0.0,21054600
2025-03-27,7.769999980926514,7.769999980926514,0.0,8.180000305175781,7.659999847412109,7.75,0.0,21902000
2025-03-28,7.409999847412109,7.409999847412109,0.0,7.757999897003174,7.289999961853027,7.659999847412109,0.0,22949400
2025-03-31,7.119999885559082,7.119999885559082,0.0,7.25600004196167,6.869999885559082,7.119999885559082,0.0,21383800
2025-04-01,7.539999961853027,7.539999961853027,0.0,7.599999904632568,6.989999771118164,7.170000076293945,0.0,21919700
2025-04-02,8.020000457763672,8.020000457763672,0.0,8.0600004196167,7.300000190734863,7.329999923706055,0.0,30412200
2025-04-03,7.300000190734863,7.300000190734863,0.0,7.5,7.199999809265137,7.275000095367432,0.0,18115900
2025-04-04,7.139999866485596,7.139999866485596,0.0,7.190000057220459,6.400000095367432,7.079999923706055,0.0,20823400
2025-04-07,7.110000133514404,7.110000133514404,0.0,7.75,6.385000228881836,6.5,0.0,26088000
2025-04-08,6.539999961853027,6.539999961853027,0.0,7.429999828338623,6.300000190734863,7.429999828338623,0.0,23423600
2025-04-09,7.375,7.375,0.0,7.5,6.21999979019165,6.519999980926514,0.0,32597800
2025-04-10,6.789999961853027,6.789999961853027,0.0,7.159999847412109,6.605000019073486,7.099999904632568,0.0,18398400
2025-04-11,7.059999942779541,7.059999942779541,0.0,7.117000102996826,6.75,6.849999904632568,0.0,14522400
2025-04-14,7.010000228881836,7.010000228881836,0.0,7.389999866485596,6.909999847412109,7.340000152587891,0.0,28604300
2025-04-15,6.550000190734863,6.550000190734863,0.0,7.090000152587891,6.510000228881836,6.980000019073486,0.0,24971800
2025-04-16,6.360000133514404,6.360000133514404,0.0,6.53000020980835,6.199999809265137,6.420000076293945,0.0,34267400
2025-04-17,6.460000038146973,6.460000038146973,0.0,6.46999979019165,6.190000057220459,6.389999866485596,0.0,20974700
2025-04-21,6.289999961853027,6.289999961853027,0.0,6.670000076293945,6.255000114440918,6.489999771118164,0.0,27824400
2025-04-22,7.119999885559082,7.119999885559082,0.0,7.190000057220459,6.440000057220459,6.46999979019165,0.0,39942700
2025-04-23,7.5,7.5,0.0,7.829999923706055,7.400000095367432,7.429999828338623,0.0,40070500
2025-04-24,7.789999961853027,7.789999961853027,0.0,7.860000133514404,7.329999923706055,7.440000057220459,0.0,24749800
2025-04-25,7.769999980926514,7.769999980926514,0.0,8.050000190734863,7.710000038146973,7.900000095367432,0.0,28068900
2025-04-28,7.630000114440918,7.630000114440918,0.0,7.840000152587891,7.340000152587891,7.809999942779541,0.0,30193100
2025-04-29,7.420000076293945,7.420000076293945,0.0,7.610000133514404,7.244999885559082,7.590000152587891,0.0,43903400
2025-04-30,7.239999771118164,7.239999771118164,0.0,7.289999961853027,6.960000038146973,7.210000038146973,0.0,30845800
2025-05-01,7.769999980926514,7.769999980926514,0.0,7.96999979019165,7.400000095367432,7.489999771118164,0.0,43539500
2025-05-02,8.390000343322754,8.390000343322754,0.0,8.8100004196167,7.869999885559082,7.889999866485596,0.0,53438700
2025-05-05,7.900000095367432,7.900000095367432,0.0,8.175000190734863,7.670000076293945,8.149999618530273,0.0,33472200
2025-05-06,7.860000133514404,7.860000133514404,0.0,7.960000038146973,7.659999847412109,7.699999809265137,0.0,23708300
2025-05-07,7.840000152587891,7.840000152587891,0.0,8.055000305175781,7.679999828338623,8.0,0.0,22582100
2025-05-08,8.4399995803833,8.4399995803833,0.0,8.6899995803833,8.079999923706055,8.199999809265137,0.0,30927100
2025-05-09,8.479999542236328,8.479999542236328,0.0,8.890000343322754,8.260000228881836,8.520000457763672,0.0,32559800
2025-05-12,8.699999809265137,8.699999809265137,0.0,9.119999885559082,8.475000381469727,9.020000457763672,0.0,29993500
2025-05-13,9.0600004196167,9.0600004196167,0.0,9.09000015258789,8.630000114440918,8.880000114440918,0.0,32790200
2025-05-14,8.90999984741211,8.90999984741211,0.0,9.0600004196167,8.800000190734863,9.029999732971191,0.0,20643300
2025-05-15,8.699999809265137,8.699999809265137,0.0,8.800000190734863,8.392000198364258,8.729999542236328,0.0,28851800
2025-05-16,9.149999618530273,9.149999618530273,0.0,9.470000267028809,8.710000038146973,8.710000038146973,0.0,36915500
2025-05-19,8.970000267028809,8.970000267028809,0.0,9.067999839782715,8.6850004196167,8.819999694824219,0.0,21131800
2025-05-20,8.930000305175781,8.930000305175781,0.0,8.989999771118164,8.654999732971191,8.90999984741211,0.0,20156500
2025-05-21,8.84000015258789,8.84000015258789,0.0,9.319999694824219,8.720000267028809,8.850000381469727,0.0,37772900
2025-05-22,8.9399995803833,8.9399995803833,0.0,9.520000457763672,8.829999923706055,9.1899995803833,0.0,40257200
2025-05-23,8.550000190734863,8.550000190734863,0.0,8.8100004196167,8.470000267028809,8.65999984741211,0.0,23067500
2025-05-27,9.140000343322754,9.140000343322754,0.0,9.194999694824219,8.670000076293945,8.854999542236328,0.0,40428200
2025-05-28,8.380000114440918,8.380000114440918,0.0,9.09000015258789,8.359999656677246,9.09000015258789,0.0,39052900
2025-05-29,8.180000305175781,8.180000305175781,0.0,8.489999771118164,8.09000015258789,8.489999771118164,0.0,31246500
2025-05-30,8.069999694824219,8.069999694824219,0.0,8.265000343322754,7.929999828338623,8.079999923706055,0.0,34036600
2025-06-02,8.479999542236328,8.479999542236328,0.0,8.489999771118164,7.989999771118164,8.0,0.0,34057100
2025-06-03,9.029999732971191,9.029999732971191,0.0,9.09000015258789,8.489999771118164,8.550000190734863,0.0,42216800
2025-06-04,9.5,9.5,0.0,9.640000343322754,8.899999618530273,8.960000038146973,0.0,39116400
2025-06-05,8.989999771118164,8.989999771118164,0.0,9.6899995803833,8.880000114440918,9.654999732971191,0.0,46346900
2025-06-06,9.850000381469727,9.850000381469727,0.0,10.199999809265137,9.220000267028809,9.25,0.0,55897400
2025-06-09,10.119999885559082,10.119999885559082,0.0,10.260000228881836,9.539999961853027,10.255000114440918,0.0,49134500
2025-06-10,10.449999809265137,10.449999809265137,0.0,10.5,9.970000267028809,10.229999542236328,0.0,49548800
2025-06-11,10.550000190734863,10.550000190734863,0.0,10.869999885559082,10.26099967956543,10.4399995803833,0.0,41081500
2025-06-12,10.210000038146973,10.210000038146973,0.0,10.635000228881836,10.125,10.229999542236328,0.0,26537200
2025-06-13,9.720000267028809,9.720000267028809,0.0,10.210000038146973,9.5,9.9350004196167,0.0,39189200
2025-06-16,10.170000076293945,10.170000076293945,0.0,10.210000038146973,9.720000267028809,9.869999885559082,0.0,46929500
2025-06-17,9.65999984741211,9.65999984741211,0.0,10.050000190734863,9.359999656677246,10.039999961853027,0.0,42121700
2025-06-18,9.9399995803833,9.9399995803833,0.0,10.0600004196167,9.460000038146973,9.579999923706055,0.0,50959400
2025-06-20,9.5600004196167,9.5600004196167,0.0,10.140000343322754,9.479999542236328,10.079999923706055,0.0,33914900
2025-06-23,9.270000457763672,9.270000457763672,0.0,9.550000190734863,8.869999885559082,9.25,0.0,40675600
2025-06-24,10.020000457763672,10.020000457763672,0.0,10.050000190734863,9.359999656677246,9.4399995803833,0.0,45854600
2025-06-25,10.0,10.0,0.0,10.390000343322754,9.829999923706055,10.270000457763672,0.0,34228600
2025-06-26,10.510000228881836,10.510000228881836,0.0,10.640000343322754,9.704000473022461,9.899999618530273,0.0,57591300
2025-06-27,10.550000190734863,10.550000190734863,0.0,10.899999618530273,10.279999732971191,10.5600004196167,0.0,56141900
2025-06-30,11.300000190734863,11.300000190734863,0.0,11.4399995803833,10.649999618530273,10.765000343322754,0.0,49089100
2025-07-01,11.270000457763672,11.270000457763672,0.0,11.609999656677246,11.029999732971191,11.135000228881836,0.0,49405900
2025-07-02,12.199999809265137,12.199999809265137,0.0,12.270000457763672,11.484999656677246,11.529999732971191,0.0,44100000
2025-07-03,12.170000076293945,12.170000076293945,0.0,12.729999542236328,12.045000076293945,12.21500015258789,0.0,27630600
2025-07-07,11.550000190734863,11.550000190734863,0.0,11.880000114440918,10.930000305175781,11.869999885559082,0.0,26513500
2025-07-08,11.569999694824219,11.569999694824219,0.0,12.0,11.555000305175781,11.779999732971191,0.0,18320400
2025-07-09,12.239999771118164,12.239999771118164,0.0,12.289999961853027,11.40999984741211,11.8100004196167,0.0,30139800
2025-07-10,12.59000015258789,12.59000015258789,0.0,12.770000457763672,11.954999923706055,12.15999984741211,0.0,30089700
2025-07-11,12.420000076293945,12.420000076293945,0.0,13.029999732971191,12.34000015258789,12.9399995803833,0.0,31304500
2025-07-14,12.510000228881836,12.510000228881836,0.0,13.649999618530273,12.260000228881836,12.755000114440918,0.0,53371800
2025-07-15,12.100000381469727,12.100000381469727,0.0,12.404999732971191,11.899999618530273,12.199999809265137,0.0,30289100
2025-07-16,12.569999694824219,12.569999694824219,0.0,12.875,12.4399995803833,12.460000038146973,0.0,30469000
2025-07-17,13.329999923706055,13.329999923706055,0.0,13.479999542236328,12.329999923706055,12.600000381469727,0.0,50020100
2025-07-18,13.859999656677246,13.859999656677246,0.0,14.119999885559082,13.239999771118164,13.5,0.0,54887000
2025-07-21,14.020000457763672,14.020000457763672,0.0,15.34000015258789,13.925000190734863,14.149999618530273,0.0,127903700
2025-07-22,14.270000457763672,14.270000457763672,0.0,14.359999656677246,13.654999732971191,14.289999961853027,0.0,55230500
2025-07-23,14.34000015258789,14.34000015258789,0.0,14.585000038146973,13.699999809265137,14.220000267028809,0.0,65549400
2025-07-24,14.6899995803833,14.6899995803833,0.0,14.930000305175781,14.079999923706055,14.375,0.0,59749200
2025-07-25,14.539999961853027,14.539999961853027,0.0,14.739999771118164,13.920000076293945,14.460000038146973,0.0,43124400
2025-07-28,14.510000228881836,14.510000228881836,0.0,14.649999618530273,14.010000228881836,14.545000076293945,0.0,47947100
2025-07-29,13.600000381469727,13.600000381469727,0.0,14.600000381469727,13.289999961853027,14.479999542236328,0.0,31350900
2025-07-30,13.520000457763672,13.520000457763672,0.0,13.979999542236328,13.229999542236328,13.84000015258789,0.0,21239200
2025-07-31,13.40999984741211,13.40999984741211,0.0,13.84000015258789,13.300000190734863,13.6899995803833,0.0,28775400
2025-08-01,11.029999732971191,11.029999732971191,0.0,12.074000358581543,10.869999885559082,12.010000228881836,0.0,50470100
2025-08-04,11.420000076293945,11.420000076293945,0.0,11.494999885559082,11.079999923706055,11.305000305175781,0.0,17459700
2025-08-05,11.130000114440918,11.130000114440918,0.0,11.4399995803833,10.819999694824219,11.420000076293945,0.0,26878900
2025-08-06,11.65999984741211,11.65999984741211,0.0,11.720000267028809,10.59000015258789,11.09000015258789,0.0,37511300
2025-08-07,11.579999923706055,11.579999923706055,0.0,12.319999694824219,11.40999984741211,11.920000076293945,0.0,23595300
2025-08-08,11.079999923706055,11.079999923706055,0.0,11.789999961853027,10.949999809265137,11.670000076293945,0.0,20812900
2025-08-11,11.109999656677246,11.109999656677246,0.0,11.65999984741211,11.039999961853027,11.539999961853027,0.0,21563300
2025-08-12,11.4399995803833,11.4399995803833,0.0,11.520000457763672,11.149999618530273,11.289999961853027,0.0,16898500
2025-08-13,11.59000015258789,11.59000015258789,0.0,11.800000190734863,11.40999984741211,11.5,0.0,18242500
2025-08-14,12.25,12.25,0.0,12.279999732971191,11.220000267028809,11.369999885559082,0.0,34334800
2025-08-15,11.329999923706055,11.329999923706055,0.0,12.029999732971191,11.295000076293945,12.020000457763672,0.0,30886400
2025-08-18,12.319999694824219,12.319999694824219,0.0,12.479999542236328,11.15999984741211,11.180000305175781,0.0,40044800
2025-08-19,11.960000038146973,11.960000038146973,0.0,12.40999984741211,11.779999732971191,12.34000015258789,0.0,31142900
2025-08-20,12.520000457763672,12.520000457763672,0.0,12.555000305175781,11.210000038146973,11.845000267028809,0.0,38233000
2025-08-21,12.270000457763672,12.270000457763672,0.0,12.520000457763672,12.119999885559082,12.350000381469727,0.0,33741900
2025-08-22,13.220000267028809,13.220000267028809,0.0,13.515000343322754,12.020000457763672,12.1899995803833,0.0,52236800
2025-08-25,13.279999732971191,13.279999732971191,0.0,13.380000114440918,12.399999618530273,12.779999732971191,0.0,50003300
2025-08-26,13.6899995803833,13.6899995803833,0.0,13.729999542236328,12.880000114440918,12.970000267028809,0.0,35059200
2025-08-27,13.550000190734863,13.550000190734863,0.0,13.979999542236328,13.40999984741211,13.65999984741211,0.0,29031700
2025-08-28,13.800000190734863,13.800000190734863,0.0,14.170000076293945,13.640000343322754,13.829999923706055,0.0,37356800
2025-08-29,13.760000228881836,13.760000228881836,0.0,13.979999542236328,13.4350004196167,13.720000267028809,0.0,35730100
2025-09-02,14.09000015258789,14.09000015258789,0.0,14.300000190734863,12.970000267028809,13.300000190734863,0.0,46639400
2025-09-03,13.449999809265137,13.449999809265137,0.0,14.460000038146973,13.319999694824219,14.239999771118164,0.0,40967000
2025-09-04,13.15999984741211,13.15999984741211,0.0,13.489999771118164,12.899999618530273,13.354999542236328,0.0,38251400
2025-09-05,13.289999961853027,13.289999961853027,0.0,13.869999885559082,12.65999984741211,13.4399995803833,0.0,37097700
2025-09-08,13.4399995803833,13.4399995803833,0.0,13.59000015258789,12.973999977111816,13.289999961853027,0.0,42427800
2025-09-09,15.210000038146973,15.210000038146973,0.0,15.300000190734863,13.65999984741211,13.789999961853027,0.0,66569100
2025-09-10,16.399999618530273,16.399999618530273,0.0,16.420000076293945,15.260000228881836,15.4399995803833,0.0,55199700
2025-09-11,15.649999618530273,15.649999618530273,0.0,16.829999923706055,15.595000267028809,16.190000534057617,0.0,36113300
2025-09-12,15.890000343322754,15.890000343322754,0.0,15.989999771118164,15.545000076293945,15.890000343322754,0.0,39962200
2025-09-15,16.68000030517578,16.68000030517578,0.0,16.924999237060547,15.869999885559082,16.010000228881836,0.0,40517200
2025-09-16,17.520000457763672,17.520000457763672,0.0,17.7549991607666,16.579999923706055,16.799999237060547,0.0,53945100
2025-09-17,17.6200008392334,17.6200008392334,0.0,17.8799991607666,16.7450008392334,17.350000381469727,0.0,43787700
2025-09-18,17.510000228881836,17.510000228881836,0.0,18.040000915527344,17.395000457763672,17.950000762939453,0.0,30168500
2025-09-19,17.459999084472656,17.459999084472656,0.0,18.239999771118164,17.350000381469727,17.5,0.0,43345000
2025-09-22,17.5,17.5,0.0,17.735000610351562,16.68000030517578,17.04199981689453,0.0,43066300
2025-09-23,17.06999969482422,17.06999969482422,0.0,18.299999237060547,17.0,18.110000610351562,0.0,36249100
2025-09-24,17.989999771118164,17.989999771118164,0.0,20.1299991607666,17.780000686645508,17.84000015258789,0.0,59315300
2025-09-25,16.739999771118164,16.739999771118164,0.0,17.530000686645508,16.424999237060547,17.440000534057617,0.0,31514500
2025-09-26,17.690000534057617,17.690000534057617,0.0,17.959999084472656,16.475000381469727,17.81999969482422,0.0,49095700
2025-09-29,19.780000686645508,19.780000686645508,0.0,20.010000228881836,18.131000518798828,18.229999542236328,0.0,45171400
2025-09-30,19.030000686645508,19.030000686645508,0.0,19.770000457763672,18.760000228881836,19.639999389648438,0.0,43274300
2025-10-01,18.93000030517578,18.93000030517578,0.0,19.59000015258789,18.510000228881836,19.540000915527344,0.0,34586000
2025-10-02,19.25,19.25,0.0,19.65999984741211,18.899999618530273,19.360000610351562,0.0,29498300
2025-10-03,19.440000534057617,19.440000534057617,0.0,20.795000076293945,18.969999313354492,19.389999389648438,0.0,40191800
2025-10-06,21.559999465942383,21.559999465942383,0.0,22.079999923706055,20.100000381469727,20.469999313354492,0.0,40384700
2025-10-07,21.469999313354492,21.469999313354492,0.0,21.8700008392334,20.110000610351562,21.799999237060547,0.0,32348000
2025-10-08,21.989999771118164,21.989999771118164,0.0,22.415000915527344,21.3700008392334,21.739999771118164,0.0,28859500
2025-10-09,22.280000686645508,22.280000686645508,0.0,22.3700008392334,21.15999984741211,22.010000228881836,0.0,24654200
2025-10-10,21.010000228881836,21.010000228881836,0.0,23.934999465942383,20.639999389648438,22.889999389648438,0.0,36397200
2025-10-13,21.700000762939453,21.700000762939453,0.0,22.010000228881836,20.86400032043457,21.510000228881836,0.0,25822400
2025-10-14,22.190000534057617,22.190000534057617,0.0,22.93000030517578,20.06599998474121,20.834999084472656,0.0,26294700
2025-10-15,22.1299991607666,22.1299991607666,0.0,23.010000228881836,21.489999771118164,22.799999237060547,0.0,19314900
2025-10-16,19.549999237060547,19.549999237060547,0.0,22.110000610351562,19.399999618530273,22.110000610351562,0.0,22941100
2025-10-17,20.030000686645508,20.030000686645508,0.0,20.290000915527344,18.5,18.809999465942383,0.0,22556500
2025-10-20,22.010000228881836,22.010000228881836,0.0,22.549999237060547,20.610000610351562,21.059999465942383,0.0,22037400
2025-10-21,20.670000076293945,20.670000076293945,0.0,22.190000534057617,20.489999771118164,21.584999084472656,0.0,18231100
2025-10-22,18.989999771118164,18.989999771118164,0.0,20.579999923706055,18.389999389648438,20.219999313354492,0.0,20084800
2025-10-23,20.489999771118164,20.489999771118164,0.0,20.959999084472656,19.149999618530273,19.149999618530273,0.0,17813400
2025-10-24,21.420000076293945,21.420000076293945,0.0,21.889999389648438,20.899999618530273,21.270000457763672,0.0,15624700
2025-10-27,23.0,23.0,0.0,23.489999771118164,21.56999969482422,22.225000381469727,0.0,21638900
2025-10-28,21.55500030517578,21.55500030517578,0.0,23.235000610351562,21.43000030517578,22.950000762939453,0.0,22936600
2025-10-29,22.170000076293945,22.170000076293945,0.0,22.579999923706055,21.059999465942383,22.024999618530273,0.0,25248100
2025-10-30,21.09000015258789,21.09000015258789,0.0,21.829999923706055,20.739999771118164,21.454999923706055,0.0,20561300
2025-10-31,19.780000686645508,19.780000686645508,0.0,21.905000686645508,19.31100082397461,21.709999084472656,0.0,33356000
2025-11-03,20.719999313354492,20.719999313354492,0.0,21.829999923706055,19.950000762939453,20.885000228881836,0.0,33715600
2025-11-04,19.274999618530273,19.274999618530273,0.0,20.924999237060547,19.059999465942383,19.690000534057617,0.0,25277300
2025-11-05,18.969999313354492,18.969999313354492,0.0,19.729999542236328,18.40999984741211,19.420000076293945,0.0,32493600
2025-11-06,17.34000015258789,17.34000015258789,0.0,18.899999618530273,17.299999237060547,18.829999923706055,0.0,22687000
2025-11-07,17.010000228881836,17.010000228881836,0.0,17.125,15.970000267028809,16.584999084472656,0.0,22442100
2025-11-10,17.31999969482422,17.31999969482422,0.0,18.0,17.049999237060547,17.790000915527344,0.0,17622700
2025-11-11,16.139999389648438,16.139999389648438,0.0,16.81999969482422,15.920000076293945,16.809999465942383,0.0,22278700
2025-11-12,15.460000038146973,15.460000038146973,0.0,16.469999313354492,15.079999923706055,16.469999313354492,0.0,24259800
2025-11-13,13.880000114440918,13.880000114440918,0.0,15.199999809265137,13.600000381469727,15.0649995803833,0.0,28407500
2025-11-14,13.949999809265137,13.949999809265137,0.0,14.53600025177002,12.75,13.210000038146973,0.0,31664700
2025-11-17,13.880000114440918,13.880000114440918,0.0,14.234999656677246,13.335000038146973,13.765000343322754,0.0,22867700
2025-11-18,13.9399995803833,13.9399995803833,0.0,14.239999771118164,13.454999923706055,13.630000114440918,0.0,18309400
2025-11-19,13.350000381469727,13.350000381469727,0.0,14.454999923706055,13.03499984741211,13.970000267028809,0.0,21392400
2025-11-20,12.779999732971191,12.779999732971191,0.0,14.329999923706055,12.739999771118164,14.079999923706055,0.0,21872500
2025-11-21,12.710000038146973,12.710000038146973,0.0,12.90999984741211,12.038000106811523,12.5,0.0,18271700
2025-11-24,13.880000114440918,13.880000114440918,0.0,13.90999984741211,12.829999923706055,13.055000305175781,0.0,17483100
2025-11-25,14.390000343322754,14.390000343322754,0.0,14.4399995803833,13.125,13.630000114440918,0.0,21051300
2025-11-26,14.960000038146973,14.960000038146973,0.0,15.239999771118164,14.229999542236328,14.574999809265137,0.0,19374700
2025-11-28,16.1299991607666,16.1299991607666,0.0,16.649999618530273,15.5600004196167,15.720000267028809,0.0,21219100
2025-12-01,15.479999542236328,15.479999542236328,0.0,15.809000015258789,14.880000114440918,15.239999771118164,0.0,19149400
2025-12-02,15.220000267028809,15.220000267028809,0.0,16.25,15.199999809265137,15.845000267028809,0.0,21975200
2025-12-03,15.640000343322754,15.640000343322754,0.0,15.680000305175781,14.890000343322754,15.194999694824219,0.0,14094000
2025-12-04,15.59000015258789,15.59000015258789,0.0,15.850000381469727,15.220000267028809,15.430000305175781,0.0,12930000
2025-12-05,14.9399995803833,14.9399995803833,0.0,15.428999900817871,14.699999809265137,15.329999923706055,0.0,15302800
2025-12-08,14.960000038146973,14.960000038146973,0.0,15.404999732971191,14.760000228881836,15.130000114440918,0.0,12472000
2025-12-09,15.510000228881836,15.510000228881836,0.0,15.96500015258789,14.40999984741211,14.640000343322754,0.0,15477900
2025-12-10,15.569999694824219,15.569999694824219,0.0,15.824999809265137,15.109999656677246,15.319999694824219,0.0,14876200
2025-12-11,15.75,15.75,0.0,15.805000305175781,14.65999984741211,15.199999809265137,0.0,21134900
2025-12-12,15.300000190734863,15.300000190734863,0.0,16.270000457763672,15.029999732971191,15.744999885559082,0.0,18277400
2025-12-15,13.710000038146973,13.710000038146973,0.0,15.289999961853027,13.569999694824219,15.289999961853027,0.0,19176500
2025-12-16,13.470000267028809,13.470000267028809,0.0,13.859999656677246,13.074999809265137,13.569999694824219,0.0,13951400
2025-12-17,12.960000038146973,12.960000038146973,0.0,13.989999771118164,12.835000038146973,13.670000076293945,0.0,14833700
2025-12-18,13.380000114440918,13.380000114440918,0.0,13.734999656677246,13.114999771118164,13.475000381469727,0.0,14402700
2025-12-19,14.5,14.5,0.0,14.640000343322754,13.6899995803833,13.725000381469727,0.0,19399800
2025-12-22,14.399999618530273,14.399999618530273,0.0,15.09000015258789,14.289999961853027,15.024999618530273,0.0,13007900
2025-12-23,13.670000076293945,13.670000076293945,0.0,14.229999542236328,13.635000228881836,14.079999923706055,0.0,11055500
2025-12-24,13.920000076293945,13.920000076293945,0.0,13.930000305175781,13.541999816894531,13.84000015258789,0.0,4460600
2025-12-26,13.4399995803833,13.4399995803833,0.0,13.949999809265137,13.380000114440918,13.930000305175781,0.0,8972100
2025-12-29,13.210000038146973,13.210000038146973,0.0,13.649999618530273,13.045000076293945,13.154999732971191,0.0,8623500
2025-12-30,12.699999809265137,12.699999809265137,0.0,13.479999542236328,12.699999809265137,13.364999771118164,0.0,13824400
2025-12-31,12.670000076293945,12.670000076293945,0.0,13.069999694824219,12.619999885559082,12.770000457763672,0.0,10971600
2026-01-02,14.15999984741211,14.15999984741211,0.0,14.395000457763672,12.645999908447266,13.010000228881836,0.0,21653500
2026-01-05,14.789999961853027,14.789999961853027,0.0,14.954999923706055,14.359999656677246,14.75,0.0,14201200
2026-01-06,14.979999542236328,14.979999542236328,0.0,15.25,14.380000114440918,14.789999961853027,0.0,14039800
2026-01-07,15.270000457763672,15.270000457763672,0.0,15.345000267028809,14.585000038146973,14.930000305175781,0.0,17491900
2026-01-08,15.130000114440918,15.130000114440918,0.0,15.489999771118164,14.84000015258789,15.050000190734863,0.0,13371900
2026-01-09,15.319999694824219,15.319999694824219,0.0,16.084999084472656,15.199999809265137,15.5,0.0,16439500
2026-01-12,16.450000762939453,16.450000762939453,0.0,16.459999084472656,14.989999771118164,15.300000190734863,0.0,20866200
2026-01-13,16.75,16.75,0.0,16.950000762939453,16.149999618530273,16.65999984741211,0.0,19757500
2026-01-14,17.309999465942383,17.309999465942383,0.0,17.940000534057617,16.760000228881836,17.299999237060547,0.0,27729100
2026-01-15,16.56999969482422,16.56999969482422,0.0,17.329999923706055,16.510000228881836,16.899999618530273,0.0,15568000
2026-01-16,19.239999771118164,19.239999771118164,0.0,19.389999389648438,17.299999237060547,17.729999542236328,0.0,53701100
2026-01-20,18.100000381469727,18.100000381469727,0.0,18.979999542236328,17.799999237060547,17.84000015258789,0.0,25353400
2026-01-21,17.25,17.25,0.0,18.75,16.959999084472656,18.2450008392334,0.0,21079200
2026-01-22,17.079999923706055,17.079999923706055,0.0,17.68000030517578,16.799999237060547,17.40999984741211,0.0,13647200
2026-01-23,17.280000686645508,17.280000686645508,0.0,18.44499969482422,16.549999237060547,17.06999969482422,0.0,22985400
2026-01-26,16.229999542236328,16.229999542236328,0.0,17.170000076293945,16.200000762939453,17.155000686645508,0.0,20019400
2026-01-27,17.549999237060547,17.549999237060547,0.0,17.70599937438965,16.190000534057617,16.31999969482422,0.0,18849000
2026-01-28,17.549999237060547,17.549999237060547,0.0,18.040000915527344,17.170000076293945,17.719999313354492,0.0,14628700
2026-01-29,16.969999313354492,16.969999313354492,0.0,17.299999237060547,16.049999237060547,17.219999313354492,0.0,18693900
2026-01-30,15.470000267028809,15.470000267028809,0.0,16.59000015258789,15.25,16.440000534057617,0.0,19706700
2026-02-02,15.319999694824219,15.319999694824219,0.0,15.789999961853027,14.800000190734863,15.09000015258789,0.0,15999700
2026-02-03,15.34000015258789,15.34000015258789,0.0,16.200000762939453,14.720000267028809,15.470000267028809,0.0,18849700
2026-02-04,14.140000343322754,14.140000343322754,0.0,15.109999656677246,13.454999923706055,15.020000457763672,0.0,26099900
2026-02-05,12.0600004196167,12.0600004196167,0.0,14.180000305175781,11.8100004196167,13.640000343322754,0.0,32921100
2026-02-06,14.449999809265137,14.449999809265137,0.0,14.5649995803833,12.8100004196167,13.010000228881836,0.0,25278000
2026-02-09,14.970000267028809,14.970000267028809,0.0,15.119999885559082,13.800000190734863,13.899999618530273,0.0,18191300
2026-02-10,14.829999923706055,14.829999923706055,0.0,15.319999694824219,14.5,14.5,0.0,14746500
2026-02-11,14.800000190734863,14.800000190734863,0.0,15.114999771118164,14.279999732971191,14.949999809265137,0.0,17062500
2026-02-12,14.199999809265137,14.199999809265137,0.0,15.180000305175781,13.9350004196167,14.779999732971191,0.0,21918600
2026-02-13,15.220000267028809,15.220000267028809,0.0,15.619999885559082,14.010000228881836,14.390000343322754,0.0,19809700
2026-02-17,14.649999618530273,14.649999618530273,0.0,15.0649995803833,14.085000038146973,14.777999877929688,0.0,17213300
2026-02-18,15.489999771118164,15.489999771118164,0.0,16.059999465942383,15.050000190734863,15.25,0.0,26762800
2026-02-19,16.219999313354492,16.219999313354492,0.0,16.25,15.119999885559082,15.270000457763672,0.0,17510400
2026-02-20,15.680000305175781,15.680000305175781,0.0,17.184999465942383,15.40999984741211,16.19499969482422,0.0,20495600
2026-02-23,15.649999618530273,15.649999618530273,0.0,15.989999771118164,15.100000381469727,15.170000076293945,0.0,14920900
2026-02-24,16.5,16.5,0.0,16.780000686645508,15.390000343322754,15.789999961853027,0.0,17052100
2026-02-25,17.079999923706055,17.079999923706055,0.0,17.408000946044922,16.735000610351562,17.030000686645508,0.0,17540100
2026-02-26,17.09000015258789,17.09000015258789,0.0,17.219999313354492,16.540000915527344,16.799999237060547,0.0,12662600
2026-02-27,16.290000915527344,16.290000915527344,0.0,16.940000534057617,15.779999732971191,16.690000534057617,0.0,15497700
2026-03-02,16.43000030517578,16.43000030517578,0.0,16.899999618530273,15.5,15.600000381469727,0.0,19694000
2026-03-03,15.289999961853027,15.289999961853027,0.0,16.290000915527344,15.14799976348877,15.914999961853027,0.0,24626100
2026-03-04,16.530000686645508,16.530000686645508,0.0,17.014999389648438,15.520000457763672,15.710000038146973,0.0,21174700
2026-03-05,15.600000381469727,15.600000381469727,0.0,16.610000610351562,15.050000190734863,16.450000762939453,0.0,21039000
2026-03-06,14.164999961853027,14.164999961853027,0.0,15.09000015258789,13.9350004196167,15.055000305175781,0.0,20747700
2026-03-09,14.699999809265137,14.699999809265137,0.0,14.789999961853027,13.569999694824219,13.90999984741211,0.0,17254400
2026-03-10,14.640000343322754,14.640000343322754,0.0,15.390000343322754,14.529999732971191,14.850000381469727,0.0,15746600
2026-03-11,14.8100004196167,14.8100004196167,0.0,15.265000343322754,14.350000381469727,14.680000305175781,0.0,15230500
2026-03-12,14.5,14.5,0.0,14.75,13.930000305175781,14.454999923706055,0.0,16202900
2026-03-13,14.039999961853027,14.039999961853027,0.0,15.5600004196167,14.005000114440918,15.0,0.0,19874700
2026-03-16,14.399999618530273,14.399999618530273,0.0,14.880000114440918,14.180000305175781,14.630000114440918,0.0,18671400
2026-03-17,14.680000305175781,14.680000305175781,0.0,14.98900032043457,14.180000305175781,14.220000267028809,0.0,14784800
2026-03-18,14.100000381469727,14.100000381469727,0.0,14.67199993133545,13.925000190734863,14.460000038146973,0.0,18597900
2026-03-19,14.140000343322754,14.140000343322754,0.0,14.350000381469727,13.253000259399414,13.699999809265137,0.0,12493400
2026-03-20,13.380000114440918,13.380000114440918,0.0,14.100000381469727,13.010000228881836,14.029999732971191,0.0,15573500
2026-03-23,14.369999885559082,14.369999885559082,0.0,14.585000038146973,13.40999984741211,13.40999984741211,0.0,16517600
2026-03-24,14.329999923706055,14.329999923706055,0.0,14.729999542236328,14.024999618530273,14.15999984741211,0.0,13309100
2026-03-25,15.15999984741211,15.15999984741211,0.0,15.25,14.470000267028809,14.800000190734863,0.0,16018100
2026-03-26,14.005000114440918,14.005000114440918,0.0,14.899999618530273,13.640000343322754,14.829999923706055,0.0,14665400
2026-03-27,12.800000190734863,12.800000190734863,0.0,13.670000076293945,12.663000106811523,13.65999984741211,0.0,17530700
2026-03-30,11.829999923706055,11.829999923706055,0.0,13.0600004196167,11.5,12.904999732971191,0.0,16882500
2026-03-31,12.359999656677246,12.359999656677246,0.0,12.479999542236328,11.515000343322754,12.15999984741211,0.0,18025000
2026-04-01,12.550000190734863,12.550000190734863,0.0,12.869999885559082,12.420000076293945,12.65999984741211,0.0,13290900
2026-04-02,12.859999656677246,12.859999656677246,0.0,13.0,11.75,11.913999557495117,0.0,14491000
2026-04-06,13.520000457763672,13.520000457763672,0.0,13.710000038146973,12.949999809265137,12.960000038146973,0.0,12020400
2026-04-07,14.1899995803833,14.1899995803833,0.0,14.199999809265137,13.239999771118164,13.300000190734863,0.0,14780900
2026-04-08,16.110000610351562,16.110000610351562,0.0,16.315000534057617,15.329999923706055,15.489999771118164,0.0,28412100
2026-04-09,16.690000534057617,16.690000534057617,0.0,17.174999237060547,15.96500015258789,16.0,0.0,18245200
2026-04-10,16.600000381469727,16.600000381469727,0.0,17.149999618530273,16.565000534057617,16.739999771118164,0.0,13953800
2026-04-13,17.3700008392334,17.3700008392334,0.0,17.440000534057617,15.9399995803833,16.20199966430664,0.0,14040300
2026-04-14,18.1200008392334,18.1200008392334,0.0,18.90999984741211,17.799999237060547,18.04800033569336,0.0,17906900
2026-04-15,17.420000076293945,17.420000076293945,0.0,17.94499969482422,16.600000381469727,17.735000610351562,0.0,31416300
2026-04-16,16.920000076293945,16.920000076293945,0.0,17.690000534057617,16.155000686645508,17.579999923706055,0.0,23724500
2026-04-17,18.110000610351562,18.110000610351562,0.0,18.479999542236328,17.049999237060547,17.479999542236328,0.0,20578400
2026-04-20,18.110000610351562,18.110000610351562,0.0,18.530000686645508,17.570999145507812,17.959999084472656,0.0,22124900
2026-04-21,17.40999984741211,17.40999984741211,0.0,18.309999465942383,17.350000381469727,18.290000915527344,0.0,16427400
2026-04-22,18.479999542236328,18.479999542236328,0.0,18.670000076293945,18.10099983215332,18.110000610351562,0.0,16518600
2026-04-23,18.209999084472656,18.209999084472656,0.0,18.985000610351562,17.78499984741211,18.290000915527344,0.0,14607000
2026-04-24,18.610000610351562,18.610000610351562,0.0,19.06999969482422,18.264999389648438,18.575000762939453,0.0,20818400
2026-04-27,18.280000686645508,18.280000686645508,0.0,18.885000228881836,18.010000228881836,18.489999771118164,0.0,14958500
2026-04-28,16.56999969482422,16.56999969482422,0.0,17.56999969482422,16.4950008392334,17.530000686645508,0.0,21014400
2026-04-29,15.979999542236328,15.979999542236328,0.0,16.56999969482422,15.3100004196167,16.565000534057617,0.0,18305800
2026-04-30,17.239999771118164,17.239999771118164,0.0,17.280000686645508,16.200000762939453,16.2450008392334,0.0,22665900
2026-05-01,18.5,18.5,0.0,19.4950008392334,18.170000076293945,18.510000228881836,0.0,32904600
2026-05-04,18.68000030517578,18.68000030517578,0.0,19.100000381469727,18.15999984741211,18.6200008392334,0.0,18822200
2026-05-05,20.350000381469727,20.350000381469727,0.0,20.420000076293945,19.059999465942383,19.200000762939453,0.0,20934500
2026-05-06,23.700000762939453,23.700000762939453,0.0,23.739999771118164,22.329999923706055,22.399999618530273,0.0,37286500
2026-05-07,24.110000610351562,24.110000610351562,0.0,24.139999389648438,22.8799991607666,23.420000076293945,0.0,26355500
2026-05-08,24.079999923706055,24.079999923706055,0.0,24.469999313354492,23.139999389648438,24.40999984741211,0.0,17796300
2026-05-11,25.34000015258789,25.34000015258789,0.0,25.860000610351562,23.844999313354492,23.844999313354492,0.0,18705100
2026-05-12,24.510000228881836,24.510000228881836,0.0,25.010000228881836,23.40999984741211,24.540000915527344,0.0,18226200
2026-05-13,24.920000076293945,24.920000076293945,0.0,25.299999237060547,24.05500030517578,24.79800033569336,0.0,14118100
2026-05-14,24.6200008392334,24.6200008392334,0.0,25.200000762939453,23.8700008392334,24.920000076293945,0.0,13477300
2026-05-15,23.489999771118164,23.489999771118164,0.0,24.145000457763672,23.079999923706055,23.711999893188477,0.0,14080200
2026-05-18,23.18000030517578,23.18000030517578,0.0,23.56999969482422,22.510000228881836,23.530000686645508,0.0,17103600
2026-05-19,22.645000457763672,22.645000457763672,0.0,23.114999771118164,21.729999542236328,22.635000228881836,0.0,14841000
2026-05-20,23.670000076293945,23.670000076293945,0.0,24.200000762939453,22.77400016784668,23.149999618530273,0.0,13231200
2026-05-21,24.469999313354492,24.469999313354492,0.0,24.770000457763672,23.6299991607666,23.899999618530273,0.0,13551700
2026-05-22,24.489999771118164,24.489999771118164,0.0,25.065000534057617,24.309999465942383,24.59000015258789,0.0,11154100
2026-05-26,26.079999923706055,26.079999923706055,0.0,26.299999237060547,25.139999389648438,25.155000686645508,0.0,16734000
2026-05-27,26.940000534057617,26.940000534057617,0.0,27.389999389648438,25.670000076293945,26.489999771118164,0.0,16779800
2026-05-28,27.739999771118164,27.739999771118164,0.0,28.540000915527344,26.459999084472656,26.729999542236328,0.0,19167800
2026-05-29,27.110000610351562,27.110000610351562,0.0,27.850000381469727,26.584999084472656,27.469999313354492,0.0,18700700
2026-06-01,28.25,28.25,0.0,28.84000015258789,25.850000381469727,26.575000762939453,0.0,18945700
2026-06-02,27.31999969482422,27.31999969482422,0.0,28.940000534057617,26.954999923706055,28.229999542236328,0.0,17871500
2026-06-03,27.649999618530273,27.649999618530273,0.0,28.639999389648438,27.25,27.68000030517578,0.0,16040300
2026-06-04,27.469999313354492,27.469999313354492,0.0,28.079999923706055,26.059999465942383,26.510000228881836,0.0,16211400
2026-06-05,24.65999984741211,24.65999984741211,0.0,26.510000228881836,23.979999542236328,26.510000228881836,0.0,18367000
