Date,Adj Close,Close,Dividends,High,Low,Open,Stock Splits,Volume
2022-04-28,7.5,7.5,0.0,10.800000190734863,7.335999965667725,8.720000267028809,0.0,187000
2022-04-29,6.5,6.5,0.0,8.489999771118164,5.75,8.489999771118164,0.0,100600
2022-05-02,10.949999809265137,10.949999809265137,0.0,12.380000114440918,8.039999961853027,12.199999809265137,0.0,17842700
2022-05-03,12.619999885559082,12.619999885559082,0.0,18.139999389648438,12.449999809265137,15.920000076293945,0.0,28541200
2022-05-04,14.510000228881836,14.510000228881836,0.0,14.899999618530273,10.539999961853027,10.930000305175781,0.0,4531600
2022-05-05,14.979999542236328,14.979999542236328,0.0,16.8799991607666,13.859999656677246,14.75,0.0,3599000
2022-05-06,13.470000267028809,13.470000267028809,0.0,15.40999984741211,12.5600004196167,14.34000015258789,0.0,2212500
2022-05-09,10.350000381469727,10.350000381469727,0.0,14.079999923706055,10.109999656677246,13.520000457763672,0.0,992100
2022-05-10,8.9399995803833,8.9399995803833,0.0,11.729999542236328,8.880000114440918,10.460000038146973,0.0,634800
2022-05-11,7.190000057220459,7.190000057220459,0.0,9.0,7.010000228881836,8.359999656677246,0.0,561900
2022-05-12,6.619999885559082,6.619999885559082,0.0,6.889999866485596,5.329999923706055,6.300000190734863,0.0,1085700
2022-05-13,6.789999961853027,6.789999961853027,0.0,7.255000114440918,6.360000133514404,6.360000133514404,0.0,582400
2022-05-16,6.099999904632568,6.099999904632568,0.0,7.179999828338623,5.860000133514404,6.75,0.0,489900
2022-05-17,6.21999979019165,6.21999979019165,0.0,7.150000095367432,6.010000228881836,7.019999980926514,0.0,1359200
2022-05-18,5.190000057220459,5.190000057220459,0.0,6.269999980926514,5.150000095367432,6.059999942779541,0.0,642600
2022-05-19,4.860000133514404,4.860000133514404,0.0,5.329999923706055,4.809999942779541,5.230000019073486,0.0,610700
2022-05-20,4.789999961853027,4.789999961853027,0.0,5.050000190734863,4.340000152587891,4.75,0.0,778800
2022-05-23,5.139999866485596,5.139999866485596,0.0,5.360000133514404,4.510000228881836,4.800000190734863,0.0,552800
2022-05-24,5.449999809265137,5.449999809265137,0.0,5.699999809265137,4.820000171661377,5.099999904632568,0.0,570800
2022-05-25,5.949999809265137,5.949999809265137,0.0,6.059999942779541,5.300000190734863,5.590000152587891,0.0,477900
2022-05-26,6.519999980926514,6.519999980926514,0.0,6.800000190734863,5.880000114440918,5.940000057220459,0.0,415000
2022-05-27,7.909999847412109,7.909999847412109,0.0,8.0,6.510000228881836,6.659999847412109,0.0,687400
2022-05-31,7.679999828338623,7.679999828338623,0.0,8.100000381469727,7.0,8.0,0.0,605100
2022-06-01,8.569999694824219,8.569999694824219,0.0,8.729999542236328,7.210999965667725,7.53000020980835,0.0,977000
2022-06-02,7.949999809265137,7.949999809265137,0.0,8.449999809265137,7.3420000076293945,8.449999809265137,0.0,783900
2022-06-03,7.940000057220459,7.940000057220459,0.0,8.300000190734863,7.690000057220459,7.730000019073486,0.0,863000
2022-06-06,4.099999904632568,4.099999904632568,0.0,8.119999885559082,4.099999904632568,7.949999809265137,0.0,3144000
2022-06-07,4.0,4.0,0.0,4.480000019073486,3.809999942779541,4.440000057220459,0.0,1677100
2022-06-08,4.179999828338623,4.179999828338623,0.0,4.335000038146973,3.9000000953674316,4.0,0.0,1080300
2022-06-09,4.199999809265137,4.199999809265137,0.0,5.239999771118164,4.130000114440918,4.78000020980835,0.0,2956500
2022-06-10,3.619999885559082,3.619999885559082,0.0,4.119999885559082,3.5269999504089355,4.059999942779541,0.0,1274400
2022-06-13,3.200000047683716,3.200000047683716,0.0,3.5799999237060547,3.119999885559082,3.4000000953674316,0.0,782700
2022-06-14,2.930000066757202,2.930000066757202,0.0,3.319999933242798,2.890000104904175,3.240000009536743,0.0,591300
2022-06-15,2.8399999141693115,2.8399999141693115,0.0,3.119999885559082,2.640000104904175,2.9200000762939453,0.0,861000
2022-06-16,2.6700000762939453,2.6700000762939453,0.0,2.740000009536743,2.549999952316284,2.740000009536743,0.0,703400
2022-06-17,4.0,4.0,0.0,5.070000171661377,2.640000104904175,2.6700000762939453,0.0,23696200
2022-06-21,3.75,3.75,0.0,4.070000171661377,3.615000009536743,4.070000171661377,0.0,2224700
2022-06-22,3.5899999141693115,3.5899999141693115,0.0,3.8399999141693115,3.5799999237060547,3.740000009536743,0.0,801400
2022-06-23,3.450000047683716,3.450000047683716,0.0,3.5999999046325684,3.299999952316284,3.569999933242798,0.0,467100
2022-06-24,3.200000047683716,3.200000047683716,0.0,3.5899999141693115,3.1500000953674316,3.440000057220459,0.0,454800
2022-06-27,2.940000057220459,2.940000057220459,0.0,3.4100000858306885,2.940000057220459,3.4100000858306885,0.0,519600
2022-06-28,2.950000047683716,2.950000047683716,0.0,3.200000047683716,2.9200000762939453,2.930000066757202,0.0,571600
2022-06-29,2.7149999141693115,2.7149999141693115,0.0,3.0280001163482666,2.6500000953674316,2.990000009536743,0.0,421100
2022-06-30,2.680000066757202,2.680000066757202,0.0,2.8550000190734863,2.6600000858306885,2.819999933242798,0.0,439900
2022-07-01,2.5899999141693115,2.5899999141693115,0.0,2.6700000762939453,2.4000000953674316,2.5799999237060547,0.0,532500
2022-07-05,3.069999933242798,3.069999933242798,0.0,3.0999999046325684,2.5,2.569999933242798,0.0,622400
2022-07-06,3.0299999713897705,3.0299999713897705,0.0,3.0999999046325684,2.880000114440918,3.0999999046325684,0.0,196500
2022-07-07,3.140000104904175,3.140000104904175,0.0,3.140000104904175,2.759999990463257,2.950000047683716,0.0,317700
2022-07-08,3.0999999046325684,3.0999999046325684,0.0,3.140000104904175,2.930000066757202,3.0899999141693115,0.0,174400
2022-07-11,3.25,3.25,0.0,3.430000066757202,2.859999895095825,3.0199999809265137,0.0,723800
2022-07-12,3.5,3.5,0.0,3.5,2.9600000381469727,3.2799999713897705,0.0,532200
2022-07-13,3.369999885559082,3.369999885559082,0.0,3.5999999046325684,3.109999895095825,3.240000009536743,0.0,241600
2022-07-14,3.2300000190734863,3.2300000190734863,0.0,3.490000009536743,3.0220000743865967,3.2699999809265137,0.0,226500
2022-07-15,3.5199999809265137,3.5199999809265137,0.0,3.690000057220459,3.2100000381469727,3.2200000286102295,0.0,436800
2022-07-18,3.630000114440918,3.630000114440918,0.0,3.799999952316284,3.319999933242798,3.569999933242798,0.0,617500
2022-07-19,3.680000066757202,3.680000066757202,0.0,3.7200000286102295,3.4600000381469727,3.6500000953674316,0.0,308400
2022-07-20,4.25,4.25,0.0,4.25,3.680000066757202,3.690000057220459,0.0,506800
2022-07-21,4.170000076293945,4.170000076293945,0.0,4.53000020980835,4.039999961853027,4.159999847412109,0.0,392800
2022-07-22,3.7300000190734863,3.7300000190734863,0.0,4.195000171661377,3.430000066757202,4.130000114440918,0.0,458300
2022-07-25,4.099999904632568,4.099999904632568,0.0,4.159999847412109,3.5799999237060547,3.7300000190734863,0.0,341600
2022-07-26,3.5999999046325684,3.5999999046325684,0.0,4.050000190734863,3.5299999713897705,4.050000190734863,0.0,179900
2022-07-27,3.7899999618530273,3.7899999618530273,0.0,3.880000114440918,3.609999895095825,3.619999885559082,0.0,220700
2022-07-28,3.690000057220459,3.690000057220459,0.0,3.7100000381469727,3.450000047683716,3.7100000381469727,0.0,177100
2022-07-29,3.5,3.5,0.0,3.805000066757202,3.4800000190734863,3.6500000953674316,0.0,241200
2022-08-01,3.6500000953674316,3.6500000953674316,0.0,3.75,3.319999933242798,3.4600000381469727,0.0,188500
2022-08-02,3.930000066757202,3.930000066757202,0.0,3.930000066757202,3.559999942779541,3.6500000953674316,0.0,288700
2022-08-03,3.799999952316284,3.799999952316284,0.0,3.950000047683716,3.5299999713897705,3.8399999141693115,0.0,257200
2022-08-04,3.700000047683716,3.700000047683716,0.0,3.799999952316284,3.559999942779541,3.7799999713897705,0.0,136600
2022-08-05,3.7699999809265137,3.7699999809265137,0.0,3.809999942779541,3.549999952316284,3.690000057220459,0.0,143600
2022-08-08,3.509999990463257,3.509999990463257,0.0,3.805000066757202,3.4700000286102295,3.759999990463257,0.0,232600
2022-08-09,3.2100000381469727,3.2100000381469727,0.0,3.509999990463257,3.1500000953674316,3.509999990463257,0.0,284700
2022-08-10,3.569999933242798,3.569999933242798,0.0,3.569999933242798,3.181999921798706,3.2200000286102295,0.0,313500
2022-08-11,3.569999933242798,3.569999933242798,0.0,3.7699999809265137,3.2300000190734863,3.5999999046325684,0.0,480100
2022-08-12,3.6600000858306885,3.6600000858306885,0.0,3.759999990463257,3.4200000762939453,3.5899999141693115,0.0,334600
2022-08-15,3.75,3.75,0.0,3.75,3.4210000038146973,3.619999885559082,0.0,231000
2022-08-16,3.680000066757202,3.680000066757202,0.0,3.740000009536743,3.5409998893737793,3.740000009536743,0.0,273000
2022-08-17,3.4200000762939453,3.4200000762939453,0.0,3.6440000534057617,3.4200000762939453,3.619999885559082,0.0,114000
2022-08-18,3.359999895095825,3.359999895095825,0.0,3.490000009536743,3.309999942779541,3.369999885559082,0.0,224000
2022-08-19,3.2300000190734863,3.2300000190734863,0.0,3.440000057220459,3.2300000190734863,3.309999942779541,0.0,160900
2022-08-22,2.8550000190734863,2.8550000190734863,0.0,3.319000005722046,2.8499999046325684,3.1500000953674316,0.0,277500
2022-08-23,2.9649999141693115,2.9649999141693115,0.0,3.049999952316284,2.9200000762939453,2.9600000381469727,0.0,80200
2022-08-24,3.009999990463257,3.009999990463257,0.0,3.134999990463257,2.869999885559082,3.109999895095825,0.0,133500
2022-08-25,3.1500000953674316,3.1500000953674316,0.0,3.1700000762939453,2.9700000286102295,3.049999952316284,0.0,128400
2022-08-26,2.950000047683716,2.950000047683716,0.0,3.119999885559082,2.950000047683716,3.119999885559082,0.0,122300
2022-08-29,2.859999895095825,2.859999895095825,0.0,2.940000057220459,2.799999952316284,2.880000114440918,0.0,127800
2022-08-30,2.880000114440918,2.880000114440918,0.0,3.0299999713897705,2.8299999237060547,2.950000047683716,0.0,122600
2022-08-31,2.8499999046325684,2.8499999046325684,0.0,2.990000009536743,2.809999942779541,2.9200000762939453,0.0,153100
2022-09-01,3.200000047683716,3.200000047683716,0.0,3.430000066757202,2.799999952316284,2.940000057220459,0.0,389000
2022-09-02,3.309999942779541,3.309999942779541,0.0,3.380000114440918,3.109999895095825,3.259999990463257,0.0,164900
2022-09-06,2.9100000858306885,2.9100000858306885,0.0,3.265000104904175,2.869999885559082,3.1700000762939453,0.0,189700
2022-09-07,3.009999990463257,3.009999990463257,0.0,3.049999952316284,2.8499999046325684,2.9000000953674316,0.0,88600
2022-09-08,3.1600000858306885,3.1600000858306885,0.0,3.259999990463257,2.930000066757202,2.950000047683716,0.0,194500
2022-09-09,3.240000009536743,3.240000009536743,0.0,3.4700000286102295,3.200000047683716,3.2300000190734863,0.0,613400
2022-09-12,3.259999990463257,3.259999990463257,0.0,3.319999933242798,3.2100000381469727,3.299999952316284,0.0,69300
2022-09-13,3.2300000190734863,3.2300000190734863,0.0,3.2799999713897705,2.940000057220459,3.2300000190734863,0.0,175600
2022-09-14,3.319999933242798,3.319999933242798,0.0,3.3499999046325684,3.1700000762939453,3.1700000762939453,0.0,77200
2022-09-15,3.25,3.25,0.0,3.440000057220459,3.2009999752044678,3.319999933242798,0.0,111300
2022-09-16,3.740000009536743,3.740000009536743,0.0,3.799999952316284,3.140000104904175,3.319999933242798,0.0,388100
2022-09-19,3.240000009536743,3.240000009536743,0.0,3.7300000190734863,3.240000009536743,3.7300000190734863,0.0,101600
2022-09-20,3.0399999618530273,3.0399999618530273,0.0,3.2200000286102295,3.0199999809265137,3.119999885559082,0.0,100400
2022-09-21,2.8499999046325684,2.8499999046325684,0.0,3.109999895095825,2.809999942779541,3.0,0.0,317600
2022-09-22,3.240000009536743,3.240000009536743,0.0,3.3299999237060547,2.8499999046325684,2.890000104904175,0.0,212400
2022-09-23,3.069999933242798,3.069999933242798,0.0,3.3299999237060547,3.0199999809265137,3.2899999618530273,0.0,184200
2022-09-26,3.0799999237060547,3.0799999237060547,0.0,3.299999952316284,3.0199999809265137,3.059999942779541,0.0,176700
2022-09-27,3.259999990463257,3.259999990463257,0.0,3.2899999618530273,3.119999885559082,3.119999885559082,0.0,185600
2022-09-28,3.3399999141693115,3.3399999141693115,0.0,3.3499999046325684,3.0299999713897705,3.119999885559082,0.0,137900
2022-09-29,3.240000009536743,3.240000009536743,0.0,3.2899999618530273,3.069999933242798,3.2300000190734863,0.0,222400
2022-09-30,3.2799999713897705,3.2799999713897705,0.0,3.4800000190734863,3.190000057220459,3.2699999809265137,0.0,206000
2022-10-03,3.5199999809265137,3.5199999809265137,0.0,3.569999933242798,3.2200000286102295,3.369999885559082,0.0,149600
2022-10-04,3.7699999809265137,3.7699999809265137,0.0,3.799999952316284,3.5,3.549999952316284,0.0,303500
2022-10-05,3.609999895095825,3.609999895095825,0.0,3.7100000381469727,3.440000057220459,3.5799999237060547,0.0,151300
2022-10-06,3.680000066757202,3.680000066757202,0.0,3.7699999809265137,3.5899999141693115,3.5899999141693115,0.0,132700
2022-10-07,3.4200000762939453,3.4200000762939453,0.0,3.6500000953674316,3.299999952316284,3.630000114440918,0.0,106700
2022-10-10,3.5899999141693115,3.5899999141693115,0.0,3.7100000381469727,3.369999885559082,3.369999885559082,0.0,282600
2022-10-11,3.5,3.5,0.0,3.6500000953674316,3.4119999408721924,3.5799999237060547,0.0,195200
2022-10-12,3.4700000286102295,3.4700000286102295,0.0,3.509999990463257,3.319999933242798,3.509999990463257,0.0,169800
2022-10-13,3.369999885559082,3.369999885559082,0.0,3.380000114440918,3.140000104904175,3.3399999141693115,0.0,240600
2022-10-14,3.930000066757202,3.930000066757202,0.0,3.930000066757202,3.1700000762939453,3.359999895095825,0.0,1190500
2022-10-17,3.5,3.5,0.0,4.0,3.2799999713897705,4.0,0.0,578200
2022-10-18,3.190000057220459,3.190000057220459,0.0,3.619999885559082,3.1700000762939453,3.549999952316284,0.0,445300
2022-10-19,3.130000114440918,3.130000114440918,0.0,3.2300000190734863,3.069999933242798,3.200000047683716,0.0,267700
2022-10-20,2.9200000762939453,2.9200000762939453,0.0,3.25,2.8550000190734863,3.109999895095825,0.0,292500
2022-10-21,2.950000047683716,2.950000047683716,0.0,3.069999933242798,2.8499999046325684,2.9200000762939453,0.0,281900
2022-10-24,2.684999942779541,2.684999942779541,0.0,2.9800000190734863,2.6500000953674316,2.940000057220459,0.0,327400
2022-10-25,2.8299999237060547,2.8299999237060547,0.0,2.8519999980926514,2.700000047683716,2.7100000381469727,0.0,215100
2022-10-26,2.799999952316284,2.799999952316284,0.0,3.059999942779541,2.740000009536743,2.819999933242798,0.0,233200
2022-10-27,2.680000066757202,2.680000066757202,0.0,2.9200000762939453,2.680000066757202,2.809999942779541,0.0,99700
2022-10-28,2.549999952316284,2.549999952316284,0.0,2.7899999618530273,2.5,2.740000009536743,0.0,293500
2022-10-31,2.7100000381469727,2.7100000381469727,0.0,2.869999885559082,2.619999885559082,2.619999885559082,0.0,145000
2022-11-01,2.609999895095825,2.609999895095825,0.0,2.819999933242798,2.5899999141693115,2.740000009536743,0.0,163200
2022-11-02,2.4000000953674316,2.4000000953674316,0.0,2.5999999046325684,2.359999895095825,2.5999999046325684,0.0,231000
2022-11-03,2.200000047683716,2.200000047683716,0.0,2.4800000190734863,2.109999895095825,2.4600000381469727,0.0,260700
2022-11-04,2.109999895095825,2.109999895095825,0.0,2.319999933242798,2.0999999046325684,2.200000047683716,0.0,140000
2022-11-07,1.9900000095367432,1.9900000095367432,0.0,2.1989998817443848,1.909999966621399,2.130000114440918,0.0,193900
2022-11-08,2.0399999618530273,2.0399999618530273,0.0,2.134000062942505,1.899999976158142,2.0,0.0,224300
2022-11-09,2.059999942779541,2.059999942779541,0.0,2.119999885559082,1.9500000476837158,2.0,0.0,105600
2022-11-10,1.8899999856948853,1.8899999856948853,0.0,2.1700000762939453,1.850000023841858,2.1600000858306885,0.0,428200
2022-11-11,1.809999942779541,1.809999942779541,0.0,2.619999885559082,1.7699999809265137,2.3299999237060547,0.0,4426600
2022-11-14,1.850000023841858,1.850000023841858,0.0,1.8700000047683716,1.659999966621399,1.8600000143051147,0.0,852800
2022-11-15,1.8200000524520874,1.8200000524520874,0.0,1.940000057220459,1.7200000286102295,1.940000057220459,0.0,352300
2022-11-16,1.909999966621399,1.909999966621399,0.0,1.940000057220459,1.774999976158142,1.7999999523162842,0.0,283000
2022-11-17,2.0299999713897705,2.0299999713897705,0.0,2.0799999237060547,1.8300000429153442,1.850000023841858,0.0,534300
2022-11-18,1.9199999570846558,1.9199999570846558,0.0,2.119999885559082,1.899999976158142,2.0899999141693115,0.0,413100
2022-11-21,1.6200000047683716,1.6200000047683716,0.0,1.9199999570846558,1.6200000047683716,1.840000033378601,0.0,772400
2022-11-22,1.4500000476837158,1.4500000476837158,0.0,1.649999976158142,1.4299999475479126,1.649999976158142,0.0,796000
2022-11-23,1.4500000476837158,1.4500000476837158,0.0,1.5499999523162842,1.2200000286102295,1.399999976158142,0.0,930500
2022-11-25,1.5199999809265137,1.5199999809265137,0.0,1.5399999618530273,1.350000023841858,1.350000023841858,0.0,200600
2022-11-28,1.3300000429153442,1.3300000429153442,0.0,1.5199999809265137,1.3200000524520874,1.5199999809265137,0.0,347600
2022-11-29,1.3200000524520874,1.3200000524520874,0.0,1.36899995803833,1.25,1.309999942779541,0.0,273000
2022-11-30,1.2799999713897705,1.2799999713897705,0.0,1.3700000047683716,1.2699999809265137,1.3700000047683716,0.0,489700
2022-12-01,1.25,1.25,0.0,1.2899999618530273,1.190000057220459,1.2899999618530273,0.0,310300
2022-12-02,1.350000023841858,1.350000023841858,0.0,1.4199999570846558,1.2200000286102295,1.2300000190734863,0.0,290200
2022-12-05,1.2699999809265137,1.2699999809265137,0.0,1.409999966621399,1.149999976158142,1.3700000047683716,0.0,457200
2022-12-06,1.2899999618530273,1.2899999618530273,0.0,1.2899999618530273,1.2000000476837158,1.2699999809265137,0.0,226500
2022-12-07,1.190000057220459,1.190000057220459,0.0,1.340000033378601,1.190000057220459,1.2300000190734863,0.0,380700
2022-12-08,1.2000000476837158,1.2000000476837158,0.0,1.2999999523162842,1.159999966621399,1.190000057220459,0.0,319400
2022-12-09,1.3700000047683716,1.3700000047683716,0.0,1.4049999713897705,1.1799999475479126,1.2400000095367432,0.0,439700
2022-12-12,1.1200000047683716,1.1200000047683716,0.0,1.4600000381469727,1.1100000143051147,1.3600000143051147,0.0,522100
2022-12-13,1.1399999856948853,1.1399999856948853,0.0,1.1779999732971191,1.1100000143051147,1.149999976158142,0.0,416900
2022-12-14,1.149999976158142,1.149999976158142,0.0,1.149999976158142,1.0700000524520874,1.1200000047683716,0.0,1318700
2022-12-15,1.2100000381469727,1.2100000381469727,0.0,1.2400000095367432,1.1200000047683716,1.1299999952316284,0.0,1325200
2022-12-16,1.159999966621399,1.159999966621399,0.0,1.2400000095367432,1.059999942779541,1.2400000095367432,0.0,1949600
2022-12-19,1.1299999952316284,1.1299999952316284,0.0,1.149999976158142,1.100000023841858,1.1299999952316284,0.0,1405200
2022-12-20,1.100000023841858,1.100000023841858,0.0,1.1100000143051147,1.059999942779541,1.1100000143051147,0.0,1554100
2022-12-21,1.0199999809265137,1.0199999809265137,0.0,1.0700000524520874,1.0199999809265137,1.059999942779541,0.0,339900
2022-12-22,0.9660000205039978,0.9660000205039978,0.0,1.034000039100647,0.9300000071525574,1.0099999904632568,0.0,281700
2022-12-23,1.0,1.0,0.0,1.0099999904632568,0.9399999976158142,1.0099999904632568,0.0,154800
2022-12-27,0.9890000224113464,0.9890000224113464,0.0,1.0399999618530273,0.9789999723434448,1.0399999618530273,0.0,179100
2022-12-28,1.0,1.0,0.0,1.0199999809265137,0.9909999966621399,0.9959999918937683,0.0,128400
2022-12-29,1.0299999713897705,1.0299999713897705,0.0,1.0299999713897705,0.9629999995231628,1.0,0.0,294500
2022-12-30,1.7699999809265137,1.7699999809265137,0.0,1.9259999990463257,1.0099999904632568,1.0099999904632568,0.0,6816900
2023-01-03,1.309999942779541,1.309999942779541,0.0,1.75,1.2699999809265137,1.75,0.0,4381500
2023-01-04,1.1799999475479126,1.1799999475479126,0.0,1.2899999618530273,1.1299999952316284,1.2699999809265137,0.0,1190400
2023-01-05,1.100000023841858,1.100000023841858,0.0,1.190000057220459,1.059999942779541,1.159999966621399,0.0,675400
2023-01-06,1.0700000524520874,1.0700000524520874,0.0,1.100000023841858,1.0,1.0800000429153442,0.0,784400
2023-01-09,1.0299999713897705,1.0299999713897705,0.0,1.1100000143051147,0.9900000095367432,1.100000023841858,0.0,1044300
2023-01-10,1.0399999618530273,1.0399999618530273,0.0,1.059999942779541,0.9700000286102295,1.0299999713897705,0.0,552700
2023-01-11,1.0700000524520874,1.0700000524520874,0.0,1.100000023841858,1.0199999809265137,1.0299999713897705,0.0,797200
2023-01-12,1.100000023841858,1.100000023841858,0.0,1.100000023841858,1.0199999809265137,1.0800000429153442,0.0,757800
2023-01-13,1.2100000381469727,1.2100000381469727,0.0,1.2699999809265137,1.0299999713897705,1.2000000476837158,0.0,5592400
2023-01-17,1.350000023841858,1.350000023841858,0.0,1.600000023841858,1.2200000286102295,1.350000023841858,0.0,5476600
2023-01-18,1.25,1.25,0.0,1.4500000476837158,1.2000000476837158,1.3899999856948853,0.0,1625700
2023-01-19,1.25,1.25,0.0,1.2899999618530273,1.2100000381469727,1.2899999618530273,0.0,496400
2023-01-20,1.4199999570846558,1.4199999570846558,0.0,1.440000057220459,1.2300000190734863,1.2400000095367432,0.0,1492400
2023-01-23,1.4700000286102295,1.4700000286102295,0.0,1.5800000429153442,1.409999966621399,1.440000057220459,0.0,1589700
2023-01-24,1.440000057220459,1.440000057220459,0.0,1.5499999523162842,1.3600000143051147,1.5,0.0,1154800
2023-01-25,1.4600000381469727,1.4600000381469727,0.0,1.4600000381469727,1.2999999523162842,1.399999976158142,0.0,862100
2023-01-26,1.5499999523162842,1.5499999523162842,0.0,1.8799999952316284,1.4299999475479126,1.4600000381469727,0.0,5643200
2023-01-27,1.809999942779541,1.809999942779541,0.0,2.390000104904175,1.559999942779541,1.600000023841858,0.0,22783700
2023-01-30,2.059999942779541,2.059999942779541,0.0,2.109999895095825,1.7000000476837158,1.840000033378601,0.0,7885000
2023-01-31,1.9900000095367432,1.9900000095367432,0.0,2.490000009536743,1.9500000476837158,2.059999942779541,0.0,11538600
2023-02-01,2.059999942779541,2.059999942779541,0.0,2.0899999141693115,1.8300000429153442,2.010999917984009,0.0,5067600
2023-02-02,1.9600000381469727,1.9600000381469727,0.0,2.259999990463257,1.9049999713897705,2.2100000381469727,0.0,3999700
2023-02-03,2.819999933242798,2.819999933242798,0.0,3.130000114440918,1.8799999952316284,1.899999976158142,0.0,45282600
2023-02-06,4.03000020980835,4.03000020980835,0.0,4.480000019073486,3.240000009536743,3.5999999046325684,0.0,96671200
2023-02-07,3.5999999046325684,3.5999999046325684,0.0,4.579999923706055,3.3299999237060547,4.400000095367432,0.0,56495900
2023-02-08,4.630000114440918,4.630000114440918,0.0,4.96999979019165,3.509999990463257,3.680000066757202,0.0,64986000
2023-02-09,4.0,4.0,0.0,4.949999809265137,3.9000000953674316,4.769999980926514,0.0,39092200
2023-02-10,3.9600000381469727,3.9600000381469727,0.0,4.190000057220459,3.559999942779541,3.809999942779541,0.0,18341100
2023-02-13,3.2799999713897705,3.2799999713897705,0.0,4.010000228881836,3.180000066757202,3.9800000190734863,0.0,16022500
2023-02-14,3.7699999809265137,3.7699999809265137,0.0,3.8299999237060547,3.009999990463257,3.0799999237060547,0.0,21595900
2023-02-15,3.9200000762939453,3.9200000762939453,0.0,4.090000152587891,3.440000057220459,3.549999952316284,0.0,22847500
2023-02-16,3.6600000858306885,3.6600000858306885,0.0,4.179999828338623,3.6500000953674316,3.799999952316284,0.0,14167900
2023-02-17,4.019999980926514,4.019999980926514,0.0,4.074999809265137,3.440000057220459,3.6500000953674316,0.0,13408500
2023-02-21,3.819999933242798,3.819999933242798,0.0,4.079999923706055,3.5999999046325684,4.074999809265137,0.0,11205800
2023-02-22,3.9800000190734863,3.9800000190734863,0.0,4.019999980926514,3.6500000953674316,3.7799999713897705,0.0,11744100
2023-02-23,3.9200000762939453,3.9200000762939453,0.0,4.53000020980835,3.3980000019073486,4.260000228881836,0.0,33329100
2023-02-24,3.565000057220459,3.565000057220459,0.0,3.799999952316284,3.549999952316284,3.7300000190734863,0.0,8404100
2023-02-27,3.130000114440918,3.130000114440918,0.0,3.6600000858306885,3.069999933242798,3.630000114440918,0.0,14736200
2023-02-28,2.990000009536743,2.990000009536743,0.0,3.240000009536743,2.859999895095825,3.130000114440918,0.0,8666800
2023-03-01,2.819999933242798,2.819999933242798,0.0,3.0,2.684999942779541,3.0,0.0,5770000
2023-03-02,2.5299999713897705,2.5299999713897705,0.0,2.7699999809265137,2.4200000762939453,2.740000009536743,0.0,8898200
2023-03-03,3.1500000953674316,3.1500000953674316,0.0,3.200000047683716,2.619999885559082,2.75,0.0,26965100
2023-03-06,3.259999990463257,3.259999990463257,0.0,3.36899995803833,2.8949999809265137,3.119999885559082,0.0,18879900
2023-03-07,3.3299999237060547,3.3299999237060547,0.0,3.430000066757202,3.125,3.2300000190734863,0.0,17315600
2023-03-08,2.5950000286102295,2.5950000286102295,0.0,3.0999999046325684,2.549999952316284,3.0899999141693115,0.0,15184300
2023-03-09,2.2100000381469727,2.2100000381469727,0.0,2.6700000762939453,2.1600000858306885,2.6500000953674316,0.0,13297100
2023-03-10,1.9900000095367432,1.9900000095367432,0.0,2.309999942779541,1.9700000286102295,2.190000057220459,0.0,10675700
2023-03-13,2.0799999237060547,2.0799999237060547,0.0,2.1500000953674316,1.850000023841858,1.9500000476837158,0.0,8853800
2023-03-14,1.909999966621399,1.909999966621399,0.0,2.1019999980926514,1.8600000143051147,2.0999999046325684,0.0,7716300
2023-03-15,1.850000023841858,1.850000023841858,0.0,1.9199999570846558,1.75,1.840000033378601,0.0,4539200
2023-03-16,1.8300000429153442,1.8300000429153442,0.0,1.8899999856948853,1.7799999713897705,1.8600000143051147,0.0,4268300
2023-03-17,1.7599999904632568,1.7599999904632568,0.0,1.9600000381469727,1.7400000095367432,1.940000057220459,0.0,6603500
2023-03-20,1.590000033378601,1.590000033378601,0.0,1.7599999904632568,1.5700000524520874,1.7599999904632568,0.0,4709300
2023-03-21,1.9800000190734863,1.9800000190734863,0.0,2.069999933242798,1.6100000143051147,1.6200000047683716,0.0,10157600
2023-03-22,1.9199999570846558,1.9199999570846558,0.0,2.1089999675750732,1.8700000047683716,1.9500000476837158,0.0,7476700
2023-03-23,1.9600000381469727,1.9600000381469727,0.0,2.140000104904175,1.8899999856948853,2.0199999809265137,0.0,8437900
2023-03-24,2.0999999046325684,2.0999999046325684,0.0,2.109999895095825,1.940000057220459,1.9500000476837158,0.0,5793300
2023-03-27,2.140000104904175,2.140000104904175,0.0,2.180000066757202,1.9700000286102295,2.1600000858306885,0.0,5137800
2023-03-28,2.0,2.0,0.0,2.109999895095825,1.9199999570846558,2.0899999141693115,0.0,3449300
2023-03-29,2.0899999141693115,2.0899999141693115,0.0,2.180000066757202,2.0,2.0399999618530273,0.0,4205000
2023-03-30,1.9700000286102295,1.9700000286102295,0.0,2.130000114440918,1.9199999570846558,2.0799999237060547,0.0,4831000
2023-03-31,2.759999990463257,2.759999990463257,0.0,2.9000000953674316,1.9450000524520874,1.9800000190734863,0.0,38827000
2023-04-03,3.2100000381469727,3.2100000381469727,0.0,3.299999952316284,2.5299999713897705,2.759999990463257,0.0,48911000
2023-04-04,2.809999942779541,2.809999942779541,0.0,3.109999895095825,2.6500000953674316,3.0799999237060547,0.0,15738600
2023-04-05,2.4600000381469727,2.4600000381469727,0.0,2.9000000953674316,2.4000000953674316,2.6500000953674316,0.0,7836200
2023-04-06,2.8299999237060547,2.8299999237060547,0.0,2.990000009536743,2.4600000381469727,2.5299999713897705,0.0,21758600
2023-04-10,3.069999933242798,3.069999933242798,0.0,3.1700000762939453,2.6600000858306885,2.8350000381469727,0.0,16129400
2023-04-11,2.869999885559082,2.869999885559082,0.0,3.3450000286102295,2.8499999046325684,3.069999933242798,0.0,17690500
2023-04-12,2.819999933242798,2.819999933242798,0.0,3.069999933242798,2.6600000858306885,3.0199999809265137,0.0,14917600
2023-04-13,2.680000066757202,2.680000066757202,0.0,2.950000047683716,2.6700000762939453,2.7899999618530273,0.0,12609700
2023-04-14,2.640000104904175,2.640000104904175,0.0,3.0399999618530273,2.5999999046325684,2.7200000286102295,0.0,20347700
2023-04-17,2.930000066757202,2.930000066757202,0.0,2.9600000381469727,2.7249999046325684,2.869999885559082,0.0,17077100
2023-04-18,3.069999933242798,3.069999933242798,0.0,3.1500000953674316,2.869999885559082,3.049999952316284,0.0,15119900
2023-04-19,2.759999990463257,2.759999990463257,0.0,3.0260000228881836,2.75,2.930000066757202,0.0,10971400
2023-04-20,2.5799999237060547,2.5799999237060547,0.0,2.930000066757202,2.559999942779541,2.759999990463257,0.0,9894300
2023-04-21,2.430000066757202,2.430000066757202,0.0,2.700000047683716,2.390000104904175,2.6600000858306885,0.0,8192100
2023-04-24,2.450000047683716,2.450000047683716,0.0,2.640000104904175,2.2799999713897705,2.5799999237060547,0.0,10755100
2023-04-25,2.259999990463257,2.259999990463257,0.0,2.5399999618530273,2.2249999046325684,2.430000066757202,0.0,5840500
2023-04-26,2.3499999046325684,2.3499999046325684,0.0,2.440000057220459,2.2799999713897705,2.369999885559082,0.0,6911500
2023-04-27,2.5399999618530273,2.5399999618530273,0.0,2.630000114440918,2.380000114440918,2.390000104904175,0.0,6825000
2023-04-28,2.6600000858306885,2.6600000858306885,0.0,2.7200000286102295,2.5250000953674316,2.569999933242798,0.0,5135300
2023-05-01,2.569999933242798,2.569999933242798,0.0,2.7699999809265137,2.440000057220459,2.75,0.0,5468000
2023-05-02,2.380000114440918,2.380000114440918,0.0,2.5799999237060547,2.359999895095825,2.5299999713897705,0.0,5073500
2023-05-03,2.3299999237060547,2.3299999237060547,0.0,2.4149999618530273,2.240000009536743,2.319999933242798,0.0,4920400
2023-05-04,2.450000047683716,2.450000047683716,0.0,2.5350000858306885,2.259999990463257,2.4100000858306885,0.0,7386700
2023-05-05,2.6600000858306885,2.6600000858306885,0.0,2.690000057220459,2.489000082015991,2.509999990463257,0.0,6368200
2023-05-08,2.7200000286102295,2.7200000286102295,0.0,2.7699999809265137,2.619999885559082,2.7200000286102295,0.0,5723700
2023-05-09,2.7200000286102295,2.7200000286102295,0.0,2.8499999046325684,2.630000114440918,2.7100000381469727,0.0,6437100
2023-05-10,2.549999952316284,2.549999952316284,0.0,2.859999895095825,2.5199999809265137,2.809999942779541,0.0,6441800
2023-05-11,2.569999933242798,2.569999933242798,0.0,2.6500000953674316,2.444999933242798,2.640000104904175,0.0,6527500
2023-05-12,2.4800000190734863,2.4800000190734863,0.0,2.609999895095825,2.319999933242798,2.4800000190734863,0.0,6942500
2023-05-15,2.5999999046325684,2.5999999046325684,0.0,2.6700000762939453,2.3399999141693115,2.4600000381469727,0.0,11190400
2023-05-16,2.4200000762939453,2.4200000762939453,0.0,2.609999895095825,2.4049999713897705,2.5199999809265137,0.0,5541100
2023-05-17,2.6600000858306885,2.6600000858306885,0.0,2.7200000286102295,2.430000066757202,2.4600000381469727,0.0,7143100
2023-05-18,2.8299999237060547,2.8299999237060547,0.0,2.9600000381469727,2.630000114440918,2.6600000858306885,0.0,12008200
2023-05-19,2.7300000190734863,2.7300000190734863,0.0,3.069999933242798,2.680000066757202,2.9000000953674316,0.0,11241800
2023-05-22,3.1500000953674316,3.1500000953674316,0.0,3.200000047683716,2.690000057220459,2.75,0.0,15295000
2023-05-23,2.930000066757202,2.930000066757202,0.0,3.244999885559082,2.9100000858306885,3.1500000953674316,0.0,12063000
2023-05-24,2.9800000190734863,2.9800000190734863,0.0,3.0399999618530273,2.7799999713897705,2.869999885559082,0.0,9580600
2023-05-25,2.9800000190734863,2.9800000190734863,0.0,3.3399999141693115,2.819999933242798,3.3299999237060547,0.0,19839500
2023-05-26,2.859999895095825,2.859999895095825,0.0,3.2750000953674316,2.8299999237060547,2.9000000953674316,0.0,22297200
2023-05-30,3.119999885559082,3.119999885559082,0.0,3.240000009536743,2.880000114440918,3.0,0.0,21857600
2023-05-31,3.049999952316284,3.049999952316284,0.0,3.109999895095825,2.9200000762939453,3.069999933242798,0.0,18514800
2023-06-01,2.940000057220459,2.940000057220459,0.0,2.990000009536743,2.680000066757202,2.9600000381469727,0.0,10329200
2023-06-02,2.9000000953674316,2.9000000953674316,0.0,3.0,2.859999895095825,2.9100000858306885,0.0,4747800
2023-06-05,2.690000057220459,2.690000057220459,0.0,2.9200000762939453,2.6510000228881836,2.890000104904175,0.0,9959100
2023-06-06,2.619999885559082,2.619999885559082,0.0,2.7200000286102295,2.5399999618530273,2.6500000953674316,0.0,10049100
2023-06-07,2.609999895095825,2.609999895095825,0.0,2.765000104904175,2.549999952316284,2.740000009536743,0.0,10535300
2023-06-08,2.799999952316284,2.799999952316284,0.0,2.815000057220459,2.615999937057495,2.630000114440918,0.0,7894500
2023-06-09,3.0,3.0,0.0,3.049999952316284,2.75,2.799999952316284,0.0,14970100
2023-06-12,3.190000057220459,3.190000057220459,0.0,3.200000047683716,2.940999984741211,3.0299999713897705,0.0,12253400
2023-06-13,3.1500000953674316,3.1500000953674316,0.0,3.240000009536743,3.005000114440918,3.200000047683716,0.0,19608600
2023-06-14,3.0199999809265137,3.0199999809265137,0.0,3.180000066757202,2.9700000286102295,3.180000066757202,0.0,10675500
2023-06-15,3.369999885559082,3.369999885559082,0.0,3.440000057220459,2.950000047683716,2.9800000190734863,0.0,27611900
2023-06-16,3.3399999141693115,3.3399999141693115,0.0,3.700000047683716,3.2699999809265137,3.489000082015991,0.0,28848800
2023-06-20,3.990000009536743,3.990000009536743,0.0,4.050000190734863,3.381999969482422,3.390000104904175,0.0,31943900
2023-06-21,3.7699999809265137,3.7699999809265137,0.0,3.9100000858306885,3.5799999237060547,3.9100000858306885,0.0,16277100
2023-06-22,4.079999923706055,4.079999923706055,0.0,4.440000057220459,3.690000057220459,3.9000000953674316,0.0,33684400
2023-06-23,3.6600000858306885,3.6600000858306885,0.0,4.019999980926514,3.4800000190734863,4.019999980926514,0.0,35326500
2023-06-26,4.050000190734863,4.050000190734863,0.0,4.590000152587891,3.7200000286102295,3.7200000286102295,0.0,42759400
2023-06-27,4.199999809265137,4.199999809265137,0.0,4.440000057220459,3.890000104904175,4.099999904632568,0.0,22321300
2023-06-28,4.710000038146973,4.710000038146973,0.0,4.789999961853027,4.099999904632568,4.179999828338623,0.0,30712400
2023-06-29,4.5,4.5,0.0,5.110000133514404,4.46999979019165,4.679999828338623,0.0,28141100
2023-06-30,4.550000190734863,4.550000190734863,0.0,4.670000076293945,4.199999809265137,4.630000114440918,0.0,21899000
2023-07-03,4.53000020980835,4.53000020980835,0.0,4.748000144958496,4.414999961853027,4.590000152587891,0.0,8327900
2023-07-05,4.190000057220459,4.190000057220459,0.0,4.480000019073486,4.110000133514404,4.46999979019165,0.0,19395700
2023-07-06,3.5199999809265137,3.5199999809265137,0.0,3.990000009536743,3.3499999046325684,3.990000009536743,0.0,33499500
2023-07-07,3.630000114440918,3.630000114440918,0.0,3.8499999046325684,3.549999952316284,3.619999885559082,0.0,17361100
2023-07-10,3.7699999809265137,3.7699999809265137,0.0,3.8299999237060547,3.5,3.5999999046325684,0.0,12891900
2023-07-11,3.5299999713897705,3.5299999713897705,0.0,3.809999942779541,3.380000114440918,3.7799999713897705,0.0,20993600
2023-07-12,3.5999999046325684,3.5999999046325684,0.0,3.75,3.5299999713897705,3.609999895095825,0.0,13793900
2023-07-13,3.740000009536743,3.740000009536743,0.0,3.9600000381469727,3.5999999046325684,3.609999895095825,0.0,18314500
2023-07-14,3.4700000286102295,3.4700000286102295,0.0,3.7899999618530273,3.450000047683716,3.740000009536743,0.0,15027800
2023-07-17,3.5799999237060547,3.5799999237060547,0.0,3.6500000953674316,3.4210000038146973,3.4800000190734863,0.0,9928800
2023-07-18,3.690000057220459,3.690000057220459,0.0,3.740000009536743,3.5199999809265137,3.5199999809265137,0.0,11051100
2023-07-19,3.5999999046325684,3.5999999046325684,0.0,3.8989999294281006,3.5299999713897705,3.7200000286102295,0.0,14688300
2023-07-20,3.1700000762939453,3.1700000762939453,0.0,3.559999942779541,3.119999885559082,3.549999952316284,0.0,20548100
2023-07-21,3.1700000762939453,3.1700000762939453,0.0,3.369999885559082,3.1500000953674316,3.2899999618530273,0.0,10992900
2023-07-24,2.9200000762939453,2.9200000762939453,0.0,3.109999895095825,2.8499999046325684,3.069999933242798,0.0,19105200
2023-07-25,2.3299999237060547,2.3299999237060547,0.0,2.7899999618530273,2.25,2.680000066757202,0.0,34848700
2023-07-26,2.450000047683716,2.450000047683716,0.0,2.619999885559082,2.369999885559082,2.5,0.0,26990200
2023-07-27,2.2300000190734863,2.2300000190734863,0.0,2.5899999141693115,2.109999895095825,2.569999933242798,0.0,44191700
2023-07-28,2.4100000858306885,2.4100000858306885,0.0,2.4200000762939453,2.075000047683716,2.180000066757202,0.0,19068000
2023-07-31,2.3299999237060547,2.3299999237060547,0.0,2.450000047683716,2.240000009536743,2.450000047683716,0.0,15857500
2023-08-01,2.390000104904175,2.390000104904175,0.0,2.4800000190734863,2.259999990463257,2.309999942779541,0.0,12483600
2023-08-02,2.2699999809265137,2.2699999809265137,0.0,2.380000114440918,2.2200000286102295,2.3299999237060547,0.0,11774800
2023-08-03,2.2100000381469727,2.2100000381469727,0.0,2.309999942779541,2.180000066757202,2.25,0.0,7886300
2023-08-04,2.0999999046325684,2.0999999046325684,0.0,2.240000009536743,2.069999933242798,2.2300000190734863,0.0,12065300
2023-08-07,2.0299999713897705,2.0299999713897705,0.0,2.119999885559082,1.9500000476837158,2.119999885559082,0.0,13898600
2023-08-08,1.9900000095367432,1.9900000095367432,0.0,2.0,1.899999976158142,1.9600000381469727,0.0,15394000
2023-08-09,2.059999942779541,2.059999942779541,0.0,2.299999952316284,1.9149999618530273,2.190000057220459,0.0,30430500
2023-08-10,1.8899999856948853,1.8899999856948853,0.0,2.130000114440918,1.8650000095367432,2.130000114440918,0.0,20162200
2023-08-11,1.940000057220459,1.940000057220459,0.0,2.0,1.7999999523162842,1.8600000143051147,0.0,12652100
2023-08-14,2.4000000953674316,2.4000000953674316,0.0,2.4000000953674316,1.9900000095367432,2.0299999713897705,0.0,42422200
2023-08-15,2.319999933242798,2.319999933242798,0.0,2.4200000762939453,2.2699999809265137,2.4200000762939453,0.0,15037900
2023-08-16,2.390000104904175,2.390000104904175,0.0,2.569999933242798,2.299999952316284,2.3399999141693115,0.0,22925700
2023-08-17,2.190000057220459,2.190000057220459,0.0,2.5199999809265137,2.180000066757202,2.4700000286102295,0.0,19320800
2023-08-18,2.1600000858306885,2.1600000858306885,0.0,2.200000047683716,2.0299999713897705,2.0799999237060547,0.0,13344100
2023-08-21,2.359999895095825,2.359999895095825,0.0,2.4000000953674316,2.1500000953674316,2.2200000286102295,0.0,12010100
2023-08-22,2.359999895095825,2.359999895095825,0.0,2.5,2.2300000190734863,2.380000114440918,0.0,12256700
2023-08-23,2.440000057220459,2.440000057220459,0.0,2.4800000190734863,2.2699999809265137,2.319999933242798,0.0,13896300
2023-08-24,2.2699999809265137,2.2699999809265137,0.0,2.5299999713897705,2.240000009536743,2.509999990463257,0.0,13878700
2023-08-25,2.319999933242798,2.319999933242798,0.0,2.359999895095825,2.140000104904175,2.2699999809265137,0.0,10842700
2023-08-28,2.4200000762939453,2.4200000762939453,0.0,2.4749999046325684,2.319999933242798,2.319999933242798,0.0,12538300
2023-08-29,2.4800000190734863,2.4800000190734863,0.0,2.558000087738037,2.369999885559082,2.4000000953674316,0.0,12378000
2023-08-30,2.640000104904175,2.640000104904175,0.0,2.680000066757202,2.490000009536743,2.549999952316284,0.0,19146900
2023-08-31,2.5199999809265137,2.5199999809265137,0.0,2.6700000762939453,2.4800000190734863,2.6500000953674316,0.0,13130500
2023-09-01,2.5199999809265137,2.5199999809265137,0.0,2.630000114440918,2.490000009536743,2.5799999237060547,0.0,10333300
2023-09-05,2.4600000381469727,2.4600000381469727,0.0,2.569999933242798,2.4000000953674316,2.5299999713897705,0.0,10598600
2023-09-06,2.4100000858306885,2.4100000858306885,0.0,2.5399999618530273,2.359999895095825,2.4600000381469727,0.0,10336400
2023-09-07,2.3399999141693115,2.3399999141693115,0.0,2.4100000858306885,2.25,2.3499999046325684,0.0,10299000
2023-09-08,2.299999952316284,2.299999952316284,0.0,2.4200000762939453,2.299999952316284,2.369999885559082,0.0,7080900
2023-09-11,2.25,2.25,0.0,2.390000104904175,2.234999895095825,2.299999952316284,0.0,7266000
2023-09-12,2.259999990463257,2.259999990463257,0.0,2.380000114440918,2.2300000190734863,2.240000009536743,0.0,7575500
2023-09-13,2.259999990463257,2.259999990463257,0.0,2.319999933242798,2.2200000286102295,2.25,0.0,7010900
2023-09-14,2.1500000953674316,2.1500000953674316,0.0,2.299999952316284,2.140000104904175,2.25,0.0,11781400
2023-09-15,2.130000114440918,2.130000114440918,0.0,2.1500000953674316,2.0399999618530273,2.140000104904175,0.0,18042800
2023-09-18,2.25,2.25,0.0,2.309999942779541,2.0399999618530273,2.109999895095825,0.0,11050000
2023-09-19,2.130000114440918,2.130000114440918,0.0,2.25,2.0799999237060547,2.2300000190734863,0.0,7153300
2023-09-20,2.0399999618530273,2.0399999618530273,0.0,2.180000066757202,2.0299999713897705,2.130000114440918,0.0,8033400
2023-09-21,1.909999966621399,1.909999966621399,0.0,2.0299999713897705,1.899999976158142,2.0,0.0,8711000
2023-09-22,1.8200000524520874,1.8200000524520874,0.0,2.009999990463257,1.7999999523162842,1.9600000381469727,0.0,10002100
2023-09-25,1.75,1.75,0.0,1.8300000429153442,1.7100000381469727,1.809999942779541,0.0,8411800
2023-09-26,1.600000023841858,1.600000023841858,0.0,1.75,1.5800000429153442,1.7200000286102295,0.0,13615600
2023-09-27,1.7999999523162842,1.7999999523162842,0.0,1.9600000381469727,1.7100000381469727,1.7599999904632568,0.0,21541400
2023-09-28,1.8899999856948853,1.8899999856948853,0.0,1.9249999523162842,1.75,1.8799999952316284,0.0,10084900
2023-09-29,2.009999990463257,2.009999990463257,0.0,2.109999895095825,1.940000057220459,1.9600000381469727,0.0,12994000
2023-10-02,1.9600000381469727,1.9600000381469727,0.0,2.0899999141693115,1.9299999475479126,2.069999933242798,0.0,8912800
2023-10-03,1.899999976158142,1.899999976158142,0.0,1.9600000381469727,1.8600000143051147,1.9500000476837158,0.0,7245400
2023-10-04,1.9700000286102295,1.9700000286102295,0.0,2.009999990463257,1.8799999952316284,2.0,0.0,4652400
2023-10-05,2.0199999809265137,2.0199999809265137,0.0,2.0299999713897705,1.909999966621399,1.9800000190734863,0.0,6461800
2023-10-06,2.009999990463257,2.009999990463257,0.0,2.049999952316284,1.9299999475479126,1.9299999475479126,0.0,5613600
2023-10-09,1.940000057220459,1.940000057220459,0.0,1.9700000286102295,1.8899999856948853,1.9600000381469727,0.0,4926300
2023-10-10,1.9900000095367432,1.9900000095367432,0.0,2.049999952316284,1.8899999856948853,1.899999976158142,0.0,6015100
2023-10-11,1.899999976158142,1.899999976158142,0.0,2.049999952316284,1.899999976158142,2.009999990463257,0.0,5533700
2023-10-12,1.7899999618530273,1.7899999618530273,0.0,1.940000057220459,1.7799999713897705,1.909999966621399,0.0,6995300
2023-10-13,1.7799999713897705,1.7799999713897705,0.0,1.8200000524520874,1.7699999809265137,1.7999999523162842,0.0,3770300
2023-10-16,1.8899999856948853,1.8899999856948853,0.0,1.899999976158142,1.7200000286102295,1.7799999713897705,0.0,5253200
2023-10-17,1.899999976158142,1.899999976158142,0.0,1.940000057220459,1.8200000524520874,1.850000023841858,0.0,4034200
2023-10-18,1.7799999713897705,1.7799999713897705,0.0,1.8949999809265137,1.7699999809265137,1.8799999952316284,0.0,4583400
2023-10-19,1.7699999809265137,1.7699999809265137,0.0,1.850000023841858,1.75,1.850000023841858,0.0,3508900
2023-10-20,1.7100000381469727,1.7100000381469727,0.0,1.7599999904632568,1.690000057220459,1.7200000286102295,0.0,5388200
2023-10-23,1.6399999856948853,1.6399999856948853,0.0,1.7000000476837158,1.6100000143051147,1.6799999475479126,0.0,6693200
2023-10-24,1.690000057220459,1.690000057220459,0.0,1.7799999713897705,1.659999966621399,1.6699999570846558,0.0,6124000
2023-10-25,1.600000023841858,1.600000023841858,0.0,1.7100000381469727,1.600000023841858,1.7000000476837158,0.0,4808300
2023-10-26,1.559999942779541,1.559999942779541,0.0,1.6399999856948853,1.4900000095367432,1.600000023841858,0.0,9170400
2023-10-27,1.5700000524520874,1.5700000524520874,0.0,1.6100000143051147,1.5299999713897705,1.5700000524520874,0.0,4155500
2023-10-30,1.5700000524520874,1.5700000524520874,0.0,1.6200000047683716,1.5099999904632568,1.6200000047683716,0.0,5066400
2023-10-31,1.590000033378601,1.590000033378601,0.0,1.6200000047683716,1.5399999618530273,1.5499999523162842,0.0,3576000
2023-11-01,1.5399999618530273,1.5399999618530273,0.0,1.597000002861023,1.5099999904632568,1.590000033378601,0.0,4865000
2023-11-02,1.7200000286102295,1.7200000286102295,0.0,1.7400000095367432,1.600000023841858,1.6100000143051147,0.0,6609500
2023-11-03,1.840000033378601,1.840000033378601,0.0,1.8700000047683716,1.7599999904632568,1.7699999809265137,0.0,6459300
2023-11-06,1.7799999713897705,1.7799999713897705,0.0,1.9199999570846558,1.7599999904632568,1.9199999570846558,0.0,5789000
2023-11-07,1.8200000524520874,1.8200000524520874,0.0,1.899999976158142,1.784000039100647,1.809999942779541,0.0,5306900
2023-11-08,1.7699999809265137,1.7699999809265137,0.0,1.850000023841858,1.7000000476837158,1.840000033378601,0.0,4891900
2023-11-09,1.7300000190734863,1.7300000190734863,0.0,1.909999966621399,1.7100000381469727,1.7999999523162842,0.0,10417300
2023-11-10,1.7899999618530273,1.7899999618530273,0.0,1.9299999475479126,1.6100000143051147,1.7400000095367432,0.0,16788400
2023-11-13,1.9900000095367432,1.9900000095367432,0.0,2.0199999809265137,1.7649999856948853,1.7899999618530273,0.0,11338200
2023-11-14,2.130000114440918,2.130000114440918,0.0,2.1700000762939453,1.9600000381469727,2.0299999713897705,0.0,14108100
2023-11-15,2.2300000190734863,2.2300000190734863,0.0,2.299999952316284,2.119999885559082,2.140000104904175,0.0,14027400
2023-11-16,2.109999895095825,2.109999895095825,0.0,2.190000057220459,2.071000099182129,2.1500000953674316,0.0,10179800
2023-11-17,2.2300000190734863,2.2300000190734863,0.0,2.2699999809265137,2.069999933242798,2.0999999046325684,0.0,9189600
2023-11-20,2.2200000286102295,2.2200000286102295,0.0,2.4100000858306885,2.174999952316284,2.2699999809265137,0.0,14522200
2023-11-21,2.119999885559082,2.119999885559082,0.0,2.240000009536743,2.0799999237060547,2.200000047683716,0.0,7925200
2023-11-22,2.1700000762939453,2.1700000762939453,0.0,2.2200000286102295,2.0999999046325684,2.140000104904175,0.0,6123800
2023-11-24,2.1600000858306885,2.1600000858306885,0.0,2.190000057220459,2.119999885559082,2.1600000858306885,0.0,3789200
2023-11-27,2.2300000190734863,2.2300000190734863,0.0,2.2699999809265137,2.140000104904175,2.180000066757202,0.0,9573300
2023-11-28,2.2799999713897705,2.2799999713897705,0.0,2.309999942779541,2.200000047683716,2.240000009536743,0.0,7162500
2023-11-29,2.299999952316284,2.299999952316284,0.0,2.4100000858306885,2.2750000953674316,2.319999933242798,0.0,13297300
2023-11-30,2.140000104904175,2.140000104904175,0.0,2.3399999141693115,2.119999885559082,2.299999952316284,0.0,8881000
2023-12-01,2.299999952316284,2.299999952316284,0.0,2.299999952316284,2.119999885559082,2.1700000762939453,0.0,7520500
2023-12-04,2.2799999713897705,2.2799999713897705,0.0,2.380000114440918,2.255000114440918,2.2899999618530273,0.0,7739300
2023-12-05,2.0999999046325684,2.0999999046325684,0.0,2.2799999713897705,2.0799999237060547,2.2799999713897705,0.0,11528800
2023-12-06,2.0899999141693115,2.0899999141693115,0.0,2.1600000858306885,2.0450000762939453,2.130000114440918,0.0,8995400
2023-12-07,2.109999895095825,2.109999895095825,0.0,2.130000114440918,2.0250000953674316,2.0799999237060547,0.0,6574000
2023-12-08,2.0999999046325684,2.0999999046325684,0.0,2.140000104904175,2.049999952316284,2.059999942779541,0.0,6231700
2023-12-11,2.0399999618530273,2.0399999618530273,0.0,2.119999885559082,2.0299999713897705,2.0999999046325684,0.0,6313800
2023-12-12,1.9700000286102295,1.9700000286102295,0.0,2.059999942779541,1.909999966621399,2.0399999618530273,0.0,8406500
2023-12-13,2.190000057220459,2.190000057220459,0.0,2.190000057220459,1.940000057220459,1.9800000190734863,0.0,11129400
2023-12-14,2.259999990463257,2.259999990463257,0.0,2.319999933242798,2.200000047683716,2.25,0.0,14801200
2023-12-15,2.2100000381469727,2.2100000381469727,0.0,2.299999952316284,2.1600000858306885,2.2899999618530273,0.0,8255300
2023-12-18,2.1700000762939453,2.1700000762939453,0.0,2.2799999713897705,2.1600000858306885,2.2200000286102295,0.0,6347900
2023-12-19,2.240000009536743,2.240000009536743,0.0,2.2699999809265137,2.1500000953674316,2.180000066757202,0.0,11628200
2023-12-20,2.0899999141693115,2.0899999141693115,0.0,2.259999990463257,2.0799999237060547,2.240000009536743,0.0,10975800
2023-12-21,2.130000114440918,2.130000114440918,0.0,2.1600000858306885,2.069999933242798,2.109999895095825,0.0,7977700
2023-12-22,2.069999933242798,2.069999933242798,0.0,2.1500000953674316,2.059999942779541,2.130000114440918,0.0,6407400
2023-12-26,2.130000114440918,2.130000114440918,0.0,2.140000104904175,2.0899999141693115,2.0899999141693115,0.0,5446800
2023-12-27,2.130000114440918,2.130000114440918,0.0,2.2100000381469727,2.119999885559082,2.1500000953674316,0.0,7976700
2023-12-28,2.2300000190734863,2.2300000190734863,0.0,2.299999952316284,2.109999895095825,2.130000114440918,0.0,14767100
2023-12-29,2.119999885559082,2.119999885559082,0.0,2.25,2.109999895095825,2.2300000190734863,0.0,8985100
2024-01-02,2.0799999237060547,2.0799999237060547,0.0,2.1760001182556152,2.049999952316284,2.130000114440918,0.0,8143700
2024-01-03,1.9800000190734863,1.9800000190734863,0.0,2.059999942779541,1.9700000286102295,2.049999952316284,0.0,8034200
2024-01-04,2.059999942779541,2.059999942779541,0.0,2.0999999046325684,1.9700000286102295,2.009999990463257,0.0,5705300
2024-01-05,1.9900000095367432,1.9900000095367432,0.0,2.059999942779541,1.9700000286102295,2.059999942779541,0.0,6431200
2024-01-08,2.0999999046325684,2.0999999046325684,0.0,2.1600000858306885,2.0,2.0299999713897705,0.0,11855900
2024-01-09,1.8700000047683716,1.8700000047683716,0.0,2.0799999237060547,1.850000023841858,2.0799999237060547,0.0,20448400
2024-01-10,1.875,1.875,0.0,1.9299999475479126,1.840000033378601,1.9299999475479126,0.0,5701600
2024-01-11,1.7699999809265137,1.7699999809265137,0.0,1.8600000143051147,1.7000000476837158,1.850000023841858,0.0,11816500
2024-01-12,1.8200000524520874,1.8200000524520874,0.0,1.8600000143051147,1.7699999809265137,1.7699999809265137,0.0,5770200
2024-01-16,1.8200000524520874,1.8200000524520874,0.0,1.8700000047683716,1.7599999904632568,1.8700000047683716,0.0,6006400
2024-01-17,1.7899999618530273,1.7899999618530273,0.0,1.7999999523162842,1.7300000190734863,1.7999999523162842,0.0,4984100
2024-01-18,1.809999942779541,1.809999942779541,0.0,1.850000023841858,1.7699999809265137,1.809999942779541,0.0,4224300
2024-01-19,1.850000023841858,1.850000023841858,0.0,1.850000023841858,1.7300000190734863,1.8049999475479126,0.0,7238500
2024-01-22,1.9800000190734863,1.9800000190734863,0.0,1.9800000190734863,1.8700000047683716,1.8700000047683716,0.0,9585800
2024-01-23,1.9199999570846558,1.9199999570846558,0.0,2.009999990463257,1.8899999856948853,2.0,0.0,6650600
2024-01-24,1.899999976158142,1.899999976158142,0.0,1.9600000381469727,1.8799999952316284,1.9500000476837158,0.0,6798300
2024-01-25,1.8600000143051147,1.8600000143051147,0.0,1.9299999475479126,1.809999942779541,1.9299999475479126,0.0,7131000
2024-01-26,1.840000033378601,1.840000033378601,0.0,1.9199999570846558,1.8300000429153442,1.850000023841858,0.0,4709200
2024-01-29,1.8799999952316284,1.8799999952316284,0.0,1.8849999904632568,1.809999942779541,1.840000033378601,0.0,4270200
2024-01-30,1.7899999618530273,1.7899999618530273,0.0,1.9199999570846558,1.7899999618530273,1.9199999570846558,0.0,6082800
2024-01-31,1.659999966621399,1.659999966621399,0.0,1.7799999713897705,1.649999976158142,1.7599999904632568,0.0,11053900
2024-02-01,1.7100000381469727,1.7100000381469727,0.0,1.7200000286102295,1.649999976158142,1.7000000476837158,0.0,4870300
2024-02-02,1.7000000476837158,1.7000000476837158,0.0,1.715000033378601,1.6399999856948853,1.690000057220459,0.0,4869600
2024-02-05,1.6299999952316284,1.6299999952316284,0.0,1.7300000190734863,1.6299999952316284,1.7100000381469727,0.0,7147300
2024-02-06,1.7200000286102295,1.7200000286102295,0.0,1.7699999809265137,1.6200000047683716,1.649999976158142,0.0,7435500
2024-02-07,1.7100000381469727,1.7100000381469727,0.0,1.75,1.649999976158142,1.75,0.0,6067300
2024-02-08,1.9500000476837158,1.9500000476837158,0.0,2.009999990463257,1.7000000476837158,1.7000000476837158,0.0,14361900
2024-02-09,2.259999990463257,2.259999990463257,0.0,2.299999952316284,1.9900000095367432,2.0299999713897705,0.0,37499600
2024-02-12,2.3499999046325684,2.3499999046325684,0.0,2.380000114440918,2.2200000286102295,2.2699999809265137,0.0,25558600
2024-02-13,2.2750000953674316,2.2750000953674316,0.0,2.309999942779541,2.0799999237060547,2.109999895095825,0.0,12015400
2024-02-14,2.255000114440918,2.255000114440918,0.0,2.4200000762939453,2.2200000286102295,2.369999885559082,0.0,38358800
2024-02-15,3.759999990463257,3.759999990463257,0.0,4.059999942779541,3.109999895095825,4.010000228881836,0.0,298289400
2024-02-16,3.819999933242798,3.819999933242798,0.0,4.010000228881836,3.390000104904175,3.7200000286102295,0.0,119654500
2024-02-20,3.990000009536743,3.990000009536743,0.0,4.349999904632568,3.6600000858306885,4.090000152587891,0.0,101328700
2024-02-21,3.7699999809265137,3.7699999809265137,0.0,4.0,3.4600000381469727,3.9000000953674316,0.0,66520600
2024-02-22,3.9700000286102295,3.9700000286102295,0.0,4.105000019073486,3.8499999046325684,4.059999942779541,0.0,65880800
2024-02-23,3.9200000762939453,3.9200000762939453,0.0,4.0,3.680000066757202,3.990000009536743,0.0,34654300
2024-02-26,5.75,5.75,0.0,5.949999809265137,3.8399999141693115,3.940000057220459,0.0,212903900
2024-02-27,6.860000133514404,6.860000133514404,0.0,7.908999919891357,6.5,7.119999885559082,0.0,301330100
2024-02-28,6.340000152587891,6.340000152587891,0.0,6.800000190734863,5.900000095367432,6.739999771118164,0.0,118471700
2024-02-29,7.420000076293945,7.420000076293945,0.0,7.579999923706055,6.630000114440918,6.789999961853027,0.0,176458500
2024-03-01,6.034999847412109,6.034999847412109,0.0,6.820000171661377,5.630000114440918,5.860000133514404,0.0,145630600
2024-03-04,5.625,5.625,0.0,6.460000038146973,5.449999809265137,6.440000057220459,0.0,91609200
2024-03-05,4.960000038146973,4.960000038146973,0.0,5.380000114440918,4.769999980926514,5.239999771118164,0.0,68351500
2024-03-06,5.039999961853027,5.039999961853027,0.0,5.389999866485596,4.920000076293945,5.21999979019165,0.0,43981000
2024-03-07,5.630000114440918,5.630000114440918,0.0,6.110000133514404,5.079999923706055,5.170000076293945,0.0,86233500
2024-03-08,5.860000133514404,5.860000133514404,0.0,6.28000020980835,5.619999885559082,6.230000019073486,0.0,75182000
2024-03-11,5.980000019073486,5.980000019073486,0.0,6.255000114440918,5.671000003814697,5.840000152587891,0.0,44899600
2024-03-12,6.929999828338623,6.929999828338623,0.0,7.050000190734863,5.880000114440918,6.179999828338623,0.0,92595400
2024-03-13,8.649999618530273,8.649999618530273,0.0,8.725000381469727,7.010000228881836,7.289999961853027,0.0,173288800
2024-03-14,8.369999885559082,8.369999885559082,0.0,10.25,7.550000190734863,9.550000190734863,0.0,224854800
2024-03-15,8.90999984741211,8.90999984741211,0.0,9.350000381469727,7.570000171661377,7.869999885559082,0.0,128194300
2024-03-18,8.239999771118164,8.239999771118164,0.0,9.100000381469727,7.869999885559082,9.0600004196167,0.0,93816400
2024-03-19,8.329999923706055,8.329999923706055,0.0,8.75,7.599999904632568,7.909999847412109,0.0,100646800
2024-03-20,7.929999828338623,7.929999828338623,0.0,8.550000190734863,7.46999979019165,8.010000228881836,0.0,90598100
2024-03-21,6.679999828338623,6.679999828338623,0.0,8.420000076293945,6.650000095367432,8.0,0.0,118433500
2024-03-22,6.139999866485596,6.139999866485596,0.0,6.449999809265137,5.840000152587891,6.179999828338623,0.0,85587700
2024-03-25,5.860000133514404,5.860000133514404,0.0,6.139999866485596,5.679999828338623,6.070000171661377,0.0,52713300
2024-03-26,5.809999942779541,5.809999942779541,0.0,6.369999885559082,5.760000228881836,6.114999771118164,0.0,60954000
2024-03-27,5.929999828338623,5.929999828338623,0.0,6.010000228881836,5.420000076293945,5.809999942779541,0.0,42126600
2024-03-28,5.889999866485596,5.889999866485596,0.0,6.320000171661377,5.829999923706055,5.940000057220459,0.0,39391000
2024-04-01,5.559999942779541,5.559999942779541,0.0,5.940000057220459,5.550000190734863,5.909999847412109,0.0,23190000
2024-04-02,5.380000114440918,5.380000114440918,0.0,5.449999809265137,5.090000152587891,5.28000020980835,0.0,28858600
2024-04-03,5.050000190734863,5.050000190734863,0.0,5.34499979019165,5.050000190734863,5.289999961853027,0.0,24641600
2024-04-04,5.269999980926514,5.269999980926514,0.0,5.800000190734863,5.099999904632568,5.139999866485596,0.0,57117200
2024-04-05,5.179999828338623,5.179999828338623,0.0,5.440000057220459,5.099999904632568,5.329999923706055,0.0,28023500
2024-04-08,5.0,5.0,0.0,5.25,4.710000038146973,5.199999809265137,0.0,34777400
2024-04-09,4.849999904632568,4.849999904632568,0.0,5.03000020980835,4.760000228881836,4.840000152587891,0.0,22758900
2024-04-10,4.510000228881836,4.510000228881836,0.0,4.579999923706055,4.190000057220459,4.239999771118164,0.0,34182100
2024-04-11,4.769999980926514,4.769999980926514,0.0,4.769999980926514,4.320000171661377,4.449999809265137,0.0,25450500
2024-04-12,4.380000114440918,4.380000114440918,0.0,4.630000114440918,4.340000152587891,4.610000133514404,0.0,18089200
2024-04-15,3.9700000286102295,3.9700000286102295,0.0,4.429999828338623,3.934999942779541,4.349999904632568,0.0,30120500
2024-04-16,4.059999942779541,4.059999942779541,0.0,4.21999979019165,3.7130000591278076,3.7699999809265137,0.0,23293400
2024-04-17,3.9600000381469727,3.9600000381469727,0.0,4.166999816894531,3.9100000858306885,4.039999961853027,0.0,13615000
2024-04-18,3.8299999237060547,3.8299999237060547,0.0,4.03000020980835,3.7899999618530273,3.9000000953674316,0.0,14196600
2024-04-19,3.549999952316284,3.549999952316284,0.0,3.890000104904175,3.509999990463257,3.799999952316284,0.0,22471700
2024-04-22,3.7799999713897705,3.7799999713897705,0.0,3.8299999237060547,3.5,3.5299999713897705,0.0,19714500
2024-04-23,4.170000076293945,4.170000076293945,0.0,4.389999866485596,3.759999990463257,3.9100000858306885,0.0,43241500
2024-04-24,4.010000228881836,4.010000228881836,0.0,4.590000152587891,3.930000066757202,4.449999809265137,0.0,42914500
2024-04-25,4.159999847412109,4.159999847412109,0.0,4.210000038146973,3.8299999237060547,3.880000114440918,0.0,24545100
2024-04-26,4.400000095367432,4.400000095367432,0.0,4.440000057220459,4.130000114440918,4.199999809265137,0.0,23139200
2024-04-29,4.619999885559082,4.619999885559082,0.0,4.705999851226807,4.329999923706055,4.440000057220459,0.0,25313900
2024-04-30,4.239999771118164,4.239999771118164,0.0,4.710000038146973,4.230000019073486,4.559999942779541,0.0,20612400
2024-05-01,4.409999847412109,4.409999847412109,0.0,4.690000057220459,4.150000095367432,4.190000057220459,0.0,21512400
2024-05-02,4.489999771118164,4.489999771118164,0.0,4.599999904632568,4.420000076293945,4.570000171661377,0.0,14564100
2024-05-03,4.5,4.5,0.0,4.690000057220459,4.340000152587891,4.610000133514404,0.0,19564900
2024-05-06,5.210000038146973,5.210000038146973,0.0,5.385000228881836,4.525000095367432,4.554999828338623,0.0,57583900
2024-05-07,4.940000057220459,4.940000057220459,0.0,5.300000190734863,4.800000190734863,5.25,0.0,33520800
2024-05-08,4.809999942779541,4.809999942779541,0.0,5.050000190734863,4.659999847412109,4.829999923706055,0.0,22638200
2024-05-09,4.75,4.75,0.0,4.945000171661377,4.639999866485596,4.860000133514404,0.0,41935100
2024-05-10,5.090000152587891,5.090000152587891,0.0,5.96999979019165,5.050000190734863,5.550000190734863,0.0,88336400
2024-05-13,5.519999980926514,5.519999980926514,0.0,5.769999980926514,5.190000057220459,5.199999809265137,0.0,52300400
2024-05-14,5.300000190734863,5.300000190734863,0.0,5.820000171661377,5.25,5.400000095367432,0.0,35752600
2024-05-15,5.320000171661377,5.320000171661377,0.0,5.579999923706055,5.150000095367432,5.510000228881836,0.0,30779900
2024-05-16,5.110000133514404,5.110000133514404,0.0,5.440000057220459,5.070000171661377,5.320000171661377,0.0,22804800
2024-05-17,5.050000190734863,5.050000190734863,0.0,5.284999847412109,4.96999979019165,5.139999866485596,0.0,25183800
2024-05-20,5.480000019073486,5.480000019073486,0.0,5.519999980926514,5.019999980926514,5.090000152587891,0.0,29816300
2024-05-21,5.119999885559082,5.119999885559082,0.0,5.368000030517578,5.099999904632568,5.333000183105469,0.0,24103500
2024-05-22,5.070000171661377,5.070000171661377,0.0,5.179999828338623,4.960000038146973,5.159999847412109,0.0,22479900
2024-05-23,4.989999771118164,4.989999771118164,0.0,5.210000038146973,4.860000133514404,5.199999809265137,0.0,25850100
2024-05-24,5.059999942779541,5.059999942779541,0.0,5.090000152587891,4.929999828338623,5.0,0.0,14892200
2024-05-28,4.909999847412109,4.909999847412109,0.0,5.119999885559082,4.789999961853027,5.039999961853027,0.0,20245000
2024-05-29,4.699999809265137,4.699999809265137,0.0,4.829999923706055,4.59499979019165,4.75,0.0,15058500
2024-05-30,4.880000114440918,4.880000114440918,0.0,5.0,4.695000171661377,4.699999809265137,0.0,17469100
2024-05-31,5.050000190734863,5.050000190734863,0.0,5.059999942779541,4.795000076293945,4.869999885559082,0.0,18667400
2024-06-03,4.78000020980835,4.78000020980835,0.0,5.089000225067139,4.730000019073486,5.045000076293945,0.0,16634400
2024-06-04,4.929999828338623,4.929999828338623,0.0,4.980000019073486,4.760000228881836,4.78000020980835,0.0,10778700
2024-06-05,4.980000019073486,4.980000019073486,0.0,5.119999885559082,4.889999866485596,4.980000019073486,0.0,16953100
2024-06-06,4.840000152587891,4.840000152587891,0.0,4.96999979019165,4.809999942779541,4.949999809265137,0.0,10920200
2024-06-07,4.650000095367432,4.650000095367432,0.0,4.840000152587891,4.619999885559082,4.78000020980835,0.0,13862900
2024-06-10,4.769999980926514,4.769999980926514,0.0,4.860000133514404,4.644999980926514,4.690000057220459,0.0,18617400
2024-06-11,4.650000095367432,4.650000095367432,0.0,4.769999980926514,4.579999923706055,4.730000019073486,0.0,12853200
2024-06-12,4.650000095367432,4.650000095367432,0.0,4.849999904632568,4.619999885559082,4.739999771118164,0.0,16710400
2024-06-13,4.619999885559082,4.619999885559082,0.0,4.71999979019165,4.510000228881836,4.699999809265137,0.0,12404400
2024-06-14,4.429999828338623,4.429999828338623,0.0,4.539999961853027,4.400000095367432,4.510000228881836,0.0,11948400
2024-06-17,4.289999961853027,4.289999961853027,0.0,4.5,4.28000020980835,4.349999904632568,0.0,17527000
2024-06-18,4.090000152587891,4.090000152587891,0.0,4.235000133514404,4.050000190734863,4.210000038146973,0.0,19039600
2024-06-20,4.050000190734863,4.050000190734863,0.0,4.284999847412109,3.9800000190734863,4.090000152587891,0.0,21690400
2024-06-21,4.0,4.0,0.0,4.045000076293945,3.869999885559082,4.0,0.0,18980700
2024-06-24,3.9800000190734863,3.9800000190734863,0.0,4.070000171661377,3.880000114440918,4.0,0.0,10165400
2024-06-25,3.9200000762939453,3.9200000762939453,0.0,4.03000020980835,3.859999895095825,3.930000066757202,0.0,9031100
2024-06-26,3.9800000190734863,3.9800000190734863,0.0,4.019999980926514,3.890000104904175,3.9100000858306885,0.0,7955600
2024-06-27,3.990000009536743,3.990000009536743,0.0,4.050000190734863,3.9200000762939453,3.9200000762939453,0.0,8909800
2024-06-28,3.950000047683716,3.950000047683716,0.0,4.130000114440918,3.9000000953674316,4.050000190734863,0.0,34150900
2024-07-01,3.890000104904175,3.890000104904175,0.0,4.0,3.819999933242798,3.9800000190734863,0.0,9481400
2024-07-02,3.940000057220459,3.940000057220459,0.0,4.079999923706055,3.880000114440918,3.880000114440918,0.0,7675700
2024-07-03,3.930000066757202,3.930000066757202,0.0,3.990000009536743,3.859999895095825,3.940000057220459,0.0,8949300
2024-07-05,4.190000057220459,4.190000057220459,0.0,4.21999979019165,3.869999885559082,3.930000066757202,0.0,17360300
2024-07-08,4.199999809265137,4.199999809265137,0.0,4.309999942779541,4.119999885559082,4.289999961853027,0.0,14871900
2024-07-09,4.139999866485596,4.139999866485596,0.0,4.25,4.020999908447266,4.230000019073486,0.0,8562100
2024-07-10,5.070000171661377,5.070000171661377,0.0,5.139999866485596,4.139999866485596,4.239999771118164,0.0,78868400
2024-07-11,5.369999885559082,5.369999885559082,0.0,6.192999839782715,5.21999979019165,5.514999866485596,0.0,129537900
2024-07-12,6.199999809265137,6.199999809265137,0.0,6.449999809265137,5.34499979019165,5.369999885559082,0.0,108530100
2024-07-15,5.630000114440918,5.630000114440918,0.0,6.449999809265137,5.510000228881836,6.289999961853027,0.0,58065300
2024-07-16,5.829999923706055,5.829999923706055,0.0,5.920000076293945,5.400000095367432,5.739999771118164,0.0,34913500
2024-07-17,5.489999771118164,5.489999771118164,0.0,6.059999942779541,5.360000133514404,5.599999904632568,0.0,32410300
2024-07-18,5.0,5.0,0.0,5.699999809265137,4.900000095367432,5.690000057220459,0.0,34312300
2024-07-19,4.929999828338623,4.929999828338623,0.0,5.135000228881836,4.849999904632568,5.010000228881836,0.0,16088600
2024-07-22,4.980000019073486,4.980000019073486,0.0,5.099999904632568,4.739999771118164,4.96999979019165,0.0,18587900
2024-07-23,4.940000057220459,4.940000057220459,0.0,5.110000133514404,4.860000133514404,4.889999866485596,0.0,14065600
2024-07-24,4.550000190734863,4.550000190734863,0.0,4.875,4.539999961853027,4.820000171661377,0.0,15059200
2024-07-25,4.829999923706055,4.829999923706055,0.0,4.980000019073486,4.369999885559082,4.5,0.0,18931000
2024-07-26,5.119999885559082,5.119999885559082,0.0,5.21999979019165,4.820000171661377,4.989999771118164,0.0,20615400
2024-07-29,4.78000020980835,4.78000020980835,0.0,5.25,4.760000228881836,5.199999809265137,0.0,16138300
2024-07-30,4.949999809265137,4.949999809265137,0.0,5.139999866485596,4.809999942779541,4.869999885559082,0.0,19097000
2024-07-31,5.090000152587891,5.090000152587891,0.0,5.309999942779541,4.989999771118164,5.050000190734863,0.0,20691900
2024-08-01,4.659999847412109,4.659999847412109,0.0,5.204999923706055,4.619999885559082,5.110000133514404,0.0,19216200
2024-08-02,4.619999885559082,4.619999885559082,0.0,4.820000171661377,4.309999942779541,4.340000152587891,0.0,17958800
2024-08-05,4.21999979019165,4.21999979019165,0.0,4.5,3.940000057220459,3.950000047683716,0.0,23921700
2024-08-06,4.460000038146973,4.460000038146973,0.0,4.579999923706055,4.114999771118164,4.46999979019165,0.0,16124800
2024-08-07,4.300000190734863,4.300000190734863,0.0,4.679999828338623,4.25,4.599999904632568,0.0,20246400
2024-08-08,5.210000038146973,5.210000038146973,0.0,5.239999771118164,4.380000114440918,4.480000019073486,0.0,67607200
2024-08-09,4.869999885559082,4.869999885559082,0.0,5.309999942779541,4.829999923706055,5.099999904632568,0.0,38585900
2024-08-12,5.159999847412109,5.159999847412109,0.0,5.360000133514404,4.710000038146973,4.869999885559082,0.0,44650500
2024-08-13,4.989999771118164,4.989999771118164,0.0,5.519999980926514,4.920000076293945,5.300000190734863,0.0,36175300
2024-08-14,4.980000019073486,4.980000019073486,0.0,5.179999828338623,4.880000114440918,5.050000190734863,0.0,21538300
2024-08-15,4.949999809265137,4.949999809265137,0.0,5.159999847412109,4.920000076293945,5.090000152587891,0.0,21159800
2024-08-16,4.96999979019165,4.96999979019165,0.0,5.039999961853027,4.900000095367432,4.929999828338623,0.0,14803000
2024-08-19,4.949999809265137,4.949999809265137,0.0,5.105000019073486,4.909999847412109,5.019999980926514,0.0,19142000
2024-08-20,5.139999866485596,5.139999866485596,0.0,5.199999809265137,4.744999885559082,4.940000057220459,0.0,24328600
2024-08-21,5.360000133514404,5.360000133514404,0.0,5.5,5.059999942779541,5.139999866485596,0.0,33154000
2024-08-22,4.929999828338623,4.929999828338623,0.0,5.449999809265137,4.889999866485596,5.400000095367432,0.0,23122200
2024-08-23,5.03000020980835,5.03000020980835,0.0,5.130000114440918,4.949999809265137,5.0,0.0,15404200
2024-08-26,5.0,5.0,0.0,5.079999923706055,4.920000076293945,5.059999942779541,0.0,10775400
2024-08-27,4.949999809265137,4.949999809265137,0.0,5.03000020980835,4.860000133514404,4.949999809265137,0.0,11532800
2024-08-28,4.849999904632568,4.849999904632568,0.0,5.067999839782715,4.769999980926514,4.949999809265137,0.0,15917800
2024-08-29,4.840000152587891,4.840000152587891,0.0,5.050000190734863,4.840000152587891,4.880000114440918,0.0,10806600
2024-08-30,4.889999866485596,4.889999866485596,0.0,4.960000038146973,4.829999923706055,4.900000095367432,0.0,9303200
2024-09-03,4.559999942779541,4.559999942779541,0.0,4.909999847412109,4.519999980926514,4.880000114440918,0.0,14905200
2024-09-04,4.489999771118164,4.489999771118164,0.0,4.650000095367432,4.449999809265137,4.480000019073486,0.0,11850500
2024-09-05,4.480000019073486,4.480000019073486,0.0,4.559999942779541,4.409999847412109,4.5,0.0,12629300
2024-09-06,4.349999904632568,4.349999904632568,0.0,4.570000171661377,4.324999809265137,4.480000019073486,0.0,10207000
2024-09-09,4.619999885559082,4.619999885559082,0.0,4.670000076293945,4.400000095367432,4.400000095367432,0.0,11937700
2024-09-10,4.599999904632568,4.599999904632568,0.0,4.730000019073486,4.46999979019165,4.699999809265137,0.0,9894100
2024-09-11,4.840000152587891,4.840000152587891,0.0,4.849999904632568,4.574999809265137,4.610000133514404,0.0,10166000
2024-09-12,4.869999885559082,4.869999885559082,0.0,4.929999828338623,4.769999980926514,4.880000114440918,0.0,8931700
2024-09-13,4.849999904632568,4.849999904632568,0.0,4.980000019073486,4.840000152587891,4.940000057220459,0.0,9541200
2024-09-16,4.760000228881836,4.760000228881836,0.0,4.840000152587891,4.71999979019165,4.78000020980835,0.0,9004900
2024-09-17,4.800000190734863,4.800000190734863,0.0,4.880000114440918,4.730000019073486,4.840000152587891,0.0,7223300
2024-09-18,4.849999904632568,4.849999904632568,0.0,5.150000095367432,4.809999942779541,4.809999942779541,0.0,26112100
2024-09-19,5.010000228881836,5.010000228881836,0.0,5.099999904632568,4.960000038146973,5.059999942779541,0.0,14429100
2024-09-20,4.96999979019165,4.96999979019165,0.0,5.059999942779541,4.849999904632568,5.010000228881836,0.0,16634100
2024-09-23,4.880000114440918,4.880000114440918,0.0,5.025000095367432,4.869999885559082,4.96999979019165,0.0,8563900
2024-09-24,4.900000095367432,4.900000095367432,0.0,4.960000038146973,4.800000190734863,4.920000076293945,0.0,11988700
2024-09-25,4.889999866485596,4.889999866485596,0.0,5.139999866485596,4.880000114440918,4.900000095367432,0.0,16419700
2024-09-26,4.909999847412109,4.909999847412109,0.0,5.03000020980835,4.849999904632568,5.0,0.0,10816800
2024-09-27,4.78000020980835,4.78000020980835,0.0,4.949999809265137,4.739999771118164,4.940000057220459,0.0,13416400
2024-09-30,4.659999847412109,4.659999847412109,0.0,4.929999828338623,4.650000095367432,4.75,0.0,12626500
2024-10-01,4.559999942779541,4.559999942779541,0.0,4.718999862670898,4.449999809265137,4.690000057220459,0.0,14778200
2024-10-02,4.730000019073486,4.730000019073486,0.0,4.75,4.449999809265137,4.550000190734863,0.0,9788300
2024-10-03,4.690000057220459,4.690000057220459,0.0,4.817999839782715,4.659999847412109,4.730000019073486,0.0,7469500
2024-10-04,4.690000057220459,4.690000057220459,0.0,4.829999923706055,4.650000095367432,4.800000190734863,0.0,8302800
2024-10-07,4.739999771118164,4.739999771118164,0.0,4.809999942779541,4.650000095367432,4.730000019073486,0.0,10975300
2024-10-08,4.679999828338623,4.679999828338623,0.0,4.820000171661377,4.670000076293945,4.699999809265137,0.0,9082800
2024-10-09,4.630000114440918,4.630000114440918,0.0,4.699999809265137,4.570000171661377,4.670000076293945,0.0,11415700
2024-10-10,4.840000152587891,4.840000152587891,0.0,5.039999961853027,4.559999942779541,4.630000114440918,0.0,23867500
2024-10-11,4.909999847412109,4.909999847412109,0.0,4.909999847412109,4.742000102996826,4.840000152587891,0.0,12658300
2024-10-14,5.190000057220459,5.190000057220459,0.0,5.420000076293945,4.949999809265137,5.010000228881836,0.0,38455300
2024-10-15,5.309999942779541,5.309999942779541,0.0,5.610000133514404,5.190000057220459,5.28000020980835,0.0,33635300
2024-10-16,5.25,5.25,0.0,5.449999809265137,5.114999771118164,5.440000057220459,0.0,18736700
2024-10-17,5.230000019073486,5.230000019073486,0.0,5.630000114440918,5.181000232696533,5.329999923706055,0.0,22108700
2024-10-18,5.5,5.5,0.0,5.539999961853027,5.239999771118164,5.260000228881836,0.0,25680200
2024-10-21,5.389999866485596,5.389999866485596,0.0,5.769999980926514,5.130000114440918,5.559999942779541,0.0,34530000
2024-10-22,5.269999980926514,5.269999980926514,0.0,5.389999866485596,5.239999771118164,5.360000133514404,0.0,11155400
2024-10-23,4.980000019073486,4.980000019073486,0.0,5.239999771118164,4.860000133514404,5.199999809265137,0.0,21937600
2024-10-24,5.28000020980835,5.28000020980835,0.0,5.340000152587891,4.96999979019165,5.059999942779541,0.0,17576500
2024-10-25,5.179999828338623,5.179999828338623,0.0,5.400000095367432,5.135000228881836,5.28000020980835,0.0,13117200
2024-10-28,6.119999885559082,6.119999885559082,0.0,6.119999885559082,5.239999771118164,5.260000228881836,0.0,49686700
2024-10-29,6.010000228881836,6.010000228881836,0.0,6.25,5.860000133514404,6.010000228881836,0.0,34996500
2024-10-30,5.449999809265137,5.449999809265137,0.0,5.96999979019165,5.440000057220459,5.949999809265137,0.0,25565800
2024-10-31,5.03000020980835,5.03000020980835,0.0,5.460000038146973,5.03000020980835,5.409999847412109,0.0,27131100
2024-11-01,5.139999866485596,5.139999866485596,0.0,5.309999942779541,5.0920000076293945,5.25,0.0,14381100
2024-11-04,5.090000152587891,5.090000152587891,0.0,5.184999942779541,4.96999979019165,5.130000114440918,0.0,11992400
2024-11-05,5.369999885559082,5.369999885559082,0.0,5.449999809265137,5.159999847412109,5.170000076293945,0.0,16143100
2024-11-06,5.690000057220459,5.690000057220459,0.0,5.730000019073486,5.409999847412109,5.639999866485596,0.0,23398100
2024-11-07,6.949999809265137,6.949999809265137,0.0,7.079999923706055,5.864999771118164,5.909999847412109,0.0,71877000
2024-11-08,7.199999809265137,7.199999809265137,0.0,7.260000228881836,6.380000114440918,6.710000038146973,0.0,53279600
2024-11-11,7.769999980926514,7.769999980926514,0.0,7.800000190734863,6.789999961853027,7.525000095367432,0.0,69088100
2024-11-12,7.559999942779541,7.559999942779541,0.0,7.840000152587891,7.309999942779541,7.690000057220459,0.0,64318400
2024-11-13,6.269999980926514,6.269999980926514,0.0,6.75,6.059999942779541,6.599999904632568,0.0,73176400
2024-11-14,6.630000114440918,6.630000114440918,0.0,7.159999847412109,6.320000171661377,6.559999942779541,0.0,73487100
2024-11-15,6.360000133514404,6.360000133514404,0.0,6.76800012588501,6.21999979019165,6.760000228881836,0.0,35326000
2024-11-18,6.190000057220459,6.190000057220459,0.0,6.550000190734863,5.96999979019165,6.340000152587891,0.0,33692900
2024-11-19,6.510000228881836,6.510000228881836,0.0,6.71999979019165,6.039999961853027,6.070000171661377,0.0,40965800
2024-11-20,6.440000057220459,6.440000057220459,0.0,6.739999771118164,6.300000190734863,6.650000095367432,0.0,25656400
2024-11-21,6.980000019073486,6.980000019073486,0.0,7.28000020980835,6.380000114440918,6.590000152587891,0.0,71597500
2024-11-22,8.25,8.25,0.0,8.489999771118164,7.179999828338623,7.349999904632568,0.0,107908300
2024-11-25,8.029999732971191,8.029999732971191,0.0,8.869999885559082,7.869999885559082,8.800000190734863,0.0,66801200
2024-11-26,7.610000133514404,7.610000133514404,0.0,8.369999885559082,7.550000190734863,7.900000095367432,0.0,40536700
2024-11-27,7.880000114440918,7.880000114440918,0.0,7.889999866485596,7.300000190734863,7.539999961853027,0.0,32646800
2024-11-29,9.3100004196167,9.3100004196167,0.0,9.529999732971191,7.90500020980835,8.020000457763672,0.0,71312700
2024-12-02,8.949999809265137,8.949999809265137,0.0,9.539999961853027,8.789999961853027,9.199999809265137,0.0,51214800
2024-12-03,8.880000114440918,8.880000114440918,0.0,9.135000228881836,8.550000190734863,8.800000190734863,0.0,36700400
2024-12-04,10.149999618530273,10.149999618530273,0.0,10.1899995803833,8.9399995803833,9.210000038146973,0.0,85910100
2024-12-05,13.329999923706055,13.329999923706055,0.0,13.739999771118164,10.319999694824219,10.529999732971191,0.0,195550900
2024-12-06,15.010000228881836,15.010000228881836,0.0,15.100000381469727,13.180000305175781,14.180000305175781,0.0,218916400
2024-12-09,15.0600004196167,15.0600004196167,0.0,16.06999969482422,13.449999809265137,14.979999542236328,0.0,138448700
2024-12-10,14.225000381469727,14.225000381469727,0.0,15.680000305175781,13.720000267028809,14.270000457763672,0.0,89191400
2024-12-11,13.550000190734863,13.550000190734863,0.0,14.319999694824219,12.699999809265137,14.25,0.0,75342000
2024-12-12,13.670000076293945,13.670000076293945,0.0,14.300000190734863,13.020000457763672,13.069999694824219,0.0,50333400
2024-12-13,16.90999984741211,16.90999984741211,0.0,17.290000915527344,13.630000114440918,13.78499984741211,0.0,159555400
2024-12-16,19.690000534057617,19.690000534057617,0.0,19.969999313354492,16.559999465942383,17.649999618530273,0.0,176989700
2024-12-17,19.389999389648438,19.389999389648438,0.0,19.850000381469727,17.658000946044922,19.489999771118164,0.0,97825300
2024-12-18,20.844999313354492,20.844999313354492,0.0,24.079999923706055,18.950000762939453,18.979999542236328,0.0,157853900
2024-12-19,18.854999542236328,18.854999542236328,0.0,23.799999237060547,17.850000381469727,22.43000030517578,0.0,139389800
2024-12-20,21.7549991607666,21.7549991607666,0.0,21.8700008392334,17.1200008392334,18.200000762939453,0.0,115415100
2024-12-23,20.43000030517578,20.43000030517578,0.0,22.850000381469727,19.65999984741211,22.700000762939453,0.0,83195600
2024-12-24,20.239999771118164,20.239999771118164,0.0,21.299999237060547,18.850000381469727,20.485000610351562,0.0,54489000
2024-12-26,24.229999542236328,24.229999542236328,0.0,24.979999542236328,19.6299991607666,20.190000534057617,0.0,129188400
2024-12-27,23.950000762939453,23.950000762939453,0.0,24.809999465942383,22.739999771118164,24.030000686645508,0.0,75697900
2024-12-30,22.68000030517578,22.68000030517578,0.0,23.4950008392334,20.959999084472656,23.0,0.0,60253300
2024-12-31,19.84000015258789,19.84000015258789,0.0,22.68000030517578,19.312000274658203,22.559999465942383,0.0,67669400
2025-01-02,20.15999984741211,20.15999984741211,0.0,20.5,19.010000228881836,20.475000381469727,0.0,62059500
2025-01-03,20.6200008392334,20.6200008392334,0.0,22.2549991607666,19.43000030517578,19.739999771118164,0.0,77506700
2025-01-06,19.889999389648438,19.889999389648438,0.0,22.850000381469727,19.545000076293945,20.790000915527344,0.0,80965200
2025-01-07,17.975000381469727,17.975000381469727,0.0,20.459999084472656,17.5,20.149999618530273,0.0,73853700
2025-01-08,15.020000457763672,15.020000457763672,0.0,17.100000381469727,14.539999961853027,16.579999923706055,0.0,87091400
2025-01-10,14.09000015258789,14.09000015258789,0.0,14.59000015258789,13.300000190734863,14.4399995803833,0.0,56966400
2025-01-13,12.819999694824219,12.819999694824219,0.0,13.649999618530273,12.699999809265137,13.449999809265137,0.0,50791100
2025-01-14,12.789999961853027,12.789999961853027,0.0,14.40999984741211,12.40999984741211,13.5600004196167,0.0,66059500
2025-01-15,13.890000343322754,13.890000343322754,0.0,14.699999809265137,13.359999656677246,13.40999984741211,0.0,74031000
2025-01-16,13.970000267028809,13.970000267028809,0.0,14.854999542236328,13.369999885559082,14.149999618530273,0.0,63916500
2025-01-17,13.640000343322754,13.640000343322754,0.0,15.350000381469727,13.609999656677246,14.359999656677246,0.0,64830700
2025-01-21,16.520000457763672,16.520000457763672,0.0,16.549999237060547,13.399999618530273,13.850000381469727,0.0,91622600
2025-01-22,16.3799991607666,16.3799991607666,0.0,16.670000076293945,15.8100004196167,16.329999923706055,0.0,64900600
2025-01-23,16.399999618530273,16.399999618530273,0.0,17.09000015258789,15.710000038146973,16.049999237060547,0.0,53379000
2025-01-24,15.84000015258789,15.84000015258789,0.0,17.649999618530273,15.829999923706055,16.75,0.0,65384800
2025-01-27,14.069999694824219,14.069999694824219,0.0,15.369999885559082,13.800000190734863,14.149999618530273,0.0,46202900
2025-01-28,14.229999542236328,14.229999542236328,0.0,14.369999885559082,12.710000038146973,13.619999885559082,0.0,51286400
2025-01-29,13.989999771118164,13.989999771118164,0.0,14.359999656677246,13.510000228881836,14.100000381469727,0.0,28814400
2025-01-30,14.0,14.0,0.0,14.680000305175781,13.765000343322754,14.399999618530273,0.0,25773600
2025-01-31,14.149999618530273,14.149999618530273,0.0,15.229999542236328,13.9399995803833,14.350000381469727,0.0,41302400
2025-02-03,14.239999771118164,14.239999771118164,0.0,14.760000228881836,13.050000190734863,13.069999694824219,0.0,34251500
2025-02-04,15.710000038146973,15.710000038146973,0.0,16.020000457763672,14.630000114440918,14.850000381469727,0.0,52809200
2025-02-05,15.8100004196167,15.8100004196167,0.0,16.3799991607666,15.460000038146973,16.100000381469727,0.0,40821400
2025-02-06,15.779999732971191,15.779999732971191,0.0,16.59000015258789,15.289999961853027,16.15999984741211,0.0,51947000
2025-02-07,15.600000381469727,15.600000381469727,0.0,16.299999237060547,15.510000228881836,15.800000190734863,0.0,38247500
2025-02-10,15.329999923706055,15.329999923706055,0.0,15.970000267028809,14.850000381469727,15.720000267028809,0.0,35580300
2025-02-11,13.805000305175781,13.805000305175781,0.0,15.229999542236328,13.789999961853027,15.039999961853027,0.0,32656500
2025-02-12,13.970000267028809,13.970000267028809,0.0,14.298999786376953,13.359999656677246,13.625,0.0,24856500
2025-02-13,15.25,15.25,0.0,15.430000305175781,13.986000061035156,14.380000114440918,0.0,38408900
2025-02-14,10.96500015258789,10.96500015258789,0.0,11.899999618530273,10.399999618530273,11.140000343322754,0.0,177289100
2025-02-18,11.4399995803833,11.4399995803833,0.0,11.899999618530273,10.5,10.595000267028809,0.0,69921000
2025-02-19,11.069999694824219,11.069999694824219,0.0,11.920000076293945,10.960000038146973,11.5,0.0,47502600
2025-02-20,10.90999984741211,10.90999984741211,0.0,11.4350004196167,10.470000267028809,11.109999656677246,0.0,37289900
2025-02-21,10.3100004196167,10.3100004196167,0.0,11.399999618530273,10.239999771118164,11.050000190734863,0.0,34707000
2025-02-24,9.430000305175781,9.430000305175781,0.0,10.050000190734863,9.079999923706055,10.029999732971191,0.0,46583500
2025-02-25,8.899999618530273,8.899999618530273,0.0,9.329999923706055,8.489999771118164,9.279999732971191,0.0,35439500
2025-02-26,9.569999694824219,9.569999694824219,0.0,10.039999961853027,9.3100004196167,9.420000076293945,0.0,32896000
2025-02-27,9.210000038146973,9.210000038146973,0.0,10.15999984741211,9.100000381469727,10.0,0.0,58451200
2025-02-28,10.819999694824219,10.819999694824219,0.0,10.949999809265137,8.960000038146973,9.350000381469727,0.0,89482100
2025-03-03,10.319999694824219,10.319999694824219,0.0,11.65999984741211,10.12399959564209,11.270000457763672,0.0,59431200
2025-03-04,9.71500015258789,9.71500015258789,0.0,10.239999771118164,8.90999984741211,8.979999542236328,0.0,57592900
2025-03-05,10.149999618530273,10.149999618530273,0.0,10.289999961853027,9.350000381469727,9.800000190734863,0.0,29321500
2025-03-06,9.550000190734863,9.550000190734863,0.0,10.145000457763672,9.239999771118164,9.6899995803833,0.0,27059700
2025-03-07,9.739999771118164,9.739999771118164,0.0,9.890000343322754,9.029999732971191,9.479999542236328,0.0,30463400
2025-03-10,8.569999694824219,8.569999694824219,0.0,9.479999542236328,8.229999542236328,9.289999961853027,0.0,35747200
2025-03-11,8.539999961853027,8.539999961853027,0.0,8.949999809265137,8.199999809265137,8.505000114440918,0.0,29447000
2025-03-12,9.130000114440918,9.130000114440918,0.0,9.579999923706055,8.920000076293945,9.024999618530273,0.0,35964000
2025-03-13,8.90999984741211,8.90999984741211,0.0,9.420000076293945,8.729999542236328,9.229999542236328,0.0,24534200
2025-03-14,10.34000015258789,10.34000015258789,0.0,10.359999656677246,9.109999656677246,9.170000076293945,0.0,41929500
2025-03-17,10.079999923706055,10.079999923706055,0.0,10.517999649047852,9.8100004196167,10.404999732971191,0.0,27165600
2025-03-18,9.569999694824219,9.569999694824219,0.0,9.859999656677246,9.40999984741211,9.829999923706055,0.0,18336200
2025-03-19,9.850000381469727,9.850000381469727,0.0,10.029999732971191,9.484999656677246,9.729999542236328,0.0,20574300
2025-03-20,9.59000015258789,9.59000015258789,0.0,10.170000076293945,9.529999732971191,9.779999732971191,0.0,24913600
2025-03-21,9.859999656677246,9.859999656677246,0.0,10.085000038146973,9.289999961853027,9.300000190734863,0.0,26203000
2025-03-24,10.3100004196167,10.3100004196167,0.0,10.520000457763672,10.010000228881836,10.079999923706055,0.0,26561400
2025-03-25,10.199999809265137,10.199999809265137,0.0,10.494999885559082,9.960000038146973,10.279999732971191,0.0,18736700
2025-03-26,9.380000114440918,9.380000114440918,0.0,10.154999732971191,9.350000381469727,10.109999656677246,0.0,18159800
2025-03-27,8.880000114440918,8.880000114440918,0.0,9.350000381469727,8.850000381469727,9.15999984741211,0.0,15695800
2025-03-28,8.5,8.5,0.0,8.880000114440918,8.399999618530273,8.8100004196167,0.0,14956100
2025-03-31,8.119999885559082,8.119999885559082,0.0,8.25,7.760000228881836,8.069999694824219,0.0,23768900
2025-04-01,8.199999809265137,8.199999809265137,0.0,8.279999732971191,7.800000190734863,8.270000457763672,0.0,19289300
2025-04-02,8.65999984741211,8.65999984741211,0.0,9.154999732971191,7.920000076293945,7.920000076293945,0.0,28431800
2025-04-03,8.300000190734863,8.300000190734863,0.0,8.489999771118164,7.860000133514404,7.900000095367432,0.0,20145300
2025-04-04,7.320000171661377,7.320000171661377,0.0,7.860000133514404,6.75,7.835000038146973,0.0,32405900
2025-04-07,7.599999904632568,7.599999904632568,0.0,8.095000267028809,6.519999980926514,6.639999866485596,0.0,33748300
2025-04-08,7.179999828338623,7.179999828338623,0.0,8.33899974822998,7.0,8.10099983215332,0.0,32688600
2025-04-09,8.829999923706055,8.829999923706055,0.0,8.850000381469727,6.949999809265137,7.150000095367432,0.0,46295200
2025-04-10,8.199999809265137,8.199999809265137,0.0,8.460000038146973,7.849999904632568,8.34000015258789,0.0,25024300
2025-04-11,8.279999732971191,8.279999732971191,0.0,8.399999618530273,7.96999979019165,8.1899995803833,0.0,12669400
2025-04-14,8.149999618530273,8.149999618530273,0.0,8.869999885559082,8.039999961853027,8.710000038146973,0.0,18418100
2025-04-15,8.229999542236328,8.229999542236328,0.0,8.510000228881836,8.09000015258789,8.180000305175781,0.0,17050400
2025-04-16,7.760000228881836,7.760000228881836,0.0,8.0,7.550000190734863,7.989999771118164,0.0,19989200
2025-04-17,7.820000171661377,7.820000171661377,0.0,7.989999771118164,7.550000190734863,7.840000152587891,0.0,14395100
2025-04-21,7.5,7.5,0.0,7.730000019073486,7.289999961853027,7.730000019073486,0.0,17220000
2025-04-22,8.140000343322754,8.140000343322754,0.0,8.25,7.695000171661377,7.699999809265137,0.0,22060700
2025-04-23,8.75,8.75,0.0,9.0,8.59000015258789,8.6899995803833,0.0,27460300
2025-04-24,9.380000114440918,9.380000114440918,0.0,9.609999656677246,8.781999588012695,8.789999961853027,0.0,33611300
2025-04-25,9.520000457763672,9.520000457763672,0.0,9.970000267028809,9.289999961853027,9.335000038146973,0.0,26554200
2025-04-28,9.739999771118164,9.739999771118164,0.0,9.845000267028809,9.319999694824219,9.625,0.0,19771800
2025-04-29,9.470000267028809,9.470000267028809,0.0,9.739999771118164,9.420000076293945,9.6899995803833,0.0,13266300
2025-04-30,9.289999961853027,9.289999961853027,0.0,9.319999694824219,8.859999656677246,9.029999732971191,0.0,17072000
2025-05-01,9.149999618530273,9.149999618530273,0.0,9.65999984741211,9.119999885559082,9.609999656677246,0.0,17644600
2025-05-02,9.390000343322754,9.390000343322754,0.0,9.970000267028809,9.260000228881836,9.295000076293945,0.0,29309000
2025-05-05,9.1899995803833,9.1899995803833,0.0,9.4350004196167,9.149999618530273,9.289999961853027,0.0,15190700
2025-05-06,9.140000343322754,9.140000343322754,0.0,9.140000343322754,8.710000038146973,8.920000076293945,0.0,17364800
2025-05-07,9.170000076293945,9.170000076293945,0.0,9.270000457763672,9.020000457763672,9.050000190734863,0.0,16575400
2025-05-08,9.739999771118164,9.739999771118164,0.0,9.869999885559082,9.300000190734863,9.5649995803833,0.0,34317800
2025-05-09,8.979999542236328,8.979999542236328,0.0,9.9399995803833,8.920000076293945,9.699999809265137,0.0,43415600
2025-05-12,11.010000228881836,11.010000228881836,0.0,11.220000267028809,9.522000312805176,9.53499984741211,0.0,92371600
2025-05-13,11.260000228881836,11.260000228881836,0.0,11.595000267028809,10.949999809265137,11.130000114440918,0.0,51976200
2025-05-14,11.760000228881836,11.760000228881836,0.0,12.649999618530273,11.510000228881836,11.649999618530273,0.0,60243900
2025-05-15,11.010000228881836,11.010000228881836,0.0,11.619999885559082,10.899999618530273,11.430000305175781,0.0,29309000
2025-05-16,11.1899995803833,11.1899995803833,0.0,11.399999618530273,10.842000007629395,11.289999961853027,0.0,26997100
2025-05-19,10.270000457763672,10.270000457763672,0.0,10.710000038146973,10.199999809265137,10.649999618530273,0.0,37643700
2025-05-20,9.970000267028809,9.970000267028809,0.0,10.359999656677246,9.819999694824219,10.350000381469727,0.0,30337600
2025-05-21,9.470000267028809,9.470000267028809,0.0,10.170000076293945,9.369999885559082,9.729999542236328,0.0,35476700
2025-05-22,9.550000190734863,9.550000190734863,0.0,10.020000457763672,9.26200008392334,9.449999809265137,0.0,29796900
2025-05-23,9.579999923706055,9.579999923706055,0.0,9.729999542236328,9.270000457763672,9.3100004196167,0.0,21392500
2025-05-27,11.119999885559082,11.119999885559082,0.0,11.166000366210938,10.069999694824219,10.119999885559082,0.0,79246700
2025-05-28,10.970000267028809,10.970000267028809,0.0,11.140000343322754,10.569999694824219,11.130000114440918,0.0,35501800
2025-05-29,10.529999732971191,10.529999732971191,0.0,11.59000015258789,10.460000038146973,11.359999656677246,0.0,37331000
2025-05-30,10.109999656677246,10.109999656677246,0.0,10.510000228881836,9.850000381469727,10.369999885559082,0.0,26535100
2025-06-02,9.970000267028809,9.970000267028809,0.0,10.149999618530273,9.710000038146973,10.020000457763672,0.0,19999200
2025-06-03,9.930000305175781,9.930000305175781,0.0,10.4350004196167,9.84000015258789,10.25,0.0,26313200
2025-06-04,10.15999984741211,10.15999984741211,0.0,10.220000267028809,9.720000267028809,10.029999732971191,0.0,30815500
2025-06-05,9.470000267028809,9.470000267028809,0.0,10.15999984741211,9.270000457763672,10.15999984741211,0.0,34707500
2025-06-06,10.109999656677246,10.109999656677246,0.0,10.239999771118164,9.6899995803833,9.734999656677246,0.0,32307900
2025-06-09,10.020000457763672,10.020000457763672,0.0,10.510000228881836,9.90999984741211,10.380000114440918,0.0,27717100
2025-06-10,9.789999961853027,9.789999961853027,0.0,10.140000343322754,9.760000228881836,10.039999961853027,0.0,24220700
2025-06-11,9.739999771118164,9.739999771118164,0.0,10.210000038146973,9.649999618530273,9.9399995803833,0.0,26334800
2025-06-12,9.470000267028809,9.470000267028809,0.0,9.729999542236328,9.460000038146973,9.630999565124512,0.0,21634000
2025-06-13,9.100000381469727,9.100000381469727,0.0,9.380000114440918,9.010000228881836,9.079999923706055,0.0,25568600
2025-06-16,9.720000267028809,9.720000267028809,0.0,9.75,9.229999542236328,9.289999961853027,0.0,28115900
2025-06-17,9.34000015258789,9.34000015258789,0.0,9.970000267028809,9.3149995803833,9.569999694824219,0.0,27167500
2025-06-18,9.420000076293945,9.420000076293945,0.0,9.524999618530273,9.210000038146973,9.369999885559082,0.0,22874800
2025-06-20,9.569999694824219,9.569999694824219,0.0,9.649999618530273,9.199999809265137,9.524999618530273,0.0,24792500
2025-06-23,9.489999771118164,9.489999771118164,0.0,9.625,9.0600004196167,9.270000457763672,0.0,37174500
2025-06-24,9.819999694824219,9.819999694824219,0.0,10.220000267028809,9.619999885559082,9.664999961853027,0.0,48375900
2025-06-25,9.569999694824219,9.569999694824219,0.0,10.399999618530273,9.520000457763672,10.119999885559082,0.0,33640800
2025-06-26,9.920000076293945,9.920000076293945,0.0,10.1850004196167,9.59000015258789,9.65999984741211,0.0,36711800
2025-06-27,9.829999923706055,9.829999923706055,0.0,10.28499984741211,9.619999885559082,10.100000381469727,0.0,37972800
2025-06-30,10.729999542236328,10.729999542236328,0.0,10.930000305175781,10.045000076293945,10.0649995803833,0.0,64027000
2025-07-01,10.479999542236328,10.479999542236328,0.0,10.550000190734863,9.890000343322754,10.524999618530273,0.0,40563600
2025-07-02,11.25,11.25,0.0,11.34000015258789,10.5,10.5,0.0,56281500
2025-07-03,11.09000015258789,11.09000015258789,0.0,11.539999961853027,11.029999732971191,11.399999618530273,0.0,24813300
2025-07-07,11.380000114440918,11.380000114440918,0.0,11.619999885559082,10.479999542236328,10.970000267028809,0.0,41685300
2025-07-08,12.710000038146973,12.710000038146973,0.0,13.414999961853027,11.899999618530273,12.039999961853027,0.0,119154900
2025-07-09,12.899999618530273,12.899999618530273,0.0,13.289999961853027,12.420000076293945,13.199999809265137,0.0,67944100
2025-07-10,12.289999961853027,12.289999961853027,0.0,13.390000343322754,11.850000381469727,12.960000038146973,0.0,62698200
2025-07-11,11.569999694824219,11.569999694824219,0.0,12.350000381469727,11.470000267028809,12.050000190734863,0.0,38674400
2025-07-14,11.449999809265137,11.449999809265137,0.0,11.46500015258789,10.630000114440918,11.100000381469727,0.0,43897400
2025-07-15,11.300000190734863,11.300000190734863,0.0,11.729999542236328,11.140000343322754,11.710000038146973,0.0,29778500
2025-07-16,11.779999732971191,11.779999732971191,0.0,11.878000259399414,11.039999961853027,11.529999732971191,0.0,43431500
2025-07-17,12.640000343322754,12.640000343322754,0.0,12.779999732971191,11.960000038146973,11.989999771118164,0.0,52110900
2025-07-18,12.8100004196167,12.8100004196167,0.0,13.109999656677246,12.350000381469727,12.970000267028809,0.0,41741900
2025-07-21,11.699999809265137,11.699999809265137,0.0,13.555000305175781,11.680000305175781,13.0,0.0,64418200
2025-07-22,11.34000015258789,11.34000015258789,0.0,11.774999618530273,11.09000015258789,11.725000381469727,0.0,29908600
2025-07-23,12.199999809265137,12.199999809265137,0.0,12.229999542236328,11.414999961853027,11.505000114440918,0.0,36590100
2025-07-24,11.960000038146973,11.960000038146973,0.0,12.449999809265137,11.800000190734863,12.25,0.0,47295000
2025-07-25,11.710000038146973,11.710000038146973,0.0,12.005000114440918,11.510000228881836,11.994999885559082,0.0,37712400
2025-07-28,11.239999771118164,11.239999771118164,0.0,12.239999771118164,11.109999656677246,11.970000267028809,0.0,27830500
2025-07-29,10.6899995803833,10.6899995803833,0.0,11.289999961853027,10.630000114440918,11.1899995803833,0.0,27216000
2025-07-30,10.390000343322754,10.390000343322754,0.0,10.819999694824219,10.25,10.699999809265137,0.0,19763700
2025-07-31,10.329999923706055,10.329999923706055,0.0,10.960000038146973,10.319999694824219,10.670000076293945,0.0,25416800
2025-08-01,10.109999656677246,10.109999656677246,0.0,10.380000114440918,9.710000038146973,9.989999771118164,0.0,25664600
2025-08-04,10.640000343322754,10.640000343322754,0.0,10.819999694824219,10.1850004196167,10.324999809265137,0.0,24631100
2025-08-05,11.170000076293945,11.170000076293945,0.0,11.289999961853027,10.744999885559082,10.920000076293945,0.0,30589700
2025-08-06,10.800000190734863,10.800000190734863,0.0,11.199999809265137,10.600000381469727,11.170000076293945,0.0,26406800
2025-08-07,10.720000267028809,10.720000267028809,0.0,11.0600004196167,10.449999809265137,10.9399995803833,0.0,53233800
2025-08-08,13.550000190734863,13.550000190734863,0.0,14.246999740600586,12.75,13.15999984741211,0.0,206653500
2025-08-11,15.899999618530273,15.899999618530273,0.0,16.030000686645508,13.619999885559082,13.640000343322754,0.0,122148400
2025-08-12,15.979999542236328,15.979999542236328,0.0,16.489999771118164,15.569999694824219,15.850000381469727,0.0,71357800
2025-08-13,16.5,16.5,0.0,17.079999923706055,15.479999542236328,16.309999465942383,0.0,57753000
2025-08-14,16.540000915527344,16.540000915527344,0.0,16.729999542236328,15.899999618530273,16.059999465942383,0.0,46720200
2025-08-15,15.59000015258789,15.59000015258789,0.0,16.59000015258789,15.399999618530273,16.53499984741211,0.0,41057200
2025-08-18,14.819999694824219,14.819999694824219,0.0,15.489999771118164,14.279999732971191,15.380000114440918,0.0,42685900
2025-08-19,13.300000190734863,13.300000190734863,0.0,14.824999809265137,13.1899995803833,14.75,0.0,45479600
2025-08-20,12.4399995803833,12.4399995803833,0.0,13.239999771118164,12.029999732971191,13.140000343322754,0.0,42533700
2025-08-21,12.229999542236328,12.229999542236328,0.0,12.579999923706055,12.010000228881836,12.579999923706055,0.0,34168700
2025-08-22,12.5600004196167,12.5600004196167,0.0,12.779999732971191,11.8100004196167,12.15999984741211,0.0,51011100
2025-08-25,12.109999656677246,12.109999656677246,0.0,12.649999618530273,12.045000076293945,12.454000473022461,0.0,52018800
2025-08-26,12.020000457763672,12.020000457763672,0.0,12.6899995803833,11.920000076293945,12.1899995803833,0.0,69505800
2025-08-27,11.90999984741211,11.90999984741211,0.0,12.329999923706055,11.859999656677246,12.100000381469727,0.0,51890500
2025-08-28,12.529999732971191,12.529999732971191,0.0,12.760000228881836,12.069999694824219,12.069999694824219,0.0,64222100
2025-08-29,13.020000457763672,13.020000457763672,0.0,13.029999732971191,12.1899995803833,12.699999809265137,0.0,81674900
2025-09-02,13.420000076293945,13.420000076293945,0.0,13.520000457763672,12.140000343322754,12.59000015258789,0.0,81091900
2025-09-03,12.739999771118164,12.739999771118164,0.0,13.699999809265137,12.649999618530273,13.614999771118164,0.0,65324500
2025-09-04,13.289999961853027,13.289999961853027,0.0,13.4399995803833,12.65999984741211,12.720000267028809,0.0,86769700
2025-09-05,14.260000228881836,14.260000228881836,0.0,14.40999984741211,12.8100004196167,13.539999961853027,0.0,95630500
2025-09-08,15.289999961853027,15.289999961853027,0.0,15.529999732971191,14.020000457763672,14.479999542236328,0.0,112646300
2025-09-09,14.850000381469727,14.850000381469727,0.0,15.260000228881836,14.640000343322754,15.024999618530273,0.0,67708300
2025-09-10,14.050000190734863,14.050000190734863,0.0,15.1899995803833,13.90999984741211,15.09000015258789,0.0,74698800
2025-09-11,14.579999923706055,14.579999923706055,0.0,14.890000343322754,13.920000076293945,14.045000076293945,0.0,61722300
2025-09-12,14.119999885559082,14.119999885559082,0.0,14.675000190734863,14.109999656677246,14.390000343322754,0.0,46682300
2025-09-15,14.1899995803833,14.1899995803833,0.0,15.210000038146973,14.039999961853027,14.359999656677246,0.0,74520600
2025-09-16,14.6899995803833,14.6899995803833,0.0,14.720000267028809,13.739999771118164,14.34000015258789,0.0,66617800
2025-09-17,15.119999885559082,15.119999885559082,0.0,15.510000228881836,14.305000305175781,14.6850004196167,0.0,83347300
2025-09-18,15.630000114440918,15.630000114440918,0.0,16.25,14.770000457763672,15.600000381469727,0.0,84564900
2025-09-19,16.25,16.25,0.0,16.6200008392334,15.609999656677246,15.65999984741211,0.0,91711900
2025-09-22,17.309999465942383,17.309999465942383,0.0,17.649999618530273,15.545000076293945,16.0,0.0,90195700
2025-09-23,18.049999237060547,18.049999237060547,0.0,19.329999923706055,17.219999313354492,17.774999618530273,0.0,120299600
2025-09-24,17.780000686645508,17.780000686645508,0.0,18.299999237060547,17.399999618530273,18.024999618530273,0.0,63478400
2025-09-25,16.350000381469727,16.350000381469727,0.0,17.29599952697754,15.819999694824219,16.84000015258789,0.0,71742200
2025-09-26,15.9399995803833,15.9399995803833,0.0,16.868000030517578,15.680000305175781,16.454999923706055,0.0,44432800
2025-09-29,15.680000305175781,15.680000305175781,0.0,16.270000457763672,15.510000228881836,16.113000869750977,0.0,49711900
2025-09-30,16.079999923706055,16.079999923706055,0.0,16.135000228881836,15.300000190734863,15.574999809265137,0.0,57885900
2025-10-01,16.149999618530273,16.149999618530273,0.0,16.489999771118164,15.699999809265137,16.06999969482422,0.0,60330700
2025-10-02,17.84000015258789,17.84000015258789,0.0,18.389999389648438,16.450000762939453,16.549999237060547,0.0,86701700
2025-10-03,17.850000381469727,17.850000381469727,0.0,19.100000381469727,17.290000915527344,18.09000015258789,0.0,74999200
2025-10-06,18.25,18.25,0.0,18.899999618530273,17.834999084472656,18.18000030517578,0.0,51638100
2025-10-07,18.200000762939453,18.200000762939453,0.0,18.795000076293945,17.299999237060547,18.6200008392334,0.0,47525700
2025-10-08,18.8799991607666,18.8799991607666,0.0,20.075000762939453,18.290000915527344,18.420000076293945,0.0,100252900
2025-10-09,18.579999923706055,18.579999923706055,0.0,19.209999084472656,18.434999465942383,19.03499984741211,0.0,44906200
2025-10-10,17.360000610351562,17.360000610351562,0.0,19.204999923706055,17.323999404907227,18.739999771118164,0.0,57335700
2025-10-13,19.139999389648438,19.139999389648438,0.0,19.385000228881836,17.790000915527344,17.920000076293945,0.0,56562800
2025-10-14,20.860000610351562,20.860000610351562,0.0,21.530000686645508,18.520000457763672,18.56999969482422,0.0,77114200
2025-10-15,21.399999618530273,21.399999618530273,0.0,21.8799991607666,20.214000701904297,21.649999618530273,0.0,54906500
2025-10-16,20.760000228881836,20.760000228881836,0.0,22.170000076293945,20.219999313354492,21.690000534057617,0.0,42603000
2025-10-17,19.020000457763672,19.020000457763672,0.0,20.399999618530273,18.530000686645508,19.94499969482422,0.0,47521800
2025-10-20,19.059999465942383,19.059999465942383,0.0,20.170000076293945,18.875,19.684999465942383,0.0,33849300
2025-10-21,18.229999542236328,18.229999542236328,0.0,19.350000381469727,18.010000228881836,18.950000762939453,0.0,43437400
2025-10-22,17.760000228881836,17.760000228881836,0.0,18.170000076293945,16.559999465942383,17.93000030517578,0.0,43563800
2025-10-23,18.239999771118164,18.239999771118164,0.0,18.700000762939453,17.709999084472656,17.889999389648438,0.0,28190000
2025-10-24,17.979999542236328,17.979999542236328,0.0,18.979999542236328,17.90999984741211,18.719999313354492,0.0,28596600
2025-10-27,18.329999923706055,18.329999923706055,0.0,19.09000015258789,18.15999984741211,18.530000686645508,0.0,24917100
2025-10-28,17.709999084472656,17.709999084472656,0.0,18.760000228881836,17.549999237060547,18.3700008392334,0.0,31267000
2025-10-29,18.149999618530273,18.149999618530273,0.0,18.358999252319336,17.350000381469727,17.84000015258789,0.0,30301100
2025-10-30,16.8700008392334,16.8700008392334,0.0,17.93000030517578,16.860000610351562,17.690000534057617,0.0,31318000
2025-10-31,17.6200008392334,17.6200008392334,0.0,17.674999237060547,16.799999237060547,17.270000457763672,0.0,28277600
2025-11-03,17.110000610351562,17.110000610351562,0.0,17.850000381469727,16.420000076293945,17.674999237060547,0.0,36075600
2025-11-04,15.130000114440918,15.130000114440918,0.0,16.562000274658203,15.029999732971191,16.239999771118164,0.0,48168100
2025-11-05,15.720000267028809,15.720000267028809,0.0,15.720000267028809,15.010000228881836,15.5600004196167,0.0,28137200
2025-11-06,14.229999542236328,14.229999542236328,0.0,15.680000305175781,14.225000381469727,15.510000228881836,0.0,44665100
2025-11-07,14.140000343322754,14.140000343322754,0.0,14.800000190734863,13.71500015258789,14.114999771118164,0.0,49784400
2025-11-10,14.40999984741211,14.40999984741211,0.0,14.97700023651123,14.140000343322754,14.96500015258789,0.0,36662300
2025-11-11,13.4399995803833,13.4399995803833,0.0,14.300000190734863,13.300000190734863,14.300000190734863,0.0,31265000
2025-11-12,13.239999771118164,13.239999771118164,0.0,13.869999885559082,13.210000038146973,13.664999961853027,0.0,28068500
2025-11-13,12.220000267028809,12.220000267028809,0.0,13.010000228881836,11.869999885559082,12.994999885559082,0.0,43405700
2025-11-14,12.170000076293945,12.170000076293945,0.0,12.489999771118164,11.545000076293945,11.694999694824219,0.0,28158400
2025-11-17,11.430000305175781,11.430000305175781,0.0,12.154999732971191,11.270000457763672,11.960000038146973,0.0,29540800
2025-11-18,11.529999732971191,11.529999732971191,0.0,11.75,10.970000267028809,11.1899995803833,0.0,32819100
2025-11-19,11.630000114440918,11.630000114440918,0.0,12.010000228881836,11.375,11.65999984741211,0.0,26398800
2025-11-20,11.289999961853027,11.289999961853027,0.0,13.1899995803833,11.25,12.470000267028809,0.0,53625900
2025-11-21,11.220000267028809,11.220000267028809,0.0,11.470000267028809,10.350000381469727,11.220000267028809,0.0,51738300
2025-11-24,11.949999809265137,11.949999809265137,0.0,11.984999656677246,11.289999961853027,11.390000343322754,0.0,24625800
2025-11-25,11.9399995803833,11.9399995803833,0.0,12.15999984741211,11.359999656677246,11.760000228881836,0.0,19137700
2025-11-26,11.819999694824219,11.819999694824219,0.0,12.229999542236328,11.779999732971191,12.100000381469727,0.0,19967100
2025-11-28,12.050000190734863,12.050000190734863,0.0,12.140000343322754,11.800000190734863,11.949999809265137,0.0,11085900
2025-12-01,11.520000457763672,11.520000457763672,0.0,12.020000457763672,11.4399995803833,11.710000038146973,0.0,22757400
2025-12-02,11.220000267028809,11.220000267028809,0.0,12.100000381469727,11.210000038146973,11.770000457763672,0.0,22016500
2025-12-03,11.779999732971191,11.779999732971191,0.0,11.800000190734863,10.960000038146973,11.130000114440918,0.0,20472800
2025-12-04,12.800000190734863,12.800000190734863,0.0,12.979999542236328,11.640000343322754,11.6899995803833,0.0,29987600
2025-12-05,12.760000228881836,12.760000228881836,0.0,12.949999809265137,12.5,12.680000305175781,0.0,18291400
2025-12-08,12.680000305175781,12.680000305175781,0.0,13.119999885559082,12.510000228881836,13.039999961853027,0.0,16470400
2025-12-09,12.3100004196167,12.3100004196167,0.0,12.737000465393066,12.274999618530273,12.51200008392334,0.0,25259300
2025-12-10,12.210000038146973,12.210000038146973,0.0,12.470000267028809,11.989999771118164,12.255000114440918,0.0,21337700
2025-12-11,12.029999732971191,12.029999732971191,0.0,12.029999732971191,11.520999908447266,12.0,0.0,22662900
2025-12-12,11.649999618530273,11.649999618530273,0.0,12.640000343322754,11.479999542236328,12.239999771118164,0.0,27359300
2025-12-15,10.789999961853027,10.789999961853027,0.0,11.699000358581543,10.720000267028809,11.670000076293945,0.0,27790800
2025-12-16,11.109999656677246,11.109999656677246,0.0,11.149999618530273,10.550000190734863,10.550000190734863,0.0,18461100
2025-12-17,10.989999771118164,10.989999771118164,0.0,11.550000190734863,10.970000267028809,11.229999542236328,0.0,22703900
2025-12-18,10.890000343322754,10.890000343322754,0.0,11.550000190734863,10.84000015258789,11.329999923706055,0.0,20931500
2025-12-19,11.020000457763672,11.020000457763672,0.0,11.15999984741211,10.8100004196167,10.989999771118164,0.0,24213000
2025-12-22,11.270000457763672,11.270000457763672,0.0,11.524999618530273,11.069999694824219,11.149999618530273,0.0,17767400
2025-12-23,11.0,11.0,0.0,11.149999618530273,10.772000312805176,11.0600004196167,0.0,17619900
2025-12-24,10.899999618530273,10.899999618530273,0.0,11.020000457763672,10.760000228881836,10.960000038146973,0.0,10470800
2025-12-26,10.699999809265137,10.699999809265137,0.0,10.920000076293945,10.520000457763672,10.890000343322754,0.0,17999700
2025-12-29,10.40999984741211,10.40999984741211,0.0,10.789999961853027,10.291000366210938,10.470000267028809,0.0,21160100
2025-12-30,10.039999961853027,10.039999961853027,0.0,10.529999732971191,10.024999618530273,10.449999809265137,0.0,22299400
2025-12-31,9.970000267028809,9.970000267028809,0.0,10.071999549865723,9.859999656677246,10.0,0.0,23644600
2026-01-02,10.600000381469727,10.600000381469727,0.0,10.625,10.140000343322754,10.289999961853027,0.0,27204200
2026-01-05,11.0,11.0,0.0,11.28499984741211,10.529999732971191,10.75,0.0,25729100
2026-01-06,11.229999542236328,11.229999542236328,0.0,11.281000137329102,10.739999771118164,11.085000038146973,0.0,28352800
2026-01-07,11.0600004196167,11.0600004196167,0.0,11.489999771118164,10.960000038146973,11.460000038146973,0.0,22517500
2026-01-08,11.020000457763672,11.020000457763672,0.0,11.15999984741211,10.609999656677246,10.979999542236328,0.0,27671400
2026-01-09,11.75,11.75,0.0,12.3100004196167,11.289999961853027,11.289999961853027,0.0,39276900
2026-01-12,11.569999694824219,11.569999694824219,0.0,12.095000267028809,11.460000038146973,12.029999732971191,0.0,39628800
2026-01-13,11.079999923706055,11.079999923706055,0.0,11.600000381469727,10.90999984741211,11.550000190734863,0.0,30587300
2026-01-14,11.279999732971191,11.279999732971191,0.0,11.300000190734863,10.800000190734863,10.90999984741211,0.0,26566800
2026-01-15,10.920000076293945,10.920000076293945,0.0,11.380000114440918,10.899999618530273,11.279999732971191,0.0,25775900
2026-01-16,11.100000381469727,11.100000381469727,0.0,11.479999542236328,10.930000305175781,10.991999626159668,0.0,24601700
2026-01-20,10.449999809265137,10.449999809265137,0.0,10.899999618530273,10.399999618530273,10.645000457763672,0.0,25517800
2026-01-21,10.619999885559082,10.619999885559082,0.0,10.789999961853027,10.100000381469727,10.574999809265137,0.0,25178300
2026-01-22,10.899999618530273,10.899999618530273,0.0,10.930000305175781,10.635000228881836,10.720000267028809,0.0,20580100
2026-01-23,10.329999923706055,10.329999923706055,0.0,10.96500015258789,10.170000076293945,10.925000190734863,0.0,26553600
2026-01-26,9.84000015258789,9.84000015258789,0.0,10.324999809265137,9.800000190734863,10.28499984741211,0.0,22043900
2026-01-27,9.9399995803833,9.9399995803833,0.0,10.0,9.529999732971191,9.9399995803833,0.0,22815000
2026-01-28,9.6899995803833,9.6899995803833,0.0,10.100000381469727,9.630000114440918,10.050000190734863,0.0,21146100
2026-01-29,9.079999923706055,9.079999923706055,0.0,9.645000457763672,8.944999694824219,9.600000381469727,0.0,23875600
2026-01-30,8.460000038146973,8.460000038146973,0.0,9.03499984741211,8.329999923706055,9.0,0.0,29064200
2026-02-02,8.420000076293945,8.420000076293945,0.0,8.574999809265137,8.210000038146973,8.40999984741211,0.0,23807100
2026-02-03,8.260000228881836,8.260000228881836,0.0,8.574999809265137,7.914999961853027,8.574999809265137,0.0,29913600
2026-02-04,8.069999694824219,8.069999694824219,0.0,8.199999809265137,7.565000057220459,8.180000305175781,0.0,37317900
2026-02-05,7.349999904632568,7.349999904632568,0.0,7.960000038146973,7.260000228881836,7.880000114440918,0.0,31964500
2026-02-06,8.5600004196167,8.5600004196167,0.0,8.760000228881836,7.553999900817871,7.630000114440918,0.0,31456600
2026-02-09,8.8100004196167,8.8100004196167,0.0,8.9399995803833,8.329999923706055,8.40999984741211,0.0,24494400
2026-02-10,8.25,8.25,0.0,9.0,8.229999542236328,8.829999923706055,0.0,24208800
2026-02-11,7.960000038146973,7.960000038146973,0.0,8.399999618530273,7.579999923706055,8.359999656677246,0.0,30939700
2026-02-12,7.460000038146973,7.460000038146973,0.0,7.896999835968018,7.335000038146973,7.869999885559082,0.0,25259100
2026-02-13,7.460000038146973,7.460000038146973,0.0,7.769999980926514,7.420000076293945,7.679999828338623,0.0,19113900
2026-02-17,7.320000171661377,7.320000171661377,0.0,7.46999979019165,7.039999961853027,7.329999923706055,0.0,18728900
2026-02-18,7.539999961853027,7.539999961853027,0.0,7.670000076293945,7.204999923706055,7.320000171661377,0.0,18289400
2026-02-19,7.829999923706055,7.829999923706055,0.0,7.849999904632568,7.320000171661377,7.409999847412109,0.0,13713700
2026-02-20,7.820000171661377,7.820000171661377,0.0,8.135000228881836,7.630000114440918,7.659999847412109,0.0,19392100
2026-02-23,7.829999923706055,7.829999923706055,0.0,7.940000057220459,7.480000019073486,7.635000228881836,0.0,28688000
2026-02-24,8.359999656677246,8.359999656677246,0.0,8.477999687194824,7.739999771118164,7.840000152587891,0.0,36588900
2026-02-25,8.520000457763672,8.520000457763672,0.0,8.835000038146973,8.489999771118164,8.649999618530273,0.0,30962900
2026-02-26,8.979999542236328,8.979999542236328,0.0,9.100000381469727,8.5600004196167,8.640000343322754,0.0,43983500
2026-02-27,8.600000381469727,8.600000381469727,0.0,9.300000190734863,8.529999732971191,9.029999732971191,0.0,47420900
2026-03-02,8.619999885559082,8.619999885559082,0.0,8.649999618530273,7.78000020980835,7.945000171661377,0.0,31140800
2026-03-03,8.510000228881836,8.510000228881836,0.0,8.625,8.15999984741211,8.229999542236328,0.0,20893600
2026-03-04,8.15999984741211,8.15999984741211,0.0,8.699999809265137,8.149999618530273,8.579999923706055,0.0,19100000
2026-03-05,8.270000457763672,8.270000457763672,0.0,8.470000267028809,7.900000095367432,8.104999542236328,0.0,25497400
2026-03-06,8.069999694824219,8.069999694824219,0.0,8.489999771118164,8.0,8.0,0.0,26713500
2026-03-09,8.220000267028809,8.220000267028809,0.0,8.239999771118164,7.599999904632568,7.945000171661377,0.0,24416200
2026-03-10,7.900000095367432,7.900000095367432,0.0,8.34000015258789,7.880000114440918,8.210000038146973,0.0,25383900
2026-03-11,7.789999961853027,7.789999961853027,0.0,8.069999694824219,7.739999771118164,7.909999847412109,0.0,26346400
2026-03-12,7.46999979019165,7.46999979019165,0.0,7.75600004196167,7.429999828338623,7.670000076293945,0.0,19545200
2026-03-13,7.300000190734863,7.300000190734863,0.0,7.809999942779541,7.150000095367432,7.614999771118164,0.0,29568000
2026-03-16,7.539999961853027,7.539999961853027,0.0,7.695000171661377,7.340000152587891,7.53000020980835,0.0,44718600
2026-03-17,7.820000171661377,7.820000171661377,0.0,7.96999979019165,7.489999771118164,7.505000114440918,0.0,39585400
2026-03-18,7.389999866485596,7.389999866485596,0.0,7.78000020980835,7.364999771118164,7.699999809265137,0.0,20851500
2026-03-19,6.875,6.875,0.0,7.130000114440918,6.650000095367432,7.119999885559082,0.0,36333100
2026-03-20,6.550000190734863,6.550000190734863,0.0,6.920000076293945,6.46999979019165,6.820000171661377,0.0,30002000
2026-03-23,6.889999866485596,6.889999866485596,0.0,6.940000057220459,6.610000133514404,6.724999904632568,0.0,23322600
2026-03-24,6.360000133514404,6.360000133514404,0.0,6.809999942779541,6.360000133514404,6.699999809265137,0.0,22370300
2026-03-25,6.480000019073486,6.480000019073486,0.0,6.650000095367432,6.340000152587891,6.550000190734863,0.0,27140600
2026-03-26,6.059999942779541,6.059999942779541,0.0,6.420000076293945,6.054999828338623,6.349999904632568,0.0,16236200
2026-03-27,5.900000095367432,5.900000095367432,0.0,6.070000171661377,5.860000133514404,5.960000038146973,0.0,15022500
2026-03-30,6.03000020980835,6.03000020980835,0.0,6.125,5.829999923706055,5.989999771118164,0.0,19294400
2026-03-31,6.869999885559082,6.869999885559082,0.0,6.940000057220459,6.139999866485596,6.230000019073486,0.0,26481500
2026-04-01,6.679999828338623,6.679999828338623,0.0,7.170000076293945,6.639999866485596,7.074999809265137,0.0,19369600
2026-04-02,6.78000020980835,6.78000020980835,0.0,6.800000190734863,6.340000152587891,6.389999866485596,0.0,12846900
2026-04-06,6.699999809265137,6.699999809265137,0.0,7.0,6.659999847412109,6.820000171661377,0.0,14253500
2026-04-07,6.699999809265137,6.699999809265137,0.0,6.710000038146973,6.320000171661377,6.550000190734863,0.0,17412600
2026-04-08,6.789999961853027,6.789999961853027,0.0,7.510000228881836,6.735000133514404,7.380000114440918,0.0,21450300
2026-04-09,6.550000190734863,6.550000190734863,0.0,6.789999961853027,6.53000020980835,6.695000171661377,0.0,14409300
2026-04-10,6.429999828338623,6.429999828338623,0.0,6.699999809265137,6.360000133514404,6.579999923706055,0.0,17429700
2026-04-13,6.840000152587891,6.840000152587891,0.0,6.869999885559082,6.21999979019165,6.300000190734863,0.0,17622300
2026-04-14,6.96999979019165,6.96999979019165,0.0,7.139999866485596,6.920000076293945,7.070000171661377,0.0,20860200
2026-04-15,7.849999904632568,7.849999904632568,0.0,7.940000057220459,7.179999828338623,7.195000171661377,0.0,42077000
2026-04-16,7.699999809265137,7.699999809265137,0.0,8.180000305175781,7.679999828338623,8.140000343322754,0.0,43491900
2026-04-17,8.079999923706055,8.079999923706055,0.0,8.180000305175781,7.840000152587891,8.03499984741211,0.0,30766700
2026-04-20,8.319999694824219,8.319999694824219,0.0,8.350000381469727,7.849999904632568,7.910999774932861,0.0,25475700
2026-04-21,7.849999904632568,7.849999904632568,0.0,8.9399995803833,7.789999961853027,8.850000381469727,0.0,55768800
2026-04-22,8.220000267028809,8.220000267028809,0.0,8.430000305175781,7.920000076293945,8.079999923706055,0.0,35114400
2026-04-23,7.820000171661377,7.820000171661377,0.0,8.208999633789062,7.679999828338623,8.100000381469727,0.0,29723300
2026-04-24,8.1899995803833,8.1899995803833,0.0,8.385000228881836,7.769999980926514,7.994999885559082,0.0,29001400
2026-04-27,8.15999984741211,8.15999984741211,0.0,8.1899995803833,7.940000057220459,8.098999977111816,0.0,21916800
2026-04-28,8.0600004196167,8.0600004196167,0.0,8.220000267028809,7.900000095367432,8.104999542236328,0.0,19549600
2026-04-29,7.710000038146973,7.710000038146973,0.0,8.005000114440918,7.579999923706055,8.001999855041504,0.0,23311100
2026-04-30,7.960000038146973,7.960000038146973,0.0,8.0,7.650000095367432,7.760000228881836,0.0,20258600
2026-05-01,9.5600004196167,9.5600004196167,0.0,9.600000381469727,8.0600004196167,8.095000267028809,0.0,68465700
2026-05-04,9.470000267028809,9.470000267028809,0.0,10.045000076293945,9.319999694824219,9.539999961853027,0.0,52223100
2026-05-05,9.140000343322754,9.140000343322754,0.0,9.59000015258789,8.914999961853027,9.579999923706055,0.0,31290800
2026-05-06,9.369999885559082,9.369999885559082,0.0,9.399999618530273,8.9399995803833,9.15999984741211,0.0,29641700
2026-05-07,9.630000114440918,9.630000114440918,0.0,9.720000267028809,9.109999656677246,9.489999771118164,0.0,50337400
2026-05-08,8.880000114440918,8.880000114440918,0.0,8.920000076293945,8.350000381469727,8.6850004196167,0.0,49273000
2026-05-11,8.449999809265137,8.449999809265137,0.0,8.779999732971191,8.359999656677246,8.720000267028809,0.0,35610500
2026-05-12,8.0600004196167,8.0600004196167,0.0,8.319999694824219,7.849999904632568,8.305000305175781,0.0,28658000
2026-05-13,8.420000076293945,8.420000076293945,0.0,8.600000381469727,7.869999885559082,7.920000076293945,0.0,28111600
2026-05-14,8.520000457763672,8.520000457763672,0.0,8.550000190734863,8.180000305175781,8.449999809265137,0.0,18854000
2026-05-15,8.40999984741211,8.40999984741211,0.0,8.649999618530273,8.15999984741211,8.279999732971191,0.0,18483600
2026-05-18,8.350000381469727,8.350000381469727,0.0,8.414999961853027,8.050000190734863,8.289999961853027,0.0,18477700
2026-05-19,8.449999809265137,8.449999809265137,0.0,8.53499984741211,8.114999771118164,8.25,0.0,20309300
2026-05-20,8.449999809265137,8.449999809265137,0.0,8.595000267028809,8.319999694824219,8.460000038146973,0.0,19378800
2026-05-21,8.319999694824219,8.319999694824219,0.0,8.380000114440918,8.170000076293945,8.359999656677246,0.0,23230600
2026-05-22,8.170000076293945,8.170000076293945,0.0,8.84000015258789,8.09000015258789,8.319999694824219,0.0,32945200
2026-05-26,8.130000114440918,8.130000114440918,0.0,8.4399995803833,8.119999885559082,8.199999809265137,0.0,23227500
2026-05-27,8.079999923706055,8.079999923706055,0.0,8.244999885559082,7.929999828338623,8.100000381469727,0.0,17840300
2026-05-28,8.5600004196167,8.5600004196167,0.0,8.779999732971191,7.945000171661377,8.015000343322754,0.0,28426400
2026-05-29,9.0,9.0,0.0,9.220000267028809,8.600000381469727,8.9350004196167,0.0,40816700
2026-06-01,9.25,9.25,0.0,9.520000457763672,8.8149995803833,9.024999618530273,0.0,34031700
2026-06-02,8.819999694824219,8.819999694824219,0.0,9.15999984741211,8.760000228881836,8.979999542236328,0.0,29468000
2026-06-03,8.079999923706055,8.079999923706055,0.0,8.65999984741211,8.069999694824219,8.649999618530273,0.0,28785500
2026-06-04,8.010000228881836,8.010000228881836,0.0,8.260000228881836,8.010000228881836,8.079999923706055,0.0,17686200
2026-06-05,7.389999866485596,7.389999866485596,0.0,7.940000057220459,7.210000038146973,7.900000095367432,0.0,31724800
