Date,ticker,source,Open,High,Low,Close,Adj Close,Volume,Dividends,Stock Splits,adj_factor,adj_open,adj_close
2021-02-04,CXAI,yfinance,10.25,10.48799991607666,10.25,10.369999885559082,10.369999885559082,48300,0.0,0.0,1.0,10.25,10.369999885559082
2021-02-05,CXAI,yfinance,10.43000030517578,10.470000267028809,10.170000076293944,10.229999542236328,10.229999542236328,293700,0.0,0.0,1.0,10.43000030517578,10.229999542236328
2021-02-08,CXAI,yfinance,10.220000267028809,10.31999969482422,10.170000076293944,10.260000228881836,10.260000228881836,678100,0.0,0.0,1.0,10.220000267028809,10.260000228881836
2021-02-09,CXAI,yfinance,10.300000190734863,10.300000190734863,10.210000038146973,10.25,10.25,183600,0.0,0.0,1.0,10.300000190734863,10.25
2021-02-10,CXAI,yfinance,10.260000228881836,10.270000457763672,10.15999984741211,10.229999542236328,10.229999542236328,436300,0.0,0.0,1.0,10.260000228881836,10.229999542236328
2021-02-11,CXAI,yfinance,10.25,10.289999961853027,10.170000076293944,10.229999542236328,10.229999542236328,167100,0.0,0.0,1.0,10.25,10.229999542236328
2021-02-12,CXAI,yfinance,10.229999542236328,10.34000015258789,10.229999542236328,10.300000190734863,10.300000190734863,138700,0.0,0.0,1.0,10.229999542236328,10.300000190734863
2021-02-16,CXAI,yfinance,10.25,10.3100004196167,10.220000267028809,10.25,10.25,35800,0.0,0.0,1.0,10.25,10.25
2021-02-17,CXAI,yfinance,10.25,10.329999923706056,10.25,10.31999969482422,10.31999969482422,45000,0.0,0.0,1.0,10.25,10.31999969482422
2021-02-18,CXAI,yfinance,10.229999542236328,10.369999885559082,10.210000038146973,10.350000381469728,10.350000381469728,58400,0.0,0.0,1.0,10.229999542236328,10.350000381469728
2021-02-19,CXAI,yfinance,10.380000114440918,10.479999542236328,10.3100004196167,10.40999984741211,10.40999984741211,56100,0.0,0.0,1.0,10.380000114440918,10.40999984741211
2021-02-22,CXAI,yfinance,10.489999771118164,10.489999771118164,10.239999771118164,10.270000457763672,10.270000457763672,358600,0.0,0.0,1.0,10.489999771118164,10.270000457763672
2021-02-23,CXAI,yfinance,10.199999809265137,10.300000190734863,10.149999618530272,10.260000228881836,10.260000228881836,261300,0.0,0.0,1.0,10.199999809265137,10.260000228881836
2021-02-24,CXAI,yfinance,10.25,10.300000190734863,10.18000030517578,10.220000267028809,10.220000267028809,57600,0.0,0.0,1.0,10.25,10.220000267028809
2021-02-25,CXAI,yfinance,10.227999687194824,10.25,10.149999618530272,10.229999542236328,10.229999542236328,223800,0.0,0.0,1.0,10.227999687194824,10.229999542236328
2021-02-26,CXAI,yfinance,10.199999809265137,10.199999809265137,10.0600004196167,10.140000343322754,10.140000343322754,155800,0.0,0.0,1.0,10.199999809265137,10.140000343322754
2021-03-01,CXAI,yfinance,10.199999809265137,10.199999809265137,10.020000457763672,10.095000267028809,10.095000267028809,124300,0.0,0.0,1.0,10.199999809265137,10.095000267028809
2021-03-02,CXAI,yfinance,10.100000381469728,10.100000381469728,9.970000267028809,9.989999771118164,9.989999771118164,198500,0.0,0.0,1.0,10.100000381469728,9.989999771118164
2021-03-03,CXAI,yfinance,10.010000228881836,10.050000190734863,9.989999771118164,10.008999824523926,10.008999824523926,106500,0.0,0.0,1.0,10.010000228881836,10.008999824523926
2021-03-04,CXAI,yfinance,9.970000267028809,9.987000465393066,9.8100004196167,9.949999809265137,9.949999809265137,517300,0.0,0.0,1.0,9.970000267028809,9.949999809265137
2021-03-05,CXAI,yfinance,9.970000267028809,9.970000267028809,9.800000190734863,9.949999809265137,9.949999809265137,284400,0.0,0.0,1.0,9.970000267028809,9.949999809265137
2021-03-08,CXAI,yfinance,9.90999984741211,9.979999542236328,9.90999984741211,9.949999809265137,9.949999809265137,74400,0.0,0.0,1.0,9.90999984741211,9.949999809265137
2021-03-09,CXAI,yfinance,9.920000076293944,9.960000038146973,9.899999618530272,9.9399995803833,9.9399995803833,34100,0.0,0.0,1.0,9.920000076293944,9.9399995803833
2021-03-10,CXAI,yfinance,9.93000030517578,9.960000038146973,9.850000381469728,9.880000114440918,9.880000114440918,1295800,0.0,0.0,1.0,9.93000030517578,9.880000114440918
2021-03-11,CXAI,yfinance,9.880000114440918,9.920000076293944,9.880000114440918,9.880000114440918,9.880000114440918,464300,0.0,0.0,1.0,9.880000114440918,9.880000114440918
2021-03-12,CXAI,yfinance,9.899999618530272,9.93000030517578,9.880000114440918,9.880000114440918,9.880000114440918,535100,0.0,0.0,1.0,9.899999618530272,9.880000114440918
2021-03-15,CXAI,yfinance,9.899999618530272,9.899999618530272,9.859999656677246,9.869999885559082,9.869999885559082,164400,0.0,0.0,1.0,9.899999618530272,9.869999885559082
2021-03-16,CXAI,yfinance,9.880000114440918,9.928999900817873,9.829999923706056,9.829999923706056,9.829999923706056,177100,0.0,0.0,1.0,9.880000114440918,9.829999923706056
2021-03-17,CXAI,yfinance,9.899999618530272,9.899999618530272,9.829999923706056,9.850000381469728,9.850000381469728,36900,0.0,0.0,1.0,9.899999618530272,9.850000381469728
2021-03-18,CXAI,yfinance,9.850000381469728,9.850000381469728,9.8100004196167,9.850000381469728,9.850000381469728,200900,0.0,0.0,1.0,9.850000381469728,9.850000381469728
2021-03-19,CXAI,yfinance,9.84000015258789,9.880000114440918,9.8100004196167,9.869999885559082,9.869999885559082,99100,0.0,0.0,1.0,9.84000015258789,9.869999885559082
2021-03-22,CXAI,yfinance,9.869999885559082,9.869999885559082,9.81999969482422,9.850000381469728,9.850000381469728,32300,0.0,0.0,1.0,9.869999885559082,9.850000381469728
2021-03-23,CXAI,yfinance,9.81999969482422,9.850000381469728,9.800000190734863,9.81999969482422,9.81999969482422,106800,0.0,0.0,1.0,9.81999969482422,9.81999969482422
2021-03-24,CXAI,yfinance,9.821999549865724,9.850000381469728,9.81999969482422,9.829999923706056,9.829999923706056,167400,0.0,0.0,1.0,9.821999549865724,9.829999923706056
2021-03-25,CXAI,yfinance,9.720000267028809,9.859999656677246,9.649999618530272,9.829999923706056,9.829999923706056,126100,0.0,0.0,1.0,9.720000267028809,9.829999923706056
2021-03-26,CXAI,yfinance,9.800000190734863,9.880000114440918,9.800000190734863,9.81999969482422,9.81999969482422,140900,0.0,0.0,1.0,9.800000190734863,9.81999969482422
2021-03-29,CXAI,yfinance,9.84000015258789,9.845000267028809,9.81999969482422,9.81999969482422,9.81999969482422,19600,0.0,0.0,1.0,9.84000015258789,9.81999969482422
2021-03-30,CXAI,yfinance,9.81999969482422,9.850000381469728,9.779999732971191,9.829999923706056,9.829999923706056,1104600,0.0,0.0,1.0,9.81999969482422,9.829999923706056
2021-03-31,CXAI,yfinance,9.84000015258789,9.861000061035156,9.8100004196167,9.8100004196167,9.8100004196167,11000,0.0,0.0,1.0,9.84000015258789,9.8100004196167
2021-04-01,CXAI,yfinance,9.800000190734863,9.890000343322754,9.800000190734863,9.880000114440918,9.880000114440918,9100,0.0,0.0,1.0,9.800000190734863,9.880000114440918
2021-04-05,CXAI,yfinance,9.859999656677246,9.963000297546388,9.859999656677246,9.899999618530272,9.899999618530272,29700,0.0,0.0,1.0,9.859999656677246,9.899999618530272
2021-04-06,CXAI,yfinance,9.899999618530272,9.899999618530272,9.880000114440918,9.880000114440918,9.880000114440918,25000,0.0,0.0,1.0,9.899999618530272,9.880000114440918
2021-04-07,CXAI,yfinance,9.902999877929688,9.902999877929688,9.829999923706056,9.880000114440918,9.880000114440918,2700,0.0,0.0,1.0,9.902999877929688,9.880000114440918
2021-04-08,CXAI,yfinance,9.869999885559082,9.899999618530272,9.869999885559082,9.899999618530272,9.899999618530272,14900,0.0,0.0,1.0,9.869999885559082,9.899999618530272
2021-04-09,CXAI,yfinance,9.880000114440918,10.0,9.880000114440918,9.960000038146973,9.960000038146973,50500,0.0,0.0,1.0,9.880000114440918,9.960000038146973
2021-04-12,CXAI,yfinance,9.9399995803833,10.0,9.920000076293944,9.949999809265137,9.949999809265137,3300,0.0,0.0,1.0,9.9399995803833,9.949999809265137
2021-04-13,CXAI,yfinance,9.904999732971191,9.949999809265137,9.8100004196167,9.949999809265137,9.949999809265137,30400,0.0,0.0,1.0,9.904999732971191,9.949999809265137
2021-04-14,CXAI,yfinance,9.914999961853027,9.914999961853027,9.890000343322754,9.890000343322754,9.890000343322754,22300,0.0,0.0,1.0,9.914999961853027,9.890000343322754
2021-04-15,CXAI,yfinance,9.890000343322754,9.9399995803833,9.869999885559082,9.9399995803833,9.9399995803833,1500,0.0,0.0,1.0,9.890000343322754,9.9399995803833
2021-04-16,CXAI,yfinance,9.970000267028809,9.970000267028809,9.850000381469728,9.880000114440918,9.880000114440918,237500,0.0,0.0,1.0,9.970000267028809,9.880000114440918
2021-04-19,CXAI,yfinance,9.880000114440918,9.899999618530272,9.859999656677246,9.899999618530272,9.899999618530272,106400,0.0,0.0,1.0,9.880000114440918,9.899999618530272
2021-04-20,CXAI,yfinance,9.880000114440918,10.039999961853027,9.880000114440918,9.949999809265137,9.949999809265137,37600,0.0,0.0,1.0,9.880000114440918,9.949999809265137
2021-04-21,CXAI,yfinance,9.880000114440918,9.880000114440918,9.8100004196167,9.869999885559082,9.869999885559082,23500,0.0,0.0,1.0,9.880000114440918,9.869999885559082
2021-04-22,CXAI,yfinance,9.890000343322754,9.9399995803833,9.869999885559082,9.90999984741211,9.90999984741211,163700,0.0,0.0,1.0,9.890000343322754,9.90999984741211
2021-04-23,CXAI,yfinance,9.854999542236328,9.890000343322754,9.854999542236328,9.890000343322754,9.890000343322754,9700,0.0,0.0,1.0,9.854999542236328,9.890000343322754
2021-04-26,CXAI,yfinance,9.850000381469728,9.902999877929688,9.850000381469728,9.899999618530272,9.899999618530272,8100,0.0,0.0,1.0,9.850000381469728,9.899999618530272
2021-04-27,CXAI,yfinance,9.859999656677246,9.960000038146973,9.859999656677246,9.93000030517578,9.93000030517578,22500,0.0,0.0,1.0,9.859999656677246,9.93000030517578
2021-04-28,CXAI,yfinance,9.93000030517578,9.93000030517578,9.93000030517578,9.93000030517578,9.93000030517578,0,0.0,0.0,1.0,9.93000030517578,9.93000030517578
2021-04-29,CXAI,yfinance,9.899999618530272,9.93000030517578,9.859999656677246,9.895000457763672,9.895000457763672,12000,0.0,0.0,1.0,9.899999618530272,9.895000457763672
2021-04-30,CXAI,yfinance,9.899999618530272,9.90999984741211,9.859999656677246,9.899999618530272,9.899999618530272,4000,0.0,0.0,1.0,9.899999618530272,9.899999618530272
2021-05-03,CXAI,yfinance,9.890000343322754,9.890000343322754,9.859999656677246,9.890000343322754,9.890000343322754,21700,0.0,0.0,1.0,9.890000343322754,9.890000343322754
2021-05-04,CXAI,yfinance,9.907999992370604,9.9399995803833,9.869999885559082,9.869999885559082,9.869999885559082,8000,0.0,0.0,1.0,9.907999992370604,9.869999885559082
2021-05-05,CXAI,yfinance,9.869999885559082,9.920000076293944,9.869999885559082,9.920000076293944,9.920000076293944,70900,0.0,0.0,1.0,9.869999885559082,9.920000076293944
2021-05-06,CXAI,yfinance,9.871000289916992,9.880000114440918,9.869999885559082,9.880000114440918,9.880000114440918,132700,0.0,0.0,1.0,9.871000289916992,9.880000114440918
2021-05-07,CXAI,yfinance,9.869999885559082,9.899999618530272,9.869999885559082,9.890000343322754,9.890000343322754,14200,0.0,0.0,1.0,9.869999885559082,9.890000343322754
2021-05-10,CXAI,yfinance,9.869999885559082,9.899999618530272,9.869999885559082,9.899999618530272,9.899999618530272,60300,0.0,0.0,1.0,9.869999885559082,9.899999618530272
2021-05-11,CXAI,yfinance,9.850000381469728,9.890000343322754,9.850000381469728,9.880000114440918,9.880000114440918,18800,0.0,0.0,1.0,9.850000381469728,9.880000114440918
2021-05-12,CXAI,yfinance,9.855999946594238,9.880000114440918,9.855999946594238,9.869999885559082,9.869999885559082,1700,0.0,0.0,1.0,9.855999946594238,9.869999885559082
2021-05-13,CXAI,yfinance,9.859999656677246,9.880000114440918,9.829999923706056,9.869999885559082,9.869999885559082,63900,0.0,0.0,1.0,9.859999656677246,9.869999885559082
2021-05-14,CXAI,yfinance,9.859999656677246,9.869999885559082,9.850000381469728,9.869999885559082,9.869999885559082,800,0.0,0.0,1.0,9.859999656677246,9.869999885559082
2021-05-17,CXAI,yfinance,9.850000381469728,9.869999885559082,9.850000381469728,9.869999885559082,9.869999885559082,251800,0.0,0.0,1.0,9.850000381469728,9.869999885559082
2021-05-18,CXAI,yfinance,9.869999885559082,9.869999885559082,9.84000015258789,9.850000381469728,9.850000381469728,122300,0.0,0.0,1.0,9.869999885559082,9.850000381469728
2021-05-19,CXAI,yfinance,9.880000114440918,9.880000114440918,9.84000015258789,9.84000015258789,9.84000015258789,16200,0.0,0.0,1.0,9.880000114440918,9.84000015258789
2021-05-20,CXAI,yfinance,9.84000015258789,9.850000381469728,9.779999732971191,9.850000381469728,9.850000381469728,328300,0.0,0.0,1.0,9.84000015258789,9.850000381469728
2021-05-21,CXAI,yfinance,9.880000114440918,9.880000114440918,9.80799961090088,9.81999969482422,9.81999969482422,1200,0.0,0.0,1.0,9.880000114440918,9.81999969482422
2021-05-24,CXAI,yfinance,9.850000381469728,9.850000381469728,9.800000190734863,9.800000190734863,9.800000190734863,48600,0.0,0.0,1.0,9.850000381469728,9.800000190734863
2021-05-25,CXAI,yfinance,9.800000190734863,9.84000015258789,9.800000190734863,9.800000190734863,9.800000190734863,20000,0.0,0.0,1.0,9.800000190734863,9.800000190734863
2021-05-26,CXAI,yfinance,9.869999885559082,9.899999618530272,9.800000190734863,9.859999656677246,9.859999656677246,22200,0.0,0.0,1.0,9.869999885559082,9.859999656677246
2021-05-27,CXAI,yfinance,9.8100004196167,9.869999885559082,9.800000190734863,9.850000381469728,9.850000381469728,12700,0.0,0.0,1.0,9.8100004196167,9.850000381469728
2021-05-28,CXAI,yfinance,9.859999656677246,9.899999618530272,9.829999923706056,9.899999618530272,9.899999618530272,26100,0.0,0.0,1.0,9.859999656677246,9.899999618530272
2021-06-01,CXAI,yfinance,9.880000114440918,9.90999984741211,9.850000381469728,9.899999618530272,9.899999618530272,12100,0.0,0.0,1.0,9.880000114440918,9.899999618530272
2021-06-02,CXAI,yfinance,9.859999656677246,9.890000343322754,9.829999923706056,9.887999534606934,9.887999534606934,2500,0.0,0.0,1.0,9.859999656677246,9.887999534606934
2021-06-03,CXAI,yfinance,9.869999885559082,9.869999885559082,9.850000381469728,9.869999885559082,9.869999885559082,4900,0.0,0.0,1.0,9.869999885559082,9.869999885559082
2021-06-04,CXAI,yfinance,9.869999885559082,9.869999885559082,9.869999885559082,9.869999885559082,9.869999885559082,0,0.0,0.0,1.0,9.869999885559082,9.869999885559082
2021-06-07,CXAI,yfinance,9.880000114440918,9.880000114440918,9.84000015258789,9.880000114440918,9.880000114440918,35500,0.0,0.0,1.0,9.880000114440918,9.880000114440918
2021-06-08,CXAI,yfinance,9.850000381469728,9.880000114440918,9.850000381469728,9.880000114440918,9.880000114440918,7700,0.0,0.0,1.0,9.850000381469728,9.880000114440918
2021-06-09,CXAI,yfinance,9.869999885559082,9.890000343322754,9.869999885559082,9.890000343322754,9.890000343322754,53900,0.0,0.0,1.0,9.869999885559082,9.890000343322754
2021-06-10,CXAI,yfinance,9.890000343322754,9.899999618530272,9.880000114440918,9.880000114440918,9.880000114440918,23100,0.0,0.0,1.0,9.890000343322754,9.880000114440918
2021-06-11,CXAI,yfinance,9.899999618530272,9.907999992370604,9.869999885559082,9.890000343322754,9.890000343322754,23600,0.0,0.0,1.0,9.899999618530272,9.890000343322754
2021-06-14,CXAI,yfinance,9.890000343322754,9.899999618530272,9.850000381469728,9.899999618530272,9.899999618530272,131500,0.0,0.0,1.0,9.890000343322754,9.899999618530272
2021-06-15,CXAI,yfinance,9.899999618530272,9.899999618530272,9.859999656677246,9.880000114440918,9.880000114440918,5700,0.0,0.0,1.0,9.899999618530272,9.880000114440918
2021-06-16,CXAI,yfinance,9.880000114440918,9.880000114440918,9.880000114440918,9.880000114440918,9.880000114440918,0,0.0,0.0,1.0,9.880000114440918,9.880000114440918
2021-06-17,CXAI,yfinance,9.880000114440918,9.890000343322754,9.859999656677246,9.890000343322754,9.890000343322754,7900,0.0,0.0,1.0,9.880000114440918,9.890000343322754
2021-06-18,CXAI,yfinance,9.920000076293944,9.920000076293944,9.890000343322754,9.920000076293944,9.920000076293944,1100,0.0,0.0,1.0,9.920000076293944,9.920000076293944
2021-06-21,CXAI,yfinance,9.890000343322754,9.899999618530272,9.890000343322754,9.899999618530272,9.899999618530272,5700,0.0,0.0,1.0,9.890000343322754,9.899999618530272
2021-06-22,CXAI,yfinance,9.890000343322754,9.899999618530272,9.800000190734863,9.890000343322754,9.890000343322754,50000,0.0,0.0,1.0,9.890000343322754,9.890000343322754
2021-06-23,CXAI,yfinance,9.859999656677246,9.890000343322754,9.859999656677246,9.890000343322754,9.890000343322754,121700,0.0,0.0,1.0,9.859999656677246,9.890000343322754
2021-06-24,CXAI,yfinance,9.880000114440918,9.890000343322754,9.880000114440918,9.890000343322754,9.890000343322754,25200,0.0,0.0,1.0,9.880000114440918,9.890000343322754
2021-06-25,CXAI,yfinance,9.880000114440918,9.890000343322754,9.859999656677246,9.880000114440918,9.880000114440918,4200,0.0,0.0,1.0,9.880000114440918,9.880000114440918
2021-06-28,CXAI,yfinance,9.869999885559082,9.869999885559082,9.8100004196167,9.859999656677246,9.859999656677246,53700,0.0,0.0,1.0,9.869999885559082,9.859999656677246
2021-06-29,CXAI,yfinance,9.850000381469728,9.869999885559082,9.850000381469728,9.850000381469728,9.850000381469728,719000,0.0,0.0,1.0,9.850000381469728,9.850000381469728
2021-06-30,CXAI,yfinance,9.850000381469728,9.869999885559082,9.850000381469728,9.859999656677246,9.859999656677246,4000,0.0,0.0,1.0,9.850000381469728,9.859999656677246
2021-07-01,CXAI,yfinance,9.850000381469728,9.880000114440918,9.850000381469728,9.880000114440918,9.880000114440918,24700,0.0,0.0,1.0,9.850000381469728,9.880000114440918
2021-07-02,CXAI,yfinance,9.859999656677246,9.880000114440918,9.859999656677246,9.869999885559082,9.869999885559082,9800,0.0,0.0,1.0,9.859999656677246,9.869999885559082
2021-07-06,CXAI,yfinance,9.850000381469728,9.869999885559082,9.850000381469728,9.869999885559082,9.869999885559082,57500,0.0,0.0,1.0,9.850000381469728,9.869999885559082
2021-07-07,CXAI,yfinance,9.850000381469728,9.850000381469728,9.850000381469728,9.850000381469728,9.850000381469728,300,0.0,0.0,1.0,9.850000381469728,9.850000381469728
2021-07-08,CXAI,yfinance,9.850000381469728,9.890000343322754,9.850000381469728,9.880000114440918,9.880000114440918,10300,0.0,0.0,1.0,9.850000381469728,9.880000114440918
2021-07-09,CXAI,yfinance,9.890000343322754,9.890000343322754,9.859999656677246,9.869999885559082,9.869999885559082,1800,0.0,0.0,1.0,9.890000343322754,9.869999885559082
2021-07-12,CXAI,yfinance,9.869999885559082,9.880000114440918,9.869999885559082,9.880000114440918,9.880000114440918,26400,0.0,0.0,1.0,9.869999885559082,9.880000114440918
2021-07-13,CXAI,yfinance,9.878000259399414,9.890000343322754,9.878000259399414,9.880000114440918,9.880000114440918,8700,0.0,0.0,1.0,9.878000259399414,9.880000114440918
2021-07-14,CXAI,yfinance,9.869999885559082,9.899999618530272,9.859999656677246,9.885000228881836,9.885000228881836,36500,0.0,0.0,1.0,9.869999885559082,9.885000228881836
2021-07-15,CXAI,yfinance,9.869999885559082,9.890000343322754,9.869999885559082,9.890000343322754,9.890000343322754,3500,0.0,0.0,1.0,9.869999885559082,9.890000343322754
2021-07-16,CXAI,yfinance,9.890000343322754,9.899999618530272,9.869999885559082,9.880000114440918,9.880000114440918,13900,0.0,0.0,1.0,9.890000343322754,9.880000114440918
2021-07-19,CXAI,yfinance,9.880000114440918,9.880000114440918,9.880000114440918,9.880000114440918,9.880000114440918,300,0.0,0.0,1.0,9.880000114440918,9.880000114440918
2021-07-20,CXAI,yfinance,9.869999885559082,9.885000228881836,9.869999885559082,9.885000228881836,9.885000228881836,5600,0.0,0.0,1.0,9.869999885559082,9.885000228881836
2021-07-21,CXAI,yfinance,9.869999885559082,9.890000343322754,9.869999885559082,9.890000343322754,9.890000343322754,600,0.0,0.0,1.0,9.869999885559082,9.890000343322754
2021-07-22,CXAI,yfinance,9.890000343322754,9.890000343322754,9.890000343322754,9.890000343322754,9.890000343322754,200,0.0,0.0,1.0,9.890000343322754,9.890000343322754
2021-07-23,CXAI,yfinance,9.880000114440918,9.899999618530272,9.880000114440918,9.890000343322754,9.890000343322754,3900,0.0,0.0,1.0,9.880000114440918,9.890000343322754
2021-07-26,CXAI,yfinance,9.869999885559082,9.899999618530272,9.800000190734863,9.859999656677246,9.859999656677246,42600,0.0,0.0,1.0,9.869999885559082,9.859999656677246
2021-07-27,CXAI,yfinance,9.859999656677246,9.859999656677246,9.859999656677246,9.859999656677246,9.859999656677246,300,0.0,0.0,1.0,9.859999656677246,9.859999656677246
2021-07-28,CXAI,yfinance,9.859999656677246,9.890000343322754,9.859999656677246,9.880000114440918,9.880000114440918,3200,0.0,0.0,1.0,9.859999656677246,9.880000114440918
2021-07-29,CXAI,yfinance,9.869999885559082,9.899999618530272,9.859999656677246,9.899999618530272,9.899999618530272,5000,0.0,0.0,1.0,9.869999885559082,9.899999618530272
2021-07-30,CXAI,yfinance,9.880000114440918,9.890000343322754,9.880000114440918,9.880000114440918,9.880000114440918,10700,0.0,0.0,1.0,9.880000114440918,9.880000114440918
2021-08-02,CXAI,yfinance,9.869999885559082,9.869999885559082,9.869999885559082,9.869999885559082,9.869999885559082,4200,0.0,0.0,1.0,9.869999885559082,9.869999885559082
2021-08-03,CXAI,yfinance,9.869999885559082,9.869999885559082,9.859999656677246,9.859999656677246,9.859999656677246,1700,0.0,0.0,1.0,9.869999885559082,9.859999656677246
2021-08-04,CXAI,yfinance,9.850000381469728,9.869999885559082,9.850000381469728,9.869999885559082,9.869999885559082,6100,0.0,0.0,1.0,9.850000381469728,9.869999885559082
2021-08-05,CXAI,yfinance,9.859999656677246,9.859999656677246,9.859999656677246,9.859999656677246,9.859999656677246,100,0.0,0.0,1.0,9.859999656677246,9.859999656677246
2021-08-06,CXAI,yfinance,9.850000381469728,9.890000343322754,9.850000381469728,9.880000114440918,9.880000114440918,9800,0.0,0.0,1.0,9.850000381469728,9.880000114440918
2021-08-09,CXAI,yfinance,9.869999885559082,9.90999984741211,9.869999885559082,9.899999618530272,9.899999618530272,3200,0.0,0.0,1.0,9.869999885559082,9.899999618530272
2021-08-10,CXAI,yfinance,9.880000114440918,9.880000114440918,9.8100004196167,9.829999923706056,9.829999923706056,34100,0.0,0.0,1.0,9.880000114440918,9.829999923706056
2021-08-11,CXAI,yfinance,9.847999572753906,9.869999885559082,9.84000015258789,9.859999656677246,9.859999656677246,4200,0.0,0.0,1.0,9.847999572753906,9.859999656677246
2021-08-12,CXAI,yfinance,9.859999656677246,9.869999885559082,9.850000381469728,9.859999656677246,9.859999656677246,1455800,0.0,0.0,1.0,9.859999656677246,9.859999656677246
2021-08-13,CXAI,yfinance,9.850000381469728,9.880000114440918,9.8100004196167,9.850000381469728,9.850000381469728,119200,0.0,0.0,1.0,9.850000381469728,9.850000381469728
2021-08-16,CXAI,yfinance,9.850000381469728,9.859999656677246,9.850000381469728,9.854999542236328,9.854999542236328,179800,0.0,0.0,1.0,9.850000381469728,9.854999542236328
2021-08-17,CXAI,yfinance,9.850000381469728,9.859999656677246,9.850000381469728,9.850000381469728,9.850000381469728,17500,0.0,0.0,1.0,9.850000381469728,9.850000381469728
2021-08-18,CXAI,yfinance,9.850000381469728,9.880000114440918,9.84000015258789,9.850000381469728,9.850000381469728,308900,0.0,0.0,1.0,9.850000381469728,9.850000381469728
2021-08-19,CXAI,yfinance,9.850000381469728,9.869999885559082,9.850000381469728,9.869999885559082,9.869999885559082,20200,0.0,0.0,1.0,9.850000381469728,9.869999885559082
2021-08-20,CXAI,yfinance,9.859999656677246,9.890000343322754,9.859999656677246,9.869999885559082,9.869999885559082,9300,0.0,0.0,1.0,9.859999656677246,9.869999885559082
2021-08-23,CXAI,yfinance,9.859999656677246,9.890000343322754,9.859999656677246,9.880000114440918,9.880000114440918,16200,0.0,0.0,1.0,9.859999656677246,9.880000114440918
2021-08-24,CXAI,yfinance,9.880000114440918,9.890000343322754,9.880000114440918,9.890000343322754,9.890000343322754,23700,0.0,0.0,1.0,9.880000114440918,9.890000343322754
2021-08-25,CXAI,yfinance,9.880000114440918,9.890000343322754,9.880000114440918,9.890000343322754,9.890000343322754,23500,0.0,0.0,1.0,9.880000114440918,9.890000343322754
2021-08-26,CXAI,yfinance,9.850000381469728,9.890000343322754,9.8100004196167,9.859999656677246,9.859999656677246,67400,0.0,0.0,1.0,9.850000381469728,9.859999656677246
2021-08-27,CXAI,yfinance,9.880000114440918,9.899999618530272,9.880000114440918,9.899999618530272,9.899999618530272,16600,0.0,0.0,1.0,9.880000114440918,9.899999618530272
2021-08-30,CXAI,yfinance,9.880000114440918,9.899999618530272,9.880000114440918,9.899999618530272,9.899999618530272,5000,0.0,0.0,1.0,9.880000114440918,9.899999618530272
2021-08-31,CXAI,yfinance,9.880000114440918,9.920000076293944,9.869999885559082,9.880000114440918,9.880000114440918,24600,0.0,0.0,1.0,9.880000114440918,9.880000114440918
2021-09-01,CXAI,yfinance,9.880000114440918,9.880000114440918,9.880000114440918,9.880000114440918,9.880000114440918,0,0.0,0.0,1.0,9.880000114440918,9.880000114440918
2021-09-02,CXAI,yfinance,9.890000343322754,9.9399995803833,9.890000343322754,9.925000190734863,9.925000190734863,111400,0.0,0.0,1.0,9.890000343322754,9.925000190734863
2021-09-03,CXAI,yfinance,9.899999618530272,9.93000030517578,9.899999618530272,9.93000030517578,9.93000030517578,80400,0.0,0.0,1.0,9.899999618530272,9.93000030517578
2021-09-07,CXAI,yfinance,9.920000076293944,9.93000030517578,9.918999671936035,9.920000076293944,9.920000076293944,47700,0.0,0.0,1.0,9.920000076293944,9.920000076293944
2021-09-08,CXAI,yfinance,9.920000076293944,9.9399995803833,9.920000076293944,9.93000030517578,9.93000030517578,12900,0.0,0.0,1.0,9.920000076293944,9.93000030517578
2021-09-09,CXAI,yfinance,9.920000076293944,9.93000030517578,9.920000076293944,9.93000030517578,9.93000030517578,24800,0.0,0.0,1.0,9.920000076293944,9.93000030517578
2021-09-10,CXAI,yfinance,9.93000030517578,9.93000030517578,9.93000030517578,9.93000030517578,9.93000030517578,0,0.0,0.0,1.0,9.93000030517578,9.93000030517578
2021-09-13,CXAI,yfinance,9.906999588012695,9.906999588012695,9.906999588012695,9.906999588012695,9.906999588012695,500,0.0,0.0,1.0,9.906999588012695,9.906999588012695
2021-09-14,CXAI,yfinance,9.920000076293944,9.9350004196167,9.920000076293944,9.9350004196167,9.9350004196167,504100,0.0,0.0,1.0,9.920000076293944,9.9350004196167
2021-09-15,CXAI,yfinance,9.899999618530272,9.9399995803833,9.890000343322754,9.93000030517578,9.93000030517578,11800,0.0,0.0,1.0,9.899999618530272,9.93000030517578
2021-09-16,CXAI,yfinance,9.9399995803833,9.9399995803833,9.93000030517578,9.9399995803833,9.9399995803833,403800,0.0,0.0,1.0,9.9399995803833,9.9399995803833
2021-09-17,CXAI,yfinance,9.949999809265137,9.949999809265137,9.899999618530272,9.899999618530272,9.899999618530272,1100,0.0,0.0,1.0,9.949999809265137,9.899999618530272
2021-09-20,CXAI,yfinance,9.920000076293944,9.920000076293944,9.920000076293944,9.920000076293944,9.920000076293944,200,0.0,0.0,1.0,9.920000076293944,9.920000076293944
2021-09-21,CXAI,yfinance,9.93299961090088,9.93299961090088,9.93299961090088,9.93299961090088,9.93299961090088,100,0.0,0.0,1.0,9.93299961090088,9.93299961090088
2021-09-22,CXAI,yfinance,9.93000030517578,9.949999809265137,9.93000030517578,9.949999809265137,9.949999809265137,14800,0.0,0.0,1.0,9.93000030517578,9.949999809265137
2021-09-23,CXAI,yfinance,9.899999618530272,9.9399995803833,9.899999618530272,9.93000030517578,9.93000030517578,8800,0.0,0.0,1.0,9.899999618530272,9.93000030517578
2021-09-24,CXAI,yfinance,9.920000076293944,9.989999771118164,9.920000076293944,9.989999771118164,9.989999771118164,258200,0.0,0.0,1.0,9.920000076293944,9.989999771118164
2021-09-27,CXAI,yfinance,9.925000190734863,9.970000267028809,9.920000076293944,9.9399995803833,9.9399995803833,19300,0.0,0.0,1.0,9.925000190734863,9.9399995803833
2021-09-28,CXAI,yfinance,9.9399995803833,9.960000038146973,9.9399995803833,9.960000038146973,9.960000038146973,51100,0.0,0.0,1.0,9.9399995803833,9.960000038146973
2021-09-29,CXAI,yfinance,9.960000038146973,9.970000267028809,9.960000038146973,9.970000267028809,9.970000267028809,15800,0.0,0.0,1.0,9.960000038146973,9.970000267028809
2021-09-30,CXAI,yfinance,9.93000030517578,9.94499969482422,9.925000190734863,9.9399995803833,9.9399995803833,17600,0.0,0.0,1.0,9.93000030517578,9.9399995803833
2021-10-01,CXAI,yfinance,9.9399995803833,9.970000267028809,9.90999984741211,9.949999809265137,9.949999809265137,274300,0.0,0.0,1.0,9.9399995803833,9.949999809265137
2021-10-04,CXAI,yfinance,9.949999809265137,9.970000267028809,9.93000030517578,9.9399995803833,9.9399995803833,24800,0.0,0.0,1.0,9.949999809265137,9.9399995803833
2021-10-05,CXAI,yfinance,9.93000030517578,9.9399995803833,9.93000030517578,9.9399995803833,9.9399995803833,800,0.0,0.0,1.0,9.93000030517578,9.9399995803833
2021-10-06,CXAI,yfinance,9.93000030517578,9.9399995803833,9.93000030517578,9.9399995803833,9.9399995803833,79500,0.0,0.0,1.0,9.93000030517578,9.9399995803833
2021-10-07,CXAI,yfinance,9.94499969482422,9.970000267028809,9.93000030517578,9.949999809265137,9.949999809265137,37700,0.0,0.0,1.0,9.94499969482422,9.949999809265137
2021-10-08,CXAI,yfinance,9.949999809265137,9.970000267028809,9.949999809265137,9.970000267028809,9.970000267028809,1000,0.0,0.0,1.0,9.949999809265137,9.970000267028809
2021-10-11,CXAI,yfinance,9.95300006866455,9.95300006866455,9.95300006866455,9.95300006866455,9.95300006866455,100,0.0,0.0,1.0,9.95300006866455,9.95300006866455
2021-10-12,CXAI,yfinance,9.949999809265137,9.960000038146973,9.949999809265137,9.954999923706056,9.954999923706056,1200,0.0,0.0,1.0,9.949999809265137,9.954999923706056
2021-10-13,CXAI,yfinance,9.960000038146973,9.970000267028809,9.949999809265137,9.970000267028809,9.970000267028809,13300,0.0,0.0,1.0,9.960000038146973,9.970000267028809
2021-10-14,CXAI,yfinance,9.961000442504885,9.970000267028809,9.960000038146973,9.960000038146973,9.960000038146973,1600,0.0,0.0,1.0,9.961000442504885,9.960000038146973
2021-10-15,CXAI,yfinance,9.970000267028809,9.970000267028809,9.949999809265137,9.970000267028809,9.970000267028809,4000,0.0,0.0,1.0,9.970000267028809,9.970000267028809
2021-10-18,CXAI,yfinance,9.970000267028809,9.970000267028809,9.94499969482422,9.94499969482422,9.94499969482422,134300,0.0,0.0,1.0,9.970000267028809,9.94499969482422
2021-10-19,CXAI,yfinance,9.949999809265137,9.960000038146973,9.949999809265137,9.960000038146973,9.960000038146973,262700,0.0,0.0,1.0,9.949999809265137,9.960000038146973
2021-10-20,CXAI,yfinance,9.9399995803833,9.9399995803833,9.9399995803833,9.9399995803833,9.9399995803833,9000,0.0,0.0,1.0,9.9399995803833,9.9399995803833
2021-10-21,CXAI,yfinance,9.94499969482422,9.970000267028809,9.94499969482422,9.949999809265137,9.949999809265137,76100,0.0,0.0,1.0,9.94499969482422,9.949999809265137
2021-10-22,CXAI,yfinance,9.949999809265137,9.949999809265137,9.944000244140623,9.944000244140623,9.944000244140623,102600,0.0,0.0,1.0,9.949999809265137,9.944000244140623
2021-10-25,CXAI,yfinance,9.949999809265137,9.979999542236328,9.9399995803833,9.979999542236328,9.979999542236328,29000,0.0,0.0,1.0,9.949999809265137,9.979999542236328
2021-10-26,CXAI,yfinance,9.989999771118164,9.989999771118164,9.9399995803833,9.960000038146973,9.960000038146973,3300,0.0,0.0,1.0,9.989999771118164,9.960000038146973
2021-10-27,CXAI,yfinance,9.9399995803833,9.958000183105469,9.9399995803833,9.9399995803833,9.9399995803833,5700,0.0,0.0,1.0,9.9399995803833,9.9399995803833
2021-10-28,CXAI,yfinance,9.949999809265137,9.970000267028809,9.9399995803833,9.970000267028809,9.970000267028809,134300,0.0,0.0,1.0,9.949999809265137,9.970000267028809
2021-10-29,CXAI,yfinance,9.93000030517578,9.970000267028809,9.93000030517578,9.970000267028809,9.970000267028809,5500,0.0,0.0,1.0,9.93000030517578,9.970000267028809
2021-11-01,CXAI,yfinance,9.970000267028809,9.970000267028809,9.970000267028809,9.970000267028809,9.970000267028809,0,0.0,0.0,1.0,9.970000267028809,9.970000267028809
2021-11-02,CXAI,yfinance,9.975000381469728,9.989999771118164,9.9399995803833,9.970000267028809,9.970000267028809,17600,0.0,0.0,1.0,9.975000381469728,9.970000267028809
2021-11-03,CXAI,yfinance,9.954999923706056,9.979999542236328,9.954999923706056,9.979999542236328,9.979999542236328,3800,0.0,0.0,1.0,9.954999923706056,9.979999542236328
2021-11-04,CXAI,yfinance,9.9399995803833,9.9399995803833,9.9399995803833,9.9399995803833,9.9399995803833,500,0.0,0.0,1.0,9.9399995803833,9.9399995803833
2021-11-05,CXAI,yfinance,9.970000267028809,9.979999542236328,9.960000038146973,9.970000267028809,9.970000267028809,7600,0.0,0.0,1.0,9.970000267028809,9.970000267028809
2021-11-08,CXAI,yfinance,9.960000038146973,9.960000038146973,9.960000038146973,9.960000038146973,9.960000038146973,2600,0.0,0.0,1.0,9.960000038146973,9.960000038146973
2021-11-09,CXAI,yfinance,9.989999771118164,9.989999771118164,9.989999771118164,9.989999771118164,9.989999771118164,900,0.0,0.0,1.0,9.989999771118164,9.989999771118164
2021-11-10,CXAI,yfinance,9.960000038146973,9.989999771118164,9.960000038146973,9.989999771118164,9.989999771118164,800,0.0,0.0,1.0,9.960000038146973,9.989999771118164
2021-11-11,CXAI,yfinance,9.979999542236328,9.979999542236328,9.965999603271484,9.965999603271484,9.965999603271484,1100,0.0,0.0,1.0,9.979999542236328,9.965999603271484
2021-11-12,CXAI,yfinance,9.965999603271484,9.965999603271484,9.965999603271484,9.965999603271484,9.965999603271484,0,0.0,0.0,1.0,9.965999603271484,9.965999603271484
2021-11-15,CXAI,yfinance,9.965999603271484,9.965999603271484,9.965999603271484,9.965999603271484,9.965999603271484,0,0.0,0.0,1.0,9.965999603271484,9.965999603271484
2021-11-16,CXAI,yfinance,9.960000038146973,9.979999542236328,9.9399995803833,9.979999542236328,9.979999542236328,34700,0.0,0.0,1.0,9.960000038146973,9.979999542236328
2021-11-17,CXAI,yfinance,9.960000038146973,9.979999542236328,9.960000038146973,9.960000038146973,9.960000038146973,17400,0.0,0.0,1.0,9.960000038146973,9.960000038146973
2021-11-18,CXAI,yfinance,9.960000038146973,9.960000038146973,9.960000038146973,9.960000038146973,9.960000038146973,0,0.0,0.0,1.0,9.960000038146973,9.960000038146973
2021-11-19,CXAI,yfinance,9.963000297546388,9.970000267028809,9.963000297546388,9.970000267028809,9.970000267028809,4200,0.0,0.0,1.0,9.963000297546388,9.970000267028809
2021-11-22,CXAI,yfinance,9.960000038146973,9.960000038146973,9.960000038146973,9.960000038146973,9.960000038146973,2200,0.0,0.0,1.0,9.960000038146973,9.960000038146973
2021-11-23,CXAI,yfinance,9.970000267028809,9.970000267028809,9.970000267028809,9.970000267028809,9.970000267028809,81200,0.0,0.0,1.0,9.970000267028809,9.970000267028809
2021-11-24,CXAI,yfinance,9.970000267028809,9.970999717712402,9.949999809265137,9.970000267028809,9.970000267028809,4600,0.0,0.0,1.0,9.970000267028809,9.970000267028809
2021-11-26,CXAI,yfinance,9.970000267028809,9.970000267028809,9.960000038146973,9.970000267028809,9.970000267028809,1200,0.0,0.0,1.0,9.970000267028809,9.970000267028809
2021-11-29,CXAI,yfinance,9.970000267028809,10.005000114440918,9.963000297546388,9.979999542236328,9.979999542236328,123900,0.0,0.0,1.0,9.970000267028809,9.979999542236328
2021-11-30,CXAI,yfinance,9.989999771118164,10.010000228881836,9.979999542236328,9.979999542236328,9.979999542236328,77700,0.0,0.0,1.0,9.989999771118164,9.979999542236328
2021-12-01,CXAI,yfinance,10.0,10.0,10.0,10.0,10.0,20500,0.0,0.0,1.0,10.0,10.0
2021-12-02,CXAI,yfinance,9.979999542236328,9.979999542236328,9.979999542236328,9.979999542236328,9.979999542236328,1200,0.0,0.0,1.0,9.979999542236328,9.979999542236328
2021-12-03,CXAI,yfinance,9.970000267028809,9.979999542236328,9.970000267028809,9.979999542236328,9.979999542236328,7300,0.0,0.0,1.0,9.970000267028809,9.979999542236328
2021-12-06,CXAI,yfinance,9.979999542236328,9.989999771118164,9.979999542236328,9.989999771118164,9.989999771118164,6400,0.0,0.0,1.0,9.979999542236328,9.989999771118164
2021-12-07,CXAI,yfinance,9.979999542236328,9.979999542236328,9.979999542236328,9.979999542236328,9.979999542236328,5500,0.0,0.0,1.0,9.979999542236328,9.979999542236328
2021-12-08,CXAI,yfinance,9.979999542236328,9.979999542236328,9.979999542236328,9.979999542236328,9.979999542236328,0,0.0,0.0,1.0,9.979999542236328,9.979999542236328
2021-12-09,CXAI,yfinance,9.979999542236328,9.989999771118164,9.979999542236328,9.989999771118164,9.989999771118164,8700,0.0,0.0,1.0,9.979999542236328,9.989999771118164
2021-12-10,CXAI,yfinance,9.994999885559082,9.994999885559082,9.979999542236328,9.984999656677246,9.984999656677246,8200,0.0,0.0,1.0,9.994999885559082,9.984999656677246
2021-12-13,CXAI,yfinance,9.979999542236328,9.979999542236328,9.979999542236328,9.979999542236328,9.979999542236328,1200,0.0,0.0,1.0,9.979999542236328,9.979999542236328
2021-12-14,CXAI,yfinance,9.980999946594238,9.980999946594238,9.980999946594238,9.980999946594238,9.980999946594238,2700,0.0,0.0,1.0,9.980999946594238,9.980999946594238
2021-12-15,CXAI,yfinance,9.970000267028809,9.979999542236328,9.970000267028809,9.979999542236328,9.979999542236328,3800,0.0,0.0,1.0,9.970000267028809,9.979999542236328
2021-12-16,CXAI,yfinance,9.979999542236328,9.979999542236328,9.970000267028809,9.970000267028809,9.970000267028809,21100,0.0,0.0,1.0,9.979999542236328,9.970000267028809
2021-12-17,CXAI,yfinance,9.970000267028809,9.979999542236328,9.970000267028809,9.979999542236328,9.979999542236328,5800,0.0,0.0,1.0,9.970000267028809,9.979999542236328
2021-12-20,CXAI,yfinance,9.970000267028809,9.970000267028809,9.968000411987305,9.970000267028809,9.970000267028809,706400,0.0,0.0,1.0,9.970000267028809,9.970000267028809
2021-12-21,CXAI,yfinance,9.970000267028809,9.970000267028809,9.970000267028809,9.970000267028809,9.970000267028809,200,0.0,0.0,1.0,9.970000267028809,9.970000267028809
2021-12-22,CXAI,yfinance,9.960000038146973,9.970000267028809,9.960000038146973,9.970000267028809,9.970000267028809,12400,0.0,0.0,1.0,9.960000038146973,9.970000267028809
2021-12-23,CXAI,yfinance,9.970000267028809,9.970000267028809,9.960000038146973,9.960000038146973,9.960000038146973,5000,0.0,0.0,1.0,9.970000267028809,9.960000038146973
2021-12-27,CXAI,yfinance,10.0,10.0,10.0,10.0,10.0,300,0.0,0.0,1.0,10.0,10.0
2021-12-28,CXAI,yfinance,9.960000038146973,10.0,9.960000038146973,10.0,10.0,5900,0.0,0.0,1.0,9.960000038146973,10.0
2021-12-29,CXAI,yfinance,9.970000267028809,9.989999771118164,9.949999809265137,9.979999542236328,9.979999542236328,14800,0.0,0.0,1.0,9.970000267028809,9.979999542236328
2021-12-30,CXAI,yfinance,9.989999771118164,10.0,9.989999771118164,9.989999771118164,9.989999771118164,5300,0.0,0.0,1.0,9.989999771118164,9.989999771118164
2021-12-31,CXAI,yfinance,9.989999771118164,9.989999771118164,9.989999771118164,9.989999771118164,9.989999771118164,0,0.0,0.0,1.0,9.989999771118164,9.989999771118164
2022-01-03,CXAI,yfinance,9.970000267028809,9.994999885559082,9.970000267028809,9.979999542236328,9.979999542236328,47300,0.0,0.0,1.0,9.970000267028809,9.979999542236328
2022-01-04,CXAI,yfinance,9.979999542236328,9.989999771118164,9.979999542236328,9.989999771118164,9.989999771118164,8000,0.0,0.0,1.0,9.979999542236328,9.989999771118164
2022-01-05,CXAI,yfinance,9.989999771118164,9.989999771118164,9.989999771118164,9.989999771118164,9.989999771118164,1100,0.0,0.0,1.0,9.989999771118164,9.989999771118164
2022-01-06,CXAI,yfinance,9.979999542236328,9.982999801635742,9.979999542236328,9.979999542236328,9.979999542236328,9700,0.0,0.0,1.0,9.979999542236328,9.979999542236328
2022-01-07,CXAI,yfinance,9.979999542236328,9.979999542236328,9.979999542236328,9.979999542236328,9.979999542236328,0,0.0,0.0,1.0,9.979999542236328,9.979999542236328
2022-01-10,CXAI,yfinance,9.984000205993652,9.984999656677246,9.984000205993652,9.984999656677246,9.984999656677246,5300,0.0,0.0,1.0,9.984000205993652,9.984999656677246
2022-01-11,CXAI,yfinance,9.970000267028809,9.989999771118164,9.970000267028809,9.989999771118164,9.989999771118164,50500,0.0,0.0,1.0,9.970000267028809,9.989999771118164
2022-01-12,CXAI,yfinance,9.979999542236328,10.010000228881836,9.979999542236328,9.989999771118164,9.989999771118164,5500,0.0,0.0,1.0,9.979999542236328,9.989999771118164
2022-01-13,CXAI,yfinance,9.989999771118164,9.989999771118164,9.989999771118164,9.989999771118164,9.989999771118164,0,0.0,0.0,1.0,9.989999771118164,9.989999771118164
2022-01-14,CXAI,yfinance,9.970000267028809,9.970000267028809,9.970000267028809,9.970000267028809,9.970000267028809,2000,0.0,0.0,1.0,9.970000267028809,9.970000267028809
2022-01-18,CXAI,yfinance,9.970000267028809,9.989999771118164,9.970000267028809,9.979999542236328,9.979999542236328,7100,0.0,0.0,1.0,9.970000267028809,9.979999542236328
2022-01-19,CXAI,yfinance,9.970000267028809,9.989999771118164,9.970000267028809,9.970000267028809,9.970000267028809,8400,0.0,0.0,1.0,9.970000267028809,9.970000267028809
2022-01-20,CXAI,yfinance,9.972000122070312,9.979999542236328,9.970000267028809,9.970000267028809,9.970000267028809,5400,0.0,0.0,1.0,9.972000122070312,9.970000267028809
2022-01-21,CXAI,yfinance,9.970000267028809,9.979999542236328,9.970000267028809,9.979999542236328,9.979999542236328,3900,0.0,0.0,1.0,9.970000267028809,9.979999542236328
2022-01-24,CXAI,yfinance,9.970000267028809,10.0,9.970000267028809,9.989999771118164,9.989999771118164,21800,0.0,0.0,1.0,9.970000267028809,9.989999771118164
2022-01-25,CXAI,yfinance,9.989999771118164,9.989999771118164,9.989999771118164,9.989999771118164,9.989999771118164,0,0.0,0.0,1.0,9.989999771118164,9.989999771118164
2022-01-26,CXAI,yfinance,9.989999771118164,9.989999771118164,9.989999771118164,9.989999771118164,9.989999771118164,0,0.0,0.0,1.0,9.989999771118164,9.989999771118164
2022-01-27,CXAI,yfinance,9.970000267028809,9.989999771118164,9.970000267028809,9.970000267028809,9.970000267028809,36200,0.0,0.0,1.0,9.970000267028809,9.970000267028809
2022-01-28,CXAI,yfinance,9.970000267028809,9.989999771118164,9.970000267028809,9.989999771118164,9.989999771118164,5100,0.0,0.0,1.0,9.970000267028809,9.989999771118164
2022-01-31,CXAI,yfinance,10.0,10.0,9.979999542236328,9.989999771118164,9.989999771118164,5500,0.0,0.0,1.0,10.0,9.989999771118164
2022-02-01,CXAI,yfinance,10.0,10.0,9.96500015258789,9.994999885559082,9.994999885559082,101100,0.0,0.0,1.0,10.0,9.994999885559082
2022-02-02,CXAI,yfinance,9.989999771118164,9.989999771118164,9.989999771118164,9.989999771118164,9.989999771118164,400,0.0,0.0,1.0,9.989999771118164,9.989999771118164
2022-02-03,CXAI,yfinance,9.989999771118164,10.010000228881836,9.989999771118164,10.0,10.0,44800,0.0,0.0,1.0,9.989999771118164,10.0
2022-02-04,CXAI,yfinance,10.0,10.0,9.994999885559082,10.0,10.0,6000,0.0,0.0,1.0,10.0,10.0
2022-02-07,CXAI,yfinance,9.979999542236328,10.0,9.979999542236328,10.0,10.0,2100,0.0,0.0,1.0,9.979999542236328,10.0
2022-02-08,CXAI,yfinance,9.979999542236328,10.0,9.979999542236328,10.0,10.0,6000,0.0,0.0,1.0,9.979999542236328,10.0
2022-02-09,CXAI,yfinance,9.989999771118164,10.010000228881836,9.989999771118164,10.0,10.0,48600,0.0,0.0,1.0,9.989999771118164,10.0
2022-02-10,CXAI,yfinance,9.989999771118164,10.0,9.989999771118164,10.0,10.0,288300,0.0,0.0,1.0,9.989999771118164,10.0
2022-02-11,CXAI,yfinance,9.989999771118164,10.010000228881836,9.989999771118164,10.0,10.0,8700,0.0,0.0,1.0,9.989999771118164,10.0
2022-02-14,CXAI,yfinance,9.989999771118164,10.020000457763672,9.989999771118164,10.010000228881836,10.010000228881836,5300,0.0,0.0,1.0,9.989999771118164,10.010000228881836
2022-02-15,CXAI,yfinance,10.0,10.0,10.0,10.0,10.0,200,0.0,0.0,1.0,10.0,10.0
2022-02-16,CXAI,yfinance,10.0,10.0,10.0,10.0,10.0,100,0.0,0.0,1.0,10.0,10.0
2022-02-17,CXAI,yfinance,10.0,10.0,10.0,10.0,10.0,200,0.0,0.0,1.0,10.0,10.0
2022-02-18,CXAI,yfinance,10.010000228881836,10.010000228881836,10.005000114440918,10.010000228881836,10.010000228881836,800,0.0,0.0,1.0,10.010000228881836,10.010000228881836
2022-02-22,CXAI,yfinance,10.010000228881836,10.010000228881836,10.010000228881836,10.010000228881836,10.010000228881836,12800,0.0,0.0,1.0,10.010000228881836,10.010000228881836
2022-02-23,CXAI,yfinance,10.010000228881836,10.010000228881836,10.010000228881836,10.010000228881836,10.010000228881836,13400,0.0,0.0,1.0,10.010000228881836,10.010000228881836
2022-02-24,CXAI,yfinance,10.0,10.029999732971191,10.0,10.020000457763672,10.020000457763672,15300,0.0,0.0,1.0,10.0,10.020000457763672
2022-02-25,CXAI,yfinance,10.015000343322754,10.020000457763672,10.015000343322754,10.020000457763672,10.020000457763672,2900,0.0,0.0,1.0,10.015000343322754,10.020000457763672
2022-02-28,CXAI,yfinance,10.015000343322754,10.020000457763672,10.015000343322754,10.020000457763672,10.020000457763672,5100,0.0,0.0,1.0,10.015000343322754,10.020000457763672
2022-03-01,CXAI,yfinance,10.010000228881836,10.020000457763672,10.010000228881836,10.020000457763672,10.020000457763672,27700,0.0,0.0,1.0,10.010000228881836,10.020000457763672
2022-03-02,CXAI,yfinance,10.020000457763672,10.020000457763672,10.010000228881836,10.010000228881836,10.010000228881836,1400,0.0,0.0,1.0,10.020000457763672,10.010000228881836
2022-03-03,CXAI,yfinance,10.020000457763672,10.020000457763672,10.010000228881836,10.010000228881836,10.010000228881836,26400,0.0,0.0,1.0,10.020000457763672,10.010000228881836
2022-03-04,CXAI,yfinance,10.010000228881836,10.010000228881836,10.010000228881836,10.010000228881836,10.010000228881836,600,0.0,0.0,1.0,10.010000228881836,10.010000228881836
2022-03-07,CXAI,yfinance,10.024999618530272,10.029999732971191,10.020000457763672,10.029999732971191,10.029999732971191,10500,0.0,0.0,1.0,10.024999618530272,10.029999732971191
2022-03-08,CXAI,yfinance,10.029999732971191,10.029999732971191,10.029999732971191,10.029999732971191,10.029999732971191,27200,0.0,0.0,1.0,10.029999732971191,10.029999732971191
2022-03-09,CXAI,yfinance,10.024999618530272,10.029999732971191,10.020000457763672,10.029999732971191,10.029999732971191,17400,0.0,0.0,1.0,10.024999618530272,10.029999732971191
2022-03-10,CXAI,yfinance,10.029999732971191,10.029999732971191,10.029999732971191,10.029999732971191,10.029999732971191,0,0.0,0.0,1.0,10.029999732971191,10.029999732971191
2022-03-11,CXAI,yfinance,10.029999732971191,10.029999732971191,10.029999732971191,10.029999732971191,10.029999732971191,1300,0.0,0.0,1.0,10.029999732971191,10.029999732971191
2022-03-14,CXAI,yfinance,10.039999961853027,10.039999961853027,10.0,10.010000228881836,10.010000228881836,450200,0.0,0.0,1.0,10.039999961853027,10.010000228881836
2022-03-15,CXAI,yfinance,10.024999618530272,10.029999732971191,10.010000228881836,10.029999732971191,10.029999732971191,11100,0.0,0.0,1.0,10.024999618530272,10.029999732971191
2022-03-16,CXAI,yfinance,10.029999732971191,10.029999732971191,10.010000228881836,10.010000228881836,10.010000228881836,54500,0.0,0.0,1.0,10.029999732971191,10.010000228881836
2022-03-17,CXAI,yfinance,10.010000228881836,10.029999732971191,10.010000228881836,10.029999732971191,10.029999732971191,8900,0.0,0.0,1.0,10.010000228881836,10.029999732971191
2022-03-18,CXAI,yfinance,10.029999732971191,10.039999961853027,10.020000457763672,10.029999732971191,10.029999732971191,45500,0.0,0.0,1.0,10.029999732971191,10.029999732971191
2022-03-21,CXAI,yfinance,10.010000228881836,10.039999961853027,10.010000228881836,10.020000457763672,10.020000457763672,28400,0.0,0.0,1.0,10.010000228881836,10.020000457763672
2022-03-22,CXAI,yfinance,10.029999732971191,10.029999732971191,10.029999732971191,10.029999732971191,10.029999732971191,100,0.0,0.0,1.0,10.029999732971191,10.029999732971191
2022-03-23,CXAI,yfinance,10.029999732971191,10.050000190734863,10.020000457763672,10.039999961853027,10.039999961853027,53200,0.0,0.0,1.0,10.029999732971191,10.039999961853027
2022-03-24,CXAI,yfinance,10.039999961853027,10.039999961853027,10.020000457763672,10.03499984741211,10.03499984741211,24700,0.0,0.0,1.0,10.039999961853027,10.03499984741211
2022-03-25,CXAI,yfinance,10.029999732971191,10.039999961853027,10.029999732971191,10.039999961853027,10.039999961853027,99500,0.0,0.0,1.0,10.029999732971191,10.039999961853027
2022-03-28,CXAI,yfinance,10.039999961853027,10.050000190734863,10.029999732971191,10.050000190734863,10.050000190734863,68500,0.0,0.0,1.0,10.039999961853027,10.050000190734863
2022-03-29,CXAI,yfinance,10.0600004196167,10.0600004196167,10.050000190734863,10.050000190734863,10.050000190734863,16500,0.0,0.0,1.0,10.0600004196167,10.050000190734863
2022-03-30,CXAI,yfinance,10.0600004196167,10.0600004196167,10.045000076293944,10.050000190734863,10.050000190734863,98600,0.0,0.0,1.0,10.0600004196167,10.050000190734863
2022-03-31,CXAI,yfinance,10.050000190734863,10.0600004196167,10.050000190734863,10.0600004196167,10.0600004196167,105600,0.0,0.0,1.0,10.050000190734863,10.0600004196167
2022-04-01,CXAI,yfinance,10.0600004196167,10.0600004196167,10.0600004196167,10.0600004196167,10.0600004196167,0,0.0,0.0,1.0,10.0600004196167,10.0600004196167
2022-04-04,CXAI,yfinance,10.0600004196167,10.0600004196167,10.039999961853027,10.039999961853027,10.039999961853027,25600,0.0,0.0,1.0,10.0600004196167,10.039999961853027
2022-04-05,CXAI,yfinance,10.0600004196167,10.06999969482422,10.050000190734863,10.06999969482422,10.06999969482422,3800,0.0,0.0,1.0,10.0600004196167,10.06999969482422
2022-04-06,CXAI,yfinance,10.050000190734863,10.0600004196167,10.050000190734863,10.0600004196167,10.0600004196167,1300,0.0,0.0,1.0,10.050000190734863,10.0600004196167
2022-04-07,CXAI,yfinance,10.0600004196167,10.0600004196167,10.0600004196167,10.0600004196167,10.0600004196167,400,0.0,0.0,1.0,10.0600004196167,10.0600004196167
2022-04-08,CXAI,yfinance,10.0600004196167,10.0649995803833,10.0600004196167,10.0649995803833,10.0649995803833,101600,0.0,0.0,1.0,10.0600004196167,10.0649995803833
2022-04-11,CXAI,yfinance,10.0649995803833,10.0649995803833,10.0649995803833,10.0649995803833,10.0649995803833,0,0.0,0.0,1.0,10.0649995803833,10.0649995803833
2022-04-12,CXAI,yfinance,10.0649995803833,10.0649995803833,10.0649995803833,10.0649995803833,10.0649995803833,200,0.0,0.0,1.0,10.0649995803833,10.0649995803833
2022-04-13,CXAI,yfinance,10.0600004196167,10.06999969482422,10.0600004196167,10.06999969482422,10.06999969482422,47400,0.0,0.0,1.0,10.0600004196167,10.06999969482422
2022-04-14,CXAI,yfinance,10.0649995803833,10.06999969482422,10.0600004196167,10.06999969482422,10.06999969482422,638400,0.0,0.0,1.0,10.0649995803833,10.06999969482422
2022-04-18,CXAI,yfinance,10.06999969482422,10.06999969482422,10.06999969482422,10.06999969482422,10.06999969482422,2200,0.0,0.0,1.0,10.06999969482422,10.06999969482422
2022-04-19,CXAI,yfinance,10.079999923706056,10.079999923706056,10.06999969482422,10.06999969482422,10.06999969482422,5100,0.0,0.0,1.0,10.079999923706056,10.06999969482422
2022-04-20,CXAI,yfinance,10.0600004196167,10.0600004196167,10.0600004196167,10.0600004196167,10.0600004196167,100,0.0,0.0,1.0,10.0600004196167,10.0600004196167
2022-04-21,CXAI,yfinance,10.06999969482422,10.06999969482422,10.06999969482422,10.06999969482422,10.06999969482422,200,0.0,0.0,1.0,10.06999969482422,10.06999969482422
2022-04-22,CXAI,yfinance,10.06999969482422,10.06999969482422,10.06999969482422,10.06999969482422,10.06999969482422,0,0.0,0.0,1.0,10.06999969482422,10.06999969482422
2022-04-25,CXAI,yfinance,10.0600004196167,10.0649995803833,10.0600004196167,10.0649995803833,10.0649995803833,800,0.0,0.0,1.0,10.0600004196167,10.0649995803833
2022-04-26,CXAI,yfinance,10.0600004196167,10.07900047302246,10.0600004196167,10.06999969482422,10.06999969482422,90400,0.0,0.0,1.0,10.0600004196167,10.06999969482422
2022-04-27,CXAI,yfinance,10.06999969482422,10.06999969482422,10.06999969482422,10.06999969482422,10.06999969482422,10000,0.0,0.0,1.0,10.06999969482422,10.06999969482422
2022-04-28,CXAI,yfinance,10.06999969482422,10.079999923706056,10.06999969482422,10.079999923706056,10.079999923706056,292300,0.0,0.0,1.0,10.06999969482422,10.079999923706056
2022-04-29,CXAI,yfinance,10.09000015258789,10.09000015258789,10.06999969482422,10.06999969482422,10.06999969482422,9200,0.0,0.0,1.0,10.09000015258789,10.06999969482422
2022-05-02,CXAI,yfinance,10.074999809265137,10.079999923706056,10.074999809265137,10.079999923706056,10.079999923706056,3700,0.0,0.0,1.0,10.074999809265137,10.079999923706056
2022-05-03,CXAI,yfinance,10.079999923706056,10.079999923706056,10.06999969482422,10.079999923706056,10.079999923706056,7000,0.0,0.0,1.0,10.079999923706056,10.079999923706056
2022-05-04,CXAI,yfinance,10.07900047302246,10.079999923706056,10.07900047302246,10.079999923706056,10.079999923706056,200,0.0,0.0,1.0,10.07900047302246,10.079999923706056
2022-05-05,CXAI,yfinance,10.079999923706056,10.079999923706056,10.06999969482422,10.06999969482422,10.06999969482422,53300,0.0,0.0,1.0,10.079999923706056,10.06999969482422
2022-05-06,CXAI,yfinance,10.06999969482422,10.06999969482422,10.06999969482422,10.06999969482422,10.06999969482422,200,0.0,0.0,1.0,10.06999969482422,10.06999969482422
2022-05-09,CXAI,yfinance,10.074999809265137,10.074999809265137,10.06999969482422,10.06999969482422,10.06999969482422,120500,0.0,0.0,1.0,10.074999809265137,10.06999969482422
2022-05-10,CXAI,yfinance,10.06999969482422,10.06999969482422,10.050000190734863,10.0600004196167,10.0600004196167,517500,0.0,0.0,1.0,10.06999969482422,10.0600004196167
2022-05-11,CXAI,yfinance,10.079999923706056,10.079999923706056,10.0600004196167,10.06999969482422,10.06999969482422,40200,0.0,0.0,1.0,10.079999923706056,10.06999969482422
2022-05-12,CXAI,yfinance,10.0600004196167,10.0649995803833,10.0600004196167,10.0600004196167,10.0600004196167,81400,0.0,0.0,1.0,10.0600004196167,10.0600004196167
2022-05-13,CXAI,yfinance,10.0600004196167,10.06999969482422,10.0600004196167,10.0649995803833,10.0649995803833,11800,0.0,0.0,1.0,10.0600004196167,10.0649995803833
2022-05-16,CXAI,yfinance,10.06999969482422,10.06999969482422,10.0600004196167,10.0600004196167,10.0600004196167,35500,0.0,0.0,1.0,10.06999969482422,10.0600004196167
2022-05-17,CXAI,yfinance,10.079999923706056,10.079999923706056,10.06999969482422,10.06999969482422,10.06999969482422,11400,0.0,0.0,1.0,10.079999923706056,10.06999969482422
2022-05-18,CXAI,yfinance,10.079999923706056,10.079999923706056,10.06999969482422,10.074999809265137,10.074999809265137,176500,0.0,0.0,1.0,10.079999923706056,10.074999809265137
2022-05-19,CXAI,yfinance,10.071000099182127,10.079999923706056,10.06999969482422,10.079999923706056,10.079999923706056,5500,0.0,0.0,1.0,10.071000099182127,10.079999923706056
2022-05-20,CXAI,yfinance,10.06999969482422,10.06999969482422,10.06999969482422,10.06999969482422,10.06999969482422,900,0.0,0.0,1.0,10.06999969482422,10.06999969482422
2022-05-23,CXAI,yfinance,10.079999923706056,10.079999923706056,10.06999969482422,10.06999969482422,10.06999969482422,164300,0.0,0.0,1.0,10.079999923706056,10.06999969482422
2022-05-24,CXAI,yfinance,10.071000099182127,10.079999923706056,10.06999969482422,10.06999969482422,10.06999969482422,217600,0.0,0.0,1.0,10.071000099182127,10.06999969482422
2022-05-25,CXAI,yfinance,10.06999969482422,10.079999923706056,10.06999969482422,10.06999969482422,10.06999969482422,365900,0.0,0.0,1.0,10.06999969482422,10.06999969482422
2022-05-26,CXAI,yfinance,10.079999923706056,10.079999923706056,10.06999969482422,10.06999969482422,10.06999969482422,115700,0.0,0.0,1.0,10.079999923706056,10.06999969482422
2022-05-27,CXAI,yfinance,10.079999923706056,10.09000015258789,10.074999809265137,10.088000297546388,10.088000297546388,338100,0.0,0.0,1.0,10.079999923706056,10.088000297546388
2022-05-31,CXAI,yfinance,10.079999923706056,10.09000015258789,10.079999923706056,10.079999923706056,10.079999923706056,116100,0.0,0.0,1.0,10.079999923706056,10.079999923706056
2022-06-01,CXAI,yfinance,10.079999923706056,10.09000015258789,10.079999923706056,10.079999923706056,10.079999923706056,184300,0.0,0.0,1.0,10.079999923706056,10.079999923706056
2022-06-02,CXAI,yfinance,10.079999923706056,10.09000015258789,10.079999923706056,10.09000015258789,10.09000015258789,2900,0.0,0.0,1.0,10.079999923706056,10.09000015258789
2022-06-03,CXAI,yfinance,10.079999923706056,10.09000015258789,10.079999923706056,10.09000015258789,10.09000015258789,37000,0.0,0.0,1.0,10.079999923706056,10.09000015258789
2022-06-06,CXAI,yfinance,10.09000015258789,10.100000381469728,10.09000015258789,10.09000015258789,10.09000015258789,110100,0.0,0.0,1.0,10.09000015258789,10.09000015258789
2022-06-07,CXAI,yfinance,10.100000381469728,10.100000381469728,10.100000381469728,10.100000381469728,10.100000381469728,600,0.0,0.0,1.0,10.100000381469728,10.100000381469728
2022-06-08,CXAI,yfinance,10.100000381469728,10.11299991607666,10.079999923706056,10.079999923706056,10.079999923706056,10400,0.0,0.0,1.0,10.100000381469728,10.079999923706056
2022-06-09,CXAI,yfinance,10.09000015258789,10.100000381469728,10.079999923706056,10.09000015258789,10.09000015258789,13600,0.0,0.0,1.0,10.09000015258789,10.09000015258789
2022-06-10,CXAI,yfinance,10.09000015258789,10.270000457763672,10.07800006866455,10.270000457763672,10.270000457763672,28000,0.0,0.0,1.0,10.09000015258789,10.270000457763672
2022-06-13,CXAI,yfinance,10.18000030517578,10.18000030517578,10.079999923706056,10.100000381469728,10.100000381469728,14200,0.0,0.0,1.0,10.18000030517578,10.100000381469728
2022-06-14,CXAI,yfinance,10.0600004196167,10.100000381469728,10.039999961853027,10.100000381469728,10.100000381469728,40500,0.0,0.0,1.0,10.0600004196167,10.100000381469728
2022-06-15,CXAI,yfinance,10.06999969482422,10.140000343322754,10.0600004196167,10.130000114440918,10.130000114440918,4500,0.0,0.0,1.0,10.06999969482422,10.130000114440918
2022-06-16,CXAI,yfinance,10.149999618530272,10.260000228881836,10.085000038146973,10.229999542236328,10.229999542236328,9900,0.0,0.0,1.0,10.149999618530272,10.229999542236328
2022-06-17,CXAI,yfinance,10.229999542236328,10.289999961853027,10.18000030517578,10.270000457763672,10.270000457763672,30800,0.0,0.0,1.0,10.229999542236328,10.270000457763672
2022-06-21,CXAI,yfinance,10.270000457763672,10.270000457763672,10.199999809265137,10.199999809265137,10.199999809265137,1100,0.0,0.0,1.0,10.270000457763672,10.199999809265137
2022-06-22,CXAI,yfinance,10.0600004196167,10.109999656677246,10.0600004196167,10.06999969482422,10.06999969482422,3000,0.0,0.0,1.0,10.0600004196167,10.06999969482422
2022-06-23,CXAI,yfinance,10.09000015258789,10.149999618530272,10.0,10.020000457763672,10.020000457763672,28100,0.0,0.0,1.0,10.09000015258789,10.020000457763672
2022-06-24,CXAI,yfinance,10.020000457763672,10.029999732971191,9.949999809265137,9.960000038146973,9.960000038146973,8700,0.0,0.0,1.0,10.020000457763672,9.960000038146973
2022-06-27,CXAI,yfinance,9.979999542236328,10.0,9.960000038146973,10.0,10.0,800,0.0,0.0,1.0,9.979999542236328,10.0
2022-06-28,CXAI,yfinance,9.979999542236328,10.050000190734863,9.979999542236328,10.0,10.0,2000,0.0,0.0,1.0,9.979999542236328,10.0
2022-06-29,CXAI,yfinance,10.0,10.100000381469728,9.960000038146973,9.961000442504885,9.961000442504885,18400,0.0,0.0,1.0,10.0,9.961000442504885
2022-06-30,CXAI,yfinance,10.0,10.015000343322754,10.0,10.0,10.0,800,0.0,0.0,1.0,10.0,10.0
2022-07-01,CXAI,yfinance,9.970000267028809,9.970000267028809,9.970000267028809,9.970000267028809,9.970000267028809,600,0.0,0.0,1.0,9.970000267028809,9.970000267028809
2022-07-05,CXAI,yfinance,9.954999923706056,9.970000267028809,9.9399995803833,9.9399995803833,9.9399995803833,2100,0.0,0.0,1.0,9.954999923706056,9.9399995803833
2022-07-06,CXAI,yfinance,9.9399995803833,9.970000267028809,9.9399995803833,9.954999923706056,9.954999923706056,800,0.0,0.0,1.0,9.9399995803833,9.954999923706056
2022-07-07,CXAI,yfinance,9.954999923706056,9.954999923706056,9.954999923706056,9.954999923706056,9.954999923706056,0,0.0,0.0,1.0,9.954999923706056,9.954999923706056
2022-07-08,CXAI,yfinance,9.960000038146973,9.979999542236328,9.920000076293944,9.96500015258789,9.96500015258789,242200,0.0,0.0,1.0,9.960000038146973,9.96500015258789
2022-07-11,CXAI,yfinance,9.96500015258789,9.96500015258789,9.96500015258789,9.96500015258789,9.96500015258789,0,0.0,0.0,1.0,9.96500015258789,9.96500015258789
2022-07-12,CXAI,yfinance,10.1899995803833,10.1899995803833,10.15999984741211,10.1899995803833,10.1899995803833,800,0.0,0.0,1.0,10.1899995803833,10.1899995803833
2022-07-13,CXAI,yfinance,10.15999984741211,10.1899995803833,10.15999984741211,10.1899995803833,10.1899995803833,700,0.0,0.0,1.0,10.15999984741211,10.1899995803833
2022-07-14,CXAI,yfinance,10.140000343322754,10.170000076293944,10.109999656677246,10.170000076293944,10.170000076293944,700,0.0,0.0,1.0,10.140000343322754,10.170000076293944
2022-07-15,CXAI,yfinance,10.100000381469728,10.15999984741211,10.100000381469728,10.15999984741211,10.15999984741211,700,0.0,0.0,1.0,10.100000381469728,10.15999984741211
2022-07-18,CXAI,yfinance,10.100000381469728,10.15999984741211,10.100000381469728,10.15999984741211,10.15999984741211,700,0.0,0.0,1.0,10.100000381469728,10.15999984741211
2022-07-19,CXAI,yfinance,10.06999969482422,10.079999923706056,10.020000457763672,10.020000457763672,10.020000457763672,700,0.0,0.0,1.0,10.06999969482422,10.020000457763672
2022-07-20,CXAI,yfinance,10.020000457763672,10.029999732971191,9.960000038146973,10.0,10.0,17000,0.0,0.0,1.0,10.020000457763672,10.0
2022-07-21,CXAI,yfinance,9.979999542236328,10.0,9.960000038146973,9.979999542236328,9.979999542236328,10900,0.0,0.0,1.0,9.979999542236328,9.979999542236328
2022-07-22,CXAI,yfinance,10.020000457763672,10.020000457763672,10.020000457763672,10.020000457763672,10.020000457763672,700,0.0,0.0,1.0,10.020000457763672,10.020000457763672
2022-07-25,CXAI,yfinance,10.020000457763672,10.020000457763672,10.020000457763672,10.020000457763672,10.020000457763672,600,0.0,0.0,1.0,10.020000457763672,10.020000457763672
2022-07-26,CXAI,yfinance,9.979999542236328,9.989999771118164,9.979999542236328,9.989999771118164,9.989999771118164,3800,0.0,0.0,1.0,9.979999542236328,9.989999771118164
2022-07-27,CXAI,yfinance,10.020000457763672,10.020000457763672,9.989999771118164,10.0,10.0,11700,0.0,0.0,1.0,10.020000457763672,10.0
2022-07-28,CXAI,yfinance,10.0,10.0,10.0,10.0,10.0,0,0.0,0.0,1.0,10.0,10.0
2022-07-29,CXAI,yfinance,9.979999542236328,10.020000457763672,9.970000267028809,9.979999542236328,9.979999542236328,2100,0.0,0.0,1.0,9.979999542236328,9.979999542236328
2022-08-01,CXAI,yfinance,9.979999542236328,10.020000457763672,9.979999542236328,10.020000457763672,10.020000457763672,12300,0.0,0.0,1.0,9.979999542236328,10.020000457763672
2022-08-02,CXAI,yfinance,10.010000228881836,10.010000228881836,9.979999542236328,9.979999542236328,9.979999542236328,4500,0.0,0.0,1.0,10.010000228881836,9.979999542236328
2022-08-03,CXAI,yfinance,10.020000457763672,10.020000457763672,9.979999542236328,10.020000457763672,10.020000457763672,3200,0.0,0.0,1.0,10.020000457763672,10.020000457763672
2022-08-04,CXAI,yfinance,10.020000457763672,10.020000457763672,10.020000457763672,10.020000457763672,10.020000457763672,1700,0.0,0.0,1.0,10.020000457763672,10.020000457763672
2022-08-05,CXAI,yfinance,10.020000457763672,10.020000457763672,9.979999542236328,10.020000457763672,10.020000457763672,800,0.0,0.0,1.0,10.020000457763672,10.020000457763672
2022-08-08,CXAI,yfinance,10.005000114440918,10.010000228881836,10.005000114440918,10.010000228881836,10.010000228881836,700,0.0,0.0,1.0,10.005000114440918,10.010000228881836
2022-08-09,CXAI,yfinance,10.020000457763672,10.020000457763672,9.989999771118164,10.010000228881836,10.010000228881836,3300,0.0,0.0,1.0,10.020000457763672,10.010000228881836
2022-08-10,CXAI,yfinance,10.020000457763672,10.020000457763672,9.989999771118164,10.020000457763672,10.020000457763672,43600,0.0,0.0,1.0,10.020000457763672,10.020000457763672
2022-08-11,CXAI,yfinance,10.329999923706056,11.0,10.156000137329102,10.18000030517578,10.18000030517578,37900,0.0,0.0,1.0,10.329999923706056,10.18000030517578
2022-08-12,CXAI,yfinance,10.173999786376951,10.229999542236328,9.949999809265137,10.029999732971191,10.029999732971191,162300,0.0,0.0,1.0,10.173999786376951,10.029999732971191
2022-08-15,CXAI,yfinance,10.050000190734863,10.050000190734863,9.960000038146973,10.039999961853027,10.039999961853027,6700,0.0,0.0,1.0,10.050000190734863,10.039999961853027
2022-08-16,CXAI,yfinance,10.020000457763672,10.0600004196167,10.010000228881836,10.039999961853027,10.039999961853027,6800,0.0,0.0,1.0,10.020000457763672,10.039999961853027
2022-08-17,CXAI,yfinance,10.03499984741211,10.03499984741211,10.0,10.03499984741211,10.03499984741211,2800,0.0,0.0,1.0,10.03499984741211,10.03499984741211
2022-08-18,CXAI,yfinance,10.01099967956543,10.039999961853027,10.01099967956543,10.039999961853027,10.039999961853027,600,0.0,0.0,1.0,10.01099967956543,10.039999961853027
2022-08-19,CXAI,yfinance,10.0,10.039999961853027,10.0,10.039999961853027,10.039999961853027,3400,0.0,0.0,1.0,10.0,10.039999961853027
2022-08-22,CXAI,yfinance,10.039999961853027,10.039999961853027,10.020000457763672,10.020000457763672,10.020000457763672,1600,0.0,0.0,1.0,10.039999961853027,10.020000457763672
2022-08-23,CXAI,yfinance,10.0600004196167,10.125,10.0600004196167,10.06999969482422,10.06999969482422,24700,0.0,0.0,1.0,10.0600004196167,10.06999969482422
2022-08-24,CXAI,yfinance,10.09000015258789,10.100000381469728,10.050000190734863,10.0600004196167,10.0600004196167,7800,0.0,0.0,1.0,10.09000015258789,10.0600004196167
2022-08-25,CXAI,yfinance,10.050000190734863,10.06999969482422,10.039999961853027,10.06999969482422,10.06999969482422,3400,0.0,0.0,1.0,10.050000190734863,10.06999969482422
2022-08-26,CXAI,yfinance,10.029999732971191,10.0600004196167,10.029999732971191,10.0600004196167,10.0600004196167,3300,0.0,0.0,1.0,10.029999732971191,10.0600004196167
2022-08-29,CXAI,yfinance,10.0600004196167,10.0600004196167,10.0600004196167,10.0600004196167,10.0600004196167,0,0.0,0.0,1.0,10.0600004196167,10.0600004196167
2022-08-30,CXAI,yfinance,10.0649995803833,10.0649995803833,10.0649995803833,10.0649995803833,10.0649995803833,100,0.0,0.0,1.0,10.0649995803833,10.0649995803833
2022-08-31,CXAI,yfinance,10.0649995803833,10.0649995803833,10.0649995803833,10.0649995803833,10.0649995803833,0,0.0,0.0,1.0,10.0649995803833,10.0649995803833
2022-09-01,CXAI,yfinance,10.029999732971191,10.100000381469728,10.029999732971191,10.100000381469728,10.100000381469728,5700,0.0,0.0,1.0,10.029999732971191,10.100000381469728
2022-09-02,CXAI,yfinance,10.079999923706056,10.079999923706056,10.06999969482422,10.06999969482422,10.06999969482422,1800,0.0,0.0,1.0,10.079999923706056,10.06999969482422
2022-09-06,CXAI,yfinance,10.09000015258789,10.09000015258789,10.09000015258789,10.09000015258789,10.09000015258789,1400,0.0,0.0,1.0,10.09000015258789,10.09000015258789
2022-09-07,CXAI,yfinance,10.09000015258789,10.09000015258789,10.09000015258789,10.09000015258789,10.09000015258789,0,0.0,0.0,1.0,10.09000015258789,10.09000015258789
2022-09-08,CXAI,yfinance,10.100000381469728,10.119999885559082,10.071000099182127,10.100000381469728,10.100000381469728,8700,0.0,0.0,1.0,10.100000381469728,10.100000381469728
2022-09-09,CXAI,yfinance,10.06999969482422,10.06999969482422,10.06999969482422,10.06999969482422,10.06999969482422,1100,0.0,0.0,1.0,10.06999969482422,10.06999969482422
2022-09-12,CXAI,yfinance,10.06999969482422,10.06999969482422,10.06999969482422,10.06999969482422,10.06999969482422,0,0.0,0.0,1.0,10.06999969482422,10.06999969482422
2022-09-13,CXAI,yfinance,10.06999969482422,10.06999969482422,10.06999969482422,10.06999969482422,10.06999969482422,5600,0.0,0.0,1.0,10.06999969482422,10.06999969482422
2022-09-14,CXAI,yfinance,10.06999969482422,10.06999969482422,10.06999969482422,10.06999969482422,10.06999969482422,0,0.0,0.0,1.0,10.06999969482422,10.06999969482422
2022-09-15,CXAI,yfinance,10.06999969482422,10.071999549865724,10.06999969482422,10.06999969482422,10.06999969482422,1100,0.0,0.0,1.0,10.06999969482422,10.06999969482422
2022-09-16,CXAI,yfinance,10.06999969482422,10.06999969482422,10.06999969482422,10.06999969482422,10.06999969482422,0,0.0,0.0,1.0,10.06999969482422,10.06999969482422
2022-09-19,CXAI,yfinance,10.06999969482422,10.06999969482422,10.06999969482422,10.06999969482422,10.06999969482422,900,0.0,0.0,1.0,10.06999969482422,10.06999969482422
2022-09-20,CXAI,yfinance,10.0600004196167,10.0600004196167,10.0600004196167,10.0600004196167,10.0600004196167,600,0.0,0.0,1.0,10.0600004196167,10.0600004196167
2022-09-21,CXAI,yfinance,10.039999961853027,10.039999961853027,10.029999732971191,10.029999732971191,10.029999732971191,2600,0.0,0.0,1.0,10.039999961853027,10.029999732971191
2022-09-22,CXAI,yfinance,10.010000228881836,10.010000228881836,9.970000267028809,9.989999771118164,9.989999771118164,23100,0.0,0.0,1.0,10.010000228881836,9.989999771118164
2022-09-23,CXAI,yfinance,9.979999542236328,9.989999771118164,9.979999542236328,9.989999771118164,9.989999771118164,5900,0.0,0.0,1.0,9.979999542236328,9.989999771118164
2022-09-26,CXAI,yfinance,10.109999656677246,10.260000228881836,10.020000457763672,10.020000457763672,10.020000457763672,93200,0.0,0.0,1.0,10.109999656677246,10.020000457763672
2022-09-27,CXAI,yfinance,10.020000457763672,10.020000457763672,10.0,10.010000228881836,10.010000228881836,12800,0.0,0.0,1.0,10.020000457763672,10.010000228881836
2022-09-28,CXAI,yfinance,10.010000228881836,10.010000228881836,10.005999565124512,10.010000228881836,10.010000228881836,13200,0.0,0.0,1.0,10.010000228881836,10.010000228881836
2022-09-29,CXAI,yfinance,10.010000228881836,10.010000228881836,10.0,10.0,10.0,7500,0.0,0.0,1.0,10.010000228881836,10.0
2022-09-30,CXAI,yfinance,10.020000457763672,10.020000457763672,10.0,10.0,10.0,4100,0.0,0.0,1.0,10.020000457763672,10.0
2022-10-03,CXAI,yfinance,10.020000457763672,10.050000190734863,10.0,10.020000457763672,10.020000457763672,27500,0.0,0.0,1.0,10.020000457763672,10.020000457763672
2022-10-04,CXAI,yfinance,10.020000457763672,10.029999732971191,10.020000457763672,10.029999732971191,10.029999732971191,10200,0.0,0.0,1.0,10.020000457763672,10.029999732971191
2022-10-05,CXAI,yfinance,10.020000457763672,10.020000457763672,10.020000457763672,10.020000457763672,10.020000457763672,1700,0.0,0.0,1.0,10.020000457763672,10.020000457763672
2022-10-06,CXAI,yfinance,10.020000457763672,10.020000457763672,10.020000457763672,10.020000457763672,10.020000457763672,400,0.0,0.0,1.0,10.020000457763672,10.020000457763672
2022-10-07,CXAI,yfinance,10.020000457763672,10.020000457763672,10.010000228881836,10.020000457763672,10.020000457763672,2400,0.0,0.0,1.0,10.020000457763672,10.020000457763672
2022-10-10,CXAI,yfinance,10.010000228881836,10.010000228881836,10.010000228881836,10.010000228881836,10.010000228881836,200,0.0,0.0,1.0,10.010000228881836,10.010000228881836
2022-10-11,CXAI,yfinance,10.020000457763672,10.020000457763672,10.020000457763672,10.020000457763672,10.020000457763672,3000,0.0,0.0,1.0,10.020000457763672,10.020000457763672
2022-10-12,CXAI,yfinance,10.024999618530272,10.024999618530272,10.020000457763672,10.020000457763672,10.020000457763672,200,0.0,0.0,1.0,10.024999618530272,10.020000457763672
2022-10-13,CXAI,yfinance,10.020000457763672,10.020000457763672,10.020000457763672,10.020000457763672,10.020000457763672,1200,0.0,0.0,1.0,10.020000457763672,10.020000457763672
2022-10-14,CXAI,yfinance,10.020000457763672,10.020000457763672,10.020000457763672,10.020000457763672,10.020000457763672,300,0.0,0.0,1.0,10.020000457763672,10.020000457763672
2022-10-17,CXAI,yfinance,10.029999732971191,10.029999732971191,10.020000457763672,10.020000457763672,10.020000457763672,1200,0.0,0.0,1.0,10.029999732971191,10.020000457763672
2022-10-18,CXAI,yfinance,10.020000457763672,10.020000457763672,10.020000457763672,10.020000457763672,10.020000457763672,100,0.0,0.0,1.0,10.020000457763672,10.020000457763672
2022-10-19,CXAI,yfinance,10.020000457763672,10.020000457763672,10.020000457763672,10.020000457763672,10.020000457763672,0,0.0,0.0,1.0,10.020000457763672,10.020000457763672
2022-10-20,CXAI,yfinance,10.050000190734863,10.052000045776367,10.050000190734863,10.050000190734863,10.050000190734863,11600,0.0,0.0,1.0,10.050000190734863,10.050000190734863
2022-10-21,CXAI,yfinance,10.050000190734863,10.0600004196167,10.050000190734863,10.0600004196167,10.0600004196167,20900,0.0,0.0,1.0,10.050000190734863,10.0600004196167
2022-10-24,CXAI,yfinance,10.0600004196167,10.0600004196167,10.0600004196167,10.0600004196167,10.0600004196167,6700,0.0,0.0,1.0,10.0600004196167,10.0600004196167
2022-10-25,CXAI,yfinance,10.100000381469728,10.100000381469728,10.06999969482422,10.06999969482422,10.06999969482422,600,0.0,0.0,1.0,10.100000381469728,10.06999969482422
2022-10-26,CXAI,yfinance,10.06999969482422,10.09000015258789,10.06999969482422,10.09000015258789,10.09000015258789,41500,0.0,0.0,1.0,10.06999969482422,10.09000015258789
2022-10-27,CXAI,yfinance,10.0600004196167,10.09000015258789,10.0600004196167,10.09000015258789,10.09000015258789,8200,0.0,0.0,1.0,10.0600004196167,10.09000015258789
2022-10-28,CXAI,yfinance,10.09000015258789,10.09000015258789,10.09000015258789,10.09000015258789,10.09000015258789,0,0.0,0.0,1.0,10.09000015258789,10.09000015258789
2022-10-31,CXAI,yfinance,10.09000015258789,10.09000015258789,10.09000015258789,10.09000015258789,10.09000015258789,0,0.0,0.0,1.0,10.09000015258789,10.09000015258789
2022-11-01,CXAI,yfinance,10.0600004196167,10.06999969482422,10.0600004196167,10.0600004196167,10.0600004196167,8800,0.0,0.0,1.0,10.0600004196167,10.0600004196167
2022-11-02,CXAI,yfinance,10.09000015258789,10.09000015258789,10.079999923706056,10.079999923706056,10.079999923706056,1500,0.0,0.0,1.0,10.09000015258789,10.079999923706056
2022-11-03,CXAI,yfinance,10.079999923706056,10.079999923706056,10.079999923706056,10.079999923706056,10.079999923706056,0,0.0,0.0,1.0,10.079999923706056,10.079999923706056
2022-11-04,CXAI,yfinance,10.079999923706056,10.09000015258789,10.079999923706056,10.09000015258789,10.09000015258789,4300,0.0,0.0,1.0,10.079999923706056,10.09000015258789
2022-11-07,CXAI,yfinance,10.09000015258789,10.09000015258789,10.09000015258789,10.09000015258789,10.09000015258789,1400,0.0,0.0,1.0,10.09000015258789,10.09000015258789
2022-11-08,CXAI,yfinance,10.09000015258789,10.09000015258789,10.09000015258789,10.09000015258789,10.09000015258789,2300,0.0,0.0,1.0,10.09000015258789,10.09000015258789
2022-11-09,CXAI,yfinance,10.09000015258789,10.09000015258789,10.09000015258789,10.09000015258789,10.09000015258789,0,0.0,0.0,1.0,10.09000015258789,10.09000015258789
2022-11-10,CXAI,yfinance,10.09000015258789,10.09000015258789,10.079999923706056,10.079999923706056,10.079999923706056,2200,0.0,0.0,1.0,10.09000015258789,10.079999923706056
2022-11-11,CXAI,yfinance,10.079999923706056,10.079999923706056,10.079999923706056,10.079999923706056,10.079999923706056,1500,0.0,0.0,1.0,10.079999923706056,10.079999923706056
2022-11-14,CXAI,yfinance,10.09000015258789,10.09000015258789,10.09000015258789,10.09000015258789,10.09000015258789,100,0.0,0.0,1.0,10.09000015258789,10.09000015258789
2022-11-15,CXAI,yfinance,10.09000015258789,10.109999656677246,10.09000015258789,10.100000381469728,10.100000381469728,2700,0.0,0.0,1.0,10.09000015258789,10.100000381469728
2022-11-16,CXAI,yfinance,10.100000381469728,10.100000381469728,10.100000381469728,10.100000381469728,10.100000381469728,7600,0.0,0.0,1.0,10.100000381469728,10.100000381469728
2022-11-17,CXAI,yfinance,10.079999923706056,10.100000381469728,10.079999923706056,10.100000381469728,10.100000381469728,700,0.0,0.0,1.0,10.079999923706056,10.100000381469728
2022-11-18,CXAI,yfinance,10.097999572753906,10.109999656677246,10.097999572753906,10.109999656677246,10.109999656677246,1500,0.0,0.0,1.0,10.097999572753906,10.109999656677246
2022-11-21,CXAI,yfinance,10.109999656677246,10.109999656677246,10.109999656677246,10.109999656677246,10.109999656677246,100,0.0,0.0,1.0,10.109999656677246,10.109999656677246
2022-11-22,CXAI,yfinance,10.109999656677246,10.109999656677246,10.109999656677246,10.109999656677246,10.109999656677246,200,0.0,0.0,1.0,10.109999656677246,10.109999656677246
2022-11-23,CXAI,yfinance,10.109999656677246,10.119999885559082,10.109999656677246,10.119999885559082,10.119999885559082,3200,0.0,0.0,1.0,10.109999656677246,10.119999885559082
2022-11-25,CXAI,yfinance,10.130000114440918,10.130000114440918,10.130000114440918,10.130000114440918,10.130000114440918,8200,0.0,0.0,1.0,10.130000114440918,10.130000114440918
2022-11-28,CXAI,yfinance,10.109999656677246,10.130000114440918,10.109999656677246,10.119999885559082,10.119999885559082,5500,0.0,0.0,1.0,10.109999656677246,10.119999885559082
2022-11-29,CXAI,yfinance,10.119999885559082,10.119999885559082,10.119999885559082,10.119999885559082,10.119999885559082,0,0.0,0.0,1.0,10.119999885559082,10.119999885559082
2022-11-30,CXAI,yfinance,10.109999656677246,10.119999885559082,10.109999656677246,10.119999885559082,10.119999885559082,2500,0.0,0.0,1.0,10.109999656677246,10.119999885559082
2022-12-01,CXAI,yfinance,10.109999656677246,10.109999656677246,10.109999656677246,10.109999656677246,10.109999656677246,1700,0.0,0.0,1.0,10.109999656677246,10.109999656677246
2022-12-02,CXAI,yfinance,10.119999885559082,10.119999885559082,10.119999885559082,10.119999885559082,10.119999885559082,12800,0.0,0.0,1.0,10.119999885559082,10.119999885559082
2022-12-05,CXAI,yfinance,10.119999885559082,10.12399959564209,10.100000381469728,10.119999885559082,10.119999885559082,17500,0.0,0.0,1.0,10.119999885559082,10.119999885559082
2022-12-06,CXAI,yfinance,10.119999885559082,10.119999885559082,10.119999885559082,10.119999885559082,10.119999885559082,1800,0.0,0.0,1.0,10.119999885559082,10.119999885559082
2022-12-07,CXAI,yfinance,10.18299961090088,10.30500030517578,9.9399995803833,10.239999771118164,10.239999771118164,8500,0.0,0.0,1.0,10.18299961090088,10.239999771118164
2022-12-08,CXAI,yfinance,10.25,10.25,10.149999618530272,10.149999618530272,10.149999618530272,900,0.0,0.0,1.0,10.25,10.149999618530272
2022-12-09,CXAI,yfinance,10.149999618530272,10.149999618530272,10.149999618530272,10.149999618530272,10.149999618530272,0,0.0,0.0,1.0,10.149999618530272,10.149999618530272
2022-12-12,CXAI,yfinance,10.149999618530272,10.149999618530272,10.149999618530272,10.149999618530272,10.149999618530272,0,0.0,0.0,1.0,10.149999618530272,10.149999618530272
2022-12-13,CXAI,yfinance,10.100000381469728,10.100000381469728,10.100000381469728,10.100000381469728,10.100000381469728,44900,0.0,0.0,1.0,10.100000381469728,10.100000381469728
2022-12-14,CXAI,yfinance,10.100000381469728,10.100000381469728,10.100000381469728,10.100000381469728,10.100000381469728,100,0.0,0.0,1.0,10.100000381469728,10.100000381469728
2022-12-15,CXAI,yfinance,10.100000381469728,10.100000381469728,10.100000381469728,10.100000381469728,10.100000381469728,0,0.0,0.0,1.0,10.100000381469728,10.100000381469728
2022-12-16,CXAI,yfinance,10.100000381469728,10.100000381469728,10.100000381469728,10.100000381469728,10.100000381469728,0,0.0,0.0,1.0,10.100000381469728,10.100000381469728
2022-12-19,CXAI,yfinance,10.0600004196167,10.100000381469728,9.600000381469728,10.09000015258789,10.09000015258789,17700,0.0,0.0,1.0,10.0600004196167,10.09000015258789
2022-12-20,CXAI,yfinance,9.960000038146973,10.050000190734863,9.9399995803833,9.9399995803833,9.9399995803833,6000,0.0,0.0,1.0,9.960000038146973,9.9399995803833
2022-12-21,CXAI,yfinance,9.949999809265137,10.029999732971191,9.729999542236328,9.899999618530272,9.899999618530272,119700,0.0,0.0,1.0,9.949999809265137,9.899999618530272
2022-12-22,CXAI,yfinance,9.949999809265137,9.989999771118164,9.920000076293944,9.979999542236328,9.979999542236328,3900,0.0,0.0,1.0,9.949999809265137,9.979999542236328
2022-12-23,CXAI,yfinance,9.989999771118164,10.140000343322754,9.949999809265137,9.949999809265137,9.949999809265137,6500,0.0,0.0,1.0,9.989999771118164,9.949999809265137
2022-12-27,CXAI,yfinance,9.949999809265137,9.949999809265137,9.949999809265137,9.949999809265137,9.949999809265137,0,0.0,0.0,1.0,9.949999809265137,9.949999809265137
2022-12-28,CXAI,yfinance,9.920000076293944,9.920000076293944,9.920000076293944,9.920000076293944,9.920000076293944,1100,0.0,0.0,1.0,9.920000076293944,9.920000076293944
2022-12-29,CXAI,yfinance,9.970000267028809,9.979999542236328,9.970000267028809,9.979999542236328,9.979999542236328,500,0.0,0.0,1.0,9.970000267028809,9.979999542236328
2022-12-30,CXAI,yfinance,9.989999771118164,10.220000267028809,9.989999771118164,10.06999969482422,10.06999969482422,12000,0.0,0.0,1.0,9.989999771118164,10.06999969482422
2023-01-03,CXAI,yfinance,10.06999969482422,10.06999969482422,10.06999969482422,10.06999969482422,10.06999969482422,0,0.0,0.0,1.0,10.06999969482422,10.06999969482422
2023-01-04,CXAI,yfinance,10.06999969482422,10.06999969482422,10.06999969482422,10.06999969482422,10.06999969482422,0,0.0,0.0,1.0,10.06999969482422,10.06999969482422
2023-01-05,CXAI,yfinance,10.010000228881836,10.149999618530272,10.010000228881836,10.149999618530272,10.149999618530272,13700,0.0,0.0,1.0,10.010000228881836,10.149999618530272
2023-01-06,CXAI,yfinance,10.050000190734863,10.050000190734863,10.020000457763672,10.020000457763672,10.020000457763672,1100,0.0,0.0,1.0,10.050000190734863,10.020000457763672
2023-01-09,CXAI,yfinance,10.079999923706056,10.112000465393066,10.079999923706056,10.112000465393066,10.112000465393066,2100,0.0,0.0,1.0,10.079999923706056,10.112000465393066
2023-01-10,CXAI,yfinance,10.112000465393066,10.112000465393066,10.112000465393066,10.112000465393066,10.112000465393066,100,0.0,0.0,1.0,10.112000465393066,10.112000465393066
2023-01-11,CXAI,yfinance,10.112000465393066,10.112000465393066,10.112000465393066,10.112000465393066,10.112000465393066,100,0.0,0.0,1.0,10.112000465393066,10.112000465393066
2023-01-12,CXAI,yfinance,10.112000465393066,10.112000465393066,10.112000465393066,10.112000465393066,10.112000465393066,0,0.0,0.0,1.0,10.112000465393066,10.112000465393066
2023-01-13,CXAI,yfinance,10.112000465393066,10.112000465393066,10.112000465393066,10.112000465393066,10.112000465393066,0,0.0,0.0,1.0,10.112000465393066,10.112000465393066
2023-01-17,CXAI,yfinance,10.100000381469728,10.149999618530272,10.100000381469728,10.138999938964844,10.138999938964844,4300,0.0,0.0,1.0,10.100000381469728,10.138999938964844
2023-01-18,CXAI,yfinance,10.100000381469728,10.130000114440918,10.100000381469728,10.109999656677246,10.109999656677246,6200,0.0,0.0,1.0,10.100000381469728,10.109999656677246
2023-01-19,CXAI,yfinance,10.109999656677246,10.109999656677246,10.109999656677246,10.109999656677246,10.109999656677246,0,0.0,0.0,1.0,10.109999656677246,10.109999656677246
2023-01-20,CXAI,yfinance,10.109999656677246,10.109999656677246,10.109999656677246,10.109999656677246,10.109999656677246,0,0.0,0.0,1.0,10.109999656677246,10.109999656677246
2023-01-23,CXAI,yfinance,10.109999656677246,10.109999656677246,10.109999656677246,10.109999656677246,10.109999656677246,0,0.0,0.0,1.0,10.109999656677246,10.109999656677246
2023-01-24,CXAI,yfinance,10.109999656677246,10.109999656677246,10.109999656677246,10.109999656677246,10.109999656677246,0,0.0,0.0,1.0,10.109999656677246,10.109999656677246
2023-01-25,CXAI,yfinance,10.109999656677246,10.109999656677246,10.109999656677246,10.109999656677246,10.109999656677246,1000,0.0,0.0,1.0,10.109999656677246,10.109999656677246
2023-01-26,CXAI,yfinance,10.109999656677246,10.109999656677246,10.109999656677246,10.109999656677246,10.109999656677246,2700,0.0,0.0,1.0,10.109999656677246,10.109999656677246
2023-01-27,CXAI,yfinance,10.109999656677246,10.109999656677246,10.109999656677246,10.109999656677246,10.109999656677246,0,0.0,0.0,1.0,10.109999656677246,10.109999656677246
2023-01-30,CXAI,yfinance,10.119999885559082,10.119999885559082,10.119999885559082,10.119999885559082,10.119999885559082,100,0.0,0.0,1.0,10.119999885559082,10.119999885559082
2023-01-31,CXAI,yfinance,10.119999885559082,10.119999885559082,10.119999885559082,10.119999885559082,10.119999885559082,0,0.0,0.0,1.0,10.119999885559082,10.119999885559082
2023-02-01,CXAI,yfinance,10.130000114440918,10.130000114440918,10.130000114440918,10.130000114440918,10.130000114440918,200,0.0,0.0,1.0,10.130000114440918,10.130000114440918
2023-02-02,CXAI,yfinance,10.130000114440918,10.130000114440918,10.130000114440918,10.130000114440918,10.130000114440918,0,0.0,0.0,1.0,10.130000114440918,10.130000114440918
2023-02-03,CXAI,yfinance,10.140000343322754,10.140000343322754,10.140000343322754,10.140000343322754,10.140000343322754,300,0.0,0.0,1.0,10.140000343322754,10.140000343322754
2023-02-06,CXAI,yfinance,10.140000343322754,10.140000343322754,10.140000343322754,10.140000343322754,10.140000343322754,0,0.0,0.0,1.0,10.140000343322754,10.140000343322754
2023-02-07,CXAI,yfinance,10.140000343322754,10.140000343322754,10.140000343322754,10.140000343322754,10.140000343322754,400,0.0,0.0,1.0,10.140000343322754,10.140000343322754
2023-02-08,CXAI,yfinance,10.170000076293944,10.279999732971191,10.170000076293944,10.229999542236328,10.229999542236328,1700,0.0,0.0,1.0,10.170000076293944,10.229999542236328
2023-02-09,CXAI,yfinance,10.1899995803833,10.199999809265137,10.1899995803833,10.199999809265137,10.199999809265137,600,0.0,0.0,1.0,10.1899995803833,10.199999809265137
2023-02-10,CXAI,yfinance,10.199999809265137,10.199999809265137,10.199999809265137,10.199999809265137,10.199999809265137,400,0.0,0.0,1.0,10.199999809265137,10.199999809265137
2023-02-13,CXAI,yfinance,10.239999771118164,10.239999771118164,10.239999771118164,10.239999771118164,10.239999771118164,300,0.0,0.0,1.0,10.239999771118164,10.239999771118164
2023-02-14,CXAI,yfinance,10.18000030517578,10.199999809265137,10.149999618530272,10.18000030517578,10.18000030517578,18800,0.0,0.0,1.0,10.18000030517578,10.18000030517578
2023-02-15,CXAI,yfinance,10.1899995803833,10.239999771118164,10.149999618530272,10.15999984741211,10.15999984741211,35100,0.0,0.0,1.0,10.1899995803833,10.15999984741211
2023-02-16,CXAI,yfinance,10.199999809265137,10.210000038146973,10.1899995803833,10.199999809265137,10.199999809265137,4000,0.0,0.0,1.0,10.199999809265137,10.199999809265137
2023-02-17,CXAI,yfinance,10.199999809265137,10.21500015258789,10.18000030517578,10.199999809265137,10.199999809265137,5600,0.0,0.0,1.0,10.199999809265137,10.199999809265137
2023-02-21,CXAI,yfinance,10.199999809265137,10.199999809265137,10.199999809265137,10.199999809265137,10.199999809265137,0,0.0,0.0,1.0,10.199999809265137,10.199999809265137
2023-02-22,CXAI,yfinance,10.1899995803833,10.1899995803833,10.18000030517578,10.1899995803833,10.1899995803833,5300,0.0,0.0,1.0,10.1899995803833,10.1899995803833
2023-02-23,CXAI,yfinance,10.210000038146973,10.739999771118164,10.210000038146973,10.369999885559082,10.369999885559082,80400,0.0,0.0,1.0,10.210000038146973,10.369999885559082
2023-02-24,CXAI,yfinance,10.260000228881836,10.31999969482422,10.210000038146973,10.24899959564209,10.24899959564209,12900,0.0,0.0,1.0,10.260000228881836,10.24899959564209
2023-02-27,CXAI,yfinance,10.25,10.449999809265137,10.220000267028809,10.239999771118164,10.239999771118164,5200,0.0,0.0,1.0,10.25,10.239999771118164
2023-02-28,CXAI,yfinance,10.270000457763672,10.270000457763672,10.220000267028809,10.260000228881836,10.260000228881836,24600,0.0,0.0,1.0,10.270000457763672,10.260000228881836
2023-03-01,CXAI,yfinance,10.369999885559082,11.489999771118164,10.300000190734863,10.414999961853027,10.414999961853027,92900,0.0,0.0,1.0,10.369999885559082,10.414999961853027
2023-03-02,CXAI,yfinance,10.5,10.517000198364258,10.1899995803833,10.270000457763672,10.270000457763672,16700,0.0,0.0,1.0,10.5,10.270000457763672
2023-03-03,CXAI,yfinance,10.020000457763672,10.020000457763672,8.779999732971191,9.479999542236328,9.479999542236328,38900,0.0,0.0,1.0,10.020000457763672,9.479999542236328
2023-03-06,CXAI,yfinance,9.199999809265137,13.470000267028809,9.0,11.484000205993652,11.484000205993652,142800,0.0,0.0,1.0,9.199999809265137,11.484000205993652
2023-03-07,CXAI,yfinance,11.109999656677246,11.75,9.28499984741211,9.5,9.5,50800,0.0,0.0,1.0,11.109999656677246,9.5
2023-03-08,CXAI,yfinance,9.399999618530272,9.890000343322754,9.010000228881836,9.220000267028809,9.220000267028809,19500,0.0,0.0,1.0,9.399999618530272,9.220000267028809
2023-03-09,CXAI,yfinance,9.010000228881836,9.890000343322754,8.039999961853027,9.380000114440918,9.380000114440918,81900,0.0,0.0,1.0,9.010000228881836,9.380000114440918
2023-03-10,CXAI,yfinance,8.479999542236328,10.5,8.100000381469727,9.640000343322754,9.640000343322754,57400,0.0,0.0,1.0,8.479999542236328,9.640000343322754
2023-03-13,CXAI,yfinance,8.430000305175781,9.550000190734863,8.399999618530273,8.819999694824219,8.819999694824219,26600,0.0,0.0,1.0,8.430000305175781,8.819999694824219
2023-03-14,CXAI,yfinance,9.100000381469728,10.979999542236328,9.0,9.9399995803833,9.9399995803833,82400,0.0,0.0,1.0,9.100000381469728,9.9399995803833
2023-03-15,CXAI,yfinance,4.5,5.599999904632568,3.630000114440918,4.099999904632568,4.099999904632568,732700,0.0,0.0,1.0,4.5,4.099999904632568
2023-03-16,CXAI,yfinance,4.25,5.510000228881836,3.7699999809265137,4.070000171661377,4.070000171661377,1356400,0.0,0.0,1.0,4.25,4.070000171661377
2023-03-17,CXAI,yfinance,3.5899999141693115,3.700000047683716,2.575000047683716,2.680000066757202,2.680000066757202,401500,0.0,0.0,1.0,3.5899999141693115,2.680000066757202
2023-03-20,CXAI,yfinance,2.150000095367432,2.220000028610229,1.830000042915344,1.950000047683716,1.950000047683716,368000,0.0,0.0,1.0,2.150000095367432,1.950000047683716
2023-03-21,CXAI,yfinance,1.9600000381469729,2.039999961853028,1.7799999713897705,1.830000042915344,1.830000042915344,278700,0.0,0.0,1.0,1.9600000381469729,1.830000042915344
2023-03-22,CXAI,yfinance,1.75,1.7699999809265137,1.5800000429153442,1.7000000476837158,1.7000000476837158,207500,0.0,0.0,1.0,1.75,1.7000000476837158
2023-03-23,CXAI,yfinance,1.7699999809265137,2.5999999046325684,1.6799999475479126,1.899999976158142,1.899999976158142,6267300,0.0,0.0,1.0,1.7699999809265137,1.899999976158142
2023-03-24,CXAI,yfinance,1.8200000524520876,1.940000057220459,1.7690000534057615,1.909999966621399,1.909999966621399,396500,0.0,0.0,1.0,1.8200000524520876,1.909999966621399
2023-03-27,CXAI,yfinance,1.870000004768372,1.940000057220459,1.6699999570846558,1.8200000524520876,1.8200000524520876,250900,0.0,0.0,1.0,1.870000004768372,1.8200000524520876
2023-03-28,CXAI,yfinance,1.7999999523162842,1.8049999475479128,1.6299999952316284,1.659999966621399,1.659999966621399,90400,0.0,0.0,1.0,1.7999999523162842,1.659999966621399
2023-03-29,CXAI,yfinance,1.659999966621399,1.7000000476837158,1.5,1.5299999713897705,1.5299999713897705,138800,0.0,0.0,1.0,1.659999966621399,1.5299999713897705
2023-03-30,CXAI,yfinance,1.5299999713897705,1.6299999952316284,1.4600000381469729,1.5099999904632568,1.5099999904632568,229500,0.0,0.0,1.0,1.5299999713897705,1.5099999904632568
2023-03-31,CXAI,yfinance,1.5499999523162842,2.049999952316284,1.4199999570846558,1.809999942779541,1.809999942779541,988500,0.0,0.0,1.0,1.5499999523162842,1.809999942779541
2023-04-03,CXAI,yfinance,1.7599999904632568,2.0899999141693115,1.6799999475479126,1.9700000286102293,1.9700000286102293,313800,0.0,0.0,1.0,1.7599999904632568,1.9700000286102293
2023-04-04,CXAI,yfinance,2.049999952316284,2.497999906539917,1.840000033378601,1.840000033378601,1.840000033378601,886600,0.0,0.0,1.0,2.049999952316284,1.840000033378601
2023-04-05,CXAI,yfinance,1.870000004768372,1.901000022888184,1.2999999523162842,1.5700000524520874,1.5700000524520874,297800,0.0,0.0,1.0,1.870000004768372,1.5700000524520874
2023-04-06,CXAI,yfinance,1.5299999713897705,1.6480000019073486,1.350000023841858,1.5,1.5,86100,0.0,0.0,1.0,1.5299999713897705,1.5
2023-04-10,CXAI,yfinance,1.4800000190734863,1.4900000095367432,1.3600000143051147,1.440000057220459,1.440000057220459,103700,0.0,0.0,1.0,1.4800000190734863,1.440000057220459
2023-04-11,CXAI,yfinance,1.4199999570846558,1.440000057220459,1.2100000381469729,1.3300000429153442,1.3300000429153442,137300,0.0,0.0,1.0,1.4199999570846558,1.3300000429153442
2023-04-12,CXAI,yfinance,1.3600000143051147,1.6399999856948853,1.2899999618530271,1.600000023841858,1.600000023841858,4023600,0.0,0.0,1.0,1.3600000143051147,1.600000023841858
2023-04-13,CXAI,yfinance,2.75,9.729999542236328,2.700000047683716,7.130000114440918,7.130000114440918,163777400,0.0,0.0,1.0,2.75,7.130000114440918
2023-04-14,CXAI,yfinance,18.75,21.0,11.5,13.850000381469728,13.850000381469728,38025200,0.0,0.0,1.0,18.75,13.850000381469728
2023-04-17,CXAI,yfinance,12.100000381469728,12.5,9.0,12.449999809265137,12.449999809265137,8132600,0.0,0.0,1.0,12.100000381469728,12.449999809265137
2023-04-18,CXAI,yfinance,11.18000030517578,12.960000038146973,10.199999809265137,10.199999809265137,10.199999809265137,4327100,0.0,0.0,1.0,11.18000030517578,10.199999809265137
2023-04-19,CXAI,yfinance,9.649999618530272,12.5,9.5600004196167,11.270000457763672,11.270000457763672,9592300,0.0,0.0,1.0,9.649999618530272,11.270000457763672
2023-04-20,CXAI,yfinance,11.199999809265137,12.449999809265137,10.420000076293944,10.770000457763672,10.770000457763672,3976000,0.0,0.0,1.0,11.199999809265137,10.770000457763672
2023-04-21,CXAI,yfinance,10.5,10.949999809265137,8.0,8.069999694824219,8.069999694824219,1392200,0.0,0.0,1.0,10.5,8.069999694824219
2023-04-24,CXAI,yfinance,8.0600004196167,8.75,6.261000156402588,6.289999961853027,6.289999961853027,1407800,0.0,0.0,1.0,8.0600004196167,6.289999961853027
2023-04-25,CXAI,yfinance,8.640000343322754,13.65999984741211,8.050000190734863,12.5,12.5,53815000,0.0,0.0,1.0,8.640000343322754,12.5
2023-04-26,CXAI,yfinance,11.520000457763672,11.600000381469728,9.010000228881836,9.270000457763672,9.270000457763672,6512300,0.0,0.0,1.0,11.520000457763672,9.270000457763672
2023-04-27,CXAI,yfinance,8.59000015258789,12.149999618530272,8.5600004196167,10.100000381469728,10.100000381469728,7425200,0.0,0.0,1.0,8.59000015258789,10.100000381469728
2023-04-28,CXAI,yfinance,10.880000114440918,17.639999389648438,10.100000381469728,12.59000015258789,12.59000015258789,15931500,0.0,0.0,1.0,10.880000114440918,12.59000015258789
2023-05-01,CXAI,yfinance,13.890000343322754,16.0,12.609999656677246,13.140000343322754,13.140000343322754,4487600,0.0,0.0,1.0,13.890000343322754,13.140000343322754
2023-05-02,CXAI,yfinance,13.949999809265137,14.989999771118164,12.251999855041504,13.279999732971191,13.279999732971191,1496400,0.0,0.0,1.0,13.949999809265137,13.279999732971191
2023-05-03,CXAI,yfinance,12.630000114440918,12.836000442504885,10.0,10.300000190734863,10.300000190734863,1196800,0.0,0.0,1.0,12.630000114440918,10.300000190734863
2023-05-04,CXAI,yfinance,11.199999809265137,12.140000343322754,10.399999618530272,10.68000030517578,10.68000030517578,994000,0.0,0.0,1.0,11.199999809265137,10.68000030517578
2023-05-05,CXAI,yfinance,10.800000190734863,10.800000190734863,10.0,10.470000267028809,10.470000267028809,668100,0.0,0.0,1.0,10.800000190734863,10.470000267028809
2023-05-08,CXAI,yfinance,10.65999984741211,11.197999954223633,9.199999809265137,9.520000457763672,9.520000457763672,837500,0.0,0.0,1.0,10.65999984741211,9.520000457763672
2023-05-09,CXAI,yfinance,9.619999885559082,9.720000267028809,8.90999984741211,9.149999618530272,9.149999618530272,361800,0.0,0.0,1.0,9.619999885559082,9.149999618530272
2023-05-10,CXAI,yfinance,8.850000381469727,9.0,7.900000095367432,8.270000457763672,8.270000457763672,414200,0.0,0.0,1.0,8.850000381469727,8.270000457763672
2023-05-11,CXAI,yfinance,8.369999885559082,8.369999885559082,7.75,7.929999828338623,7.929999828338623,234400,0.0,0.0,1.0,8.369999885559082,7.929999828338623
2023-05-12,CXAI,yfinance,8.140000343322754,8.600000381469727,7.25,8.550000190734863,8.550000190734863,447600,0.0,0.0,1.0,8.140000343322754,8.550000190734863
2023-05-15,CXAI,yfinance,8.100000381469727,9.279999732971191,7.729000091552734,8.609999656677246,8.609999656677246,919000,0.0,0.0,1.0,8.100000381469727,8.609999656677246
2023-05-16,CXAI,yfinance,8.649999618530273,8.850000381469727,7.821000099182129,8.130000114440918,8.130000114440918,283200,0.0,0.0,1.0,8.649999618530273,8.130000114440918
2023-05-17,CXAI,yfinance,7.96999979019165,8.199999809265137,7.050000190734863,7.170000076293945,7.170000076293945,528000,0.0,0.0,1.0,7.96999979019165,7.170000076293945
2023-05-18,CXAI,yfinance,7.400000095367432,8.100000381469727,7.239999771118164,7.360000133514404,7.360000133514404,771500,0.0,0.0,1.0,7.400000095367432,7.360000133514404
2023-05-19,CXAI,yfinance,7.150000095367432,7.360000133514404,7.010000228881836,7.199999809265137,7.199999809265137,274800,0.0,0.0,1.0,7.150000095367432,7.199999809265137
2023-05-22,CXAI,yfinance,7.239999771118164,8.220000267028809,6.829999923706055,7.559999942779541,7.559999942779541,777600,0.0,0.0,1.0,7.239999771118164,7.559999942779541
2023-05-23,CXAI,yfinance,7.599999904632568,7.889999866485596,7.079999923706055,7.260000228881836,7.260000228881836,264100,0.0,0.0,1.0,7.599999904632568,7.260000228881836
2023-05-24,CXAI,yfinance,7.059999942779541,7.21999979019165,6.800000190734863,6.96999979019165,6.96999979019165,233000,0.0,0.0,1.0,7.059999942779541,6.96999979019165
2023-05-25,CXAI,yfinance,7.179999828338623,7.328000068664551,6.329999923706055,6.599999904632568,6.599999904632568,480700,0.0,0.0,1.0,7.179999828338623,6.599999904632568
2023-05-26,CXAI,yfinance,6.460000038146973,7.760000228881836,6.369999885559082,7.289999961853027,7.289999961853027,859000,0.0,0.0,1.0,6.460000038146973,7.289999961853027
2023-05-30,CXAI,yfinance,7.510000228881836,11.970000267028809,7.179999828338623,11.199999809265137,11.199999809265137,5189000,0.0,0.0,1.0,7.510000228881836,11.199999809265137
2023-05-31,CXAI,yfinance,10.949999809265137,15.600000381469728,9.800000190734863,12.300000190734863,12.300000190734863,23129900,0.0,0.0,1.0,10.949999809265137,12.300000190734863
2023-06-01,CXAI,yfinance,11.210000038146973,12.739999771118164,10.600000381469728,10.789999961853027,10.789999961853027,2945200,0.0,0.0,1.0,11.210000038146973,10.789999961853027
2023-06-02,CXAI,yfinance,11.350000381469728,11.449999809265137,9.390000343322754,9.979999542236328,9.979999542236328,773600,0.0,0.0,1.0,11.350000381469728,9.979999542236328
2023-06-05,CXAI,yfinance,10.170000076293944,13.149999618530272,10.0,11.529999732971191,11.529999732971191,5943700,0.0,0.0,1.0,10.170000076293944,11.529999732971191
2023-06-06,CXAI,yfinance,11.06999969482422,12.25,10.510000228881836,11.800000190734863,11.800000190734863,2605100,0.0,0.0,1.0,11.06999969482422,11.800000190734863
2023-06-07,CXAI,yfinance,12.149999618530272,13.6899995803833,11.199999809265137,11.270000457763672,11.270000457763672,3135600,0.0,0.0,1.0,12.149999618530272,11.270000457763672
2023-06-08,CXAI,yfinance,11.199999809265137,11.789999961853027,10.640000343322754,11.140000343322754,11.140000343322754,805800,0.0,0.0,1.0,11.199999809265137,11.140000343322754
2023-06-09,CXAI,yfinance,11.380000114440918,12.0,10.800000190734863,11.359999656677246,11.359999656677246,1016000,0.0,0.0,1.0,11.380000114440918,11.359999656677246
2023-06-12,CXAI,yfinance,11.220000267028809,11.300000190734863,10.28499984741211,10.789999961853027,10.789999961853027,434800,0.0,0.0,1.0,11.220000267028809,10.789999961853027
2023-06-13,CXAI,yfinance,10.6899995803833,12.5,10.149999618530272,11.359999656677246,11.359999656677246,2519800,0.0,0.0,1.0,10.6899995803833,11.359999656677246
2023-06-14,CXAI,yfinance,11.0,11.600000381469728,10.5,10.600000381469728,10.600000381469728,847200,0.0,0.0,1.0,11.0,10.600000381469728
2023-06-15,CXAI,yfinance,10.600000381469728,12.130000114440918,10.503999710083008,11.239999771118164,11.239999771118164,1510600,0.0,0.0,1.0,10.600000381469728,11.239999771118164
2023-06-16,CXAI,yfinance,11.239999771118164,11.56999969482422,10.75,11.029999732971191,11.029999732971191,627000,0.0,0.0,1.0,11.239999771118164,11.029999732971191
2023-06-20,CXAI,yfinance,10.93000030517578,14.140000343322754,10.800000190734863,13.600000381469728,13.600000381469728,2728600,0.0,0.0,1.0,10.93000030517578,13.600000381469728
2023-06-21,CXAI,yfinance,13.18000030517578,13.489999771118164,10.949999809265137,11.899999618530272,11.899999618530272,1244800,0.0,0.0,1.0,13.18000030517578,11.899999618530272
2023-06-22,CXAI,yfinance,11.800000190734863,12.0,11.199999809265137,11.890000343322754,11.890000343322754,780600,0.0,0.0,1.0,11.800000190734863,11.890000343322754
2023-06-23,CXAI,yfinance,11.699999809265137,11.699999809265137,10.31999969482422,10.600000381469728,10.600000381469728,939900,0.0,0.0,1.0,11.699999809265137,10.600000381469728
2023-06-26,CXAI,yfinance,10.5600004196167,11.300000190734863,9.65999984741211,9.670000076293944,9.670000076293944,766800,0.0,0.0,1.0,10.5600004196167,9.670000076293944
2023-06-27,CXAI,yfinance,9.899999618530272,9.979999542236328,9.119000434875488,9.289999961853027,9.289999961853027,781000,0.0,0.0,1.0,9.899999618530272,9.289999961853027
2023-06-28,CXAI,yfinance,9.289999961853027,10.619999885559082,9.289999961853027,10.479999542236328,10.479999542236328,1055100,0.0,0.0,1.0,9.289999961853027,10.479999542236328
2023-06-29,CXAI,yfinance,10.15999984741211,10.699999809265137,9.90999984741211,10.449999809265137,10.449999809265137,390500,0.0,0.0,1.0,10.15999984741211,10.449999809265137
2023-06-30,CXAI,yfinance,10.5600004196167,11.25,10.420000076293944,10.920000076293944,10.920000076293944,577900,0.0,0.0,1.0,10.5600004196167,10.920000076293944
2023-07-03,CXAI,yfinance,11.0,11.0,10.399999618530272,10.579999923706056,10.579999923706056,228400,0.0,0.0,1.0,11.0,10.579999923706056
2023-07-05,CXAI,yfinance,10.579999923706056,11.3100004196167,10.420000076293944,10.609999656677246,10.609999656677246,639500,0.0,0.0,1.0,10.579999923706056,10.609999656677246
2023-07-06,CXAI,yfinance,10.460000038146973,10.520000457763672,9.880000114440918,10.510000228881836,10.510000228881836,303700,0.0,0.0,1.0,10.460000038146973,10.510000228881836
2023-07-07,CXAI,yfinance,10.300000190734863,10.529999732971191,9.779999732971191,10.229999542236328,10.229999542236328,526600,0.0,0.0,1.0,10.300000190734863,10.229999542236328
2023-07-10,CXAI,yfinance,9.850000381469728,9.949999809265137,9.149999618530272,9.550000190734863,9.550000190734863,617900,0.0,0.0,1.0,9.850000381469728,9.550000190734863
2023-07-11,CXAI,yfinance,9.609999656677246,10.199999809265137,9.5,9.579999923706056,9.579999923706056,475400,0.0,0.0,1.0,9.609999656677246,9.579999923706056
2023-07-12,CXAI,yfinance,9.8100004196167,9.8100004196167,9.229999542236328,9.609999656677246,9.609999656677246,289600,0.0,0.0,1.0,9.8100004196167,9.609999656677246
2023-07-13,CXAI,yfinance,9.539999961853027,10.09000015258789,9.449999809265137,9.65999984741211,9.65999984741211,373400,0.0,0.0,1.0,9.539999961853027,9.65999984741211
2023-07-14,CXAI,yfinance,9.699999809265137,9.699999809265137,8.140000343322754,8.1899995803833,8.1899995803833,955300,0.0,0.0,1.0,9.699999809265137,8.1899995803833
2023-07-17,CXAI,yfinance,8.40999984741211,8.789999961853027,8.225000381469727,8.539999961853027,8.539999961853027,362000,0.0,0.0,1.0,8.40999984741211,8.539999961853027
2023-07-18,CXAI,yfinance,8.5600004196167,8.5600004196167,7.650000095367432,7.985000133514404,7.985000133514404,769000,0.0,0.0,1.0,8.5600004196167,7.985000133514404
2023-07-19,CXAI,yfinance,8.149999618530273,8.1899995803833,7.590000152587891,7.650000095367432,7.650000095367432,424300,0.0,0.0,1.0,8.149999618530273,7.650000095367432
2023-07-20,CXAI,yfinance,7.539999961853027,7.75,6.869999885559082,7.059999942779541,7.059999942779541,716200,0.0,0.0,1.0,7.539999961853027,7.059999942779541
2023-07-21,CXAI,yfinance,7.210000038146973,8.199999809265137,7.130000114440918,7.210000038146973,7.210000038146973,1661400,0.0,0.0,1.0,7.210000038146973,7.210000038146973
2023-07-24,CXAI,yfinance,7.019999980926514,7.177999973297119,6.849999904632568,6.869999885559082,6.869999885559082,309800,0.0,0.0,1.0,7.019999980926514,6.869999885559082
2023-07-25,CXAI,yfinance,6.889999866485596,7.138000011444092,6.683000087738037,6.96999979019165,6.96999979019165,655100,0.0,0.0,1.0,6.889999866485596,6.96999979019165
2023-07-26,CXAI,yfinance,6.849999904632568,6.90500020980835,6.460000038146973,6.650000095367432,6.650000095367432,477900,0.0,0.0,1.0,6.849999904632568,6.650000095367432
2023-07-27,CXAI,yfinance,6.800000190734863,6.925000190734863,6.099999904632568,6.28000020980835,6.28000020980835,727000,0.0,0.0,1.0,6.800000190734863,6.28000020980835
2023-07-28,CXAI,yfinance,6.28000020980835,6.659999847412109,6.199999809265137,6.53000020980835,6.53000020980835,489500,0.0,0.0,1.0,6.28000020980835,6.53000020980835
2023-07-31,CXAI,yfinance,6.5,6.690000057220459,6.289999961853027,6.690000057220459,6.690000057220459,309800,0.0,0.0,1.0,6.5,6.690000057220459
2023-08-01,CXAI,yfinance,6.570000171661377,7.839000225067139,6.559999942779541,7.510000228881836,7.510000228881836,1389600,0.0,0.0,1.0,6.570000171661377,7.510000228881836
2023-08-02,CXAI,yfinance,7.21999979019165,7.400000095367432,6.75,7.130000114440918,7.130000114440918,410800,0.0,0.0,1.0,7.21999979019165,7.130000114440918
2023-08-03,CXAI,yfinance,7.019999980926514,8.079999923706055,7.0,7.650000095367432,7.650000095367432,655700,0.0,0.0,1.0,7.019999980926514,7.650000095367432
2023-08-04,CXAI,yfinance,7.820000171661377,7.849999904632568,7.210000038146973,7.320000171661377,7.320000171661377,318700,0.0,0.0,1.0,7.820000171661377,7.320000171661377
2023-08-07,CXAI,yfinance,7.269999980926514,7.269999980926514,6.550000190734863,6.769999980926514,6.769999980926514,318600,0.0,0.0,1.0,7.269999980926514,6.769999980926514
2023-08-08,CXAI,yfinance,6.659999847412109,6.699999809265137,6.369999885559082,6.480000019073486,6.480000019073486,157700,0.0,0.0,1.0,6.659999847412109,6.480000019073486
2023-08-09,CXAI,yfinance,6.53000020980835,6.590000152587891,6.230000019073486,6.309999942779541,6.309999942779541,141300,0.0,0.0,1.0,6.53000020980835,6.309999942779541
2023-08-10,CXAI,yfinance,6.320000171661377,6.909999847412109,6.320000171661377,6.75,6.75,228900,0.0,0.0,1.0,6.320000171661377,6.75
2023-08-11,CXAI,yfinance,6.5,6.920000076293945,6.5,6.650000095367432,6.650000095367432,177200,0.0,0.0,1.0,6.5,6.650000095367432
2023-08-14,CXAI,yfinance,6.630000114440918,6.630000114440918,6.070000171661377,6.130000114440918,6.130000114440918,217800,0.0,0.0,1.0,6.630000114440918,6.130000114440918
2023-08-15,CXAI,yfinance,6.289999961853027,6.489999771118164,6.079999923706055,6.079999923706055,6.079999923706055,212200,0.0,0.0,1.0,6.289999961853027,6.079999923706055
2023-08-16,CXAI,yfinance,6.019999980926514,6.099999904632568,4.900000095367432,4.960000038146973,4.960000038146973,397700,0.0,0.0,1.0,6.019999980926514,4.960000038146973
2023-08-17,CXAI,yfinance,5.0,5.010000228881836,4.309999942779541,4.340000152587891,4.340000152587891,326700,0.0,0.0,1.0,5.0,4.340000152587891
2023-08-18,CXAI,yfinance,4.199999809265137,4.320000171661377,4.059999942779541,4.110000133514404,4.110000133514404,175200,0.0,0.0,1.0,4.199999809265137,4.110000133514404
2023-08-21,CXAI,yfinance,4.150000095367432,4.789999961853027,4.0,4.679999828338623,4.679999828338623,260100,0.0,0.0,1.0,4.150000095367432,4.679999828338623
2023-08-22,CXAI,yfinance,4.760000228881836,4.769999980926514,4.449999809265137,4.679999828338623,4.679999828338623,178400,0.0,0.0,1.0,4.760000228881836,4.679999828338623
2023-08-23,CXAI,yfinance,4.53000020980835,4.788000106811523,4.380000114440918,4.670000076293945,4.670000076293945,213300,0.0,0.0,1.0,4.53000020980835,4.670000076293945
2023-08-24,CXAI,yfinance,4.78000020980835,4.78000020980835,4.329999923706055,4.400000095367432,4.400000095367432,157900,0.0,0.0,1.0,4.78000020980835,4.400000095367432
2023-08-25,CXAI,yfinance,4.409999847412109,4.460000038146973,4.168000221252441,4.429999828338623,4.429999828338623,111800,0.0,0.0,1.0,4.409999847412109,4.429999828338623
2023-08-28,CXAI,yfinance,4.400000095367432,4.690000057220459,4.360000133514404,4.590000152587891,4.590000152587891,118500,0.0,0.0,1.0,4.400000095367432,4.590000152587891
2023-08-29,CXAI,yfinance,4.5,4.929999828338623,4.409999847412109,4.699999809265137,4.699999809265137,134200,0.0,0.0,1.0,4.5,4.699999809265137
2023-08-30,CXAI,yfinance,4.75,4.900000095367432,4.449999809265137,4.5,4.5,144100,0.0,0.0,1.0,4.75,4.5
2023-08-31,CXAI,yfinance,4.389999866485596,4.427999973297119,3.880000114440918,3.9700000286102295,3.9700000286102295,372600,0.0,0.0,1.0,4.389999866485596,3.9700000286102295
2023-09-01,CXAI,yfinance,3.9700000286102295,3.9700000286102295,2.9200000762939453,3.150000095367432,3.150000095367432,1218100,0.0,0.0,1.0,3.9700000286102295,3.150000095367432
2023-09-05,CXAI,yfinance,3.109999895095825,5.690000057220459,3.0999999046325684,4.809999942779541,4.809999942779541,11513600,0.0,0.0,1.0,3.109999895095825,4.809999942779541
2023-09-06,CXAI,yfinance,4.570000171661377,4.659999847412109,3.5799999237060547,3.75,3.75,1820800,0.0,0.0,1.0,4.570000171661377,3.75
2023-09-07,CXAI,yfinance,3.650000095367432,3.7100000381469727,3.319999933242798,3.490000009536743,3.490000009536743,423400,0.0,0.0,1.0,3.650000095367432,3.490000009536743
2023-09-08,CXAI,yfinance,3.4100000858306885,3.609999895095825,3.25,3.2799999713897705,3.2799999713897705,411800,0.0,0.0,1.0,3.4100000858306885,3.2799999713897705
2023-09-11,CXAI,yfinance,2.880000114440918,2.881999969482422,2.240000009536743,2.319999933242798,2.319999933242798,2908100,0.0,0.0,1.0,2.880000114440918,2.319999933242798
2023-09-12,CXAI,yfinance,1.9700000286102293,1.9800000190734863,1.75,1.830000042915344,1.830000042915344,3666800,0.0,0.0,1.0,1.9700000286102293,1.830000042915344
2023-09-13,CXAI,yfinance,1.909999966621399,2.259999990463257,1.8899999856948853,1.9600000381469729,1.9600000381469729,5587700,0.0,0.0,1.0,1.909999966621399,1.9600000381469729
2023-09-14,CXAI,yfinance,1.899999976158142,2.0199999809265137,1.7000000476837158,1.909999966621399,1.909999966621399,1400500,0.0,0.0,1.0,1.899999976158142,1.909999966621399
2023-09-15,CXAI,yfinance,1.899999976158142,1.899999976158142,1.7699999809265137,1.830000042915344,1.830000042915344,943300,0.0,0.0,1.0,1.899999976158142,1.830000042915344
2023-09-18,CXAI,yfinance,1.7699999809265137,1.850000023841858,1.7000000476837158,1.7200000286102295,1.7200000286102295,901800,0.0,0.0,1.0,1.7699999809265137,1.7200000286102295
2023-09-19,CXAI,yfinance,1.6799999475479126,1.7799999713897705,1.6200000047683716,1.6799999475479126,1.6799999475479126,766100,0.0,0.0,1.0,1.6799999475479126,1.6799999475479126
2023-09-20,CXAI,yfinance,1.690000057220459,1.75,1.649999976158142,1.6799999475479126,1.6799999475479126,430700,0.0,0.0,1.0,1.690000057220459,1.6799999475479126
2023-09-21,CXAI,yfinance,1.659999966621399,1.7100000381469729,1.559999942779541,1.590000033378601,1.590000033378601,587000,0.0,0.0,1.0,1.659999966621399,1.590000033378601
2023-09-22,CXAI,yfinance,1.6299999952316284,1.7200000286102295,1.5099999904632568,1.5499999523162842,1.5499999523162842,1005900,0.0,0.0,1.0,1.6299999952316284,1.5499999523162842
2023-09-25,CXAI,yfinance,1.5299999713897705,1.7100000381469729,1.5199999809265137,1.590000033378601,1.590000033378601,631600,0.0,0.0,1.0,1.5299999713897705,1.590000033378601
2023-09-26,CXAI,yfinance,1.5299999713897705,1.5679999589920044,1.2899999618530271,1.4950000047683716,1.4950000047683716,712000,0.0,0.0,1.0,1.5299999713897705,1.4950000047683716
2023-09-27,CXAI,yfinance,1.590000033378601,1.590000033378601,1.4800000190734863,1.5499999523162842,1.5499999523162842,805200,0.0,0.0,1.0,1.590000033378601,1.5499999523162842
2023-09-28,CXAI,yfinance,1.7000000476837158,1.8049999475479128,1.5210000276565552,1.690000057220459,1.690000057220459,2055800,0.0,0.0,1.0,1.7000000476837158,1.690000057220459
2023-09-29,CXAI,yfinance,1.6299999952316284,1.870000004768372,1.6299999952316284,1.809999942779541,1.809999942779541,1138300,0.0,0.0,1.0,1.6299999952316284,1.809999942779541
2023-10-02,CXAI,yfinance,1.899999976158142,1.9700000286102293,1.690000057220459,1.7999999523162842,1.7999999523162842,964200,0.0,0.0,1.0,1.899999976158142,1.7999999523162842
2023-10-03,CXAI,yfinance,1.7899999618530271,1.830000042915344,1.7200000286102295,1.7300000190734863,1.7300000190734863,444300,0.0,0.0,1.0,1.7899999618530271,1.7300000190734863
2023-10-04,CXAI,yfinance,1.7200000286102295,1.7899999618530271,1.659999966621399,1.690000057220459,1.690000057220459,330900,0.0,0.0,1.0,1.7200000286102295,1.690000057220459
2023-10-05,CXAI,yfinance,1.7200000286102295,1.7699999809265137,1.649999976158142,1.7699999809265137,1.7699999809265137,325000,0.0,0.0,1.0,1.7200000286102295,1.7699999809265137
2023-10-06,CXAI,yfinance,1.75,1.809999942779541,1.6299999952316284,1.6799999475479126,1.6799999475479126,587800,0.0,0.0,1.0,1.75,1.6799999475479126
2023-10-09,CXAI,yfinance,1.6799999475479126,1.7699999809265137,1.590000033378601,1.6299999952316284,1.6299999952316284,290400,0.0,0.0,1.0,1.6799999475479126,1.6299999952316284
2023-10-10,CXAI,yfinance,1.649999976158142,1.6699999570846558,1.6050000190734863,1.6299999952316284,1.6299999952316284,250600,0.0,0.0,1.0,1.649999976158142,1.6299999952316284
2023-10-11,CXAI,yfinance,1.6299999952316284,1.6699999570846558,1.5299999713897705,1.5399999618530271,1.5399999618530271,393300,0.0,0.0,1.0,1.6299999952316284,1.5399999618530271
2023-10-12,CXAI,yfinance,1.5399999618530271,1.590000033378601,1.4600000381469729,1.5,1.5,238500,0.0,0.0,1.0,1.5399999618530271,1.5
2023-10-13,CXAI,yfinance,1.5499999523162842,1.5800000429153442,1.4800000190734863,1.5700000524520874,1.5700000524520874,329800,0.0,0.0,1.0,1.5499999523162842,1.5700000524520874
2023-10-16,CXAI,yfinance,1.5800000429153442,1.6799999475479126,1.5299999713897705,1.6399999856948853,1.6399999856948853,359800,0.0,0.0,1.0,1.5800000429153442,1.6399999856948853
2023-10-17,CXAI,yfinance,1.6200000047683716,1.649999976158142,1.600000023841858,1.6100000143051147,1.6100000143051147,141400,0.0,0.0,1.0,1.6200000047683716,1.6100000143051147
2023-10-18,CXAI,yfinance,1.6200000047683716,1.6200000047683716,1.5299999713897705,1.5299999713897705,1.5299999713897705,253900,0.0,0.0,1.0,1.6200000047683716,1.5299999713897705
2023-10-19,CXAI,yfinance,1.5299999713897705,1.559999942779541,1.350000023841858,1.3799999952316284,1.3799999952316284,461600,0.0,0.0,1.0,1.5299999713897705,1.3799999952316284
2023-10-20,CXAI,yfinance,1.3799999952316284,1.4199999570846558,1.2999999523162842,1.3350000381469729,1.3350000381469729,269100,0.0,0.0,1.0,1.3799999952316284,1.3350000381469729
2023-10-23,CXAI,yfinance,1.3600000143051147,1.409999966621399,1.2999999523162842,1.309999942779541,1.309999942779541,242400,0.0,0.0,1.0,1.3600000143051147,1.309999942779541
2023-10-24,CXAI,yfinance,1.350000023841858,1.4199999570846558,1.3309999704360962,1.3700000047683716,1.3700000047683716,215500,0.0,0.0,1.0,1.350000023841858,1.3700000047683716
2023-10-25,CXAI,yfinance,1.3899999856948853,1.468999981880188,1.340000033378601,1.350000023841858,1.350000023841858,266900,0.0,0.0,1.0,1.3899999856948853,1.350000023841858
2023-10-26,CXAI,yfinance,1.350000023841858,1.3600000143051147,1.25,1.2699999809265137,1.2699999809265137,334200,0.0,0.0,1.0,1.350000023841858,1.2699999809265137
2023-10-27,CXAI,yfinance,1.2999999523162842,1.2999999523162842,1.2000000476837158,1.2200000286102295,1.2200000286102295,297500,0.0,0.0,1.0,1.2999999523162842,1.2200000286102295
2023-10-30,CXAI,yfinance,1.2200000286102295,1.2599999904632568,1.1699999570846558,1.2300000190734863,1.2300000190734863,266200,0.0,0.0,1.0,1.2200000286102295,1.2300000190734863
2023-10-31,CXAI,yfinance,1.2000000476837158,1.25600004196167,1.1799999475479126,1.2300000190734863,1.2300000190734863,275400,0.0,0.0,1.0,1.2000000476837158,1.2300000190734863
2023-11-01,CXAI,yfinance,1.2000000476837158,1.2400000095367432,1.1799999475479126,1.2100000381469729,1.2100000381469729,231700,0.0,0.0,1.0,1.2000000476837158,1.2100000381469729
2023-11-02,CXAI,yfinance,1.2200000286102295,1.4500000476837158,1.2200000286102295,1.3799999952316284,1.3799999952316284,897200,0.0,0.0,1.0,1.2200000286102295,1.3799999952316284
2023-11-03,CXAI,yfinance,1.399999976158142,1.6699999570846558,1.3799999952316284,1.5700000524520874,1.5700000524520874,1088300,0.0,0.0,1.0,1.399999976158142,1.5700000524520874
2023-11-06,CXAI,yfinance,1.6100000143051147,1.6399999856948853,1.350000023841858,1.3899999856948853,1.3899999856948853,847800,0.0,0.0,1.0,1.6100000143051147,1.3899999856948853
2023-11-07,CXAI,yfinance,1.4600000381469729,1.4600000381469729,1.3200000524520874,1.3799999952316284,1.3799999952316284,336000,0.0,0.0,1.0,1.4600000381469729,1.3799999952316284
2023-11-08,CXAI,yfinance,1.3899999856948853,1.3899999856948853,1.2599999904632568,1.2949999570846558,1.2949999570846558,351900,0.0,0.0,1.0,1.3899999856948853,1.2949999570846558
2023-11-09,CXAI,yfinance,1.309999942779541,1.3300000429153442,1.2319999933242798,1.25,1.25,227500,0.0,0.0,1.0,1.309999942779541,1.25
2023-11-10,CXAI,yfinance,1.25,1.3600000143051147,1.2000000476837158,1.3600000143051147,1.3600000143051147,451100,0.0,0.0,1.0,1.25,1.3600000143051147
2023-11-13,CXAI,yfinance,1.4299999475479126,1.5199999809265137,1.3300000429153442,1.4800000190734863,1.4800000190734863,673200,0.0,0.0,1.0,1.4299999475479126,1.4800000190734863
2023-11-14,CXAI,yfinance,1.600000023841858,1.6089999675750732,1.399999976158142,1.399999976158142,1.399999976158142,1019100,0.0,0.0,1.0,1.600000023841858,1.399999976158142
2023-11-15,CXAI,yfinance,1.649999976158142,1.649999976158142,1.4299999475479126,1.4700000286102295,1.4700000286102295,1065600,0.0,0.0,1.0,1.649999976158142,1.4700000286102295
2023-11-16,CXAI,yfinance,1.5299999713897705,1.5299999713897705,1.309999942779541,1.3600000143051147,1.3600000143051147,372600,0.0,0.0,1.0,1.5299999713897705,1.3600000143051147
2023-11-17,CXAI,yfinance,1.3899999856948853,1.3899999856948853,1.25,1.3600000143051147,1.3600000143051147,369000,0.0,0.0,1.0,1.3899999856948853,1.3600000143051147
2023-11-20,CXAI,yfinance,1.399999976158142,1.5449999570846558,1.3700000047683716,1.5099999904632568,1.5099999904632568,562400,0.0,0.0,1.0,1.399999976158142,1.5099999904632568
2023-11-21,CXAI,yfinance,1.4700000286102295,1.4850000143051147,1.409999966621399,1.4600000381469729,1.4600000381469729,162800,0.0,0.0,1.0,1.4700000286102295,1.4600000381469729
2023-11-22,CXAI,yfinance,1.5,1.5299999713897705,1.38100004196167,1.409999966621399,1.409999966621399,279800,0.0,0.0,1.0,1.5,1.409999966621399
2023-11-24,CXAI,yfinance,1.399999976158142,1.4199999570846558,1.350000023841858,1.3700000047683716,1.3700000047683716,111800,0.0,0.0,1.0,1.399999976158142,1.3700000047683716
2023-11-27,CXAI,yfinance,1.3899999856948853,1.409999966621399,1.350000023841858,1.3700000047683716,1.3700000047683716,165000,0.0,0.0,1.0,1.3899999856948853,1.3700000047683716
2023-11-28,CXAI,yfinance,1.340000033378601,1.4320000410079956,1.340000033378601,1.3600000143051147,1.3600000143051147,186600,0.0,0.0,1.0,1.340000033378601,1.3600000143051147
2023-11-29,CXAI,yfinance,1.3899999856948853,1.440000057220459,1.3600000143051147,1.3600000143051147,1.3600000143051147,277800,0.0,0.0,1.0,1.3899999856948853,1.3600000143051147
2023-11-30,CXAI,yfinance,1.3600000143051147,1.399999976158142,1.350000023841858,1.3700000047683716,1.3700000047683716,211600,0.0,0.0,1.0,1.3600000143051147,1.3700000047683716
2023-12-01,CXAI,yfinance,1.3700000047683716,1.5470000505447388,1.350000023841858,1.4900000095367432,1.4900000095367432,349400,0.0,0.0,1.0,1.3700000047683716,1.4900000095367432
2023-12-04,CXAI,yfinance,1.4600000381469729,1.5399999618530271,1.4500000476837158,1.5,1.5,317600,0.0,0.0,1.0,1.4600000381469729,1.5
2023-12-05,CXAI,yfinance,1.5099999904632568,1.590000033378601,1.4500000476837158,1.4600000381469729,1.4600000381469729,244200,0.0,0.0,1.0,1.5099999904632568,1.4600000381469729
2023-12-06,CXAI,yfinance,1.5,1.5,1.3899999856948853,1.4299999475479126,1.4299999475479126,214300,0.0,0.0,1.0,1.5,1.4299999475479126
2023-12-07,CXAI,yfinance,1.4500000476837158,1.4700000286102295,1.3700000047683716,1.4199999570846558,1.4199999570846558,165100,0.0,0.0,1.0,1.4500000476837158,1.4199999570846558
2023-12-08,CXAI,yfinance,1.409999966621399,1.440000057220459,1.3799999952316284,1.399999976158142,1.399999976158142,123900,0.0,0.0,1.0,1.409999966621399,1.399999976158142
2023-12-11,CXAI,yfinance,1.4500000476837158,1.5,1.3600000143051147,1.4299999475479126,1.4299999475479126,489300,0.0,0.0,1.0,1.4500000476837158,1.4299999475479126
2023-12-12,CXAI,yfinance,1.4199999570846558,1.440000057220459,1.3600000143051147,1.440000057220459,1.440000057220459,163100,0.0,0.0,1.0,1.4199999570846558,1.440000057220459
2023-12-13,CXAI,yfinance,1.4500000476837158,1.4500000476837158,1.3700000047683716,1.3799999952316284,1.3799999952316284,143400,0.0,0.0,1.0,1.4500000476837158,1.3799999952316284
2023-12-14,CXAI,yfinance,1.3899999856948853,1.4900000095367432,1.3899999856948853,1.409999966621399,1.409999966621399,328700,0.0,0.0,1.0,1.3899999856948853,1.409999966621399
2023-12-15,CXAI,yfinance,1.4199999570846558,1.440000057220459,1.2300000190734863,1.2999999523162842,1.2999999523162842,628200,0.0,0.0,1.0,1.4199999570846558,1.2999999523162842
2023-12-18,CXAI,yfinance,1.340000033378601,1.350000023841858,1.2799999713897705,1.2899999618530271,1.2899999618530271,371000,0.0,0.0,1.0,1.340000033378601,1.2899999618530271
2023-12-19,CXAI,yfinance,1.2899999618530271,1.3600000143051147,1.2899999618530271,1.3200000524520874,1.3200000524520874,245200,0.0,0.0,1.0,1.2899999618530271,1.3200000524520874
2023-12-20,CXAI,yfinance,1.309999942779541,1.3600000143051147,1.25,1.2899999618530271,1.2899999618530271,434800,0.0,0.0,1.0,1.309999942779541,1.2899999618530271
2023-12-21,CXAI,yfinance,1.2999999523162842,1.3300000429153442,1.25,1.2899999618530271,1.2899999618530271,186900,0.0,0.0,1.0,1.2999999523162842,1.2899999618530271
2023-12-22,CXAI,yfinance,1.2699999809265137,1.3700000047683716,1.2699999809265137,1.350000023841858,1.350000023841858,276200,0.0,0.0,1.0,1.2699999809265137,1.350000023841858
2023-12-26,CXAI,yfinance,1.340000033378601,1.4299999475479126,1.309999942779541,1.3700000047683716,1.3700000047683716,304300,0.0,0.0,1.0,1.340000033378601,1.3700000047683716
2023-12-27,CXAI,yfinance,1.399999976158142,1.409999966621399,1.3200000524520874,1.340000033378601,1.340000033378601,233400,0.0,0.0,1.0,1.399999976158142,1.340000033378601
2023-12-28,CXAI,yfinance,1.340000033378601,1.3899999856948853,1.3300000429153442,1.3600000143051147,1.3600000143051147,234300,0.0,0.0,1.0,1.340000033378601,1.3600000143051147
2023-12-29,CXAI,yfinance,1.340000033378601,1.3799999952316284,1.2899999618530271,1.2899999618530271,1.2899999618530271,404600,0.0,0.0,1.0,1.340000033378601,1.2899999618530271
2024-01-02,CXAI,yfinance,1.340000033378601,1.340000033378601,1.2300000190734863,1.25,1.25,540600,0.0,0.0,1.0,1.340000033378601,1.25
2024-01-03,CXAI,yfinance,1.2400000095367432,1.2599999904632568,1.1699999570846558,1.2000000476837158,1.2000000476837158,388400,0.0,0.0,1.0,1.2400000095367432,1.2000000476837158
2024-01-04,CXAI,yfinance,1.2100000381469729,1.2300000190734863,1.1799999475479126,1.2000000476837158,1.2000000476837158,212900,0.0,0.0,1.0,1.2100000381469729,1.2000000476837158
2024-01-05,CXAI,yfinance,1.2000000476837158,1.2400000095367432,1.1950000524520874,1.2100000381469729,1.2100000381469729,126800,0.0,0.0,1.0,1.2000000476837158,1.2100000381469729
2024-01-08,CXAI,yfinance,1.2100000381469729,1.2309999465942385,1.1200000047683716,1.190000057220459,1.190000057220459,618300,0.0,0.0,1.0,1.2100000381469729,1.190000057220459
2024-01-09,CXAI,yfinance,1.190000057220459,1.2300000190734863,1.159999966621399,1.2200000286102295,1.2200000286102295,188500,0.0,0.0,1.0,1.190000057220459,1.2200000286102295
2024-01-10,CXAI,yfinance,1.2200000286102295,1.2599999904632568,1.2000000476837158,1.25,1.25,189900,0.0,0.0,1.0,1.2200000286102295,1.25
2024-01-11,CXAI,yfinance,1.25,1.25,1.1699999570846558,1.2100000381469729,1.2100000381469729,172400,0.0,0.0,1.0,1.25,1.2100000381469729
2024-01-12,CXAI,yfinance,1.2200000286102295,1.241000056266785,1.149999976158142,1.1799999475479126,1.1799999475479126,116000,0.0,0.0,1.0,1.2200000286102295,1.1799999475479126
2024-01-16,CXAI,yfinance,1.159999966621399,1.1699999570846558,1.059999942779541,1.0800000429153442,1.0800000429153442,339300,0.0,0.0,1.0,1.159999966621399,1.0800000429153442
2024-01-17,CXAI,yfinance,1.0499999523162842,1.0700000524520874,1.0299999713897705,1.059999942779541,1.059999942779541,141900,0.0,0.0,1.0,1.0499999523162842,1.059999942779541
2024-01-18,CXAI,yfinance,1.090000033378601,1.090000033378601,1.0399999618530271,1.0399999618530271,1.0399999618530271,104700,0.0,0.0,1.0,1.090000033378601,1.0399999618530271
2024-01-19,CXAI,yfinance,1.0700000524520874,1.149999976158142,1.0299999713897705,1.1399999856948853,1.1399999856948853,216800,0.0,0.0,1.0,1.0700000524520874,1.1399999856948853
2024-01-22,CXAI,yfinance,1.1200000047683716,1.6200000047683716,1.1119999885559082,1.3799999952316284,1.3799999952316284,5709100,0.0,0.0,1.0,1.1200000047683716,1.3799999952316284
2024-01-23,CXAI,yfinance,1.4299999475479126,1.7000000476837158,1.2200000286102295,1.3200000524520874,1.3200000524520874,2322300,0.0,0.0,1.0,1.4299999475479126,1.3200000524520874
2024-01-24,CXAI,yfinance,1.3700000047683716,1.3700000047683716,1.2300000190734863,1.25,1.25,566900,0.0,0.0,1.0,1.3700000047683716,1.25
2024-01-25,CXAI,yfinance,1.2899999618530271,1.3200000524520874,1.1449999809265137,1.1699999570846558,1.1699999570846558,388100,0.0,0.0,1.0,1.2899999618530271,1.1699999570846558
2024-01-26,CXAI,yfinance,1.159999966621399,1.2799999713897705,1.159999966621399,1.2200000286102295,1.2200000286102295,267300,0.0,0.0,1.0,1.159999966621399,1.2200000286102295
2024-01-29,CXAI,yfinance,1.2400000095367432,1.3200000524520874,1.2000000476837158,1.2200000286102295,1.2200000286102295,542500,0.0,0.0,1.0,1.2400000095367432,1.2200000286102295
2024-01-30,CXAI,yfinance,1.2100000381469729,1.2699999809265137,1.1699999570846558,1.2100000381469729,1.2100000381469729,238300,0.0,0.0,1.0,1.2100000381469729,1.2100000381469729
2024-01-31,CXAI,yfinance,1.2200000286102295,1.2200000286102295,1.0800000429153442,1.1200000047683716,1.1200000047683716,449800,0.0,0.0,1.0,1.2200000286102295,1.1200000047683716
2024-02-01,CXAI,yfinance,1.159999966621399,1.1799999475479126,1.1100000143051147,1.149999976158142,1.149999976158142,196900,0.0,0.0,1.0,1.159999966621399,1.149999976158142
2024-02-02,CXAI,yfinance,1.1299999952316284,1.1699999570846558,1.1130000352859497,1.1299999952316284,1.1299999952316284,203300,0.0,0.0,1.0,1.1299999952316284,1.1299999952316284
2024-02-05,CXAI,yfinance,1.1399999856948853,1.2000000476837158,1.100000023841858,1.190000057220459,1.190000057220459,371700,0.0,0.0,1.0,1.1399999856948853,1.190000057220459
2024-02-06,CXAI,yfinance,1.1799999475479126,1.2599999904632568,1.125,1.2050000429153442,1.2050000429153442,393700,0.0,0.0,1.0,1.1799999475479126,1.2050000429153442
2024-02-07,CXAI,yfinance,1.2200000286102295,1.2300000190734863,1.149999976158142,1.2000000476837158,1.2000000476837158,151900,0.0,0.0,1.0,1.2200000286102295,1.2000000476837158
2024-02-08,CXAI,yfinance,1.2300000190734863,1.2799999713897705,1.2200000286102295,1.25,1.25,415400,0.0,0.0,1.0,1.2300000190734863,1.25
2024-02-09,CXAI,yfinance,1.2999999523162842,1.4700000286102295,1.2699999809265137,1.2999999523162842,1.2999999523162842,1063200,0.0,0.0,1.0,1.2999999523162842,1.2999999523162842
2024-02-12,CXAI,yfinance,1.2999999523162842,1.4500000476837158,1.2999999523162842,1.3300000429153442,1.3300000429153442,510900,0.0,0.0,1.0,1.2999999523162842,1.3300000429153442
2024-02-13,CXAI,yfinance,1.2699999809265137,1.3300000429153442,1.2200000286102295,1.2799999713897705,1.2799999713897705,288700,0.0,0.0,1.0,1.2699999809265137,1.2799999713897705
2024-02-14,CXAI,yfinance,1.2999999523162842,1.3799999952316284,1.2699999809265137,1.3600000143051147,1.3600000143051147,317600,0.0,0.0,1.0,1.2999999523162842,1.3600000143051147
2024-02-15,CXAI,yfinance,1.5099999904632568,1.656999945640564,1.399999976158142,1.5499999523162842,1.5499999523162842,2160000,0.0,0.0,1.0,1.5099999904632568,1.5499999523162842
2024-02-16,CXAI,yfinance,1.6299999952316284,1.7899999618530271,1.4500000476837158,1.5399999618530271,1.5399999618530271,1903800,0.0,0.0,1.0,1.6299999952316284,1.5399999618530271
2024-02-20,CXAI,yfinance,1.4700000286102295,1.5199999809265137,1.350000023841858,1.4800000190734863,1.4800000190734863,473200,0.0,0.0,1.0,1.4700000286102295,1.4800000190734863
2024-02-21,CXAI,yfinance,1.409999966621399,1.4470000267028809,1.3600000143051147,1.3799999952316284,1.3799999952316284,200700,0.0,0.0,1.0,1.409999966621399,1.3799999952316284
2024-02-22,CXAI,yfinance,1.409999966621399,1.4589999914169312,1.3200000524520874,1.340000033378601,1.340000033378601,376700,0.0,0.0,1.0,1.409999966621399,1.340000033378601
2024-02-23,CXAI,yfinance,1.3200000524520874,1.3359999656677246,1.2000000476837158,1.274999976158142,1.274999976158142,353900,0.0,0.0,1.0,1.3200000524520874,1.274999976158142
2024-02-26,CXAI,yfinance,1.2699999809265137,1.6299999952316284,1.2699999809265137,1.5499999523162842,1.5499999523162842,1344400,0.0,0.0,1.0,1.2699999809265137,1.5499999523162842
2024-02-27,CXAI,yfinance,1.6699999570846558,3.450000047683716,1.5299999713897705,2.819999933242798,2.819999933242798,100179100,0.0,0.0,1.0,1.6699999570846558,2.819999933242798
2024-02-28,CXAI,yfinance,2.799999952316284,2.900000095367432,2.309999942779541,2.369999885559082,2.369999885559082,7942100,0.0,0.0,1.0,2.799999952316284,2.369999885559082
2024-02-29,CXAI,yfinance,2.470000028610229,3.450000047683716,2.369999885559082,2.9800000190734863,2.9800000190734863,19911800,0.0,0.0,1.0,2.470000028610229,2.9800000190734863
2024-03-01,CXAI,yfinance,2.720000028610229,3.450000047683716,2.609999895095825,2.819999933242798,2.819999933242798,6536000,0.0,0.0,1.0,2.720000028610229,2.819999933242798
2024-03-04,CXAI,yfinance,2.9600000381469727,3.2699999809265137,2.3499999046325684,2.539999961853028,2.539999961853028,5532200,0.0,0.0,1.0,2.9600000381469727,2.539999961853028
2024-03-05,CXAI,yfinance,2.5899999141693115,2.5999999046325684,1.909999966621399,2.109999895095825,2.109999895095825,2648900,0.0,0.0,1.0,2.5899999141693115,2.109999895095825
2024-03-06,CXAI,yfinance,2.0899999141693115,2.3499999046325684,1.9600000381469729,2.130000114440918,2.130000114440918,2305300,0.0,0.0,1.0,2.0899999141693115,2.130000114440918
2024-03-07,CXAI,yfinance,2.109999895095825,2.299999952316284,2.059999942779541,2.119999885559082,2.119999885559082,1362600,0.0,0.0,1.0,2.109999895095825,2.119999885559082
2024-03-08,CXAI,yfinance,2.190000057220459,2.305000066757202,1.75,1.8799999952316284,1.8799999952316284,1964500,0.0,0.0,1.0,2.190000057220459,1.8799999952316284
2024-03-11,CXAI,yfinance,1.850000023841858,1.9700000286102293,1.7799999713897705,1.9299999475479128,1.9299999475479128,689000,0.0,0.0,1.0,1.850000023841858,1.9299999475479128
2024-03-12,CXAI,yfinance,1.9800000190734863,2.0899999141693115,1.830000042915344,2.0299999713897705,2.0299999713897705,961800,0.0,0.0,1.0,1.9800000190734863,2.0299999713897705
2024-03-13,CXAI,yfinance,2.259999990463257,3.3299999237060547,2.1700000762939453,3.240000009536743,3.240000009536743,25039200,0.0,0.0,1.0,2.259999990463257,3.240000009536743
2024-03-14,CXAI,yfinance,3.0899999141693115,3.109999895095825,2.470000028610229,2.6549999713897705,2.6549999713897705,5418900,0.0,0.0,1.0,3.0899999141693115,2.6549999713897705
2024-03-15,CXAI,yfinance,2.690000057220459,3.309999942779541,2.6600000858306885,2.9100000858306885,2.9100000858306885,6139600,0.0,0.0,1.0,2.690000057220459,2.9100000858306885
2024-03-18,CXAI,yfinance,3.0,3.0,2.6600000858306885,2.8299999237060547,2.8299999237060547,2068600,0.0,0.0,1.0,3.0,2.8299999237060547
2024-03-19,CXAI,yfinance,2.700000047683716,2.7699999809265137,2.220000028610229,2.569999933242798,2.569999933242798,1812700,0.0,0.0,1.0,2.700000047683716,2.569999933242798
2024-03-20,CXAI,yfinance,2.609999895095825,2.9600000381469727,2.4800000190734863,2.809999942779541,2.809999942779541,1568700,0.0,0.0,1.0,2.609999895095825,2.809999942779541
2024-03-21,CXAI,yfinance,2.880000114440918,2.9600000381469727,2.4200000762939453,2.4800000190734863,2.4800000190734863,1822900,0.0,0.0,1.0,2.880000114440918,2.4800000190734863
2024-03-22,CXAI,yfinance,2.430000066757202,2.525000095367432,2.3299999237060547,2.390000104904175,2.390000104904175,651100,0.0,0.0,1.0,2.430000066757202,2.390000104904175
2024-03-25,CXAI,yfinance,2.359999895095825,2.440000057220459,2.309999942779541,2.3399999141693115,2.3399999141693115,839100,0.0,0.0,1.0,2.359999895095825,2.3399999141693115
2024-03-26,CXAI,yfinance,2.3499999046325684,2.382999897003174,2.220000028610229,2.299999952316284,2.299999952316284,384300,0.0,0.0,1.0,2.3499999046325684,2.299999952316284
2024-03-27,CXAI,yfinance,2.299999952316284,2.470000028610229,2.150000095367432,2.380000114440918,2.380000114440918,796400,0.0,0.0,1.0,2.299999952316284,2.380000114440918
2024-03-28,CXAI,yfinance,2.430000066757202,2.634999990463257,2.390000104904175,2.450000047683716,2.450000047683716,894000,0.0,0.0,1.0,2.430000066757202,2.450000047683716
2024-04-01,CXAI,yfinance,3.7799999713897705,7.070000171661377,3.5299999713897705,6.150000095367432,6.150000095367432,239762100,0.0,0.0,1.0,3.7799999713897705,6.150000095367432
2024-04-02,CXAI,yfinance,4.889999866485596,5.159999847412109,4.110000133514404,4.480000019073486,4.480000019073486,18410900,0.0,0.0,1.0,4.889999866485596,4.480000019073486
2024-04-03,CXAI,yfinance,4.75,5.610000133514404,4.730000019073486,4.940000057220459,4.940000057220459,30724800,0.0,0.0,1.0,4.75,4.940000057220459
2024-04-04,CXAI,yfinance,4.889999866485596,5.150000095367432,4.308000087738037,4.690000057220459,4.690000057220459,6150100,0.0,0.0,1.0,4.889999866485596,4.690000057220459
2024-04-05,CXAI,yfinance,4.610000133514404,5.400000095367432,4.610000133514404,4.949999809265137,4.949999809265137,7420900,0.0,0.0,1.0,4.610000133514404,4.949999809265137
2024-04-08,CXAI,yfinance,5.0,6.579999923706055,4.949999809265137,5.510000228881836,5.510000228881836,24307800,0.0,0.0,1.0,5.0,5.510000228881836
2024-04-09,CXAI,yfinance,5.480000019073486,5.739999771118164,4.75,4.840000152587891,4.840000152587891,7341800,0.0,0.0,1.0,5.480000019073486,4.840000152587891
2024-04-10,CXAI,yfinance,4.679999828338623,5.15500020980835,4.511000156402588,4.730000019073486,4.730000019073486,3369100,0.0,0.0,1.0,4.679999828338623,4.730000019073486
2024-04-11,CXAI,yfinance,4.650000095367432,4.828000068664551,4.21999979019165,4.329999923706055,4.329999923706055,2740000,0.0,0.0,1.0,4.650000095367432,4.329999923706055
2024-04-12,CXAI,yfinance,4.21999979019165,4.420000076293945,3.940000057220459,4.389999866485596,4.389999866485596,2001800,0.0,0.0,1.0,4.21999979019165,4.389999866485596
2024-04-15,CXAI,yfinance,4.28000020980835,4.579999923706055,4.099999904632568,4.230000019073486,4.230000019073486,1757800,0.0,0.0,1.0,4.28000020980835,4.230000019073486
2024-04-16,CXAI,yfinance,3.990000009536743,4.150000095367432,3.799999952316284,3.910000085830689,3.910000085830689,3416800,0.0,0.0,1.0,3.990000009536743,3.910000085830689
2024-04-17,CXAI,yfinance,5.190000057220459,5.429999828338623,4.079999923706055,4.199999809265137,4.199999809265137,23233800,0.0,0.0,1.0,5.190000057220459,4.199999809265137
2024-04-18,CXAI,yfinance,4.079999923706055,4.110000133514404,3.1050000190734863,3.1700000762939453,3.1700000762939453,4860100,0.0,0.0,1.0,4.079999923706055,3.1700000762939453
2024-04-19,CXAI,yfinance,3.1700000762939453,3.630000114440918,3.150000095367432,3.4800000190734863,3.4800000190734863,2832000,0.0,0.0,1.0,3.1700000762939453,3.4800000190734863
2024-04-22,CXAI,yfinance,3.490000009536743,3.680000066757202,3.390000104904175,3.619999885559082,3.619999885559082,1428400,0.0,0.0,1.0,3.490000009536743,3.619999885559082
2024-04-23,CXAI,yfinance,3.559999942779541,3.640000104904175,3.4200000762939453,3.5199999809265137,3.5199999809265137,1171900,0.0,0.0,1.0,3.559999942779541,3.5199999809265137
2024-04-24,CXAI,yfinance,3.5999999046325684,3.609999895095825,3.3399999141693115,3.4800000190734863,3.4800000190734863,879200,0.0,0.0,1.0,3.5999999046325684,3.4800000190734863
2024-04-25,CXAI,yfinance,3.440000057220459,3.5,3.1600000858306885,3.2100000381469727,3.2100000381469727,930600,0.0,0.0,1.0,3.440000057220459,3.2100000381469727
2024-04-26,CXAI,yfinance,3.259999990463257,3.75,3.220000028610229,3.690000057220459,3.690000057220459,1972600,0.0,0.0,1.0,3.259999990463257,3.690000057220459
2024-04-29,CXAI,yfinance,3.650000095367432,3.7799999713897705,3.4110000133514404,3.509999990463257,3.509999990463257,880800,0.0,0.0,1.0,3.650000095367432,3.509999990463257
2024-04-30,CXAI,yfinance,3.440000057220459,3.559999942779541,3.3399999141693115,3.359999895095825,3.359999895095825,582800,0.0,0.0,1.0,3.440000057220459,3.359999895095825
2024-05-01,CXAI,yfinance,3.319999933242798,3.634999990463257,3.25,3.369999885559082,3.369999885559082,1268600,0.0,0.0,1.0,3.319999933242798,3.369999885559082
2024-05-02,CXAI,yfinance,3.430000066757202,3.559999942779541,3.309999942779541,3.440000057220459,3.440000057220459,627400,0.0,0.0,1.0,3.430000066757202,3.440000057220459
2024-05-03,CXAI,yfinance,3.5299999713897705,3.5299999713897705,3.319999933242798,3.369999885559082,3.369999885559082,541600,0.0,0.0,1.0,3.5299999713897705,3.369999885559082
2024-05-06,CXAI,yfinance,3.400000095367432,4.059999942779541,3.400000095367432,3.7799999713897705,3.7799999713897705,2293400,0.0,0.0,1.0,3.400000095367432,3.7799999713897705
2024-05-07,CXAI,yfinance,3.849999904632568,3.900000095367432,3.4100000858306885,3.559999942779541,3.559999942779541,1045900,0.0,0.0,1.0,3.849999904632568,3.559999942779541
2024-05-08,CXAI,yfinance,3.5799999237060547,3.5999999046325684,3.4200000762939453,3.5199999809265137,3.5199999809265137,369400,0.0,0.0,1.0,3.5799999237060547,3.5199999809265137
2024-05-09,CXAI,yfinance,3.490000009536743,3.5999999046325684,3.4100000858306885,3.470000028610229,3.470000028610229,437200,0.0,0.0,1.0,3.490000009536743,3.470000028610229
2024-05-10,CXAI,yfinance,3.5,3.819000005722046,3.470000028610229,3.539999961853028,3.539999961853028,1033400,0.0,0.0,1.0,3.5,3.539999961853028
2024-05-13,CXAI,yfinance,3.549999952316284,3.680000066757202,3.2699999809265137,3.3499999046325684,3.3499999046325684,1139700,0.0,0.0,1.0,3.549999952316284,3.3499999046325684
2024-05-14,CXAI,yfinance,3.2799999713897705,3.380000114440918,3.174999952316284,3.259999990463257,3.259999990463257,1088500,0.0,0.0,1.0,3.2799999713897705,3.259999990463257
2024-05-15,CXAI,yfinance,3.259999990463257,3.3499999046325684,3.109999895095825,3.3299999237060547,3.3299999237060547,772000,0.0,0.0,1.0,3.259999990463257,3.3299999237060547
2024-05-16,CXAI,yfinance,3.289999961853028,3.319999933242798,3.200000047683716,3.200000047683716,3.200000047683716,449800,0.0,0.0,1.0,3.289999961853028,3.200000047683716
2024-05-17,CXAI,yfinance,3.1700000762939453,3.200000047683716,2.9549999237060547,3.059999942779541,3.059999942779541,1020500,0.0,0.0,1.0,3.1700000762939453,3.059999942779541
2024-05-20,CXAI,yfinance,3.0799999237060547,3.299999952316284,2.984999895095825,3.259999990463257,3.259999990463257,658500,0.0,0.0,1.0,3.0799999237060547,3.259999990463257
2024-05-21,CXAI,yfinance,3.3299999237060547,3.377000093460083,3.0999999046325684,3.140000104904175,3.140000104904175,868400,0.0,0.0,1.0,3.3299999237060547,3.140000104904175
2024-05-22,CXAI,yfinance,3.150000095367432,3.2909998893737797,3.0899999141693115,3.259999990463257,3.259999990463257,665600,0.0,0.0,1.0,3.150000095367432,3.259999990463257
2024-05-23,CXAI,yfinance,3.470000028610229,3.470000028610229,3.180000066757202,3.299999952316284,3.299999952316284,2773200,0.0,0.0,1.0,3.470000028610229,3.299999952316284
2024-05-24,CXAI,yfinance,3.1600000858306885,3.190000057220459,2.75,2.884999990463257,2.884999990463257,2775700,0.0,0.0,1.0,3.1600000858306885,2.884999990463257
2024-05-28,CXAI,yfinance,2.900000095367432,2.9100000858306885,2.619999885559082,2.700000047683716,2.700000047683716,1092500,0.0,0.0,1.0,2.900000095367432,2.700000047683716
2024-05-29,CXAI,yfinance,2.549999952316284,2.559999942779541,2.0199999809265137,2.2799999713897705,2.2799999713897705,1705200,0.0,0.0,1.0,2.549999952316284,2.2799999713897705
2024-05-30,CXAI,yfinance,2.289999961853028,2.3959999084472656,2.2100000381469727,2.380000114440918,2.380000114440918,958500,0.0,0.0,1.0,2.289999961853028,2.380000114440918
2024-05-31,CXAI,yfinance,2.3299999237060547,2.470000028610229,2.309999942779541,2.359999895095825,2.359999895095825,448200,0.0,0.0,1.0,2.3299999237060547,2.359999895095825
2024-06-03,CXAI,yfinance,2.3399999141693115,2.690000057220459,2.299999952316284,2.6700000762939453,2.6700000762939453,1169500,0.0,0.0,1.0,2.3399999141693115,2.6700000762939453
2024-06-04,CXAI,yfinance,2.720000028610229,2.7799999713897705,2.509999990463257,2.650000095367432,2.650000095367432,628200,0.0,0.0,1.0,2.720000028610229,2.650000095367432
2024-06-05,CXAI,yfinance,2.6600000858306885,2.759999990463257,2.559999942779541,2.7100000381469727,2.7100000381469727,387100,0.0,0.0,1.0,2.6600000858306885,2.7100000381469727
2024-06-06,CXAI,yfinance,2.720000028610229,2.720000028610229,2.5299999713897705,2.559999942779541,2.559999942779541,288800,0.0,0.0,1.0,2.720000028610229,2.559999942779541
2024-06-07,CXAI,yfinance,2.539999961853028,2.680000066757202,2.4800000190734863,2.619999885559082,2.619999885559082,359700,0.0,0.0,1.0,2.539999961853028,2.619999885559082
2024-06-10,CXAI,yfinance,2.619999885559082,2.630000114440918,2.509999990463257,2.509999990463257,2.509999990463257,251000,0.0,0.0,1.0,2.619999885559082,2.509999990463257
2024-06-11,CXAI,yfinance,2.490000009536743,2.509999990463257,2.400000095367432,2.494999885559082,2.494999885559082,215500,0.0,0.0,1.0,2.490000009536743,2.494999885559082
2024-06-12,CXAI,yfinance,2.559999942779541,2.625,2.4600000381469727,2.509999990463257,2.509999990463257,352700,0.0,0.0,1.0,2.559999942779541,2.509999990463257
2024-06-13,CXAI,yfinance,2.470000028610229,2.5,2.369999885559082,2.4100000858306885,2.4100000858306885,276800,0.0,0.0,1.0,2.470000028610229,2.4100000858306885
2024-06-14,CXAI,yfinance,2.359999895095825,2.4189999103546143,2.299999952316284,2.380000114440918,2.380000114440918,206900,0.0,0.0,1.0,2.359999895095825,2.380000114440918
2024-06-17,CXAI,yfinance,2.400000095367432,2.400000095367432,2.3299999237060547,2.3399999141693115,2.3399999141693115,220500,0.0,0.0,1.0,2.400000095367432,2.3399999141693115
2024-06-18,CXAI,yfinance,2.319999933242798,2.3299999237060547,2.25,2.259999990463257,2.259999990463257,258700,0.0,0.0,1.0,2.319999933242798,2.259999990463257
2024-06-20,CXAI,yfinance,2.25,2.2799999713897705,2.1600000858306885,2.2100000381469727,2.2100000381469727,386000,0.0,0.0,1.0,2.25,2.2100000381469727
2024-06-21,CXAI,yfinance,2.190000057220459,2.299999952316284,2.150000095367432,2.2799999713897705,2.2799999713897705,201400,0.0,0.0,1.0,2.190000057220459,2.2799999713897705
2024-06-24,CXAI,yfinance,2.299999952316284,2.299999952316284,2.049999952316284,2.109999895095825,2.109999895095825,279400,0.0,0.0,1.0,2.299999952316284,2.109999895095825
2024-06-25,CXAI,yfinance,2.130000114440918,2.150000095367432,2.059999942779541,2.065000057220459,2.065000057220459,197100,0.0,0.0,1.0,2.130000114440918,2.065000057220459
2024-06-26,CXAI,yfinance,2.039999961853028,2.2799999713897705,2.039999961853028,2.220000028610229,2.220000028610229,281800,0.0,0.0,1.0,2.039999961853028,2.220000028610229
2024-06-27,CXAI,yfinance,2.220000028610229,2.220000028610229,2.109999895095825,2.150000095367432,2.150000095367432,222700,0.0,0.0,1.0,2.220000028610229,2.150000095367432
2024-06-28,CXAI,yfinance,2.1700000762939453,2.180000066757202,2.009999990463257,2.0199999809265137,2.0199999809265137,655700,0.0,0.0,1.0,2.1700000762939453,2.0199999809265137
2024-07-01,CXAI,yfinance,2.0299999713897705,2.0799999237060547,2.0,2.009999990463257,2.009999990463257,262800,0.0,0.0,1.0,2.0299999713897705,2.009999990463257
2024-07-02,CXAI,yfinance,2.0,2.0999999046325684,2.0,2.0799999237060547,2.0799999237060547,181000,0.0,0.0,1.0,2.0,2.0799999237060547
2024-07-03,CXAI,yfinance,2.0799999237060547,2.1700000762939453,2.059999942779541,2.069999933242798,2.069999933242798,157900,0.0,0.0,1.0,2.0799999237060547,2.069999933242798
2024-07-05,CXAI,yfinance,2.109999895095825,2.1700000762939453,2.069999933242798,2.1600000858306885,2.1600000858306885,199500,0.0,0.0,1.0,2.109999895095825,2.1600000858306885
2024-07-08,CXAI,yfinance,2.2100000381469727,2.309999942779541,2.130000114440918,2.2300000190734863,2.2300000190734863,334900,0.0,0.0,1.0,2.2100000381469727,2.2300000190734863
2024-07-09,CXAI,yfinance,2.259999990463257,2.3949999809265137,2.1700000762939453,2.3499999046325684,2.3499999046325684,325200,0.0,0.0,1.0,2.259999990463257,2.3499999046325684
2024-07-10,CXAI,yfinance,2.309999942779541,2.549999952316284,2.309999942779541,2.4800000190734863,2.4800000190734863,457100,0.0,0.0,1.0,2.309999942779541,2.4800000190734863
2024-07-11,CXAI,yfinance,2.549999952316284,2.6600000858306885,2.319999933242798,2.369999885559082,2.369999885559082,561100,0.0,0.0,1.0,2.549999952316284,2.369999885559082
2024-07-12,CXAI,yfinance,2.4200000762939453,2.509000062942505,2.400000095367432,2.470000028610229,2.470000028610229,194100,0.0,0.0,1.0,2.4200000762939453,2.470000028610229
2024-07-15,CXAI,yfinance,2.559999942779541,2.5999999046325684,2.4600000381469727,2.5,2.5,241600,0.0,0.0,1.0,2.559999942779541,2.5
2024-07-16,CXAI,yfinance,2.5199999809265137,2.559999942779541,2.4800000190734863,2.5199999809265137,2.5199999809265137,174300,0.0,0.0,1.0,2.5199999809265137,2.5199999809265137
2024-07-17,CXAI,yfinance,2.450000047683716,2.549999952316284,2.309999942779541,2.3399999141693115,2.3399999141693115,222500,0.0,0.0,1.0,2.450000047683716,2.3399999141693115
2024-07-18,CXAI,yfinance,2.3299999237060547,2.384000062942505,2.1600000858306885,2.2300000190734863,2.2300000190734863,188200,0.0,0.0,1.0,2.3299999237060547,2.2300000190734863
2024-07-19,CXAI,yfinance,2.289999961853028,2.309999942779541,2.0999999046325684,2.1700000762939453,2.1700000762939453,234200,0.0,0.0,1.0,2.289999961853028,2.1700000762939453
2024-07-22,CXAI,yfinance,2.1700000762939453,2.240000009536743,2.0969998836517334,2.200000047683716,2.200000047683716,220900,0.0,0.0,1.0,2.1700000762939453,2.200000047683716
2024-07-23,CXAI,yfinance,2.150000095367432,2.259999990463257,2.140000104904175,2.190000057220459,2.190000057220459,152600,0.0,0.0,1.0,2.150000095367432,2.190000057220459
2024-07-24,CXAI,yfinance,2.130000114440918,2.2100000381469727,2.109999895095825,2.130000114440918,2.130000114440918,104100,0.0,0.0,1.0,2.130000114440918,2.130000114440918
2024-07-25,CXAI,yfinance,2.109999895095825,2.359999895095825,2.0999999046325684,2.2100000381469727,2.2100000381469727,322700,0.0,0.0,1.0,2.109999895095825,2.2100000381469727
2024-07-26,CXAI,yfinance,2.240000009536743,2.390000104904175,2.180000066757202,2.25,2.25,192700,0.0,0.0,1.0,2.240000009536743,2.25
2024-07-29,CXAI,yfinance,2.2300000190734863,2.25,2.0999999046325684,2.1700000762939453,2.1700000762939453,150100,0.0,0.0,1.0,2.2300000190734863,2.1700000762939453
2024-07-30,CXAI,yfinance,2.200000047683716,2.200000047683716,2.0799999237060547,2.0899999141693115,2.0899999141693115,185200,0.0,0.0,1.0,2.200000047683716,2.0899999141693115
2024-07-31,CXAI,yfinance,2.119999885559082,2.2300000190734863,2.059999942779541,2.059999942779541,2.059999942779541,267900,0.0,0.0,1.0,2.119999885559082,2.059999942779541
2024-08-01,CXAI,yfinance,2.059999942779541,2.130000114440918,1.9299999475479128,1.950000047683716,1.950000047683716,298400,0.0,0.0,1.0,2.059999942779541,1.950000047683716
2024-08-02,CXAI,yfinance,1.8799999952316284,1.9299999475479128,1.850000023841858,1.8899999856948853,1.8899999856948853,301400,0.0,0.0,1.0,1.8799999952316284,1.8899999856948853
2024-08-05,CXAI,yfinance,1.6100000143051147,2.0390000343322754,1.6100000143051147,1.950000047683716,1.950000047683716,571900,0.0,0.0,1.0,1.6100000143051147,1.950000047683716
2024-08-06,CXAI,yfinance,1.9299999475479128,1.996000051498413,1.830000042915344,1.8600000143051147,1.8600000143051147,216500,0.0,0.0,1.0,1.9299999475479128,1.8600000143051147
2024-08-07,CXAI,yfinance,1.8799999952316284,1.9299999475479128,1.7699999809265137,1.809999942779541,1.809999942779541,110100,0.0,0.0,1.0,1.8799999952316284,1.809999942779541
2024-08-08,CXAI,yfinance,1.8200000524520876,1.9800000190734863,1.8200000524520876,1.950000047683716,1.950000047683716,165000,0.0,0.0,1.0,1.8200000524520876,1.950000047683716
2024-08-09,CXAI,yfinance,1.9700000286102293,2.0299999713897705,1.909999966621399,1.9800000190734863,1.9800000190734863,218700,0.0,0.0,1.0,1.9700000286102293,1.9800000190734863
2024-08-12,CXAI,yfinance,2.009999990463257,2.0299999713897705,1.090000033378601,1.4700000286102295,1.4700000286102295,9200700,0.0,0.0,1.0,2.009999990463257,1.4700000286102295
2024-08-13,CXAI,yfinance,2.430000066757202,3.759999990463257,2.400000095367432,2.7100000381469727,2.7100000381469727,188360900,0.0,0.0,1.0,2.430000066757202,2.7100000381469727
2024-08-14,CXAI,yfinance,2.5999999046325684,2.720000028610229,2.140000104904175,2.240000009536743,2.240000009536743,9204700,0.0,0.0,1.0,2.5999999046325684,2.240000009536743
2024-08-15,CXAI,yfinance,2.369999885559082,2.5,2.200000047683716,2.4200000762939453,2.4200000762939453,4286700,0.0,0.0,1.0,2.369999885559082,2.4200000762939453
2024-08-16,CXAI,yfinance,2.4200000762939453,2.4210000038146973,2.1600000858306885,2.2799999713897705,2.2799999713897705,2326600,0.0,0.0,1.0,2.4200000762939453,2.2799999713897705
2024-08-19,CXAI,yfinance,2.2100000381469727,2.4800000190734863,2.109999895095825,2.4200000762939453,2.4200000762939453,1821600,0.0,0.0,1.0,2.2100000381469727,2.4200000762939453
2024-08-20,CXAI,yfinance,2.390000104904175,2.470000028610229,2.299999952316284,2.4100000858306885,2.4100000858306885,1041000,0.0,0.0,1.0,2.390000104904175,2.4100000858306885
2024-08-21,CXAI,yfinance,2.440000057220459,2.740000009536743,2.390000104904175,2.720000028610229,2.720000028610229,2994400,0.0,0.0,1.0,2.440000057220459,2.720000028610229
2024-08-22,CXAI,yfinance,2.720000028610229,2.8499999046325684,2.440000057220459,2.450000047683716,2.450000047683716,1393800,0.0,0.0,1.0,2.720000028610229,2.450000047683716
2024-08-23,CXAI,yfinance,2.440000057220459,2.619999885559082,2.4100000858306885,2.539999961853028,2.539999961853028,716400,0.0,0.0,1.0,2.440000057220459,2.539999961853028
2024-08-26,CXAI,yfinance,2.5,2.5899999141693115,2.380000114440918,2.400000095367432,2.400000095367432,664200,0.0,0.0,1.0,2.5,2.400000095367432
2024-08-27,CXAI,yfinance,2.3499999046325684,2.364000082015991,2.200000047683716,2.220000028610229,2.220000028610229,584700,0.0,0.0,1.0,2.3499999046325684,2.220000028610229
2024-08-28,CXAI,yfinance,2.200000047683716,2.2100000381469727,2.069999933242798,2.0799999237060547,2.0799999237060547,567100,0.0,0.0,1.0,2.200000047683716,2.0799999237060547
2024-08-29,CXAI,yfinance,2.0799999237060547,2.289999961853028,2.0799999237060547,2.109999895095825,2.109999895095825,526100,0.0,0.0,1.0,2.0799999237060547,2.109999895095825
2024-08-30,CXAI,yfinance,2.059999942779541,2.1600000858306885,2.059999942779541,2.0899999141693115,2.0899999141693115,358300,0.0,0.0,1.0,2.059999942779541,2.0899999141693115
2024-09-03,CXAI,yfinance,2.0999999046325684,2.11299991607666,1.8849999904632568,1.919999957084656,1.919999957084656,504200,0.0,0.0,1.0,2.0999999046325684,1.919999957084656
2024-09-04,CXAI,yfinance,1.899999976158142,1.9900000095367432,1.8600000143051147,1.9299999475479128,1.9299999475479128,298700,0.0,0.0,1.0,1.899999976158142,1.9299999475479128
2024-09-05,CXAI,yfinance,1.9900000095367432,2.069999933242798,1.9049999713897705,1.9299999475479128,1.9299999475479128,347400,0.0,0.0,1.0,1.9900000095367432,1.9299999475479128
2024-09-06,CXAI,yfinance,1.919999957084656,1.968999981880188,1.7699999809265137,1.7899999618530271,1.7899999618530271,541900,0.0,0.0,1.0,1.919999957084656,1.7899999618530271
2024-09-09,CXAI,yfinance,1.7999999523162842,1.9179999828338623,1.7999999523162842,1.8200000524520876,1.8200000524520876,286500,0.0,0.0,1.0,1.7999999523162842,1.8200000524520876
2024-09-10,CXAI,yfinance,1.830000042915344,1.870000004768372,1.75,1.8200000524520876,1.8200000524520876,198100,0.0,0.0,1.0,1.830000042915344,1.8200000524520876
2024-09-11,CXAI,yfinance,1.8200000524520876,1.8799999952316284,1.7599999904632568,1.850000023841858,1.850000023841858,389300,0.0,0.0,1.0,1.8200000524520876,1.850000023841858
2024-09-12,CXAI,yfinance,1.8600000143051147,1.899999976158142,1.8200000524520876,1.8799999952316284,1.8799999952316284,298100,0.0,0.0,1.0,1.8600000143051147,1.8799999952316284
2024-09-13,CXAI,yfinance,1.870000004768372,1.9880000352859497,1.870000004768372,1.919999957084656,1.919999957084656,253400,0.0,0.0,1.0,1.870000004768372,1.919999957084656
2024-09-16,CXAI,yfinance,1.940000057220459,1.950000047683716,1.850000023841858,1.8799999952316284,1.8799999952316284,202900,0.0,0.0,1.0,1.940000057220459,1.8799999952316284
2024-09-17,CXAI,yfinance,1.899999976158142,1.9229999780654907,1.7799999713897705,1.830000042915344,1.830000042915344,306400,0.0,0.0,1.0,1.899999976158142,1.830000042915344
2024-09-18,CXAI,yfinance,1.8200000524520876,1.870000004768372,1.7799999713897705,1.7899999618530271,1.7899999618530271,247000,0.0,0.0,1.0,1.8200000524520876,1.7899999618530271
2024-09-19,CXAI,yfinance,1.809999942779541,1.840000033378601,1.7100000381469729,1.75,1.75,371400,0.0,0.0,1.0,1.809999942779541,1.75
2024-09-20,CXAI,yfinance,1.75,1.7899999618530271,1.7000000476837158,1.7799999713897705,1.7799999713897705,345600,0.0,0.0,1.0,1.75,1.7799999713897705
2024-09-23,CXAI,yfinance,1.7799999713897705,1.7999999523162842,1.6799999475479126,1.7000000476837158,1.7000000476837158,236300,0.0,0.0,1.0,1.7799999713897705,1.7000000476837158
2024-09-24,CXAI,yfinance,1.7000000476837158,1.7200000286102295,1.659999966621399,1.6799999475479126,1.6799999475479126,177300,0.0,0.0,1.0,1.7000000476837158,1.6799999475479126
2024-09-25,CXAI,yfinance,1.690000057220459,1.7400000095367432,1.600000023841858,1.6100000143051147,1.6100000143051147,337600,0.0,0.0,1.0,1.690000057220459,1.6100000143051147
2024-09-26,CXAI,yfinance,1.690000057220459,1.690000057220459,1.590000033378601,1.600000023841858,1.600000023841858,228600,0.0,0.0,1.0,1.690000057220459,1.600000023841858
2024-09-27,CXAI,yfinance,1.600000023841858,1.75,1.600000023841858,1.7100000381469729,1.7100000381469729,258800,0.0,0.0,1.0,1.600000023841858,1.7100000381469729
2024-09-30,CXAI,yfinance,1.7000000476837158,1.7200000286102295,1.6299999952316284,1.6799999475479126,1.6799999475479126,181200,0.0,0.0,1.0,1.7000000476837158,1.6799999475479126
2024-10-01,CXAI,yfinance,1.690000057220459,1.690000057220459,1.5110000371932983,1.590000033378601,1.590000033378601,277200,0.0,0.0,1.0,1.690000057220459,1.590000033378601
2024-10-02,CXAI,yfinance,1.590000033378601,1.6089999675750732,1.5499999523162842,1.5700000524520874,1.5700000524520874,90900,0.0,0.0,1.0,1.590000033378601,1.5700000524520874
2024-10-03,CXAI,yfinance,1.559999942779541,1.590000033378601,1.5,1.5199999809265137,1.5199999809265137,199800,0.0,0.0,1.0,1.559999942779541,1.5199999809265137
2024-10-04,CXAI,yfinance,1.5199999809265137,1.5800000429153442,1.5099999904632568,1.5700000524520874,1.5700000524520874,124100,0.0,0.0,1.0,1.5199999809265137,1.5700000524520874
2024-10-07,CXAI,yfinance,1.600000023841858,1.718999981880188,1.5499999523162842,1.6799999475479126,1.6799999475479126,371500,0.0,0.0,1.0,1.600000023841858,1.6799999475479126
2024-10-08,CXAI,yfinance,1.6699999570846558,1.690000057220459,1.5700000524520874,1.5700000524520874,1.5700000524520874,207200,0.0,0.0,1.0,1.6699999570846558,1.5700000524520874
2024-10-09,CXAI,yfinance,1.5499999523162842,1.590000033378601,1.5299999713897705,1.559999942779541,1.559999942779541,174000,0.0,0.0,1.0,1.5499999523162842,1.559999942779541
2024-10-10,CXAI,yfinance,1.5499999523162842,1.600000023841858,1.5199999809265137,1.559999942779541,1.559999942779541,234600,0.0,0.0,1.0,1.5499999523162842,1.559999942779541
2024-10-11,CXAI,yfinance,1.5399999618530271,1.5989999771118164,1.5299999713897705,1.5800000429153442,1.5800000429153442,344400,0.0,0.0,1.0,1.5399999618530271,1.5800000429153442
2024-10-14,CXAI,yfinance,1.559999942779541,1.6399999856948853,1.5499999523162842,1.600000023841858,1.600000023841858,249800,0.0,0.0,1.0,1.559999942779541,1.600000023841858
2024-10-15,CXAI,yfinance,1.590000033378601,1.6299999952316284,1.5199999809265137,1.6100000143051147,1.6100000143051147,364700,0.0,0.0,1.0,1.590000033378601,1.6100000143051147
2024-10-16,CXAI,yfinance,1.6100000143051147,1.6100000143051147,1.5399999618530271,1.600000023841858,1.600000023841858,231800,0.0,0.0,1.0,1.6100000143051147,1.600000023841858
2024-10-17,CXAI,yfinance,1.600000023841858,1.6100000143051147,1.5199999809265137,1.5700000524520874,1.5700000524520874,276500,0.0,0.0,1.0,1.600000023841858,1.5700000524520874
2024-10-18,CXAI,yfinance,1.5499999523162842,1.600000023841858,1.5499999523162842,1.590000033378601,1.590000033378601,150200,0.0,0.0,1.0,1.5499999523162842,1.590000033378601
2024-10-21,CXAI,yfinance,1.5800000429153442,1.659999966621399,1.5800000429153442,1.6200000047683716,1.6200000047683716,462800,0.0,0.0,1.0,1.5800000429153442,1.6200000047683716
2024-10-22,CXAI,yfinance,1.6200000047683716,1.6519999504089355,1.5520000457763672,1.559999942779541,1.559999942779541,192000,0.0,0.0,1.0,1.6200000047683716,1.559999942779541
2024-10-23,CXAI,yfinance,1.5499999523162842,1.559999942779541,1.409999966621399,1.4299999475479126,1.4299999475479126,583300,0.0,0.0,1.0,1.5499999523162842,1.4299999475479126
2024-10-24,CXAI,yfinance,1.399999976158142,1.465000033378601,1.399999976158142,1.399999976158142,1.399999976158142,252400,0.0,0.0,1.0,1.399999976158142,1.399999976158142
2024-10-25,CXAI,yfinance,1.3899999856948853,1.465000033378601,1.3899999856948853,1.4299999475479126,1.4299999475479126,214800,0.0,0.0,1.0,1.3899999856948853,1.4299999475479126
2024-10-28,CXAI,yfinance,1.4299999475479126,1.5499999523162842,1.4299999475479126,1.5199999809265137,1.5199999809265137,330400,0.0,0.0,1.0,1.4299999475479126,1.5199999809265137
2024-10-29,CXAI,yfinance,1.5099999904632568,1.5299999713897705,1.4800000190734863,1.5,1.5,211100,0.0,0.0,1.0,1.5099999904632568,1.5
2024-10-30,CXAI,yfinance,1.5,1.5,1.440000057220459,1.4500000476837158,1.4500000476837158,127500,0.0,0.0,1.0,1.5,1.4500000476837158
2024-10-31,CXAI,yfinance,1.4800000190734863,1.4800000190734863,1.406999945640564,1.409999966621399,1.409999966621399,129200,0.0,0.0,1.0,1.4800000190734863,1.409999966621399
2024-11-01,CXAI,yfinance,1.399999976158142,1.440000057220459,1.3899999856948853,1.399999976158142,1.399999976158142,256600,0.0,0.0,1.0,1.399999976158142,1.399999976158142
2024-11-04,CXAI,yfinance,1.4199999570846558,1.4199999570846558,1.3300000429153442,1.350000023841858,1.350000023841858,371400,0.0,0.0,1.0,1.4199999570846558,1.350000023841858
2024-11-05,CXAI,yfinance,1.3300000429153442,1.4199999570846558,1.309999942779541,1.409999966621399,1.409999966621399,209800,0.0,0.0,1.0,1.3300000429153442,1.409999966621399
2024-11-06,CXAI,yfinance,1.399999976158142,1.4700000286102295,1.3899999856948853,1.4199999570846558,1.4199999570846558,237100,0.0,0.0,1.0,1.399999976158142,1.4199999570846558
2024-11-07,CXAI,yfinance,1.4500000476837158,1.6890000104904177,1.4450000524520874,1.5499999523162842,1.5499999523162842,1066400,0.0,0.0,1.0,1.4500000476837158,1.5499999523162842
2024-11-08,CXAI,yfinance,1.5700000524520874,1.6699999570846558,1.5199999809265137,1.659999966621399,1.659999966621399,778800,0.0,0.0,1.0,1.5700000524520874,1.659999966621399
2024-11-11,CXAI,yfinance,1.830000042915344,2.0199999809265137,1.7200000286102295,1.840000033378601,1.840000033378601,1587900,0.0,0.0,1.0,1.830000042915344,1.840000033378601
2024-11-12,CXAI,yfinance,1.8899999856948853,1.919999957084656,1.6799999475479126,1.7400000095367432,1.7400000095367432,1480600,0.0,0.0,1.0,1.8899999856948853,1.7400000095367432
2024-11-13,CXAI,yfinance,1.440000057220459,1.590000033378601,1.350000023841858,1.4199999570846558,1.4199999570846558,989800,0.0,0.0,1.0,1.440000057220459,1.4199999570846558
2024-11-14,CXAI,yfinance,1.4199999570846558,1.4700000286102295,1.399999976158142,1.4299999475479126,1.4299999475479126,296900,0.0,0.0,1.0,1.4199999570846558,1.4299999475479126
2024-11-15,CXAI,yfinance,1.409999966621399,1.4299999475479126,1.340000033378601,1.3899999856948853,1.3899999856948853,351900,0.0,0.0,1.0,1.409999966621399,1.3899999856948853
2024-11-18,CXAI,yfinance,1.3700000047683716,1.3899999856948853,1.350000023841858,1.3600000143051147,1.3600000143051147,265900,0.0,0.0,1.0,1.3700000047683716,1.3600000143051147
2024-11-19,CXAI,yfinance,1.3700000047683716,1.4800000190734863,1.350000023841858,1.3799999952316284,1.3799999952316284,607800,0.0,0.0,1.0,1.3700000047683716,1.3799999952316284
2024-11-20,CXAI,yfinance,1.3799999952316284,1.406999945640564,1.2400000095367432,1.2999999523162842,1.2999999523162842,578400,0.0,0.0,1.0,1.3799999952316284,1.2999999523162842
2024-11-21,CXAI,yfinance,1.2999999523162842,1.3600000143051147,1.25,1.350000023841858,1.350000023841858,532800,0.0,0.0,1.0,1.2999999523162842,1.350000023841858
2024-11-22,CXAI,yfinance,1.350000023841858,1.5,1.3200000524520874,1.409999966621399,1.409999966621399,617400,0.0,0.0,1.0,1.350000023841858,1.409999966621399
2024-11-25,CXAI,yfinance,1.4199999570846558,1.5199999809265137,1.409999966621399,1.4299999475479126,1.4299999475479126,733100,0.0,0.0,1.0,1.4199999570846558,1.4299999475479126
2024-11-26,CXAI,yfinance,1.4500000476837158,1.5800000429153442,1.4299999475479126,1.5199999809265137,1.5199999809265137,839400,0.0,0.0,1.0,1.4500000476837158,1.5199999809265137
2024-11-27,CXAI,yfinance,1.559999942779541,1.6299999952316284,1.5199999809265137,1.590000033378601,1.590000033378601,602600,0.0,0.0,1.0,1.559999942779541,1.590000033378601
2024-11-29,CXAI,yfinance,1.6100000143051147,1.7200000286102295,1.5440000295639038,1.6699999570846558,1.6699999570846558,498900,0.0,0.0,1.0,1.6100000143051147,1.6699999570846558
2024-12-02,CXAI,yfinance,1.7100000381469729,1.7400000095367432,1.590000033378601,1.6399999856948853,1.6399999856948853,697100,0.0,0.0,1.0,1.7100000381469729,1.6399999856948853
2024-12-03,CXAI,yfinance,1.659999966621399,1.6799999475479126,1.5199999809265137,1.5700000524520874,1.5700000524520874,526700,0.0,0.0,1.0,1.659999966621399,1.5700000524520874
2024-12-04,CXAI,yfinance,1.5700000524520874,1.6100000143051147,1.4900000095367432,1.5299999713897705,1.5299999713897705,537900,0.0,0.0,1.0,1.5700000524520874,1.5299999713897705
2024-12-05,CXAI,yfinance,1.5099999904632568,1.6799999475479126,1.4600000381469729,1.5299999713897705,1.5299999713897705,1467600,0.0,0.0,1.0,1.5099999904632568,1.5299999713897705
2024-12-06,CXAI,yfinance,1.590000033378601,2.0899999141693115,1.559999942779541,2.009999990463257,2.009999990463257,8467300,0.0,0.0,1.0,1.590000033378601,2.009999990463257
2024-12-09,CXAI,yfinance,2.150000095367432,2.3399999141693115,1.8869999647140503,2.25,2.25,7727800,0.0,0.0,1.0,2.150000095367432,2.25
2024-12-10,CXAI,yfinance,2.0899999141693115,2.5,2.009999990463257,2.130000114440918,2.130000114440918,6111200,0.0,0.0,1.0,2.0899999141693115,2.130000114440918
2024-12-11,CXAI,yfinance,2.119999885559082,2.119999885559082,1.7999999523162842,1.7999999523162842,1.7999999523162842,2555100,0.0,0.0,1.0,2.119999885559082,1.7999999523162842
2024-12-12,CXAI,yfinance,1.7799999713897705,1.9600000381469729,1.7699999809265137,1.7799999713897705,1.7799999713897705,1041200,0.0,0.0,1.0,1.7799999713897705,1.7799999713897705
2024-12-13,CXAI,yfinance,1.7699999809265137,1.809999942779541,1.659999966621399,1.690000057220459,1.690000057220459,846600,0.0,0.0,1.0,1.7699999809265137,1.690000057220459
2024-12-16,CXAI,yfinance,1.7100000381469729,1.899999976158142,1.690000057220459,1.830000042915344,1.830000042915344,1452000,0.0,0.0,1.0,1.7100000381469729,1.830000042915344
2024-12-17,CXAI,yfinance,1.850000023841858,1.9600000381469729,1.7309999465942385,1.7599999904632568,1.7599999904632568,1328500,0.0,0.0,1.0,1.850000023841858,1.7599999904632568
2024-12-18,CXAI,yfinance,1.7899999618530271,1.950000047683716,1.6399999856948853,1.659999966621399,1.659999966621399,1935200,0.0,0.0,1.0,1.7899999618530271,1.659999966621399
2024-12-19,CXAI,yfinance,1.6699999570846558,1.7300000190734863,1.5399999618530271,1.5800000429153442,1.5800000429153442,1129400,0.0,0.0,1.0,1.6699999570846558,1.5800000429153442
2024-12-20,CXAI,yfinance,1.5499999523162842,1.6799999475479126,1.5299999713897705,1.590000033378601,1.590000033378601,982700,0.0,0.0,1.0,1.5499999523162842,1.590000033378601
2024-12-23,CXAI,yfinance,1.6200000047683716,1.6699999570846558,1.5299999713897705,1.5499999523162842,1.5499999523162842,598000,0.0,0.0,1.0,1.6200000047683716,1.5499999523162842
2024-12-24,CXAI,yfinance,1.559999942779541,1.600000023841858,1.5,1.5700000524520874,1.5700000524520874,428000,0.0,0.0,1.0,1.559999942779541,1.5700000524520874
2024-12-26,CXAI,yfinance,1.600000023841858,2.0450000762939453,1.590000033378601,2.0299999713897705,2.0299999713897705,3481400,0.0,0.0,1.0,1.600000023841858,2.0299999713897705
2024-12-27,CXAI,yfinance,2.049999952316284,2.25,1.909999966621399,2.069999933242798,2.069999933242798,3379300,0.0,0.0,1.0,2.049999952316284,2.069999933242798
2024-12-30,CXAI,yfinance,2.0,2.0850000381469727,1.8200000524520876,1.9900000095367432,1.9900000095367432,1745900,0.0,0.0,1.0,2.0,1.9900000095367432
2024-12-31,CXAI,yfinance,2.0299999713897705,2.039999961853028,1.7699999809265137,1.8200000524520876,1.8200000524520876,987800,0.0,0.0,1.0,2.0299999713897705,1.8200000524520876
2025-01-02,CXAI,yfinance,1.850000023841858,2.049999952316284,1.830000042915344,2.0,2.0,973600,0.0,0.0,1.0,1.850000023841858,2.0
2025-01-03,CXAI,yfinance,2.0199999809265137,2.303999900817871,2.0,2.25,2.25,2156200,0.0,0.0,1.0,2.0199999809265137,2.25
2025-01-06,CXAI,yfinance,2.3399999141693115,2.5360000133514404,2.140000104904175,2.265000104904175,2.265000104904175,3703600,0.0,0.0,1.0,2.3399999141693115,2.265000104904175
2025-01-07,CXAI,yfinance,2.299999952316284,2.3499999046325684,2.0199999809265137,2.059999942779541,2.059999942779541,1441400,0.0,0.0,1.0,2.299999952316284,2.059999942779541
2025-01-08,CXAI,yfinance,1.9700000286102293,2.002000093460083,1.870000004768372,1.955000042915344,1.955000042915344,785700,0.0,0.0,1.0,1.9700000286102293,1.955000042915344
2025-01-10,CXAI,yfinance,1.899999976158142,1.940000057220459,1.7799999713897705,1.830000042915344,1.830000042915344,999100,0.0,0.0,1.0,1.899999976158142,1.830000042915344
2025-01-13,CXAI,yfinance,1.7799999713897705,1.8200000524520876,1.6399999856948853,1.690000057220459,1.690000057220459,725700,0.0,0.0,1.0,1.7799999713897705,1.690000057220459
2025-01-14,CXAI,yfinance,1.7699999809265137,1.8240000009536743,1.690000057220459,1.7300000190734863,1.7300000190734863,627100,0.0,0.0,1.0,1.7699999809265137,1.7300000190734863
2025-01-15,CXAI,yfinance,1.7999999523162842,1.850000023841858,1.7300000190734863,1.8200000524520876,1.8200000524520876,657300,0.0,0.0,1.0,1.7999999523162842,1.8200000524520876
2025-01-16,CXAI,yfinance,1.840000033378601,1.909999966621399,1.774999976158142,1.8899999856948853,1.8899999856948853,464900,0.0,0.0,1.0,1.840000033378601,1.8899999856948853
2025-01-17,CXAI,yfinance,1.8899999856948853,1.9299999475479128,1.7649999856948853,1.7899999618530271,1.7899999618530271,486600,0.0,0.0,1.0,1.8899999856948853,1.7899999618530271
2025-01-21,CXAI,yfinance,1.7899999618530271,1.850000023841858,1.7100000381469729,1.7400000095367432,1.7400000095367432,568300,0.0,0.0,1.0,1.7899999618530271,1.7400000095367432
2025-01-22,CXAI,yfinance,1.7999999523162842,2.0299999713897705,1.7699999809265137,1.899999976158142,1.899999976158142,4812100,0.0,0.0,1.0,1.7999999523162842,1.899999976158142
2025-01-23,CXAI,yfinance,1.8799999952316284,1.909999966621399,1.7829999923706057,1.830000042915344,1.830000042915344,1180500,0.0,0.0,1.0,1.8799999952316284,1.830000042915344
2025-01-24,CXAI,yfinance,1.809999942779541,1.8600000143051147,1.649999976158142,1.7100000381469729,1.7100000381469729,1958900,0.0,0.0,1.0,1.809999942779541,1.7100000381469729
2025-01-27,CXAI,yfinance,1.6200000047683716,1.690000057220459,1.5149999856948853,1.600000023841858,1.600000023841858,918800,0.0,0.0,1.0,1.6200000047683716,1.600000023841858
2025-01-28,CXAI,yfinance,1.6100000143051147,1.6399999856948853,1.5499999523162842,1.6299999952316284,1.6299999952316284,625300,0.0,0.0,1.0,1.6100000143051147,1.6299999952316284
2025-01-29,CXAI,yfinance,1.6100000143051147,1.6100000143051147,1.5099999904632568,1.5299999713897705,1.5299999713897705,665900,0.0,0.0,1.0,1.6100000143051147,1.5299999713897705
2025-01-30,CXAI,yfinance,1.5199999809265137,1.600000023841858,1.5,1.5299999713897705,1.5299999713897705,874600,0.0,0.0,1.0,1.5199999809265137,1.5299999713897705
2025-01-31,CXAI,yfinance,1.559999942779541,1.600000023841858,1.5,1.5099999904632568,1.5099999904632568,664600,0.0,0.0,1.0,1.559999942779541,1.5099999904632568
2025-02-03,CXAI,yfinance,1.4199999570846558,1.5,1.4199999570846558,1.4900000095367432,1.4900000095367432,293300,0.0,0.0,1.0,1.4199999570846558,1.4900000095367432
2025-02-04,CXAI,yfinance,1.4800000190734863,1.5800000429153442,1.4700000286102295,1.5199999809265137,1.5199999809265137,500100,0.0,0.0,1.0,1.4800000190734863,1.5199999809265137
2025-02-05,CXAI,yfinance,1.5399999618530271,1.5700000524520874,1.4800000190734863,1.5399999618530271,1.5399999618530271,487300,0.0,0.0,1.0,1.5399999618530271,1.5399999618530271
2025-02-06,CXAI,yfinance,1.5399999618530271,1.6299999952316284,1.5299999713897705,1.559999942779541,1.559999942779541,411700,0.0,0.0,1.0,1.5399999618530271,1.559999942779541
2025-02-07,CXAI,yfinance,1.559999942779541,1.6200000047683716,1.5449999570846558,1.6100000143051147,1.6100000143051147,525500,0.0,0.0,1.0,1.559999942779541,1.6100000143051147
2025-02-10,CXAI,yfinance,1.6200000047683716,1.6369999647140503,1.5,1.5199999809265137,1.5199999809265137,720700,0.0,0.0,1.0,1.6200000047683716,1.5199999809265137
2025-02-11,CXAI,yfinance,1.5499999523162842,1.5800000429153442,1.4709999561309814,1.5199999809265137,1.5199999809265137,457100,0.0,0.0,1.0,1.5499999523162842,1.5199999809265137
2025-02-12,CXAI,yfinance,1.5099999904632568,1.559999942779541,1.462000012397766,1.5499999523162842,1.5499999523162842,486600,0.0,0.0,1.0,1.5099999904632568,1.5499999523162842
2025-02-13,CXAI,yfinance,1.559999942779541,1.6399999856948853,1.5099999904632568,1.6299999952316284,1.6299999952316284,585200,0.0,0.0,1.0,1.559999942779541,1.6299999952316284
2025-02-14,CXAI,yfinance,1.6299999952316284,1.649999976158142,1.5499999523162842,1.6100000143051147,1.6100000143051147,420900,0.0,0.0,1.0,1.6299999952316284,1.6100000143051147
2025-02-18,CXAI,yfinance,1.600000023841858,1.6399999856948853,1.5609999895095823,1.5800000429153442,1.5800000429153442,341600,0.0,0.0,1.0,1.600000023841858,1.5800000429153442
2025-02-19,CXAI,yfinance,1.5700000524520874,1.684999942779541,1.5700000524520874,1.6100000143051147,1.6100000143051147,348800,0.0,0.0,1.0,1.5700000524520874,1.6100000143051147
2025-02-20,CXAI,yfinance,1.6200000047683716,1.649999976158142,1.5449999570846558,1.5700000524520874,1.5700000524520874,540700,0.0,0.0,1.0,1.6200000047683716,1.5700000524520874
2025-02-21,CXAI,yfinance,1.5800000429153442,1.5820000171661377,1.5,1.5,1.5,428800,0.0,0.0,1.0,1.5800000429153442,1.5
2025-02-24,CXAI,yfinance,1.5099999904632568,1.5099999904632568,1.3700000047683716,1.3899999856948853,1.3899999856948853,564300,0.0,0.0,1.0,1.5099999904632568,1.3899999856948853
2025-02-25,CXAI,yfinance,1.3799999952316284,1.3799999952316284,1.2510000467300415,1.2799999713897705,1.2799999713897705,648700,0.0,0.0,1.0,1.3799999952316284,1.2799999713897705
2025-02-26,CXAI,yfinance,1.309999942779541,1.340000033378601,1.159999966621399,1.2350000143051147,1.2350000143051147,569000,0.0,0.0,1.0,1.309999942779541,1.2350000143051147
2025-02-27,CXAI,yfinance,1.25,1.2599999904632568,1.1200000047683716,1.1299999952316284,1.1299999952316284,426200,0.0,0.0,1.0,1.25,1.1299999952316284
2025-02-28,CXAI,yfinance,1.1200000047683716,1.159999966621399,1.100000023841858,1.149999976158142,1.149999976158142,456600,0.0,0.0,1.0,1.1200000047683716,1.149999976158142
2025-03-03,CXAI,yfinance,1.149999976158142,1.2200000286102295,1.0800000429153442,1.090000033378601,1.090000033378601,427400,0.0,0.0,1.0,1.149999976158142,1.090000033378601
2025-03-04,CXAI,yfinance,1.059999942779541,1.125,0.996999979019165,1.0399999618530271,1.0399999618530271,606800,0.0,0.0,1.0,1.059999942779541,1.0399999618530271
2025-03-05,CXAI,yfinance,1.0499999523162842,1.090000033378601,1.0399999618530271,1.0700000524520874,1.0700000524520874,218200,0.0,0.0,1.0,1.0499999523162842,1.0700000524520874
2025-03-06,CXAI,yfinance,1.0800000429153442,1.1200000047683716,1.0199999809265137,1.059999942779541,1.059999942779541,255000,0.0,0.0,1.0,1.0800000429153442,1.059999942779541
2025-03-07,CXAI,yfinance,1.0499999523162842,1.0700000524520874,0.9700000286102296,1.0499999523162842,1.0499999523162842,445000,0.0,0.0,1.0,1.0499999523162842,1.0499999523162842
2025-03-10,CXAI,yfinance,1.0199999809265137,1.0199999809265137,0.9010000228881836,0.915000021457672,0.915000021457672,592800,0.0,0.0,1.0,1.0199999809265137,0.915000021457672
2025-03-11,CXAI,yfinance,0.915000021457672,0.9900000095367432,0.915000021457672,0.9490000009536744,0.9490000009536744,268800,0.0,0.0,1.0,0.915000021457672,0.9490000009536744
2025-03-12,CXAI,yfinance,0.949999988079071,1.0199999809265137,0.949999988079071,0.9900000095367432,0.9900000095367432,210700,0.0,0.0,1.0,0.949999988079071,0.9900000095367432
2025-03-13,CXAI,yfinance,0.9900000095367432,0.9900000095367432,0.8799999952316284,0.921999990940094,0.921999990940094,300200,0.0,0.0,1.0,0.9900000095367432,0.921999990940094
2025-03-14,CXAI,yfinance,0.949999988079071,0.9990000128746032,0.949999988079071,0.9900000095367432,0.9900000095367432,220300,0.0,0.0,1.0,0.949999988079071,0.9900000095367432
2025-03-17,CXAI,yfinance,0.9900000095367432,1.0499999523162842,0.9800000190734864,1.0299999713897705,1.0299999713897705,375800,0.0,0.0,1.0,0.9900000095367432,1.0299999713897705
2025-03-18,CXAI,yfinance,1.0199999809265137,1.0299999713897705,0.9549999833106996,0.962000012397766,0.962000012397766,187200,0.0,0.0,1.0,1.0199999809265137,0.962000012397766
2025-03-19,CXAI,yfinance,0.9610000252723694,1.0499999523162842,0.959999978542328,0.9919999837875366,0.9919999837875366,257700,0.0,0.0,1.0,0.9610000252723694,0.9919999837875366
2025-03-20,CXAI,yfinance,0.9900000095367432,1.0299999713897705,0.962000012397766,0.9679999947547911,0.9679999947547911,171500,0.0,0.0,1.0,0.9900000095367432,0.9679999947547911
2025-03-21,CXAI,yfinance,0.959999978542328,0.9800000190734864,0.9399999976158142,0.953000009059906,0.953000009059906,257200,0.0,0.0,1.0,0.959999978542328,0.953000009059906
2025-03-24,CXAI,yfinance,0.9700000286102296,0.9990000128746032,0.9449999928474426,0.9570000171661376,0.9570000171661376,342200,0.0,0.0,1.0,0.9700000286102296,0.9570000171661376
2025-03-25,CXAI,yfinance,0.949999988079071,0.959999978542328,0.8939999938011169,0.921999990940094,0.921999990940094,403300,0.0,0.0,1.0,0.949999988079071,0.921999990940094
2025-03-26,CXAI,yfinance,0.8999999761581421,0.9200000166893004,0.8299999833106995,0.8579999804496765,0.8579999804496765,338900,0.0,0.0,1.0,0.8999999761581421,0.8579999804496765
2025-03-27,CXAI,yfinance,0.8500000238418579,0.8880000114440918,0.8299999833106995,0.8519999980926514,0.8519999980926514,205900,0.0,0.0,1.0,0.8500000238418579,0.8519999980926514
2025-03-28,CXAI,yfinance,0.8700000047683716,0.8799999952316284,0.8040000200271606,0.8209999799728394,0.8209999799728394,241200,0.0,0.0,1.0,0.8700000047683716,0.8209999799728394
2025-03-31,CXAI,yfinance,0.8299999833106995,0.8999999761581421,0.7639999985694885,0.8999999761581421,0.8999999761581421,465800,0.0,0.0,1.0,0.8299999833106995,0.8999999761581421
2025-04-01,CXAI,yfinance,0.8899999856948853,0.8989999890327454,0.8339999914169312,0.8560000061988831,0.8560000061988831,242000,0.0,0.0,1.0,0.8899999856948853,0.8560000061988831
2025-04-02,CXAI,yfinance,0.8450000286102295,0.8790000081062317,0.8169999718666077,0.8450000286102295,0.8450000286102295,194100,0.0,0.0,1.0,0.8450000286102295,0.8450000286102295
2025-04-03,CXAI,yfinance,0.8790000081062317,0.8790000081062317,0.781000018119812,0.8069999814033508,0.8069999814033508,9553300,0.0,0.0,1.0,0.8790000081062317,0.8069999814033508
2025-04-04,CXAI,yfinance,1.0800000429153442,1.4900000095367432,0.9509999752044678,1.4199999570846558,1.4199999570846558,92259200,0.0,0.0,1.0,1.0800000429153442,1.4199999570846558
2025-04-07,CXAI,yfinance,1.2300000190734863,1.350000023841858,1.0499999523162842,1.159999966621399,1.159999966621399,6604700,0.0,0.0,1.0,1.2300000190734863,1.159999966621399
2025-04-08,CXAI,yfinance,1.100000023841858,1.2000000476837158,0.8999999761581421,0.99099999666214,0.99099999666214,4370100,0.0,0.0,1.0,1.100000023841858,0.99099999666214
2025-04-09,CXAI,yfinance,0.8999999761581421,0.9940000176429749,0.7900000214576721,0.8899999856948853,0.8899999856948853,2654900,0.0,0.0,1.0,0.8999999761581421,0.8899999856948853
2025-04-10,CXAI,yfinance,0.9300000071525574,1.1399999856948853,0.9139999747276306,1.0399999618530271,1.0399999618530271,3254500,0.0,0.0,1.0,0.9300000071525574,1.0399999618530271
2025-04-11,CXAI,yfinance,1.0,1.1200000047683716,0.9760000109672546,1.100000023841858,1.100000023841858,808200,0.0,0.0,1.0,1.0,1.100000023841858
2025-04-14,CXAI,yfinance,1.1299999952316284,1.159999966621399,1.059999942779541,1.1299999952316284,1.1299999952316284,746600,0.0,0.0,1.0,1.1299999952316284,1.1299999952316284
2025-04-15,CXAI,yfinance,1.1299999952316284,1.1699999570846558,1.0829999446868896,1.1299999952316284,1.1299999952316284,787500,0.0,0.0,1.0,1.1299999952316284,1.1299999952316284
2025-04-16,CXAI,yfinance,1.1399999856948853,1.1399999856948853,1.0399999618530271,1.0700000524520874,1.0700000524520874,685700,0.0,0.0,1.0,1.1399999856948853,1.0700000524520874
2025-04-17,CXAI,yfinance,1.0700000524520874,1.1100000143051147,1.0199999809265137,1.100000023841858,1.100000023841858,468400,0.0,0.0,1.0,1.0700000524520874,1.100000023841858
2025-04-21,CXAI,yfinance,1.100000023841858,1.1200000047683716,1.0499999523162842,1.0700000524520874,1.0700000524520874,377500,0.0,0.0,1.0,1.100000023841858,1.0700000524520874
2025-04-22,CXAI,yfinance,1.059999942779541,1.1050000190734863,1.0299999713897705,1.090000033378601,1.090000033378601,745100,0.0,0.0,1.0,1.059999942779541,1.090000033378601
2025-04-23,CXAI,yfinance,1.1200000047683716,1.1699999570846558,1.1100000143051147,1.1299999952316284,1.1299999952316284,449300,0.0,0.0,1.0,1.1200000047683716,1.1299999952316284
2025-04-24,CXAI,yfinance,1.1200000047683716,1.190000057220459,1.1200000047683716,1.1699999570846558,1.1699999570846558,423000,0.0,0.0,1.0,1.1200000047683716,1.1699999570846558
2025-04-25,CXAI,yfinance,1.149999976158142,1.190000057220459,1.1399999856948853,1.190000057220459,1.190000057220459,373300,0.0,0.0,1.0,1.149999976158142,1.190000057220459
2025-04-28,CXAI,yfinance,1.190000057220459,1.2000000476837158,1.159999966621399,1.159999966621399,1.159999966621399,233000,0.0,0.0,1.0,1.190000057220459,1.159999966621399
2025-04-29,CXAI,yfinance,1.1699999570846558,1.190000057220459,1.1449999809265137,1.149999976158142,1.149999976158142,233900,0.0,0.0,1.0,1.1699999570846558,1.149999976158142
2025-04-30,CXAI,yfinance,1.1200000047683716,1.159999966621399,1.0800000429153442,1.159999966621399,1.159999966621399,313900,0.0,0.0,1.0,1.1200000047683716,1.159999966621399
2025-05-01,CXAI,yfinance,1.1399999856948853,1.1699999570846558,1.1150000095367432,1.1200000047683716,1.1200000047683716,251200,0.0,0.0,1.0,1.1399999856948853,1.1200000047683716
2025-05-02,CXAI,yfinance,1.100000023841858,1.2100000381469729,1.090000033378601,1.1699999570846558,1.1699999570846558,430300,0.0,0.0,1.0,1.100000023841858,1.1699999570846558
2025-05-05,CXAI,yfinance,1.159999966621399,1.1699999570846558,1.1299999952316284,1.149999976158142,1.149999976158142,201500,0.0,0.0,1.0,1.159999966621399,1.149999976158142
2025-05-06,CXAI,yfinance,1.1200000047683716,1.149999976158142,1.100000023841858,1.1100000143051147,1.1100000143051147,201500,0.0,0.0,1.0,1.1200000047683716,1.1100000143051147
2025-05-07,CXAI,yfinance,1.090000033378601,1.1299999952316284,1.0499999523162842,1.0499999523162842,1.0499999523162842,297200,0.0,0.0,1.0,1.090000033378601,1.0499999523162842
2025-05-08,CXAI,yfinance,1.100000023841858,1.1200000047683716,1.0399999618530271,1.1200000047683716,1.1200000047683716,267600,0.0,0.0,1.0,1.100000023841858,1.1200000047683716
2025-05-09,CXAI,yfinance,1.1200000047683716,1.1200000047683716,1.059999942779541,1.090000033378601,1.090000033378601,357100,0.0,0.0,1.0,1.1200000047683716,1.090000033378601
2025-05-12,CXAI,yfinance,1.090000033378601,1.159999966621399,1.0800000429153442,1.1399999856948853,1.1399999856948853,589500,0.0,0.0,1.0,1.090000033378601,1.1399999856948853
2025-05-13,CXAI,yfinance,1.1399999856948853,1.149999976158142,1.1100000143051147,1.1399999856948853,1.1399999856948853,273400,0.0,0.0,1.0,1.1399999856948853,1.1399999856948853
2025-05-14,CXAI,yfinance,1.149999976158142,1.1699999570846558,1.1050000190734863,1.1200000047683716,1.1200000047683716,458700,0.0,0.0,1.0,1.149999976158142,1.1200000047683716
2025-05-15,CXAI,yfinance,1.100000023841858,1.1100000143051147,1.0499999523162842,1.0800000429153442,1.0800000429153442,267200,0.0,0.0,1.0,1.100000023841858,1.0800000429153442
2025-05-16,CXAI,yfinance,1.0700000524520874,1.149999976158142,1.0700000524520874,1.1200000047683716,1.1200000047683716,231500,0.0,0.0,1.0,1.0700000524520874,1.1200000047683716
2025-05-19,CXAI,yfinance,1.090000033378601,1.340000033378601,1.090000033378601,1.2999999523162842,1.2999999523162842,1470000,0.0,0.0,1.0,1.090000033378601,1.2999999523162842
2025-05-20,CXAI,yfinance,1.440000057220459,1.4500000476837158,1.2599999904632568,1.3899999856948853,1.3899999856948853,2599600,0.0,0.0,1.0,1.440000057220459,1.3899999856948853
2025-05-21,CXAI,yfinance,1.2799999713897705,1.2799999713897705,1.0540000200271606,1.0700000524520874,1.0700000524520874,2172900,0.0,0.0,1.0,1.2799999713897705,1.0700000524520874
2025-05-22,CXAI,yfinance,1.0700000524520874,1.1399999856948853,1.0199999809265137,1.0399999618530271,1.0399999618530271,1175900,0.0,0.0,1.0,1.0700000524520874,1.0399999618530271
2025-05-23,CXAI,yfinance,1.0199999809265137,1.0199999809265137,0.9369999766349792,1.0,1.0,1242000,0.0,0.0,1.0,1.0199999809265137,1.0
2025-05-27,CXAI,yfinance,1.0199999809265137,1.059999942779541,0.9900000095367432,1.0499999523162842,1.0499999523162842,681500,0.0,0.0,1.0,1.0199999809265137,1.0499999523162842
2025-05-28,CXAI,yfinance,1.059999942779541,1.0700000524520874,1.0199999809265137,1.0299999713897705,1.0299999713897705,353900,0.0,0.0,1.0,1.059999942779541,1.0299999713897705
2025-05-29,CXAI,yfinance,1.0299999713897705,1.0800000429153442,1.0199999809265137,1.0299999713897705,1.0299999713897705,548500,0.0,0.0,1.0,1.0299999713897705,1.0299999713897705
2025-05-30,CXAI,yfinance,1.0299999713897705,1.0299999713897705,0.9800000190734864,0.9940000176429749,0.9940000176429749,385200,0.0,0.0,1.0,1.0299999713897705,0.9940000176429749
2025-06-02,CXAI,yfinance,0.9900000095367432,1.0099999904632568,0.9800000190734864,1.0099999904632568,1.0099999904632568,162500,0.0,0.0,1.0,0.9900000095367432,1.0099999904632568
2025-06-03,CXAI,yfinance,1.0099999904632568,1.059999942779541,1.0099999904632568,1.0499999523162842,1.0499999523162842,463800,0.0,0.0,1.0,1.0099999904632568,1.0499999523162842
2025-06-04,CXAI,yfinance,1.059999942779541,1.0800000429153442,1.0299999713897705,1.059999942779541,1.059999942779541,298000,0.0,0.0,1.0,1.059999942779541,1.059999942779541
2025-06-05,CXAI,yfinance,1.0299999713897705,1.059999942779541,1.0,1.0099999904632568,1.0099999904632568,338000,0.0,0.0,1.0,1.0299999713897705,1.0099999904632568
2025-06-06,CXAI,yfinance,1.0,1.0700000524520874,0.9900000095367432,1.0099999904632568,1.0099999904632568,547800,0.0,0.0,1.0,1.0,1.0099999904632568
2025-06-09,CXAI,yfinance,1.0299999713897705,1.0399999618530271,1.0,1.0299999713897705,1.0299999713897705,223500,0.0,0.0,1.0,1.0299999713897705,1.0299999713897705
2025-06-10,CXAI,yfinance,1.0299999713897705,1.0299999713897705,1.0099999904632568,1.0199999809265137,1.0199999809265137,153500,0.0,0.0,1.0,1.0299999713897705,1.0199999809265137
2025-06-11,CXAI,yfinance,1.0199999809265137,1.0199999809265137,0.9810000061988832,0.9940000176429749,0.9940000176429749,279000,0.0,0.0,1.0,1.0199999809265137,0.9940000176429749
2025-06-12,CXAI,yfinance,0.9819999933242798,1.0,0.9800000190734864,0.9869999885559082,0.9869999885559082,268900,0.0,0.0,1.0,0.9819999933242798,0.9869999885559082
2025-06-13,CXAI,yfinance,0.975000023841858,0.9789999723434448,0.9399999976158142,0.9399999976158142,0.9399999976158142,307200,0.0,0.0,1.0,0.975000023841858,0.9399999976158142
2025-06-16,CXAI,yfinance,0.9900000095367432,0.9900000095367432,0.8899999856948853,0.9769999980926514,0.9769999980926514,567800,0.0,0.0,1.0,0.9900000095367432,0.9769999980926514
2025-06-17,CXAI,yfinance,0.9700000286102296,0.9700000286102296,0.9300000071525574,0.9449999928474426,0.9449999928474426,243700,0.0,0.0,1.0,0.9700000286102296,0.9449999928474426
2025-06-18,CXAI,yfinance,0.9449999928474426,0.953000009059906,0.9200000166893004,0.9459999799728394,0.9459999799728394,134000,0.0,0.0,1.0,0.9449999928474426,0.9459999799728394
2025-06-20,CXAI,yfinance,0.9399999976158142,0.9399999976158142,0.8999999761581421,0.9089999794960022,0.9089999794960022,250000,0.0,0.0,1.0,0.9399999976158142,0.9089999794960022
2025-06-23,CXAI,yfinance,0.9089999794960022,0.9100000262260436,0.8740000128746033,0.8980000019073486,0.8980000019073486,258200,0.0,0.0,1.0,0.9089999794960022,0.8980000019073486
2025-06-24,CXAI,yfinance,0.8980000019073486,0.9330000281333924,0.8859999775886536,0.9269999861717224,0.9269999861717224,199600,0.0,0.0,1.0,0.8980000019073486,0.9269999861717224
2025-06-25,CXAI,yfinance,0.9300000071525574,0.9300000071525574,0.8899999856948853,0.8930000066757202,0.8930000066757202,245700,0.0,0.0,1.0,0.9300000071525574,0.8930000066757202
2025-06-26,CXAI,yfinance,0.8949999809265137,0.9079999923706056,0.8799999952316284,0.9070000052452089,0.9070000052452089,331300,0.0,0.0,1.0,0.8949999809265137,0.9070000052452089
2025-06-27,CXAI,yfinance,0.925000011920929,1.1100000143051147,0.925000011920929,1.0199999809265137,1.0199999809265137,2956600,0.0,0.0,1.0,0.925000011920929,1.0199999809265137
2025-06-30,CXAI,yfinance,1.059999942779541,1.100000023841858,1.0,1.0700000524520874,1.0700000524520874,1001000,0.0,0.0,1.0,1.059999942779541,1.0700000524520874
2025-07-01,CXAI,yfinance,1.059999942779541,1.059999942779541,0.9900000095367432,1.0099999904632568,1.0099999904632568,452900,0.0,0.0,1.0,1.059999942779541,1.0099999904632568
2025-07-02,CXAI,yfinance,1.0099999904632568,1.0499999523162842,1.0099999904632568,1.0299999713897705,1.0299999713897705,390700,0.0,0.0,1.0,1.0099999904632568,1.0299999713897705
2025-07-03,CXAI,yfinance,1.0700000524520874,1.0700000524520874,1.0499999523162842,1.0499999523162842,1.0499999523162842,233900,0.0,0.0,1.0,1.0700000524520874,1.0499999523162842
2025-07-07,CXAI,yfinance,1.0199999809265137,1.0399999618530271,0.949999988079071,0.949999988079071,0.949999988079071,823300,0.0,0.0,1.0,1.0199999809265137,0.949999988079071
2025-07-08,CXAI,yfinance,0.975000023841858,1.0299999713897705,0.959999978542328,1.0,1.0,448100,0.0,0.0,1.0,0.975000023841858,1.0
2025-07-09,CXAI,yfinance,1.0199999809265137,1.0199999809265137,0.9900000095367432,1.0,1.0,251800,0.0,0.0,1.0,1.0199999809265137,1.0
2025-07-10,CXAI,yfinance,0.9950000047683716,1.0199999809265137,0.9739999771118164,1.0199999809265137,1.0199999809265137,347800,0.0,0.0,1.0,0.9950000047683716,1.0199999809265137
2025-07-11,CXAI,yfinance,1.0099999904632568,1.027999997138977,0.9900000095367432,0.996999979019165,0.996999979019165,127100,0.0,0.0,1.0,1.0099999904632568,0.996999979019165
2025-07-14,CXAI,yfinance,1.0,1.0199999809265137,0.9900000095367432,1.0,1.0,387200,0.0,0.0,1.0,1.0,1.0
2025-07-15,CXAI,yfinance,1.0099999904632568,1.0110000371932983,0.9700000286102296,0.9700000286102296,0.9700000286102296,373600,0.0,0.0,1.0,1.0099999904632568,0.9700000286102296
2025-07-16,CXAI,yfinance,0.9890000224113464,1.0099999904632568,0.9610000252723694,1.0099999904632568,1.0099999904632568,378600,0.0,0.0,1.0,0.9890000224113464,1.0099999904632568
2025-07-17,CXAI,yfinance,1.0099999904632568,1.059999942779541,0.9869999885559082,1.0399999618530271,1.0399999618530271,624900,0.0,0.0,1.0,1.0099999904632568,1.0399999618530271
2025-07-18,CXAI,yfinance,1.0499999523162842,1.059999942779541,1.0099999904632568,1.0199999809265137,1.0199999809265137,367200,0.0,0.0,1.0,1.0499999523162842,1.0199999809265137
2025-07-21,CXAI,yfinance,1.0299999713897705,1.149999976158142,1.027999997138977,1.1100000143051147,1.1100000143051147,2150100,0.0,0.0,1.0,1.0299999713897705,1.1100000143051147
2025-07-22,CXAI,yfinance,1.1200000047683716,1.1200000047683716,1.0299999713897705,1.0800000429153442,1.0800000429153442,471900,0.0,0.0,1.0,1.1200000047683716,1.0800000429153442
2025-07-23,CXAI,yfinance,1.0800000429153442,1.1299999952316284,1.0700000524520874,1.1200000047683716,1.1200000047683716,739300,0.0,0.0,1.0,1.0800000429153442,1.1200000047683716
2025-07-24,CXAI,yfinance,1.1100000143051147,1.1299999952316284,1.0800000429153442,1.090000033378601,1.090000033378601,469900,0.0,0.0,1.0,1.1100000143051147,1.090000033378601
2025-07-25,CXAI,yfinance,1.1200000047683716,1.1200000047683716,1.059999942779541,1.0800000429153442,1.0800000429153442,353900,0.0,0.0,1.0,1.1200000047683716,1.0800000429153442
2025-07-28,CXAI,yfinance,1.0800000429153442,1.090000033378601,1.0,1.0199999809265137,1.0199999809265137,498100,0.0,0.0,1.0,1.0800000429153442,1.0199999809265137
2025-07-29,CXAI,yfinance,1.0499999523162842,1.059000015258789,0.9829999804496764,1.0099999904632568,1.0099999904632568,317500,0.0,0.0,1.0,1.0499999523162842,1.0099999904632568
2025-07-30,CXAI,yfinance,1.0,1.0199999809265137,0.968999981880188,0.9789999723434448,0.9789999723434448,371800,0.0,0.0,1.0,1.0,0.9789999723434448
2025-07-31,CXAI,yfinance,1.0,1.0,0.9190000295639038,0.9240000247955322,0.9240000247955322,524000,0.0,0.0,1.0,1.0,0.9240000247955322
2025-08-01,CXAI,yfinance,0.9120000004768372,0.9480000138282776,0.8859999775886536,0.915000021457672,0.915000021457672,505600,0.0,0.0,1.0,0.9120000004768372,0.915000021457672
2025-08-04,CXAI,yfinance,0.915000021457672,0.9549999833106996,0.9120000004768372,0.944000005722046,0.944000005722046,269600,0.0,0.0,1.0,0.915000021457672,0.944000005722046
2025-08-05,CXAI,yfinance,0.944000005722046,0.9449999928474426,0.8809999823570251,0.9259999990463256,0.9259999990463256,464800,0.0,0.0,1.0,0.944000005722046,0.9259999990463256
2025-08-06,CXAI,yfinance,0.9229999780654908,0.949999988079071,0.9049999713897704,0.912999987602234,0.912999987602234,196400,0.0,0.0,1.0,0.9229999780654908,0.912999987602234
2025-08-07,CXAI,yfinance,0.9300000071525574,0.9330000281333924,0.8799999952316284,0.8920000195503235,0.8920000195503235,312100,0.0,0.0,1.0,0.9300000071525574,0.8920000195503235
2025-08-08,CXAI,yfinance,0.9100000262260436,0.9300000071525574,0.8899999856948853,0.9169999957084656,0.9169999957084656,279600,0.0,0.0,1.0,0.9100000262260436,0.9169999957084656
2025-08-11,CXAI,yfinance,0.9300000071525574,0.9390000104904176,0.8709999918937683,0.8870000243186951,0.8870000243186951,524100,0.0,0.0,1.0,0.9300000071525574,0.8870000243186951
2025-08-12,CXAI,yfinance,0.9120000004768372,0.925000011920929,0.8769999742507935,0.8960000276565552,0.8960000276565552,799000,0.0,0.0,1.0,0.9120000004768372,0.8960000276565552
2025-08-13,CXAI,yfinance,0.949999988079071,0.9580000042915344,0.8600000143051147,0.8650000095367432,0.8650000095367432,1542000,0.0,0.0,1.0,0.949999988079071,0.8650000095367432
2025-08-14,CXAI,yfinance,0.8600000143051147,0.8759999871253967,0.800000011920929,0.8370000123977661,0.8370000123977661,1212100,0.0,0.0,1.0,0.8600000143051147,0.8370000123977661
2025-08-15,CXAI,yfinance,0.8399999737739563,0.8399999737739563,0.8009999990463257,0.8259999752044678,0.8259999752044678,642100,0.0,0.0,1.0,0.8399999737739563,0.8259999752044678
2025-08-18,CXAI,yfinance,0.8180000185966492,0.8489999771118164,0.8109999895095825,0.824999988079071,0.824999988079071,418900,0.0,0.0,1.0,0.8180000185966492,0.824999988079071
2025-08-19,CXAI,yfinance,0.8270000219345093,0.8299999833106995,0.7799999713897705,0.781000018119812,0.781000018119812,767200,0.0,0.0,1.0,0.8270000219345093,0.781000018119812
2025-08-20,CXAI,yfinance,0.7789999842643738,0.7889999747276306,0.75,0.753000020980835,0.753000020980835,825700,0.0,0.0,1.0,0.7789999842643738,0.753000020980835
2025-08-21,CXAI,yfinance,0.7429999709129333,0.7670000195503235,0.7429999709129333,0.7519999742507935,0.7519999742507935,389700,0.0,0.0,1.0,0.7429999709129333,0.7519999742507935
2025-08-22,CXAI,yfinance,0.75,0.8100000023841858,0.7200000286102295,0.800000011920929,0.800000011920929,767200,0.0,0.0,1.0,0.75,0.800000011920929
2025-08-25,CXAI,yfinance,0.8019999861717224,0.824999988079071,0.7900000214576721,0.7940000295639038,0.7940000295639038,425900,0.0,0.0,1.0,0.8019999861717224,0.7940000295639038
2025-08-26,CXAI,yfinance,0.7900000214576721,0.8149999976158142,0.7850000262260437,0.8080000281333923,0.8080000281333923,256400,0.0,0.0,1.0,0.7900000214576721,0.8080000281333923
2025-08-27,CXAI,yfinance,0.8090000152587891,0.8119999766349792,0.7799999713897705,0.7799999713897705,0.7799999713897705,323000,0.0,0.0,1.0,0.8090000152587891,0.7799999713897705
2025-08-28,CXAI,yfinance,0.7870000004768372,0.800000011920929,0.7799999713897705,0.796999990940094,0.796999990940094,361400,0.0,0.0,1.0,0.7870000004768372,0.796999990940094
2025-08-29,CXAI,yfinance,0.7979999780654907,0.7979999780654907,0.7400000095367432,0.753000020980835,0.753000020980835,481500,0.0,0.0,1.0,0.7979999780654907,0.753000020980835
2025-09-02,CXAI,yfinance,0.75,0.75,0.7039999961853027,0.718999981880188,0.718999981880188,604300,0.0,0.0,1.0,0.75,0.718999981880188
2025-09-03,CXAI,yfinance,0.7269999980926514,0.7269999980926514,0.6779999732971191,0.6809999942779541,0.6809999942779541,866700,0.0,0.0,1.0,0.7269999980926514,0.6809999942779541
2025-09-04,CXAI,yfinance,0.6779999732971191,0.6809999942779541,0.6129999756813049,0.6430000066757202,0.6430000066757202,928800,0.0,0.0,1.0,0.6779999732971191,0.6430000066757202
2025-09-05,CXAI,yfinance,0.6700000166893005,0.7329999804496765,0.6499999761581421,0.7319999933242798,0.7319999933242798,930000,0.0,0.0,1.0,0.6700000166893005,0.7319999933242798
2025-09-08,CXAI,yfinance,0.7419999837875366,0.7419999837875366,0.6890000104904175,0.7210000157356262,0.7210000157356262,894200,0.0,0.0,1.0,0.7419999837875366,0.7210000157356262
2025-09-09,CXAI,yfinance,0.7020000219345093,0.7200000286102295,0.6819999814033508,0.6959999799728394,0.6959999799728394,527000,0.0,0.0,1.0,0.7020000219345093,0.6959999799728394
2025-09-10,CXAI,yfinance,0.6899999976158142,0.6980000138282776,0.6589999794960022,0.6859999895095825,0.6859999895095825,712300,0.0,0.0,1.0,0.6899999976158142,0.6859999895095825
2025-09-11,CXAI,yfinance,0.675000011920929,0.7419999837875366,0.675000011920929,0.7369999885559082,0.7369999885559082,518000,0.0,0.0,1.0,0.675000011920929,0.7369999885559082
2025-09-12,CXAI,yfinance,0.7490000128746033,0.7850000262260437,0.7300000190734863,0.7620000243186951,0.7620000243186951,1457500,0.0,0.0,1.0,0.7490000128746033,0.7620000243186951
2025-09-15,CXAI,yfinance,0.7350000143051147,0.7440000176429749,0.6949999928474426,0.7250000238418579,0.7250000238418579,762200,0.0,0.0,1.0,0.7350000143051147,0.7250000238418579
2025-09-16,CXAI,yfinance,0.7110000252723694,0.7360000014305115,0.7059999704360962,0.7210000157356262,0.7210000157356262,388800,0.0,0.0,1.0,0.7110000252723694,0.7210000157356262
2025-09-17,CXAI,yfinance,0.7300000190734863,0.75,0.7099999785423279,0.718999981880188,0.718999981880188,414500,0.0,0.0,1.0,0.7300000190734863,0.718999981880188
2025-09-18,CXAI,yfinance,0.7200000286102295,0.8199999928474426,0.7099999785423279,0.7829999923706055,0.7829999923706055,1160200,0.0,0.0,1.0,0.7200000286102295,0.7829999923706055
2025-09-19,CXAI,yfinance,0.7749999761581421,0.800000011920929,0.7670000195503235,0.7919999957084656,0.7919999957084656,571100,0.0,0.0,1.0,0.7749999761581421,0.7919999957084656
2025-09-22,CXAI,yfinance,0.7799999713897705,0.8100000023841858,0.7319999933242798,0.781000018119812,0.781000018119812,740400,0.0,0.0,1.0,0.7799999713897705,0.781000018119812
2025-09-23,CXAI,yfinance,0.796999990940094,0.8240000009536743,0.7549999952316284,0.7710000276565552,0.7710000276565552,1018900,0.0,0.0,1.0,0.796999990940094,0.7710000276565552
2025-09-24,CXAI,yfinance,0.7799999713897705,0.800000011920929,0.746999979019165,0.7599999904632568,0.7599999904632568,566600,0.0,0.0,1.0,0.7799999713897705,0.7599999904632568
2025-09-25,CXAI,yfinance,0.7350000143051147,0.7490000128746033,0.6899999976158142,0.7170000076293945,0.7170000076293945,1430300,0.0,0.0,1.0,0.7350000143051147,0.7170000076293945
2025-09-26,CXAI,yfinance,0.7170000076293945,0.7490000128746033,0.699999988079071,0.7390000224113464,0.7390000224113464,466600,0.0,0.0,1.0,0.7170000076293945,0.7390000224113464
2025-09-29,CXAI,yfinance,0.7509999871253967,0.7590000033378601,0.7120000123977661,0.7419999837875366,0.7419999837875366,495000,0.0,0.0,1.0,0.7509999871253967,0.7419999837875366
2025-09-30,CXAI,yfinance,0.75,0.75,0.7009999752044678,0.7369999885559082,0.7369999885559082,207400,0.0,0.0,1.0,0.75,0.7369999885559082
2025-10-01,CXAI,yfinance,0.7300000190734863,0.7490000128746033,0.7149999737739563,0.7440000176429749,0.7440000176429749,215900,0.0,0.0,1.0,0.7300000190734863,0.7440000176429749
2025-10-02,CXAI,yfinance,0.7400000095367432,0.8100000023841858,0.7400000095367432,0.800000011920929,0.800000011920929,1140600,0.0,0.0,1.0,0.7400000095367432,0.800000011920929
2025-10-03,CXAI,yfinance,0.8199999928474426,0.878000020980835,0.8100000023841858,0.8289999961853027,0.8289999961853027,909300,0.0,0.0,1.0,0.8199999928474426,0.8289999961853027
2025-10-06,CXAI,yfinance,0.8119999766349792,0.8500000238418579,0.7900000214576721,0.8270000219345093,0.8270000219345093,704100,0.0,0.0,1.0,0.8119999766349792,0.8270000219345093
2025-10-07,CXAI,yfinance,0.847000002861023,0.8700000047683716,0.8100000023841858,0.8399999737739563,0.8399999737739563,902900,0.0,0.0,1.0,0.847000002861023,0.8399999737739563
2025-10-08,CXAI,yfinance,0.8700000047683716,0.949999988079071,0.8550000190734863,0.9279999732971193,0.9279999732971193,1684400,0.0,0.0,1.0,0.8700000047683716,0.9279999732971193
2025-10-09,CXAI,yfinance,0.9399999976158142,1.0399999618530271,0.8999999761581421,0.9399999976158142,0.9399999976158142,2901100,0.0,0.0,1.0,0.9399999976158142,0.9399999976158142
2025-10-10,CXAI,yfinance,0.9470000267028807,0.959999978542328,0.8100000023841858,0.8309999704360962,0.8309999704360962,2026000,0.0,0.0,1.0,0.9470000267028807,0.8309999704360962
2025-10-13,CXAI,yfinance,0.8500000238418579,0.8889999985694885,0.8199999928474426,0.8500000238418579,0.8500000238418579,898900,0.0,0.0,1.0,0.8500000238418579,0.8500000238418579
2025-10-14,CXAI,yfinance,0.8220000267028809,0.8479999899864197,0.7799999713897705,0.824999988079071,0.824999988079071,903800,0.0,0.0,1.0,0.8220000267028809,0.824999988079071
2025-10-15,CXAI,yfinance,0.8309999704360962,0.9100000262260436,0.8059999942779541,0.8240000009536743,0.8240000009536743,2480700,0.0,0.0,1.0,0.8309999704360962,0.8240000009536743
2025-10-16,CXAI,yfinance,0.8389999866485596,0.8399999737739563,0.7549999952316284,0.7620000243186951,0.7620000243186951,1312300,0.0,0.0,1.0,0.8389999866485596,0.7620000243186951
2025-10-17,CXAI,yfinance,0.7599999904632568,0.777999997138977,0.7239999771118164,0.7360000014305115,0.7360000014305115,592700,0.0,0.0,1.0,0.7599999904632568,0.7360000014305115
2025-10-20,CXAI,yfinance,0.75,0.8040000200271606,0.7450000047683716,0.7860000133514404,0.7860000133514404,691900,0.0,0.0,1.0,0.75,0.7860000133514404
2025-10-21,CXAI,yfinance,0.800000011920929,0.8199999928474426,0.7480000257492065,0.7689999938011169,0.7689999938011169,591300,0.0,0.0,1.0,0.800000011920929,0.7689999938011169
2025-10-22,CXAI,yfinance,0.7549999952316284,0.7689999938011169,0.7080000042915344,0.7260000109672546,0.7260000109672546,568400,0.0,0.0,1.0,0.7549999952316284,0.7260000109672546
2025-10-23,CXAI,yfinance,0.7200000286102295,0.7599999904632568,0.7099999785423279,0.7519999742507935,0.7519999742507935,360300,0.0,0.0,1.0,0.7200000286102295,0.7519999742507935
2025-10-24,CXAI,yfinance,0.7599999904632568,0.7799999713897705,0.7429999709129333,0.7760000228881836,0.7760000228881836,768400,0.0,0.0,1.0,0.7599999904632568,0.7760000228881836
2025-10-27,CXAI,yfinance,0.7760000228881836,0.800000011920929,0.7609999775886536,0.7689999938011169,0.7689999938011169,461500,0.0,0.0,1.0,0.7760000228881836,0.7689999938011169
2025-10-28,CXAI,yfinance,0.7599999904632568,0.7900000214576721,0.7250000238418579,0.7329999804496765,0.7329999804496765,590200,0.0,0.0,1.0,0.7599999904632568,0.7329999804496765
2025-10-29,CXAI,yfinance,0.7289999723434448,0.7319999933242798,0.6859999895095825,0.6880000233650208,0.6880000233650208,782100,0.0,0.0,1.0,0.7289999723434448,0.6880000233650208
2025-10-30,CXAI,yfinance,0.6850000023841858,0.7089999914169312,0.6800000071525574,0.6819999814033508,0.6819999814033508,440900,0.0,0.0,1.0,0.6850000023841858,0.6819999814033508
2025-10-31,CXAI,yfinance,0.6819999814033508,0.7480000257492065,0.6819999814033508,0.7260000109672546,0.7260000109672546,563600,0.0,0.0,1.0,0.6819999814033508,0.7260000109672546
2025-11-03,CXAI,yfinance,0.7360000014305115,0.7360000014305115,0.6679999828338623,0.6899999976158142,0.6899999976158142,888300,0.0,0.0,1.0,0.7360000014305115,0.6899999976158142
2025-11-04,CXAI,yfinance,0.6600000262260437,0.6850000023841858,0.6299999952316284,0.6430000066757202,0.6430000066757202,659700,0.0,0.0,1.0,0.6600000262260437,0.6430000066757202
2025-11-05,CXAI,yfinance,0.6430000066757202,0.6660000085830688,0.6299999952316284,0.6470000147819519,0.6470000147819519,471700,0.0,0.0,1.0,0.6430000066757202,0.6470000147819519
2025-11-06,CXAI,yfinance,0.6449999809265137,0.6600000262260437,0.6000000238418579,0.6159999966621399,0.6159999966621399,614100,0.0,0.0,1.0,0.6449999809265137,0.6159999966621399
2025-11-07,CXAI,yfinance,0.6000000238418579,0.6050000190734863,0.550000011920929,0.6000000238418579,0.6000000238418579,1219700,0.0,0.0,1.0,0.6000000238418579,0.6000000238418579
2025-11-10,CXAI,yfinance,0.6190000176429749,0.6200000047683716,0.5799999833106995,0.5849999785423279,0.5849999785423279,716400,0.0,0.0,1.0,0.6190000176429749,0.5849999785423279
2025-11-11,CXAI,yfinance,0.5799999833106995,0.5899999737739563,0.5569999814033508,0.5640000104904175,0.5640000104904175,393100,0.0,0.0,1.0,0.5799999833106995,0.5640000104904175
2025-11-12,CXAI,yfinance,0.550000011920929,0.5789999961853027,0.5410000085830688,0.5699999928474426,0.5699999928474426,1275300,0.0,0.0,1.0,0.550000011920929,0.5699999928474426
2025-11-13,CXAI,yfinance,0.5699999928474426,0.5759999752044678,0.5,0.5139999985694885,0.5139999985694885,1698100,0.0,0.0,1.0,0.5699999928474426,0.5139999985694885
2025-11-14,CXAI,yfinance,0.5,0.5479999780654907,0.5,0.5320000052452087,0.5320000052452087,658600,0.0,0.0,1.0,0.5,0.5320000052452087
2025-11-17,CXAI,yfinance,0.5270000100135803,0.5270000100135803,0.453000009059906,0.4589999914169311,0.4589999914169311,1067600,0.0,0.0,1.0,0.5270000100135803,0.4589999914169311
2025-11-18,CXAI,yfinance,0.4550000131130218,0.4720000028610229,0.4259999990463257,0.4670000076293945,0.4670000076293945,467500,0.0,0.0,1.0,0.4550000131130218,0.4670000076293945
2025-11-19,CXAI,yfinance,0.4799999892711639,0.492000013589859,0.4309999942779541,0.44200000166893,0.44200000166893,584600,0.0,0.0,1.0,0.4799999892711639,0.44200000166893
2025-11-20,CXAI,yfinance,0.449999988079071,0.4799999892711639,0.4099999964237213,0.4099999964237213,0.4099999964237213,689200,0.0,0.0,1.0,0.449999988079071,0.4099999964237213
2025-11-21,CXAI,yfinance,0.395000010728836,0.4289999902248382,0.3849999904632568,0.4020000100135803,0.4020000100135803,912100,0.0,0.0,1.0,0.395000010728836,0.4020000100135803
2025-11-24,CXAI,yfinance,0.4000000059604645,0.449999988079071,0.4000000059604645,0.4410000145435333,0.4410000145435333,621000,0.0,0.0,1.0,0.4000000059604645,0.4410000145435333
2025-11-25,CXAI,yfinance,0.4469999969005584,0.4699999988079071,0.4300000071525574,0.4620000123977661,0.4620000123977661,601600,0.0,0.0,1.0,0.4469999969005584,0.4620000123977661
2025-11-26,CXAI,yfinance,0.453000009059906,0.4799999892711639,0.4399999976158142,0.460999995470047,0.460999995470047,623400,0.0,0.0,1.0,0.453000009059906,0.460999995470047
2025-11-28,CXAI,yfinance,0.4690000116825104,0.4799999892711639,0.460999995470047,0.4620000123977661,0.4620000123977661,412400,0.0,0.0,1.0,0.4690000116825104,0.4620000123977661
2025-12-01,CXAI,yfinance,0.4600000083446502,0.4650000035762787,0.4000000059604645,0.4059999883174896,0.4059999883174896,750600,0.0,0.0,1.0,0.4600000083446502,0.4059999883174896
2025-12-02,CXAI,yfinance,0.4160000085830688,0.4429999887943268,0.4000000059604645,0.4000000059604645,0.4000000059604645,860100,0.0,0.0,1.0,0.4160000085830688,0.4000000059604645
2025-12-03,CXAI,yfinance,0.3970000147819519,0.4020000100135803,0.3600000143051147,0.3860000073909759,0.3860000073909759,1036400,0.0,0.0,1.0,0.3970000147819519,0.3860000073909759
2025-12-04,CXAI,yfinance,0.4000000059604645,0.4399999976158142,0.395000010728836,0.4339999854564667,0.4339999854564667,788700,0.0,0.0,1.0,0.4000000059604645,0.4339999854564667
2025-12-05,CXAI,yfinance,0.4449999928474426,0.4510000050067901,0.4099999964237213,0.4160000085830688,0.4160000085830688,337700,0.0,0.0,1.0,0.4449999928474426,0.4160000085830688
2025-12-08,CXAI,yfinance,0.4239999949932098,0.4440000057220459,0.4099999964237213,0.4129999876022339,0.4129999876022339,601500,0.0,0.0,1.0,0.4239999949932098,0.4129999876022339
2025-12-09,CXAI,yfinance,0.4180000126361847,0.6000000238418579,0.4180000126361847,0.5,0.5,31570000,0.0,0.0,1.0,0.4180000126361847,0.5
2025-12-10,CXAI,yfinance,0.5,0.550000011920929,0.4729999899864197,0.5249999761581421,0.5249999761581421,6324000,0.0,0.0,1.0,0.5,0.5249999761581421
2025-12-11,CXAI,yfinance,0.5059999823570251,0.5080000162124634,0.453000009059906,0.4650000035762787,0.4650000035762787,3482100,0.0,0.0,1.0,0.5059999823570251,0.4650000035762787
2025-12-12,CXAI,yfinance,0.4749999940395355,0.4769999980926513,0.4000000059604645,0.4000000059604645,0.4000000059604645,2297600,0.0,0.0,1.0,0.4749999940395355,0.4000000059604645
2025-12-15,CXAI,yfinance,0.4099999964237213,0.4099999964237213,0.3600000143051147,0.3659999966621399,0.3659999966621399,1647500,0.0,0.0,1.0,0.4099999964237213,0.3659999966621399
2025-12-16,CXAI,yfinance,0.3659999966621399,0.4099999964237213,0.3659999966621399,0.4009999930858612,0.4009999930858612,1019200,0.0,0.0,1.0,0.3659999966621399,0.4009999930858612
2025-12-17,CXAI,yfinance,0.4189999997615814,0.4189999997615814,0.375,0.375,0.375,1111200,0.0,0.0,1.0,0.4189999997615814,0.375
2025-12-18,CXAI,yfinance,0.3970000147819519,0.4000000059604645,0.3650000095367431,0.3700000047683716,0.3700000047683716,1021300,0.0,0.0,1.0,0.3970000147819519,0.3700000047683716
2025-12-19,CXAI,yfinance,0.3709999918937683,0.4000000059604645,0.3700000047683716,0.3860000073909759,0.3860000073909759,1209900,0.0,0.0,1.0,0.3709999918937683,0.3860000073909759
2025-12-22,CXAI,yfinance,0.395000010728836,0.414000004529953,0.3799999952316284,0.3910000026226043,0.3910000026226043,1449500,0.0,0.0,1.0,0.395000010728836,0.3910000026226043
2025-12-23,CXAI,yfinance,0.3970000147819519,0.4099999964237213,0.3499999940395355,0.3499999940395355,0.3499999940395355,1485200,0.0,0.0,1.0,0.3970000147819519,0.3499999940395355
2025-12-24,CXAI,yfinance,0.3499999940395355,0.3600000143051147,0.3230000138282776,0.3479999899864197,0.3479999899864197,1096300,0.0,0.0,1.0,0.3499999940395355,0.3479999899864197
2025-12-26,CXAI,yfinance,0.3490000069141388,0.3510000109672546,0.324999988079071,0.3300000131130218,0.3300000131130218,1307400,0.0,0.0,1.0,0.3490000069141388,0.3300000131130218
2025-12-29,CXAI,yfinance,0.3300000131130218,0.3300000131130218,0.3039999902248382,0.3059999942779541,0.3059999942779541,1366100,0.0,0.0,1.0,0.3300000131130218,0.3059999942779541
2025-12-30,CXAI,yfinance,0.3000000119209289,0.324999988079071,0.3000000119209289,0.3100000023841858,0.3100000023841858,1813500,0.0,0.0,1.0,0.3000000119209289,0.3100000023841858
2025-12-31,CXAI,yfinance,0.3059999942779541,0.3759999871253967,0.3009999990463257,0.3319999873638153,0.3319999873638153,3724900,0.0,0.0,1.0,0.3059999942779541,0.3319999873638153
2026-01-02,CXAI,yfinance,0.367000013589859,0.3799999952316284,0.324999988079071,0.3420000076293945,0.3420000076293945,3872000,0.0,0.0,1.0,0.367000013589859,0.3420000076293945
2026-01-05,CXAI,yfinance,0.3499999940395355,0.3700000047683716,0.3260000050067901,0.3400000035762787,0.3400000035762787,2676100,0.0,0.0,1.0,0.3499999940395355,0.3400000035762787
2026-01-06,CXAI,yfinance,0.3470000028610229,0.3709999918937683,0.3379999995231628,0.3630000054836273,0.3630000054836273,1321000,0.0,0.0,1.0,0.3470000028610229,0.3630000054836273
2026-01-07,CXAI,yfinance,0.3600000143051147,0.3689999878406524,0.3440000116825104,0.356000006198883,0.356000006198883,785400,0.0,0.0,1.0,0.3600000143051147,0.356000006198883
2026-01-08,CXAI,yfinance,0.3490000069141388,0.3540000021457672,0.3370000123977661,0.3429999947547912,0.3429999947547912,645600,0.0,0.0,1.0,0.3490000069141388,0.3429999947547912
2026-01-09,CXAI,yfinance,0.3490000069141388,0.3549999892711639,0.3330000042915344,0.3330000042915344,0.3330000042915344,927500,0.0,0.0,1.0,0.3490000069141388,0.3330000042915344
2026-01-12,CXAI,yfinance,0.324999988079071,0.3490000069141388,0.324999988079071,0.3339999914169311,0.3339999914169311,862700,0.0,0.0,1.0,0.324999988079071,0.3339999914169311
2026-01-13,CXAI,yfinance,0.3330000042915344,0.3400000035762787,0.3009999990463257,0.3009999990463257,0.3009999990463257,2106200,0.0,0.0,1.0,0.3330000042915344,0.3009999990463257
2026-01-14,CXAI,yfinance,0.2980000078678131,0.2989999949932098,0.2800000011920929,0.2910000085830688,0.2910000085830688,1769500,0.0,0.0,1.0,0.2980000078678131,0.2910000085830688
2026-01-15,CXAI,yfinance,0.3000000119209289,0.3050000071525574,0.2899999916553497,0.2899999916553497,0.2899999916553497,901500,0.0,0.0,1.0,0.3000000119209289,0.2899999916553497
2026-01-16,CXAI,yfinance,0.2899999916553497,0.3000000119209289,0.2829999923706054,0.2899999916553497,0.2899999916553497,910200,0.0,0.0,1.0,0.2899999916553497,0.2899999916553497
2026-01-20,CXAI,yfinance,0.2910000085830688,0.2910000085830688,0.270000010728836,0.2750000059604645,0.2750000059604645,1217200,0.0,0.0,1.0,0.2910000085830688,0.2750000059604645
2026-01-21,CXAI,yfinance,0.2720000147819519,0.2849999964237213,0.25,0.2590000033378601,0.2590000033378601,1322800,0.0,0.0,1.0,0.2720000147819519,0.2590000033378601
2026-01-22,CXAI,yfinance,0.2399999946355819,0.277999997138977,0.2399999946355819,0.2730000019073486,0.2730000019073486,764100,0.0,0.0,1.0,0.2399999946355819,0.2730000019073486
2026-01-23,CXAI,yfinance,0.277999997138977,0.2860000133514404,0.2649999856948852,0.2800000011920929,0.2800000011920929,3504900,0.0,0.0,1.0,0.277999997138977,0.2800000011920929
2026-01-26,CXAI,yfinance,0.3700000047683716,0.3790000081062317,0.2910000085830688,0.3109999895095825,0.3109999895095825,66901600,0.0,0.0,1.0,0.3700000047683716,0.3109999895095825
2026-01-27,CXAI,yfinance,0.3100000023841858,0.3700000047683716,0.270000010728836,0.324999988079071,0.324999988079071,15929700,0.0,0.0,1.0,0.3100000023841858,0.324999988079071
2026-01-28,CXAI,yfinance,0.3379999995231628,0.4490000009536743,0.3199999928474426,0.3379999995231628,0.3379999995231628,28347200,0.0,0.0,1.0,0.3379999995231628,0.3379999995231628
2026-01-29,CXAI,yfinance,0.3350000083446502,0.3389999866485595,0.3000000119209289,0.3050000071525574,0.3050000071525574,9113800,0.0,0.0,1.0,0.3350000083446502,0.3050000071525574
2026-01-30,CXAI,yfinance,0.3190000057220459,0.3429999947547912,0.2829999923706054,0.3260000050067901,0.3260000050067901,11841100,0.0,0.0,1.0,0.3190000057220459,0.3260000050067901
2026-02-02,CXAI,yfinance,0.3300000131130218,0.3330000042915344,0.2750000059604645,0.277999997138977,0.277999997138977,7736600,0.0,0.0,1.0,0.3300000131130218,0.277999997138977
2026-02-03,CXAI,yfinance,0.2750000059604645,0.2750000059604645,0.2430000007152557,0.2619999945163727,0.2619999945163727,6167600,0.0,0.0,1.0,0.2750000059604645,0.2619999945163727
2026-02-04,CXAI,yfinance,0.2639999985694885,0.2639999985694885,0.2140000015497207,0.2169999927282333,0.2169999927282333,4877900,0.0,0.0,1.0,0.2639999985694885,0.2169999927282333
2026-02-05,CXAI,yfinance,0.2140000015497207,0.248999997973442,0.209999993443489,0.2129999995231628,0.2129999995231628,6780200,0.0,0.0,1.0,0.2140000015497207,0.2129999995231628
2026-02-06,CXAI,yfinance,0.2240000069141388,0.2360000014305114,0.209999993443489,0.2280000001192093,0.2280000001192093,3472700,0.0,0.0,1.0,0.2240000069141388,0.2280000001192093
2026-02-09,CXAI,yfinance,0.2300000041723251,0.2430000007152557,0.2199999988079071,0.2370000034570694,0.2370000034570694,1784700,0.0,0.0,1.0,0.2300000041723251,0.2370000034570694
2026-02-10,CXAI,yfinance,0.2399999946355819,0.2469999939203262,0.2300000041723251,0.2329999953508377,0.2329999953508377,1747900,0.0,0.0,1.0,0.2399999946355819,0.2329999953508377
2026-02-11,CXAI,yfinance,0.2319999933242797,0.2319999933242797,0.2119999974966049,0.2150000035762787,0.2150000035762787,3271900,0.0,0.0,1.0,0.2319999933242797,0.2150000035762787
2026-02-12,CXAI,yfinance,0.2150000035762787,0.2199999988079071,0.1949999928474426,0.202000007033348,0.202000007033348,3667100,0.0,0.0,1.0,0.2150000035762787,0.202000007033348
2026-02-13,CXAI,yfinance,0.1990000009536743,0.2240000069141388,0.1990000009536743,0.2010000050067901,0.2010000050067901,4407900,0.0,0.0,1.0,0.1990000009536743,0.2010000050067901
2026-02-17,CXAI,yfinance,0.2000000029802322,0.2029999941587448,0.1809999942779541,0.1870000064373016,0.1870000064373016,2383800,0.0,0.0,1.0,0.2000000029802322,0.1870000064373016
2026-02-18,CXAI,yfinance,0.181999996304512,0.2029999941587448,0.1800000071525573,0.1800000071525573,0.1800000071525573,1963100,0.0,0.0,1.0,0.181999996304512,0.1800000071525573
2026-02-19,CXAI,yfinance,0.181999996304512,0.1990000009536743,0.1800000071525573,0.1889999955892563,0.1889999955892563,1620400,0.0,0.0,1.0,0.181999996304512,0.1889999955892563
2026-02-20,CXAI,yfinance,0.1930000036954879,0.202000007033348,0.1850000023841858,0.1850000023841858,0.1850000023841858,1692900,0.0,0.0,1.0,0.1930000036954879,0.1850000023841858
2026-02-23,CXAI,yfinance,0.1809999942779541,0.1940000057220459,0.1710000038146972,0.1749999970197677,0.1749999970197677,1914800,0.0,0.0,1.0,0.1809999942779541,0.1749999970197677
2026-02-24,CXAI,yfinance,0.1739999949932098,0.1860000044107437,0.1729999929666519,0.1800000071525573,0.1800000071525573,1018500,0.0,0.0,1.0,0.1739999949932098,0.1800000071525573
2026-02-25,CXAI,yfinance,0.1829999983310699,0.2090000063180923,0.1759999990463256,0.1899999976158142,0.1899999976158142,2779200,0.0,0.0,1.0,0.1829999983310699,0.1899999976158142
2026-02-26,CXAI,yfinance,0.19200000166893,0.2000000029802322,0.1870000064373016,0.1889999955892563,0.1889999955892563,1541800,0.0,0.0,1.0,0.19200000166893,0.1889999955892563
2026-02-27,CXAI,yfinance,0.1940000057220459,0.1949999928474426,0.1829999983310699,0.1829999983310699,0.1829999983310699,1359300,0.0,0.0,1.0,0.1940000057220459,0.1829999983310699
2026-03-02,CXAI,yfinance,0.1729999929666519,0.1829999983310699,0.1620000004768371,0.1659999936819076,0.1659999936819076,2190600,0.0,0.0,1.0,0.1729999929666519,0.1659999936819076
2026-03-03,CXAI,yfinance,0.163000002503395,0.202000007033348,0.163000002503395,0.1829999983310699,0.1829999983310699,4752000,0.0,0.0,1.0,0.163000002503395,0.1829999983310699
2026-03-04,CXAI,yfinance,0.1930000036954879,0.2290000021457672,0.1909999996423721,0.2010000050067901,0.2010000050067901,35511000,0.0,0.0,1.0,0.1930000036954879,0.2010000050067901
2026-03-05,CXAI,yfinance,0.2370000034570694,0.2529999911785126,0.2119999974966049,0.2230000048875808,0.2230000048875808,82472800,0.0,0.0,1.0,0.2370000034570694,0.2230000048875808
2026-03-06,CXAI,yfinance,0.2090000063180923,0.2199999988079071,0.1840000003576278,0.1990000009536743,0.1990000009536743,10279300,0.0,0.0,1.0,0.2090000063180923,0.1990000009536743
2026-03-09,CXAI,yfinance,0.1879999935626983,0.1949999928474426,0.1710000038146972,0.19200000166893,0.19200000166893,4740200,0.0,0.0,1.0,0.1879999935626983,0.19200000166893
2026-03-10,CXAI,yfinance,0.1800000071525573,0.2000000029802322,0.1800000071525573,0.1899999976158142,0.1899999976158142,3307700,0.0,0.0,1.0,0.1800000071525573,0.1899999976158142
2026-03-11,CXAI,yfinance,0.1879999935626983,0.209999993443489,0.1879999935626983,0.209999993443489,0.209999993443489,3821800,0.0,0.0,1.0,0.1879999935626983,0.209999993443489
2026-03-12,CXAI,yfinance,0.202000007033348,0.2199999988079071,0.1930000036954879,0.2199999988079071,0.2199999988079071,10030600,0.0,0.0,1.0,0.202000007033348,0.2199999988079071
2026-03-13,CXAI,yfinance,0.2669999897480011,0.3179999887943268,0.2419999986886978,0.2529999911785126,0.2529999911785126,151503000,0.0,0.0,1.0,0.2669999897480011,0.2529999911785126
2026-03-16,CXAI,yfinance,0.2520000040531158,0.3129999935626983,0.2300000041723251,0.3019999861717224,0.3019999861717224,24592300,0.0,0.0,1.0,0.2520000040531158,0.3019999861717224
2026-03-17,CXAI,yfinance,0.2879999876022339,0.3149999976158142,0.2709999978542328,0.2860000133514404,0.2860000133514404,10747300,0.0,0.0,1.0,0.2879999876022339,0.2860000133514404
2026-03-18,CXAI,yfinance,0.2750000059604645,0.2849999964237213,0.2220000028610229,0.2750000059604645,0.2750000059604645,12239900,0.0,0.0,1.0,0.2750000059604645,0.2750000059604645
2026-03-19,CXAI,yfinance,0.2619999945163727,0.2680000066757202,0.25,0.2649999856948852,0.2649999856948852,2283600,0.0,0.0,1.0,0.2619999945163727,0.2649999856948852
2026-03-20,CXAI,yfinance,0.2599999904632568,0.2649999856948852,0.2220000028610229,0.2230000048875808,0.2230000048875808,4051800,0.0,0.0,1.0,0.2599999904632568,0.2230000048875808
2026-03-23,CXAI,yfinance,0.2360000014305114,0.2750000059604645,0.2319999933242797,0.2599999904632568,0.2599999904632568,6269000,0.0,0.0,1.0,0.2360000014305114,0.2599999904632568
2026-03-24,CXAI,yfinance,0.257999986410141,0.2689999938011169,0.2450000047683715,0.2599999904632568,0.2599999904632568,2024000,0.0,0.0,1.0,0.257999986410141,0.2599999904632568
2026-03-25,CXAI,yfinance,0.2619999945163727,0.270000010728836,0.2450000047683715,0.2450000047683715,0.2450000047683715,3052400,0.0,0.0,1.0,0.2619999945163727,0.2450000047683715
2026-03-26,CXAI,yfinance,0.2409999966621399,0.25,0.210999995470047,0.2179999947547912,0.2179999947547912,2976300,0.0,0.0,1.0,0.2409999966621399,0.2179999947547912
2026-03-27,CXAI,yfinance,0.2150000035762787,0.2179999947547912,0.1829999983310699,0.1940000057220459,0.1940000057220459,4134500,0.0,0.0,1.0,0.2150000035762787,0.1940000057220459
2026-03-30,CXAI,yfinance,0.2060000002384185,0.2150000035762787,0.1959999948740005,0.2000000029802322,0.2000000029802322,16017500,0.0,0.0,1.0,0.2060000002384185,0.2000000029802322
2026-03-31,CXAI,yfinance,0.1800000071525573,0.1899999976158142,0.1420000046491623,0.1809999942779541,0.1809999942779541,12552800,0.0,0.0,1.0,0.1800000071525573,0.1809999942779541
2026-04-01,CXAI,yfinance,0.1710000038146972,0.181999996304512,0.1650000065565109,0.1800000071525573,0.1800000071525573,3290100,0.0,0.0,1.0,0.1710000038146972,0.1800000071525573
2026-04-02,CXAI,yfinance,0.1710000038146972,0.1790000051259994,0.164000004529953,0.1790000051259994,0.1790000051259994,2534500,0.0,0.0,1.0,0.1710000038146972,0.1790000051259994
2026-04-06,CXAI,yfinance,0.1790000051259994,0.1850000023841858,0.1720000058412552,0.1800000071525573,0.1800000071525573,2179000,0.0,0.0,1.0,0.1790000051259994,0.1800000071525573
2026-04-07,CXAI,yfinance,0.1790000051259994,0.1949999928474426,0.1700000017881393,0.1899999976158142,0.1899999976158142,4121800,0.0,0.0,1.0,0.1790000051259994,0.1899999976158142
2026-04-08,CXAI,yfinance,0.2000000029802322,0.2000000029802322,0.1749999970197677,0.1809999942779541,0.1809999942779541,3355400,0.0,0.0,1.0,0.2000000029802322,0.1809999942779541
2026-04-09,CXAI,yfinance,0.1749999970197677,0.1850000023841858,0.1710000038146972,0.1790000051259994,0.1790000051259994,2071600,0.0,0.0,1.0,0.1749999970197677,0.1790000051259994
2026-04-10,CXAI,yfinance,0.1780000030994415,0.181999996304512,0.1689999997615814,0.181999996304512,0.181999996304512,40795000,0.0,0.0,1.0,0.1780000030994415,0.181999996304512
2026-04-13,CXAI,yfinance,0.1620000004768371,0.1720000058412552,0.1509999930858612,0.163000002503395,0.163000002503395,11665800,0.0,0.0,1.0,0.1620000004768371,0.163000002503395
2026-04-14,CXAI,yfinance,0.163000002503395,0.1729999929666519,0.1609999984502792,0.1650000065565109,0.1650000065565109,5745000,0.0,0.0,1.0,0.163000002503395,0.1650000065565109
2026-04-15,CXAI,yfinance,0.163000002503395,0.1850000023841858,0.1570000052452087,0.1850000023841858,0.1850000023841858,7632000,0.0,0.0,1.0,0.163000002503395,0.1850000023841858
2026-04-16,CXAI,yfinance,0.181999996304512,0.181999996304512,0.1700000017881393,0.1800000071525573,0.1800000071525573,3435400,0.0,0.0,1.0,0.181999996304512,0.1800000071525573
2026-04-17,CXAI,yfinance,0.1749999970197677,0.1969999969005584,0.1739999949932098,0.1969999969005584,0.1969999969005584,5891100,0.0,0.0,1.0,0.1749999970197677,0.1969999969005584
2026-04-20,CXAI,yfinance,0.1840000003576278,0.1899999976158142,0.1749999970197677,0.1809999942779541,0.1809999942779541,3613200,0.0,0.0,1.0,0.1840000003576278,0.1809999942779541
2026-04-21,CXAI,yfinance,0.1800000071525573,0.1800000071525573,0.164000004529953,0.1679999977350235,0.1679999977350235,3969000,0.0,0.0,1.0,0.1800000071525573,0.1679999977350235
2026-04-22,CXAI,yfinance,0.1700000017881393,0.1840000003576278,0.1599999964237213,0.181999996304512,0.181999996304512,15083500,0.0,0.0,1.0,0.1700000017881393,0.181999996304512
2026-04-23,CXAI,yfinance,0.1729999929666519,0.1759999990463256,0.1609999984502792,0.1620000004768371,0.1620000004768371,9973500,0.0,0.0,1.0,0.1729999929666519,0.1620000004768371
2026-04-24,CXAI,yfinance,0.1599999964237213,0.1650000065565109,0.152999997138977,0.164000004529953,0.164000004529953,4348400,0.0,0.0,1.0,0.1599999964237213,0.164000004529953
2026-04-27,CXAI,yfinance,0.1650000065565109,0.1650000065565109,0.1550000011920929,0.163000002503395,0.163000002503395,3819900,0.0,0.0,1.0,0.1650000065565109,0.163000002503395
2026-04-28,CXAI,yfinance,0.1589999943971634,0.163000002503395,0.1539999991655349,0.1620000004768371,0.1620000004768371,2581900,0.0,0.0,1.0,0.1589999943971634,0.1620000004768371
2026-04-29,CXAI,yfinance,0.1589999943971634,0.1609999984502792,0.1480000019073486,0.152999997138977,0.152999997138977,4983600,0.0,0.0,1.0,0.1589999943971634,0.152999997138977
2026-04-30,CXAI,yfinance,0.1509999930858612,0.1659999936819076,0.1480000019073486,0.164000004529953,0.164000004529953,4157000,0.0,0.0,1.0,0.1509999930858612,0.164000004529953
2026-05-01,CXAI,yfinance,0.1659999936819076,0.1679999977350235,0.1570000052452087,0.1659999936819076,0.1659999936819076,3132000,0.0,0.0,1.0,0.1659999936819076,0.1659999936819076
2026-05-04,CXAI,yfinance,0.1689999997615814,0.1689999997615814,0.1570000052452087,0.163000002503395,0.163000002503395,3359700,0.0,0.0,1.0,0.1689999997615814,0.163000002503395
2026-05-05,CXAI,yfinance,0.1609999984502792,0.1620000004768371,0.1550000011920929,0.1580000072717666,0.1580000072717666,3348600,0.0,0.0,1.0,0.1609999984502792,0.1580000072717666
2026-05-06,CXAI,yfinance,0.1580000072717666,0.1609999984502792,0.152999997138977,0.1550000011920929,0.1550000011920929,3930500,0.0,0.0,1.0,0.1580000072717666,0.1550000011920929
2026-05-07,CXAI,yfinance,0.1539999991655349,0.1620000004768371,0.1539999991655349,0.1539999991655349,0.1539999991655349,2900000,0.0,0.0,1.0,0.1539999991655349,0.1539999991655349
2026-05-08,CXAI,yfinance,0.1589999943971634,0.1589999943971634,0.1439999938011169,0.1449999958276748,0.1449999958276748,5528300,0.0,0.0,1.0,0.1589999943971634,0.1449999958276748
2026-05-11,CXAI,yfinance,0.1449999958276748,0.1519999951124191,0.1410000026226043,0.1410000026226043,0.1410000026226043,3410000,0.0,0.0,1.0,0.1449999958276748,0.1410000026226043
2026-05-12,CXAI,yfinance,0.1410000026226043,0.1459999978542328,0.1360000073909759,0.1369999945163726,0.1369999945163726,4445700,0.0,0.0,1.0,0.1410000026226043,0.1369999945163726
2026-05-13,CXAI,yfinance,0.1360000073909759,0.1439999938011169,0.135000005364418,0.1420000046491623,0.1420000046491623,7900300,0.0,0.0,1.0,0.1360000073909759,0.1420000046491623
2026-05-14,CXAI,yfinance,0.1400000005960464,0.1449999958276748,0.1309999972581863,0.1400000005960464,0.1400000005960464,6076600,0.0,0.0,1.0,0.1400000005960464,0.1400000005960464
2026-05-15,CXAI,yfinance,0.1400000005960464,0.1449999958276748,0.1360000073909759,0.1369999945163726,0.1369999945163726,3029000,0.0,0.0,1.0,0.1400000005960464,0.1369999945163726
2026-05-18,CXAI,yfinance,0.1400000005960464,0.1500000059604644,0.135000005364418,0.1410000026226043,0.1410000026226043,5994200,0.0,0.0,1.0,0.1400000005960464,0.1410000026226043
2026-05-19,CXAI,yfinance,0.1410000026226043,0.1800000071525573,0.1400000005960464,0.1689999997615814,0.1689999997615814,29693300,0.0,0.0,1.0,0.1410000026226043,0.1689999997615814
2026-05-20,CXAI,yfinance,0.1809999942779541,0.1930000036954879,0.1650000065565109,0.1780000030994415,0.1780000030994415,20540600,0.0,0.0,1.0,0.1809999942779541,0.1780000030994415
2026-05-21,CXAI,yfinance,0.1899999976158142,0.2319999933242797,0.1829999983310699,0.2000000029802322,0.2000000029802322,116744200,0.0,0.0,1.0,0.1899999976158142,0.2000000029802322
2026-05-22,CXAI,yfinance,0.2160000056028366,0.2349999994039535,0.1780000030994415,0.181999996304512,0.181999996304512,32517000,0.0,0.0,1.0,0.2160000056028366,0.181999996304512
2026-05-26,CXAI,yfinance,0.1879999935626983,0.25,0.1860000044107437,0.2269999980926513,0.2269999980926513,45144300,0.0,0.0,1.0,0.1879999935626983,0.2269999980926513
2026-05-27,CXAI,yfinance,0.221000000834465,0.2280000001192093,0.1940000057220459,0.1990000009536743,0.1990000009536743,13353800,0.0,0.0,1.0,0.221000000834465,0.1990000009536743
2026-05-28,CXAI,yfinance,0.19200000166893,0.202000007033348,0.1689999997615814,0.1710000038146972,0.1710000038146972,12360300,0.0,0.0,1.0,0.19200000166893,0.1710000038146972
2026-05-29,CXAI,yfinance,0.1710000038146972,0.2300000041723251,0.1710000038146972,0.2080000042915344,0.2080000042915344,41713700,0.0,0.0,1.0,0.1710000038146972,0.2080000042915344
2026-06-01,CXAI,yfinance,0.2280000001192093,0.25,0.1979999989271164,0.2049999982118606,0.2049999982118606,62008800,0.0,0.0,1.0,0.2280000001192093,0.2049999982118606
2026-06-02,CXAI,yfinance,0.1909999996423721,0.2029999941587448,0.181999996304512,0.2029999941587448,0.2029999941587448,15034600,0.0,0.0,1.0,0.1909999996423721,0.2029999941587448
2026-06-03,CXAI,yfinance,0.1979999989271164,0.1990000009536743,0.1490000039339065,0.1589999943971634,0.1589999943971634,69761800,0.0,0.0,1.0,0.1979999989271164,0.1589999943971634
2026-06-04,CXAI,yfinance,0.3100000023841858,0.3350000083446502,0.2540000081062317,0.2549999952316284,0.2549999952316284,538180500,0.0,0.0,1.0,0.3100000023841858,0.2549999952316284
2026-06-05,CXAI,yfinance,0.2800000011920929,0.2829999923706054,0.2129999995231628,0.2469999939203262,0.2469999939203262,82249400,0.0,0.0,1.0,0.2800000011920929,0.2469999939203262
