Date,ticker,source,Open,High,Low,Close,Adj Close,Volume,Dividends,Stock Splits,adj_factor,adj_open,adj_close
2023-05-23,LAES,yfinance,28.450000762939453,28.5,10.859000205993652,10.859000205993652,10.859000205993652,24200,0.0,0.0,1.0,28.450000762939453,10.859000205993652
2023-05-24,LAES,yfinance,17.81999969482422,26.0,12.640000343322754,21.96999931335449,21.96999931335449,194900,0.0,0.0,1.0,17.81999969482422,21.96999931335449
2023-05-25,LAES,yfinance,18.6200008392334,22.48500061035156,13.460000038146973,14.491999626159668,14.491999626159668,91700,0.0,0.0,1.0,18.6200008392334,14.491999626159668
2023-05-26,LAES,yfinance,14.579999923706056,16.59000015258789,14.390000343322754,14.730999946594238,14.730999946594238,26500,0.0,0.0,1.0,14.579999923706056,14.730999946594238
2023-05-30,LAES,yfinance,14.859999656677246,15.949999809265137,13.104000091552734,14.835000038146973,14.835000038146973,47600,0.0,0.0,1.0,14.859999656677246,14.835000038146973
2023-05-31,LAES,yfinance,13.09000015258789,13.329999923706056,10.789999961853027,12.0,12.0,39500,0.0,0.0,1.0,13.09000015258789,12.0
2023-06-01,LAES,yfinance,12.010000228881836,16.5,11.260000228881836,12.18000030517578,12.18000030517578,69400,0.0,0.0,1.0,12.010000228881836,12.18000030517578
2023-06-02,LAES,yfinance,11.640000343322754,14.0,11.640000343322754,12.329999923706056,12.329999923706056,15600,0.0,0.0,1.0,11.640000343322754,12.329999923706056
2023-06-05,LAES,yfinance,12.5,15.0,10.050000190734863,10.800000190734863,10.800000190734863,75000,0.0,0.0,1.0,12.5,10.800000190734863
2023-06-06,LAES,yfinance,11.0,11.609999656677246,9.899999618530272,10.399999618530272,10.399999618530272,28700,0.0,0.0,1.0,11.0,10.399999618530272
2023-06-07,LAES,yfinance,10.399999618530272,11.350000381469728,9.949999809265137,9.949999809265137,9.949999809265137,26200,0.0,0.0,1.0,10.399999618530272,9.949999809265137
2023-06-08,LAES,yfinance,10.229999542236328,10.470000267028809,9.399999618530272,9.93000030517578,9.93000030517578,26400,0.0,0.0,1.0,10.229999542236328,9.93000030517578
2023-06-09,LAES,yfinance,9.970000267028809,9.970000267028809,9.25,9.920000076293944,9.920000076293944,10900,0.0,0.0,1.0,9.970000267028809,9.920000076293944
2023-06-12,LAES,yfinance,9.59000015258789,10.399999618530272,9.520000457763672,9.800000190734863,9.800000190734863,23200,0.0,0.0,1.0,9.59000015258789,9.800000190734863
2023-06-13,LAES,yfinance,10.149999618530272,11.239999771118164,9.600000381469728,10.449999809265137,10.449999809265137,19200,0.0,0.0,1.0,10.149999618530272,10.449999809265137
2023-06-14,LAES,yfinance,11.050000190734863,26.420000076293945,10.84000015258789,17.729999542236328,17.729999542236328,2199600,0.0,0.0,1.0,11.050000190734863,17.729999542236328
2023-06-15,LAES,yfinance,17.059999465942383,19.93000030517578,15.100000381469728,16.389999389648438,16.389999389648438,159500,0.0,0.0,1.0,17.059999465942383,16.389999389648438
2023-06-16,LAES,yfinance,18.43000030517578,18.743000030517575,16.100000381469727,17.75,17.75,95000,0.0,0.0,1.0,18.43000030517578,17.75
2023-06-20,LAES,yfinance,18.81999969482422,19.25,16.81999969482422,16.81999969482422,16.81999969482422,144000,0.0,0.0,1.0,18.81999969482422,16.81999969482422
2023-06-21,LAES,yfinance,16.0,16.940000534057617,14.826000213623049,15.649999618530272,15.649999618530272,67800,0.0,0.0,1.0,16.0,15.649999618530272
2023-06-22,LAES,yfinance,16.0,17.799999237060547,15.3100004196167,16.829999923706055,16.829999923706055,41200,0.0,0.0,1.0,16.0,16.829999923706055
2023-06-23,LAES,yfinance,16.690000534057617,17.399999618530273,15.81999969482422,16.049999237060547,16.049999237060547,22400,0.0,0.0,1.0,16.690000534057617,16.049999237060547
2023-06-26,LAES,yfinance,15.210000038146973,16.0,13.597000122070312,14.729999542236328,14.729999542236328,32800,0.0,0.0,1.0,15.210000038146973,14.729999542236328
2023-06-27,LAES,yfinance,15.6899995803833,16.799999237060547,15.510000228881836,15.520000457763672,15.520000457763672,15300,0.0,0.0,1.0,15.6899995803833,15.520000457763672
2023-06-28,LAES,yfinance,15.260000228881836,16.420000076293945,15.020000457763672,15.649999618530272,15.649999618530272,12000,0.0,0.0,1.0,15.260000228881836,15.649999618530272
2023-06-29,LAES,yfinance,15.600000381469728,15.649999618530272,14.699999809265137,15.229999542236328,15.229999542236328,12300,0.0,0.0,1.0,15.600000381469728,15.229999542236328
2023-06-30,LAES,yfinance,15.020000457763672,15.449999809265137,14.75,14.920000076293944,14.920000076293944,5200,0.0,0.0,1.0,15.020000457763672,14.920000076293944
2023-07-03,LAES,yfinance,14.899999618530272,15.204999923706056,14.43000030517578,14.649999618530272,14.649999618530272,7900,0.0,0.0,1.0,14.899999618530272,14.649999618530272
2023-07-05,LAES,yfinance,15.100000381469728,15.25,13.800000190734863,14.100000381469728,14.100000381469728,20000,0.0,0.0,1.0,15.100000381469728,14.100000381469728
2023-07-06,LAES,yfinance,13.59000015258789,14.399999618530272,11.149999618530272,12.1899995803833,12.1899995803833,22900,0.0,0.0,1.0,13.59000015258789,12.1899995803833
2023-07-07,LAES,yfinance,12.0,13.670000076293944,12.0,12.170000076293944,12.170000076293944,14000,0.0,0.0,1.0,12.0,12.170000076293944
2023-07-10,LAES,yfinance,12.079999923706056,12.574999809265137,11.520000457763672,12.119999885559082,12.119999885559082,8300,0.0,0.0,1.0,12.079999923706056,12.119999885559082
2023-07-11,LAES,yfinance,12.25,12.25,11.199999809265137,11.420000076293944,11.420000076293944,12700,0.0,0.0,1.0,12.25,11.420000076293944
2023-07-12,LAES,yfinance,11.5,12.260000228881836,10.5,11.220000267028809,11.220000267028809,67600,0.0,0.0,1.0,11.5,11.220000267028809
2023-07-13,LAES,yfinance,11.199999809265137,12.460000038146973,10.06999969482422,11.510000228881836,11.510000228881836,66700,0.0,0.0,1.0,11.199999809265137,11.510000228881836
2023-07-14,LAES,yfinance,11.5,11.989999771118164,10.65999984741211,11.119999885559082,11.119999885559082,19000,0.0,0.0,1.0,11.5,11.119999885559082
2023-07-17,LAES,yfinance,12.0,12.380000114440918,11.0,11.100000381469728,11.100000381469728,14800,0.0,0.0,1.0,12.0,11.100000381469728
2023-07-18,LAES,yfinance,11.329999923706056,12.0,11.119999885559082,11.5,11.5,8300,0.0,0.0,1.0,11.329999923706056,11.5
2023-07-19,LAES,yfinance,11.25,12.899999618530272,11.25,12.149999618530272,12.149999618530272,17000,0.0,0.0,1.0,11.25,12.149999618530272
2023-07-20,LAES,yfinance,11.68000030517578,12.699999809265137,11.68000030517578,12.199999809265137,12.199999809265137,8000,0.0,0.0,1.0,11.68000030517578,12.199999809265137
2023-07-21,LAES,yfinance,12.399999618530272,12.920000076293944,11.279999732971191,12.300000190734863,12.300000190734863,19100,0.0,0.0,1.0,12.399999618530272,12.300000190734863
2023-07-24,LAES,yfinance,12.119999885559082,12.630000114440918,10.800000190734863,11.5,11.5,37900,0.0,0.0,1.0,12.119999885559082,11.5
2023-07-25,LAES,yfinance,11.109999656677246,12.43000030517578,10.109999656677246,10.300000190734863,10.300000190734863,23600,0.0,0.0,1.0,11.109999656677246,10.300000190734863
2023-07-26,LAES,yfinance,9.739999771118164,11.100000381469728,9.739999771118164,10.59000015258789,10.59000015258789,49200,0.0,0.0,1.0,9.739999771118164,10.59000015258789
2023-07-27,LAES,yfinance,10.68000030517578,11.404000282287598,10.093999862670898,10.399999618530272,10.399999618530272,11900,0.0,0.0,1.0,10.68000030517578,10.399999618530272
2023-07-28,LAES,yfinance,10.55500030517578,10.699999809265137,10.131999969482422,10.276000022888184,10.276000022888184,5600,0.0,0.0,1.0,10.55500030517578,10.276000022888184
2023-07-31,LAES,yfinance,10.100000381469728,11.170000076293944,10.100000381469728,11.130000114440918,11.130000114440918,12800,0.0,0.0,1.0,10.100000381469728,11.130000114440918
2023-08-01,LAES,yfinance,10.850000381469728,10.975000381469728,10.475000381469728,10.84000015258789,10.84000015258789,8500,0.0,0.0,1.0,10.850000381469728,10.84000015258789
2023-08-02,LAES,yfinance,10.920000076293944,12.199999809265137,10.5,12.0,12.0,16000,0.0,0.0,1.0,10.920000076293944,12.0
2023-08-03,LAES,yfinance,11.262999534606934,11.800000190734863,11.262999534606934,11.649999618530272,11.649999618530272,3800,0.0,0.0,1.0,11.262999534606934,11.649999618530272
2023-08-04,LAES,yfinance,11.649999618530272,11.649999618530272,11.029999732971191,11.0600004196167,11.0600004196167,9500,0.0,0.0,1.0,11.649999618530272,11.0600004196167
2023-08-07,LAES,yfinance,11.1899995803833,11.25,10.760000228881836,10.760000228881836,10.760000228881836,2800,0.0,0.0,1.0,11.1899995803833,10.760000228881836
2023-08-08,LAES,yfinance,10.199999809265137,11.65999984741211,10.090999603271484,11.109999656677246,11.109999656677246,17400,0.0,0.0,1.0,10.199999809265137,11.109999656677246
2023-08-09,LAES,yfinance,10.600000381469728,10.949999809265137,10.399999618530272,10.399999618530272,10.399999618530272,11400,0.0,0.0,1.0,10.600000381469728,10.399999618530272
2023-08-10,LAES,yfinance,10.239999771118164,10.380000114440918,9.270000457763672,9.385000228881836,9.385000228881836,25200,0.0,0.0,1.0,10.239999771118164,9.385000228881836
2023-08-11,LAES,yfinance,10.0,10.1899995803833,9.289999961853027,10.09000015258789,10.09000015258789,9500,0.0,0.0,1.0,10.0,10.09000015258789
2023-08-14,LAES,yfinance,9.75,10.25,9.354999542236328,9.359999656677246,9.359999656677246,10600,0.0,0.0,1.0,9.75,9.359999656677246
2023-08-15,LAES,yfinance,9.5,9.5,8.0,9.18000030517578,9.18000030517578,28500,0.0,0.0,1.0,9.5,9.18000030517578
2023-08-16,LAES,yfinance,9.100000381469728,9.199999809265137,8.178000450134277,8.34000015258789,8.34000015258789,10300,0.0,0.0,1.0,9.100000381469728,8.34000015258789
2023-08-17,LAES,yfinance,8.09000015258789,8.449999809265137,6.739999771118164,7.25,7.25,22000,0.0,0.0,1.0,8.09000015258789,7.25
2023-08-18,LAES,yfinance,7.22100019454956,7.639999866485596,7.0,7.639999866485596,7.639999866485596,15700,0.0,0.0,1.0,7.22100019454956,7.639999866485596
2023-08-21,LAES,yfinance,7.690000057220459,7.699999809265137,6.559999942779541,6.559999942779541,6.559999942779541,22600,0.0,0.0,1.0,7.690000057220459,6.559999942779541
2023-08-22,LAES,yfinance,6.599999904632568,6.692999839782715,5.5,5.769999980926514,5.769999980926514,35500,0.0,0.0,1.0,6.599999904632568,5.769999980926514
2023-08-23,LAES,yfinance,6.0,6.0,5.460000038146973,5.460000038146973,5.460000038146973,16300,0.0,0.0,1.0,6.0,5.460000038146973
2023-08-24,LAES,yfinance,5.599999904632568,6.010000228881836,5.409999847412109,5.800000190734863,5.800000190734863,23600,0.0,0.0,1.0,5.599999904632568,5.800000190734863
2023-08-25,LAES,yfinance,5.559999942779541,6.385000228881836,5.559999942779541,6.25,6.25,19500,0.0,0.0,1.0,5.559999942779541,6.25
2023-08-28,LAES,yfinance,6.0,6.25,5.630000114440918,5.860000133514404,5.860000133514404,41100,0.0,0.0,1.0,6.0,5.860000133514404
2023-08-29,LAES,yfinance,5.900000095367432,6.699999809265137,5.550000190734863,6.269999980926514,6.269999980926514,21100,0.0,0.0,1.0,5.900000095367432,6.269999980926514
2023-08-30,LAES,yfinance,6.079999923706055,6.079999923706055,5.0,5.320000171661377,5.320000171661377,50100,0.0,0.0,1.0,6.079999923706055,5.320000171661377
2023-08-31,LAES,yfinance,5.349999904632568,5.800000190734863,5.019999980926514,5.730000019073486,5.730000019073486,27900,0.0,0.0,1.0,5.349999904632568,5.730000019073486
2023-09-01,LAES,yfinance,5.550000190734863,5.800000190734863,5.309999942779541,5.650000095367432,5.650000095367432,4800,0.0,0.0,1.0,5.550000190734863,5.650000095367432
2023-09-05,LAES,yfinance,5.210000038146973,5.800000190734863,5.210000038146973,5.230000019073486,5.230000019073486,11000,0.0,0.0,1.0,5.210000038146973,5.230000019073486
2023-09-06,LAES,yfinance,5.581999778747559,5.581999778747559,5.190000057220459,5.199999809265137,5.199999809265137,6900,0.0,0.0,1.0,5.581999778747559,5.199999809265137
2023-09-07,LAES,yfinance,4.940000057220459,5.199999809265137,4.929999828338623,5.099999904632568,5.099999904632568,5400,0.0,0.0,1.0,4.940000057220459,5.099999904632568
2023-09-08,LAES,yfinance,5.190000057220459,5.199999809265137,4.78000020980835,4.78000020980835,4.78000020980835,7100,0.0,0.0,1.0,5.190000057220459,4.78000020980835
2023-09-11,LAES,yfinance,5.0,5.0,4.300000190734863,4.800000190734863,4.800000190734863,17300,0.0,0.0,1.0,5.0,4.800000190734863
2023-09-12,LAES,yfinance,4.659999847412109,4.659999847412109,4.010000228881836,4.050000190734863,4.050000190734863,22900,0.0,0.0,1.0,4.659999847412109,4.050000190734863
2023-09-13,LAES,yfinance,4.099999904632568,4.241000175476074,3.869999885559082,3.869999885559082,3.869999885559082,6200,0.0,0.0,1.0,4.099999904632568,3.869999885559082
2023-09-14,LAES,yfinance,3.7100000381469727,3.839999914169312,3.4100000858306885,3.5999999046325684,3.5999999046325684,32300,0.0,0.0,1.0,3.7100000381469727,3.5999999046325684
2023-09-15,LAES,yfinance,3.5199999809265137,3.650000095367432,3.049999952316284,3.2100000381469727,3.2100000381469727,19700,0.0,0.0,1.0,3.5199999809265137,3.2100000381469727
2023-09-18,LAES,yfinance,3.3499999046325684,3.390000104904175,3.049999952316284,3.049999952316284,3.049999952316284,12300,0.0,0.0,1.0,3.3499999046325684,3.049999952316284
2023-09-19,LAES,yfinance,2.8399999141693115,3.1600000858306885,2.75,2.900000095367432,2.900000095367432,35600,0.0,0.0,1.0,2.8399999141693115,2.900000095367432
2023-09-20,LAES,yfinance,2.950000047683716,3.1010000705718994,2.7799999713897705,2.7799999713897705,2.7799999713897705,12400,0.0,0.0,1.0,2.950000047683716,2.7799999713897705
2023-09-21,LAES,yfinance,2.75,2.944999933242798,2.569999933242798,2.569999933242798,2.569999933242798,31800,0.0,0.0,1.0,2.75,2.569999933242798
2023-09-22,LAES,yfinance,2.650000095367432,2.9089999198913574,2.1610000133514404,2.190000057220459,2.190000057220459,33200,0.0,0.0,1.0,2.650000095367432,2.190000057220459
2023-09-25,LAES,yfinance,2.0999999046325684,2.25,2.0,2.059999942779541,2.059999942779541,30600,0.0,0.0,1.0,2.0999999046325684,2.059999942779541
2023-09-26,LAES,yfinance,1.899999976158142,2.369999885559082,1.899999976158142,2.0999999046325684,2.0999999046325684,40000,0.0,0.0,1.0,1.899999976158142,2.0999999046325684
2023-09-27,LAES,yfinance,2.1410000324249268,2.200000047683716,2.0,2.0,2.0,20600,0.0,0.0,1.0,2.1410000324249268,2.0
2023-09-28,LAES,yfinance,2.059999942779541,2.400000095367432,1.9900000095367432,2.0799999237060547,2.0799999237060547,96500,0.0,0.0,1.0,2.059999942779541,2.0799999237060547
2023-09-29,LAES,yfinance,2.0199999809265137,2.150000095367432,1.950000047683716,2.009999990463257,2.009999990463257,33900,0.0,0.0,1.0,2.0199999809265137,2.009999990463257
2023-10-02,LAES,yfinance,2.009999990463257,2.0999999046325684,1.8799999952316284,1.8799999952316284,1.8799999952316284,22900,0.0,0.0,1.0,2.009999990463257,1.8799999952316284
2023-10-03,LAES,yfinance,1.7799999713897705,1.899999976158142,1.6399999856948853,1.659999966621399,1.659999966621399,62400,0.0,0.0,1.0,1.7799999713897705,1.659999966621399
2023-10-04,LAES,yfinance,1.659999966621399,1.7100000381469729,1.5499999523162842,1.6200000047683716,1.6200000047683716,15600,0.0,0.0,1.0,1.659999966621399,1.6200000047683716
2023-10-05,LAES,yfinance,1.75,1.75,1.5399999618530271,1.6100000143051147,1.6100000143051147,33200,0.0,0.0,1.0,1.75,1.6100000143051147
2023-10-06,LAES,yfinance,1.618000030517578,1.690000057220459,1.5499999523162842,1.6699999570846558,1.6699999570846558,16900,0.0,0.0,1.0,1.618000030517578,1.6699999570846558
2023-10-09,LAES,yfinance,1.600000023841858,2.0,1.600000023841858,1.9600000381469729,1.9600000381469729,60400,0.0,0.0,1.0,1.600000023841858,1.9600000381469729
2023-10-10,LAES,yfinance,2.140000104904175,2.140000104904175,1.8600000143051147,1.9019999504089355,1.9019999504089355,68800,0.0,0.0,1.0,2.140000104904175,1.9019999504089355
2023-10-11,LAES,yfinance,1.899999976158142,1.9299999475479128,1.659999966621399,1.690000057220459,1.690000057220459,72400,0.0,0.0,1.0,1.899999976158142,1.690000057220459
2023-10-12,LAES,yfinance,1.659999966621399,1.7200000286102295,1.4199999570846558,1.4500000476837158,1.4500000476837158,62300,0.0,0.0,1.0,1.659999966621399,1.4500000476837158
2023-10-13,LAES,yfinance,1.5499999523162842,1.6699999570846558,1.4199999570846558,1.5,1.5,59600,0.0,0.0,1.0,1.5499999523162842,1.5
2023-10-16,LAES,yfinance,1.5,1.600000023841858,1.399999976158142,1.4010000228881836,1.4010000228881836,36400,0.0,0.0,1.0,1.5,1.4010000228881836
2023-10-17,LAES,yfinance,1.399999976158142,1.7899999618530271,1.350000023841858,1.4800000190734863,1.4800000190734863,37000,0.0,0.0,1.0,1.399999976158142,1.4800000190734863
2023-10-18,LAES,yfinance,1.5,1.600000023841858,1.3799999952316284,1.4800000190734863,1.4800000190734863,12000,0.0,0.0,1.0,1.5,1.4800000190734863
2023-10-19,LAES,yfinance,1.399999976158142,1.5,1.3580000400543213,1.4600000381469729,1.4600000381469729,16700,0.0,0.0,1.0,1.399999976158142,1.4600000381469729
2023-10-20,LAES,yfinance,1.3799999952316284,1.440000057220459,1.350000023841858,1.4199999570846558,1.4199999570846558,18000,0.0,0.0,1.0,1.3799999952316284,1.4199999570846558
2023-10-23,LAES,yfinance,1.4800000190734863,1.4800000190734863,1.2000000476837158,1.3949999809265137,1.3949999809265137,18300,0.0,0.0,1.0,1.4800000190734863,1.3949999809265137
2023-10-24,LAES,yfinance,1.399999976158142,1.4429999589920044,1.2999999523162842,1.399999976158142,1.399999976158142,22700,0.0,0.0,1.0,1.399999976158142,1.399999976158142
2023-10-25,LAES,yfinance,1.3200000524520874,1.4500000476837158,1.3200000524520874,1.3700000047683716,1.3700000047683716,13400,0.0,0.0,1.0,1.3200000524520874,1.3700000047683716
2023-10-26,LAES,yfinance,1.5,1.5,1.3799999952316284,1.3799999952316284,1.3799999952316284,5600,0.0,0.0,1.0,1.5,1.3799999952316284
2023-10-27,LAES,yfinance,1.440000057220459,1.4490000009536743,1.3300000429153442,1.4079999923706057,1.4079999923706057,9200,0.0,0.0,1.0,1.440000057220459,1.4079999923706057
2023-10-30,LAES,yfinance,1.6799999475479126,1.6799999475479126,1.3799999952316284,1.4500000476837158,1.4500000476837158,18100,0.0,0.0,1.0,1.6799999475479126,1.4500000476837158
2023-10-31,LAES,yfinance,1.4500000476837158,1.4700000286102295,1.3799999952316284,1.444000005722046,1.444000005722046,3800,0.0,0.0,1.0,1.4500000476837158,1.444000005722046
2023-11-01,LAES,yfinance,1.4600000381469729,1.5800000429153442,1.4539999961853027,1.5,1.5,4300,0.0,0.0,1.0,1.4600000381469729,1.5
2023-11-02,LAES,yfinance,1.5,1.600000023841858,1.493000030517578,1.5499999523162842,1.5499999523162842,17600,0.0,0.0,1.0,1.5,1.5499999523162842
2023-11-03,LAES,yfinance,1.600000023841858,1.6399999856948853,1.5,1.5,1.5,57800,0.0,0.0,1.0,1.600000023841858,1.5
2023-11-06,LAES,yfinance,1.5,1.559999942779541,1.409999966621399,1.4780000448226929,1.4780000448226929,30000,0.0,0.0,1.0,1.5,1.4780000448226929
2023-11-07,LAES,yfinance,1.4900000095367432,1.5,1.409999966621399,1.4739999771118164,1.4739999771118164,5600,0.0,0.0,1.0,1.4900000095367432,1.4739999771118164
2023-11-08,LAES,yfinance,1.409999966621399,1.4900000095367432,1.350000023841858,1.3949999809265137,1.3949999809265137,32000,0.0,0.0,1.0,1.409999966621399,1.3949999809265137
2023-11-09,LAES,yfinance,1.3600000143051147,1.4199999570846558,1.2699999809265137,1.2899999618530271,1.2899999618530271,17000,0.0,0.0,1.0,1.3600000143051147,1.2899999618530271
2023-11-10,LAES,yfinance,1.3309999704360962,1.3309999704360962,1.2000000476837158,1.2599999904632568,1.2599999904632568,15200,0.0,0.0,1.0,1.3309999704360962,1.2599999904632568
2023-11-13,LAES,yfinance,1.25,1.3200000524520874,1.2000000476837158,1.2209999561309814,1.2209999561309814,18900,0.0,0.0,1.0,1.25,1.2209999561309814
2023-11-14,LAES,yfinance,1.2000000476837158,1.3300000429153442,1.2000000476837158,1.2699999809265137,1.2699999809265137,20300,0.0,0.0,1.0,1.2000000476837158,1.2699999809265137
2023-11-15,LAES,yfinance,1.25,1.399999976158142,1.25,1.2979999780654907,1.2979999780654907,43700,0.0,0.0,1.0,1.25,1.2979999780654907
2023-11-16,LAES,yfinance,1.350000023841858,1.350000023841858,1.1699999570846558,1.190000057220459,1.190000057220459,36300,0.0,0.0,1.0,1.350000023841858,1.190000057220459
2023-11-17,LAES,yfinance,1.399999976158142,1.4199999570846558,1.090000033378601,1.190000057220459,1.190000057220459,3539900,0.0,0.0,1.0,1.399999976158142,1.190000057220459
2023-11-20,LAES,yfinance,1.0800000429153442,1.25,1.0,1.1399999856948853,1.1399999856948853,449500,0.0,0.0,1.0,1.0800000429153442,1.1399999856948853
2023-11-21,LAES,yfinance,1.1399999856948853,1.1399999856948853,1.0,1.0700000524520874,1.0700000524520874,187300,0.0,0.0,1.0,1.1399999856948853,1.0700000524520874
2023-11-22,LAES,yfinance,1.0700000524520874,1.1200000047683716,1.0199999809265137,1.059999942779541,1.059999942779541,236400,0.0,0.0,1.0,1.0700000524520874,1.059999942779541
2023-11-24,LAES,yfinance,1.0399999618530271,1.100000023841858,1.0099999904632568,1.0499999523162842,1.0499999523162842,61600,0.0,0.0,1.0,1.0399999618530271,1.0499999523162842
2023-11-27,LAES,yfinance,1.090000033378601,1.100000023841858,1.0299999713897705,1.0399999618530271,1.0399999618530271,98900,0.0,0.0,1.0,1.090000033378601,1.0399999618530271
2023-11-28,LAES,yfinance,1.0700000524520874,1.090000033378601,1.0299999713897705,1.0700000524520874,1.0700000524520874,83000,0.0,0.0,1.0,1.0700000524520874,1.0700000524520874
2023-11-29,LAES,yfinance,1.1200000047683716,1.2699999809265137,1.0549999475479126,1.2380000352859497,1.2380000352859497,664900,0.0,0.0,1.0,1.1200000047683716,1.2380000352859497
2023-11-30,LAES,yfinance,1.190000057220459,1.25,0.968999981880188,1.0499999523162842,1.0499999523162842,370600,0.0,0.0,1.0,1.190000057220459,1.0499999523162842
2023-12-01,LAES,yfinance,1.0700000524520874,1.1299999952316284,1.0099999904632568,1.0299999713897705,1.0299999713897705,96600,0.0,0.0,1.0,1.0700000524520874,1.0299999713897705
2023-12-04,LAES,yfinance,1.0800000429153442,1.0800000429153442,0.9800000190734864,1.0199999809265137,1.0199999809265137,143400,0.0,0.0,1.0,1.0800000429153442,1.0199999809265137
2023-12-05,LAES,yfinance,1.0,1.0499999523162842,0.959999978542328,0.972000002861023,0.972000002861023,117800,0.0,0.0,1.0,1.0,0.972000002861023
2023-12-06,LAES,yfinance,0.9800000190734864,1.0420000553131104,0.9100000262260436,0.9330000281333924,0.9330000281333924,133300,0.0,0.0,1.0,0.9800000190734864,0.9330000281333924
2023-12-07,LAES,yfinance,0.9570000171661376,1.2799999713897705,0.9200000166893004,1.0800000429153442,1.0800000429153442,959800,0.0,0.0,1.0,0.9570000171661376,1.0800000429153442
2023-12-08,LAES,yfinance,1.100000023841858,1.1299999952316284,0.9800000190734864,1.0099999904632568,1.0099999904632568,311800,0.0,0.0,1.0,1.100000023841858,1.0099999904632568
2023-12-11,LAES,yfinance,1.1299999952316284,1.1299999952316284,1.0199999809265137,1.059999942779541,1.059999942779541,128600,0.0,0.0,1.0,1.1299999952316284,1.059999942779541
2023-12-12,LAES,yfinance,1.0499999523162842,1.100000023841858,0.9900000095367432,0.9900000095367432,0.9900000095367432,64700,0.0,0.0,1.0,1.0499999523162842,0.9900000095367432
2023-12-13,LAES,yfinance,1.090000033378601,1.1799999475479126,1.0199999809265137,1.0499999523162842,1.0499999523162842,367700,0.0,0.0,1.0,1.090000033378601,1.0499999523162842
2023-12-14,LAES,yfinance,1.0399999618530271,1.1399999856948853,1.0299999713897705,1.059999942779541,1.059999942779541,106900,0.0,0.0,1.0,1.0399999618530271,1.059999942779541
2023-12-15,LAES,yfinance,1.0399999618530271,1.1299999952316284,1.0399999618530271,1.090000033378601,1.090000033378601,81500,0.0,0.0,1.0,1.0399999618530271,1.090000033378601
2023-12-18,LAES,yfinance,1.0700000524520874,1.100000023841858,1.0499999523162842,1.0499999523162842,1.0499999523162842,68300,0.0,0.0,1.0,1.0700000524520874,1.0499999523162842
2023-12-19,LAES,yfinance,1.090000033378601,1.1019999980926514,1.0,1.0399999618530271,1.0399999618530271,189200,0.0,0.0,1.0,1.090000033378601,1.0399999618530271
2023-12-20,LAES,yfinance,1.0399999618530271,1.2000000476837158,1.0199999809265137,1.0820000171661377,1.0820000171661377,428700,0.0,0.0,1.0,1.0399999618530271,1.0820000171661377
2023-12-21,LAES,yfinance,1.0800000429153442,1.159999966621399,1.0499999523162842,1.0800000429153442,1.0800000429153442,115100,0.0,0.0,1.0,1.0800000429153442,1.0800000429153442
2023-12-22,LAES,yfinance,1.1080000400543213,1.190000057220459,1.0499999523162842,1.149999976158142,1.149999976158142,218900,0.0,0.0,1.0,1.1080000400543213,1.149999976158142
2023-12-26,LAES,yfinance,1.149999976158142,1.1799999475479126,1.090000033378601,1.1200000047683716,1.1200000047683716,122600,0.0,0.0,1.0,1.149999976158142,1.1200000047683716
2023-12-27,LAES,yfinance,1.1200000047683716,1.350000023841858,1.1100000143051147,1.149999976158142,1.149999976158142,662400,0.0,0.0,1.0,1.1200000047683716,1.149999976158142
2023-12-28,LAES,yfinance,1.7599999904632568,2.0299999713897705,1.2599999904632568,1.399999976158142,1.399999976158142,50377400,0.0,0.0,1.0,1.7599999904632568,1.399999976158142
2023-12-29,LAES,yfinance,1.25,1.3300000429153442,1.149999976158142,1.2799999713897705,1.2799999713897705,3764300,0.0,0.0,1.0,1.25,1.2799999713897705
2024-01-02,LAES,yfinance,1.2000000476837158,1.25,1.149999976158142,1.1699999570846558,1.1699999570846558,1829300,0.0,0.0,1.0,1.2000000476837158,1.1699999570846558
2024-01-03,LAES,yfinance,1.2599999904632568,1.5499999523162842,1.2400000095367432,1.4199999570846558,1.4199999570846558,12403600,0.0,0.0,1.0,1.2599999904632568,1.4199999570846558
2024-01-04,LAES,yfinance,1.4299999475479126,1.440000057220459,1.3300000429153442,1.3700000047683716,1.3700000047683716,2122300,0.0,0.0,1.0,1.4299999475479126,1.3700000047683716
2024-01-05,LAES,yfinance,1.3700000047683716,1.4700000286102295,1.3200000524520874,1.350000023841858,1.350000023841858,2251700,0.0,0.0,1.0,1.3700000047683716,1.350000023841858
2024-01-08,LAES,yfinance,1.350000023841858,1.3700000047683716,1.2599999904632568,1.2999999523162842,1.2999999523162842,1272500,0.0,0.0,1.0,1.350000023841858,1.2999999523162842
2024-01-09,LAES,yfinance,1.340000033378601,1.7300000190734863,1.309999942779541,1.600000023841858,1.600000023841858,5338800,0.0,0.0,1.0,1.340000033378601,1.600000023841858
2024-01-10,LAES,yfinance,1.850000023841858,2.289999961853028,1.5700000524520874,1.950000047683716,1.950000047683716,43915100,0.0,0.0,1.0,1.850000023841858,1.950000047683716
2024-01-11,LAES,yfinance,2.0799999237060547,3.509999990463257,2.059999942779541,3.1700000762939453,3.1700000762939453,84737500,0.0,0.0,1.0,2.0799999237060547,3.1700000762939453
2024-01-12,LAES,yfinance,2.289999961853028,2.450000047683716,1.870000004768372,2.259999990463257,2.259999990463257,15123100,0.0,0.0,1.0,2.289999961853028,2.259999990463257
2024-01-16,LAES,yfinance,2.559999942779541,3.2699999809265137,2.450000047683716,2.5999999046325684,2.5999999046325684,52920600,0.0,0.0,1.0,2.559999942779541,2.5999999046325684
2024-01-17,LAES,yfinance,2.5199999809265137,2.569999933242798,1.9900000095367432,2.109999895095825,2.109999895095825,8189900,0.0,0.0,1.0,2.5199999809265137,2.109999895095825
2024-01-18,LAES,yfinance,2.319999933242798,2.380000114440918,2.119999885559082,2.2300000190734863,2.2300000190734863,5928400,0.0,0.0,1.0,2.319999933242798,2.2300000190734863
2024-01-19,LAES,yfinance,2.1600000858306885,2.259000062942505,1.7000000476837158,1.7300000190734863,1.7300000190734863,5538300,0.0,0.0,1.0,2.1600000858306885,1.7300000190734863
2024-01-22,LAES,yfinance,1.690000057220459,1.909999966621399,1.600000023841858,1.659999966621399,1.659999966621399,4178600,0.0,0.0,1.0,1.690000057220459,1.659999966621399
2024-01-23,LAES,yfinance,1.6100000143051147,1.659999966621399,1.4800000190734863,1.5499999523162842,1.5499999523162842,2442000,0.0,0.0,1.0,1.6100000143051147,1.5499999523162842
2024-01-24,LAES,yfinance,1.6100000143051147,1.9700000286102293,1.600000023841858,1.8799999952316284,1.8799999952316284,4460700,0.0,0.0,1.0,1.6100000143051147,1.8799999952316284
2024-01-25,LAES,yfinance,1.919999957084656,1.919999957084656,1.6200000047683716,1.659999966621399,1.659999966621399,2606800,0.0,0.0,1.0,1.919999957084656,1.659999966621399
2024-01-26,LAES,yfinance,1.6399999856948853,1.7289999723434448,1.5800000429153442,1.7100000381469729,1.7100000381469729,1169200,0.0,0.0,1.0,1.6399999856948853,1.7100000381469729
2024-01-29,LAES,yfinance,1.75,1.9800000190734863,1.6399999856948853,1.9299999475479128,1.9299999475479128,2835100,0.0,0.0,1.0,1.75,1.9299999475479128
2024-01-30,LAES,yfinance,1.909999966621399,1.9299999475479128,1.7699999809265137,1.8200000524520876,1.8200000524520876,1163600,0.0,0.0,1.0,1.909999966621399,1.8200000524520876
2024-01-31,LAES,yfinance,1.8200000524520876,2.150000095367432,1.7300000190734863,1.9600000381469729,1.9600000381469729,3116700,0.0,0.0,1.0,1.8200000524520876,1.9600000381469729
2024-02-01,LAES,yfinance,1.9800000190734863,2.430000066757202,1.9700000286102293,2.3299999237060547,2.3299999237060547,4814900,0.0,0.0,1.0,1.9800000190734863,2.3299999237060547
2024-02-02,LAES,yfinance,2.5299999713897705,2.539999961853028,2.130000114440918,2.299999952316284,2.299999952316284,3855700,0.0,0.0,1.0,2.5299999713897705,2.299999952316284
2024-02-05,LAES,yfinance,2.220000028610229,2.930000066757202,2.1600000858306885,2.8499999046325684,2.8499999046325684,6248700,0.0,0.0,1.0,2.220000028610229,2.8499999046325684
2024-02-06,LAES,yfinance,2.7799999713897705,3.2850000858306885,2.7799999713897705,2.930000066757202,2.930000066757202,7748600,0.0,0.0,1.0,2.7799999713897705,2.930000066757202
2024-02-07,LAES,yfinance,2.930000066757202,3.950000047683716,2.9200000762939453,3.549999952316284,3.549999952316284,10866200,0.0,0.0,1.0,2.930000066757202,3.549999952316284
2024-02-08,LAES,yfinance,3.630000114440918,3.799999952316284,2.630000114440918,2.789999961853028,2.789999961853028,5076900,0.0,0.0,1.0,3.630000114440918,2.789999961853028
2024-02-09,LAES,yfinance,3.0199999809265137,3.240000009536743,2.319999933242798,2.430000066757202,2.430000066757202,6163500,0.0,0.0,1.0,3.0199999809265137,2.430000066757202
2024-02-12,LAES,yfinance,2.440000057220459,2.609999895095825,2.200000047683716,2.2699999809265137,2.2699999809265137,6462100,0.0,0.0,1.0,2.440000057220459,2.2699999809265137
2024-02-13,LAES,yfinance,2.119999885559082,2.619999885559082,2.0199999809265137,2.3299999237060547,2.3299999237060547,5517600,0.0,0.0,1.0,2.119999885559082,2.3299999237060547
2024-02-14,LAES,yfinance,2.380000114440918,2.4600000381469727,2.119999885559082,2.190000057220459,2.190000057220459,4872600,0.0,0.0,1.0,2.380000114440918,2.190000057220459
2024-02-15,LAES,yfinance,2.0899999141693115,2.305000066757202,2.049999952316284,2.200000047683716,2.200000047683716,2732100,0.0,0.0,1.0,2.0899999141693115,2.200000047683716
2024-02-16,LAES,yfinance,2.1600000858306885,2.4600000381469727,2.140000104904175,2.380000114440918,2.380000114440918,2287200,0.0,0.0,1.0,2.1600000858306885,2.380000114440918
2024-02-20,LAES,yfinance,2.4100000858306885,2.720000028610229,2.400000095367432,2.440000057220459,2.440000057220459,3669400,0.0,0.0,1.0,2.4100000858306885,2.440000057220459
2024-02-21,LAES,yfinance,2.400000095367432,2.469000101089477,2.151000022888184,2.299999952316284,2.299999952316284,2444600,0.0,0.0,1.0,2.400000095367432,2.299999952316284
2024-02-22,LAES,yfinance,2.400000095367432,2.400000095367432,2.1600000858306885,2.240000009536743,2.240000009536743,1509200,0.0,0.0,1.0,2.400000095367432,2.240000009536743
2024-02-23,LAES,yfinance,2.25,2.2699999809265137,1.8799999952316284,1.9800000190734863,1.9800000190734863,2900500,0.0,0.0,1.0,2.25,1.9800000190734863
2024-02-26,LAES,yfinance,1.909999966621399,1.9600000381469729,1.7999999523162842,1.850000023841858,1.850000023841858,1438100,0.0,0.0,1.0,1.909999966621399,1.850000023841858
2024-02-27,LAES,yfinance,1.8600000143051147,1.8600000143051147,1.649999976158142,1.7799999713897705,1.7799999713897705,1755700,0.0,0.0,1.0,1.8600000143051147,1.7799999713897705
2024-02-28,LAES,yfinance,1.75,2.009999990463257,1.7200000286102295,1.950000047683716,1.950000047683716,1876700,0.0,0.0,1.0,1.75,1.950000047683716
2024-02-29,LAES,yfinance,2.109999895095825,2.109999895095825,1.7999999523162842,1.809999942779541,1.809999942779541,1599700,0.0,0.0,1.0,2.109999895095825,1.809999942779541
2024-03-01,LAES,yfinance,1.870000004768372,2.0350000858306885,1.7400000095367432,1.9800000190734863,1.9800000190734863,1540400,0.0,0.0,1.0,1.870000004768372,1.9800000190734863
2024-03-04,LAES,yfinance,2.009999990463257,2.049999952316284,1.870000004768372,1.9299999475479128,1.9299999475479128,999800,0.0,0.0,1.0,2.009999990463257,1.9299999475479128
2024-03-05,LAES,yfinance,1.9800000190734863,2.0199999809265137,1.8200000524520876,1.909999966621399,1.909999966621399,1380100,0.0,0.0,1.0,1.9800000190734863,1.909999966621399
2024-03-06,LAES,yfinance,1.909999966621399,2.0390000343322754,1.870000004768372,1.950000047683716,1.950000047683716,791100,0.0,0.0,1.0,1.909999966621399,1.950000047683716
2024-03-07,LAES,yfinance,2.0,2.1700000762939453,1.9299999475479128,2.0999999046325684,2.0999999046325684,1463300,0.0,0.0,1.0,2.0,2.0999999046325684
2024-03-08,LAES,yfinance,2.150000095367432,2.180000066757202,1.9600000381469729,2.0899999141693115,2.0899999141693115,1300000,0.0,0.0,1.0,2.150000095367432,2.0899999141693115
2024-03-11,LAES,yfinance,2.0799999237060547,2.2950000762939453,2.039999961853028,2.240000009536743,2.240000009536743,1572800,0.0,0.0,1.0,2.0799999237060547,2.240000009536743
2024-03-12,LAES,yfinance,2.2799999713897705,2.380000114440918,2.0899999141693115,2.0999999046325684,2.0999999046325684,1881000,0.0,0.0,1.0,2.2799999713897705,2.0999999046325684
2024-03-13,LAES,yfinance,2.109999895095825,2.109999895095825,1.8849999904632568,1.9299999475479128,1.9299999475479128,2570000,0.0,0.0,1.0,2.109999895095825,1.9299999475479128
2024-03-14,LAES,yfinance,1.899999976158142,1.940000057220459,1.6799999475479126,1.7200000286102295,1.7200000286102295,2008000,0.0,0.0,1.0,1.899999976158142,1.7200000286102295
2024-03-15,LAES,yfinance,1.7000000476837158,1.850000023841858,1.6100000143051147,1.8200000524520876,1.8200000524520876,904800,0.0,0.0,1.0,1.7000000476837158,1.8200000524520876
2024-03-18,LAES,yfinance,1.7999999523162842,1.8279999494552608,1.7100000381469729,1.75,1.75,697200,0.0,0.0,1.0,1.7999999523162842,1.75
2024-03-19,LAES,yfinance,1.7000000476837158,1.75,1.6100000143051147,1.7300000190734863,1.7300000190734863,996600,0.0,0.0,1.0,1.7000000476837158,1.7300000190734863
2024-03-20,LAES,yfinance,1.75,1.809999942779541,1.7000000476837158,1.75,1.75,1129800,0.0,0.0,1.0,1.75,1.75
2024-03-21,LAES,yfinance,1.75,1.8200000524520876,1.659999966621399,1.690000057220459,1.690000057220459,1537700,0.0,0.0,1.0,1.75,1.690000057220459
2024-03-22,LAES,yfinance,1.75,1.7999999523162842,1.5800000429153442,1.6200000047683716,1.6200000047683716,1885200,0.0,0.0,1.0,1.75,1.6200000047683716
2024-03-25,LAES,yfinance,1.590000033378601,1.5920000076293943,1.4199999570846558,1.440000057220459,1.440000057220459,1531800,0.0,0.0,1.0,1.590000033378601,1.440000057220459
2024-03-26,LAES,yfinance,1.4299999475479126,1.5800000429153442,1.340000033378601,1.5399999618530271,1.5399999618530271,1294500,0.0,0.0,1.0,1.4299999475479126,1.5399999618530271
2024-03-27,LAES,yfinance,1.5199999809265137,1.6100000143051147,1.4800000190734863,1.5499999523162842,1.5499999523162842,813000,0.0,0.0,1.0,1.5199999809265137,1.5499999523162842
2024-03-28,LAES,yfinance,1.5399999618530271,1.659999966621399,1.5099999904632568,1.5499999523162842,1.5499999523162842,845100,0.0,0.0,1.0,1.5399999618530271,1.5499999523162842
2024-04-01,LAES,yfinance,1.600000023841858,1.6200000047683716,1.5099999904632568,1.5499999523162842,1.5499999523162842,693300,0.0,0.0,1.0,1.600000023841858,1.5499999523162842
2024-04-02,LAES,yfinance,1.5099999904632568,1.5329999923706057,1.4199999570846558,1.4700000286102295,1.4700000286102295,509500,0.0,0.0,1.0,1.5099999904632568,1.4700000286102295
2024-04-03,LAES,yfinance,1.4500000476837158,1.4500000476837158,1.340000033378601,1.399999976158142,1.399999976158142,870400,0.0,0.0,1.0,1.4500000476837158,1.399999976158142
2024-04-04,LAES,yfinance,1.4199999570846558,1.4500000476837158,1.340000033378601,1.350000023841858,1.350000023841858,645500,0.0,0.0,1.0,1.4199999570846558,1.350000023841858
2024-04-05,LAES,yfinance,1.350000023841858,1.3600000143051147,1.2300000190734863,1.3300000429153442,1.3300000429153442,854500,0.0,0.0,1.0,1.350000023841858,1.3300000429153442
2024-04-08,LAES,yfinance,1.340000033378601,1.3899999856948853,1.274999976158142,1.3300000429153442,1.3300000429153442,363700,0.0,0.0,1.0,1.340000033378601,1.3300000429153442
2024-04-09,LAES,yfinance,1.350000023841858,1.350000023841858,1.2400000095367432,1.2699999809265137,1.2699999809265137,419500,0.0,0.0,1.0,1.350000023841858,1.2699999809265137
2024-04-10,LAES,yfinance,1.2699999809265137,1.309999942779541,1.2000000476837158,1.2400000095367432,1.2400000095367432,582300,0.0,0.0,1.0,1.2699999809265137,1.2400000095367432
2024-04-11,LAES,yfinance,1.2400000095367432,1.2699999809265137,1.187000036239624,1.2699999809265137,1.2699999809265137,319200,0.0,0.0,1.0,1.2400000095367432,1.2699999809265137
2024-04-12,LAES,yfinance,1.2300000190734863,1.3200000524520874,1.2200000286102295,1.2300000190734863,1.2300000190734863,348500,0.0,0.0,1.0,1.2300000190734863,1.2300000190734863
2024-04-15,LAES,yfinance,1.190000057220459,1.2200000286102295,1.100000023841858,1.1449999809265137,1.1449999809265137,511400,0.0,0.0,1.0,1.190000057220459,1.1449999809265137
2024-04-16,LAES,yfinance,1.059999942779541,1.1100000143051147,1.0,1.1100000143051147,1.1100000143051147,714500,0.0,0.0,1.0,1.059999942779541,1.1100000143051147
2024-04-17,LAES,yfinance,1.100000023841858,1.1399999856948853,1.059999942779541,1.059999942779541,1.059999942779541,230800,0.0,0.0,1.0,1.100000023841858,1.059999942779541
2024-04-18,LAES,yfinance,1.100000023841858,1.100000023841858,1.0499999523162842,1.0700000524520874,1.0700000524520874,223800,0.0,0.0,1.0,1.100000023841858,1.0700000524520874
2024-04-19,LAES,yfinance,1.0399999618530271,1.0700000524520874,1.0199999809265137,1.0299999713897705,1.0299999713897705,209700,0.0,0.0,1.0,1.0399999618530271,1.0299999713897705
2024-04-22,LAES,yfinance,1.0299999713897705,1.1399999856948853,1.0099999904632568,1.1299999952316284,1.1299999952316284,373900,0.0,0.0,1.0,1.0299999713897705,1.1299999952316284
2024-04-23,LAES,yfinance,1.1699999570846558,1.25,1.1200000047683716,1.25,1.25,663100,0.0,0.0,1.0,1.1699999570846558,1.25
2024-04-24,LAES,yfinance,1.25,1.3600000143051147,1.1799999475479126,1.2000000476837158,1.2000000476837158,728300,0.0,0.0,1.0,1.25,1.2000000476837158
2024-04-25,LAES,yfinance,1.2300000190734863,1.2400000095367432,1.1299999952316284,1.1699999570846558,1.1699999570846558,265100,0.0,0.0,1.0,1.2300000190734863,1.1699999570846558
2024-04-26,LAES,yfinance,1.1699999570846558,1.25,1.159999966621399,1.2300000190734863,1.2300000190734863,303500,0.0,0.0,1.0,1.1699999570846558,1.2300000190734863
2024-04-29,LAES,yfinance,1.2899999618530271,1.2899999618530271,1.1799999475479126,1.2100000381469729,1.2100000381469729,276800,0.0,0.0,1.0,1.2899999618530271,1.2100000381469729
2024-04-30,LAES,yfinance,1.190000057220459,1.25,1.190000057220459,1.2400000095367432,1.2400000095367432,187100,0.0,0.0,1.0,1.190000057220459,1.2400000095367432
2024-05-01,LAES,yfinance,1.2200000286102295,1.2400000095367432,1.1699999570846558,1.1799999475479126,1.1799999475479126,262700,0.0,0.0,1.0,1.2200000286102295,1.1799999475479126
2024-05-02,LAES,yfinance,1.2100000381469729,1.2100000381469729,1.159999966621399,1.190000057220459,1.190000057220459,130200,0.0,0.0,1.0,1.2100000381469729,1.190000057220459
2024-05-03,LAES,yfinance,1.190000057220459,1.215999960899353,1.1399999856948853,1.149999976158142,1.149999976158142,193200,0.0,0.0,1.0,1.190000057220459,1.149999976158142
2024-05-06,LAES,yfinance,1.149999976158142,1.2000000476837158,1.149999976158142,1.1699999570846558,1.1699999570846558,146900,0.0,0.0,1.0,1.149999976158142,1.1699999570846558
2024-05-07,LAES,yfinance,1.149999976158142,1.2000000476837158,1.149999976158142,1.1699999570846558,1.1699999570846558,101100,0.0,0.0,1.0,1.149999976158142,1.1699999570846558
2024-05-08,LAES,yfinance,1.1799999475479126,1.190000057220459,1.1399999856948853,1.1699999570846558,1.1699999570846558,117100,0.0,0.0,1.0,1.1799999475479126,1.1699999570846558
2024-05-09,LAES,yfinance,1.1799999475479126,1.2050000429153442,1.1699999570846558,1.1799999475479126,1.1799999475479126,127400,0.0,0.0,1.0,1.1799999475479126,1.1799999475479126
2024-05-10,LAES,yfinance,1.2100000381469729,1.2100000381469729,1.1699999570846558,1.190000057220459,1.190000057220459,64800,0.0,0.0,1.0,1.2100000381469729,1.190000057220459
2024-05-13,LAES,yfinance,1.190000057220459,1.2400000095367432,1.159999966621399,1.190000057220459,1.190000057220459,172900,0.0,0.0,1.0,1.190000057220459,1.190000057220459
2024-05-14,LAES,yfinance,1.190000057220459,1.190000057220459,1.1399999856948853,1.1799999475479126,1.1799999475479126,252500,0.0,0.0,1.0,1.190000057220459,1.1799999475479126
2024-05-15,LAES,yfinance,1.190000057220459,1.190000057220459,1.100000023841858,1.1200000047683716,1.1200000047683716,310200,0.0,0.0,1.0,1.190000057220459,1.1200000047683716
2024-05-16,LAES,yfinance,1.1200000047683716,1.159999966621399,1.059999942779541,1.0850000381469729,1.0850000381469729,379200,0.0,0.0,1.0,1.1200000047683716,1.0850000381469729
2024-05-17,LAES,yfinance,1.0700000524520874,1.1399999856948853,1.0700000524520874,1.128999948501587,1.128999948501587,148700,0.0,0.0,1.0,1.0700000524520874,1.128999948501587
2024-05-20,LAES,yfinance,1.1399999856948853,1.1399999856948853,1.0499999523162842,1.0800000429153442,1.0800000429153442,272100,0.0,0.0,1.0,1.1399999856948853,1.0800000429153442
2024-05-21,LAES,yfinance,1.0800000429153442,1.100000023841858,1.0499999523162842,1.0800000429153442,1.0800000429153442,139200,0.0,0.0,1.0,1.0800000429153442,1.0800000429153442
2024-05-22,LAES,yfinance,1.0700000524520874,1.0800000429153442,1.0299999713897705,1.059999942779541,1.059999942779541,251400,0.0,0.0,1.0,1.0700000524520874,1.059999942779541
2024-05-23,LAES,yfinance,1.059999942779541,1.0700000524520874,0.9800000190734864,1.0010000467300415,1.0010000467300415,265300,0.0,0.0,1.0,1.059999942779541,1.0010000467300415
2024-05-24,LAES,yfinance,1.0299999713897705,1.0800000429153442,1.0199999809265137,1.0700000524520874,1.0700000524520874,271700,0.0,0.0,1.0,1.0299999713897705,1.0700000524520874
2024-05-28,LAES,yfinance,1.090000033378601,1.2400000095367432,1.0800000429153442,1.2400000095367432,1.2400000095367432,417400,0.0,0.0,1.0,1.090000033378601,1.2400000095367432
2024-05-29,LAES,yfinance,1.25,1.2690000534057615,1.159999966621399,1.2549999952316284,1.2549999952316284,289400,0.0,0.0,1.0,1.25,1.2549999952316284
2024-05-30,LAES,yfinance,1.2599999904632568,1.2799999713897705,1.1699999570846558,1.1979999542236328,1.1979999542236328,220800,0.0,0.0,1.0,1.2599999904632568,1.1979999542236328
2024-05-31,LAES,yfinance,1.2200000286102295,1.2300000190734863,1.159999966621399,1.2100000381469729,1.2100000381469729,108500,0.0,0.0,1.0,1.2200000286102295,1.2100000381469729
2024-06-03,LAES,yfinance,1.2000000476837158,1.2200000286102295,1.1100000143051147,1.1299999952316284,1.1299999952316284,173700,0.0,0.0,1.0,1.2000000476837158,1.1299999952316284
2024-06-04,LAES,yfinance,1.1100000143051147,1.1100000143051147,1.059999942779541,1.090000033378601,1.090000033378601,210000,0.0,0.0,1.0,1.1100000143051147,1.090000033378601
2024-06-05,LAES,yfinance,1.1200000047683716,1.149999976158142,1.090000033378601,1.149999976158142,1.149999976158142,141100,0.0,0.0,1.0,1.1200000047683716,1.149999976158142
2024-06-06,LAES,yfinance,1.190000057220459,1.190000057220459,1.0700000524520874,1.1299999952316284,1.1299999952316284,140400,0.0,0.0,1.0,1.190000057220459,1.1299999952316284
2024-06-07,LAES,yfinance,1.1100000143051147,1.1100000143051147,1.059999942779541,1.090000033378601,1.090000033378601,166500,0.0,0.0,1.0,1.1100000143051147,1.090000033378601
2024-06-10,LAES,yfinance,1.1100000143051147,1.1100000143051147,1.059999942779541,1.100000023841858,1.100000023841858,121100,0.0,0.0,1.0,1.1100000143051147,1.100000023841858
2024-06-11,LAES,yfinance,1.1200000047683716,1.1200000047683716,1.0499999523162842,1.0700000524520874,1.0700000524520874,292500,0.0,0.0,1.0,1.1200000047683716,1.0700000524520874
2024-06-12,LAES,yfinance,1.0700000524520874,1.090000033378601,1.0299999713897705,1.0800000429153442,1.0800000429153442,274700,0.0,0.0,1.0,1.0700000524520874,1.0800000429153442
2024-06-13,LAES,yfinance,1.090000033378601,1.0989999771118164,1.0499999523162842,1.090000033378601,1.090000033378601,82800,0.0,0.0,1.0,1.090000033378601,1.090000033378601
2024-06-14,LAES,yfinance,1.0800000429153442,1.0800000429153442,1.0,1.0399999618530271,1.0399999618530271,255800,0.0,0.0,1.0,1.0800000429153442,1.0399999618530271
2024-06-17,LAES,yfinance,1.0700000524520874,1.0700000524520874,0.9800000190734864,1.0099999904632568,1.0099999904632568,340100,0.0,0.0,1.0,1.0700000524520874,1.0099999904632568
2024-06-18,LAES,yfinance,1.0099999904632568,1.0199999809265137,0.9200000166893004,0.9570000171661376,0.9570000171661376,292600,0.0,0.0,1.0,1.0099999904632568,0.9570000171661376
2024-06-20,LAES,yfinance,0.959999978542328,0.959999978542328,0.8500000238418579,0.8550000190734863,0.8550000190734863,584900,0.0,0.0,1.0,0.959999978542328,0.8550000190734863
2024-06-21,LAES,yfinance,0.8700000047683716,0.8700000047683716,0.800000011920929,0.8500000238418579,0.8500000238418579,338400,0.0,0.0,1.0,0.8700000047683716,0.8500000238418579
2024-06-24,LAES,yfinance,0.8799999952316284,0.9200000166893004,0.843999981880188,0.8679999709129333,0.8679999709129333,185500,0.0,0.0,1.0,0.8799999952316284,0.8679999709129333
2024-06-25,LAES,yfinance,0.8560000061988831,0.8600000143051147,0.8080000281333923,0.8330000042915344,0.8330000042915344,205900,0.0,0.0,1.0,0.8560000061988831,0.8330000042915344
2024-06-26,LAES,yfinance,0.8479999899864197,0.8700000047683716,0.8199999928474426,0.8700000047683716,0.8700000047683716,121700,0.0,0.0,1.0,0.8479999899864197,0.8700000047683716
2024-06-27,LAES,yfinance,0.8960000276565552,0.8999999761581421,0.8519999980926514,0.8840000033378601,0.8840000033378601,130900,0.0,0.0,1.0,0.8960000276565552,0.8840000033378601
2024-06-28,LAES,yfinance,0.8450000286102295,0.8450000286102295,0.800000011920929,0.8169999718666077,0.8169999718666077,390800,0.0,0.0,1.0,0.8450000286102295,0.8169999718666077
2024-07-01,LAES,yfinance,0.8299999833106995,0.8399999737739563,0.7509999871253967,0.7720000147819519,0.7720000147819519,215700,0.0,0.0,1.0,0.8299999833106995,0.7720000147819519
2024-07-02,LAES,yfinance,0.7319999933242798,0.7490000128746033,0.656000018119812,0.7120000123977661,0.7120000123977661,2806700,0.0,0.0,1.0,0.7319999933242798,0.7120000123977661
2024-07-03,LAES,yfinance,0.699999988079071,0.7300000190734863,0.6800000071525574,0.7200000286102295,0.7200000286102295,365200,0.0,0.0,1.0,0.699999988079071,0.7200000286102295
2024-07-05,LAES,yfinance,0.7419999837875366,0.75,0.6790000200271606,0.7400000095367432,0.7400000095367432,296300,0.0,0.0,1.0,0.7419999837875366,0.7400000095367432
2024-07-08,LAES,yfinance,0.7400000095367432,0.8389999866485596,0.7350000143051147,0.8149999976158142,0.8149999976158142,460700,0.0,0.0,1.0,0.7400000095367432,0.8149999976158142
2024-07-09,LAES,yfinance,0.8199999928474426,0.8199999928474426,0.7670000195503235,0.7929999828338623,0.7929999828338623,92300,0.0,0.0,1.0,0.8199999928474426,0.7929999828338623
2024-07-10,LAES,yfinance,0.7570000290870667,0.8090000152587891,0.7300000190734863,0.7879999876022339,0.7879999876022339,236800,0.0,0.0,1.0,0.7570000290870667,0.7879999876022339
2024-07-11,LAES,yfinance,0.7820000052452087,0.8199999928474426,0.7630000114440918,0.7950000166893005,0.7950000166893005,163400,0.0,0.0,1.0,0.7820000052452087,0.7950000166893005
2024-07-12,LAES,yfinance,0.7820000052452087,0.800000011920929,0.75,0.7900000214576721,0.7900000214576721,163600,0.0,0.0,1.0,0.7820000052452087,0.7900000214576721
2024-07-15,LAES,yfinance,0.8059999942779541,0.8100000023841858,0.7519999742507935,0.7630000114440918,0.7630000114440918,330900,0.0,0.0,1.0,0.8059999942779541,0.7630000114440918
2024-07-16,LAES,yfinance,0.7990000247955322,0.8600000143051147,0.7670000195503235,0.8299999833106995,0.8299999833106995,733100,0.0,0.0,1.0,0.7990000247955322,0.8299999833106995
2024-07-17,LAES,yfinance,0.8130000233650208,0.824999988079071,0.7409999966621399,0.7590000033378601,0.7590000033378601,333400,0.0,0.0,1.0,0.8130000233650208,0.7590000033378601
2024-07-18,LAES,yfinance,0.7699999809265137,0.7850000262260437,0.7200000286102295,0.7350000143051147,0.7350000143051147,270900,0.0,0.0,1.0,0.7699999809265137,0.7350000143051147
2024-07-19,LAES,yfinance,0.7300000190734863,0.7450000047683716,0.699999988079071,0.7009999752044678,0.7009999752044678,212300,0.0,0.0,1.0,0.7300000190734863,0.7009999752044678
2024-07-22,LAES,yfinance,0.7400000095367432,0.7400000095367432,0.6499999761581421,0.7239999771118164,0.7239999771118164,212600,0.0,0.0,1.0,0.7400000095367432,0.7239999771118164
2024-07-23,LAES,yfinance,0.7300000190734863,0.7400000095367432,0.6970000267028809,0.7120000123977661,0.7120000123977661,117400,0.0,0.0,1.0,0.7300000190734863,0.7120000123977661
2024-07-24,LAES,yfinance,0.7129999995231628,0.7200000286102295,0.6899999976158142,0.6980000138282776,0.6980000138282776,80400,0.0,0.0,1.0,0.7129999995231628,0.6980000138282776
2024-07-25,LAES,yfinance,0.6980000138282776,0.699999988079071,0.6549999713897705,0.699999988079071,0.699999988079071,233500,0.0,0.0,1.0,0.6980000138282776,0.699999988079071
2024-07-26,LAES,yfinance,0.7059999704360962,0.7300000190734863,0.6909999847412109,0.718999981880188,0.718999981880188,184900,0.0,0.0,1.0,0.7059999704360962,0.718999981880188
2024-07-29,LAES,yfinance,0.7200000286102295,0.7360000014305115,0.6710000038146973,0.675000011920929,0.675000011920929,141200,0.0,0.0,1.0,0.7200000286102295,0.675000011920929
2024-07-30,LAES,yfinance,0.675000011920929,0.699999988079071,0.6399999856948853,0.6499999761581421,0.6499999761581421,178400,0.0,0.0,1.0,0.675000011920929,0.6499999761581421
2024-07-31,LAES,yfinance,0.6510000228881836,0.6549999713897705,0.6299999952316284,0.6539999842643738,0.6539999842643738,122400,0.0,0.0,1.0,0.6510000228881836,0.6539999842643738
2024-08-01,LAES,yfinance,0.6700000166893005,0.6700000166893005,0.574999988079071,0.5899999737739563,0.5899999737739563,514400,0.0,0.0,1.0,0.6700000166893005,0.5899999737739563
2024-08-02,LAES,yfinance,0.5929999947547913,0.5929999947547913,0.5249999761581421,0.5360000133514404,0.5360000133514404,348300,0.0,0.0,1.0,0.5929999947547913,0.5360000133514404
2024-08-05,LAES,yfinance,0.5,0.5199999809265137,0.4699999988079071,0.4799999892711639,0.4799999892711639,491600,0.0,0.0,1.0,0.5,0.4799999892711639
2024-08-06,LAES,yfinance,0.4900000095367431,0.5,0.4799999892711639,0.4979999959468841,0.4979999959468841,165100,0.0,0.0,1.0,0.4900000095367431,0.4979999959468841
2024-08-07,LAES,yfinance,0.5,0.5199999809265137,0.4799999892711639,0.4979999959468841,0.4979999959468841,250600,0.0,0.0,1.0,0.5,0.4979999959468841
2024-08-08,LAES,yfinance,0.5,0.503000020980835,0.4210000038146972,0.421999990940094,0.421999990940094,559500,0.0,0.0,1.0,0.5,0.421999990940094
2024-08-09,LAES,yfinance,0.4230000078678131,0.449999988079071,0.3009999990463257,0.3650000095367431,0.3650000095367431,1640300,0.0,0.0,1.0,0.4230000078678131,0.3650000095367431
2024-08-12,LAES,yfinance,0.3700000047683716,0.3700000047683716,0.2899999916553497,0.3499999940395355,0.3499999940395355,6033100,0.0,0.0,1.0,0.3700000047683716,0.3499999940395355
2024-08-13,LAES,yfinance,0.3580000102519989,0.4189999997615814,0.3000000119209289,0.4079999923706054,0.4079999923706054,14932100,0.0,0.0,1.0,0.3580000102519989,0.4079999923706054
2024-08-14,LAES,yfinance,0.4079999923706054,0.4300000071525574,0.3790000081062317,0.3799999952316284,0.3799999952316284,2157400,0.0,0.0,1.0,0.4079999923706054,0.3799999952316284
2024-08-15,LAES,yfinance,0.3680000007152557,0.4399999976158142,0.3449999988079071,0.4259999990463257,0.4259999990463257,1550800,0.0,0.0,1.0,0.3680000007152557,0.4259999990463257
2024-08-16,LAES,yfinance,0.4000000059604645,0.4699999988079071,0.4000000059604645,0.4650000035762787,0.4650000035762787,1163000,0.0,0.0,1.0,0.4000000059604645,0.4650000035762787
2024-08-19,LAES,yfinance,0.4600000083446502,0.6200000047683716,0.4429999887943268,0.5799999833106995,0.5799999833106995,2552000,0.0,0.0,1.0,0.4600000083446502,0.5799999833106995
2024-08-20,LAES,yfinance,0.6150000095367432,0.6420000195503235,0.5299999713897705,0.5609999895095825,0.5609999895095825,2038700,0.0,0.0,1.0,0.6150000095367432,0.5609999895095825
2024-08-21,LAES,yfinance,0.5609999895095825,0.6299999952316284,0.5099999904632568,0.6050000190734863,0.6050000190734863,1321500,0.0,0.0,1.0,0.5609999895095825,0.6050000190734863
2024-08-22,LAES,yfinance,0.6100000143051147,0.6299999952316284,0.5400000214576721,0.5540000200271606,0.5540000200271606,1148400,0.0,0.0,1.0,0.6100000143051147,0.5540000200271606
2024-08-23,LAES,yfinance,0.5550000071525574,0.6380000114440918,0.5199999809265137,0.6230000257492065,0.6230000257492065,1420500,0.0,0.0,1.0,0.5550000071525574,0.6230000257492065
2024-08-26,LAES,yfinance,0.6110000014305115,0.8299999833106995,0.6100000143051147,0.7900000214576721,0.7900000214576721,6506600,0.0,0.0,1.0,0.6110000014305115,0.7900000214576721
2024-08-27,LAES,yfinance,0.800000011920929,0.8600000143051147,0.7400000095367432,0.777999997138977,0.777999997138977,1929600,0.0,0.0,1.0,0.800000011920929,0.777999997138977
2024-08-28,LAES,yfinance,0.7799999713897705,0.7799999713897705,0.5849999785423279,0.5910000205039978,0.5910000205039978,1996100,0.0,0.0,1.0,0.7799999713897705,0.5910000205039978
2024-08-29,LAES,yfinance,0.5920000076293945,0.6439999938011169,0.5699999928474426,0.6100000143051147,0.6100000143051147,607900,0.0,0.0,1.0,0.5920000076293945,0.6100000143051147
2024-08-30,LAES,yfinance,0.6069999933242798,0.6200000047683716,0.5529999732971191,0.5950000286102295,0.5950000286102295,510900,0.0,0.0,1.0,0.6069999933242798,0.5950000286102295
2024-09-03,LAES,yfinance,0.5879999995231628,0.5950000286102295,0.5049999952316284,0.5350000262260437,0.5350000262260437,825400,0.0,0.0,1.0,0.5879999995231628,0.5350000262260437
2024-09-04,LAES,yfinance,0.5199999809265137,0.5249999761581421,0.4600000083446502,0.4950000047683716,0.4950000047683716,753900,0.0,0.0,1.0,0.5199999809265137,0.4950000047683716
2024-09-05,LAES,yfinance,0.5,0.5199999809265137,0.4799999892711639,0.4819999933242798,0.4819999933242798,652100,0.0,0.0,1.0,0.5,0.4819999933242798
2024-09-06,LAES,yfinance,0.4799999892711639,0.4850000143051147,0.449999988079071,0.4799999892711639,0.4799999892711639,317900,0.0,0.0,1.0,0.4799999892711639,0.4799999892711639
2024-09-09,LAES,yfinance,0.4880000054836273,0.5199999809265137,0.4699999988079071,0.4900000095367431,0.4900000095367431,386400,0.0,0.0,1.0,0.4880000054836273,0.4900000095367431
2024-09-10,LAES,yfinance,0.4799999892711639,0.4850000143051147,0.4519999921321869,0.4779999852180481,0.4779999852180481,260200,0.0,0.0,1.0,0.4799999892711639,0.4779999852180481
2024-09-11,LAES,yfinance,0.4850000143051147,0.5450000166893005,0.4600000083446502,0.5239999890327454,0.5239999890327454,476400,0.0,0.0,1.0,0.4850000143051147,0.5239999890327454
2024-09-12,LAES,yfinance,0.5199999809265137,0.5199999809265137,0.4699999988079071,0.4790000021457672,0.4790000021457672,379500,0.0,0.0,1.0,0.5199999809265137,0.4790000021457672
2024-09-13,LAES,yfinance,0.481000006198883,0.5249999761581421,0.481000006198883,0.5199999809265137,0.5199999809265137,376400,0.0,0.0,1.0,0.481000006198883,0.5199999809265137
2024-09-16,LAES,yfinance,0.4950000047683716,0.5049999952316284,0.4900000095367431,0.5,0.5,166900,0.0,0.0,1.0,0.4950000047683716,0.5
2024-09-17,LAES,yfinance,0.4950000047683716,0.5,0.4659999907016754,0.4749999940395355,0.4749999940395355,603600,0.0,0.0,1.0,0.4950000047683716,0.4749999940395355
2024-09-18,LAES,yfinance,0.4629999995231628,0.4779999852180481,0.449999988079071,0.4650000035762787,0.4650000035762787,430300,0.0,0.0,1.0,0.4629999995231628,0.4650000035762787
2024-09-19,LAES,yfinance,0.4749999940395355,0.4850000143051147,0.4300000071525574,0.4399999976158142,0.4399999976158142,953400,0.0,0.0,1.0,0.4749999940395355,0.4399999976158142
2024-09-20,LAES,yfinance,0.4560000002384186,0.4560000002384186,0.4300000071525574,0.4399999976158142,0.4399999976158142,405100,0.0,0.0,1.0,0.4560000002384186,0.4399999976158142
2024-09-23,LAES,yfinance,0.4440000057220459,0.449999988079071,0.4099999964237213,0.4399999976158142,0.4399999976158142,393600,0.0,0.0,1.0,0.4440000057220459,0.4399999976158142
2024-09-24,LAES,yfinance,0.4399999976158142,0.4589999914169311,0.4329999983310699,0.4519999921321869,0.4519999921321869,111900,0.0,0.0,1.0,0.4399999976158142,0.4519999921321869
2024-09-25,LAES,yfinance,0.4480000138282776,0.5440000295639038,0.4480000138282776,0.5249999761581421,0.5249999761581421,1092000,0.0,0.0,1.0,0.4480000138282776,0.5249999761581421
2024-09-26,LAES,yfinance,0.5149999856948853,0.5199999809265137,0.4670000076293945,0.4869999885559082,0.4869999885559082,458200,0.0,0.0,1.0,0.5149999856948853,0.4869999885559082
2024-09-27,LAES,yfinance,0.492000013589859,0.5099999904632568,0.449999988079071,0.4629999995231628,0.4629999995231628,546900,0.0,0.0,1.0,0.492000013589859,0.4629999995231628
2024-09-30,LAES,yfinance,0.449999988079071,0.4950000047683716,0.4329999983310699,0.4399999976158142,0.4399999976158142,819000,0.0,0.0,1.0,0.449999988079071,0.4399999976158142
2024-10-01,LAES,yfinance,0.4510000050067901,0.4659999907016754,0.4000000059604645,0.4269999861717224,0.4269999861717224,409100,0.0,0.0,1.0,0.4510000050067901,0.4269999861717224
2024-10-02,LAES,yfinance,0.4199999868869781,0.4399999976158142,0.4120000004768371,0.4269999861717224,0.4269999861717224,286900,0.0,0.0,1.0,0.4199999868869781,0.4269999861717224
2024-10-03,LAES,yfinance,0.4199999868869781,0.4359999895095825,0.4149999916553497,0.4180000126361847,0.4180000126361847,142500,0.0,0.0,1.0,0.4199999868869781,0.4180000126361847
2024-10-04,LAES,yfinance,0.4180000126361847,0.4480000138282776,0.4180000126361847,0.4300000071525574,0.4300000071525574,275200,0.0,0.0,1.0,0.4180000126361847,0.4300000071525574
2024-10-07,LAES,yfinance,0.4399999976158142,0.449999988079071,0.4230000078678131,0.4300000071525574,0.4300000071525574,86400,0.0,0.0,1.0,0.4399999976158142,0.4300000071525574
2024-10-08,LAES,yfinance,0.4350000023841858,0.449999988079071,0.4050000011920929,0.4169999957084656,0.4169999957084656,211800,0.0,0.0,1.0,0.4350000023841858,0.4169999957084656
2024-10-09,LAES,yfinance,0.4440000057220459,0.4480000138282776,0.4000000059604645,0.4009999930858612,0.4009999930858612,287100,0.0,0.0,1.0,0.4440000057220459,0.4009999930858612
2024-10-10,LAES,yfinance,0.4000000059604645,0.4059999883174896,0.3650000095367431,0.3810000121593475,0.3810000121593475,539800,0.0,0.0,1.0,0.4000000059604645,0.3810000121593475
2024-10-11,LAES,yfinance,0.3810000121593475,0.4250000119209289,0.3810000121593475,0.4199999868869781,0.4199999868869781,386000,0.0,0.0,1.0,0.3810000121593475,0.4199999868869781
2024-10-14,LAES,yfinance,0.4199999868869781,0.4790000021457672,0.4050000011920929,0.4210000038146972,0.4210000038146972,577500,0.0,0.0,1.0,0.4199999868869781,0.4210000038146972
2024-10-15,LAES,yfinance,0.449999988079071,0.449999988079071,0.4120000004768371,0.4300000071525574,0.4300000071525574,292400,0.0,0.0,1.0,0.449999988079071,0.4300000071525574
2024-10-16,LAES,yfinance,0.4300000071525574,0.4699999988079071,0.4250000119209289,0.449999988079071,0.449999988079071,469800,0.0,0.0,1.0,0.4300000071525574,0.449999988079071
2024-10-17,LAES,yfinance,0.4729999899864197,0.4729999899864197,0.4399999976158142,0.4429999887943268,0.4429999887943268,266400,0.0,0.0,1.0,0.4729999899864197,0.4429999887943268
2024-10-18,LAES,yfinance,0.4469999969005584,0.4670000076293945,0.4399999976158142,0.4490000009536743,0.4490000009536743,376800,0.0,0.0,1.0,0.4469999969005584,0.4490000009536743
2024-10-21,LAES,yfinance,0.4490000009536743,0.4799999892711639,0.4410000145435333,0.4460000097751617,0.4460000097751617,407100,0.0,0.0,1.0,0.4490000009536743,0.4460000097751617
2024-10-22,LAES,yfinance,0.4659999907016754,0.4769999980926513,0.4379999935626983,0.449999988079071,0.449999988079071,456600,0.0,0.0,1.0,0.4659999907016754,0.449999988079071
2024-10-23,LAES,yfinance,0.4429999887943268,0.4550000131130218,0.4099999964237213,0.4189999997615814,0.4189999997615814,424500,0.0,0.0,1.0,0.4429999887943268,0.4189999997615814
2024-10-24,LAES,yfinance,0.4050000011920929,0.4059999883174896,0.3799999952316284,0.4009999930858612,0.4009999930858612,395600,0.0,0.0,1.0,0.4050000011920929,0.4009999930858612
2024-10-25,LAES,yfinance,0.3980000019073486,0.4099999964237213,0.3930000066757202,0.3989999890327453,0.3989999890327453,377800,0.0,0.0,1.0,0.3980000019073486,0.3989999890327453
2024-10-28,LAES,yfinance,0.3989999890327453,0.4300000071525574,0.3889999985694885,0.421999990940094,0.421999990940094,801500,0.0,0.0,1.0,0.3989999890327453,0.421999990940094
2024-10-29,LAES,yfinance,0.421999990940094,0.421999990940094,0.395000010728836,0.4009999930858612,0.4009999930858612,419700,0.0,0.0,1.0,0.421999990940094,0.4009999930858612
2024-10-30,LAES,yfinance,0.4020000100135803,0.4090000092983246,0.3799999952316284,0.3930000066757202,0.3930000066757202,595600,0.0,0.0,1.0,0.4020000100135803,0.3930000066757202
2024-10-31,LAES,yfinance,0.3810000121593475,0.3930000066757202,0.3659999966621399,0.3779999911785126,0.3779999911785126,326900,0.0,0.0,1.0,0.3810000121593475,0.3779999911785126
2024-11-01,LAES,yfinance,0.3779999911785126,0.4000000059604645,0.3779999911785126,0.3819999992847442,0.3819999992847442,318600,0.0,0.0,1.0,0.3779999911785126,0.3819999992847442
2024-11-04,LAES,yfinance,0.3899999856948852,0.4000000059604645,0.3610000014305115,0.3770000040531158,0.3770000040531158,232000,0.0,0.0,1.0,0.3899999856948852,0.3770000040531158
2024-11-05,LAES,yfinance,0.3759999871253967,0.3799999952316284,0.3630000054836273,0.3759999871253967,0.3759999871253967,206200,0.0,0.0,1.0,0.3759999871253967,0.3759999871253967
2024-11-06,LAES,yfinance,0.3759999871253967,0.3869999945163727,0.3519999980926513,0.3610000014305115,0.3610000014305115,532600,0.0,0.0,1.0,0.3759999871253967,0.3610000014305115
2024-11-07,LAES,yfinance,0.3600000143051147,0.3819999992847442,0.3499999940395355,0.3600000143051147,0.3600000143051147,429200,0.0,0.0,1.0,0.3600000143051147,0.3600000143051147
2024-11-08,LAES,yfinance,0.3799999952316284,0.4679999947547912,0.3300000131130218,0.3499999940395355,0.3499999940395355,3694900,0.0,0.0,1.0,0.3799999952316284,0.3499999940395355
2024-11-11,LAES,yfinance,0.3510000109672546,0.3630000054836273,0.3089999854564667,0.3420000076293945,0.3420000076293945,836300,0.0,0.0,1.0,0.3510000109672546,0.3420000076293945
2024-11-12,LAES,yfinance,0.3319999873638153,0.3689999878406524,0.3310000002384186,0.3610000014305115,0.3610000014305115,700800,0.0,0.0,1.0,0.3319999873638153,0.3610000014305115
2024-11-13,LAES,yfinance,0.375,0.4550000131130218,0.3700000047683716,0.3919999897480011,0.3919999897480011,3890200,0.0,0.0,1.0,0.375,0.3919999897480011
2024-11-14,LAES,yfinance,0.3899999856948852,0.4600000083446502,0.3899999856948852,0.4309999942779541,0.4309999942779541,1971000,0.0,0.0,1.0,0.3899999856948852,0.4309999942779541
2024-11-15,LAES,yfinance,0.4399999976158142,0.4399999976158142,0.3799999952316284,0.3819999992847442,0.3819999992847442,798000,0.0,0.0,1.0,0.4399999976158142,0.3819999992847442
2024-11-18,LAES,yfinance,0.4390000104904175,0.550000011920929,0.4050000011920929,0.5080000162124634,0.5080000162124634,5362300,0.0,0.0,1.0,0.4390000104904175,0.5080000162124634
2024-11-19,LAES,yfinance,0.4909999966621399,0.4909999966621399,0.4269999861717224,0.4560000002384186,0.4560000002384186,2936100,0.0,0.0,1.0,0.4909999966621399,0.4560000002384186
2024-11-20,LAES,yfinance,0.4480000138282776,0.5220000147819519,0.4210000038146972,0.4950000047683716,0.4950000047683716,2373100,0.0,0.0,1.0,0.4480000138282776,0.4950000047683716
2024-11-21,LAES,yfinance,0.4300000071525574,0.4799999892711639,0.4120000004768371,0.4650000035762787,0.4650000035762787,2326300,0.0,0.0,1.0,0.4300000071525574,0.4650000035762787
2024-11-22,LAES,yfinance,0.4650000035762787,0.4959999918937683,0.4429999887943268,0.4510000050067901,0.4510000050067901,2207500,0.0,0.0,1.0,0.4650000035762787,0.4510000050067901
2024-11-25,LAES,yfinance,0.5040000081062317,0.6880000233650208,0.4600000083446502,0.4699999988079071,0.4699999988079071,17919300,0.0,0.0,1.0,0.5040000081062317,0.4699999988079071
2024-11-26,LAES,yfinance,0.4979999959468841,0.5,0.4180000126361847,0.4510000050067901,0.4510000050067901,6328300,0.0,0.0,1.0,0.4979999959468841,0.4510000050067901
2024-11-27,LAES,yfinance,0.4329999983310699,0.4399999976158142,0.402999997138977,0.4090000092983246,0.4090000092983246,2277000,0.0,0.0,1.0,0.4329999983310699,0.4090000092983246
2024-11-29,LAES,yfinance,0.4300000071525574,0.449999988079071,0.395000010728836,0.4149999916553497,0.4149999916553497,2165500,0.0,0.0,1.0,0.4300000071525574,0.4149999916553497
2024-12-02,LAES,yfinance,0.4399999976158142,0.5199999809265137,0.4180000126361847,0.4729999899864197,0.4729999899864197,5776600,0.0,0.0,1.0,0.4399999976158142,0.4729999899864197
2024-12-03,LAES,yfinance,0.4699999988079071,0.4769999980926513,0.3910000026226043,0.4120000004768371,0.4120000004768371,3893300,0.0,0.0,1.0,0.4699999988079071,0.4120000004768371
2024-12-04,LAES,yfinance,0.4280000030994415,0.4399999976158142,0.3899999856948852,0.3930000066757202,0.3930000066757202,2166100,0.0,0.0,1.0,0.4280000030994415,0.3930000066757202
2024-12-05,LAES,yfinance,0.3930000066757202,0.3930000066757202,0.3499999940395355,0.3849999904632568,0.3849999904632568,2254700,0.0,0.0,1.0,0.3930000066757202,0.3849999904632568
2024-12-06,LAES,yfinance,0.3860000073909759,0.4169999957084656,0.3799999952316284,0.3980000019073486,0.3980000019073486,1519400,0.0,0.0,1.0,0.3860000073909759,0.3980000019073486
2024-12-09,LAES,yfinance,0.4300000071525574,0.4429999887943268,0.3860000073909759,0.3910000026226043,0.3910000026226043,3196300,0.0,0.0,1.0,0.4300000071525574,0.3910000026226043
2024-12-10,LAES,yfinance,0.4050000011920929,0.5929999947547913,0.3910000026226043,0.5709999799728394,0.5709999799728394,44137800,0.0,0.0,1.0,0.4050000011920929,0.5709999799728394
2024-12-11,LAES,yfinance,1.0449999570846558,1.4500000476837158,0.959999978542328,1.149999976158142,1.149999976158142,225464900,0.0,0.0,1.0,1.0449999570846558,1.149999976158142
2024-12-12,LAES,yfinance,1.7100000381469729,1.9900000095367432,1.4800000190734863,1.850000023841858,1.850000023841858,256791300,0.0,0.0,1.0,1.7100000381469729,1.850000023841858
2024-12-13,LAES,yfinance,1.600000023841858,1.8899999856948853,1.4800000190734863,1.75,1.75,63903700,0.0,0.0,1.0,1.600000023841858,1.75
2024-12-16,LAES,yfinance,2.630000114440918,3.4600000381469727,2.2300000190734863,2.450000047683716,2.450000047683716,204111800,0.0,0.0,1.0,2.630000114440918,2.450000047683716
2024-12-17,LAES,yfinance,2.940000057220459,3.200000047683716,2.650000095367432,2.9800000190734863,2.9800000190734863,86244900,0.0,0.0,1.0,2.940000057220459,2.9800000190734863
2024-12-18,LAES,yfinance,2.799999952316284,3.049999952316284,2.1600000858306885,2.3399999141693115,2.3399999141693115,73973300,0.0,0.0,1.0,2.799999952316284,2.3399999141693115
2024-12-19,LAES,yfinance,2.359999895095825,2.5299999713897705,1.9800000190734863,2.009999990463257,2.009999990463257,37852900,0.0,0.0,1.0,2.359999895095825,2.009999990463257
2024-12-20,LAES,yfinance,2.2699999809265137,3.0,2.119999885559082,2.75,2.75,70997600,0.0,0.0,1.0,2.2699999809265137,2.75
2024-12-23,LAES,yfinance,3.5899999141693115,5.0,3.440000057220459,4.900000095367432,4.900000095367432,149974800,0.0,0.0,1.0,3.5899999141693115,4.900000095367432
2024-12-24,LAES,yfinance,6.130000114440918,6.269999980926514,4.820000171661377,5.46999979019165,5.46999979019165,90415800,0.0,0.0,1.0,6.130000114440918,5.46999979019165
2024-12-26,LAES,yfinance,5.199999809265137,9.31999969482422,5.099999904632568,8.760000228881836,8.760000228881836,159396100,0.0,0.0,1.0,5.199999809265137,8.760000228881836
2024-12-27,LAES,yfinance,9.779999732971191,11.0,7.599999904632568,9.079999923706056,9.079999923706056,135477700,0.0,0.0,1.0,9.779999732971191,9.079999923706056
2024-12-30,LAES,yfinance,8.039999961853027,9.5,7.539999961853027,8.569999694824219,8.569999694824219,54062000,0.0,0.0,1.0,8.039999961853027,8.569999694824219
2024-12-31,LAES,yfinance,8.09000015258789,8.100000381469727,5.320000171661377,6.150000095367432,6.150000095367432,61216100,0.0,0.0,1.0,8.09000015258789,6.150000095367432
2025-01-02,LAES,yfinance,6.860000133514404,8.850000381469727,6.309999942779541,8.670000076293945,8.670000076293945,89484000,0.0,0.0,1.0,6.860000133514404,8.670000076293945
2025-01-03,LAES,yfinance,7.980000019073486,9.32900047302246,7.820000171661377,8.140000343322754,8.140000343322754,45246300,0.0,0.0,1.0,7.980000019073486,8.140000343322754
2025-01-06,LAES,yfinance,8.979999542236328,9.5,7.690000057220459,7.730000019073486,7.730000019073486,60086700,0.0,0.0,1.0,8.979999542236328,7.730000019073486
2025-01-07,LAES,yfinance,7.880000114440918,7.885000228881836,6.840000152587891,7.150000095367432,7.150000095367432,34646000,0.0,0.0,1.0,7.880000114440918,7.150000095367432
2025-01-08,LAES,yfinance,4.980000019073486,5.46999979019165,3.25,5.275000095367432,5.275000095367432,113236300,0.0,0.0,1.0,4.980000019073486,5.275000095367432
2025-01-10,LAES,yfinance,5.710000038146973,6.309999942779541,5.159999847412109,5.730000019073486,5.730000019073486,58561700,0.0,0.0,1.0,5.710000038146973,5.730000019073486
2025-01-13,LAES,yfinance,4.539000034332275,5.170000076293945,3.115000009536743,3.3499999046325684,3.3499999046325684,89922300,0.0,0.0,1.0,4.539000034332275,3.3499999046325684
2025-01-14,LAES,yfinance,3.450000047683716,4.059999942779541,2.9600000381469727,3.660000085830689,3.660000085830689,105971500,0.0,0.0,1.0,3.450000047683716,3.660000085830689
2025-01-15,LAES,yfinance,4.804999828338623,5.25,4.440000057220459,4.559999942779541,4.559999942779541,82228800,0.0,0.0,1.0,4.804999828338623,4.559999942779541
2025-01-16,LAES,yfinance,4.440000057220459,4.579999923706055,4.039999961853027,4.349999904632568,4.349999904632568,47784300,0.0,0.0,1.0,4.440000057220459,4.349999904632568
2025-01-17,LAES,yfinance,4.820000171661377,5.159999847412109,4.170000076293945,4.239999771118164,4.239999771118164,60024100,0.0,0.0,1.0,4.820000171661377,4.239999771118164
2025-01-21,LAES,yfinance,4.369999885559082,5.230000019073486,4.130000114440918,5.019999980926514,5.019999980926514,57322700,0.0,0.0,1.0,4.369999885559082,5.019999980926514
2025-01-22,LAES,yfinance,4.989999771118164,5.110000133514404,4.380000114440918,4.489999771118164,4.489999771118164,32545600,0.0,0.0,1.0,4.989999771118164,4.489999771118164
2025-01-23,LAES,yfinance,4.440000057220459,4.599999904632568,3.950000047683716,4.070000171661377,4.070000171661377,25317700,0.0,0.0,1.0,4.440000057220459,4.070000171661377
2025-01-24,LAES,yfinance,4.400000095367432,4.449999809265137,4.059999942779541,4.300000190734863,4.300000190734863,23515100,0.0,0.0,1.0,4.400000095367432,4.300000190734863
2025-01-27,LAES,yfinance,3.900000095367432,4.28000020980835,3.809999942779541,3.990000009536743,3.990000009536743,15785600,0.0,0.0,1.0,3.900000095367432,3.990000009536743
2025-01-28,LAES,yfinance,4.019999980926514,4.03000020980835,3.450000047683716,3.7300000190734863,3.7300000190734863,15060200,0.0,0.0,1.0,4.019999980926514,3.7300000190734863
2025-01-29,LAES,yfinance,3.609999895095825,3.819999933242798,3.2799999713897705,3.2799999713897705,3.2799999713897705,21017900,0.0,0.0,1.0,3.609999895095825,3.2799999713897705
2025-01-30,LAES,yfinance,3.490000009536743,3.490000009536743,3.0299999713897705,3.2100000381469727,3.2100000381469727,22646400,0.0,0.0,1.0,3.490000009536743,3.2100000381469727
2025-01-31,LAES,yfinance,3.119999885559082,3.559999942779541,3.0799999237060547,3.180000066757202,3.180000066757202,25728400,0.0,0.0,1.0,3.119999885559082,3.180000066757202
2025-02-03,LAES,yfinance,2.930000066757202,3.125,2.759999990463257,2.990000009536743,2.990000009536743,15117200,0.0,0.0,1.0,2.930000066757202,2.990000009536743
2025-02-04,LAES,yfinance,3.119999885559082,3.359999895095825,3.049999952316284,3.0999999046325684,3.0999999046325684,13603900,0.0,0.0,1.0,3.119999885559082,3.0999999046325684
2025-02-05,LAES,yfinance,3.200000047683716,3.839999914169312,3.0199999809265137,3.819999933242798,3.819999933242798,26775300,0.0,0.0,1.0,3.200000047683716,3.819999933242798
2025-02-06,LAES,yfinance,4.46999979019165,4.474999904632568,3.930000066757202,4.0,4.0,47288200,0.0,0.0,1.0,4.46999979019165,4.0
2025-02-07,LAES,yfinance,4.090000152587891,4.170000076293945,3.799999952316284,4.03000020980835,4.03000020980835,21592600,0.0,0.0,1.0,4.090000152587891,4.03000020980835
2025-02-10,LAES,yfinance,3.900000095367432,4.429999828338623,3.7100000381469727,4.329999923706055,4.329999923706055,21710600,0.0,0.0,1.0,3.900000095367432,4.329999923706055
2025-02-11,LAES,yfinance,4.239999771118164,4.309999942779541,3.680000066757202,3.740000009536743,3.740000009536743,17165200,0.0,0.0,1.0,4.239999771118164,3.740000009536743
2025-02-12,LAES,yfinance,3.5199999809265137,3.900000095367432,3.4600000381469727,3.815000057220459,3.815000057220459,13855100,0.0,0.0,1.0,3.5199999809265137,3.815000057220459
2025-02-13,LAES,yfinance,3.75,3.7699999809265137,3.4600000381469727,3.640000104904175,3.640000104904175,13849600,0.0,0.0,1.0,3.75,3.640000104904175
2025-02-14,LAES,yfinance,3.509999990463257,3.549999952316284,3.2799999713897705,3.309999942779541,3.309999942779541,11714000,0.0,0.0,1.0,3.509999990463257,3.309999942779541
2025-02-18,LAES,yfinance,3.259999990463257,3.369999885559082,2.9800000190734863,3.0199999809265137,3.0199999809265137,12958300,0.0,0.0,1.0,3.259999990463257,3.0199999809265137
2025-02-19,LAES,yfinance,3.015000104904175,3.5299999713897705,2.9800000190734863,3.380000114440918,3.380000114440918,20505100,0.0,0.0,1.0,3.015000104904175,3.380000114440918
2025-02-20,LAES,yfinance,3.809999942779541,3.9800000190734863,3.609999895095825,3.7300000190734863,3.7300000190734863,29976800,0.0,0.0,1.0,3.809999942779541,3.7300000190734863
2025-02-21,LAES,yfinance,3.615000009536743,3.7799999713897705,3.319999933242798,3.3299999237060547,3.3299999237060547,18062800,0.0,0.0,1.0,3.615000009536743,3.3299999237060547
2025-02-24,LAES,yfinance,3.2799999713897705,3.4200000762939453,3.049999952316284,3.049999952316284,3.049999952316284,10199300,0.0,0.0,1.0,3.2799999713897705,3.049999952316284
2025-02-25,LAES,yfinance,3.0220000743865967,3.319999933242798,2.9100000858306885,3.150000095367432,3.150000095367432,15959400,0.0,0.0,1.0,3.0220000743865967,3.150000095367432
2025-02-26,LAES,yfinance,3.150000095367432,3.359999895095825,3.049999952316284,3.0899999141693115,3.0899999141693115,9245400,0.0,0.0,1.0,3.150000095367432,3.0899999141693115
2025-02-27,LAES,yfinance,3.2699999809265137,3.390000104904175,2.950000047683716,2.990000009536743,2.990000009536743,10935900,0.0,0.0,1.0,3.2699999809265137,2.990000009536743
2025-02-28,LAES,yfinance,2.900000095367432,3.0199999809265137,2.799999952316284,2.880000114440918,2.880000114440918,8134000,0.0,0.0,1.0,2.900000095367432,2.880000114440918
2025-03-03,LAES,yfinance,2.9200000762939453,2.930000066757202,2.244999885559082,2.2699999809265137,2.2699999809265137,13542000,0.0,0.0,1.0,2.9200000762939453,2.2699999809265137
2025-03-04,LAES,yfinance,2.0299999713897705,2.5350000858306885,1.9900000095367432,2.400000095367432,2.400000095367432,15552800,0.0,0.0,1.0,2.0299999713897705,2.400000095367432
2025-03-05,LAES,yfinance,2.5799999237060547,2.680000066757202,2.390000104904175,2.549999952316284,2.549999952316284,11471700,0.0,0.0,1.0,2.5799999237060547,2.549999952316284
2025-03-06,LAES,yfinance,2.490000009536743,2.940000057220459,2.390000104904175,2.680000066757202,2.680000066757202,18604100,0.0,0.0,1.0,2.490000009536743,2.680000066757202
2025-03-07,LAES,yfinance,2.6700000762939453,2.930000066757202,2.569999933242798,2.930000066757202,2.930000066757202,10641800,0.0,0.0,1.0,2.6700000762939453,2.930000066757202
2025-03-10,LAES,yfinance,2.7699999809265137,2.880000114440918,2.5,2.5999999046325684,2.5999999046325684,8431600,0.0,0.0,1.0,2.7699999809265137,2.5999999046325684
2025-03-11,LAES,yfinance,2.509999990463257,2.6600000858306885,2.400000095367432,2.5999999046325684,2.5999999046325684,6728500,0.0,0.0,1.0,2.509999990463257,2.5999999046325684
2025-03-12,LAES,yfinance,2.7100000381469727,2.8399999141693115,2.619999885559082,2.789999961853028,2.789999961853028,8993700,0.0,0.0,1.0,2.7100000381469727,2.789999961853028
2025-03-13,LAES,yfinance,2.690000057220459,2.940000057220459,2.6600000858306885,2.740000009536743,2.740000009536743,9302100,0.0,0.0,1.0,2.690000057220459,2.740000009536743
2025-03-14,LAES,yfinance,2.859999895095825,3.3499999046325684,2.8499999046325684,3.319999933242798,3.319999933242798,24054900,0.0,0.0,1.0,2.859999895095825,3.319999933242798
2025-03-17,LAES,yfinance,3.734999895095825,3.900000095367432,3.5299999713897705,3.759999990463257,3.759999990463257,24498000,0.0,0.0,1.0,3.734999895095825,3.759999990463257
2025-03-18,LAES,yfinance,3.440000057220459,3.7100000381469727,3.2100000381469727,3.3399999141693115,3.3399999141693115,14424100,0.0,0.0,1.0,3.440000057220459,3.3399999141693115
2025-03-19,LAES,yfinance,3.440000057220459,3.5799999237060547,3.2799999713897705,3.450000047683716,3.450000047683716,8298100,0.0,0.0,1.0,3.440000057220459,3.450000047683716
2025-03-20,LAES,yfinance,3.2149999141693115,3.390000104904175,3.069999933242798,3.0999999046325684,3.0999999046325684,10324900,0.0,0.0,1.0,3.2149999141693115,3.0999999046325684
2025-03-21,LAES,yfinance,2.8499999046325684,3.065000057220459,2.789999961853028,2.9800000190734863,2.9800000190734863,8207700,0.0,0.0,1.0,2.8499999046325684,2.9800000190734863
2025-03-24,LAES,yfinance,3.0799999237060547,3.219000101089477,3.0799999237060547,3.1600000858306885,3.1600000858306885,6984600,0.0,0.0,1.0,3.0799999237060547,3.1600000858306885
2025-03-25,LAES,yfinance,3.109999895095825,3.130000114440918,3.009999990463257,3.069999933242798,3.069999933242798,4498000,0.0,0.0,1.0,3.109999895095825,3.069999933242798
2025-03-26,LAES,yfinance,3.069999933242798,3.190000057220459,2.9100000858306885,2.930000066757202,2.930000066757202,5641300,0.0,0.0,1.0,3.069999933242798,2.930000066757202
2025-03-27,LAES,yfinance,2.930000066757202,3.0,2.799999952316284,2.8499999046325684,2.8499999046325684,5588800,0.0,0.0,1.0,2.930000066757202,2.8499999046325684
2025-03-28,LAES,yfinance,2.799999952316284,2.809999942779541,2.5999999046325684,2.630000114440918,2.630000114440918,6233400,0.0,0.0,1.0,2.799999952316284,2.630000114440918
2025-03-31,LAES,yfinance,2.5,2.5999999046325684,2.4800000190734863,2.5999999046325684,2.5999999046325684,4786000,0.0,0.0,1.0,2.5,2.5999999046325684
2025-04-01,LAES,yfinance,2.640000104904175,2.789999961853028,2.509999990463257,2.7300000190734863,2.7300000190734863,5683600,0.0,0.0,1.0,2.640000104904175,2.7300000190734863
2025-04-02,LAES,yfinance,2.5999999046325684,2.8399999141693115,2.559999942779541,2.7799999713897705,2.7799999713897705,5524700,0.0,0.0,1.0,2.5999999046325684,2.7799999713897705
2025-04-03,LAES,yfinance,2.5299999713897705,2.6600000858306885,2.5,2.549999952316284,2.549999952316284,4583900,0.0,0.0,1.0,2.5299999713897705,2.549999952316284
2025-04-04,LAES,yfinance,2.450000047683716,2.5299999713897705,2.220000028610229,2.3499999046325684,2.3499999046325684,5776500,0.0,0.0,1.0,2.450000047683716,2.3499999046325684
2025-04-07,LAES,yfinance,2.1600000858306885,2.555000066757202,2.119999885559082,2.430000066757202,2.430000066757202,6758300,0.0,0.0,1.0,2.1600000858306885,2.430000066757202
2025-04-08,LAES,yfinance,2.5799999237060547,2.6700000762939453,2.2799999713897705,2.319999933242798,2.319999933242798,8109000,0.0,0.0,1.0,2.5799999237060547,2.319999933242798
2025-04-09,LAES,yfinance,2.299999952316284,2.690000057220459,2.2799999713897705,2.6700000762939453,2.6700000762939453,7678900,0.0,0.0,1.0,2.299999952316284,2.6700000762939453
2025-04-10,LAES,yfinance,2.6050000190734863,2.640000104904175,2.4600000381469727,2.549999952316284,2.549999952316284,5216300,0.0,0.0,1.0,2.6050000190734863,2.549999952316284
2025-04-11,LAES,yfinance,2.5799999237060547,2.635999917984009,2.4600000381469727,2.5799999237060547,2.5799999237060547,4908800,0.0,0.0,1.0,2.5799999237060547,2.5799999237060547
2025-04-14,LAES,yfinance,2.680000066757202,2.7799999713897705,2.505000114440918,2.549999952316284,2.549999952316284,4506000,0.0,0.0,1.0,2.680000066757202,2.549999952316284
2025-04-15,LAES,yfinance,2.509999990463257,2.6050000190734863,2.5,2.5199999809265137,2.5199999809265137,2221200,0.0,0.0,1.0,2.509999990463257,2.5199999809265137
2025-04-16,LAES,yfinance,2.4100000858306885,2.4800000190734863,2.359999895095825,2.430000066757202,2.430000066757202,2637300,0.0,0.0,1.0,2.4100000858306885,2.430000066757202
2025-04-17,LAES,yfinance,2.440000057220459,2.509999990463257,2.315000057220459,2.3299999237060547,2.3299999237060547,2422800,0.0,0.0,1.0,2.440000057220459,2.3299999237060547
2025-04-21,LAES,yfinance,2.3299999237060547,2.3399999141693115,2.180000066757202,2.240000009536743,2.240000009536743,3142600,0.0,0.0,1.0,2.3299999237060547,2.240000009536743
2025-04-22,LAES,yfinance,2.2699999809265137,2.359999895095825,2.25,2.3299999237060547,2.3299999237060547,2756200,0.0,0.0,1.0,2.2699999809265137,2.3299999237060547
2025-04-23,LAES,yfinance,2.4200000762939453,2.539999961853028,2.4100000858306885,2.509999990463257,2.509999990463257,3622700,0.0,0.0,1.0,2.4200000762939453,2.509999990463257
2025-04-24,LAES,yfinance,2.5450000762939453,2.680000066757202,2.5409998893737797,2.609999895095825,2.609999895095825,3701300,0.0,0.0,1.0,2.5450000762939453,2.609999895095825
2025-04-25,LAES,yfinance,2.5999999046325684,2.7300000190734863,2.549999952316284,2.619999885559082,2.619999885559082,3838300,0.0,0.0,1.0,2.5999999046325684,2.619999885559082
2025-04-28,LAES,yfinance,2.619999885559082,2.75,2.549999952316284,2.5999999046325684,2.5999999046325684,2751400,0.0,0.0,1.0,2.619999885559082,2.5999999046325684
2025-04-29,LAES,yfinance,2.6600000858306885,2.6600000858306885,2.539999961853028,2.5799999237060547,2.5799999237060547,2109300,0.0,0.0,1.0,2.6600000858306885,2.5799999237060547
2025-04-30,LAES,yfinance,2.4800000190734863,2.4800000190734863,2.369999885559082,2.430000066757202,2.430000066757202,3012400,0.0,0.0,1.0,2.4800000190734863,2.430000066757202
2025-05-01,LAES,yfinance,2.5,2.509999990463257,2.4200000762939453,2.490000009536743,2.490000009536743,2174600,0.0,0.0,1.0,2.5,2.490000009536743
2025-05-02,LAES,yfinance,2.505000114440918,2.900000095367432,2.5,2.869999885559082,2.869999885559082,8498700,0.0,0.0,1.0,2.505000114440918,2.869999885559082
2025-05-05,LAES,yfinance,2.7850000858306885,2.8299999237060547,2.180000066757202,2.369999885559082,2.369999885559082,11332800,0.0,0.0,1.0,2.7850000858306885,2.369999885559082
2025-05-06,LAES,yfinance,2.3299999237060547,2.359999895095825,2.2699999809265137,2.3399999141693115,2.3399999141693115,3870800,0.0,0.0,1.0,2.3299999237060547,2.3399999141693115
2025-05-07,LAES,yfinance,2.390000104904175,2.390000104904175,2.2799999713897705,2.3399999141693115,2.3399999141693115,4240700,0.0,0.0,1.0,2.390000104904175,2.3399999141693115
2025-05-08,LAES,yfinance,2.450000047683716,2.569999933242798,2.3499999046325684,2.509999990463257,2.509999990463257,8947500,0.0,0.0,1.0,2.450000047683716,2.509999990463257
2025-05-09,LAES,yfinance,2.5,2.5,2.3299999237060547,2.359999895095825,2.359999895095825,7135800,0.0,0.0,1.0,2.5,2.359999895095825
2025-05-12,LAES,yfinance,2.4800000190734863,2.569999933242798,2.380000114440918,2.390000104904175,2.390000104904175,7418300,0.0,0.0,1.0,2.4800000190734863,2.390000104904175
2025-05-13,LAES,yfinance,2.4200000762939453,2.4600000381469727,2.3499999046325684,2.369999885559082,2.369999885559082,5222600,0.0,0.0,1.0,2.4200000762939453,2.369999885559082
2025-05-14,LAES,yfinance,2.430000066757202,2.5299999713897705,2.319999933242798,2.440000057220459,2.440000057220459,11639000,0.0,0.0,1.0,2.430000066757202,2.440000057220459
2025-05-15,LAES,yfinance,2.4200000762939453,2.430000066757202,2.3499999046325684,2.369999885559082,2.369999885559082,4549500,0.0,0.0,1.0,2.4200000762939453,2.369999885559082
2025-05-16,LAES,yfinance,2.4100000858306885,2.700000047683716,2.380000114440918,2.5799999237060547,2.5799999237060547,17118100,0.0,0.0,1.0,2.4100000858306885,2.5799999237060547
2025-05-19,LAES,yfinance,2.450000047683716,3.109999895095825,2.400000095367432,3.0999999046325684,3.0999999046325684,26671400,0.0,0.0,1.0,2.450000047683716,3.0999999046325684
2025-05-20,LAES,yfinance,3.400000095367432,3.5299999713897705,3.109999895095825,3.25,3.25,34529300,0.0,0.0,1.0,3.400000095367432,3.25
2025-05-21,LAES,yfinance,3.3299999237060547,4.340000152587891,3.25,3.450000047683716,3.450000047683716,68336100,0.0,0.0,1.0,3.3299999237060547,3.450000047683716
2025-05-22,LAES,yfinance,3.670000076293945,4.150000095367432,3.450000047683716,3.7100000381469727,3.7100000381469727,45634500,0.0,0.0,1.0,3.670000076293945,3.7100000381469727
2025-05-23,LAES,yfinance,3.549999952316284,3.755000114440918,3.400000095367432,3.4800000190734863,3.4800000190734863,27957200,0.0,0.0,1.0,3.549999952316284,3.4800000190734863
2025-05-27,LAES,yfinance,3.825000047683716,4.21999979019165,3.609999895095825,3.660000085830689,3.660000085830689,30740400,0.0,0.0,1.0,3.825000047683716,3.660000085830689
2025-05-28,LAES,yfinance,3.875,3.890000104904175,3.5799999237060547,3.700000047683716,3.700000047683716,13091900,0.0,0.0,1.0,3.875,3.700000047683716
2025-05-29,LAES,yfinance,3.809999942779541,3.910000085830689,3.615000009536743,3.690000057220459,3.690000057220459,9473800,0.0,0.0,1.0,3.809999942779541,3.690000057220459
2025-05-30,LAES,yfinance,3.490000009536743,3.549999952316284,3.2799999713897705,3.3499999046325684,3.3499999046325684,9836300,0.0,0.0,1.0,3.490000009536743,3.3499999046325684
2025-06-02,LAES,yfinance,3.309999942779541,3.430000066757202,3.2100000381469727,3.380000114440918,3.380000114440918,6694400,0.0,0.0,1.0,3.309999942779541,3.380000114440918
2025-06-03,LAES,yfinance,3.470000028610229,3.638999938964844,3.369999885559082,3.4600000381469727,3.4600000381469727,8383700,0.0,0.0,1.0,3.470000028610229,3.4600000381469727
2025-06-04,LAES,yfinance,3.4800000190734863,3.539999961853028,3.390000104904175,3.5299999713897705,3.5299999713897705,6177000,0.0,0.0,1.0,3.4800000190734863,3.5299999713897705
2025-06-05,LAES,yfinance,3.525000095367432,3.525000095367432,3.1600000858306885,3.25,3.25,7170900,0.0,0.0,1.0,3.525000095367432,3.25
2025-06-06,LAES,yfinance,3.299999952316284,3.509999990463257,3.257999897003174,3.4600000381469727,3.4600000381469727,5137700,0.0,0.0,1.0,3.299999952316284,3.4600000381469727
2025-06-09,LAES,yfinance,3.569999933242798,3.9700000286102295,3.4800000190734863,3.910000085830689,3.910000085830689,20918300,0.0,0.0,1.0,3.569999933242798,3.910000085830689
2025-06-10,LAES,yfinance,4.105000019073486,4.269999980926514,3.859999895095825,3.930000066757202,3.930000066757202,16395000,0.0,0.0,1.0,4.105000019073486,3.930000066757202
2025-06-11,LAES,yfinance,4.135000228881836,4.539999961853027,4.019999980926514,4.420000076293945,4.420000076293945,32956600,0.0,0.0,1.0,4.135000228881836,4.420000076293945
2025-06-12,LAES,yfinance,4.309999942779541,4.440000057220459,4.184999942779541,4.25,4.25,11495200,0.0,0.0,1.0,4.309999942779541,4.25
2025-06-13,LAES,yfinance,3.930000066757202,4.199999809265137,3.819999933242798,3.940000057220459,3.940000057220459,12359800,0.0,0.0,1.0,3.930000066757202,3.940000057220459
2025-06-16,LAES,yfinance,4.059999942779541,4.119999885559082,3.900000095367432,3.9600000381469727,3.9600000381469727,7998000,0.0,0.0,1.0,4.059999942779541,3.9600000381469727
2025-06-17,LAES,yfinance,3.910000085830689,3.921000003814697,3.690000057220459,3.759999990463257,3.759999990463257,7761700,0.0,0.0,1.0,3.910000085830689,3.759999990463257
2025-06-18,LAES,yfinance,3.7200000286102295,3.829999923706055,3.690000057220459,3.7100000381469727,3.7100000381469727,5916600,0.0,0.0,1.0,3.7200000286102295,3.7100000381469727
2025-06-20,LAES,yfinance,3.759999990463257,4.099999904632568,3.759999990463257,3.950000047683716,3.950000047683716,11339600,0.0,0.0,1.0,3.759999990463257,3.950000047683716
2025-06-23,LAES,yfinance,3.7799999713897705,3.7899999618530273,3.430000066757202,3.615000009536743,3.615000009536743,13137200,0.0,0.0,1.0,3.7799999713897705,3.615000009536743
2025-06-24,LAES,yfinance,3.900000095367432,4.239999771118164,3.829999923706055,3.829999923706055,3.829999923706055,14846900,0.0,0.0,1.0,3.900000095367432,3.829999923706055
2025-06-25,LAES,yfinance,4.215000152587891,4.215000152587891,3.869999885559082,3.900000095367432,3.900000095367432,13677900,0.0,0.0,1.0,4.215000152587891,3.900000095367432
2025-06-26,LAES,yfinance,3.974999904632568,4.635000228881836,3.910000085830689,4.519999980926514,4.519999980926514,21449600,0.0,0.0,1.0,3.974999904632568,4.519999980926514
2025-06-27,LAES,yfinance,4.385000228881836,4.434999942779541,3.900000095367432,4.050000190734863,4.050000190734863,15668500,0.0,0.0,1.0,4.385000228881836,4.050000190734863
2025-06-30,LAES,yfinance,4.130000114440918,4.130000114440918,4.010000228881836,4.03000020980835,4.03000020980835,7904000,0.0,0.0,1.0,4.130000114440918,4.03000020980835
2025-07-01,LAES,yfinance,4.005000114440918,4.005000114440918,3.809999942779541,3.9049999713897705,3.9049999713897705,6658500,0.0,0.0,1.0,4.005000114440918,3.9049999713897705
2025-07-02,LAES,yfinance,3.900000095367432,4.079999923706055,3.849999904632568,4.070000171661377,4.070000171661377,8423100,0.0,0.0,1.0,3.900000095367432,4.070000171661377
2025-07-03,LAES,yfinance,4.09499979019165,4.159999847412109,3.910000085830689,3.9700000286102295,3.9700000286102295,6385100,0.0,0.0,1.0,4.09499979019165,3.9700000286102295
2025-07-07,LAES,yfinance,3.9800000190734863,4.010000228881836,3.819999933242798,3.910000085830689,3.910000085830689,7359000,0.0,0.0,1.0,3.9800000190734863,3.910000085830689
2025-07-08,LAES,yfinance,3.954999923706055,4.28000020980835,3.920000076293945,3.9700000286102295,3.9700000286102295,11833400,0.0,0.0,1.0,3.954999923706055,3.9700000286102295
2025-07-09,LAES,yfinance,4.03000020980835,4.09499979019165,3.7200000286102295,3.890000104904175,3.890000104904175,11904400,0.0,0.0,1.0,4.03000020980835,3.890000104904175
2025-07-10,LAES,yfinance,3.900000095367432,3.934999942779541,3.7799999713897705,3.819999933242798,3.819999933242798,6007400,0.0,0.0,1.0,3.900000095367432,3.819999933242798
2025-07-11,LAES,yfinance,3.75,3.7699999809265137,3.609999895095825,3.630000114440918,3.630000114440918,7691000,0.0,0.0,1.0,3.75,3.630000114440918
2025-07-14,LAES,yfinance,3.555000066757202,3.630000114440918,3.309999942779541,3.380000114440918,3.380000114440918,15901500,0.0,0.0,1.0,3.555000066757202,3.380000114440918
2025-07-15,LAES,yfinance,3.5799999237060547,3.5899999141693115,3.3299999237060547,3.359999895095825,3.359999895095825,12845900,0.0,0.0,1.0,3.5799999237060547,3.359999895095825
2025-07-16,LAES,yfinance,3.484999895095825,3.619999885559082,3.359999895095825,3.5899999141693115,3.5899999141693115,14228100,0.0,0.0,1.0,3.484999895095825,3.5899999141693115
2025-07-17,LAES,yfinance,3.5999999046325684,3.7699999809265137,3.470000028610229,3.740000009536743,3.740000009536743,14627700,0.0,0.0,1.0,3.5999999046325684,3.740000009536743
2025-07-18,LAES,yfinance,3.880000114440918,3.9600000381469727,3.680000066757202,3.75,3.75,16660000,0.0,0.0,1.0,3.880000114440918,3.75
2025-07-21,LAES,yfinance,3.815000057220459,3.880000114440918,3.4200000762939453,3.430000066757202,3.430000066757202,17774700,0.0,0.0,1.0,3.815000057220459,3.430000066757202
2025-07-22,LAES,yfinance,3.5299999713897705,3.539999961853028,3.25,3.3499999046325684,3.3499999046325684,13970600,0.0,0.0,1.0,3.5299999713897705,3.3499999046325684
2025-07-23,LAES,yfinance,3.414999961853028,3.470000028610229,3.309999942779541,3.430000066757202,3.430000066757202,7594700,0.0,0.0,1.0,3.414999961853028,3.430000066757202
2025-07-24,LAES,yfinance,3.450000047683716,3.470000028610229,3.369999885559082,3.380000114440918,3.380000114440918,5500200,0.0,0.0,1.0,3.450000047683716,3.380000114440918
2025-07-25,LAES,yfinance,3.380000114440918,3.380000114440918,3.25,3.319999933242798,3.319999933242798,6658100,0.0,0.0,1.0,3.380000114440918,3.319999933242798
2025-07-28,LAES,yfinance,3.3499999046325684,3.4049999713897705,3.2100000381469727,3.220000028610229,3.220000028610229,6719900,0.0,0.0,1.0,3.3499999046325684,3.220000028610229
2025-07-29,LAES,yfinance,3.220000028610229,3.242000102996826,3.059999942779541,3.0799999237060547,3.0799999237060547,8008500,0.0,0.0,1.0,3.220000028610229,3.0799999237060547
2025-07-30,LAES,yfinance,3.0899999141693115,3.299999952316284,3.0799999237060547,3.190000057220459,3.190000057220459,8896300,0.0,0.0,1.0,3.0899999141693115,3.190000057220459
2025-07-31,LAES,yfinance,3.150000095367432,3.289999961853028,3.0899999141693115,3.0899999141693115,3.0899999141693115,6578000,0.0,0.0,1.0,3.150000095367432,3.0899999141693115
2025-08-01,LAES,yfinance,2.970000028610229,3.059999942779541,2.9200000762939453,2.9800000190734863,2.9800000190734863,7305500,0.0,0.0,1.0,2.970000028610229,2.9800000190734863
2025-08-04,LAES,yfinance,3.049999952316284,3.075000047683716,2.970000028610229,2.990000009536743,2.990000009536743,7677900,0.0,0.0,1.0,3.049999952316284,2.990000009536743
2025-08-05,LAES,yfinance,3.005000114440918,3.049999952316284,2.930000066757202,2.930000066757202,2.930000066757202,6730500,0.0,0.0,1.0,3.005000114440918,2.930000066757202
2025-08-06,LAES,yfinance,2.900000095367432,2.930000066757202,2.789999961853028,2.809999942779541,2.809999942779541,7254600,0.0,0.0,1.0,2.900000095367432,2.809999942779541
2025-08-07,LAES,yfinance,2.809999942779541,2.871999979019165,2.6700000762939453,2.740000009536743,2.740000009536743,7711700,0.0,0.0,1.0,2.809999942779541,2.740000009536743
2025-08-08,LAES,yfinance,2.740000009536743,2.819999933242798,2.6600000858306885,2.680000066757202,2.680000066757202,4667200,0.0,0.0,1.0,2.740000009536743,2.680000066757202
2025-08-11,LAES,yfinance,2.7149999141693115,2.970000028610229,2.694999933242798,2.819999933242798,2.819999933242798,7538100,0.0,0.0,1.0,2.7149999141693115,2.819999933242798
2025-08-12,LAES,yfinance,2.8949999809265137,2.8949999809265137,2.7249999046325684,2.859999895095825,2.859999895095825,5886700,0.0,0.0,1.0,2.8949999809265137,2.859999895095825
2025-08-13,LAES,yfinance,2.880000114440918,2.930000066757202,2.7799999713897705,2.8399999141693115,2.8399999141693115,5546400,0.0,0.0,1.0,2.880000114440918,2.8399999141693115
2025-08-14,LAES,yfinance,2.7799999713897705,2.950000047683716,2.740000009536743,2.900000095367432,2.900000095367432,4482400,0.0,0.0,1.0,2.7799999713897705,2.900000095367432
2025-08-15,LAES,yfinance,2.8299999237060547,2.859999895095825,2.7300000190734863,2.759999990463257,2.759999990463257,4457200,0.0,0.0,1.0,2.8299999237060547,2.759999990463257
2025-08-18,LAES,yfinance,2.75,2.7739999294281006,2.690000057220459,2.740000009536743,2.740000009536743,3312300,0.0,0.0,1.0,2.75,2.740000009536743
2025-08-19,LAES,yfinance,2.75,2.7799999713897705,2.549999952316284,2.559999942779541,2.559999942779541,6260200,0.0,0.0,1.0,2.75,2.559999942779541
2025-08-20,LAES,yfinance,2.515000104904175,2.5999999046325684,2.440000057220459,2.5899999141693115,2.5899999141693115,5023200,0.0,0.0,1.0,2.515000104904175,2.5899999141693115
2025-08-21,LAES,yfinance,2.5999999046325684,2.619999885559082,2.539999961853028,2.5999999046325684,2.5999999046325684,2922100,0.0,0.0,1.0,2.5999999046325684,2.5999999046325684
2025-08-22,LAES,yfinance,2.609999895095825,2.7799999713897705,2.561000108718872,2.7699999809265137,2.7699999809265137,4232100,0.0,0.0,1.0,2.609999895095825,2.7699999809265137
2025-08-25,LAES,yfinance,2.744999885559082,2.8299999237060547,2.680000066757202,2.809999942779541,2.809999942779541,4632700,0.0,0.0,1.0,2.744999885559082,2.809999942779541
2025-08-26,LAES,yfinance,2.799999952316284,2.875,2.7699999809265137,2.8299999237060547,2.8299999237060547,2981200,0.0,0.0,1.0,2.799999952316284,2.8299999237060547
2025-08-27,LAES,yfinance,2.8499999046325684,2.859999895095825,2.7300000190734863,2.7300000190734863,2.7300000190734863,3353400,0.0,0.0,1.0,2.8499999046325684,2.7300000190734863
2025-08-28,LAES,yfinance,2.7699999809265137,2.8499999046325684,2.7300000190734863,2.789999961853028,2.789999961853028,4141500,0.0,0.0,1.0,2.7699999809265137,2.789999961853028
2025-08-29,LAES,yfinance,2.799999952316284,2.799999952316284,2.6700000762939453,2.690000057220459,2.690000057220459,3509800,0.0,0.0,1.0,2.799999952316284,2.690000057220459
2025-09-02,LAES,yfinance,2.5999999046325684,2.6619999408721924,2.539999961853028,2.609999895095825,2.609999895095825,3620800,0.0,0.0,1.0,2.5999999046325684,2.609999895095825
2025-09-03,LAES,yfinance,2.6600000858306885,2.664999961853028,2.5299999713897705,2.549999952316284,2.549999952316284,3286800,0.0,0.0,1.0,2.6600000858306885,2.549999952316284
2025-09-04,LAES,yfinance,2.549999952316284,2.619999885559082,2.539999961853028,2.609999895095825,2.609999895095825,2401200,0.0,0.0,1.0,2.549999952316284,2.609999895095825
2025-09-05,LAES,yfinance,2.609999895095825,2.6559998989105225,2.539999961853028,2.569999933242798,2.569999933242798,2192600,0.0,0.0,1.0,2.609999895095825,2.569999933242798
2025-09-08,LAES,yfinance,2.569999933242798,2.630000114440918,2.515000104904175,2.5299999713897705,2.5299999713897705,2670600,0.0,0.0,1.0,2.569999933242798,2.5299999713897705
2025-09-09,LAES,yfinance,2.5299999713897705,2.690000057220459,2.490000009536743,2.680000066757202,2.680000066757202,4301300,0.0,0.0,1.0,2.5299999713897705,2.680000066757202
2025-09-10,LAES,yfinance,2.8299999237060547,2.875999927520752,2.5999999046325684,2.6600000858306885,2.6600000858306885,7737000,0.0,0.0,1.0,2.8299999237060547,2.6600000858306885
2025-09-11,LAES,yfinance,2.690000057220459,2.880000114440918,2.680000066757202,2.869999885559082,2.869999885559082,5192300,0.0,0.0,1.0,2.690000057220459,2.869999885559082
2025-09-12,LAES,yfinance,2.890000104904175,3.400000095367432,2.8550000190734863,3.369999885559082,3.369999885559082,21032000,0.0,0.0,1.0,2.890000104904175,3.369999885559082
2025-09-15,LAES,yfinance,3.4200000762939453,3.539999961853028,3.190000057220459,3.400000095367432,3.400000095367432,18448400,0.0,0.0,1.0,3.4200000762939453,3.400000095367432
2025-09-16,LAES,yfinance,3.4200000762939453,3.5,3.2799999713897705,3.440000057220459,3.440000057220459,8044100,0.0,0.0,1.0,3.4200000762939453,3.440000057220459
2025-09-17,LAES,yfinance,3.400000095367432,3.759999990463257,3.3499999046325684,3.680000066757202,3.680000066757202,15835600,0.0,0.0,1.0,3.400000095367432,3.680000066757202
2025-09-18,LAES,yfinance,3.927000045776367,4.0,3.5999999046325684,3.609999895095825,3.609999895095825,22550900,0.0,0.0,1.0,3.927000045776367,3.609999895095825
2025-09-19,LAES,yfinance,3.559999942779541,4.340000152587891,3.559999942779541,4.289999961853027,4.289999961853027,37206000,0.0,0.0,1.0,3.559999942779541,4.289999961853027
2025-09-22,LAES,yfinance,4.349999904632568,4.795000076293945,3.900000095367432,4.210000038146973,4.210000038146973,43564200,0.0,0.0,1.0,4.349999904632568,4.210000038146973
2025-09-23,LAES,yfinance,4.46999979019165,4.480000019073486,3.880000114440918,3.990000009536743,3.990000009536743,26439500,0.0,0.0,1.0,4.46999979019165,3.990000009536743
2025-09-24,LAES,yfinance,4.059999942779541,4.070000171661377,3.700000047683716,3.75,3.75,21071800,0.0,0.0,1.0,4.059999942779541,3.75
2025-09-25,LAES,yfinance,3.549999952316284,4.130000114440918,3.5,3.920000076293945,3.920000076293945,28079000,0.0,0.0,1.0,3.549999952316284,3.920000076293945
2025-09-26,LAES,yfinance,3.990000009536743,4.130000114440918,3.700000047683716,3.7699999809265137,3.7699999809265137,20917100,0.0,0.0,1.0,3.990000009536743,3.7699999809265137
2025-09-29,LAES,yfinance,3.829999923706055,4.019999980926514,3.609999895095825,3.650000095367432,3.650000095367432,16899900,0.0,0.0,1.0,3.829999923706055,3.650000095367432
2025-09-30,LAES,yfinance,3.670000076293945,3.940000057220459,3.569999933242798,3.740000009536743,3.740000009536743,12019600,0.0,0.0,1.0,3.670000076293945,3.740000009536743
2025-10-01,LAES,yfinance,3.7200000286102295,4.070000171661377,3.700000047683716,3.990000009536743,3.990000009536743,16105400,0.0,0.0,1.0,3.7200000286102295,3.990000009536743
2025-10-02,LAES,yfinance,4.059999942779541,4.440000057220459,3.940000057220459,4.309999942779541,4.309999942779541,26143500,0.0,0.0,1.0,4.059999942779541,4.309999942779541
2025-10-03,LAES,yfinance,4.5,4.849999904632568,4.310999870300293,4.639999866485596,4.639999866485596,37532700,0.0,0.0,1.0,4.5,4.639999866485596
2025-10-06,LAES,yfinance,4.559999942779541,5.369999885559082,4.170000076293945,5.03000020980835,5.03000020980835,51000200,0.0,0.0,1.0,4.559999942779541,5.03000020980835
2025-10-07,LAES,yfinance,5.215000152587891,5.300000190734863,4.289999961853027,4.309999942779541,4.309999942779541,50751100,0.0,0.0,1.0,5.215000152587891,4.309999942779541
2025-10-08,LAES,yfinance,4.46999979019165,4.46999979019165,4.210000038146973,4.360000133514404,4.360000133514404,22343100,0.0,0.0,1.0,4.46999979019165,4.360000133514404
2025-10-09,LAES,yfinance,4.630000114440918,6.110000133514404,4.400000095367432,6.090000152587891,6.090000152587891,120290900,0.0,0.0,1.0,4.630000114440918,6.090000152587891
2025-10-10,LAES,yfinance,6.510000228881836,6.510000228881836,5.349999904632568,5.409999847412109,5.409999847412109,105539400,0.0,0.0,1.0,6.510000228881836,5.409999847412109
2025-10-13,LAES,yfinance,5.989999771118164,6.264999866485596,5.869999885559082,6.130000114440918,6.130000114440918,52722600,0.0,0.0,1.0,5.989999771118164,6.130000114440918
2025-10-14,LAES,yfinance,6.114999771118164,7.980000019073486,6.070000171661377,7.650000095367432,7.650000095367432,119014900,0.0,0.0,1.0,6.114999771118164,7.650000095367432
2025-10-15,LAES,yfinance,8.260000228881836,8.710000038146973,6.619999885559082,7.489999771118164,7.489999771118164,116314700,0.0,0.0,1.0,8.260000228881836,7.489999771118164
2025-10-16,LAES,yfinance,7.650000095367432,7.749000072479248,6.099999904632568,6.360000133514404,6.360000133514404,61855900,0.0,0.0,1.0,7.650000095367432,6.360000133514404
2025-10-17,LAES,yfinance,6.554999828338623,7.320000171661377,6.5,6.670000076293945,6.670000076293945,63416100,0.0,0.0,1.0,6.554999828338623,6.670000076293945
2025-10-20,LAES,yfinance,7.369999885559082,7.659999847412109,6.409999847412109,6.480000019073486,6.480000019073486,67461200,0.0,0.0,1.0,7.369999885559082,6.480000019073486
2025-10-21,LAES,yfinance,6.394999980926514,6.440000057220459,5.769999980926514,6.099999904632568,6.099999904632568,46644900,0.0,0.0,1.0,6.394999980926514,6.099999904632568
2025-10-22,LAES,yfinance,5.695000171661377,5.960000038146973,5.119999885559082,5.400000095367432,5.400000095367432,42178300,0.0,0.0,1.0,5.695000171661377,5.400000095367432
2025-10-23,LAES,yfinance,6.010000228881836,6.079999923706055,5.659999847412109,5.71999979019165,5.71999979019165,35560200,0.0,0.0,1.0,6.010000228881836,5.71999979019165
2025-10-24,LAES,yfinance,5.920000076293945,7.079999923706055,5.800000190734863,7.010000228881836,7.010000228881836,56762600,0.0,0.0,1.0,5.920000076293945,7.010000228881836
2025-10-27,LAES,yfinance,7.019999980926514,7.170000076293945,6.650000095367432,6.809999942779541,6.809999942779541,42735800,0.0,0.0,1.0,7.019999980926514,6.809999942779541
2025-10-28,LAES,yfinance,6.699999809265137,7.639999866485596,6.349999904632568,6.369999885559082,6.369999885559082,61139600,0.0,0.0,1.0,6.699999809265137,6.369999885559082
2025-10-29,LAES,yfinance,6.525000095367432,6.630000114440918,6.150000095367432,6.309999942779541,6.309999942779541,25093600,0.0,0.0,1.0,6.525000095367432,6.309999942779541
2025-10-30,LAES,yfinance,6.244999885559082,7.099999904632568,6.039999961853027,6.889999866485596,6.889999866485596,38325200,0.0,0.0,1.0,6.244999885559082,6.889999866485596
2025-10-31,LAES,yfinance,6.75,7.5,6.610000133514404,7.420000076293945,7.420000076293945,33676800,0.0,0.0,1.0,6.75,7.420000076293945
2025-11-03,LAES,yfinance,7.159999847412109,7.260000228881836,6.349999904632568,6.449999809265137,6.449999809265137,29324400,0.0,0.0,1.0,7.159999847412109,6.449999809265137
2025-11-04,LAES,yfinance,6.090000152587891,6.349999904632568,5.775000095367432,5.909999847412109,5.909999847412109,25190300,0.0,0.0,1.0,6.090000152587891,5.909999847412109
2025-11-05,LAES,yfinance,6.130000114440918,6.820000171661377,5.949999809265137,6.579999923706055,6.579999923706055,22987500,0.0,0.0,1.0,6.130000114440918,6.579999923706055
2025-11-06,LAES,yfinance,6.429999828338623,6.519999980926514,5.989999771118164,6.010000228881836,6.010000228881836,16722200,0.0,0.0,1.0,6.429999828338623,6.010000228881836
2025-11-07,LAES,yfinance,5.630000114440918,6.204999923706055,5.449999809265137,6.159999847412109,6.159999847412109,22169100,0.0,0.0,1.0,5.630000114440918,6.159999847412109
2025-11-10,LAES,yfinance,6.21999979019165,6.340000152587891,5.900000095367432,5.960000038146973,5.960000038146973,15343100,0.0,0.0,1.0,6.21999979019165,5.960000038146973
2025-11-11,LAES,yfinance,5.849999904632568,5.860000133514404,5.389999866485596,5.53000020980835,5.53000020980835,15040100,0.0,0.0,1.0,5.849999904632568,5.53000020980835
2025-11-12,LAES,yfinance,5.659999847412109,5.739999771118164,5.320000171661377,5.340000152587891,5.340000152587891,12422500,0.0,0.0,1.0,5.659999847412109,5.340000152587891
2025-11-13,LAES,yfinance,5.050000190734863,5.429999828338623,4.800000190734863,4.869999885559082,4.869999885559082,19533500,0.0,0.0,1.0,5.050000190734863,4.869999885559082
2025-11-14,LAES,yfinance,4.5,5.019999980926514,4.440000057220459,4.489999771118164,4.489999771118164,23662600,0.0,0.0,1.0,4.5,4.489999771118164
2025-11-17,LAES,yfinance,4.630000114440918,4.699999809265137,4.039999961853027,4.119999885559082,4.119999885559082,22166500,0.0,0.0,1.0,4.630000114440918,4.119999885559082
2025-11-18,LAES,yfinance,4.050000190734863,4.320000171661377,3.974999904632568,4.164999961853027,4.164999961853027,18364300,0.0,0.0,1.0,4.050000190734863,4.164999961853027
2025-11-19,LAES,yfinance,4.260000228881836,4.28000020980835,3.920000076293945,3.940000057220459,3.940000057220459,15592400,0.0,0.0,1.0,4.260000228881836,3.940000057220459
2025-11-20,LAES,yfinance,4.190000057220459,4.46999979019165,3.619999885559082,3.630000114440918,3.630000114440918,32209700,0.0,0.0,1.0,4.190000057220459,3.630000114440918
2025-11-21,LAES,yfinance,3.634999990463257,3.795000076293945,3.299999952316284,3.7699999809265137,3.7699999809265137,24322300,0.0,0.0,1.0,3.634999990463257,3.7699999809265137
2025-11-24,LAES,yfinance,3.809999942779541,4.199999809265137,3.759999990463257,4.150000095367432,4.150000095367432,17501700,0.0,0.0,1.0,3.809999942779541,4.150000095367432
2025-11-25,LAES,yfinance,4.090000152587891,4.329999923706055,3.884000062942505,4.289999961853027,4.289999961853027,11782400,0.0,0.0,1.0,4.090000152587891,4.289999961853027
2025-11-26,LAES,yfinance,4.349999904632568,4.380000114440918,4.050000190734863,4.179999828338623,4.179999828338623,10558300,0.0,0.0,1.0,4.349999904632568,4.179999828338623
2025-11-28,LAES,yfinance,4.210000038146973,4.599999904632568,4.210000038146973,4.46999979019165,4.46999979019165,9900100,0.0,0.0,1.0,4.210000038146973,4.46999979019165
2025-12-01,LAES,yfinance,4.409999847412109,4.440000057220459,4.159999847412109,4.179999828338623,4.179999828338623,11420500,0.0,0.0,1.0,4.409999847412109,4.179999828338623
2025-12-02,LAES,yfinance,4.239999771118164,4.534999847412109,4.239999771118164,4.349999904632568,4.349999904632568,10395200,0.0,0.0,1.0,4.239999771118164,4.349999904632568
2025-12-03,LAES,yfinance,4.394999980926514,4.690000057220459,4.239999771118164,4.690000057220459,4.690000057220459,9948500,0.0,0.0,1.0,4.394999980926514,4.690000057220459
2025-12-04,LAES,yfinance,4.690000057220459,5.099999904632568,4.599999904632568,5.079999923706055,5.079999923706055,11627900,0.0,0.0,1.0,4.690000057220459,5.079999923706055
2025-12-05,LAES,yfinance,4.949999809265137,4.974999904632568,4.670000076293945,4.860000133514404,4.860000133514404,10074800,0.0,0.0,1.0,4.949999809265137,4.860000133514404
2025-12-08,LAES,yfinance,4.849999904632568,5.090000152587891,4.739999771118164,4.909999847412109,4.909999847412109,9567400,0.0,0.0,1.0,4.849999904632568,4.909999847412109
2025-12-09,LAES,yfinance,4.800000190734863,4.909999847412109,4.449999809265137,4.909999847412109,4.909999847412109,12651300,0.0,0.0,1.0,4.800000190734863,4.909999847412109
2025-12-10,LAES,yfinance,4.840000152587891,4.880000114440918,4.630000114440918,4.769999980926514,4.769999980926514,7433000,0.0,0.0,1.0,4.840000152587891,4.769999980926514
2025-12-11,LAES,yfinance,4.644999980926514,4.829999923706055,4.5,4.71999979019165,4.71999979019165,8961700,0.0,0.0,1.0,4.644999980926514,4.71999979019165
2025-12-12,LAES,yfinance,4.670000076293945,4.71999979019165,4.170000076293945,4.239999771118164,4.239999771118164,11283900,0.0,0.0,1.0,4.670000076293945,4.239999771118164
2025-12-15,LAES,yfinance,4.320000171661377,4.360000133514404,3.900000095367432,3.900000095367432,3.900000095367432,10439600,0.0,0.0,1.0,4.320000171661377,3.900000095367432
2025-12-16,LAES,yfinance,3.9149999618530273,4.21999979019165,3.9149999618530273,4.130000114440918,4.130000114440918,7979400,0.0,0.0,1.0,3.9149999618530273,4.130000114440918
2025-12-17,LAES,yfinance,4.190000057220459,4.300000190734863,3.839999914169312,3.859999895095825,3.859999895095825,7529900,0.0,0.0,1.0,4.190000057220459,3.859999895095825
2025-12-18,LAES,yfinance,4.190000057220459,4.260000228881836,4.031000137329102,4.179999828338623,4.179999828338623,8990800,0.0,0.0,1.0,4.190000057220459,4.179999828338623
2025-12-19,LAES,yfinance,4.199999809265137,4.400000095367432,4.03000020980835,4.199999809265137,4.199999809265137,10268700,0.0,0.0,1.0,4.199999809265137,4.199999809265137
2025-12-22,LAES,yfinance,4.309999942779541,4.760000228881836,4.289999961853027,4.420000076293945,4.420000076293945,12986300,0.0,0.0,1.0,4.309999942779541,4.420000076293945
2025-12-23,LAES,yfinance,4.380000114440918,4.440000057220459,4.110000133514404,4.159999847412109,4.159999847412109,8201200,0.0,0.0,1.0,4.380000114440918,4.159999847412109
2025-12-24,LAES,yfinance,4.204999923706055,4.210000038146973,4.03000020980835,4.159999847412109,4.159999847412109,5516900,0.0,0.0,1.0,4.204999923706055,4.159999847412109
2025-12-26,LAES,yfinance,4.090000152587891,4.099999904632568,3.930000066757202,4.010000228881836,4.010000228881836,8531400,0.0,0.0,1.0,4.090000152587891,4.010000228881836
2025-12-29,LAES,yfinance,3.8949999809265137,4.070000171661377,3.829999923706055,3.910000085830689,3.910000085830689,10688000,0.0,0.0,1.0,3.8949999809265137,3.910000085830689
2025-12-30,LAES,yfinance,3.9600000381469727,3.990000009536743,3.839999914169312,3.930000066757202,3.930000066757202,5727000,0.0,0.0,1.0,3.9600000381469727,3.930000066757202
2025-12-31,LAES,yfinance,3.920000076293945,3.9700000286102295,3.7100000381469727,3.7799999713897705,3.7799999713897705,8046200,0.0,0.0,1.0,3.920000076293945,3.7799999713897705
2026-01-02,LAES,yfinance,3.9149999618530273,4.25,3.829999923706055,4.239999771118164,4.239999771118164,8127700,0.0,0.0,1.0,3.9149999618530273,4.239999771118164
2026-01-05,LAES,yfinance,4.400000095367432,4.554999828338623,4.340000152587891,4.349999904632568,4.349999904632568,8845300,0.0,0.0,1.0,4.400000095367432,4.349999904632568
2026-01-06,LAES,yfinance,4.349999904632568,4.349999904632568,4.019999980926514,4.210000038146973,4.210000038146973,11577500,0.0,0.0,1.0,4.349999904632568,4.210000038146973
2026-01-07,LAES,yfinance,4.269999980926514,4.322999954223633,4.070000171661377,4.110000133514404,4.110000133514404,7060000,0.0,0.0,1.0,4.269999980926514,4.110000133514404
2026-01-08,LAES,yfinance,4.050000190734863,4.25,4.010000228881836,4.130000114440918,4.130000114440918,4746700,0.0,0.0,1.0,4.050000190734863,4.130000114440918
2026-01-09,LAES,yfinance,4.190000057220459,4.380000114440918,4.159999847412109,4.159999847412109,4.159999847412109,7837200,0.0,0.0,1.0,4.190000057220459,4.159999847412109
2026-01-12,LAES,yfinance,4.150000095367432,4.505000114440918,4.070000171661377,4.349999904632568,4.349999904632568,9479700,0.0,0.0,1.0,4.150000095367432,4.349999904632568
2026-01-13,LAES,yfinance,4.380000114440918,4.46999979019165,4.150000095367432,4.309999942779541,4.309999942779541,6106500,0.0,0.0,1.0,4.380000114440918,4.309999942779541
2026-01-14,LAES,yfinance,4.300000190734863,4.335000038146973,4.170000076293945,4.309999942779541,4.309999942779541,6734100,0.0,0.0,1.0,4.300000190734863,4.309999942779541
2026-01-15,LAES,yfinance,4.360000133514404,4.929999828338623,4.295000076293945,4.650000095367432,4.650000095367432,17796500,0.0,0.0,1.0,4.360000133514404,4.650000095367432
2026-01-16,LAES,yfinance,4.809999942779541,4.849999904632568,4.510000228881836,4.559999942779541,4.559999942779541,11390700,0.0,0.0,1.0,4.809999942779541,4.559999942779541
2026-01-20,LAES,yfinance,4.329999923706055,4.78000020980835,4.25,4.489999771118164,4.489999771118164,12963300,0.0,0.0,1.0,4.329999923706055,4.489999771118164
2026-01-21,LAES,yfinance,4.539999961853027,4.849999904632568,4.170000076293945,4.639999866485596,4.639999866485596,16769200,0.0,0.0,1.0,4.539999961853027,4.639999866485596
2026-01-22,LAES,yfinance,4.78000020980835,5.480000019073486,4.755000114440918,5.179999828338623,5.179999828338623,26860000,0.0,0.0,1.0,4.78000020980835,5.179999828338623
2026-01-23,LAES,yfinance,5.304999828338623,5.304999828338623,4.90500020980835,4.920000076293945,4.920000076293945,13286300,0.0,0.0,1.0,5.304999828338623,4.920000076293945
2026-01-26,LAES,yfinance,4.849999904632568,4.900000095367432,4.400000095367432,4.460000038146973,4.460000038146973,13211500,0.0,0.0,1.0,4.849999904632568,4.460000038146973
2026-01-27,LAES,yfinance,4.5,4.840000152587891,4.385000228881836,4.760000228881836,4.760000228881836,8899400,0.0,0.0,1.0,4.5,4.760000228881836
2026-01-28,LAES,yfinance,4.760000228881836,4.769999980926514,4.519999980926514,4.590000152587891,4.590000152587891,6630000,0.0,0.0,1.0,4.760000228881836,4.590000152587891
2026-01-29,LAES,yfinance,4.525000095367432,4.550000190734863,4.199999809265137,4.320000171661377,4.320000171661377,8386900,0.0,0.0,1.0,4.525000095367432,4.320000171661377
2026-01-30,LAES,yfinance,4.210000038146973,4.329999923706055,4.099999904632568,4.110000133514404,4.110000133514404,8300700,0.0,0.0,1.0,4.210000038146973,4.110000133514404
2026-02-02,LAES,yfinance,4.099999904632568,4.275000095367432,3.910000085830689,4.059999942779541,4.059999942779541,7629700,0.0,0.0,1.0,4.099999904632568,4.059999942779541
2026-02-03,LAES,yfinance,4.199999809265137,4.25,3.964999914169312,4.190000057220459,4.190000057220459,5521900,0.0,0.0,1.0,4.199999809265137,4.190000057220459
2026-02-04,LAES,yfinance,4.119999885559082,4.144999980926514,3.849999904632568,4.0,4.0,8898600,0.0,0.0,1.0,4.119999885559082,4.0
2026-02-05,LAES,yfinance,3.819999933242798,3.9800000190734863,3.5,3.5199999809265137,3.5199999809265137,10333500,0.0,0.0,1.0,3.819999933242798,3.5199999809265137
2026-02-06,LAES,yfinance,3.7699999809265137,4.110000133514404,3.759999990463257,4.0,4.0,7784200,0.0,0.0,1.0,3.7699999809265137,4.0
2026-02-09,LAES,yfinance,3.990000009536743,4.039000034332275,3.849999904632568,3.9600000381469727,3.9600000381469727,5033000,0.0,0.0,1.0,3.990000009536743,3.9600000381469727
2026-02-10,LAES,yfinance,4.048999786376953,4.199999809265137,3.9800000190734863,4.059999942779541,4.059999942779541,6657000,0.0,0.0,1.0,4.048999786376953,4.059999942779541
2026-02-11,LAES,yfinance,4.125,4.125,3.884000062942505,4.0,4.0,5214400,0.0,0.0,1.0,4.125,4.0
2026-02-12,LAES,yfinance,4.010000228881836,4.010000228881836,3.759999990463257,3.839999914169312,3.839999914169312,4205000,0.0,0.0,1.0,4.010000228881836,3.839999914169312
2026-02-13,LAES,yfinance,3.849999904632568,3.9700000286102295,3.759999990463257,3.849999904632568,3.849999904632568,3765500,0.0,0.0,1.0,3.849999904632568,3.849999904632568
2026-02-17,LAES,yfinance,3.839999914169312,3.974999904632568,3.5999999046325684,3.880000114440918,3.880000114440918,5401800,0.0,0.0,1.0,3.839999914169312,3.880000114440918
2026-02-18,LAES,yfinance,3.950000047683716,4.019999980926514,3.8350000381469727,3.900000095367432,3.900000095367432,3286500,0.0,0.0,1.0,3.950000047683716,3.900000095367432
2026-02-19,LAES,yfinance,3.869999885559082,3.9600000381469727,3.799999952316284,3.910000085830689,3.910000085830689,2226300,0.0,0.0,1.0,3.869999885559082,3.910000085830689
2026-02-20,LAES,yfinance,3.839999914169312,3.954999923706055,3.7799999713897705,3.950000047683716,3.950000047683716,3813100,0.0,0.0,1.0,3.839999914169312,3.950000047683716
2026-02-23,LAES,yfinance,3.809999942779541,3.829999923706055,3.680000066757202,3.7699999809265137,3.7699999809265137,3608400,0.0,0.0,1.0,3.809999942779541,3.7699999809265137
2026-02-24,LAES,yfinance,3.740000009536743,3.940000057220459,3.680000066757202,3.920000076293945,3.920000076293945,3439500,0.0,0.0,1.0,3.740000009536743,3.920000076293945
2026-02-25,LAES,yfinance,3.920000076293945,4.199999809265137,3.910000085830689,4.039999961853027,4.039999961853027,4765500,0.0,0.0,1.0,3.920000076293945,4.039999961853027
2026-02-26,LAES,yfinance,4.159999847412109,4.210000038146973,3.950000047683716,4.130000114440918,4.130000114440918,4549200,0.0,0.0,1.0,4.159999847412109,4.130000114440918
2026-02-27,LAES,yfinance,3.9700000286102295,4.019999980926514,3.900000095367432,3.930000066757202,3.930000066757202,3904200,0.0,0.0,1.0,3.9700000286102295,3.930000066757202
2026-03-02,LAES,yfinance,3.700000047683716,4.110000133514404,3.640000104904175,4.010000228881836,4.010000228881836,7116700,0.0,0.0,1.0,3.700000047683716,4.010000228881836
2026-03-03,LAES,yfinance,3.812000036239624,4.090000152587891,3.812000036239624,3.920000076293945,3.920000076293945,7257800,0.0,0.0,1.0,3.812000036239624,3.920000076293945
2026-03-04,LAES,yfinance,3.9700000286102295,4.300000190734863,3.920000076293945,4.190000057220459,4.190000057220459,8794200,0.0,0.0,1.0,3.9700000286102295,4.190000057220459
2026-03-05,LAES,yfinance,4.130000114440918,4.349999904632568,4.090000152587891,4.239999771118164,4.239999771118164,8042800,0.0,0.0,1.0,4.130000114440918,4.239999771118164
2026-03-06,LAES,yfinance,4.059999942779541,4.340000152587891,3.9800000190734863,3.990000009536743,3.990000009536743,7048700,0.0,0.0,1.0,4.059999942779541,3.990000009536743
2026-03-09,LAES,yfinance,3.900000095367432,4.239999771118164,3.849999904632568,4.170000076293945,4.170000076293945,4829200,0.0,0.0,1.0,3.900000095367432,4.170000076293945
2026-03-10,LAES,yfinance,4.119999885559082,4.210000038146973,4.010000228881836,4.010000228881836,4.010000228881836,2989800,0.0,0.0,1.0,4.119999885559082,4.010000228881836
2026-03-11,LAES,yfinance,4.090000152587891,4.139999866485596,3.930000066757202,3.9800000190734863,3.9800000190734863,2768400,0.0,0.0,1.0,4.090000152587891,3.9800000190734863
2026-03-12,LAES,yfinance,3.950000047683716,3.9700000286102295,3.869999885559082,3.920000076293945,3.920000076293945,3239300,0.0,0.0,1.0,3.950000047683716,3.920000076293945
2026-03-13,LAES,yfinance,3.990000009536743,4.050000190734863,3.809999942779541,3.859999895095825,3.859999895095825,3261000,0.0,0.0,1.0,3.990000009536743,3.859999895095825
2026-03-16,LAES,yfinance,3.549999952316284,3.5799999237060547,3.039999961853028,3.200000047683716,3.200000047683716,31851600,0.0,0.0,1.0,3.549999952316284,3.200000047683716
2026-03-17,LAES,yfinance,3.305000066757202,3.309999942779541,3.0899999141693115,3.1050000190734863,3.1050000190734863,14153100,0.0,0.0,1.0,3.305000066757202,3.1050000190734863
2026-03-18,LAES,yfinance,3.059999942779541,3.109999895095825,2.970000028610229,3.009999990463257,3.009999990463257,7616200,0.0,0.0,1.0,3.059999942779541,3.009999990463257
2026-03-19,LAES,yfinance,2.9100000858306885,3.1600000858306885,2.865000009536743,3.069999933242798,3.069999933242798,7405000,0.0,0.0,1.0,2.9100000858306885,3.069999933242798
2026-03-20,LAES,yfinance,3.039999961853028,3.059999942779541,2.9100000858306885,2.9600000381469727,2.9600000381469727,4220200,0.0,0.0,1.0,3.039999961853028,2.9600000381469727
2026-03-23,LAES,yfinance,3.0,3.069999933242798,2.930000066757202,2.9600000381469727,2.9600000381469727,4411200,0.0,0.0,1.0,3.0,2.9600000381469727
2026-03-24,LAES,yfinance,2.9100000858306885,2.990000009536743,2.8350000381469727,2.880000114440918,2.880000114440918,3981600,0.0,0.0,1.0,2.9100000858306885,2.880000114440918
2026-03-25,LAES,yfinance,2.9100000858306885,3.0199999809265137,2.8499999046325684,2.869999885559082,2.869999885559082,4351500,0.0,0.0,1.0,2.9100000858306885,2.869999885559082
2026-03-26,LAES,yfinance,2.799999952316284,2.819999933242798,2.6600000858306885,2.6700000762939453,2.6700000762939453,5130700,0.0,0.0,1.0,2.799999952316284,2.6700000762939453
2026-03-27,LAES,yfinance,2.619999885559082,2.630000114440918,2.440000057220459,2.450000047683716,2.450000047683716,7441100,0.0,0.0,1.0,2.619999885559082,2.450000047683716
2026-03-30,LAES,yfinance,2.450000047683716,2.4800000190734863,2.234999895095825,2.309999942779541,2.309999942779541,8458200,0.0,0.0,1.0,2.450000047683716,2.309999942779541
2026-03-31,LAES,yfinance,2.3499999046325684,2.680000066757202,2.3499999046325684,2.619999885559082,2.619999885559082,8514500,0.0,0.0,1.0,2.3499999046325684,2.619999885559082
2026-04-01,LAES,yfinance,2.7950000762939453,2.815000057220459,2.4800000190734863,2.509999990463257,2.509999990463257,11322400,0.0,0.0,1.0,2.7950000762939453,2.509999990463257
2026-04-02,LAES,yfinance,2.369999885559082,2.5199999809265137,2.309999942779541,2.5,2.5,6487700,0.0,0.0,1.0,2.369999885559082,2.5
2026-04-06,LAES,yfinance,2.4600000381469727,2.5299999713897705,2.3550000190734863,2.380000114440918,2.380000114440918,6419800,0.0,0.0,1.0,2.4600000381469727,2.380000114440918
2026-04-07,LAES,yfinance,2.309999942779541,2.319999933242798,2.109999895095825,2.119999885559082,2.119999885559082,20350400,0.0,0.0,1.0,2.309999942779541,2.119999885559082
2026-04-08,LAES,yfinance,2.380000114440918,2.430000066757202,2.130000114440918,2.140000104904175,2.140000104904175,19333400,0.0,0.0,1.0,2.380000114440918,2.140000104904175
2026-04-09,LAES,yfinance,2.125,2.130000114440918,2.0199999809265137,2.0899999141693115,2.0899999141693115,10866200,0.0,0.0,1.0,2.125,2.0899999141693115
2026-04-10,LAES,yfinance,2.0850000381469727,2.1700000762939453,2.049999952316284,2.0999999046325684,2.0999999046325684,9392800,0.0,0.0,1.0,2.0850000381469727,2.0999999046325684
2026-04-13,LAES,yfinance,2.049999952316284,2.150000095367432,1.9900000095367432,2.140000104904175,2.140000104904175,13060400,0.0,0.0,1.0,2.049999952316284,2.140000104904175
2026-04-14,LAES,yfinance,2.25,2.619999885559082,2.2300000190734863,2.5899999141693115,2.5899999141693115,23420000,0.0,0.0,1.0,2.25,2.5899999141693115
2026-04-15,LAES,yfinance,2.805000066757202,2.9200000762939453,2.6700000762939453,2.799999952316284,2.799999952316284,44637800,0.0,0.0,1.0,2.805000066757202,2.799999952316284
2026-04-16,LAES,yfinance,2.7300000190734863,2.7799999713897705,2.569999933242798,2.75,2.75,34457600,0.0,0.0,1.0,2.7300000190734863,2.75
2026-04-17,LAES,yfinance,2.8299999237060547,2.869999885559082,2.640000104904175,2.700000047683716,2.700000047683716,18592900,0.0,0.0,1.0,2.8299999237060547,2.700000047683716
2026-04-20,LAES,yfinance,2.640000104904175,2.9600000381469727,2.630000114440918,2.940000057220459,2.940000057220459,18297500,0.0,0.0,1.0,2.640000104904175,2.940000057220459
2026-04-21,LAES,yfinance,3.0,3.2799999713897705,2.940000057220459,2.9600000381469727,2.9600000381469727,21370100,0.0,0.0,1.0,3.0,2.9600000381469727
2026-04-22,LAES,yfinance,3.0199999809265137,3.180000066757202,2.9600000381469727,3.059999942779541,3.059999942779541,13390300,0.0,0.0,1.0,3.0199999809265137,3.059999942779541
2026-04-23,LAES,yfinance,3.0199999809265137,3.0199999809265137,2.7799999713897705,2.809999942779541,2.809999942779541,11131800,0.0,0.0,1.0,3.0199999809265137,2.809999942779541
2026-04-24,LAES,yfinance,2.890000104904175,2.990000009536743,2.809999942779541,2.950000047683716,2.950000047683716,7560500,0.0,0.0,1.0,2.890000104904175,2.950000047683716
2026-04-27,LAES,yfinance,2.888000011444092,2.9200000762939453,2.7699999809265137,2.8499999046325684,2.8499999046325684,6498300,0.0,0.0,1.0,2.888000011444092,2.8499999046325684
2026-04-28,LAES,yfinance,2.7699999809265137,2.7799999713897705,2.680000066757202,2.7699999809265137,2.7699999809265137,5707800,0.0,0.0,1.0,2.7699999809265137,2.7699999809265137
2026-04-29,LAES,yfinance,2.759999990463257,2.7699999809265137,2.609999895095825,2.640000104904175,2.640000104904175,4665400,0.0,0.0,1.0,2.759999990463257,2.640000104904175
2026-04-30,LAES,yfinance,2.630000114440918,2.9200000762939453,2.625,2.900000095367432,2.900000095367432,6205800,0.0,0.0,1.0,2.630000114440918,2.900000095367432
2026-05-01,LAES,yfinance,2.900000095367432,2.9100000858306885,2.7799999713897705,2.869999885559082,2.869999885559082,4459600,0.0,0.0,1.0,2.900000095367432,2.869999885559082
2026-05-04,LAES,yfinance,2.8949999809265137,3.200000047683716,2.8399999141693115,2.970000028610229,2.970000028610229,15457400,0.0,0.0,1.0,2.8949999809265137,2.970000028610229
2026-05-05,LAES,yfinance,2.9800000190734863,3.0,2.7799999713897705,2.9100000858306885,2.9100000858306885,9928900,0.0,0.0,1.0,2.9800000190734863,2.9100000858306885
2026-05-06,LAES,yfinance,2.950000047683716,3.359999895095825,2.9200000762939453,3.319999933242798,3.319999933242798,15728500,0.0,0.0,1.0,2.950000047683716,3.319999933242798
2026-05-07,LAES,yfinance,3.240000009536743,3.289999961853028,3.009999990463257,3.049999952316284,3.049999952316284,9984300,0.0,0.0,1.0,3.240000009536743,3.049999952316284
2026-05-08,LAES,yfinance,3.075000047683716,3.075000047683716,2.869999885559082,2.9200000762939453,2.9200000762939453,11124000,0.0,0.0,1.0,3.075000047683716,2.9200000762939453
2026-05-11,LAES,yfinance,2.859999895095825,3.1700000762939453,2.789999961853028,3.059999942779541,3.059999942779541,13581800,0.0,0.0,1.0,2.859999895095825,3.059999942779541
2026-05-12,LAES,yfinance,3.049999952316284,3.240000009536743,2.865000009536743,2.940000057220459,2.940000057220459,12715700,0.0,0.0,1.0,3.049999952316284,2.940000057220459
2026-05-13,LAES,yfinance,3.0,3.0899999141693115,2.900000095367432,2.9600000381469727,2.9600000381469727,9361300,0.0,0.0,1.0,3.0,2.9600000381469727
2026-05-14,LAES,yfinance,2.900000095367432,3.130000114440918,2.8299999237060547,3.0899999141693115,3.0899999141693115,10810000,0.0,0.0,1.0,2.900000095367432,3.0899999141693115
2026-05-15,LAES,yfinance,2.930000066757202,2.944999933242798,2.819999933242798,2.869999885559082,2.869999885559082,8150400,0.0,0.0,1.0,2.930000066757202,2.869999885559082
2026-05-18,LAES,yfinance,2.880000114440918,2.890000104904175,2.690000057220459,2.789999961853028,2.789999961853028,10598900,0.0,0.0,1.0,2.880000114440918,2.789999961853028
2026-05-19,LAES,yfinance,2.7100000381469727,2.75,2.559999942779541,2.7100000381469727,2.7100000381469727,9101700,0.0,0.0,1.0,2.7100000381469727,2.7100000381469727
2026-05-20,LAES,yfinance,2.7249999046325684,2.859999895095825,2.7049999237060547,2.8499999046325684,2.8499999046325684,8623800,0.0,0.0,1.0,2.7249999046325684,2.8499999046325684
2026-05-21,LAES,yfinance,2.9200000762939453,3.369999885559082,2.914999961853028,3.2699999809265137,3.2699999809265137,35480800,0.0,0.0,1.0,2.9200000762939453,3.2699999809265137
2026-05-22,LAES,yfinance,3.259999990463257,3.559999942779541,3.25,3.380000114440918,3.380000114440918,31404200,0.0,0.0,1.0,3.259999990463257,3.380000114440918
2026-05-26,LAES,yfinance,3.509999990463257,3.900000095367432,3.4800000190734863,3.559999942779541,3.559999942779541,33216500,0.0,0.0,1.0,3.509999990463257,3.559999942779541
2026-05-27,LAES,yfinance,3.4200000762939453,3.525000095367432,3.25,3.4800000190734863,3.4800000190734863,21504100,0.0,0.0,1.0,3.4200000762939453,3.4800000190734863
2026-05-28,LAES,yfinance,3.4800000190734863,3.829999923706055,3.4100000858306885,3.7200000286102295,3.7200000286102295,22262700,0.0,0.0,1.0,3.4800000190734863,3.7200000286102295
2026-05-29,LAES,yfinance,3.650000095367432,3.660000085830689,3.359999895095825,3.4800000190734863,3.4800000190734863,19815400,0.0,0.0,1.0,3.650000095367432,3.4800000190734863
2026-06-01,LAES,yfinance,3.390000104904175,3.640000104904175,3.3399999141693115,3.549999952316284,3.549999952316284,16328800,0.0,0.0,1.0,3.390000104904175,3.549999952316284
2026-06-02,LAES,yfinance,3.559999942779541,3.839999914169312,3.5450000762939453,3.7100000381469727,3.7100000381469727,18754700,0.0,0.0,1.0,3.559999942779541,3.7100000381469727
2026-06-03,LAES,yfinance,3.650000095367432,3.660000085830689,3.430000066757202,3.4600000381469727,3.4600000381469727,17232600,0.0,0.0,1.0,3.650000095367432,3.4600000381469727
2026-06-04,LAES,yfinance,3.359999895095825,3.799999952316284,3.359999895095825,3.650000095367432,3.650000095367432,22238400,0.0,0.0,1.0,3.359999895095825,3.650000095367432
2026-06-05,LAES,yfinance,3.5360000133514404,3.559999942779541,3.059999942779541,3.200000047683716,3.200000047683716,17893700,0.0,0.0,1.0,3.5360000133514404,3.200000047683716
