Date,ticker,source,Open,High,Low,Close,Adj Close,Volume,Dividends,Stock Splits,adj_factor,adj_open,adj_close
2016-03-31,RIOT,yfinance,2.309999942779541,2.8350000381469727,2.309999942779541,2.700000047683716,2.407792329788208,81900,0.0,0.0,0.8917749212092837,2.060000016965675,2.407792329788208
2016-04-01,RIOT,yfinance,2.5999999046325684,2.690000057220459,2.470000028610229,2.630000114440918,2.3453681468963623,47900,0.0,0.0,0.8917749219927078,2.3186147121347562,2.3453681468963623
2016-04-04,RIOT,yfinance,2.630000114440918,2.630000114440918,2.630000114440918,2.630000114440918,2.3453681468963623,0,0.0,0.0,0.8917749219927078,2.3453681468963623,2.3453681468963623
2016-04-05,RIOT,yfinance,2.880000114440918,3.299999952316284,2.690000057220459,3.0199999809265137,2.693160057067871,223900,0.0,0.0,0.891774858965936,2.568311695877429,2.693160057067871
2016-04-06,RIOT,yfinance,3.0899999141693115,3.180000066757202,2.8499999046325684,2.9800000190734863,2.65748929977417,20600,0.0,0.0,0.8917749271023198,2.755584448204512,2.65748929977417
2016-04-07,RIOT,yfinance,2.9800000190734863,3.109999895095825,2.802000045776367,2.990000009536743,2.6664068698883057,134700,0.0,0.0,0.8917748700279858,2.6574891296926535,2.6664068698883057
2016-04-08,RIOT,yfinance,3.009999990463257,3.1480000019073486,2.900000095367432,2.970000028610229,2.648571491241455,18300,0.0,0.0,0.8917749042853774,2.684242453394358,2.648571491241455
2016-04-11,RIOT,yfinance,2.990000009536743,3.140000104904175,2.859999895095825,3.039999961853028,2.710995674133301,46400,0.0,0.0,0.891774903997307,2.666406971456576,2.710995674133301
2016-04-12,RIOT,yfinance,3.0899999141693115,3.0999999046325684,2.950000047683716,3.039999961853028,2.710995674133301,191500,0.0,0.0,0.891774903997307,2.7555843768100248,2.710995674133301
2016-04-13,RIOT,yfinance,3.0299999713897705,3.109999895095825,2.984999895095825,2.990000009536743,2.6664068698883057,48200,0.0,0.0,0.8917748700279858,2.7020778306709134,2.6664068698883057
2016-04-14,RIOT,yfinance,3.009999990463257,3.140000104904175,2.9800000190734863,3.003999948501587,2.678891658782959,33400,0.0,0.0,0.8917748684114346,2.6842423454137903,2.678891658782959
2016-04-15,RIOT,yfinance,3.1600000858306885,3.1600000858306885,2.9800000190734863,3.0299999713897705,2.702077865600586,7000,0.0,0.0,0.8917748815559307,2.818008702258393,2.702077865600586
2016-04-18,RIOT,yfinance,3.049999952316284,3.0969998836517334,2.9800000190734863,2.9800000190734863,2.65748929977417,4000,0.0,0.0,0.8917749271023198,2.719913485138933,2.65748929977417
2016-04-19,RIOT,yfinance,2.9800000190734863,3.125,2.9800000190734863,3.0999999046325684,2.764502048492432,26000,0.0,0.0,0.8917748817866813,2.6574891647335663,2.764502048492432
2016-04-20,RIOT,yfinance,3.059999942779541,3.0999999046325684,2.990000009536743,3.0799999237060547,2.746666669845581,26200,0.0,0.0,0.8917749148969505,2.7288311885568985,2.746666669845581
2016-04-21,RIOT,yfinance,3.039999961853028,3.0999999046325684,2.9600000381469727,3.0199999809265137,2.693160057067871,16500,0.0,0.0,0.891774858965936,2.7109955372379346,2.693160057067871
2016-04-22,RIOT,yfinance,3.0,3.0999999046325684,3.0,3.069999933242798,2.737748861312866,28100,0.0,0.0,0.8917748927834733,2.67532467835042,2.737748861312866
2016-04-25,RIOT,yfinance,3.0199999809265137,3.039999961853028,2.890000104904175,2.9100000858306885,2.595065116882324,7300,0.0,0.0,0.8917749279521197,2.6931602654061444,2.595065116882324
2016-04-26,RIOT,yfinance,2.809999942779541,3.069999933242798,2.799999952316284,3.059999942779541,2.728831052780152,41700,0.0,0.0,0.8917748705254638,2.505887335148786,2.728831052780152
2016-04-27,RIOT,yfinance,3.0199999809265137,3.069999933242798,2.9800000190734863,3.0199999809265137,2.693160057067871,20600,0.0,0.0,0.891774858965936,2.693160057067871,2.693160057067871
2016-04-28,RIOT,yfinance,3.006999969482422,3.009999990463257,2.9200000762939453,3.0,2.6753246784210205,5000,0.0,0.0,0.8917748928070068,2.6815670754558596,2.6753246784210205
2016-04-29,RIOT,yfinance,3.180000066757202,3.180000066757202,2.970000028610229,3.0899999141693115,2.755584239959717,10200,0.0,0.0,0.8917748597091802,2.8358441134075876,2.755584239959717
2016-05-02,RIOT,yfinance,3.0899999141693115,3.0899999141693115,3.0899999141693115,3.0899999141693115,2.755584239959717,0,0.0,0.0,0.8917748597091802,2.755584239959717,2.755584239959717
2016-05-03,RIOT,yfinance,2.680000066757202,2.990000009536743,2.5199999809265137,2.950000047683716,2.6307358741760254,25600,0.0,0.0,0.8917748581874192,2.389956679474678,2.6307358741760254
2016-05-04,RIOT,yfinance,2.940000057220459,2.940000057220459,2.799999952316284,2.890000104904175,2.5772294998168945,2600,0.0,0.0,0.891774881060895,2.6218182013467994,2.5772294998168945
2016-05-05,RIOT,yfinance,2.7699999809265137,2.990000009536743,2.5899999141693115,2.880000114440918,2.56831169128418,36300,0.0,0.0,0.8917748573710579,2.4702163379085746,2.56831169128418
2016-05-06,RIOT,yfinance,2.7219998836517334,2.8499999046325684,2.7219998836517334,2.809999942779541,2.505887508392334,8400,0.0,0.0,0.8917749321779733,2.427411261631976,2.505887508392334
2016-05-09,RIOT,yfinance,2.880000114440918,2.9200000762939453,2.8299999237060547,2.8299999237060547,2.523722887039185,26400,0.0,0.0,0.8917748957866467,2.56831180192108,2.523722887039185
2016-05-10,RIOT,yfinance,2.720000028610229,3.140000104904175,2.720000028610229,3.1070001125335693,2.770744800567627,73900,0.0,0.0,0.8917749276514358,2.4256278287257906,2.770744800567627
2016-05-11,RIOT,yfinance,2.690000057220459,3.150000095367432,2.690000057220459,3.119999885559082,2.7823376655578613,45300,0.0,0.0,0.8917749255171161,2.398874600668813,2.7823376655578613
2016-05-12,RIOT,yfinance,3.119999885559082,3.150000095367432,3.009999990463257,3.009999990463257,2.684242486953736,23300,0.0,0.0,0.8917749154346725,2.7823376341006383,2.684242486953736
2016-05-13,RIOT,yfinance,3.009999990463257,3.200000047683716,3.0,3.200000047683716,2.853679656982422,37700,0.0,0.0,0.8917748795185256,2.6842423788461343,2.853679656982422
2016-05-16,RIOT,yfinance,3.1700000762939453,3.908999919891357,3.1700000762939453,3.5899999141693115,3.2014718055725098,228700,0.0,0.0,0.8917748975248365,2.826926493190757,3.2014718055725098
2016-05-17,RIOT,yfinance,3.75,4.429999828338623,3.75,4.429999828338623,3.950562715530396,491700,0.0,0.0,0.8917749139082857,3.3441559271560712,3.950562715530396
2016-05-18,RIOT,yfinance,6.0,6.650000095367432,3.3399999141693115,3.630000114440918,3.237143039703369,2137500,0.0,0.0,0.89177491395257,5.35064948371542,3.237143039703369
2016-05-19,RIOT,yfinance,3.400000095367432,4.039999961853027,3.390000104904175,3.9700000286102295,3.540346384048462,182400,0.0,0.0,0.8917749013941001,3.032034749786223,3.540346384048462
2016-05-20,RIOT,yfinance,4.0,4.0,3.5999999046325684,3.660000085830689,3.2638962268829346,131400,0.0,0.0,0.8917749044648307,3.5670996178593226,3.2638962268829346
2016-05-23,RIOT,yfinance,3.690000057220459,3.819999933242798,3.4200000762939453,3.539999961853028,3.156883001327514,70800,0.0,0.0,0.8917748687418151,3.290649316685065,3.156883001327514
2016-05-24,RIOT,yfinance,3.5199999809265137,3.660000085830689,3.3299999237060547,3.400000095367432,3.0320346355438232,44700,0.0,0.0,0.8917748677933953,3.1390475176234958,3.0320346355438232
2016-05-25,RIOT,yfinance,3.369999885559082,3.609999895095825,3.2100000381469727,3.470000028610229,3.094458818435669,146700,0.0,0.0,0.8917748682771717,3.005281204038534,3.094458818435669
2016-05-26,RIOT,yfinance,3.470000028610229,3.549999952316284,3.2799999713897705,3.440000057220459,3.0677056312561035,26900,0.0,0.0,0.8917748779733534,3.09445885208142,3.0677056312561035
2016-05-27,RIOT,yfinance,3.4100000858306885,3.5,3.220000028610229,3.380000114440918,3.0141992568969727,34200,0.0,0.0,0.8917748978820813,3.0409524783195505,3.0141992568969727
2016-05-31,RIOT,yfinance,3.359999895095825,3.4200000762939453,3.25,3.3399999141693115,2.9785280227661133,19800,0.0,0.0,0.891774880032265,2.9963635033575025,2.9785280227661133
2016-06-01,RIOT,yfinance,3.309999942779541,3.509999990463257,3.2300000190734863,3.4200000762939453,3.049870252609253,58200,0.0,0.0,0.891774907769657,2.951774893689795,3.049870252609253
2016-06-02,RIOT,yfinance,3.430000066757202,3.799999952316284,3.430000066757202,3.690000057220459,3.2906494140625,39400,0.0,0.0,0.8917748951313634,3.0587879498329733,3.2906494140625
2016-06-03,RIOT,yfinance,3.703999996185303,3.703999996185303,3.490000009536743,3.5810000896453857,3.193445920944214,14700,0.0,0.0,0.8917748788050016,3.303134147691875,3.193445920944214
2016-06-06,RIOT,yfinance,3.549999952316284,3.849999904632568,3.549999952316284,3.740000009536743,3.335238218307495,19300,0.0,0.0,0.8917749224071836,3.1658009320223597,3.335238218307495
2016-06-07,RIOT,yfinance,3.690000057220459,3.900000095367432,3.5999999046325684,3.609999895095825,3.2193071842193604,47300,0.0,0.0,0.8917748691884396,3.2906493183331094,3.2193071842193604
2016-06-08,RIOT,yfinance,3.700999975204468,3.7799999713897705,3.700000047683716,3.7100000381469727,3.3084847927093506,36700,0.0,0.0,0.8917748675716547,3.300458762770662,3.3084847927093506
2016-06-09,RIOT,yfinance,3.839999914169312,3.839999914169312,3.5999999046325684,3.640000104904175,3.246060609817505,5700,0.0,0.0,0.8917748671062083,3.4244154131461895,3.246060609817505
2016-06-10,RIOT,yfinance,3.609999895095825,3.619999885559082,3.430000066757202,3.5,3.1212120056152344,18200,0.0,0.0,0.8917748587472099,3.2193071465265217,3.1212120056152344
2016-06-13,RIOT,yfinance,3.450000047683716,3.509999990463257,3.25,3.309999942779541,2.951774835586548,42100,0.0,0.0,0.8917748902158056,3.0766234137676696,2.951774835586548
2016-06-14,RIOT,yfinance,3.2799999713897705,3.345999956130981,3.2799999713897705,3.299999952316284,2.942857027053833,5200,0.0,0.0,0.8917748695687795,2.925021546671713,2.942857027053833
2016-06-15,RIOT,yfinance,3.3399999141693115,3.609999895095825,3.3399999141693115,3.380000114440918,3.0141992568969727,8500,0.0,0.0,0.8917748978820813,2.978528082384498,3.0141992568969727
2016-06-16,RIOT,yfinance,3.4600000381469727,3.4600000381469727,3.0,3.259999990463257,2.9071860313415527,148800,0.0,0.0,0.8917748588485216,3.085541045634396,2.9071860313415527
2016-06-17,RIOT,yfinance,3.2300000190734863,3.5199999809265137,3.220000028610229,3.509999990463257,3.130129814147949,13000,0.0,0.0,0.8917748782485975,2.8804328737522256,3.130129814147949
2016-06-20,RIOT,yfinance,3.490000009536743,3.5999999046325684,3.490000009536743,3.5899999141693115,3.2014718055725098,19500,0.0,0.0,0.8917748975248365,3.1122944008663076,3.2014718055725098
2016-06-21,RIOT,yfinance,3.5999999046325684,3.609999895095825,3.569999933242798,3.609999895095825,3.2193071842193604,4100,0.0,0.0,0.8917748691884396,3.2103894440321037,3.2193071842193604
2016-06-22,RIOT,yfinance,3.5799999237060547,3.619999885559082,3.4649999141693115,3.5199999809265137,3.139047622680664,7400,0.0,0.0,0.8917748976391819,3.192554065511246,3.139047622680664
2016-06-23,RIOT,yfinance,3.569999933242798,3.7300000190734863,3.569999933242798,3.5999999046325684,3.2103896141052246,34000,0.0,0.0,0.8917749164309744,3.1836363921261803,3.2103896141052246
2016-06-24,RIOT,yfinance,3.5199999809265137,3.559999942779541,3.380000114440918,3.4800000190734863,3.103376626968384,4500,0.0,0.0,0.8917748879192896,3.139047588466643,3.103376626968384
2016-06-27,RIOT,yfinance,3.390000104904175,3.390000104904175,3.2100000381469727,3.2100000381469727,2.8625974655151367,24500,0.0,0.0,0.8917749007777644,3.0231170071875315,2.8625974655151367
2016-06-28,RIOT,yfinance,3.180000066757202,3.359999895095825,3.180000066757202,3.220000028610229,2.871515274047852,4500,0.0,0.0,0.8917749219049588,2.8358443111901677,2.871515274047852
2016-06-29,RIOT,yfinance,3.259999990463257,3.450000047683716,3.200000047683716,3.4200000762939453,3.049870252609253,4700,0.0,0.0,0.891774907769657,2.9071861908244534,3.049870252609253
2016-06-30,RIOT,yfinance,3.430000066757202,3.569999933242798,3.3299999237060547,3.509999990463257,3.130129814147949,14700,0.0,0.0,0.8917748782485975,3.058787891925085,3.130129814147949
2016-07-01,RIOT,yfinance,3.569999933242798,3.5799999237060547,3.400000095367432,3.490000009536743,3.112294435501098,40600,0.0,0.0,0.8917749074488452,3.18363636005998,3.112294435501098
2016-07-05,RIOT,yfinance,3.430000066757202,3.490000009536743,3.430000066757202,3.490000009536743,3.112294435501098,1800,0.0,0.0,0.8917749074488452,3.0587879920819367,3.112294435501098
2016-07-06,RIOT,yfinance,3.5,3.5,3.440000057220459,3.440000057220459,3.0677056312561035,2600,0.0,0.0,0.8917748779733534,3.121212072906737,3.0677056312561035
2016-07-07,RIOT,yfinance,3.4119999408721924,3.48799991607666,3.4119999408721924,3.4820001125335693,3.1051602363586426,1200,0.0,0.0,0.8917748811039725,3.0427358415980605,3.1051602363586426
2016-07-08,RIOT,yfinance,3.375,3.559999942779541,3.359999895095825,3.490000009536743,3.112294435501098,8600,0.0,0.0,0.8917749074488452,3.0097403126398525,3.112294435501098
2016-07-11,RIOT,yfinance,3.506999969482422,3.506999969482422,3.450000047683716,3.450000047683716,3.0766234397888184,2600,0.0,0.0,0.8917748977581674,3.1274545392230833,3.0766234397888184
2016-07-12,RIOT,yfinance,3.440000057220459,3.660000085830689,3.3299999237060547,3.390000104904175,3.0231170654296875,68500,0.0,0.0,0.8917749179583409,3.0677057688044624,3.0231170654296875
2016-07-13,RIOT,yfinance,3.3499999046325684,3.638999938964844,3.3499999046325684,3.638999938964844,3.245168685913086,26200,0.0,0.0,0.8917748668158021,2.9874457187866583,3.245168685913086
2016-07-14,RIOT,yfinance,3.5,3.57699990272522,3.3510000705718994,3.430000066757202,3.0587878227233887,18700,0.0,0.0,0.8917748580731761,3.1212120032561166,3.0587878227233887
2016-07-15,RIOT,yfinance,3.4100000858306885,3.650000095367432,3.3399999141693115,3.640000104904175,3.246060609817505,25600,0.0,0.0,0.8917748671062083,3.040952373373821,3.246060609817505
2016-07-18,RIOT,yfinance,3.660000085830689,3.6640000343322754,3.5360000133514404,3.5360000133514404,3.153316020965576,34600,0.0,0.0,0.8917748894397899,3.2638961718912842,3.153316020965576
2016-07-19,RIOT,yfinance,3.569999933242798,3.569999933242798,3.2799999713897705,3.4600000381469727,3.085541248321533,62200,0.0,0.0,0.8917749174286185,3.1836363956877696,3.085541248321533
2016-07-20,RIOT,yfinance,3.5299999713897705,3.5299999713897705,3.440999984741211,3.4600000381469727,3.085541248321533,2400,0.0,0.0,0.8917749174286185,3.147965433009138,3.085541248321533
2016-07-21,RIOT,yfinance,3.509999990463257,3.559999942779541,3.440999984741211,3.549999952316284,3.165800809860229,3800,0.0,0.0,0.8917748879953153,3.1301298483589286,3.165800809860229
2016-07-22,RIOT,yfinance,3.5899999141693115,3.700000047683716,3.509999990463257,3.5899999141693115,3.2014718055725098,135600,0.0,0.0,0.8917748975248365,3.2014718055725098,3.2014718055725098
2016-07-25,RIOT,yfinance,3.5,3.549999952316284,3.4100000858306885,3.549999952316284,3.165800809860229,8200,0.0,0.0,0.8917748879953153,3.1212121079836037,3.165800809860229
2016-07-26,RIOT,yfinance,3.4800000190734863,3.690000057220459,3.380000114440918,3.4100000858306885,3.040952444076538,6200,0.0,0.0,0.8917748878401424,3.1033766266929517,3.040952444076538
2016-07-27,RIOT,yfinance,3.4800000190734863,3.5199999809265137,3.359999895095825,3.450000047683716,3.0766234397888184,16900,0.0,0.0,0.8917748977581674,3.103376661207679,3.0766234397888184
2016-07-28,RIOT,yfinance,3.4100000858306885,3.440000057220459,3.305000066757202,3.319999933242798,2.9606926441192627,16100,0.0,0.0,0.891774910738452,3.040952522159776,2.9606926441192627
2016-07-29,RIOT,yfinance,3.3499999046325684,3.400000095367432,3.319999933242798,3.369999885559082,3.0052812099456787,39500,0.0,0.0,0.8917748700300336,2.9874457295543335,3.0052812099456787
2016-08-01,RIOT,yfinance,3.400000095367432,3.400000095367432,3.0450000762939453,3.345000028610229,2.9829869270324707,55500,0.0,0.0,0.8917748584509978,3.0320346037796706,2.9829869270324707
2016-08-02,RIOT,yfinance,3.299999952316284,3.380000114440918,3.2699999809265137,3.289999961853028,2.9339394569396973,21900,0.0,0.0,0.8917749212638938,2.9428571976477076,2.9339394569396973
2016-08-03,RIOT,yfinance,3.2920000553131104,3.380000114440918,3.190000057220459,3.200000047683716,2.853679656982422,91600,0.0,0.0,0.8917748795185256,2.9357229527018287,2.853679656982422
2016-08-04,RIOT,yfinance,3.3489999771118164,3.3489999771118164,3.190000057220459,3.190000057220459,2.844761848449707,5600,0.0,0.0,0.8917748581260001,2.9865539794528675,2.844761848449707
2016-08-05,RIOT,yfinance,3.3399999141693115,3.382999897003174,3.140000104904175,3.157000064849853,2.815333366394043,35900,0.0,0.0,0.8917748839285945,2.9785280357798536,2.815333366394043
2016-08-08,RIOT,yfinance,3.2100000381469727,3.3499999046325684,3.130000114440918,3.180000066757202,2.8358442783355717,33600,0.0,0.0,0.8917749115733251,2.862597500168887,2.8358442783355717
2016-08-09,RIOT,yfinance,3.180000066757202,3.2799999713897705,3.150000095367432,3.1600000858306885,2.8180086612701416,14500,0.0,0.0,0.8917748685849654,2.835844141632585,2.8180086612701416
2016-08-10,RIOT,yfinance,3.140000104904175,3.240000009536743,2.990000009536743,3.220000028610229,2.871515274047852,35600,0.0,0.0,0.8917749219049588,2.800173348332483,2.871515274047852
2016-08-11,RIOT,yfinance,3.140000104904175,3.400000095367432,3.119999885559082,3.289999961853028,2.9339394569396973,7400,0.0,0.0,0.8917749212638938,2.800173346319539,2.9339394569396973
2016-08-12,RIOT,yfinance,3.240000009536743,3.240000009536743,3.1600000858306885,3.1600000858306885,2.8180086612701416,8500,0.0,0.0,0.8917748685849654,2.8893505827199157,2.8180086612701416
2016-08-15,RIOT,yfinance,3.150000095367432,3.2869999408721924,3.0899999141693115,3.200000047683716,2.853679656982422,18600,0.0,0.0,0.8917748795185256,2.809090955529636,2.853679656982422
2016-08-16,RIOT,yfinance,3.1700000762939453,3.2699999809265137,3.0899999141693115,3.2699999809265137,2.916103839874268,1300,0.0,0.0,0.8917748797808942,2.8269264369424585,2.916103839874268
2016-08-17,RIOT,yfinance,3.2100000381469727,3.2100000381469727,3.0899999141693115,3.190000057220459,2.844761848449707,18300,0.0,0.0,0.8917748581260001,2.8625973286029716,2.844761848449707
2016-08-18,RIOT,yfinance,3.130000114440918,3.200000047683716,3.109999895095825,3.109999895095825,2.7734198570251465,5800,0.0,0.0,0.8917749037222048,2.7912555507060395,2.7734198570251465
2016-08-19,RIOT,yfinance,3.130000114440918,3.25,3.0980000495910645,3.119999885559082,2.7823376655578613,20800,0.0,0.0,0.8917749255171161,2.7912556189241147,2.7823376655578613
2016-08-22,RIOT,yfinance,3.200000047683716,3.25,3.0999999046325684,3.0999999046325684,2.764502048492432,3100,0.0,0.0,0.8917748817866813,2.85367966424052,2.764502048492432
2016-08-23,RIOT,yfinance,3.0999999046325684,3.390000104904175,3.0999999046325684,3.390000104904175,3.0231170654296875,123800,0.0,0.0,0.8917749179583409,2.764502160624573,3.0231170654296875
2016-08-24,RIOT,yfinance,3.369999885559082,3.4100000858306885,3.2799999713897705,3.3499999046325684,2.987445831298828,14100,0.0,0.0,0.8917749004015254,3.0052813122976025,2.987445831298828
2016-08-25,RIOT,yfinance,3.369999885559082,3.369999885559082,3.25,3.309999942779541,2.951774835586548,7900,0.0,0.0,0.8917748902158056,3.005281277971728,2.951774835586548
2016-08-26,RIOT,yfinance,3.282000064849853,3.319999933242798,3.259999990463257,3.2699999809265137,2.916103839874268,4600,0.0,0.0,0.8917748797808942,2.9268052132723645,2.916103839874268
2016-08-29,RIOT,yfinance,3.319999933242798,3.5999999046325684,3.2799999713897705,3.5799999237060547,3.192553997039795,99600,0.0,0.0,0.8917748785130779,2.9606925371310227,3.192553997039795
2016-08-30,RIOT,yfinance,3.5899999141693115,3.658999919891357,3.4800000190734863,3.640000104904175,3.246060609817505,66200,0.0,0.0,0.8917748671062083,3.2014716963696372,3.246060609817505
2016-08-31,RIOT,yfinance,3.5199999809265137,3.700000047683716,3.509999990463257,3.640000104904175,3.246060609817505,36300,0.0,0.0,0.8917748671062083,3.139047515204598,3.246060609817505
2016-09-01,RIOT,yfinance,3.630000114440918,3.900000095367432,3.630000114440918,3.859999895095825,3.442250967025757,61400,0.0,0.0,0.8917748861597579,3.237142938815458,3.442250967025757
2016-09-02,RIOT,yfinance,3.900000095367432,3.900000095367432,3.680000066757202,3.759999990463257,3.3530735969543457,229100,0.0,0.0,0.891774895068876,3.477922175814898,3.3530735969543457
2016-09-06,RIOT,yfinance,3.7899999618530273,3.880000114440918,3.680000066757202,3.828999996185303,3.414606094360352,5700,0.0,0.0,0.891774901478768,3.3798268425860183,3.414606094360352
2016-09-07,RIOT,yfinance,3.811000108718872,4.090000152587891,3.559999942779541,3.799999952316284,3.388744592666626,102700,0.0,0.0,0.8917749039973071,3.398554256086499,3.388744592666626
2016-09-08,RIOT,yfinance,3.690000057220459,3.990000009536743,3.690000057220459,3.9800000190734863,3.5492641925811768,26200,0.0,0.0,0.891774918485407,3.290649500238922,3.5492641925811768
2016-09-09,RIOT,yfinance,3.930000066757202,3.950000047683716,3.799999952316284,3.940000057220459,3.5135931968688965,20400,0.0,0.0,0.8917749101119611,3.504675456272405,3.5135931968688965
2016-09-12,RIOT,yfinance,3.839999914169312,4.21999979019165,3.839999914169312,4.110000133514404,3.665194988250733,78600,0.0,0.0,0.8917749073445103,3.4244155676612653,3.665194988250733
2016-09-13,RIOT,yfinance,4.090000152587891,4.46999979019165,4.090000152587891,4.360000133514404,3.88813853263855,84800,0.0,0.0,0.8917748654985688,3.6473593359631917,3.88813853263855
2016-09-14,RIOT,yfinance,4.28000020980835,4.366000175476074,3.450000047683716,3.7300000190734863,3.3263204097747803,143100,0.0,0.0,0.891774904226682,3.81679677719202,3.3263204097747803
2016-09-15,RIOT,yfinance,3.75,4.360000133514404,3.75,4.190000057220459,3.736536741256714,133300,0.0,0.0,0.8917748664030899,3.344155749011587,3.736536741256714
2016-09-16,RIOT,yfinance,4.199999809265137,4.480000019073486,4.010000228881836,4.480000019073486,3.995151519775391,99200,0.0,0.0,0.891774889010298,3.74545436375069,3.995151519775391
2016-09-19,RIOT,yfinance,4.489999771118164,4.550000190734863,4.380000114440918,4.539999961853027,4.0486578941345215,124900,0.0,0.0,0.8917748740425183,4.004068980339837,4.0486578941345215
2016-09-20,RIOT,yfinance,4.449999809265137,4.449999809265137,3.569999933242798,3.700000047683716,3.299567222595215,72900,0.0,0.0,0.8917749135329928,3.9683981951292515,3.299567222595215
2016-09-21,RIOT,yfinance,3.799999952316284,3.859999895095825,3.67300009727478,3.7799999713897705,3.3709089756011963,12800,0.0,0.0,0.8917748680198624,3.3887444559523376,3.3709089756011963
2016-09-22,RIOT,yfinance,3.742000102996826,3.890000104904175,3.670000076293945,3.670000076293945,3.2728140354156494,10400,0.0,0.0,0.8917749229914503,3.3370218536839937,3.2728140354156494
2016-09-23,RIOT,yfinance,3.670000076293945,3.740000009536743,3.4600000381469727,3.569999933242798,3.183636426925659,34200,0.0,0.0,0.8917749261787278,3.272814047112958,3.183636426925659
2016-09-26,RIOT,yfinance,3.700000047683716,3.759999990463257,3.069999933242798,3.220000028610229,2.871515274047852,79900,0.0,0.0,0.8917749219049588,3.2995672535714893,2.871515274047852
2016-09-27,RIOT,yfinance,3.180000066757202,3.200000047683716,2.996999979019165,3.1700000762939453,2.8269264698028564,32100,0.0,0.0,0.8917748901469501,2.835844210199698,2.8269264698028564
2016-09-28,RIOT,yfinance,3.150000095367432,3.240000009536743,3.0350000858306885,3.069999933242798,2.737748861312866,35400,0.0,0.0,0.8917748927834733,2.8090909973142226,2.737748861312866
2016-09-29,RIOT,yfinance,3.0299999713897705,3.190000057220459,2.8299999237060547,2.940000057220459,2.6218183040618896,62000,0.0,0.0,0.8917749159979999,2.7020779699600546,2.6218183040618896
2016-09-30,RIOT,yfinance,2.930000066757202,3.0789999961853027,2.680000066757202,3.0299999713897705,2.702077865600586,42800,0.0,0.0,0.8917748815559307,2.612900462491273,2.702077865600586
2016-10-03,RIOT,yfinance,2.970000028610229,2.970000028610229,2.789999961853028,2.789999961853028,2.4880518913269043,14100,0.0,0.0,0.8917748836363498,2.6485714299138428,2.4880518913269043
2016-10-04,RIOT,yfinance,2.809999942779541,2.809999942779541,2.700000047683716,2.7300000190734863,2.434545516967773,9100,0.0,0.0,0.891774908409713,2.505887441603524,2.434545516967773
2016-10-05,RIOT,yfinance,2.789999961853028,2.789999961853028,2.5999999046325684,2.740000009536743,2.4434633255004883,69300,0.0,0.0,0.8917749332101678,2.4880520296378545,2.4434633255004883
2016-10-06,RIOT,yfinance,2.740000009536743,2.880000114440918,2.650000095367432,2.6700000762939453,2.3810391426086426,44100,0.0,0.0,0.8917749342964848,2.4434633284769967,2.3810391426086426
2016-10-07,RIOT,yfinance,2.700000047683716,2.809999942779541,2.625,2.650000095367432,2.363203525543213,5900,0.0,0.0,0.8917748832063895,2.407792227180392,2.363203525543213
2016-10-10,RIOT,yfinance,2.6459999084472656,2.6459999084472656,2.569999933242798,2.569999933242798,2.2918615341186523,5400,0.0,0.0,0.8917749391638335,2.3596364073830696,2.2918615341186523
2016-10-11,RIOT,yfinance,2.569999933242798,2.569999933242798,2.3499999046325684,2.400000095367432,2.1402597427368164,39500,0.0,0.0,0.8917748573710577,2.2918613239112235,2.1402597427368164
2016-10-12,RIOT,yfinance,2.380000114440918,2.4200000762939453,2.140000104904175,2.309999942779541,2.059999942779541,13300,0.0,0.0,0.8917748890940733,2.1224243380994317,2.059999942779541
2016-10-13,RIOT,yfinance,2.299999952316284,2.430000066757202,2.190000057220459,2.319999933242798,2.068917751312256,49800,0.0,0.0,0.8917749184675234,2.051082269952162,2.068917751312256
2016-10-14,RIOT,yfinance,2.319999933242798,2.4200000762939453,2.289999961853028,2.400000095367432,2.1402597427368164,26600,0.0,0.0,0.8917748573710577,2.068917609568459,2.1402597427368164
2016-10-17,RIOT,yfinance,2.400000095367432,2.569999933242798,2.400000095367432,2.5,2.229437351226806,19800,0.0,0.0,0.8917749404907225,2.14025994222402,2.229437351226806
2016-10-18,RIOT,yfinance,2.5299999713897705,2.890000104904175,2.5,2.720000028610229,2.4256277084350586,65500,0.0,0.0,0.8917748834269026,2.2561904295561797,2.4256277084350586
2016-10-19,RIOT,yfinance,2.690000057220459,2.822999954223633,2.651000022888184,2.759999990463257,2.461298704147339,25700,0.0,0.0,0.8917748958883939,2.3988745209675484,2.461298704147339
2016-10-20,RIOT,yfinance,2.759999990463257,2.759999990463257,2.759999990463257,2.759999990463257,2.461298704147339,0,0.0,0.0,0.8917748958883939,2.461298704147339,2.461298704147339
2016-10-21,RIOT,yfinance,2.561000108718872,2.970000028610229,2.561000108718872,2.759999990463257,2.461298704147339,7700,0.0,0.0,0.8917748958883939,2.2838356053229374,2.461298704147339
2016-10-24,RIOT,yfinance,2.799999952316284,2.9140000343322754,2.799999952316284,2.819999933242798,2.5148050785064697,9800,0.0,0.0,0.8917748716449876,2.4969695980828255,2.5148050785064697
2016-10-25,RIOT,yfinance,2.819999933242798,2.819999933242798,2.7100000381469727,2.7100000381469727,2.416709899902344,3100,0.0,0.0,0.891774858259717,2.5148050407600073,2.416709899902344
2016-10-26,RIOT,yfinance,2.799999952316284,3.059999942779541,2.799999952316284,2.9200000762939453,2.60398268699646,7700,0.0,0.0,0.8917748695066564,2.4969695920954984,2.60398268699646
2016-10-27,RIOT,yfinance,2.6419999599456787,2.700000047683716,2.559999942779541,2.559999942779541,2.282943725585937,13100,0.0,0.0,0.8917749127397292,2.356069283738926,2.282943725585937
2016-10-28,RIOT,yfinance,2.5999999046325684,2.6600000858306885,2.490000009536743,2.650000095367432,2.363203525543213,4800,0.0,0.0,0.8917748832063895,2.3186146112903327,2.363203525543213
2016-10-31,RIOT,yfinance,2.651000022888184,2.720000028610229,2.651000022888184,2.700000047683716,2.407792329788208,6200,0.0,0.0,0.8917749212092837,2.3640953365369195,2.407792329788208
2016-11-01,RIOT,yfinance,2.7049999237060547,2.7799999713897705,2.700000047683716,2.7249999046325684,2.430086612701416,8700,0.0,0.0,0.8917749349532849,2.4122511310116073,2.430086612701416
2016-11-02,RIOT,yfinance,2.75,2.75,2.440000057220459,2.440000057220459,2.1759307384490967,31200,0.0,0.0,0.8917748718939874,2.4523808977084656,2.1759307384490967
2016-11-03,RIOT,yfinance,2.509999990463257,2.559999942779541,2.5,2.539999961853028,2.265108108520508,13900,0.0,0.0,0.8917748592673301,2.238354888256371,2.265108108520508
2016-11-04,RIOT,yfinance,2.6600000858306885,2.6600000858306885,2.4100000858306885,2.4100000858306885,2.1491775512695312,5300,0.0,0.0,0.8917748857792028,2.372121272714332,2.1491775512695312
2016-11-07,RIOT,yfinance,2.640000104904175,2.740000009536743,2.319999933242798,2.740000009536743,2.4434633255004883,22100,0.0,0.0,0.8917749332101678,2.354285917225756,2.4434633255004883
2016-11-08,RIOT,yfinance,2.700000047683716,2.880000114440918,2.630000114440918,2.630000114440918,2.3453681468963623,22500,0.0,0.0,0.8917749219927078,2.407792331903453,2.3453681468963623
2016-11-09,RIOT,yfinance,2.569999933242798,2.9189999103546143,2.4800000190734863,2.5199999809265137,2.247272729873657,15900,0.0,0.0,0.8917748995567115,2.2918614323283513,2.247272729873657
2016-11-10,RIOT,yfinance,2.430000066757202,2.5799999237060547,2.4200000762939453,2.5799999237060547,2.300779104232788,6100,0.0,0.0,0.8917748729727951,2.167013000856288,2.300779104232788
2016-11-11,RIOT,yfinance,2.5989999771118164,2.7300000190734863,2.5989999771118164,2.6600000858306885,2.372121334075928,15500,0.0,0.0,0.8917749088474713,2.31772296768347,2.372121334075928
2016-11-14,RIOT,yfinance,2.359999895095825,2.740000009536743,2.3299999237060547,2.7300000190734863,2.434545516967773,69200,0.0,0.0,0.891774908409713,2.1045886902960116,2.434545516967773
2016-11-15,RIOT,yfinance,2.9100000858306885,2.9100000858306885,2.470000028610229,2.6700000762939453,2.3810391426086426,93700,0.0,0.0,0.8917749342964848,2.595065135344427,2.3810391426086426
2016-11-16,RIOT,yfinance,2.720999956130981,2.990000009536743,2.6700000762939453,2.970000028610229,2.648571491241455,38300,0.0,0.0,0.8917749042853774,2.4265194754392216,2.648571491241455
2016-11-17,RIOT,yfinance,2.970000028610229,3.0910000801086426,2.819999933242798,2.8499999046325684,2.541558265686035,29900,0.0,0.0,0.8917748599060747,2.648571359434925,2.541558265686035
2016-11-18,RIOT,yfinance,2.934000015258789,2.950000047683716,2.720999956130981,2.809999942779541,2.505887508392334,5600,0.0,0.0,0.8917749321779733,2.6164676646175793,2.505887508392334
2016-11-21,RIOT,yfinance,2.809999942779541,2.8499999046325684,2.690000057220459,2.819999933242798,2.5148050785064697,12600,0.0,0.0,0.8917748716449876,2.505887338294648,2.5148050785064697
2016-11-22,RIOT,yfinance,2.7769999504089355,2.819999933242798,2.7769999504089355,2.799999952316284,2.496969699859619,1300,0.0,0.0,0.891774907993843,2.476458875274835,2.496969699859619
2016-11-23,RIOT,yfinance,2.739000082015991,2.7799999713897705,2.720000028610229,2.75,2.452380895614624,8400,0.0,0.0,0.8917748711325906,2.4425714451719656,2.452380895614624
2016-11-25,RIOT,yfinance,2.75,2.799999952316284,2.75,2.799999952316284,2.496969699859619,2000,0.0,0.0,0.891774907993843,2.4523809969830683,2.496969699859619
2016-11-28,RIOT,yfinance,2.819999933242798,3.049999952316284,2.806999921798706,2.930000066757202,2.612900495529175,10400,0.0,0.0,0.8917748928316649,2.514805138252898,2.612900495529175
2016-11-29,RIOT,yfinance,2.880000114440918,2.900000095367432,2.880000114440918,2.900000095367432,2.5861473083496094,2700,0.0,0.0,0.8917749045873541,2.5683118272671184,2.5861473083496094
2016-11-30,RIOT,yfinance,2.8499999046325684,3.049999952316284,2.6610000133514404,3.0,2.6753246784210205,12900,0.0,0.0,0.8917748928070068,2.5415583594536884,2.6753246784210205
2016-12-01,RIOT,yfinance,3.049999952316284,5.920000076293945,3.049999952316284,4.400000095367432,3.92380952835083,2874300,0.0,0.0,0.891774873478307,2.7199133215856968,3.92380952835083
2016-12-02,RIOT,yfinance,4.0,4.239999771118164,3.7100000381469727,4.050000190734863,3.6116883754730233,322700,0.0,0.0,0.891774865526041,3.567099462104164,3.6116883754730233
2016-12-05,RIOT,yfinance,4.050000190734863,4.050000190734863,4.050000190734863,4.050000190734863,3.6116883754730233,0,0.0,0.0,0.891774865526041,3.6116883754730233,3.6116883754730233
2016-12-06,RIOT,yfinance,4.050000190734863,4.599999904632568,4.03000020980835,4.239999771118164,3.78112530708313,48100,0.0,0.0,0.8917748847156138,3.611688453190797,3.78112530708313
2016-12-07,RIOT,yfinance,4.150000095367432,4.329999923706055,3.930000066757202,4.230000019073486,3.772207736968994,25400,0.0,0.0,0.8917748746949736,3.70086581503042,3.772207736968994
2016-12-08,RIOT,yfinance,4.150000095367432,4.150000095367432,3.799999952316284,3.950000047683716,3.522510766983032,32900,0.0,0.0,0.8917748669518715,3.700865782896545,3.522510766983032
2016-12-09,RIOT,yfinance,3.759999990463257,4.050000190734863,3.559999942779541,3.940000057220459,3.5135931968688965,116300,0.0,0.0,0.8917749101119611,3.3530736535163452,3.5135931968688965
2016-12-12,RIOT,yfinance,4.329999923706055,4.420000076293945,4.190000057220459,4.190000057220459,3.736536741256714,6200,0.0,0.0,0.8917748664030899,3.8613851034883564,3.736536741256714
2016-12-13,RIOT,yfinance,4.0,4.400000095367432,3.5299999713897705,3.5299999713897705,3.147965431213379,8500,0.0,0.0,0.8917749169199048,3.5670996676796194,3.147965431213379
2016-12-14,RIOT,yfinance,3.549999952316284,4.0,3.5299999713897705,3.8949999809265137,3.473463296890259,19100,0.0,0.0,0.8917749201282453,3.165800923932129,3.473463296890259
2016-12-15,RIOT,yfinance,3.700000047683716,3.799999952316284,3.5999999046325684,3.630000114440918,3.237143039703369,20100,0.0,0.0,0.89177491395257,3.299567224147651,3.237143039703369
2016-12-16,RIOT,yfinance,3.4100000858306885,3.940000057220459,3.4100000858306885,3.759999990463257,3.3530735969543457,11500,0.0,0.0,0.891774895068876,3.04095246872652,3.3530735969543457
2016-12-19,RIOT,yfinance,3.509999990463257,3.640000104904175,3.400000095367432,3.640000104904175,3.246060609817505,33300,0.0,0.0,0.8917748671062083,3.1301297750381636,3.246060609817505
2016-12-20,RIOT,yfinance,3.7899999618530273,3.900000095367432,3.569999933242798,3.650000095367432,3.25497841835022,66600,0.0,0.0,0.8917748858366957,3.3798267833025646,3.25497841835022
2016-12-21,RIOT,yfinance,3.3299999237060547,3.799999952316284,3.3299999237060547,3.799999952316284,3.388744592666626,119700,0.0,0.0,0.8917749039973071,2.9696103622740067,3.388744592666626
2016-12-22,RIOT,yfinance,3.765000104904175,3.765000104904175,3.5,3.5999999046325684,3.2103896141052246,18000,0.0,0.0,0.8917749164309744,3.3575326539135304,3.2103896141052246
2016-12-23,RIOT,yfinance,3.5199999809265137,3.7899999618530273,3.390000104904175,3.5299999713897705,3.147965431213379,62000,0.0,0.0,0.8917749169199048,3.1390476905488085,3.147965431213379
2016-12-27,RIOT,yfinance,3.670000076293945,3.670000076293945,3.5,3.5,3.1212120056152344,15700,0.0,0.0,0.8917748587472099,3.272813799639282,3.1212120056152344
2016-12-28,RIOT,yfinance,3.5,3.630000114440918,3.450000047683716,3.4800000190734863,3.103376626968384,10400,0.0,0.0,0.8917748879192896,3.1212121077175135,3.103376626968384
2016-12-29,RIOT,yfinance,3.4790000915527344,3.680000066757202,3.4790000915527344,3.559999942779541,3.1747186183929443,20200,0.0,0.0,0.89177490714065,3.1024849835867525,3.1747186183929443
2016-12-30,RIOT,yfinance,3.509999990463257,3.839999914169312,3.5,3.839999914169312,3.4244155883789062,92600,0.0,0.0,0.8917749127397293,3.1301299352118215,3.4244155883789062
2017-01-03,RIOT,yfinance,3.609999895095825,3.950000047683716,3.609999895095825,3.819999933242798,3.406579971313477,44500,0.0,0.0,0.8917748771847834,3.2193072130861604,3.406579971313477
2017-01-04,RIOT,yfinance,3.9700000286102295,4.800000190734863,3.9700000286102295,4.380000114440918,3.90597414970398,59700,0.0,0.0,0.8917748967233886,3.5403463655057372,3.90597414970398
2017-01-05,RIOT,yfinance,4.5,4.5,4.0,4.139999866485596,3.691947937011719,16800,0.0,0.0,0.8917748927721045,4.012987017474471,3.691947937011719
2017-01-06,RIOT,yfinance,4.004000186920166,4.199999809265137,4.004000186920166,4.199999809265137,3.7454543113708496,1600,0.0,0.0,0.8917748765389069,3.570666772352491,3.7454543113708496
2017-01-09,RIOT,yfinance,4.185999870300293,4.185999870300293,3.75,3.759999990463257,3.3530735969543457,61900,0.0,0.0,0.891774895068876,3.7329695950953723,3.3530735969543457
2017-01-10,RIOT,yfinance,3.829999923706055,4.090000152587891,3.630000114440918,3.630000114440918,3.237143039703369,19500,0.0,0.0,0.89177491395257,3.415497852401317,3.237143039703369
2017-01-11,RIOT,yfinance,3.630000114440918,3.7899999618530273,3.630000114440918,3.690000057220459,3.2906494140625,35100,0.0,0.0,0.8917748951313634,3.237142971382387,3.2906494140625
2017-01-12,RIOT,yfinance,3.3299999237060547,3.746000051498413,3.3299999237060547,3.650000095367432,3.25497841835022,37100,0.0,0.0,0.8917748858366957,2.9696103017991726,3.25497841835022
2017-01-13,RIOT,yfinance,3.819999933242798,4.334000110626221,3.400000095367432,3.660000085830689,3.2638962268829346,352900,0.0,0.0,0.8917749044648307,3.4065800755232556,3.2638962268829346
2017-01-17,RIOT,yfinance,3.809999942779541,3.809999942779541,3.492000102996826,3.5299999713897705,3.147965431213379,11000,0.0,0.0,0.8917749169199048,3.3976623824370673,3.147965431213379
2017-01-18,RIOT,yfinance,3.490000009536743,3.5899999141693115,3.359999895095825,3.4800000190734863,3.103376626968384,27200,0.0,0.0,0.8917748879192896,3.112294367342949,3.103376626968384
2017-01-19,RIOT,yfinance,3.400000095367432,3.450000047683716,3.400000095367432,3.4200000762939453,3.049870252609253,4700,0.0,0.0,0.891774907769657,3.0320347714631164,3.049870252609253
2017-01-20,RIOT,yfinance,3.4100000858306885,3.5299999713897705,3.299999952316284,3.430000066757202,3.0587878227233887,17700,0.0,0.0,0.8917748580731761,3.0409523425711806,3.0587878227233887
2017-01-23,RIOT,yfinance,3.440000057220459,3.443000078201294,3.3499999046325684,3.367000102996826,3.002606153488159,9900,0.0,0.0,0.8917748920814302,3.0677056797878888,3.002606153488159
2017-01-24,RIOT,yfinance,3.3499999046325684,3.369999885559082,3.069999933242798,3.0999999046325684,2.764502048492432,54100,0.0,0.0,0.8917748817866813,2.9874457689391023,2.764502048492432
2017-01-25,RIOT,yfinance,3.0799999237060547,3.220000028610229,3.0799999237060547,3.220000028610229,2.871515274047852,1400,0.0,0.0,0.8917749219049588,2.7466666914302458,2.871515274047852
2017-01-26,RIOT,yfinance,3.109999895095825,3.125999927520752,3.0199999809265137,3.0999999046325684,2.764502048492432,12300,0.0,0.0,0.8917748817866813,2.7734197888056706,2.764502048492432
2017-01-27,RIOT,yfinance,3.109999895095825,3.140000104904175,3.049999952316284,3.109999895095825,2.7734198570251465,30400,0.0,0.0,0.8917749037222048,2.7734198570251465,2.7734198570251465
2017-01-30,RIOT,yfinance,3.0899999141693115,3.130000114440918,3.0799999237060547,3.118000030517578,2.7805540561676025,1800,0.0,0.0,0.8917748649624097,2.7555842561921953,2.7805540561676025
2017-01-31,RIOT,yfinance,3.0999999046325684,3.150000095367432,3.069999933242798,3.150000095367432,2.809091091156006,6900,0.0,0.0,0.8917749225745147,2.764502174934712,2.809091091156006
2017-02-01,RIOT,yfinance,3.0799999237060547,3.25,3.0799999237060547,3.25,2.898268461227417,4800,0.0,0.0,0.8917749111468976,2.746666658295418,2.898268461227417
2017-02-02,RIOT,yfinance,3.263999938964844,3.400000095367432,3.119999885559082,3.138000011444092,2.798389673233032,4700,0.0,0.0,0.8917749085492281,2.91075324707506,2.798389673233032
2017-02-03,RIOT,yfinance,3.119999885559082,3.2100000381469727,3.119999885559082,3.130000114440918,2.791255474090576,5900,0.0,0.0,0.8917748792444219,2.7823375211870607,2.791255474090576
2017-02-06,RIOT,yfinance,3.0999999046325684,3.289999961853028,3.0999999046325684,3.2300000190734863,2.8804328441619877,5700,0.0,0.0,0.8917748690875331,2.764502009125074,2.8804328441619877
2017-02-07,RIOT,yfinance,3.2660000324249268,3.650000095367432,3.164999961853028,3.400000095367432,3.0320346355438232,58500,0.0,0.0,0.8917748677933953,2.912536747128964,3.0320346355438232
2017-02-08,RIOT,yfinance,3.305000066757202,3.4189999103546143,3.184999942779541,3.184999942779541,2.8403029441833496,18200,0.0,0.0,0.8917748807570228,2.9473160404343566,2.8403029441833496
2017-02-09,RIOT,yfinance,3.150000095367432,3.400000095367432,3.150000095367432,3.400000095367432,3.0320346355438232,26400,0.0,0.0,0.8917748677933953,2.809090918595474,3.0320346355438232
2017-02-10,RIOT,yfinance,3.549999952316284,3.549999952316284,3.2699999809265137,3.380000114440918,3.0141992568969727,13700,0.0,0.0,0.8917748978820813,3.1658008449582478,3.0141992568969727
2017-02-13,RIOT,yfinance,3.299999952316284,3.309999942779541,3.200000047683716,3.25,2.898268461227417,3200,0.0,0.0,0.8917749111468976,2.9428571642616204,2.898268461227417
2017-02-14,RIOT,yfinance,3.0799999237060547,3.240000009536743,3.0799999237060547,3.2100000381469727,2.8625974655151367,35800,0.0,0.0,0.8917749007777644,2.746666626358489,2.8625974655151367
2017-02-15,RIOT,yfinance,3.200000047683716,3.325999975204468,3.1449999809265137,3.319999933242798,2.9606926441192627,12300,0.0,0.0,0.891774910738452,2.853679756886188,2.9606926441192627
2017-02-16,RIOT,yfinance,3.25,3.380000114440918,3.220000028610229,3.220000028610229,2.871515274047852,5300,0.0,0.0,0.8917749219049588,2.898268496191116,2.871515274047852
2017-02-17,RIOT,yfinance,3.200000047683716,3.299999952316284,3.200000047683716,3.2799999713897705,2.9250216484069824,2400,0.0,0.0,0.8917749005856301,2.8536797243971574,2.9250216484069824
2017-02-21,RIOT,yfinance,3.150000095367432,3.299999952316284,3.150000095367432,3.200000047683716,2.853679656982422,5700,0.0,0.0,0.8917748795185256,2.809090955529636,2.853679656982422
2017-02-22,RIOT,yfinance,3.1760001182556152,3.2300000190734863,3.150000095367432,3.150000095367432,2.809091091156006,9700,0.0,0.0,0.8917749225745147,2.832277259554051,2.809091091156006
2017-02-23,RIOT,yfinance,3.140000104904175,3.190000057220459,3.140000104904175,3.180000066757202,2.8358442783355717,6200,0.0,0.0,0.8917749115733251,2.800173315891152,2.8358442783355717
2017-02-24,RIOT,yfinance,3.069999933242798,3.259999990463257,3.069999933242798,3.150000095367432,2.809091091156006,12600,0.0,0.0,0.8917749225745147,2.7377489527713617,2.809091091156006
2017-02-27,RIOT,yfinance,3.171999931335449,3.240000009536743,3.1600000858306885,3.240000009536743,2.889350652694702,2400,0.0,0.0,0.8917748901821216,2.8287098904243675,2.889350652694702
2017-02-28,RIOT,yfinance,3.240000009536743,3.240000009536743,3.059999942779541,3.0799999237060547,2.746666669845581,17400,0.0,0.0,0.8917749148969505,2.889350732770748,2.746666669845581
2017-03-01,RIOT,yfinance,3.0799999237060547,3.180000066757202,3.059999942779541,3.140000104904175,2.800173282623291,14900,0.0,0.0,0.8917749009784652,2.7466666269766473,2.800173282623291
2017-03-02,RIOT,yfinance,3.119999885559082,3.2100000381469727,3.109999895095825,3.119999885559082,2.7823376655578613,4200,0.0,0.0,0.8917749255171161,2.7823376655578613,2.7823376655578613
2017-03-03,RIOT,yfinance,3.1489999294281006,3.190000057220459,3.109999895095825,3.130000114440918,2.791255474090576,2000,0.0,0.0,0.8917748792444219,2.8081990318064376,2.791255474090576
2017-03-06,RIOT,yfinance,3.130000114440918,3.180000066757202,3.119999885559082,3.130000114440918,2.791255474090576,11400,0.0,0.0,0.8917748792444219,2.791255474090576,2.791255474090576
2017-03-07,RIOT,yfinance,3.119999885559082,3.119999885559082,3.119999885559082,3.119999885559082,2.7823376655578613,300,0.0,0.0,0.8917749255171161,2.7823376655578613,2.7823376655578613
2017-03-08,RIOT,yfinance,3.119999885559082,3.1410000324249268,3.119999885559082,3.119999885559082,2.7823376655578613,5500,0.0,0.0,0.8917749255171161,2.7823376655578613,2.7823376655578613
2017-03-09,RIOT,yfinance,3.119999885559082,3.2799999713897705,3.119999885559082,3.25,2.898268461227417,10600,0.0,0.0,0.8917749111468976,2.782337620722781,2.898268461227417
2017-03-10,RIOT,yfinance,3.299999952316284,3.6050000190734863,3.299999952316284,3.440000057220459,3.0677056312561035,49600,0.0,0.0,0.8917748779733534,2.9428570547889263,3.0677056312561035
2017-03-13,RIOT,yfinance,3.345000028610229,3.559999942779541,3.345000028610229,3.5299999713897705,3.147965431213379,2700,0.0,0.0,0.8917749169199048,2.9829871226109663,3.147965431213379
2017-03-14,RIOT,yfinance,3.3399999141693115,3.5,3.3399999141693115,3.450000047683716,3.0766234397888184,7800,0.0,0.0,0.8917748977581674,2.9785280819706257,3.0766234397888184
2017-03-15,RIOT,yfinance,3.450000047683716,3.630000114440918,3.400000095367432,3.559999942779541,3.1747186183929443,15500,0.0,0.0,0.89177490714065,3.0766234721583836,3.1747186183929443
2017-03-16,RIOT,yfinance,3.5,3.638999938964844,3.5,3.559999942779541,3.1747186183929443,12300,0.0,0.0,0.89177490714065,3.1212121749922748,3.1747186183929443
2017-03-17,RIOT,yfinance,3.490000009536743,3.5,3.193000078201294,3.3399999141693115,2.9785280227661133,80100,0.0,0.0,0.891774880032265,3.112294339817233,2.9785280227661133
2017-03-20,RIOT,yfinance,3.25,3.309999942779541,3.240000009536743,3.309999942779541,2.951774835586548,3100,0.0,0.0,0.8917748902158056,2.898268393201368,2.951774835586548
2017-03-21,RIOT,yfinance,3.309999942779541,3.309999942779541,3.200000047683716,3.200000047683716,2.853679656982422,600,0.0,0.0,0.8917748795185256,2.9517748001785518,2.853679656982422
2017-03-22,RIOT,yfinance,3.190000057220459,3.490000009536743,3.059999942779541,3.490000009536743,3.112294435501098,7300,0.0,0.0,0.8917749074488452,2.844762005789586,3.112294435501098
2017-03-23,RIOT,yfinance,3.569999933242798,3.569999933242798,3.259999990463257,3.3299999237060547,2.9696102142333984,8900,0.0,0.0,0.8917748595406669,3.1836361890277862,2.9696102142333984
2017-03-24,RIOT,yfinance,3.305000066757202,3.5,3.305000066757202,3.369999885559082,3.0052812099456787,10100,0.0,0.0,0.8917748700300336,2.9473160049816562,3.0052812099456787
2017-03-27,RIOT,yfinance,3.4100000858306885,3.549999952316284,3.369999885559082,3.4800000190734863,3.103376626968384,38800,0.0,0.0,0.8917748879192896,3.04095244434643,3.103376626968384
2017-03-28,RIOT,yfinance,3.4800000190734863,3.569999933242798,3.4800000190734863,3.509999990463257,3.130129814147949,1200,0.0,0.0,0.8917748782485975,3.1033765933143753,3.130129814147949
2017-03-29,RIOT,yfinance,3.494999885559082,4.099999904632568,3.494999885559082,4.013000011444092,3.578692674636841,123700,0.0,0.0,0.8917748976903281,3.1167531653721587,3.578692674636841
2017-03-30,RIOT,yfinance,3.849999904632568,4.408999919891357,3.849999904632568,3.950000047683716,3.522510766983032,96600,0.0,0.0,0.8917748669518715,3.433333152718426,3.522510766983032
2017-03-31,RIOT,yfinance,3.920000076293945,4.190000057220459,3.920000076293945,4.0,3.567099571228028,19700,0.0,0.0,0.891774892807007,3.4957576478404917,3.567099571228028
2017-04-03,RIOT,yfinance,4.0,4.0,3.819999933242798,3.869999885559082,3.451168775558472,15800,0.0,0.0,0.8917749037762301,3.5670996151049206,3.451168775558472
2017-04-04,RIOT,yfinance,3.950000047683716,4.065999984741211,3.7100000381469727,3.910000085830689,3.486840009689331,18000,0.0,0.0,0.8917749189635998,3.522510972429361,3.486840009689331
2017-04-05,RIOT,yfinance,3.819999933242798,4.199999809265137,3.809999942779541,3.809999942779541,3.397662401199341,17700,0.0,0.0,0.8917749218443861,3.4065801419131563,3.397662401199341
2017-04-06,RIOT,yfinance,4.010000228881836,4.150000095367432,3.849999904632568,4.139999866485596,3.691947937011719,18500,0.0,0.0,0.8917748927721045,3.576017524127214,3.691947937011719
2017-04-07,RIOT,yfinance,4.139999866485596,4.190000057220459,4.0,4.019999980926514,3.584934949874878,15200,0.0,0.0,0.8917748673841128,3.691947831905437,3.584934949874878
2017-04-10,RIOT,yfinance,4.019999980926514,4.195000171661377,3.640000104904175,4.179999828338623,3.727618932723999,12300,0.0,0.0,0.8917749009108389,3.584935084652316,3.727618932723999
2017-04-11,RIOT,yfinance,3.900000095367432,4.198999881744385,3.900000095367432,4.130000114440918,3.683030366897583,9300,0.0,0.0,0.8917748825283406,3.477922126906809,3.683030366897583
2017-04-12,RIOT,yfinance,4.130000114440918,4.239999771118164,4.070000171661377,4.130000114440918,3.683030366897583,15400,0.0,0.0,0.8917748825283406,3.683030366897583,3.683030366897583
2017-04-13,RIOT,yfinance,4.059999942779541,4.150000095367432,3.849999904632568,4.019999980926514,3.584934949874878,16100,0.0,0.0,0.8917748673841128,3.6206059105517308,3.584934949874878
2017-04-17,RIOT,yfinance,4.159999847412109,4.230000019073486,4.079999923706055,4.150000095367432,3.7008659839630127,19700,0.0,0.0,0.8917749154016216,3.7097835119966924,3.7008659839630127
2017-04-18,RIOT,yfinance,4.170000076293945,4.28000020980835,3.930000066757202,3.930000066757202,3.5046753883361816,23100,0.0,0.0,0.8917748928253906,3.7187013711189034,3.5046753883361816
2017-04-19,RIOT,yfinance,3.9700000286102295,4.039999961853027,3.869999885559082,3.990000009536743,3.5581817626953125,16600,0.0,0.0,0.8917748757370136,3.540346282189828,3.5581817626953125
2017-04-20,RIOT,yfinance,4.03000020980835,4.03000020980835,3.7799999713897705,3.859999895095825,3.442250967025757,9800,0.0,0.0,0.8917748861597579,3.5938529783256414,3.442250967025757
2017-04-21,RIOT,yfinance,3.849999904632568,3.9809999465942383,3.7699999809265137,3.809999942779541,3.397662401199341,31200,0.0,0.0,0.8917749218443861,3.433333364054602,3.397662401199341
2017-04-24,RIOT,yfinance,3.829999923706055,4.210000038146973,3.829999923706055,3.849999904632568,3.433333158493042,12700,0.0,0.0,0.8917748684517718,3.415497678133263,3.433333158493042
2017-04-25,RIOT,yfinance,3.680000066757202,4.050000190734863,3.680000066757202,3.759999990463257,3.3530735969543457,12500,0.0,0.0,0.891774895068876,3.2817316733858606,3.3530735969543457
2017-04-26,RIOT,yfinance,3.799999952316284,4.039999961853027,3.7100000381469727,3.759999990463257,3.3530735969543457,24900,0.0,0.0,0.891774895068876,3.388744558738588,3.3530735969543457
2017-04-27,RIOT,yfinance,3.7300000190734863,3.900000095367432,3.7200000286102295,3.7200000286102295,3.317402601242065,12100,0.0,0.0,0.8917748859484357,3.3263203415969214,3.317402601242065
2017-04-28,RIOT,yfinance,3.680000066757202,3.75,3.539999961853028,3.650000095367432,3.25497841835022,18300,0.0,0.0,0.8917748858366957,3.2817316394114364,3.25497841835022
2017-05-01,RIOT,yfinance,3.700000047683716,3.75,3.630000114440918,3.660000085830689,3.2638962268829346,26500,0.0,0.0,0.8917749044648307,3.2995671890430147,3.2638962268829346
2017-05-02,RIOT,yfinance,3.700000047683716,3.7699999809265137,3.5999999046325684,3.759999990463257,3.3530735969543457,21700,0.0,0.0,0.891774895068876,3.2995671542779816,3.3530735969543457
2017-05-03,RIOT,yfinance,3.759999990463257,3.809999942779541,3.619999885559082,3.75,3.344155788421631,17100,0.0,0.0,0.8917748769124348,3.353073528686127,3.344155788421631
2017-05-04,RIOT,yfinance,3.7100000381469727,3.7300000190734863,3.650000095367432,3.7100000381469727,3.3084847927093506,17600,0.0,0.0,0.8917748675716547,3.3084847927093506,3.3084847927093506
2017-05-05,RIOT,yfinance,3.619999885559082,3.759999990463257,3.470000028610229,3.759999990463257,3.3530735969543457,17300,0.0,0.0,0.891774895068876,3.2282250180937933,3.3530735969543457
2017-05-08,RIOT,yfinance,3.5999999046325684,4.150000095367432,3.5999999046325684,3.740000009536743,3.335238218307495,36800,0.0,0.0,0.8917749224071836,3.210389635619577,3.335238218307495
2017-05-09,RIOT,yfinance,3.859999895095825,4.099999904632568,3.680000066757202,3.7899999618530273,3.379826784133911,51000,0.0,0.0,0.8917748860560484,3.4422509666254384,3.379826784133911
2017-05-10,RIOT,yfinance,3.819999933242798,3.828000068664551,3.5,3.650000095367432,3.25497841835022,30500,0.0,0.0,0.8917748858366957,3.4065800043637813,3.25497841835022
2017-05-11,RIOT,yfinance,3.5999999046325684,3.619999885559082,3.5179998874664307,3.539999961853028,3.156883001327514,10400,0.0,0.0,0.8917748687418151,3.2103894424242556,3.156883001327514
2017-05-12,RIOT,yfinance,3.5299999713897705,3.7690000534057617,3.400000095367432,3.619999885559082,3.228224992752075,28200,0.0,0.0,0.8917748880684011,3.1479653293675716,3.228224992752075
2017-05-15,RIOT,yfinance,3.630000114440918,3.7780001163482666,3.630000114440918,3.700000047683716,3.299567222595215,4800,0.0,0.0,0.8917749135329928,3.2371430381803035,3.299567222595215
2017-05-16,RIOT,yfinance,3.5,3.650000095367432,3.450000047683716,3.5,3.1212120056152344,8200,0.0,0.0,0.8917748587472099,3.1212120056152344,3.1212120056152344
2017-05-17,RIOT,yfinance,3.430000066757202,3.559999942779541,3.4100000858306885,3.4200000762939453,3.049870252609253,13500,0.0,0.0,0.891774907769657,3.058787993182321,3.049870252609253
2017-05-18,RIOT,yfinance,3.4200000762939453,3.700000047683716,3.4100000858306885,3.630000114440918,3.237143039703369,11000,0.0,0.0,0.89177491395257,3.049870273754816,3.237143039703369
2017-05-19,RIOT,yfinance,3.4570000171661377,3.630000114440918,3.4570000171661377,3.630000114440918,3.237143039703369,3100,0.0,0.0,0.89177491395257,3.0828658928423653,3.237143039703369
2017-05-22,RIOT,yfinance,3.933000087738037,3.933000087738037,3.559999942779541,3.650000095367432,3.25497841835022,4600,0.0,0.0,0.8917748858366957,3.5073507042383025,3.25497841835022
2017-05-23,RIOT,yfinance,3.75,3.75,3.5510001182556152,3.5899999141693115,3.2014718055725098,6100,0.0,0.0,0.8917748975248365,3.344155865718137,3.2014718055725098
2017-05-24,RIOT,yfinance,3.559999942779541,3.650000095367432,3.509999990463257,3.5199999809265137,3.139047622680664,2800,0.0,0.0,0.8917748976391819,3.1747185845677186,3.139047622680664
2017-05-25,RIOT,yfinance,3.5899999141693115,3.7899999618530273,3.5799999237060547,3.630000114440918,3.237143039703369,2700,0.0,0.0,0.89177491395257,3.2014718645480715,3.237143039703369
2017-05-26,RIOT,yfinance,3.4800000190734863,3.690000057220459,3.4800000190734863,3.619999885559082,3.228224992752075,29400,0.0,0.0,0.8917748880684011,3.103376627487292,3.228224992752075
2017-05-30,RIOT,yfinance,3.697000026702881,3.7100000381469727,3.609999895095825,3.704999923706055,3.304025888442993,1200,0.0,0.0,0.891774887039141,3.296891781196663,3.304025888442993
2017-05-31,RIOT,yfinance,3.5999999046325684,3.940000057220459,3.5999999046325684,3.890000104904175,3.4690043926239014,59400,0.0,0.0,0.8917748840804609,3.210389497643379,3.4690043926239014
2017-06-01,RIOT,yfinance,3.8440001010894775,3.900000095367432,3.799999952316284,3.799999952316284,3.388744592666626,1100,0.0,0.0,0.8917749039973071,3.4279828211147074,3.388744592666626
2017-06-02,RIOT,yfinance,3.849999904632568,3.950000047683716,3.7809998989105225,3.910000085830689,3.486840009689331,14600,0.0,0.0,0.8917749189635998,3.4333333529635754,3.486840009689331
2017-06-05,RIOT,yfinance,3.890000104904175,3.9600000381469727,3.880000114440918,3.950000047683716,3.522510766983032,11600,0.0,0.0,0.8917748669518715,3.4690043259936867,3.522510766983032
2017-06-06,RIOT,yfinance,3.930000066757202,3.940000057220459,3.799999952316284,3.930000066757202,3.5046753883361816,24000,0.0,0.0,0.8917748928253906,3.5046753883361816,3.5046753883361816
2017-06-07,RIOT,yfinance,3.9800000190734863,3.990000009536743,3.776000022888184,3.950000047683716,3.522510766983032,11100,0.0,0.0,0.8917748669518715,3.5492639874777043,3.522510766983032
2017-06-08,RIOT,yfinance,3.9800000190734863,4.039999961853027,3.900000095367432,4.010000228881836,3.5760176181793213,20500,0.0,0.0,0.8917749162264941,3.549264183590703,3.5760176181793213
2017-06-09,RIOT,yfinance,3.9800000190734863,4.0,3.940000057220459,4.0,3.567099571228028,6500,0.0,0.0,0.891774892807007,3.549264090381144,3.567099571228028
2017-06-12,RIOT,yfinance,4.0,4.0,3.799999952316284,3.9800000190734863,3.5492641925811768,7300,0.0,0.0,0.891774918485407,3.567099673941628,3.5492641925811768
2017-06-13,RIOT,yfinance,3.796999931335449,4.039999961853027,3.796999931335449,4.019999980926514,3.584934949874878,6300,0.0,0.0,0.8917748673841128,3.3860691102241556,3.584934949874878
2017-06-14,RIOT,yfinance,3.990000009536743,4.0,3.930000066757202,3.930000066757202,3.5046753883361816,7000,0.0,0.0,0.8917748928253906,3.5581818308779365,3.5046753883361816
2017-06-15,RIOT,yfinance,3.964999914169312,4.119999885559082,3.950000047683716,4.03000020980835,3.593852996826172,21600,0.0,0.0,0.89177489075046,3.5358873652839216,3.593852996826172
2017-06-16,RIOT,yfinance,4.099999904632568,4.110000133514404,3.5899999141693115,3.5899999141693115,3.2014718055725098,37900,0.0,0.0,0.8917748975248365,3.6562769948055482,3.2014718055725098
2017-06-19,RIOT,yfinance,3.839999914169312,4.099999904632568,3.75,4.0,3.567099571228028,19100,0.0,0.0,0.891774892807007,3.424415511837254,3.567099571228028
2017-06-20,RIOT,yfinance,3.930000066757202,4.050000190734863,3.890000104904175,4.010000228881836,3.5760176181793213,9300,0.0,0.0,0.8917749162264941,3.50467548030252,3.5760176181793213
2017-06-21,RIOT,yfinance,4.050000190734863,4.070000171661377,3.901000022888184,3.901000022888184,3.478813886642456,28800,0.0,0.0,0.8917748952143932,3.6116884957108555,3.478813886642456
2017-06-22,RIOT,yfinance,3.839999914169312,4.099999904632568,3.839999914169312,3.940000057220459,3.5135931968688965,18900,0.0,0.0,0.8917749101119611,3.4244155782882766,3.5135931968688965
2017-06-23,RIOT,yfinance,3.990000009536743,4.0,3.910000085830689,3.940000057220459,3.5135931968688965,22300,0.0,0.0,0.8917749101119611,3.558181899851353,3.5135931968688965
2017-06-26,RIOT,yfinance,4.0,4.01200008392334,3.900000095367432,4.008999824523926,3.5751254558563232,15500,0.0,0.0,0.8917749095389084,3.5670996381556335,3.5751254558563232
2017-06-27,RIOT,yfinance,3.910000085830689,4.050000190734863,3.910000085830689,4.0,3.567099571228028,6200,0.0,0.0,0.891774892807007,3.4868399074170506,3.567099571228028
2017-06-28,RIOT,yfinance,3.9700000286102295,4.010000228881836,3.930000066757202,3.990000009536743,3.5581817626953125,6000,0.0,0.0,0.8917748757370136,3.540346282189828,3.5581817626953125
2017-06-29,RIOT,yfinance,3.9600000381469727,4.039999961853027,3.950000047683716,3.990000009536743,3.5581817626953125,4600,0.0,0.0,0.8917748757370136,3.531428541937086,3.5581817626953125
2017-06-30,RIOT,yfinance,3.950000047683716,4.090000152587891,3.7100000381469727,4.079999923706055,3.638441562652588,17800,0.0,0.0,0.8917749094827485,3.522510934979998,3.638441562652588
2017-07-03,RIOT,yfinance,4.03000020980835,4.03000020980835,3.650000095367432,3.869999885559082,3.451168775558472,17500,0.0,0.0,0.8917749037762301,3.5938530493200282,3.451168775558472
2017-07-05,RIOT,yfinance,4.0980000495910645,4.0980000495910645,3.900000095367432,3.920000076293945,3.495757579803467,2600,0.0,0.0,0.8917748754506234,3.65449348382072,3.495757579803467
2017-07-06,RIOT,yfinance,3.900000095367432,3.900000095367432,3.900000095367432,3.900000095367432,3.477922201156616,3300,0.0,0.0,0.8917749015667523,3.477922201156616,3.477922201156616
2017-07-07,RIOT,yfinance,3.910000085830689,4.037000179290772,3.910000085830689,3.9600000381469727,3.531428575515747,18500,0.0,0.0,0.8917748842164734,3.486839873828064,3.531428575515747
2017-07-10,RIOT,yfinance,4.039999961853027,4.039999961853027,3.839999914169312,3.839999914169312,3.4244155883789062,7400,0.0,0.0,0.8917749127397293,3.602770613449993,3.4244155883789062
2017-07-11,RIOT,yfinance,3.75,3.829999923706055,3.7200000286102295,3.75,3.344155788421631,4600,0.0,0.0,0.8917748769124348,3.344155788421631,3.344155788421631
2017-07-12,RIOT,yfinance,3.799999952316284,3.799999952316284,3.650000095367432,3.650000095367432,3.25497841835022,25300,0.0,0.0,0.8917748858366957,3.3887445236563036,3.25497841835022
2017-07-13,RIOT,yfinance,3.609999895095825,4.041999816894531,3.609999895095825,3.829999923706055,3.4154977798461914,50400,0.0,0.0,0.8917748950086726,3.2193072774303984,3.4154977798461914
2017-07-14,RIOT,yfinance,4.0,4.119999885559082,3.829999923706055,3.910000085830689,3.486840009689331,33100,0.0,0.0,0.8917749189635998,3.5670996758543994,3.486840009689331
2017-07-17,RIOT,yfinance,3.9700000286102295,4.090000152587891,3.9700000286102295,4.0,3.567099571228028,7500,0.0,0.0,0.891774892807007,3.540346349957702,3.567099571228028
2017-07-18,RIOT,yfinance,3.9600000381469727,4.059999942779541,3.9600000381469727,4.019999980926514,3.584934949874878,4600,0.0,0.0,0.8917748673841128,3.5314285088595985,3.584934949874878
2017-07-19,RIOT,yfinance,4.019999980926514,4.090000152587891,3.934999942779541,4.019999980926514,3.584934949874878,5500,0.0,0.0,0.8917748673841128,3.584934949874878,3.584934949874878
2017-07-20,RIOT,yfinance,3.940000057220459,3.950000047683716,3.940000057220459,3.950000047683716,3.522510766983032,800,0.0,0.0,0.8917748669518715,3.513593026818141,3.522510766983032
2017-07-21,RIOT,yfinance,3.9769999980926514,3.9800000190734863,3.859999895095825,3.859999895095825,3.442250967025757,13000,0.0,0.0,0.8917748861597579,3.5465887205564313,3.442250967025757
2017-07-24,RIOT,yfinance,3.940000057220459,3.9700000286102295,3.700000047683716,3.910000085830689,3.486840009689331,11400,0.0,0.0,0.8917749189635998,3.5135932317443537,3.486840009689331
2017-07-25,RIOT,yfinance,3.815999984741211,3.910000085830689,3.7100000381469727,3.809999942779541,3.397662401199341,9600,0.0,0.0,0.8917749218443861,3.403013088150772,3.397662401199341
2017-07-26,RIOT,yfinance,3.7799999713897705,3.7799999713897705,3.539999961853028,3.700000047683716,3.299567222595215,22600,0.0,0.0,0.8917749135329928,3.3709091476408277,3.299567222595215
2017-07-27,RIOT,yfinance,3.5199999809265137,3.650000095367432,3.5199999809265137,3.619999885559082,3.228224992752075,12500,0.0,0.0,0.8917748880684011,3.1390475889915157,3.228224992752075
2017-07-28,RIOT,yfinance,3.5,3.799999952316284,3.5,3.7699999809265137,3.3619914054870605,20600,0.0,0.0,0.8917749131289966,3.1212121959514882,3.3619914054870605
2017-07-31,RIOT,yfinance,3.7799999713897705,3.7799999713897705,3.561000108718872,3.740000009536743,3.335238218307495,11000,0.0,0.0,0.8917749224071836,3.3709091811852687,3.335238218307495
2017-08-01,RIOT,yfinance,3.680000066757202,3.7200000286102295,3.609999895095825,3.7100000381469727,3.3084847927093506,10200,0.0,0.0,0.8917748675716547,3.2817315721960845,3.3084847927093506
2017-08-02,RIOT,yfinance,3.7300000190734863,3.7300000190734863,3.690000057220459,3.690000057220459,3.2906494140625,1500,0.0,0.0,0.8917748951313634,3.326320375849242,3.2906494140625
2017-08-03,RIOT,yfinance,3.75,3.890000104904175,3.7100000381469727,3.740000009536743,3.335238218307495,6300,0.0,0.0,0.8917749224071836,3.3441559590269385,3.335238218307495
2017-08-04,RIOT,yfinance,3.7300000190734863,4.019999980926514,3.670000076293945,3.829999923706055,3.4154977798461914,12500,0.0,0.0,0.8917748950086726,3.326320375391605,3.4154977798461914
2017-08-07,RIOT,yfinance,3.809999942779541,3.9800000190734863,3.809999942779541,3.9790000915527344,3.548372268676758,4000,0.0,0.0,0.8917748647982736,3.3976621838536554,3.548372268676758
2017-08-08,RIOT,yfinance,3.890000104904175,3.9489998817443848,3.819999933242798,3.859999895095825,3.442250967025757,8900,0.0,0.0,0.8917748861597579,3.469004400712367,3.442250967025757
2017-08-09,RIOT,yfinance,3.8559999465942383,3.8559999465942383,3.680000066757202,3.7200000286102295,3.317402601242065,7500,0.0,0.0,0.8917748859484357,3.4386839125912507,3.317402601242065
2017-08-10,RIOT,yfinance,3.7699999809265137,3.809999942779541,3.7699999809265137,3.7699999809265137,3.3619914054870605,2100,0.0,0.0,0.8917749131289966,3.3619914054870605,3.3619914054870605
2017-08-11,RIOT,yfinance,3.680000066757202,3.75,3.680000066757202,3.680000066757202,3.281731605529785,2200,0.0,0.0,0.8917748766297254,3.281731605529785,3.281731605529785
2017-08-14,RIOT,yfinance,3.680000066757202,3.7200000286102295,3.670000076293945,3.7200000286102295,3.317402601242065,2100,0.0,0.0,0.8917748859484357,3.2817316398226395,3.317402601242065
2017-08-15,RIOT,yfinance,3.690000057220459,3.75,3.670000076293945,3.680000066757202,3.281731605529785,4800,0.0,0.0,0.8917748766297254,3.2906493457914547,3.281731605529785
2017-08-16,RIOT,yfinance,3.670000076293945,3.680000066757202,3.5199999809265137,3.650000095367432,3.25497841835022,2900,0.0,0.0,0.8917748858366957,3.2728138990576974,3.25497841835022
2017-08-17,RIOT,yfinance,3.5299999713897705,3.700000047683716,3.5299999713897705,3.700000047683716,3.299567222595215,600,0.0,0.0,0.8917749135329928,3.1479654192575794,3.299567222595215
2017-08-18,RIOT,yfinance,3.4549999237060547,3.6559998989105225,3.4549999237060547,3.619999885559082,3.228224992752075,2800,0.0,0.0,0.8917748880684011,3.081082170239301,3.228224992752075
2017-08-21,RIOT,yfinance,3.496999979019165,3.509999990463257,3.450000047683716,3.509999990463257,3.130129814147949,7000,0.0,0.0,0.8917748782485975,3.1185367305251637,3.130129814147949
2017-08-22,RIOT,yfinance,3.70199990272522,3.70199990272522,3.490000009536743,3.549999952316284,3.165800809860229,8500,0.0,0.0,0.8917748879953153,3.3013505486114516,3.165800809860229
2017-08-23,RIOT,yfinance,3.5999999046325684,3.684000015258789,3.490000009536743,3.509999990463257,3.130129814147949,9700,0.0,0.0,0.8917748782485975,3.2103894766486714,3.130129814147949
2017-08-24,RIOT,yfinance,3.493000030517578,3.609999895095825,3.493000030517578,3.5999999046325684,3.2103896141052246,6400,0.0,0.0,0.8917749164309744,3.1149698103082044,3.2103896141052246
2017-08-25,RIOT,yfinance,3.5,3.5999999046325684,3.476999998092652,3.4800000190734863,3.103376626968384,10100,0.0,0.0,0.8917748879192896,3.1212121077175135,3.103376626968384
2017-08-28,RIOT,yfinance,3.4800000190734863,3.640000104904175,3.4779999256134038,3.549999952316284,3.165800809860229,8600,0.0,0.0,0.8917748879953153,3.1033766272329535,3.165800809860229
2017-08-29,RIOT,yfinance,3.539999961853028,3.650000095367432,3.539999961853028,3.619999885559082,3.228224992752075,2000,0.0,0.0,0.8917748880684011,3.156883069743628,3.228224992752075
2017-08-30,RIOT,yfinance,3.630000114440918,3.7100000381469727,3.5799999237060547,3.609999895095825,3.2193071842193604,10400,0.0,0.0,0.8917748691884396,3.2371428772095703,3.2193071842193604
2017-08-31,RIOT,yfinance,3.660000085830689,4.0,3.625999927520752,3.9600000381469727,3.531428575515747,22400,0.0,0.0,0.8917748842164734,3.2638961527739454,3.531428575515747
2017-09-01,RIOT,yfinance,4.0,4.0,3.849999904632568,3.849999904632568,3.433333158493042,4900,0.0,0.0,0.8917748684517718,3.567099473807087,3.433333158493042
2017-09-05,RIOT,yfinance,3.7100000381469727,3.930000066757202,3.7100000381469727,3.920000076293945,3.495757579803467,8500,0.0,0.0,0.8917748754506234,3.3084848219403247,3.495757579803467
2017-09-06,RIOT,yfinance,3.950000047683716,3.9800000190734863,3.849999904632568,3.9600000381469727,3.531428575515747,7300,0.0,0.0,0.8917748842164734,3.52251083517821,3.531428575515747
2017-09-07,RIOT,yfinance,3.849999904632568,3.900000095367432,3.7709999084472656,3.900000095367432,3.477922201156616,55600,0.0,0.0,0.8917749015667523,3.433333285985714,3.477922201156616
2017-09-08,RIOT,yfinance,3.819999933242798,4.013000011444092,3.690000057220459,3.9700000286102295,3.540346384048462,8300,0.0,0.0,0.8917749013941001,3.406580063793065,3.540346384048462
2017-09-11,RIOT,yfinance,3.910000085830689,3.9800000190734863,3.75,3.799999952316284,3.388744592666626,8100,0.0,0.0,0.8917749039973071,3.486839951171125,3.388744592666626
2017-09-12,RIOT,yfinance,3.849999904632568,4.099999904632568,3.825000047683716,3.9700000286102295,3.540346384048462,50200,0.0,0.0,0.8917749013941001,3.433333285321003,3.540346384048462
2017-09-13,RIOT,yfinance,3.9800000190734863,4.25,3.9700000286102295,4.130000114440918,3.683030366897583,41200,0.0,0.0,0.8917748825283406,3.5492640494720518,3.683030366897583
2017-09-14,RIOT,yfinance,4.03000020980835,4.170000076293945,4.010000228881836,4.079999923706055,3.638441562652588,10600,0.0,0.0,0.8917749094827485,3.5938530723172986,3.638441562652588
2017-09-15,RIOT,yfinance,4.0,4.25,3.950000047683716,4.25,3.790043354034424,50400,0.0,0.0,0.8917749068316292,3.5670996273265168,3.790043354034424
2017-09-18,RIOT,yfinance,4.050000190734863,4.400000095367432,4.000999927520752,4.300000190734863,3.834632158279419,17700,0.0,0.0,0.8917748809736882,3.6116884380359973,3.834632158279419
2017-09-19,RIOT,yfinance,4.285999774932861,4.670000076293945,4.285999774932861,4.599999904632568,4.102164268493652,21500,0.0,0.0,0.8917748594652022,3.8221468469586406,4.102164268493652
2017-09-20,RIOT,yfinance,4.480000019073486,4.480000019073486,4.380000114440918,4.400000095367432,3.92380952835083,5600,0.0,0.0,0.891774873478307,3.995151450192071,3.92380952835083
2017-09-21,RIOT,yfinance,4.400000095367432,4.570000171661377,4.289999961853027,4.289999961853027,3.825714349746704,51500,0.0,0.0,0.8917749146305868,3.923809709420865,3.825714349746704
2017-09-22,RIOT,yfinance,4.010000228881836,4.309999942779541,4.010000228881836,4.269999980926514,3.8078787326812735,5700,0.0,0.0,0.8917748828315057,3.5760174842654107,3.8078787326812735
2017-09-25,RIOT,yfinance,4.269999980926514,4.28000020980835,3.9700000286102295,4.110000133514404,3.665194988250733,16400,0.0,0.0,0.8917749073445103,3.807878837351802,3.665194988250733
2017-09-26,RIOT,yfinance,4.110000133514404,4.519999980926514,4.110000133514404,4.300000190734863,3.834632158279419,17100,0.0,0.0,0.8917748809736882,3.6651948798666503,3.834632158279419
2017-09-27,RIOT,yfinance,4.400000095367432,4.599999904632568,4.28000020980835,4.5,4.01298713684082,7200,0.0,0.0,0.89177491929796,3.923809729957308,4.01298713684082
2017-09-28,RIOT,yfinance,4.572000026702881,5.0,4.572000026702881,4.980000019073486,4.441039085388184,18300,0.0,0.0,0.8917749133291017,4.077194927553612,4.441039085388184
2017-09-29,RIOT,yfinance,4.877999782562256,5.309999942779541,4.877999782562256,5.159999847412109,4.601558208465576,38800,0.0,0.0,0.8917748729727951,4.350077636455778,4.601558208465576
2017-10-02,RIOT,yfinance,5.389999866485596,7.235000133514404,5.059999942779541,6.445000171661377,5.7474894523620605,66700,0.0,0.0,0.8917749106716449,4.80666664945537,5.7474894523620605
2017-10-03,RIOT,yfinance,6.800000190734863,8.25,6.510000228881836,8.09000015258789,7.21445894241333,277000,0.0,0.0,0.8917748833546701,6.0640693769043175,7.21445894241333
2017-10-04,RIOT,yfinance,9.449999809265137,9.5,8.0,8.180000305175781,7.294718742370605,567400,0.0,0.0,0.8917748741103314,8.427272390250073,7.294718742370605
2017-10-05,RIOT,yfinance,7.989999771118164,8.0600004196167,7.010000228881836,7.300000190734863,6.50995683670044,318100,0.0,0.0,0.8917748858366958,7.125281133724127,6.50995683670044
2017-10-06,RIOT,yfinance,7.71999979019165,7.849999904632568,7.019999980926514,7.400000095367432,6.59913444519043,123500,0.0,0.0,0.8917749135329928,6.884502145372881,6.59913444519043
2017-10-09,RIOT,yfinance,7.880000114440918,9.156000137329102,7.489999771118164,8.739999771118164,7.794112205505371,1031600,0.0,0.0,0.8917748752421558,7.027186118963723,7.794112205505371
2017-10-10,RIOT,yfinance,8.800000190734863,9.600000381469728,8.25,8.75,7.803030490875244,993300,0.0,0.0,0.891774913242885,7.8476194066299545,7.803030490875244
2017-10-11,RIOT,yfinance,8.75,11.170000076293944,8.75,9.239999771118164,8.239999771118164,2456200,0.0,0.0,0.8917748890940733,7.803030279573141,8.239999771118164
2017-10-12,RIOT,yfinance,9.350000381469728,9.350000381469728,7.400000095367432,8.199999809265137,8.199999809265137,910300,1.0,0.0,1.0,9.350000381469728,8.199999809265137
2017-10-13,RIOT,yfinance,8.010000228881836,8.239999771118164,7.199999809265137,7.900000095367432,7.900000095367432,665200,0.0,0.0,1.0,8.010000228881836,7.900000095367432
2017-10-16,RIOT,yfinance,7.889999866485596,7.989999771118164,7.293000221252441,7.550000190734863,7.550000190734863,275800,0.0,0.0,1.0,7.889999866485596,7.550000190734863
2017-10-17,RIOT,yfinance,8.0,8.699999809265137,7.467000007629394,8.130000114440918,8.130000114440918,1093400,0.0,0.0,1.0,8.0,8.130000114440918
2017-10-18,RIOT,yfinance,8.039999961853027,8.100000381469727,7.139999866485596,7.670000076293945,7.670000076293945,391600,0.0,0.0,1.0,8.039999961853027,7.670000076293945
2017-10-19,RIOT,yfinance,7.679999828338623,8.399999618530273,7.519999980926514,7.789000034332275,7.789000034332275,221400,0.0,0.0,1.0,7.679999828338623,7.789000034332275
2017-10-20,RIOT,yfinance,7.989999771118164,8.5,7.159999847412109,8.489999771118164,8.489999771118164,886100,0.0,0.0,1.0,7.989999771118164,8.489999771118164
2017-10-23,RIOT,yfinance,8.84000015258789,9.5,8.300000190734863,8.75,8.75,1362700,0.0,0.0,1.0,8.84000015258789,8.75
2017-10-24,RIOT,yfinance,8.729999542236328,8.755000114440918,7.599999904632568,7.900000095367432,7.900000095367432,681300,0.0,0.0,1.0,8.729999542236328,7.900000095367432
2017-10-25,RIOT,yfinance,7.989999771118164,7.989999771118164,6.730000019073486,7.199999809265137,7.199999809265137,634400,0.0,0.0,1.0,7.989999771118164,7.199999809265137
2017-10-26,RIOT,yfinance,7.349999904632568,7.599999904632568,6.739999771118164,7.260000228881836,7.260000228881836,392400,0.0,0.0,1.0,7.349999904632568,7.260000228881836
2017-10-27,RIOT,yfinance,7.53000020980835,7.53000020980835,6.789999961853027,6.909999847412109,6.909999847412109,336500,0.0,0.0,1.0,7.53000020980835,6.909999847412109
2017-10-30,RIOT,yfinance,7.059999942779541,7.440000057220459,6.909999847412109,7.050000190734863,7.050000190734863,227000,0.0,0.0,1.0,7.059999942779541,7.050000190734863
2017-10-31,RIOT,yfinance,7.099999904632568,7.340000152587891,6.5,6.800000190734863,6.800000190734863,296700,0.0,0.0,1.0,7.099999904632568,6.800000190734863
2017-11-01,RIOT,yfinance,6.980000019073486,7.199999809265137,6.75,6.949999809265137,6.949999809265137,323500,0.0,0.0,1.0,6.980000019073486,6.949999809265137
2017-11-02,RIOT,yfinance,7.75,7.988999843597412,6.330999851226807,6.960000038146973,6.960000038146973,1084100,0.0,0.0,1.0,7.75,6.960000038146973
2017-11-03,RIOT,yfinance,7.03000020980835,7.03000020980835,6.610000133514404,6.75,6.75,247300,0.0,0.0,1.0,7.03000020980835,6.75
2017-11-06,RIOT,yfinance,7.0,7.900000095367432,6.800000190734863,7.639999866485596,7.639999866485596,913400,0.0,0.0,1.0,7.0,7.639999866485596
2017-11-07,RIOT,yfinance,7.889999866485596,8.979999542236328,7.400000095367432,8.300000190734863,8.300000190734863,1236300,0.0,0.0,1.0,7.889999866485596,8.300000190734863
2017-11-08,RIOT,yfinance,8.800000190734863,8.800000190734863,7.599999904632568,7.78000020980835,7.78000020980835,577100,0.0,0.0,1.0,8.800000190734863,7.78000020980835
2017-11-09,RIOT,yfinance,7.650000095367432,7.823999881744385,7.300000190734863,7.5,7.5,423900,0.0,0.0,1.0,7.650000095367432,7.5
2017-11-10,RIOT,yfinance,7.5,7.5,6.800000190734863,7.159999847412109,7.159999847412109,398800,0.0,0.0,1.0,7.5,7.159999847412109
2017-11-13,RIOT,yfinance,7.099999904632568,7.400000095367432,7.0,7.25,7.25,329000,0.0,0.0,1.0,7.099999904632568,7.25
2017-11-14,RIOT,yfinance,7.099999904632568,7.28000020980835,6.889999866485596,7.019999980926514,7.019999980926514,291900,0.0,0.0,1.0,7.099999904632568,7.019999980926514
2017-11-15,RIOT,yfinance,7.099999904632568,8.017000198364258,7.019999980926514,7.929999828338623,7.929999828338623,815500,0.0,0.0,1.0,7.099999904632568,7.929999828338623
2017-11-16,RIOT,yfinance,8.199999809265137,8.430000305175781,7.599999904632568,8.119999885559082,8.119999885559082,1199600,0.0,0.0,1.0,8.199999809265137,8.119999885559082
2017-11-17,RIOT,yfinance,8.300000190734863,9.199999809265137,7.989999771118164,8.130000114440918,8.130000114440918,1505800,0.0,0.0,1.0,8.300000190734863,8.130000114440918
2017-11-20,RIOT,yfinance,8.460000038146973,10.5,8.0600004196167,10.350000381469728,10.350000381469728,4995100,0.0,0.0,1.0,8.460000038146973,10.350000381469728
2017-11-21,RIOT,yfinance,10.350000381469728,12.890000343322754,10.199999809265137,11.260000228881836,11.260000228881836,12113000,0.0,0.0,1.0,10.350000381469728,11.260000228881836
2017-11-22,RIOT,yfinance,12.300000190734863,16.139999389648438,11.399999618530272,15.989999771118164,15.989999771118164,13679300,0.0,0.0,1.0,12.300000190734863,15.989999771118164
2017-11-24,RIOT,yfinance,18.450000762939453,24.0,18.38999938964844,23.600000381469727,23.600000381469727,19192100,0.0,0.0,1.0,18.450000762939453,23.600000381469727
2017-11-27,RIOT,yfinance,21.5,21.770000457763672,15.539999961853027,15.600000381469728,15.600000381469728,17360400,0.0,0.0,1.0,21.5,15.600000381469728
2017-11-28,RIOT,yfinance,15.949999809265137,17.100000381469727,12.970000267028809,15.25,15.25,12540800,0.0,0.0,1.0,15.949999809265137,15.25
2017-11-29,RIOT,yfinance,17.280000686645508,17.420000076293945,12.300000190734863,13.18000030517578,13.18000030517578,8082000,0.0,0.0,1.0,17.280000686645508,13.18000030517578
2017-11-30,RIOT,yfinance,12.239999771118164,14.199999809265137,12.010000228881836,13.5,13.5,4652100,0.0,0.0,1.0,12.239999771118164,13.5
2017-12-01,RIOT,yfinance,14.850000381469728,15.479999542236328,13.869999885559082,15.0,15.0,6026500,0.0,0.0,1.0,14.850000381469728,15.0
2017-12-04,RIOT,yfinance,16.5,16.719999313354492,14.949999809265137,15.06999969482422,15.06999969482422,5423100,0.0,0.0,1.0,16.5,15.06999969482422
2017-12-05,RIOT,yfinance,14.720000267028809,14.75,13.5,14.140000343322754,14.140000343322754,2979100,0.0,0.0,1.0,14.720000267028809,14.140000343322754
2017-12-06,RIOT,yfinance,14.600000381469728,14.880000114440918,13.529999732971191,13.70199966430664,13.70199966430664,2228100,0.0,0.0,1.0,14.600000381469728,13.70199966430664
2017-12-07,RIOT,yfinance,14.25,16.110000610351562,13.800000190734863,14.600000381469728,14.600000381469728,5686300,0.0,0.0,1.0,14.25,14.600000381469728
2017-12-08,RIOT,yfinance,14.600000381469728,16.229999542236328,14.5,15.859999656677246,15.859999656677246,3894100,0.0,0.0,1.0,14.600000381469728,15.859999656677246
2017-12-11,RIOT,yfinance,19.059999465942383,23.670000076293945,17.75,23.07999992370605,23.07999992370605,20292700,0.0,0.0,1.0,19.059999465942383,23.07999992370605
2017-12-12,RIOT,yfinance,26.25,33.27000045776367,25.0,28.200000762939453,28.200000762939453,36521100,0.0,0.0,1.0,26.25,28.200000762939453
2017-12-13,RIOT,yfinance,24.200000762939453,26.62700080871582,22.100000381469727,23.030000686645508,23.030000686645508,13532800,0.0,0.0,1.0,24.200000762939453,23.030000686645508
2017-12-14,RIOT,yfinance,24.354999542236328,26.13999938964844,23.799999237060547,24.979999542236328,24.979999542236328,8212400,0.0,0.0,1.0,24.354999542236328,24.979999542236328
2017-12-15,RIOT,yfinance,28.0,29.489999771118164,26.790000915527344,28.5,28.5,12417300,0.0,0.0,1.0,28.0,28.5
2017-12-18,RIOT,yfinance,32.20000076293945,45.9900016784668,31.540000915527344,36.470001220703125,36.470001220703125,29520000,0.0,0.0,1.0,32.20000076293945,36.470001220703125
2017-12-19,RIOT,yfinance,36.150001525878906,46.20000076293945,36.0,38.59999847412109,38.59999847412109,30962600,0.0,0.0,1.0,36.150001525878906,38.59999847412109
2017-12-20,RIOT,yfinance,40.75,41.75,33.04999923706055,36.119998931884766,36.119998931884766,13993000,0.0,0.0,1.0,40.75,36.119998931884766
2017-12-21,RIOT,yfinance,35.5,36.06999969482422,26.25,27.600000381469727,27.600000381469727,12707500,0.0,0.0,1.0,35.5,27.600000381469727
2017-12-22,RIOT,yfinance,22.520000457763672,26.459999084472656,20.200000762939453,24.520000457763672,24.520000457763672,13191500,0.0,0.0,1.0,22.520000457763672,24.520000457763672
2017-12-26,RIOT,yfinance,28.520000457763672,31.940000534057617,27.549999237060547,31.21999931335449,31.21999931335449,11406600,0.0,0.0,1.0,28.520000457763672,31.21999931335449
2017-12-27,RIOT,yfinance,31.18000030517578,33.279998779296875,28.549999237060547,29.799999237060547,29.799999237060547,8561900,0.0,0.0,1.0,31.18000030517578,29.799999237060547
2017-12-28,RIOT,yfinance,27.200000762939453,28.799999237060547,26.739999771118164,27.229999542236328,27.229999542236328,3767100,0.0,0.0,1.0,27.200000762939453,27.229999542236328
2017-12-29,RIOT,yfinance,28.71999931335449,29.59000015258789,27.701000213623047,28.399999618530277,28.399999618530277,4757400,0.0,0.0,1.0,28.71999931335449,28.399999618530277
2018-01-02,RIOT,yfinance,28.5,28.700000762939453,26.0,27.899999618530277,27.899999618530277,4169100,0.0,0.0,1.0,28.5,27.899999618530277
2018-01-03,RIOT,yfinance,27.549999237060547,27.68000030517578,23.350000381469727,24.36000061035156,24.36000061035156,5281200,0.0,0.0,1.0,27.549999237060547,24.36000061035156
2018-01-04,RIOT,yfinance,24.8700008392334,25.479999542236328,22.530000686645508,24.270000457763672,24.270000457763672,4474100,0.0,0.0,1.0,24.8700008392334,24.270000457763672
2018-01-05,RIOT,yfinance,26.200000762939453,26.299999237060547,24.200000762939453,24.43000030517578,24.43000030517578,3485000,0.0,0.0,1.0,26.200000762939453,24.43000030517578
2018-01-08,RIOT,yfinance,25.13999938964844,25.149999618530277,22.75,23.420000076293945,23.420000076293945,2933000,0.0,0.0,1.0,25.13999938964844,23.420000076293945
2018-01-09,RIOT,yfinance,24.989999771118164,25.770000457763672,23.450000762939453,24.020000457763672,24.020000457763672,4632200,0.0,0.0,1.0,24.989999771118164,24.020000457763672
2018-01-10,RIOT,yfinance,23.899999618530277,24.19499969482422,22.700000762939453,22.940000534057617,22.940000534057617,1993100,0.0,0.0,1.0,23.899999618530277,22.940000534057617
2018-01-11,RIOT,yfinance,22.200000762939453,22.5,20.6299991607666,20.850000381469727,20.850000381469727,2843000,0.0,0.0,1.0,22.200000762939453,20.850000381469727
2018-01-12,RIOT,yfinance,21.15999984741211,22.075000762939453,20.920000076293945,21.8799991607666,21.8799991607666,1679500,0.0,0.0,1.0,21.15999984741211,21.8799991607666
2018-01-16,RIOT,yfinance,20.0,20.5,17.799999237060547,18.280000686645508,18.280000686645508,2898200,0.0,0.0,1.0,20.0,18.280000686645508
2018-01-17,RIOT,yfinance,17.5,18.100000381469727,16.040000915527344,17.760000228881836,17.760000228881836,4031700,0.0,0.0,1.0,17.5,17.760000228881836
2018-01-18,RIOT,yfinance,18.63999938964844,21.440000534057617,18.5,19.799999237060547,19.799999237060547,5540800,0.0,0.0,1.0,18.63999938964844,19.799999237060547
2018-01-19,RIOT,yfinance,20.38999938964844,20.479999542236328,19.5,19.90999984741211,19.90999984741211,1567000,0.0,0.0,1.0,20.38999938964844,19.90999984741211
2018-01-22,RIOT,yfinance,19.38999938964844,20.729999542236328,19.0,19.479999542236328,19.479999542236328,1671900,0.0,0.0,1.0,19.38999938964844,19.479999542236328
2018-01-23,RIOT,yfinance,19.51000022888184,20.11000061035156,18.6299991607666,19.600000381469727,19.600000381469727,1416900,0.0,0.0,1.0,19.51000022888184,19.600000381469727
2018-01-24,RIOT,yfinance,19.8799991607666,20.0,18.90999984741211,19.239999771118164,19.239999771118164,1038900,0.0,0.0,1.0,19.8799991607666,19.239999771118164
2018-01-25,RIOT,yfinance,18.950000762939453,19.149999618530277,17.799999237060547,17.90999984741211,17.90999984741211,1026500,0.0,0.0,1.0,18.950000762939453,17.90999984741211
2018-01-26,RIOT,yfinance,17.559999465942383,17.979999542236328,17.059999465942383,17.1299991607666,17.1299991607666,1056200,0.0,0.0,1.0,17.559999465942383,17.1299991607666
2018-01-29,RIOT,yfinance,16.850000381469727,17.0,15.100000381469728,15.229999542236328,15.229999542236328,1656600,0.0,0.0,1.0,16.850000381469727,15.229999542236328
2018-01-30,RIOT,yfinance,14.869999885559082,14.899999618530272,13.75,14.279999732971191,14.279999732971191,1665300,0.0,0.0,1.0,14.869999885559082,14.279999732971191
2018-01-31,RIOT,yfinance,14.5,15.670000076293944,13.359999656677246,13.75,13.75,1701600,0.0,0.0,1.0,14.5,13.75
2018-02-01,RIOT,yfinance,12.90999984741211,13.0,12.100000381469728,12.300000190734863,12.300000190734863,1953400,0.0,0.0,1.0,12.90999984741211,12.300000190734863
2018-02-02,RIOT,yfinance,12.079999923706056,12.75,11.600000381469728,12.15999984741211,12.15999984741211,1793400,0.0,0.0,1.0,12.079999923706056,12.15999984741211
2018-02-05,RIOT,yfinance,11.399999618530272,12.1899995803833,10.550000190734863,10.699999809265137,10.699999809265137,1493900,0.0,0.0,1.0,11.399999618530272,10.699999809265137
2018-02-06,RIOT,yfinance,10.399999618530272,13.489999771118164,10.399999618530272,12.949999809265137,12.949999809265137,2756700,0.0,0.0,1.0,10.399999618530272,12.949999809265137
2018-02-07,RIOT,yfinance,15.31999969482422,16.40999984741211,13.880000114440918,14.31999969482422,14.31999969482422,7206500,0.0,0.0,1.0,15.31999969482422,14.31999969482422
2018-02-08,RIOT,yfinance,15.800000190734863,15.899999618530272,14.25,14.890000343322754,14.890000343322754,2144100,0.0,0.0,1.0,15.800000190734863,14.890000343322754
2018-02-09,RIOT,yfinance,15.029999732971191,16.34000015258789,14.800000190734863,16.049999237060547,16.049999237060547,2522200,0.0,0.0,1.0,15.029999732971191,16.049999237060547
2018-02-12,RIOT,yfinance,16.56999969482422,18.13999938964844,16.56999969482422,17.540000915527344,17.540000915527344,3972600,0.0,0.0,1.0,16.56999969482422,17.540000915527344
2018-02-13,RIOT,yfinance,16.75,17.489999771118164,15.210000038146973,16.059999465942383,16.059999465942383,2853900,0.0,0.0,1.0,16.75,16.059999465942383
2018-02-14,RIOT,yfinance,17.200000762939453,17.399999618530273,16.5,16.59000015258789,16.59000015258789,1643900,0.0,0.0,1.0,17.200000762939453,16.59000015258789
2018-02-15,RIOT,yfinance,17.600000381469727,18.399999618530277,16.700000762939453,17.200000762939453,17.200000762939453,2700100,0.0,0.0,1.0,17.600000381469727,17.200000762939453
2018-02-16,RIOT,yfinance,14.09000015258789,15.199999809265137,10.550000190734863,11.460000038146973,11.460000038146973,12278400,0.0,0.0,1.0,14.09000015258789,11.460000038146973
2018-02-20,RIOT,yfinance,10.5,12.399999618530272,9.770000457763672,10.920000076293944,10.920000076293944,4636000,0.0,0.0,1.0,10.5,10.920000076293944
2018-02-21,RIOT,yfinance,10.699999809265137,11.390000343322754,10.5,10.600000381469728,10.600000381469728,1551700,0.0,0.0,1.0,10.699999809265137,10.600000381469728
2018-02-22,RIOT,yfinance,10.760000228881836,10.770000457763672,9.520000457763672,9.979999542236328,9.979999542236328,1809500,0.0,0.0,1.0,10.760000228881836,9.979999542236328
2018-02-23,RIOT,yfinance,9.850000381469728,10.4399995803833,9.815999984741213,10.270000457763672,10.270000457763672,1084200,0.0,0.0,1.0,9.850000381469728,10.270000457763672
2018-02-26,RIOT,yfinance,9.949999809265137,10.260000228881836,9.699999809265137,9.899999618530272,9.899999618530272,921100,0.0,0.0,1.0,9.949999809265137,9.899999618530272
2018-02-27,RIOT,yfinance,9.949999809265137,10.119999885559082,9.651000022888184,9.960000038146973,9.960000038146973,567900,0.0,0.0,1.0,9.949999809265137,9.960000038146973
2018-02-28,RIOT,yfinance,9.760000228881836,10.75,9.760000228881836,10.579999923706056,10.579999923706056,1229000,0.0,0.0,1.0,9.760000228881836,10.579999923706056
2018-03-01,RIOT,yfinance,9.93000030517578,10.720000267028809,9.90999984741211,10.130000114440918,10.130000114440918,1134100,0.0,0.0,1.0,9.93000030517578,10.130000114440918
2018-03-02,RIOT,yfinance,9.890000343322754,10.6899995803833,9.890000343322754,10.579999923706056,10.579999923706056,732400,0.0,0.0,1.0,9.890000343322754,10.579999923706056
2018-03-05,RIOT,yfinance,10.670000076293944,10.850000381469728,10.25,10.829999923706056,10.829999923706056,716900,0.0,0.0,1.0,10.670000076293944,10.829999923706056
2018-03-06,RIOT,yfinance,10.649999618530272,10.800000190734863,10.25,10.390000343322754,10.390000343322754,586400,0.0,0.0,1.0,10.649999618530272,10.390000343322754
2018-03-07,RIOT,yfinance,10.09000015258789,10.369999885559082,10.020000457763672,10.079999923706056,10.079999923706056,578600,0.0,0.0,1.0,10.09000015258789,10.079999923706056
2018-03-08,RIOT,yfinance,9.9399995803833,10.178999900817873,9.5600004196167,9.56999969482422,9.56999969482422,709700,0.0,0.0,1.0,9.9399995803833,9.56999969482422
2018-03-09,RIOT,yfinance,9.550000190734863,9.779999732971191,9.050000190734863,9.239999771118164,9.239999771118164,746700,0.0,0.0,1.0,9.550000190734863,9.239999771118164
2018-03-12,RIOT,yfinance,9.109999656677246,9.243000030517578,8.600000381469727,8.970000267028809,8.970000267028809,1322100,0.0,0.0,1.0,9.109999656677246,8.970000267028809
2018-03-13,RIOT,yfinance,8.829999923706055,8.920000076293945,8.539999961853027,8.699999809265137,8.699999809265137,565900,0.0,0.0,1.0,8.829999923706055,8.699999809265137
2018-03-14,RIOT,yfinance,8.300000190734863,8.699999809265137,8.050000190734863,8.149999618530273,8.149999618530273,727400,0.0,0.0,1.0,8.300000190734863,8.149999618530273
2018-03-15,RIOT,yfinance,8.119999885559082,8.289999961853027,7.329999923706055,7.510000228881836,7.510000228881836,1024000,0.0,0.0,1.0,8.119999885559082,7.510000228881836
2018-03-16,RIOT,yfinance,7.309999942779541,8.449999809265137,7.300000190734863,8.289999961853027,8.289999961853027,1203800,0.0,0.0,1.0,7.309999942779541,8.289999961853027
2018-03-19,RIOT,yfinance,8.119999885559082,8.75,7.849999904632568,8.420000076293945,8.420000076293945,1029600,0.0,0.0,1.0,8.119999885559082,8.420000076293945
2018-03-20,RIOT,yfinance,8.75,8.75,7.829999923706055,8.020000457763672,8.020000457763672,633900,0.0,0.0,1.0,8.75,8.020000457763672
2018-03-21,RIOT,yfinance,8.149999618530273,8.430000305175781,7.739999771118164,7.940000057220459,7.940000057220459,477300,0.0,0.0,1.0,8.149999618530273,7.940000057220459
2018-03-22,RIOT,yfinance,7.75,7.960000038146973,7.579999923706055,7.630000114440918,7.630000114440918,362400,0.0,0.0,1.0,7.75,7.630000114440918
2018-03-23,RIOT,yfinance,7.650000095367432,7.760000228881836,7.400000095367432,7.5,7.5,426900,0.0,0.0,1.0,7.650000095367432,7.5
2018-03-26,RIOT,yfinance,7.670000076293945,7.760000228881836,7.050000190734863,7.360000133514404,7.360000133514404,627100,0.0,0.0,1.0,7.670000076293945,7.360000133514404
2018-03-27,RIOT,yfinance,7.340000152587891,7.550000190734863,6.829999923706055,6.949999809265137,6.949999809265137,310000,0.0,0.0,1.0,7.340000152587891,6.949999809265137
2018-03-28,RIOT,yfinance,6.880000114440918,6.909999847412109,6.03000020980835,6.28000020980835,6.28000020980835,701400,0.0,0.0,1.0,6.880000114440918,6.28000020980835
2018-03-29,RIOT,yfinance,6.25,6.650000095367432,6.0,6.619999885559082,6.619999885559082,512300,0.0,0.0,1.0,6.25,6.619999885559082
2018-04-02,RIOT,yfinance,6.510000228881836,6.598999977111816,6.170000076293945,6.360000133514404,6.360000133514404,296500,0.0,0.0,1.0,6.510000228881836,6.360000133514404
2018-04-03,RIOT,yfinance,6.389999866485596,6.889999866485596,6.230999946594238,6.53000020980835,6.53000020980835,474500,0.0,0.0,1.0,6.389999866485596,6.53000020980835
2018-04-04,RIOT,yfinance,6.25,6.599999904632568,6.199999809265137,6.420000076293945,6.420000076293945,311000,0.0,0.0,1.0,6.25,6.420000076293945
2018-04-05,RIOT,yfinance,6.400000095367432,7.809999942779541,6.380000114440918,7.21999979019165,7.21999979019165,3419600,0.0,0.0,1.0,6.400000095367432,7.21999979019165
2018-04-06,RIOT,yfinance,7.179999828338623,7.769999980926514,6.53000020980835,6.639999866485596,6.639999866485596,1654500,0.0,0.0,1.0,7.179999828338623,6.639999866485596
2018-04-09,RIOT,yfinance,6.579999923706055,6.78000020980835,6.25,6.400000095367432,6.400000095367432,525200,0.0,0.0,1.0,6.579999923706055,6.400000095367432
2018-04-10,RIOT,yfinance,6.409999847412109,6.727000236511231,6.353000164031982,6.489999771118164,6.489999771118164,432200,0.0,0.0,1.0,6.409999847412109,6.489999771118164
2018-04-11,RIOT,yfinance,6.349999904632568,7.099999904632568,6.349999904632568,6.619999885559082,6.619999885559082,564700,0.0,0.0,1.0,6.349999904632568,6.619999885559082
2018-04-12,RIOT,yfinance,7.349999904632568,8.199999809265137,7.119999885559082,7.46999979019165,7.46999979019165,4072800,0.0,0.0,1.0,7.349999904632568,7.46999979019165
2018-04-13,RIOT,yfinance,8.039999961853027,8.359999656677246,7.5,7.75,7.75,1567600,0.0,0.0,1.0,8.039999961853027,7.75
2018-04-16,RIOT,yfinance,7.699999809265137,7.699999809265137,7.059999942779541,7.309999942779541,7.309999942779541,595400,0.0,0.0,1.0,7.699999809265137,7.309999942779541
2018-04-17,RIOT,yfinance,7.320000171661377,7.869999885559082,7.289999961853027,7.300000190734863,7.300000190734863,635300,0.0,0.0,1.0,7.320000171661377,7.300000190734863
2018-04-18,RIOT,yfinance,6.949999809265137,7.190000057220459,6.840000152587891,6.869999885559082,6.869999885559082,745700,0.0,0.0,1.0,6.949999809265137,6.869999885559082
2018-04-19,RIOT,yfinance,6.75,6.75,6.25,6.699999809265137,6.699999809265137,745000,0.0,0.0,1.0,6.75,6.699999809265137
2018-04-20,RIOT,yfinance,6.659999847412109,6.949999809265137,6.560999870300293,6.650000095367432,6.650000095367432,454100,0.0,0.0,1.0,6.659999847412109,6.650000095367432
2018-04-23,RIOT,yfinance,6.659999847412109,6.89900016784668,6.460000038146973,6.550000190734863,6.550000190734863,356800,0.0,0.0,1.0,6.659999847412109,6.550000190734863
2018-04-24,RIOT,yfinance,6.900000095367432,7.65500020980835,6.639999866485596,7.579999923706055,7.579999923706055,1451300,0.0,0.0,1.0,6.900000095367432,7.579999923706055
2018-04-25,RIOT,yfinance,7.300000190734863,7.480000019073486,7.0,7.360000133514404,7.360000133514404,673500,0.0,0.0,1.0,7.300000190734863,7.360000133514404
2018-04-26,RIOT,yfinance,7.320000171661377,7.880000114440918,7.241000175476074,7.46999979019165,7.46999979019165,658200,0.0,0.0,1.0,7.320000171661377,7.46999979019165
2018-04-27,RIOT,yfinance,7.550000190734863,7.659999847412109,7.360000133514404,7.489999771118164,7.489999771118164,350400,0.0,0.0,1.0,7.550000190734863,7.489999771118164
2018-04-30,RIOT,yfinance,7.460000038146973,7.489999771118164,7.130000114440918,7.21999979019165,7.21999979019165,409800,0.0,0.0,1.0,7.460000038146973,7.21999979019165
2018-05-01,RIOT,yfinance,7.139999866485596,7.46999979019165,7.019999980926514,7.320000171661377,7.320000171661377,262300,0.0,0.0,1.0,7.139999866485596,7.320000171661377
2018-05-02,RIOT,yfinance,7.369999885559082,7.369999885559082,7.14300012588501,7.239999771118164,7.239999771118164,215600,0.0,0.0,1.0,7.369999885559082,7.239999771118164
2018-05-03,RIOT,yfinance,7.360000133514404,7.670000076293945,7.110000133514404,7.639999866485596,7.639999866485596,362000,0.0,0.0,1.0,7.360000133514404,7.639999866485596
2018-05-04,RIOT,yfinance,7.900000095367432,8.149999618530273,7.410999774932861,7.559999942779541,7.559999942779541,672300,0.0,0.0,1.0,7.900000095367432,7.559999942779541
2018-05-07,RIOT,yfinance,7.309999942779541,7.800000190734863,7.309999942779541,7.579999923706055,7.579999923706055,428700,0.0,0.0,1.0,7.309999942779541,7.579999923706055
2018-05-08,RIOT,yfinance,7.559999942779541,7.77400016784668,7.340000152587891,7.400000095367432,7.400000095367432,280800,0.0,0.0,1.0,7.559999942779541,7.400000095367432
2018-05-09,RIOT,yfinance,7.400000095367432,7.590000152587891,7.320000171661377,7.440000057220459,7.440000057220459,369800,0.0,0.0,1.0,7.400000095367432,7.440000057220459
2018-05-10,RIOT,yfinance,7.409999847412109,7.650000095367432,7.150000095367432,7.230000019073486,7.230000019073486,430400,0.0,0.0,1.0,7.409999847412109,7.230000019073486
2018-05-11,RIOT,yfinance,7.440000057220459,7.550000190734863,7.269999980926514,7.380000114440918,7.380000114440918,544400,0.0,0.0,1.0,7.440000057220459,7.380000114440918
2018-05-14,RIOT,yfinance,7.400000095367432,7.730000019073486,7.380000114440918,7.630000114440918,7.630000114440918,374900,0.0,0.0,1.0,7.400000095367432,7.630000114440918
2018-05-15,RIOT,yfinance,7.599999904632568,7.949999809265137,7.579999923706055,7.829999923706055,7.829999923706055,297400,0.0,0.0,1.0,7.599999904632568,7.829999923706055
2018-05-16,RIOT,yfinance,7.800000190734863,8.640000343322754,7.650000095367432,8.5,8.5,998300,0.0,0.0,1.0,7.800000190734863,8.5
2018-05-17,RIOT,yfinance,8.5,9.75,8.149999618530273,9.510000228881836,9.510000228881836,1868000,0.0,0.0,1.0,8.5,9.510000228881836
2018-05-18,RIOT,yfinance,9.479999542236328,9.479999542236328,8.569999694824219,9.0,9.0,1467100,0.0,0.0,1.0,9.479999542236328,9.0
2018-05-21,RIOT,yfinance,8.850000381469727,9.100000381469728,8.109999656677246,8.279999732971191,8.279999732971191,806500,0.0,0.0,1.0,8.850000381469727,8.279999732971191
2018-05-22,RIOT,yfinance,8.0600004196167,8.5,7.840000152587891,7.849999904632568,7.849999904632568,617100,0.0,0.0,1.0,8.0600004196167,7.849999904632568
2018-05-23,RIOT,yfinance,7.78000020980835,8.050000190734863,7.5,7.889999866485596,7.889999866485596,634400,0.0,0.0,1.0,7.78000020980835,7.889999866485596
2018-05-24,RIOT,yfinance,7.789999961853027,7.880000114440918,7.599999904632568,7.789999961853027,7.789999961853027,327600,0.0,0.0,1.0,7.789999961853027,7.789999961853027
2018-05-25,RIOT,yfinance,7.730000019073486,7.760000228881836,7.550000190734863,7.590000152587891,7.590000152587891,224400,0.0,0.0,1.0,7.730000019073486,7.590000152587891
2018-05-29,RIOT,yfinance,7.53000020980835,7.559999942779541,7.0,7.079999923706055,7.079999923706055,516300,0.0,0.0,1.0,7.53000020980835,7.079999923706055
2018-05-30,RIOT,yfinance,7.079999923706055,7.150000095367432,6.820000171661377,6.96999979019165,6.96999979019165,409100,0.0,0.0,1.0,7.079999923706055,6.96999979019165
2018-05-31,RIOT,yfinance,6.96999979019165,7.110000133514404,6.820000171661377,6.980000019073486,6.980000019073486,238100,0.0,0.0,1.0,6.96999979019165,6.980000019073486
2018-06-01,RIOT,yfinance,6.929999828338623,7.699999809265137,6.929999828338623,7.389999866485596,7.389999866485596,1010600,0.0,0.0,1.0,6.929999828338623,7.389999866485596
2018-06-04,RIOT,yfinance,7.590000152587891,8.149999618530273,7.5,7.730000019073486,7.730000019073486,689000,0.0,0.0,1.0,7.590000152587891,7.730000019073486
2018-06-05,RIOT,yfinance,7.730000019073486,8.029999732971191,7.610000133514404,7.800000190734863,7.800000190734863,298300,0.0,0.0,1.0,7.730000019073486,7.800000190734863
2018-06-06,RIOT,yfinance,7.789999961853027,8.0,7.75,7.78000020980835,7.78000020980835,325700,0.0,0.0,1.0,7.789999961853027,7.78000020980835
2018-06-07,RIOT,yfinance,7.710000038146973,7.920000076293945,7.5,7.650000095367432,7.650000095367432,220400,0.0,0.0,1.0,7.710000038146973,7.650000095367432
2018-06-08,RIOT,yfinance,7.610000133514404,7.875,7.409999847412109,7.710000038146973,7.710000038146973,188500,0.0,0.0,1.0,7.610000133514404,7.710000038146973
2018-06-11,RIOT,yfinance,7.610000133514404,7.679999828338623,7.199999809265137,7.440000057220459,7.440000057220459,336000,0.0,0.0,1.0,7.610000133514404,7.440000057220459
2018-06-12,RIOT,yfinance,7.5,7.744999885559082,7.349999904632568,7.360000133514404,7.360000133514404,245300,0.0,0.0,1.0,7.5,7.360000133514404
2018-06-13,RIOT,yfinance,7.309999942779541,7.473999977111816,7.210000038146973,7.260000228881836,7.260000228881836,232700,0.0,0.0,1.0,7.309999942779541,7.260000228881836
2018-06-14,RIOT,yfinance,7.25,7.699999809265137,7.25,7.539999961853027,7.539999961853027,283300,0.0,0.0,1.0,7.25,7.539999961853027
2018-06-15,RIOT,yfinance,7.409999847412109,7.570000171661377,7.260000228881836,7.400000095367432,7.400000095367432,248200,0.0,0.0,1.0,7.409999847412109,7.400000095367432
2018-06-18,RIOT,yfinance,7.260000228881836,7.519999980926514,7.260000228881836,7.380000114440918,7.380000114440918,214100,0.0,0.0,1.0,7.260000228881836,7.380000114440918
2018-06-19,RIOT,yfinance,7.329999923706055,7.480000019073486,7.159999847412109,7.320000171661377,7.320000171661377,163400,0.0,0.0,1.0,7.329999923706055,7.320000171661377
2018-06-20,RIOT,yfinance,7.230000019073486,7.599999904632568,7.21999979019165,7.349999904632568,7.349999904632568,245900,0.0,0.0,1.0,7.230000019073486,7.349999904632568
2018-06-21,RIOT,yfinance,7.670000076293945,7.75,7.010000228881836,7.269999980926514,7.269999980926514,426600,0.0,0.0,1.0,7.670000076293945,7.269999980926514
2018-06-22,RIOT,yfinance,7.150000095367432,7.238999843597412,6.820000171661377,6.880000114440918,6.880000114440918,539100,0.0,0.0,1.0,7.150000095367432,6.880000114440918
2018-06-25,RIOT,yfinance,6.800000190734863,6.849999904632568,6.409999847412109,6.570000171661377,6.570000171661377,509400,0.0,0.0,1.0,6.800000190734863,6.570000171661377
2018-06-26,RIOT,yfinance,6.579999923706055,7.110000133514404,6.539999961853027,6.800000190734863,6.800000190734863,343600,0.0,0.0,1.0,6.579999923706055,6.800000190734863
2018-06-27,RIOT,yfinance,6.800000190734863,6.929999828338623,6.53000020980835,6.590000152587891,6.590000152587891,226700,0.0,0.0,1.0,6.800000190734863,6.590000152587891
2018-06-28,RIOT,yfinance,6.550000190734863,6.71999979019165,6.38100004196167,6.559999942779541,6.559999942779541,239000,0.0,0.0,1.0,6.550000190734863,6.559999942779541
2018-06-29,RIOT,yfinance,6.650000095367432,6.75,6.28000020980835,6.340000152587891,6.340000152587891,316800,0.0,0.0,1.0,6.650000095367432,6.340000152587891
2018-07-02,RIOT,yfinance,6.28000020980835,6.880000114440918,6.28000020980835,6.380000114440918,6.380000114440918,482000,0.0,0.0,1.0,6.28000020980835,6.380000114440918
2018-07-03,RIOT,yfinance,6.460000038146973,6.488999843597412,6.111000061035156,6.25,6.25,272800,0.0,0.0,1.0,6.460000038146973,6.25
2018-07-05,RIOT,yfinance,6.28000020980835,6.39900016784668,6.0,6.010000228881836,6.010000228881836,510700,0.0,0.0,1.0,6.28000020980835,6.010000228881836
2018-07-06,RIOT,yfinance,6.010000228881836,6.079999923706055,5.035999774932861,5.150000095367432,5.150000095367432,1242000,0.0,0.0,1.0,6.010000228881836,5.150000095367432
2018-07-09,RIOT,yfinance,5.289999961853027,5.289999961853027,4.800000190734863,4.864999771118164,4.864999771118164,902300,0.0,0.0,1.0,5.289999961853027,4.864999771118164
2018-07-10,RIOT,yfinance,4.920000076293945,4.945000171661377,4.489999771118164,4.650000095367432,4.650000095367432,779700,0.0,0.0,1.0,4.920000076293945,4.650000095367432
2018-07-11,RIOT,yfinance,4.550000190734863,4.900000095367432,4.409999847412109,4.679999828338623,4.679999828338623,490400,0.0,0.0,1.0,4.550000190734863,4.679999828338623
2018-07-12,RIOT,yfinance,4.730000019073486,4.807000160217285,4.46999979019165,4.570000171661377,4.570000171661377,295900,0.0,0.0,1.0,4.730000019073486,4.570000171661377
2018-07-13,RIOT,yfinance,4.599999904632568,4.798999786376953,4.429999828338623,4.659999847412109,4.659999847412109,237100,0.0,0.0,1.0,4.599999904632568,4.659999847412109
2018-07-16,RIOT,yfinance,4.639999866485596,4.789000034332275,4.550000190734863,4.570000171661377,4.570000171661377,200400,0.0,0.0,1.0,4.639999866485596,4.570000171661377
2018-07-17,RIOT,yfinance,4.599999904632568,6.599999904632568,4.570000171661377,6.289999961853027,6.289999961853027,8344400,0.0,0.0,1.0,4.599999904632568,6.289999961853027
2018-07-18,RIOT,yfinance,6.130000114440918,6.460000038146973,5.599999904632568,5.730000019073486,5.730000019073486,5603600,0.0,0.0,1.0,6.130000114440918,5.730000019073486
2018-07-19,RIOT,yfinance,5.769999980926514,6.300000190734863,5.769999980926514,6.070000171661377,6.070000171661377,2385000,0.0,0.0,1.0,5.769999980926514,6.070000171661377
2018-07-20,RIOT,yfinance,6.059999942779541,6.639999866485596,5.809999942779541,5.900000095367432,5.900000095367432,2510500,0.0,0.0,1.0,6.059999942779541,5.900000095367432
2018-07-23,RIOT,yfinance,6.289999961853027,6.699999809265137,6.070000171661377,6.590000152587891,6.590000152587891,3070500,0.0,0.0,1.0,6.289999961853027,6.590000152587891
2018-07-24,RIOT,yfinance,7.590000152587891,8.555000305175781,7.150000095367432,8.399999618530273,8.399999618530273,13595300,0.0,0.0,1.0,7.590000152587891,8.399999618530273
2018-07-25,RIOT,yfinance,7.880000114440918,8.270000457763672,7.380000114440918,7.980000019073486,7.980000019073486,3911300,0.0,0.0,1.0,7.880000114440918,7.980000019073486
2018-07-26,RIOT,yfinance,7.920000076293945,8.180000305175781,7.800000190734863,7.900000095367432,7.900000095367432,1115200,0.0,0.0,1.0,7.920000076293945,7.900000095367432
2018-07-27,RIOT,yfinance,7.489999771118164,7.809999942779541,7.03000020980835,7.590000152587891,7.590000152587891,2144400,0.0,0.0,1.0,7.489999771118164,7.590000152587891
2018-07-30,RIOT,yfinance,7.599999904632568,7.639999866485596,7.170000076293945,7.619999885559082,7.619999885559082,870400,0.0,0.0,1.0,7.599999904632568,7.619999885559082
2018-07-31,RIOT,yfinance,7.369999885559082,7.519999980926514,6.460000038146973,6.489999771118164,6.489999771118164,1569000,0.0,0.0,1.0,7.369999885559082,6.489999771118164
2018-08-01,RIOT,yfinance,6.679999828338623,6.679999828338623,6.300000190734863,6.429999828338623,6.429999828338623,760000,0.0,0.0,1.0,6.679999828338623,6.429999828338623
2018-08-02,RIOT,yfinance,6.329999923706055,6.800000190734863,6.300000190734863,6.789999961853027,6.789999961853027,1270700,0.0,0.0,1.0,6.329999923706055,6.789999961853027
2018-08-03,RIOT,yfinance,6.329999923706055,7.170000076293945,6.329999923706055,6.829999923706055,6.829999923706055,1245100,0.0,0.0,1.0,6.329999923706055,6.829999923706055
2018-08-06,RIOT,yfinance,6.809999942779541,6.96999979019165,6.519999980926514,6.800000190734863,6.800000190734863,564300,0.0,0.0,1.0,6.809999942779541,6.800000190734863
2018-08-07,RIOT,yfinance,7.150000095367432,7.150000095367432,6.861000061035156,6.929999828338623,6.929999828338623,643900,0.0,0.0,1.0,7.150000095367432,6.929999828338623
2018-08-08,RIOT,yfinance,6.630000114440918,6.800000190734863,6.552999973297119,6.730000019073486,6.730000019073486,612500,0.0,0.0,1.0,6.630000114440918,6.730000019073486
2018-08-09,RIOT,yfinance,6.599999904632568,7.050000190734863,6.599999904632568,6.800000190734863,6.800000190734863,511700,0.0,0.0,1.0,6.599999904632568,6.800000190734863
2018-08-10,RIOT,yfinance,6.869999885559082,7.300000190734863,6.800000190734863,6.960000038146973,6.960000038146973,762400,0.0,0.0,1.0,6.869999885559082,6.960000038146973
2018-08-13,RIOT,yfinance,6.880000114440918,6.948999881744385,6.630000114440918,6.710000038146973,6.710000038146973,385100,0.0,0.0,1.0,6.880000114440918,6.710000038146973
2018-08-14,RIOT,yfinance,6.650000095367432,6.940000057220459,6.610000133514404,6.650000095367432,6.650000095367432,341300,0.0,0.0,1.0,6.650000095367432,6.650000095367432
2018-08-15,RIOT,yfinance,6.5,6.630000114440918,5.340000152587891,5.349999904632568,5.349999904632568,1468300,0.0,0.0,1.0,6.5,5.349999904632568
2018-08-16,RIOT,yfinance,5.070000171661377,5.53000020980835,4.760000228881836,5.389999866485596,5.389999866485596,1032300,0.0,0.0,1.0,5.070000171661377,5.389999866485596
2018-08-17,RIOT,yfinance,5.510000228881836,5.590000152587891,5.300000190734863,5.369999885559082,5.369999885559082,255900,0.0,0.0,1.0,5.510000228881836,5.369999885559082
2018-08-20,RIOT,yfinance,5.360000133514404,5.449999809265137,4.949999809265137,5.309999942779541,5.309999942779541,425100,0.0,0.0,1.0,5.360000133514404,5.309999942779541
2018-08-21,RIOT,yfinance,5.340000152587891,5.449999809265137,5.21999979019165,5.309999942779541,5.309999942779541,366100,0.0,0.0,1.0,5.340000152587891,5.309999942779541
2018-08-22,RIOT,yfinance,5.360000133514404,5.880000114440918,5.360000133514404,5.630000114440918,5.630000114440918,604600,0.0,0.0,1.0,5.360000133514404,5.630000114440918
2018-08-23,RIOT,yfinance,5.630000114440918,5.690000057220459,5.449999809265137,5.46999979019165,5.46999979019165,390200,0.0,0.0,1.0,5.630000114440918,5.46999979019165
2018-08-24,RIOT,yfinance,5.429999828338623,5.730000019073486,5.400000095367432,5.5,5.5,330500,0.0,0.0,1.0,5.429999828338623,5.5
2018-08-27,RIOT,yfinance,5.630000114440918,6.070000171661377,5.550000190734863,5.760000228881836,5.760000228881836,980900,0.0,0.0,1.0,5.630000114440918,5.760000228881836
2018-08-28,RIOT,yfinance,6.179999828338623,6.46999979019165,6.010000228881836,6.309999942779541,6.309999942779541,1369300,0.0,0.0,1.0,6.179999828338623,6.309999942779541
2018-08-29,RIOT,yfinance,6.429999828338623,6.436999797821045,6.050000190734863,6.21999979019165,6.21999979019165,508400,0.0,0.0,1.0,6.429999828338623,6.21999979019165
2018-08-30,RIOT,yfinance,6.099999904632568,6.25,5.940000057220459,6.099999904632568,6.099999904632568,365000,0.0,0.0,1.0,6.099999904632568,6.099999904632568
2018-08-31,RIOT,yfinance,6.070000171661377,6.439000129699707,6.050000190734863,6.300000190734863,6.300000190734863,412400,0.0,0.0,1.0,6.070000171661377,6.300000190734863
2018-09-04,RIOT,yfinance,6.539999961853027,6.789999961853027,6.130000114440918,6.190000057220459,6.190000057220459,871300,0.0,0.0,1.0,6.539999961853027,6.190000057220459
2018-09-05,RIOT,yfinance,6.050000190734863,6.050000190734863,5.570000171661377,5.710000038146973,5.710000038146973,558900,0.0,0.0,1.0,6.050000190734863,5.710000038146973
2018-09-06,RIOT,yfinance,5.739999771118164,5.800000190734863,5.559999942779541,5.679999828338623,5.679999828338623,285800,0.0,0.0,1.0,5.739999771118164,5.679999828338623
2018-09-07,RIOT,yfinance,5.650000095367432,5.820000171661377,4.28000020980835,4.300000190734863,4.300000190734863,1781200,0.0,0.0,1.0,5.650000095367432,4.300000190734863
2018-09-10,RIOT,yfinance,4.360000133514404,4.650000095367432,4.349999904632568,4.5,4.5,697000,0.0,0.0,1.0,4.360000133514404,4.5
2018-09-11,RIOT,yfinance,4.460000038146973,4.510000228881836,4.111000061035156,4.289999961853027,4.289999961853027,603000,0.0,0.0,1.0,4.460000038146973,4.289999961853027
2018-09-12,RIOT,yfinance,4.230000019073486,4.297999858856201,3.609999895095825,3.740000009536743,3.740000009536743,1145000,0.0,0.0,1.0,4.230000019073486,3.740000009536743
2018-09-13,RIOT,yfinance,3.75,3.930999994277954,3.609999895095825,3.799999952316284,3.799999952316284,826300,0.0,0.0,1.0,3.75,3.799999952316284
2018-09-14,RIOT,yfinance,3.759999990463257,3.940000057220459,3.630000114440918,3.940000057220459,3.940000057220459,506900,0.0,0.0,1.0,3.759999990463257,3.940000057220459
2018-09-17,RIOT,yfinance,3.920000076293945,3.940000057220459,3.7300000190734863,3.809999942779541,3.809999942779541,384500,0.0,0.0,1.0,3.920000076293945,3.809999942779541
2018-09-18,RIOT,yfinance,3.819999933242798,3.930000066757202,3.809999942779541,3.890000104904175,3.890000104904175,201200,0.0,0.0,1.0,3.819999933242798,3.890000104904175
2018-09-19,RIOT,yfinance,3.7799999713897705,4.170000076293945,3.7799999713897705,4.119999885559082,4.119999885559082,446700,0.0,0.0,1.0,3.7799999713897705,4.119999885559082
2018-09-20,RIOT,yfinance,4.159999847412109,4.159999847412109,4.010000228881836,4.090000152587891,4.090000152587891,296500,0.0,0.0,1.0,4.159999847412109,4.090000152587891
2018-09-21,RIOT,yfinance,4.28000020980835,4.289999961853027,3.940000057220459,3.990000009536743,3.990000009536743,536900,0.0,0.0,1.0,4.28000020980835,3.990000009536743
2018-09-24,RIOT,yfinance,3.950000047683716,4.139999866485596,3.921000003814697,4.079999923706055,4.079999923706055,279600,0.0,0.0,1.0,3.950000047683716,4.079999923706055
2018-09-25,RIOT,yfinance,4.070000171661377,4.090000152587891,3.950000047683716,3.950000047683716,3.950000047683716,226800,0.0,0.0,1.0,4.070000171661377,3.950000047683716
2018-09-26,RIOT,yfinance,3.950000047683716,3.990000009536743,3.700000047683716,3.819999933242798,3.819999933242798,348900,0.0,0.0,1.0,3.950000047683716,3.819999933242798
2018-09-27,RIOT,yfinance,3.829999923706055,3.869999885559082,3.75,3.7799999713897705,3.7799999713897705,230400,0.0,0.0,1.0,3.829999923706055,3.7799999713897705
2018-09-28,RIOT,yfinance,3.7799999713897705,3.849999904632568,3.5299999713897705,3.650000095367432,3.650000095367432,312300,0.0,0.0,1.0,3.7799999713897705,3.650000095367432
2018-10-01,RIOT,yfinance,3.740000009536743,3.759000062942505,3.359999895095825,3.450000047683716,3.450000047683716,537000,0.0,0.0,1.0,3.740000009536743,3.450000047683716
2018-10-02,RIOT,yfinance,3.400000095367432,3.5,3.359999895095825,3.4200000762939453,3.4200000762939453,222400,0.0,0.0,1.0,3.400000095367432,3.4200000762939453
2018-10-03,RIOT,yfinance,3.4600000381469727,3.470000028610229,3.299999952316284,3.431999921798706,3.431999921798706,312900,0.0,0.0,1.0,3.4600000381469727,3.431999921798706
2018-10-04,RIOT,yfinance,3.440000057220459,3.48799991607666,3.299999952316284,3.359999895095825,3.359999895095825,140700,0.0,0.0,1.0,3.440000057220459,3.359999895095825
2018-10-05,RIOT,yfinance,3.3399999141693115,3.4600000381469727,2.9100000858306885,3.0199999809265137,3.0199999809265137,511000,0.0,0.0,1.0,3.3399999141693115,3.0199999809265137
2018-10-08,RIOT,yfinance,3.0199999809265137,3.117000102996826,2.8299999237060547,2.8499999046325684,2.8499999046325684,359300,0.0,0.0,1.0,3.0199999809265137,2.8499999046325684
2018-10-09,RIOT,yfinance,2.8499999046325684,2.884000062942505,2.6700000762939453,2.7100000381469727,2.7100000381469727,348600,0.0,0.0,1.0,2.8499999046325684,2.7100000381469727
2018-10-10,RIOT,yfinance,2.720000028610229,2.7300000190734863,2.150000095367432,2.1700000762939453,2.1700000762939453,919500,0.0,0.0,1.0,2.720000028610229,2.1700000762939453
2018-10-11,RIOT,yfinance,2.150000095367432,2.319999933242798,2.150000095367432,2.1600000858306885,2.1600000858306885,662000,0.0,0.0,1.0,2.150000095367432,2.1600000858306885
2018-10-12,RIOT,yfinance,2.220000028610229,3.109999895095825,2.220000028610229,2.569999933242798,2.569999933242798,4990700,0.0,0.0,1.0,2.220000028610229,2.569999933242798
2018-10-15,RIOT,yfinance,2.799999952316284,2.890000104904175,2.621999979019165,2.700000047683716,2.700000047683716,949300,0.0,0.0,1.0,2.799999952316284,2.700000047683716
2018-10-16,RIOT,yfinance,2.8299999237060547,2.990000009536743,2.5999999046325684,2.9600000381469727,2.9600000381469727,765100,0.0,0.0,1.0,2.8299999237060547,2.9600000381469727
2018-10-17,RIOT,yfinance,2.9800000190734863,2.9800000190734863,2.619999885559082,2.720000028610229,2.720000028610229,667300,0.0,0.0,1.0,2.9800000190734863,2.720000028610229
2018-10-18,RIOT,yfinance,2.650000095367432,2.700000047683716,2.4600000381469727,2.5299999713897705,2.5299999713897705,360300,0.0,0.0,1.0,2.650000095367432,2.5299999713897705
2018-10-19,RIOT,yfinance,2.539999961853028,2.720000028610229,2.4100000858306885,2.4800000190734863,2.4800000190734863,399300,0.0,0.0,1.0,2.539999961853028,2.4800000190734863
2018-10-22,RIOT,yfinance,2.470000028610229,2.5299999713897705,2.299999952316284,2.390000104904175,2.390000104904175,383500,0.0,0.0,1.0,2.470000028610229,2.390000104904175
2018-10-23,RIOT,yfinance,2.309999942779541,2.430000066757202,2.2070000171661377,2.400000095367432,2.400000095367432,335900,0.0,0.0,1.0,2.309999942779541,2.400000095367432
2018-10-24,RIOT,yfinance,2.4100000858306885,2.680000066757202,2.3499999046325684,2.369999885559082,2.369999885559082,726800,0.0,0.0,1.0,2.4100000858306885,2.369999885559082
2018-10-25,RIOT,yfinance,2.380000114440918,2.4800000190734863,2.359999895095825,2.4200000762939453,2.4200000762939453,206700,0.0,0.0,1.0,2.380000114440918,2.4200000762939453
2018-10-26,RIOT,yfinance,2.390000104904175,2.650000095367432,2.380000114440918,2.5199999809265137,2.5199999809265137,256300,0.0,0.0,1.0,2.390000104904175,2.5199999809265137
2018-10-29,RIOT,yfinance,2.539999961853028,2.650000095367432,2.380000114440918,2.4100000858306885,2.4100000858306885,296400,0.0,0.0,1.0,2.539999961853028,2.4100000858306885
2018-10-30,RIOT,yfinance,2.4200000762939453,2.5,2.25,2.2799999713897705,2.2799999713897705,206700,0.0,0.0,1.0,2.4200000762939453,2.2799999713897705
2018-10-31,RIOT,yfinance,2.369999885559082,2.400000095367432,2.25,2.359999895095825,2.359999895095825,260900,0.0,0.0,1.0,2.369999885559082,2.359999895095825
2018-11-01,RIOT,yfinance,2.369999885559082,2.5899999141693115,2.369999885559082,2.559999942779541,2.559999942779541,395400,0.0,0.0,1.0,2.369999885559082,2.559999942779541
2018-11-02,RIOT,yfinance,2.5899999141693115,2.690000057220459,2.450000047683716,2.539999961853028,2.539999961853028,316700,0.0,0.0,1.0,2.5899999141693115,2.539999961853028
2018-11-05,RIOT,yfinance,2.5299999713897705,2.690000057220459,2.509999990463257,2.509999990463257,2.509999990463257,280300,0.0,0.0,1.0,2.5299999713897705,2.509999990463257
2018-11-06,RIOT,yfinance,2.5199999809265137,3.3299999237060547,2.502000093460083,2.950000047683716,2.950000047683716,2702300,0.0,0.0,1.0,2.5199999809265137,2.950000047683716
2018-11-07,RIOT,yfinance,3.0199999809265137,3.119999885559082,2.7239999771118164,2.900000095367432,2.900000095367432,891300,0.0,0.0,1.0,3.0199999809265137,2.900000095367432
2018-11-08,RIOT,yfinance,2.880000114440918,2.880000114440918,2.5299999713897705,2.569999933242798,2.569999933242798,622600,0.0,0.0,1.0,2.880000114440918,2.569999933242798
2018-11-09,RIOT,yfinance,2.619999885559082,2.6619999408721924,2.5199999809265137,2.559999942779541,2.559999942779541,253600,0.0,0.0,1.0,2.619999885559082,2.559999942779541
2018-11-12,RIOT,yfinance,2.539999961853028,2.617000102996826,2.299999952316284,2.359999895095825,2.359999895095825,402700,0.0,0.0,1.0,2.539999961853028,2.359999895095825
2018-11-13,RIOT,yfinance,2.3299999237060547,2.526000022888184,2.3299999237060547,2.5,2.5,273300,0.0,0.0,1.0,2.3299999237060547,2.5
2018-11-14,RIOT,yfinance,2.5,2.5980000495910645,2.200000047683716,2.200000047683716,2.200000047683716,494300,0.0,0.0,1.0,2.5,2.200000047683716
2018-11-15,RIOT,yfinance,2.25,2.3499999046325684,2.150000095367432,2.244999885559082,2.244999885559082,347300,0.0,0.0,1.0,2.25,2.244999885559082
2018-11-16,RIOT,yfinance,2.289999961853028,2.369999885559082,2.1700000762939453,2.190000057220459,2.190000057220459,256900,0.0,0.0,1.0,2.289999961853028,2.190000057220459
2018-11-19,RIOT,yfinance,2.1700000762939453,2.240000009536743,1.8600000143051147,1.8899999856948853,1.8899999856948853,734300,0.0,0.0,1.0,2.1700000762939453,1.8899999856948853
2018-11-20,RIOT,yfinance,1.8200000524520876,1.850000023841858,1.649999976158142,1.850000023841858,1.850000023841858,501200,0.0,0.0,1.0,1.8200000524520876,1.850000023841858
2018-11-21,RIOT,yfinance,1.909999966621399,1.9700000286102293,1.8509999513626096,1.909999966621399,1.909999966621399,329400,0.0,0.0,1.0,1.909999966621399,1.909999966621399
2018-11-23,RIOT,yfinance,1.909999966621399,1.9800000190734863,1.809999942779541,1.850000023841858,1.850000023841858,212800,0.0,0.0,1.0,1.909999966621399,1.850000023841858
2018-11-26,RIOT,yfinance,2.0,2.0,1.7699999809265137,1.830000042915344,1.830000042915344,244200,0.0,0.0,1.0,2.0,1.830000042915344
2018-11-27,RIOT,yfinance,1.7699999809265137,1.8899999856948853,1.7000000476837158,1.7699999809265137,1.7699999809265137,196800,0.0,0.0,1.0,1.7699999809265137,1.7699999809265137
2018-11-28,RIOT,yfinance,2.0,2.5,1.909999966621399,2.0899999141693115,2.0899999141693115,2223300,0.0,0.0,1.0,2.0,2.0899999141693115
2018-11-29,RIOT,yfinance,2.200000047683716,2.3399999141693115,1.919999957084656,1.950000047683716,1.950000047683716,1113500,0.0,0.0,1.0,2.200000047683716,1.950000047683716
2018-11-30,RIOT,yfinance,1.899999976158142,1.950000047683716,1.7599999904632568,1.8600000143051147,1.8600000143051147,681400,0.0,0.0,1.0,1.899999976158142,1.8600000143051147
2018-12-03,RIOT,yfinance,1.9299999475479128,1.9299999475479128,1.75,1.830000042915344,1.830000042915344,300100,0.0,0.0,1.0,1.9299999475479128,1.830000042915344
2018-12-04,RIOT,yfinance,1.899999976158142,1.899999976158142,1.75,1.7599999904632568,1.7599999904632568,311700,0.0,0.0,1.0,1.899999976158142,1.7599999904632568
2018-12-06,RIOT,yfinance,1.7999999523162842,1.850000023841858,1.7000000476837158,1.7899999618530271,1.7899999618530271,317300,0.0,0.0,1.0,1.7999999523162842,1.7899999618530271
2018-12-07,RIOT,yfinance,1.7200000286102295,1.819000005722046,1.7100000381469729,1.7300000190734863,1.7300000190734863,211700,0.0,0.0,1.0,1.7200000286102295,1.7300000190734863
2018-12-10,RIOT,yfinance,1.7599999904632568,1.7699999809265137,1.6799999475479126,1.690000057220459,1.690000057220459,157900,0.0,0.0,1.0,1.7599999904632568,1.690000057220459
2018-12-11,RIOT,yfinance,1.7000000476837158,1.7300000190734863,1.4900000095367432,1.5399999618530271,1.5399999618530271,521400,0.0,0.0,1.0,1.7000000476837158,1.5399999618530271
2018-12-12,RIOT,yfinance,1.5,1.7000000476837158,1.493000030517578,1.6050000190734863,1.6050000190734863,680600,0.0,0.0,1.0,1.5,1.6050000190734863
2018-12-13,RIOT,yfinance,1.5099999904632568,1.600000023841858,1.4500000476837158,1.5399999618530271,1.5399999618530271,326500,0.0,0.0,1.0,1.5099999904632568,1.5399999618530271
2018-12-14,RIOT,yfinance,1.4800000190734863,1.5299999713897705,1.350000023841858,1.350000023841858,1.350000023841858,438000,0.0,0.0,1.0,1.4800000190734863,1.350000023841858
2018-12-17,RIOT,yfinance,1.409999966621399,1.850000023841858,1.409999966621399,1.7899999618530271,1.7899999618530271,1454900,0.0,0.0,1.0,1.409999966621399,1.7899999618530271
2018-12-18,RIOT,yfinance,1.940000057220459,2.0299999713897705,1.7000000476837158,1.7699999809265137,1.7699999809265137,1329600,0.0,0.0,1.0,1.940000057220459,1.7699999809265137
2018-12-19,RIOT,yfinance,2.069999933242798,2.2799999713897705,1.7699999809265137,1.8899999856948853,1.8899999856948853,5309900,0.0,0.0,1.0,2.069999933242798,1.8899999856948853
2018-12-20,RIOT,yfinance,2.0,2.0299999713897705,1.6610000133514404,1.7100000381469729,1.7100000381469729,1198100,0.0,0.0,1.0,2.0,1.7100000381469729
2018-12-21,RIOT,yfinance,1.6399999856948853,1.7400000095367432,1.409999966621399,1.5,1.5,941900,0.0,0.0,1.0,1.6399999856948853,1.5
2018-12-24,RIOT,yfinance,1.5199999809265137,1.600000023841858,1.3930000066757202,1.440000057220459,1.440000057220459,494400,0.0,0.0,1.0,1.5199999809265137,1.440000057220459
2018-12-26,RIOT,yfinance,1.4600000381469729,1.5,1.2899999618530271,1.4900000095367432,1.4900000095367432,942200,0.0,0.0,1.0,1.4600000381469729,1.4900000095367432
2018-12-27,RIOT,yfinance,1.399999976158142,1.649999976158142,1.399999976158142,1.6399999856948853,1.6399999856948853,1094700,0.0,0.0,1.0,1.399999976158142,1.6399999856948853
2018-12-28,RIOT,yfinance,1.6799999475479126,1.6799999475479126,1.5149999856948853,1.5700000524520874,1.5700000524520874,712700,0.0,0.0,1.0,1.6799999475479126,1.5700000524520874
2018-12-31,RIOT,yfinance,1.5800000429153442,1.600000023841858,1.4500000476837158,1.5099999904632568,1.5099999904632568,538400,0.0,0.0,1.0,1.5800000429153442,1.5099999904632568
2019-01-02,RIOT,yfinance,1.5099999904632568,1.75,1.5,1.7100000381469729,1.7100000381469729,576000,0.0,0.0,1.0,1.5099999904632568,1.7100000381469729
2019-01-03,RIOT,yfinance,1.7300000190734863,1.75,1.5199999809265137,1.5399999618530271,1.5399999618530271,457400,0.0,0.0,1.0,1.7300000190734863,1.5399999618530271
2019-01-04,RIOT,yfinance,1.6100000143051147,1.6699999570846558,1.559999942779541,1.649999976158142,1.649999976158142,297800,0.0,0.0,1.0,1.6100000143051147,1.649999976158142
2019-01-07,RIOT,yfinance,1.6799999475479126,1.75,1.5099999904632568,1.6299999952316284,1.6299999952316284,561800,0.0,0.0,1.0,1.6799999475479126,1.6299999952316284
2019-01-08,RIOT,yfinance,1.6699999570846558,1.8170000314712524,1.63100004196167,1.7000000476837158,1.7000000476837158,587600,0.0,0.0,1.0,1.6699999570846558,1.7000000476837158
2019-01-09,RIOT,yfinance,1.7100000381469729,1.7899999618530271,1.6699999570846558,1.7300000190734863,1.7300000190734863,263700,0.0,0.0,1.0,1.7100000381469729,1.7300000190734863
2019-01-10,RIOT,yfinance,1.6799999475479126,1.7000000476837158,1.600000023841858,1.6299999952316284,1.6299999952316284,382700,0.0,0.0,1.0,1.6799999475479126,1.6299999952316284
2019-01-11,RIOT,yfinance,1.649999976158142,1.6799999475479126,1.600000023841858,1.6200000047683716,1.6200000047683716,177600,0.0,0.0,1.0,1.649999976158142,1.6200000047683716
2019-01-14,RIOT,yfinance,1.600000023841858,1.649999976158142,1.5800000429153442,1.6200000047683716,1.6200000047683716,212200,0.0,0.0,1.0,1.600000023841858,1.6200000047683716
2019-01-15,RIOT,yfinance,1.6299999952316284,1.659999966621399,1.600000023841858,1.6200000047683716,1.6200000047683716,281700,0.0,0.0,1.0,1.6299999952316284,1.6200000047683716
2019-01-16,RIOT,yfinance,1.6299999952316284,1.649999976158142,1.600000023841858,1.600000023841858,1.600000023841858,144700,0.0,0.0,1.0,1.6299999952316284,1.600000023841858
2019-01-17,RIOT,yfinance,1.6100000143051147,1.6299999952316284,1.5499999523162842,1.5499999523162842,1.5499999523162842,150600,0.0,0.0,1.0,1.6100000143051147,1.5499999523162842
2019-01-18,RIOT,yfinance,1.600000023841858,1.690000057220459,1.5399999618530271,1.6299999952316284,1.6299999952316284,435100,0.0,0.0,1.0,1.600000023841858,1.6299999952316284
2019-01-22,RIOT,yfinance,1.659999966621399,1.6670000553131104,1.5499999523162842,1.5700000524520874,1.5700000524520874,264000,0.0,0.0,1.0,1.659999966621399,1.5700000524520874
2019-01-23,RIOT,yfinance,1.600000023841858,1.9700000286102293,1.593000054359436,1.8200000524520876,1.8200000524520876,879400,0.0,0.0,1.0,1.600000023841858,1.8200000524520876
2019-01-24,RIOT,yfinance,1.8200000524520876,2.009999990463257,1.7999999523162842,1.8899999856948853,1.8899999856948853,872500,0.0,0.0,1.0,1.8200000524520876,1.8899999856948853
2019-01-25,RIOT,yfinance,1.870000004768372,1.940000057220459,1.6799999475479126,1.7599999904632568,1.7599999904632568,395900,0.0,0.0,1.0,1.870000004768372,1.7599999904632568
2019-01-28,RIOT,yfinance,1.7400000095367432,1.75,1.649999976158142,1.7000000476837158,1.7000000476837158,218100,0.0,0.0,1.0,1.7400000095367432,1.7000000476837158
2019-01-29,RIOT,yfinance,1.6799999475479126,1.8600000143051147,1.6710000038146973,1.7899999618530271,1.7899999618530271,303700,0.0,0.0,1.0,1.6799999475479126,1.7899999618530271
2019-01-30,RIOT,yfinance,1.7999999523162842,1.919999957084656,1.7899999618530271,1.840000033378601,1.840000033378601,328200,0.0,0.0,1.0,1.7999999523162842,1.840000033378601
2019-01-31,RIOT,yfinance,1.8200000524520876,1.9299999475479128,1.809999942779541,1.850000023841858,1.850000023841858,308900,0.0,0.0,1.0,1.8200000524520876,1.850000023841858
2019-02-01,RIOT,yfinance,1.830000042915344,1.899999976158142,1.7599999904632568,1.809999942779541,1.809999942779541,181400,0.0,0.0,1.0,1.830000042915344,1.809999942779541
2019-02-04,RIOT,yfinance,1.8200000524520876,2.0999999046325684,1.8040000200271609,1.919999957084656,1.919999957084656,785900,0.0,0.0,1.0,1.8200000524520876,1.919999957084656
2019-02-05,RIOT,yfinance,2.0299999713897705,2.049999952316284,1.919999957084656,1.950000047683716,1.950000047683716,431200,0.0,0.0,1.0,2.0299999713897705,1.950000047683716
2019-02-06,RIOT,yfinance,2.009999990463257,2.009999990463257,1.830000042915344,1.8899999856948853,1.8899999856948853,228800,0.0,0.0,1.0,2.009999990463257,1.8899999856948853
2019-02-07,RIOT,yfinance,1.909999966621399,2.0,1.870000004768372,1.909999966621399,1.909999966621399,213700,0.0,0.0,1.0,1.909999966621399,1.909999966621399
2019-02-08,RIOT,yfinance,1.909999966621399,2.450000047683716,1.899999976158142,2.369999885559082,2.369999885559082,3485600,0.0,0.0,1.0,1.909999966621399,2.369999885559082
2019-02-11,RIOT,yfinance,2.369999885559082,2.369999885559082,1.9900000095367432,2.119999885559082,2.119999885559082,1068200,0.0,0.0,1.0,2.369999885559082,2.119999885559082
2019-02-12,RIOT,yfinance,2.190000057220459,2.2100000381469727,2.0799999237060547,2.2100000381469727,2.2100000381469727,330200,0.0,0.0,1.0,2.190000057220459,2.2100000381469727
2019-02-13,RIOT,yfinance,2.150000095367432,2.2179999351501465,2.059999942779541,2.109999895095825,2.109999895095825,462700,0.0,0.0,1.0,2.150000095367432,2.109999895095825
2019-02-14,RIOT,yfinance,2.109999895095825,2.400000095367432,2.0799999237060547,2.259999990463257,2.259999990463257,1290000,0.0,0.0,1.0,2.109999895095825,2.259999990463257
2019-02-15,RIOT,yfinance,2.3299999237060547,2.4800000190734863,2.259999990463257,2.470000028610229,2.470000028610229,1013300,0.0,0.0,1.0,2.3299999237060547,2.470000028610229
2019-02-19,RIOT,yfinance,2.940000057220459,4.239999771118164,2.900000095367432,3.3299999237060547,3.3299999237060547,20132800,0.0,0.0,1.0,2.940000057220459,3.3299999237060547
2019-02-20,RIOT,yfinance,3.3499999046325684,4.070000171661377,3.2300000190734863,3.740000009536743,3.740000009536743,12586300,0.0,0.0,1.0,3.3499999046325684,3.740000009536743
2019-02-21,RIOT,yfinance,3.75,3.900000095367432,3.390000104904175,3.5199999809265137,3.5199999809265137,3356700,0.0,0.0,1.0,3.75,3.5199999809265137
2019-02-22,RIOT,yfinance,3.75,4.039999961853027,3.5999999046325684,3.950000047683716,3.950000047683716,4107600,0.0,0.0,1.0,3.75,3.950000047683716
2019-02-25,RIOT,yfinance,3.75,3.940000057220459,3.549999952316284,3.5899999141693115,3.5899999141693115,2556000,0.0,0.0,1.0,3.75,3.5899999141693115
2019-02-26,RIOT,yfinance,3.5899999141693115,3.740000009536743,3.559999942779541,3.5999999046325684,3.5999999046325684,856600,0.0,0.0,1.0,3.5899999141693115,3.5999999046325684
2019-02-27,RIOT,yfinance,3.650000095367432,3.650000095367432,3.0,3.2100000381469727,3.2100000381469727,1684800,0.0,0.0,1.0,3.650000095367432,3.2100000381469727
2019-02-28,RIOT,yfinance,3.25,3.440000057220459,3.039999961853028,3.200000047683716,3.200000047683716,1039400,0.0,0.0,1.0,3.25,3.200000047683716
2019-03-01,RIOT,yfinance,3.200000047683716,3.4800000190734863,3.1700000762939453,3.259999990463257,3.259999990463257,1034500,0.0,0.0,1.0,3.200000047683716,3.259999990463257
2019-03-04,RIOT,yfinance,3.1700000762939453,3.240000009536743,2.8499999046325684,3.0,3.0,1139600,0.0,0.0,1.0,3.1700000762939453,3.0
2019-03-05,RIOT,yfinance,3.319999933242798,3.440999984741211,3.1600000858306885,3.390000104904175,3.390000104904175,1460700,0.0,0.0,1.0,3.319999933242798,3.390000104904175
2019-03-06,RIOT,yfinance,3.3499999046325684,3.430000066757202,3.220000028610229,3.2300000190734863,3.2300000190734863,593900,0.0,0.0,1.0,3.3499999046325684,3.2300000190734863
2019-03-07,RIOT,yfinance,3.2300000190734863,3.619999885559082,3.109999895095825,3.490000009536743,3.490000009536743,1090700,0.0,0.0,1.0,3.2300000190734863,3.490000009536743
2019-03-08,RIOT,yfinance,3.490000009536743,3.690000057220459,3.4600000381469727,3.690000057220459,3.690000057220459,1819600,0.0,0.0,1.0,3.490000009536743,3.690000057220459
2019-03-11,RIOT,yfinance,3.609999895095825,3.7200000286102295,3.5,3.549999952316284,3.549999952316284,709100,0.0,0.0,1.0,3.609999895095825,3.549999952316284
2019-03-12,RIOT,yfinance,3.650000095367432,3.650000095367432,3.191999912261963,3.3499999046325684,3.3499999046325684,872400,0.0,0.0,1.0,3.650000095367432,3.3499999046325684
2019-03-13,RIOT,yfinance,3.299999952316284,3.4100000858306885,3.200000047683716,3.3399999141693115,3.3399999141693115,486400,0.0,0.0,1.0,3.299999952316284,3.3399999141693115
2019-03-14,RIOT,yfinance,3.299999952316284,3.430000066757202,3.25,3.400000095367432,3.400000095367432,557300,0.0,0.0,1.0,3.299999952316284,3.400000095367432
2019-03-15,RIOT,yfinance,3.4200000762939453,3.75,3.380000114440918,3.7300000190734863,3.7300000190734863,1376100,0.0,0.0,1.0,3.4200000762939453,3.7300000190734863
2019-03-18,RIOT,yfinance,4.099999904632568,4.340000152587891,3.75,3.880000114440918,3.880000114440918,2983500,0.0,0.0,1.0,4.099999904632568,3.880000114440918
2019-03-19,RIOT,yfinance,3.9600000381469727,4.099999904632568,3.759999990463257,3.990000009536743,3.990000009536743,987700,0.0,0.0,1.0,3.9600000381469727,3.990000009536743
2019-03-20,RIOT,yfinance,4.079999923706055,4.232999801635742,3.859999895095825,3.9600000381469727,3.9600000381469727,1282500,0.0,0.0,1.0,4.079999923706055,3.9600000381469727
2019-03-21,RIOT,yfinance,4.0,4.139999866485596,3.549999952316284,3.700000047683716,3.700000047683716,1574600,0.0,0.0,1.0,4.0,3.700000047683716
2019-03-22,RIOT,yfinance,3.660000085830689,3.7100000381469727,3.400000095367432,3.450000047683716,3.450000047683716,880600,0.0,0.0,1.0,3.660000085830689,3.450000047683716
2019-03-25,RIOT,yfinance,3.4100000858306885,3.4110000133514404,3.0,3.119999885559082,3.119999885559082,1198600,0.0,0.0,1.0,3.4100000858306885,3.119999885559082
2019-03-26,RIOT,yfinance,3.240000009536743,3.3499999046325684,3.009999990463257,3.130000114440918,3.130000114440918,511000,0.0,0.0,1.0,3.240000009536743,3.130000114440918
2019-03-27,RIOT,yfinance,3.220000028610229,3.240000009536743,3.009999990463257,3.1600000858306885,3.1600000858306885,959000,0.0,0.0,1.0,3.220000028610229,3.1600000858306885
2019-03-28,RIOT,yfinance,3.140000104904175,3.190000057220459,3.062999963760376,3.140000104904175,3.140000104904175,295500,0.0,0.0,1.0,3.140000104904175,3.140000104904175
2019-03-29,RIOT,yfinance,3.240000009536743,3.430000066757202,3.2039999961853027,3.2699999809265137,3.2699999809265137,999000,0.0,0.0,1.0,3.240000009536743,3.2699999809265137
2019-04-01,RIOT,yfinance,3.369999885559082,3.7699999809265137,3.361999988555908,3.539999961853028,3.539999961853028,1431300,0.0,0.0,1.0,3.369999885559082,3.539999961853028
2019-04-02,RIOT,yfinance,4.659999847412109,5.150000095367432,4.059999942779541,4.340000152587891,4.340000152587891,10791900,0.0,0.0,1.0,4.659999847412109,4.340000152587891
2019-04-03,RIOT,yfinance,4.650000095367432,5.139999866485596,4.510000228881836,4.860000133514404,4.860000133514404,6874800,0.0,0.0,1.0,4.650000095367432,4.860000133514404
2019-04-04,RIOT,yfinance,4.599999904632568,4.78000020980835,4.139999866485596,4.199999809265137,4.199999809265137,2529700,0.0,0.0,1.0,4.599999904632568,4.199999809265137
2019-04-05,RIOT,yfinance,4.5,4.75,4.360000133514404,4.460000038146973,4.460000038146973,3073900,0.0,0.0,1.0,4.5,4.460000038146973
2019-04-08,RIOT,yfinance,4.659999847412109,4.889999866485596,4.539999961853027,4.599999904632568,4.599999904632568,2292900,0.0,0.0,1.0,4.659999847412109,4.599999904632568
2019-04-09,RIOT,yfinance,4.579999923706055,4.639999866485596,4.360000133514404,4.429999828338623,4.429999828338623,768300,0.0,0.0,1.0,4.579999923706055,4.429999828338623
2019-04-10,RIOT,yfinance,4.630000114440918,4.949999809265137,4.460000038146973,4.889999866485596,4.889999866485596,2241100,0.0,0.0,1.0,4.630000114440918,4.889999866485596
2019-04-11,RIOT,yfinance,4.539999961853027,4.670000076293945,4.360000133514404,4.579999923706055,4.579999923706055,1186000,0.0,0.0,1.0,4.539999961853027,4.579999923706055
2019-04-12,RIOT,yfinance,4.650000095367432,4.840000152587891,4.559999942779541,4.610000133514404,4.610000133514404,793800,0.0,0.0,1.0,4.650000095367432,4.610000133514404
2019-04-15,RIOT,yfinance,4.650000095367432,4.940999984741211,4.559999942779541,4.710000038146973,4.710000038146973,1835000,0.0,0.0,1.0,4.650000095367432,4.710000038146973
2019-04-16,RIOT,yfinance,4.760000228881836,4.949999809265137,4.550000190734863,4.929999828338623,4.929999828338623,1724700,0.0,0.0,1.0,4.760000228881836,4.929999828338623
2019-04-17,RIOT,yfinance,4.929999828338623,5.420000076293945,4.820000171661377,4.900000095367432,4.900000095367432,3004400,0.0,0.0,1.0,4.929999828338623,4.900000095367432
2019-04-18,RIOT,yfinance,5.0,5.409999847412109,4.929999828338623,5.400000095367432,5.400000095367432,1849800,0.0,0.0,1.0,5.0,5.400000095367432
2019-04-22,RIOT,yfinance,5.300000190734863,5.670000076293945,5.098999977111816,5.519999980926514,5.519999980926514,1824400,0.0,0.0,1.0,5.300000190734863,5.519999980926514
2019-04-23,RIOT,yfinance,5.800000190734863,6.139999866485596,5.650000095367432,6.019999980926514,6.019999980926514,3205000,0.0,0.0,1.0,5.800000190734863,6.019999980926514
2019-04-24,RIOT,yfinance,5.75,5.949999809265137,5.559999942779541,5.800000190734863,5.800000190734863,1768900,0.0,0.0,1.0,5.75,5.800000190734863
2019-04-25,RIOT,yfinance,5.75,5.929999828338623,5.650000095367432,5.889999866485596,5.889999866485596,1146300,0.0,0.0,1.0,5.75,5.889999866485596
2019-04-26,RIOT,yfinance,5.599999904632568,5.75,5.150000095367432,5.230000019073486,5.230000019073486,1726600,0.0,0.0,1.0,5.599999904632568,5.230000019073486
2019-04-29,RIOT,yfinance,5.230000019073486,5.349999904632568,5.019999980926514,5.179999828338623,5.179999828338623,799100,0.0,0.0,1.0,5.230000019073486,5.179999828338623
2019-04-30,RIOT,yfinance,5.329999923706055,5.53000020980835,5.199999809265137,5.269999980926514,5.269999980926514,949700,0.0,0.0,1.0,5.329999923706055,5.269999980926514
2019-05-01,RIOT,yfinance,5.360000133514404,5.449999809265137,4.599999904632568,4.710000038146973,4.710000038146973,1623500,0.0,0.0,1.0,5.360000133514404,4.710000038146973
2019-05-02,RIOT,yfinance,4.820000171661377,4.849999904632568,4.199999809265137,4.440000057220459,4.440000057220459,1516300,0.0,0.0,1.0,4.820000171661377,4.440000057220459
2019-05-03,RIOT,yfinance,4.730000019073486,5.039999961853027,4.610000133514404,4.670000076293945,4.670000076293945,1915900,0.0,0.0,1.0,4.730000019073486,4.670000076293945
2019-05-06,RIOT,yfinance,4.5,4.659999847412109,4.300000190734863,4.610000133514404,4.610000133514404,916900,0.0,0.0,1.0,4.5,4.610000133514404
2019-05-07,RIOT,yfinance,4.730000019073486,4.797999858856201,4.179999828338623,4.190000057220459,4.190000057220459,1592200,0.0,0.0,1.0,4.730000019073486,4.190000057220459
2019-05-08,RIOT,yfinance,4.21999979019165,4.296000003814697,4.03000020980835,4.090000152587891,4.090000152587891,891300,0.0,0.0,1.0,4.21999979019165,4.090000152587891
2019-05-09,RIOT,yfinance,4.099999904632568,4.123000144958496,3.549999952316284,3.630000114440918,3.630000114440918,2120100,0.0,0.0,1.0,4.099999904632568,3.630000114440918
2019-05-10,RIOT,yfinance,3.660000085830689,4.400000095367432,3.539999961853028,4.039999961853027,4.039999961853027,2195300,0.0,0.0,1.0,3.660000085830689,4.039999961853027
2019-05-13,RIOT,yfinance,4.449999809265137,4.880000114440918,4.260000228881836,4.449999809265137,4.449999809265137,6235700,0.0,0.0,1.0,4.449999809265137,4.449999809265137
2019-05-14,RIOT,yfinance,4.650000095367432,4.849999904632568,4.03000020980835,4.230000019073486,4.230000019073486,3232700,0.0,0.0,1.0,4.650000095367432,4.230000019073486
2019-05-15,RIOT,yfinance,4.300000190734863,4.550000190734863,4.170000076293945,4.510000228881836,4.510000228881836,1421800,0.0,0.0,1.0,4.300000190734863,4.510000228881836
2019-05-16,RIOT,yfinance,4.25,4.570000171661377,4.170000076293945,4.309999942779541,4.309999942779541,1163600,0.0,0.0,1.0,4.25,4.309999942779541
2019-05-17,RIOT,yfinance,3.9700000286102295,4.199999809265137,3.900000095367432,4.070000171661377,4.070000171661377,1478400,0.0,0.0,1.0,3.9700000286102295,4.070000171661377
2019-05-20,RIOT,yfinance,4.25,4.300000190734863,4.039999961853027,4.159999847412109,4.159999847412109,936200,0.0,0.0,1.0,4.25,4.159999847412109
2019-05-21,RIOT,yfinance,4.159999847412109,4.239999771118164,4.060999870300293,4.099999904632568,4.099999904632568,785800,0.0,0.0,1.0,4.159999847412109,4.099999904632568
2019-05-22,RIOT,yfinance,4.099999904632568,4.170000076293945,3.930000066757202,4.050000190734863,4.050000190734863,787300,0.0,0.0,1.0,4.099999904632568,4.050000190734863
2019-05-23,RIOT,yfinance,3.849999904632568,3.930000066757202,3.671000003814697,3.7899999618530273,3.7899999618530273,863000,0.0,0.0,1.0,3.849999904632568,3.7899999618530273
2019-05-24,RIOT,yfinance,3.920000076293945,3.940000057220459,3.650000095367432,3.859999895095825,3.859999895095825,970500,0.0,0.0,1.0,3.920000076293945,3.859999895095825
2019-05-28,RIOT,yfinance,3.920000076293945,4.03000020980835,3.4100000858306885,3.490000009536743,3.490000009536743,1703000,0.0,0.0,1.0,3.920000076293945,3.490000009536743
2019-05-29,RIOT,yfinance,3.4200000762939453,3.490000009536743,3.190000057220459,3.450000047683716,3.450000047683716,1223800,0.0,0.0,1.0,3.4200000762939453,3.450000047683716
2019-05-30,RIOT,yfinance,3.3499999046325684,3.400000095367432,3.0999999046325684,3.1700000762939453,3.1700000762939453,1134000,0.0,0.0,1.0,3.3499999046325684,3.1700000762939453
2019-05-31,RIOT,yfinance,3.150000095367432,3.359999895095825,3.059999942779541,3.240000009536743,3.240000009536743,678900,0.0,0.0,1.0,3.150000095367432,3.240000009536743
2019-06-03,RIOT,yfinance,3.1700000762939453,3.259999990463257,3.069999933242798,3.1600000858306885,3.1600000858306885,516400,0.0,0.0,1.0,3.1700000762939453,3.1600000858306885
2019-06-04,RIOT,yfinance,3.0899999141693115,3.2300000190734863,3.0799999237060547,3.1600000858306885,3.1600000858306885,492100,0.0,0.0,1.0,3.0899999141693115,3.1600000858306885
2019-06-05,RIOT,yfinance,3.190000057220459,3.200000047683716,2.75,2.9100000858306885,2.9100000858306885,929300,0.0,0.0,1.0,3.190000057220459,2.9100000858306885
2019-06-06,RIOT,yfinance,2.900000095367432,2.990000009536743,2.5,2.5299999713897705,2.5299999713897705,1139600,0.0,0.0,1.0,2.900000095367432,2.5299999713897705
2019-06-07,RIOT,yfinance,2.549999952316284,2.75600004196167,2.5,2.700000047683716,2.700000047683716,934300,0.0,0.0,1.0,2.549999952316284,2.700000047683716
2019-06-10,RIOT,yfinance,2.690000057220459,2.75,2.4200000762939453,2.509999990463257,2.509999990463257,971000,0.0,0.0,1.0,2.690000057220459,2.509999990463257
2019-06-11,RIOT,yfinance,2.5299999713897705,2.5799999237060547,2.440000057220459,2.440000057220459,2.440000057220459,464200,0.0,0.0,1.0,2.5299999713897705,2.440000057220459
2019-06-12,RIOT,yfinance,2.509999990463257,2.640000104904175,2.4100000858306885,2.5,2.5,573500,0.0,0.0,1.0,2.509999990463257,2.5
2019-06-13,RIOT,yfinance,2.490000009536743,2.6470000743865967,2.440000057220459,2.5899999141693115,2.5899999141693115,1059300,0.0,0.0,1.0,2.490000009536743,2.5899999141693115
2019-06-14,RIOT,yfinance,2.5899999141693115,2.789999961853028,2.5899999141693115,2.7300000190734863,2.7300000190734863,2087500,0.0,0.0,1.0,2.5899999141693115,2.7300000190734863
2019-06-17,RIOT,yfinance,3.0199999809265137,3.049999952316284,2.7300000190734863,2.809999942779541,2.809999942779541,2682100,0.0,0.0,1.0,3.0199999809265137,2.809999942779541
2019-06-18,RIOT,yfinance,2.809999942779541,2.819999933242798,2.640000104904175,2.690000057220459,2.690000057220459,1011000,0.0,0.0,1.0,2.809999942779541,2.690000057220459
2019-06-19,RIOT,yfinance,2.6700000762939453,2.740999937057495,2.5299999713897705,2.619999885559082,2.619999885559082,627600,0.0,0.0,1.0,2.6700000762939453,2.619999885559082
2019-06-20,RIOT,yfinance,2.619999885559082,2.650000095367432,2.4600000381469727,2.5999999046325684,2.5999999046325684,1682000,0.0,0.0,1.0,2.619999885559082,2.5999999046325684
2019-06-21,RIOT,yfinance,2.740000009536743,2.759000062942505,2.559999942779541,2.75,2.75,1774200,0.0,0.0,1.0,2.740000009536743,2.75
2019-06-24,RIOT,yfinance,2.869999885559082,3.289999961853028,2.799999952316284,3.039999961853028,3.039999961853028,7002000,0.0,0.0,1.0,2.869999885559082,3.039999961853028
2019-06-25,RIOT,yfinance,3.5,3.559999942779541,3.220000028610229,3.299999952316284,3.299999952316284,6516600,0.0,0.0,1.0,3.5,3.299999952316284
2019-06-26,RIOT,yfinance,3.660000085830689,3.950000047683716,3.509999990463257,3.7899999618530273,3.7899999618530273,10632900,0.0,0.0,1.0,3.660000085830689,3.7899999618530273
2019-06-27,RIOT,yfinance,3.259999990463257,3.309999942779541,2.8499999046325684,3.069999933242798,3.069999933242798,5599800,0.0,0.0,1.0,3.259999990463257,3.069999933242798
2019-06-28,RIOT,yfinance,3.25,3.2699999809265137,3.0799999237060547,3.140000104904175,3.140000104904175,2929100,0.0,0.0,1.0,3.25,3.140000104904175
2019-07-01,RIOT,yfinance,2.900000095367432,2.900000095367432,2.700000047683716,2.7100000381469727,2.7100000381469727,2801700,0.0,0.0,1.0,2.900000095367432,2.7100000381469727
2019-07-02,RIOT,yfinance,2.690000057220459,2.9549999237060547,2.509999990463257,2.789999961853028,2.789999961853028,2685200,0.0,0.0,1.0,2.690000057220459,2.789999961853028
2019-07-03,RIOT,yfinance,2.880000114440918,2.9159998893737797,2.7100000381469727,2.7799999713897705,2.7799999713897705,1819400,0.0,0.0,1.0,2.880000114440918,2.7799999713897705
2019-07-05,RIOT,yfinance,2.7100000381469727,2.8399999141693115,2.7100000381469727,2.799999952316284,2.799999952316284,884700,0.0,0.0,1.0,2.7100000381469727,2.799999952316284
2019-07-08,RIOT,yfinance,2.890000104904175,2.900000095367432,2.720000028610229,2.7799999713897705,2.7799999713897705,2116600,0.0,0.0,1.0,2.890000104904175,2.7799999713897705
2019-07-09,RIOT,yfinance,2.7799999713897705,2.819999933242798,2.569999933242798,2.630000114440918,2.630000114440918,2032500,0.0,0.0,1.0,2.7799999713897705,2.630000114440918
2019-07-10,RIOT,yfinance,2.6600000858306885,2.719000101089477,2.509999990463257,2.549999952316284,2.549999952316284,1736500,0.0,0.0,1.0,2.6600000858306885,2.549999952316284
2019-07-11,RIOT,yfinance,2.5,2.5199999809265137,2.319999933242798,2.3499999046325684,2.3499999046325684,2034500,0.0,0.0,1.0,2.5,2.3499999046325684
2019-07-12,RIOT,yfinance,2.440000057220459,2.450000047683716,2.009999990463257,2.259999990463257,2.259999990463257,3196100,0.0,0.0,1.0,2.440000057220459,2.259999990463257
2019-07-15,RIOT,yfinance,2.049999952316284,2.2300000190734863,2.039999961853028,2.200000047683716,2.200000047683716,1423900,0.0,0.0,1.0,2.049999952316284,2.200000047683716
2019-07-16,RIOT,yfinance,2.150000095367432,2.25,2.055000066757202,2.0799999237060547,2.0799999237060547,1193600,0.0,0.0,1.0,2.150000095367432,2.0799999237060547
2019-07-17,RIOT,yfinance,2.059999942779541,2.180000066757202,2.0,2.0,2.0,1991200,0.0,0.0,1.0,2.059999942779541,2.0
2019-07-18,RIOT,yfinance,2.0199999809265137,2.194999933242798,2.0199999809265137,2.049999952316284,2.049999952316284,2140600,0.0,0.0,1.0,2.0199999809265137,2.049999952316284
2019-07-19,RIOT,yfinance,2.049999952316284,2.0999999046325684,1.870000004768372,1.9800000190734863,1.9800000190734863,1676400,0.0,0.0,1.0,2.049999952316284,1.9800000190734863
2019-07-22,RIOT,yfinance,1.940000057220459,1.9800000190734863,1.8200000524520876,1.950000047683716,1.950000047683716,1489800,0.0,0.0,1.0,1.940000057220459,1.950000047683716
2019-07-23,RIOT,yfinance,1.950000047683716,2.069999933242798,1.850000023841858,2.0199999809265137,2.0199999809265137,936400,0.0,0.0,1.0,1.950000047683716,2.0199999809265137
2019-07-24,RIOT,yfinance,2.039999961853028,2.0480000972747803,1.919999957084656,1.9700000286102293,1.9700000286102293,608000,0.0,0.0,1.0,2.039999961853028,1.9700000286102293
2019-07-25,RIOT,yfinance,1.9900000095367432,2.0299999713897705,1.924999952316284,2.009999990463257,2.009999990463257,585100,0.0,0.0,1.0,1.9900000095367432,2.009999990463257
2019-07-26,RIOT,yfinance,2.0199999809265137,2.049999952316284,1.9299999475479128,1.9700000286102293,1.9700000286102293,519300,0.0,0.0,1.0,2.0199999809265137,1.9700000286102293
2019-07-29,RIOT,yfinance,1.9700000286102293,1.9900000095367432,1.830000042915344,1.940000057220459,1.940000057220459,671000,0.0,0.0,1.0,1.9700000286102293,1.940000057220459
2019-07-30,RIOT,yfinance,1.950000047683716,1.9700000286102293,1.86899995803833,1.909999966621399,1.909999966621399,820000,0.0,0.0,1.0,1.950000047683716,1.909999966621399
2019-07-31,RIOT,yfinance,1.940000057220459,2.2300000190734863,1.930999994277954,2.200000047683716,2.200000047683716,2499700,0.0,0.0,1.0,1.940000057220459,2.200000047683716
2019-08-01,RIOT,yfinance,2.180000066757202,2.190000057220459,1.950000047683716,2.130000114440918,2.130000114440918,897500,0.0,0.0,1.0,2.180000066757202,2.130000114440918
2019-08-02,RIOT,yfinance,2.1600000858306885,2.3299999237060547,2.130000114440918,2.2100000381469727,2.2100000381469727,1423600,0.0,0.0,1.0,2.1600000858306885,2.2100000381469727
2019-08-05,RIOT,yfinance,2.400000095367432,2.470000028610229,2.2100000381469727,2.240000009536743,2.240000009536743,2770300,0.0,0.0,1.0,2.400000095367432,2.240000009536743
2019-08-06,RIOT,yfinance,2.2699999809265137,2.299999952316284,1.9700000286102293,2.0799999237060547,2.0799999237060547,1250300,0.0,0.0,1.0,2.2699999809265137,2.0799999237060547
2019-08-07,RIOT,yfinance,2.109999895095825,2.200000047683716,2.0,2.119999885559082,2.119999885559082,986500,0.0,0.0,1.0,2.109999895095825,2.119999885559082
2019-08-08,RIOT,yfinance,2.190000057220459,2.220000028610229,2.059999942779541,2.069999933242798,2.069999933242798,551200,0.0,0.0,1.0,2.190000057220459,2.069999933242798
2019-08-09,RIOT,yfinance,2.130000114440918,2.200000047683716,2.069999933242798,2.180000066757202,2.180000066757202,797900,0.0,0.0,1.0,2.130000114440918,2.180000066757202
2019-08-12,RIOT,yfinance,2.200000047683716,2.200000047683716,2.049999952316284,2.0799999237060547,2.0799999237060547,576900,0.0,0.0,1.0,2.200000047683716,2.0799999237060547
2019-08-13,RIOT,yfinance,2.119999885559082,2.119999885559082,1.909999966621399,1.9800000190734863,1.9800000190734863,1309500,0.0,0.0,1.0,2.119999885559082,1.9800000190734863
2019-08-14,RIOT,yfinance,1.950000047683716,1.950000047683716,1.8200000524520876,1.8200000524520876,1.8200000524520876,1061500,0.0,0.0,1.0,1.950000047683716,1.8200000524520876
2019-08-15,RIOT,yfinance,1.870000004768372,1.870000004768372,1.7999999523162842,1.809999942779541,1.809999942779541,675400,0.0,0.0,1.0,1.870000004768372,1.809999942779541
2019-08-16,RIOT,yfinance,1.809999942779541,1.8799999952316284,1.7599999904632568,1.850000023841858,1.850000023841858,581000,0.0,0.0,1.0,1.809999942779541,1.850000023841858
2019-08-19,RIOT,yfinance,1.940000057220459,1.950000047683716,1.8600000143051147,1.8799999952316284,1.8799999952316284,666000,0.0,0.0,1.0,1.940000057220459,1.8799999952316284
2019-08-20,RIOT,yfinance,1.8799999952316284,1.9299999475479128,1.830000042915344,1.909999966621399,1.909999966621399,498300,0.0,0.0,1.0,1.8799999952316284,1.909999966621399
2019-08-21,RIOT,yfinance,1.8600000143051147,1.940000057220459,1.840000033378601,1.8899999856948853,1.8899999856948853,453100,0.0,0.0,1.0,1.8600000143051147,1.8899999856948853
2019-08-22,RIOT,yfinance,1.8899999856948853,2.0,1.8600000143051147,1.940000057220459,1.940000057220459,664600,0.0,0.0,1.0,1.8899999856948853,1.940000057220459
2019-08-23,RIOT,yfinance,2.0,2.039999961853028,1.8899999856948853,1.9700000286102293,1.9700000286102293,748000,0.0,0.0,1.0,2.0,1.9700000286102293
2019-08-26,RIOT,yfinance,2.0,2.0199999809265137,1.870000004768372,1.919999957084656,1.919999957084656,375400,0.0,0.0,1.0,2.0,1.919999957084656
2019-08-27,RIOT,yfinance,1.919999957084656,1.9900000095367432,1.899999976158142,1.899999976158142,1.899999976158142,368200,0.0,0.0,1.0,1.919999957084656,1.899999976158142
2019-08-28,RIOT,yfinance,1.940000057220459,1.950000047683716,1.840000033378601,1.899999976158142,1.899999976158142,439300,0.0,0.0,1.0,1.940000057220459,1.899999976158142
2019-08-29,RIOT,yfinance,1.8799999952316284,1.909999966621399,1.8600000143051147,1.8799999952316284,1.8799999952316284,353700,0.0,0.0,1.0,1.8799999952316284,1.8799999952316284
2019-08-30,RIOT,yfinance,1.950000047683716,1.950000047683716,1.840000033378601,1.840000033378601,1.840000033378601,430700,0.0,0.0,1.0,1.950000047683716,1.840000033378601
2019-09-03,RIOT,yfinance,1.919999957084656,1.9900000095367432,1.8450000286102293,1.919999957084656,1.919999957084656,1051800,0.0,0.0,1.0,1.919999957084656,1.919999957084656
2019-09-04,RIOT,yfinance,1.9700000286102293,2.140000104904175,1.919999957084656,2.0999999046325684,2.0999999046325684,1394900,0.0,0.0,1.0,1.9700000286102293,2.0999999046325684
2019-09-05,RIOT,yfinance,2.0999999046325684,2.138999938964844,2.0299999713897705,2.069999933242798,2.069999933242798,721800,0.0,0.0,1.0,2.0999999046325684,2.069999933242798
2019-09-06,RIOT,yfinance,2.109999895095825,2.180000066757202,2.039999961853028,2.039999961853028,2.039999961853028,818800,0.0,0.0,1.0,2.109999895095825,2.039999961853028
2019-09-09,RIOT,yfinance,2.150000095367432,2.1600000858306885,1.975000023841858,2.0299999713897705,2.0299999713897705,880700,0.0,0.0,1.0,2.150000095367432,2.0299999713897705
2019-09-10,RIOT,yfinance,2.059999942779541,2.069999933242798,1.9800000190734863,2.0,2.0,472000,0.0,0.0,1.0,2.059999942779541,2.0
2019-09-11,RIOT,yfinance,1.9900000095367432,2.069999933242798,1.9600000381469729,2.009999990463257,2.009999990463257,741700,0.0,0.0,1.0,1.9900000095367432,2.009999990463257
2019-09-12,RIOT,yfinance,2.069999933242798,2.069999933242798,2.0,2.049999952316284,2.049999952316284,571300,0.0,0.0,1.0,2.069999933242798,2.049999952316284
2019-09-13,RIOT,yfinance,2.049999952316284,2.150000095367432,2.049999952316284,2.119999885559082,2.119999885559082,1317500,0.0,0.0,1.0,2.049999952316284,2.119999885559082
2019-09-16,RIOT,yfinance,2.0899999141693115,2.150000095367432,2.069999933242798,2.119999885559082,2.119999885559082,787600,0.0,0.0,1.0,2.0899999141693115,2.119999885559082
2019-09-17,RIOT,yfinance,2.109999895095825,2.200000047683716,2.069999933242798,2.190000057220459,2.190000057220459,1015800,0.0,0.0,1.0,2.109999895095825,2.190000057220459
2019-09-18,RIOT,yfinance,2.2100000381469727,2.240000009536743,2.039999961853028,2.0899999141693115,2.0899999141693115,1140000,0.0,0.0,1.0,2.2100000381469727,2.0899999141693115
2019-09-19,RIOT,yfinance,2.0299999713897705,2.059999942779541,1.870000004768372,1.9900000095367432,1.9900000095367432,865400,0.0,0.0,1.0,2.0299999713897705,1.9900000095367432
2019-09-20,RIOT,yfinance,1.9600000381469729,2.059999942779541,1.9600000381469729,2.059999942779541,2.059999942779541,708100,0.0,0.0,1.0,1.9600000381469729,2.059999942779541
2019-09-23,RIOT,yfinance,2.039999961853028,2.039999961853028,1.919999957084656,2.009999990463257,2.009999990463257,838000,0.0,0.0,1.0,2.039999961853028,2.009999990463257
2019-09-24,RIOT,yfinance,2.009999990463257,2.0199999809265137,1.8600000143051147,1.909999966621399,1.909999966621399,927800,0.0,0.0,1.0,2.009999990463257,1.909999966621399
2019-09-25,RIOT,yfinance,1.8899999856948853,1.899999976158142,1.8320000171661377,1.8849999904632568,1.8849999904632568,482900,0.0,0.0,1.0,1.8899999856948853,1.8849999904632568
2019-09-26,RIOT,yfinance,1.8799999952316284,1.8799999952316284,1.7999999523162842,1.850000023841858,1.850000023841858,739100,0.0,0.0,1.0,1.8799999952316284,1.850000023841858
2019-09-27,RIOT,yfinance,1.850000023841858,1.8799999952316284,1.7000000476837158,1.7200000286102295,1.7200000286102295,654400,0.0,0.0,1.0,1.850000023841858,1.7200000286102295
2019-09-30,RIOT,yfinance,1.7200000286102295,1.8450000286102293,1.7200000286102295,1.7799999713897705,1.7799999713897705,524500,0.0,0.0,1.0,1.7200000286102295,1.7799999713897705
2019-10-01,RIOT,yfinance,1.840000033378601,1.840000033378601,1.600000023841858,1.7300000190734863,1.7300000190734863,611000,0.0,0.0,1.0,1.840000033378601,1.7300000190734863
2019-10-02,RIOT,yfinance,1.7300000190734863,1.7300000190734863,1.6200000047683716,1.6799999475479126,1.6799999475479126,345700,0.0,0.0,1.0,1.7300000190734863,1.6799999475479126
2019-10-03,RIOT,yfinance,1.690000057220459,1.7170000076293943,1.6399999856948853,1.6399999856948853,1.6399999856948853,294600,0.0,0.0,1.0,1.690000057220459,1.6399999856948853
2019-10-04,RIOT,yfinance,1.659999966621399,1.7000000476837158,1.6299999952316284,1.6799999475479126,1.6799999475479126,273100,0.0,0.0,1.0,1.659999966621399,1.6799999475479126
2019-10-07,RIOT,yfinance,1.7000000476837158,1.7549999952316284,1.6410000324249268,1.7200000286102295,1.7200000286102295,385900,0.0,0.0,1.0,1.7000000476837158,1.7200000286102295
2019-10-08,RIOT,yfinance,1.690000057220459,1.7300000190734863,1.649999976158142,1.690000057220459,1.690000057220459,279800,0.0,0.0,1.0,1.690000057220459,1.690000057220459
2019-10-09,RIOT,yfinance,1.690000057220459,1.940000057220459,1.6799999475479126,1.809999942779541,1.809999942779541,1617000,0.0,0.0,1.0,1.690000057220459,1.809999942779541
2019-10-10,RIOT,yfinance,1.7999999523162842,1.843999981880188,1.7599999904632568,1.7799999713897705,1.7799999713897705,356600,0.0,0.0,1.0,1.7999999523162842,1.7799999713897705
2019-10-11,RIOT,yfinance,1.7699999809265137,1.8200000524520876,1.74399995803833,1.7999999523162842,1.7999999523162842,324900,0.0,0.0,1.0,1.7699999809265137,1.7999999523162842
2019-10-14,RIOT,yfinance,1.7699999809265137,1.8200000524520876,1.7599999904632568,1.7899999618530271,1.7899999618530271,398600,0.0,0.0,1.0,1.7699999809265137,1.7899999618530271
2019-10-15,RIOT,yfinance,1.7799999713897705,1.830000042915344,1.7400000095367432,1.7799999713897705,1.7799999713897705,409200,0.0,0.0,1.0,1.7799999713897705,1.7799999713897705
2019-10-16,RIOT,yfinance,1.7599999904632568,1.7599999904632568,1.7000000476837158,1.7000000476837158,1.7000000476837158,334000,0.0,0.0,1.0,1.7599999904632568,1.7000000476837158
2019-10-17,RIOT,yfinance,1.7000000476837158,1.7799999713897705,1.7000000476837158,1.7200000286102295,1.7200000286102295,268500,0.0,0.0,1.0,1.7000000476837158,1.7200000286102295
2019-10-18,RIOT,yfinance,1.7400000095367432,1.75,1.7000000476837158,1.7100000381469729,1.7100000381469729,175700,0.0,0.0,1.0,1.7400000095367432,1.7100000381469729
2019-10-21,RIOT,yfinance,1.7300000190734863,1.7400000095367432,1.6699999570846558,1.7000000476837158,1.7000000476837158,383800,0.0,0.0,1.0,1.7300000190734863,1.7000000476837158
2019-10-22,RIOT,yfinance,1.7000000476837158,1.7070000171661377,1.5820000171661377,1.659999966621399,1.659999966621399,426500,0.0,0.0,1.0,1.7000000476837158,1.659999966621399
2019-10-23,RIOT,yfinance,1.5700000524520874,1.649999976158142,1.5,1.5700000524520874,1.5700000524520874,1190600,0.0,0.0,1.0,1.5700000524520874,1.5700000524520874
2019-10-24,RIOT,yfinance,1.5800000429153442,1.61899995803833,1.5579999685287476,1.5700000524520874,1.5700000524520874,219700,0.0,0.0,1.0,1.5800000429153442,1.5700000524520874
2019-10-25,RIOT,yfinance,1.6100000143051147,1.7350000143051147,1.5800000429153442,1.6799999475479126,1.6799999475479126,1667300,0.0,0.0,1.0,1.6100000143051147,1.6799999475479126
2019-10-28,RIOT,yfinance,1.7999999523162842,1.809999942779541,1.659999966621399,1.7000000476837158,1.7000000476837158,1551400,0.0,0.0,1.0,1.7999999523162842,1.7000000476837158
2019-10-29,RIOT,yfinance,1.6799999475479126,1.6859999895095823,1.600000023841858,1.6100000143051147,1.6100000143051147,685600,0.0,0.0,1.0,1.6799999475479126,1.6100000143051147
2019-10-30,RIOT,yfinance,1.6100000143051147,1.6649999618530271,1.5199999809265137,1.590000033378601,1.590000033378601,708800,0.0,0.0,1.0,1.6100000143051147,1.590000033378601
2019-10-31,RIOT,yfinance,1.6299999952316284,1.6299999952316284,1.5199999809265137,1.559999942779541,1.559999942779541,322800,0.0,0.0,1.0,1.6299999952316284,1.559999942779541
2019-11-01,RIOT,yfinance,1.5499999523162842,1.590000033378601,1.5299999713897705,1.5700000524520874,1.5700000524520874,507100,0.0,0.0,1.0,1.5499999523162842,1.5700000524520874
2019-11-04,RIOT,yfinance,1.5700000524520874,1.6699999570846558,1.5499999523162842,1.659999966621399,1.659999966621399,799900,0.0,0.0,1.0,1.5700000524520874,1.659999966621399
2019-11-05,RIOT,yfinance,1.659999966621399,1.659999966621399,1.5700000524520874,1.600000023841858,1.600000023841858,643500,0.0,0.0,1.0,1.659999966621399,1.600000023841858
2019-11-06,RIOT,yfinance,1.590000033378601,1.5950000286102295,1.5399999618530271,1.5700000524520874,1.5700000524520874,345000,0.0,0.0,1.0,1.590000033378601,1.5700000524520874
2019-11-07,RIOT,yfinance,1.5700000524520874,1.5700000524520874,1.5,1.5,1.5,492500,0.0,0.0,1.0,1.5700000524520874,1.5
2019-11-08,RIOT,yfinance,1.5199999809265137,1.5399999618530271,1.5,1.5199999809265137,1.5199999809265137,264400,0.0,0.0,1.0,1.5199999809265137,1.5199999809265137
2019-11-11,RIOT,yfinance,1.5499999523162842,1.5499999523162842,1.4800000190734863,1.5299999713897705,1.5299999713897705,306300,0.0,0.0,1.0,1.5499999523162842,1.5299999713897705
2019-11-12,RIOT,yfinance,1.5,1.5499999523162842,1.5,1.5199999809265137,1.5199999809265137,202200,0.0,0.0,1.0,1.5,1.5199999809265137
2019-11-13,RIOT,yfinance,1.5099999904632568,1.531999945640564,1.5,1.5099999904632568,1.5099999904632568,256000,0.0,0.0,1.0,1.5099999904632568,1.5099999904632568
2019-11-14,RIOT,yfinance,1.5099999904632568,1.6200000047683716,1.5,1.590000033378601,1.590000033378601,903100,0.0,0.0,1.0,1.5099999904632568,1.590000033378601
2019-11-15,RIOT,yfinance,1.5700000524520874,1.5700000524520874,1.4900000095367432,1.5099999904632568,1.5099999904632568,496600,0.0,0.0,1.0,1.5700000524520874,1.5099999904632568
2019-11-18,RIOT,yfinance,1.5499999523162842,1.5499999523162842,1.4500000476837158,1.4600000381469729,1.4600000381469729,441400,0.0,0.0,1.0,1.5499999523162842,1.4600000381469729
2019-11-19,RIOT,yfinance,1.4900000095367432,1.4950000047683716,1.440000057220459,1.440000057220459,1.440000057220459,365900,0.0,0.0,1.0,1.4900000095367432,1.440000057220459
2019-11-20,RIOT,yfinance,1.4500000476837158,1.4600000381469729,1.409999966621399,1.4299999475479126,1.4299999475479126,315500,0.0,0.0,1.0,1.4500000476837158,1.4299999475479126
2019-11-21,RIOT,yfinance,1.4199999570846558,1.4500000476837158,1.3899999856948853,1.4199999570846558,1.4199999570846558,409000,0.0,0.0,1.0,1.4199999570846558,1.4199999570846558
2019-11-22,RIOT,yfinance,1.3899999856948853,1.5199999809265137,1.350000023841858,1.4900000095367432,1.4900000095367432,896200,0.0,0.0,1.0,1.3899999856948853,1.4900000095367432
2019-11-25,RIOT,yfinance,1.5099999904632568,1.5499999523162842,1.350000023841858,1.350000023841858,1.350000023841858,1071200,0.0,0.0,1.0,1.5099999904632568,1.350000023841858
2019-11-26,RIOT,yfinance,1.440000057220459,1.440000057220459,1.309999942779541,1.3300000429153442,1.3300000429153442,650500,0.0,0.0,1.0,1.440000057220459,1.3300000429153442
2019-11-27,RIOT,yfinance,1.3600000143051147,1.3799999952316284,1.2799999713897705,1.350000023841858,1.350000023841858,1054900,0.0,0.0,1.0,1.3600000143051147,1.350000023841858
2019-11-29,RIOT,yfinance,1.350000023841858,1.4049999713897705,1.2999999523162842,1.3899999856948853,1.3899999856948853,289400,0.0,0.0,1.0,1.350000023841858,1.3899999856948853
2019-12-02,RIOT,yfinance,1.340000033378601,1.3600000143051147,1.2999999523162842,1.2999999523162842,1.2999999523162842,461000,0.0,0.0,1.0,1.340000033378601,1.2999999523162842
2019-12-03,RIOT,yfinance,1.3200000524520874,1.3200000524520874,1.2799999713897705,1.3200000524520874,1.3200000524520874,412800,0.0,0.0,1.0,1.3200000524520874,1.3200000524520874
2019-12-04,RIOT,yfinance,1.340000033378601,1.340000033378601,1.2799999713897705,1.2899999618530271,1.2899999618530271,578500,0.0,0.0,1.0,1.340000033378601,1.2899999618530271
2019-12-05,RIOT,yfinance,1.309999942779541,1.3300000429153442,1.2999999523162842,1.3200000524520874,1.3200000524520874,229600,0.0,0.0,1.0,1.309999942779541,1.3200000524520874
2019-12-06,RIOT,yfinance,1.2999999523162842,1.3200000524520874,1.2899999618530271,1.3200000524520874,1.3200000524520874,302800,0.0,0.0,1.0,1.2999999523162842,1.3200000524520874
2019-12-09,RIOT,yfinance,1.3200000524520874,1.3200000524520874,1.2899999618530271,1.2899999618530271,1.2899999618530271,229300,0.0,0.0,1.0,1.3200000524520874,1.2899999618530271
2019-12-10,RIOT,yfinance,1.2899999618530271,1.3200000524520874,1.2899999618530271,1.2999999523162842,1.2999999523162842,334800,0.0,0.0,1.0,1.2899999618530271,1.2999999523162842
2019-12-11,RIOT,yfinance,1.2999999523162842,1.3700000047683716,1.2899999618530271,1.3200000524520874,1.3200000524520874,694800,0.0,0.0,1.0,1.2999999523162842,1.3200000524520874
2019-12-12,RIOT,yfinance,1.3700000047683716,1.3700000047683716,1.2899999618530271,1.3200000524520874,1.3200000524520874,292900,0.0,0.0,1.0,1.3700000047683716,1.3200000524520874
2019-12-13,RIOT,yfinance,1.3300000429153442,1.350000023841858,1.3049999475479126,1.340000033378601,1.340000033378601,303800,0.0,0.0,1.0,1.3300000429153442,1.340000033378601
2019-12-16,RIOT,yfinance,1.3300000429153442,1.3799999952316284,1.2999999523162842,1.3300000429153442,1.3300000429153442,887000,0.0,0.0,1.0,1.3300000429153442,1.3300000429153442
2019-12-17,RIOT,yfinance,1.2999999523162842,1.3200000524520874,1.2899999618530271,1.2999999523162842,1.2999999523162842,398300,0.0,0.0,1.0,1.2999999523162842,1.2999999523162842
2019-12-18,RIOT,yfinance,1.309999942779541,1.350000023841858,1.2899999618530271,1.3300000429153442,1.3300000429153442,490300,0.0,0.0,1.0,1.309999942779541,1.3300000429153442
2019-12-19,RIOT,yfinance,1.350000023841858,1.3700000047683716,1.3200000524520874,1.3200000524520874,1.3200000524520874,320800,0.0,0.0,1.0,1.350000023841858,1.3200000524520874
2019-12-20,RIOT,yfinance,1.3300000429153442,1.340000033378601,1.309999942779541,1.3300000429153442,1.3300000429153442,297100,0.0,0.0,1.0,1.3300000429153442,1.3300000429153442
2019-12-23,RIOT,yfinance,1.350000023841858,1.350000023841858,1.309999942779541,1.3300000429153442,1.3300000429153442,546100,0.0,0.0,1.0,1.350000023841858,1.3300000429153442
2019-12-24,RIOT,yfinance,1.309999942779541,1.3300000429153442,1.309999942779541,1.309999942779541,1.309999942779541,332600,0.0,0.0,1.0,1.309999942779541,1.309999942779541
2019-12-26,RIOT,yfinance,1.340000033378601,1.340000033378601,1.2799999713897705,1.2999999523162842,1.2999999523162842,581000,0.0,0.0,1.0,1.340000033378601,1.2999999523162842
2019-12-27,RIOT,yfinance,1.2899999618530271,1.2999999523162842,1.2100000381469729,1.2200000286102295,1.2200000286102295,906000,0.0,0.0,1.0,1.2899999618530271,1.2200000286102295
2019-12-30,RIOT,yfinance,1.2200000286102295,1.2300000190734863,1.1100000143051147,1.1399999856948853,1.1399999856948853,1046700,0.0,0.0,1.0,1.2200000286102295,1.1399999856948853
2019-12-31,RIOT,yfinance,1.1399999856948853,1.149999976158142,1.1100000143051147,1.1200000047683716,1.1200000047683716,619300,0.0,0.0,1.0,1.1399999856948853,1.1200000047683716
2020-01-02,RIOT,yfinance,1.1399999856948853,1.2300000190734863,1.1299999952316284,1.2200000286102295,1.2200000286102295,915700,0.0,0.0,1.0,1.1399999856948853,1.2200000286102295
2020-01-03,RIOT,yfinance,1.2200000286102295,1.2200000286102295,1.1399999856948853,1.1799999475479126,1.1799999475479126,467200,0.0,0.0,1.0,1.2200000286102295,1.1799999475479126
2020-01-06,RIOT,yfinance,1.2300000190734863,1.2999999523162842,1.2000000476837158,1.2999999523162842,1.2999999523162842,981200,0.0,0.0,1.0,1.2300000190734863,1.2999999523162842
2020-01-07,RIOT,yfinance,1.3899999856948853,1.5,1.3300000429153442,1.4900000095367432,1.4900000095367432,3313600,0.0,0.0,1.0,1.3899999856948853,1.4900000095367432
2020-01-08,RIOT,yfinance,1.5399999618530271,1.5399999618530271,1.2899999618530271,1.3700000047683716,1.3700000047683716,1792300,0.0,0.0,1.0,1.5399999618530271,1.3700000047683716
2020-01-09,RIOT,yfinance,1.3700000047683716,1.409999966621399,1.2899999618530271,1.3300000429153442,1.3300000429153442,791100,0.0,0.0,1.0,1.3700000047683716,1.3300000429153442
2020-01-10,RIOT,yfinance,1.3300000429153442,1.4500000476837158,1.2899999618530271,1.409999966621399,1.409999966621399,1358500,0.0,0.0,1.0,1.3300000429153442,1.409999966621399
2020-01-13,RIOT,yfinance,1.4500000476837158,1.4500000476837158,1.309999942779541,1.3600000143051147,1.3600000143051147,634900,0.0,0.0,1.0,1.4500000476837158,1.3600000143051147
2020-01-14,RIOT,yfinance,1.440000057220459,1.5099999904632568,1.4079999923706057,1.4199999570846558,1.4199999570846558,1683000,0.0,0.0,1.0,1.440000057220459,1.4199999570846558
2020-01-15,RIOT,yfinance,1.5,1.5,1.3899999856948853,1.399999976158142,1.399999976158142,1247300,0.0,0.0,1.0,1.5,1.399999976158142
2020-01-16,RIOT,yfinance,1.399999976158142,1.4500000476837158,1.3600000143051147,1.4299999475479126,1.4299999475479126,670600,0.0,0.0,1.0,1.399999976158142,1.4299999475479126
2020-01-17,RIOT,yfinance,1.4500000476837158,1.4900000095367432,1.4299999475479126,1.4600000381469729,1.4600000381469729,1102400,0.0,0.0,1.0,1.4500000476837158,1.4600000381469729
2020-01-21,RIOT,yfinance,1.4900000095367432,1.4900000095367432,1.3300000429153442,1.399999976158142,1.399999976158142,1020500,0.0,0.0,1.0,1.4900000095367432,1.399999976158142
2020-01-22,RIOT,yfinance,1.4299999475479126,1.4299999475479126,1.309999942779541,1.340000033378601,1.340000033378601,865200,0.0,0.0,1.0,1.4299999475479126,1.340000033378601
2020-01-23,RIOT,yfinance,1.3300000429153442,1.3339999914169312,1.25,1.2599999904632568,1.2599999904632568,737500,0.0,0.0,1.0,1.3300000429153442,1.2599999904632568
2020-01-24,RIOT,yfinance,1.2999999523162842,1.3200000524520874,1.25,1.2599999904632568,1.2599999904632568,468000,0.0,0.0,1.0,1.2999999523162842,1.2599999904632568
2020-01-27,RIOT,yfinance,1.2599999904632568,1.2799999713897705,1.2000000476837158,1.2400000095367432,1.2400000095367432,891300,0.0,0.0,1.0,1.2599999904632568,1.2400000095367432
2020-01-28,RIOT,yfinance,1.2799999713897705,1.3200000524520874,1.2649999856948853,1.309999942779541,1.309999942779541,679800,0.0,0.0,1.0,1.2799999713897705,1.309999942779541
2020-01-29,RIOT,yfinance,1.3300000429153442,1.350000023841858,1.2799999713897705,1.309999942779541,1.309999942779541,634000,0.0,0.0,1.0,1.3300000429153442,1.309999942779541
2020-01-30,RIOT,yfinance,1.5800000429153442,1.6299999952316284,1.340000033378601,1.4299999475479126,1.4299999475479126,7720600,0.0,0.0,1.0,1.5800000429153442,1.4299999475479126
2020-01-31,RIOT,yfinance,1.4500000476837158,1.4500000476837158,1.350000023841858,1.350000023841858,1.350000023841858,1400000,0.0,0.0,1.0,1.4500000476837158,1.350000023841858
2020-02-03,RIOT,yfinance,1.3600000143051147,1.4199999570846558,1.3300000429153442,1.3600000143051147,1.3600000143051147,916000,0.0,0.0,1.0,1.3600000143051147,1.3600000143051147
2020-02-04,RIOT,yfinance,1.3600000143051147,1.3899999856948853,1.3200000524520874,1.3799999952316284,1.3799999952316284,862600,0.0,0.0,1.0,1.3600000143051147,1.3799999952316284
2020-02-05,RIOT,yfinance,1.399999976158142,1.5099999904632568,1.399999976158142,1.4800000190734863,1.4800000190734863,2968900,0.0,0.0,1.0,1.399999976158142,1.4800000190734863
2020-02-06,RIOT,yfinance,1.5299999713897705,1.5499999523162842,1.4199999570846558,1.4299999475479126,1.4299999475479126,1962100,0.0,0.0,1.0,1.5299999713897705,1.4299999475479126
2020-02-07,RIOT,yfinance,1.4600000381469729,1.4600000381469729,1.3899999856948853,1.4299999475479126,1.4299999475479126,1198700,0.0,0.0,1.0,1.4600000381469729,1.4299999475479126
2020-02-10,RIOT,yfinance,1.4800000190734863,1.5099999904632568,1.3899999856948853,1.4800000190734863,1.4800000190734863,1425700,0.0,0.0,1.0,1.4800000190734863,1.4800000190734863
2020-02-11,RIOT,yfinance,1.5,1.7599999904632568,1.4900000095367432,1.6799999475479126,1.6799999475479126,7345800,0.0,0.0,1.0,1.5,1.6799999475479126
2020-02-12,RIOT,yfinance,1.7899999618530271,1.8600000143051147,1.5800000429153442,1.600000023841858,1.600000023841858,6460000,0.0,0.0,1.0,1.7899999618530271,1.600000023841858
2020-02-13,RIOT,yfinance,1.600000023841858,1.6299999952316284,1.5099999904632568,1.6100000143051147,1.6100000143051147,1839500,0.0,0.0,1.0,1.600000023841858,1.6100000143051147
2020-02-14,RIOT,yfinance,1.6100000143051147,1.6699999570846558,1.559999942779541,1.6399999856948853,1.6399999856948853,1579100,0.0,0.0,1.0,1.6100000143051147,1.6399999856948853
2020-02-18,RIOT,yfinance,1.5499999523162842,1.559999942779541,1.399999976158142,1.5,1.5,2365200,0.0,0.0,1.0,1.5499999523162842,1.5
2020-02-19,RIOT,yfinance,1.5499999523162842,1.5499999523162842,1.4199999570846558,1.5,1.5,1148800,0.0,0.0,1.0,1.5499999523162842,1.5
2020-02-20,RIOT,yfinance,1.4199999570846558,1.4550000429153442,1.3700000047683716,1.4199999570846558,1.4199999570846558,1890000,0.0,0.0,1.0,1.4199999570846558,1.4199999570846558
2020-02-21,RIOT,yfinance,1.4299999475479126,1.440000057220459,1.3700000047683716,1.409999966621399,1.409999966621399,906800,0.0,0.0,1.0,1.4299999475479126,1.409999966621399
2020-02-24,RIOT,yfinance,1.2999999523162842,1.3700000047683716,1.2899999618530271,1.3300000429153442,1.3300000429153442,1274200,0.0,0.0,1.0,1.2999999523162842,1.3300000429153442
2020-02-25,RIOT,yfinance,1.350000023841858,1.350000023841858,1.2300000190734863,1.2599999904632568,1.2599999904632568,1376300,0.0,0.0,1.0,1.350000023841858,1.2599999904632568
2020-02-26,RIOT,yfinance,1.2400000095367432,1.25,1.1799999475479126,1.2450000047683716,1.2450000047683716,1419700,0.0,0.0,1.0,1.2400000095367432,1.2450000047683716
2020-02-27,RIOT,yfinance,1.2000000476837158,1.2799999713897705,1.128999948501587,1.2300000190734863,1.2300000190734863,1555900,0.0,0.0,1.0,1.2000000476837158,1.2300000190734863
2020-02-28,RIOT,yfinance,1.149999976158142,1.190000057220459,1.1200000047683716,1.1399999856948853,1.1399999856948853,1237100,0.0,0.0,1.0,1.149999976158142,1.1399999856948853
2020-03-02,RIOT,yfinance,1.159999966621399,1.2100000381469729,1.1299999952316284,1.1799999475479126,1.1799999475479126,810600,0.0,0.0,1.0,1.159999966621399,1.1799999475479126
2020-03-03,RIOT,yfinance,1.1799999475479126,1.190000057220459,1.1200000047683716,1.1399999856948853,1.1399999856948853,751300,0.0,0.0,1.0,1.1799999475479126,1.1399999856948853
2020-03-04,RIOT,yfinance,1.159999966621399,1.1699999570846558,1.1299999952316284,1.1649999618530271,1.1649999618530271,530700,0.0,0.0,1.0,1.159999966621399,1.1649999618530271
2020-03-05,RIOT,yfinance,1.25,1.3300000429153442,1.2200000286102295,1.2799999713897705,1.2799999713897705,2785100,0.0,0.0,1.0,1.25,1.2799999713897705
2020-03-06,RIOT,yfinance,1.2899999618530271,1.340000033378601,1.159999966621399,1.2699999809265137,1.2699999809265137,1437700,0.0,0.0,1.0,1.2899999618530271,1.2699999809265137
2020-03-09,RIOT,yfinance,1.0800000429153442,1.1200000047683716,1.0199999809265137,1.0800000429153442,1.0800000429153442,1378500,0.0,0.0,1.0,1.0800000429153442,1.0800000429153442
2020-03-10,RIOT,yfinance,1.1299999952316284,1.1399999856948853,1.0399999618530271,1.0700000524520874,1.0700000524520874,776300,0.0,0.0,1.0,1.1299999952316284,1.0700000524520874
2020-03-11,RIOT,yfinance,1.0399999618530271,1.0800000429153442,0.9900000095367432,1.0099999904632568,1.0099999904632568,1065500,0.0,0.0,1.0,1.0399999618530271,1.0099999904632568
2020-03-12,RIOT,yfinance,0.75,0.7770000100135803,0.5299999713897705,0.7279999852180481,0.7279999852180481,1826700,0.0,0.0,1.0,0.75,0.7279999852180481
2020-03-13,RIOT,yfinance,0.7799999713897705,0.800000011920929,0.6499999761581421,0.7200000286102295,0.7200000286102295,1138300,0.0,0.0,1.0,0.7799999713897705,0.7200000286102295
2020-03-16,RIOT,yfinance,0.6100000143051147,0.699999988079071,0.6000000238418579,0.6579999923706055,0.6579999923706055,936800,0.0,0.0,1.0,0.6100000143051147,0.6579999923706055
2020-03-17,RIOT,yfinance,0.699999988079071,0.800000011920929,0.6309999823570251,0.7480000257492065,0.7480000257492065,674700,0.0,0.0,1.0,0.699999988079071,0.7480000257492065
2020-03-18,RIOT,yfinance,0.7400000095367432,0.7400000095367432,0.5109999775886536,0.6499999761581421,0.6499999761581421,1454800,0.0,0.0,1.0,0.7400000095367432,0.6499999761581421
2020-03-19,RIOT,yfinance,0.699999988079071,0.7300000190734863,0.6499999761581421,0.703000009059906,0.703000009059906,840100,0.0,0.0,1.0,0.699999988079071,0.703000009059906
2020-03-20,RIOT,yfinance,0.7559999823570251,0.7599999904632568,0.6899999976158142,0.7049999833106995,0.7049999833106995,592900,0.0,0.0,1.0,0.7559999823570251,0.7049999833106995
2020-03-23,RIOT,yfinance,0.7139999866485596,0.7300000190734863,0.6299999952316284,0.6690000295639038,0.6690000295639038,565600,0.0,0.0,1.0,0.7139999866485596,0.6690000295639038
2020-03-24,RIOT,yfinance,0.7350000143051147,0.8299999833106995,0.7350000143051147,0.7979999780654907,0.7979999780654907,1173800,0.0,0.0,1.0,0.7350000143051147,0.7979999780654907
2020-03-25,RIOT,yfinance,0.75,0.8399999737739563,0.7350000143051147,0.7730000019073486,0.7730000019073486,719100,0.0,0.0,1.0,0.75,0.7730000019073486
2020-03-26,RIOT,yfinance,0.8199999928474426,0.9300000071525574,0.7599999904632568,0.8159999847412109,0.8159999847412109,1238000,0.0,0.0,1.0,0.8199999928474426,0.8159999847412109
2020-03-27,RIOT,yfinance,0.800000011920929,0.8299999833106995,0.7799999713897705,0.7889999747276306,0.7889999747276306,364600,0.0,0.0,1.0,0.800000011920929,0.7889999747276306
2020-03-30,RIOT,yfinance,0.8069999814033508,0.8500000238418579,0.7799999713897705,0.7919999957084656,0.7919999957084656,506900,0.0,0.0,1.0,0.8069999814033508,0.7919999957084656
2020-03-31,RIOT,yfinance,0.8299999833106995,0.8600000143051147,0.7900000214576721,0.8330000042915344,0.8330000042915344,354400,0.0,0.0,1.0,0.8299999833106995,0.8330000042915344
2020-04-01,RIOT,yfinance,0.8299999833106995,0.8460000157356262,0.7599999904632568,0.7730000019073486,0.7730000019073486,524600,0.0,0.0,1.0,0.8299999833106995,0.7730000019073486
2020-04-02,RIOT,yfinance,0.7979999780654907,0.8820000290870667,0.7599999904632568,0.7799999713897705,0.7799999713897705,995800,0.0,0.0,1.0,0.7979999780654907,0.7799999713897705
2020-04-03,RIOT,yfinance,0.9100000262260436,0.949999988079071,0.8500000238418579,0.8999999761581421,0.8999999761581421,1287600,0.0,0.0,1.0,0.9100000262260436,0.8999999761581421
2020-04-06,RIOT,yfinance,0.949999988079071,1.1200000047683716,0.9200000166893004,1.0950000286102295,1.0950000286102295,2570800,0.0,0.0,1.0,0.949999988079071,1.0950000286102295
2020-04-07,RIOT,yfinance,1.190000057220459,1.190000057220459,0.9900000095367432,1.0199999809265137,1.0199999809265137,1410400,0.0,0.0,1.0,1.190000057220459,1.0199999809265137
2020-04-08,RIOT,yfinance,1.059999942779541,1.090000033378601,1.0,1.0700000524520874,1.0700000524520874,673600,0.0,0.0,1.0,1.059999942779541,1.0700000524520874
2020-04-09,RIOT,yfinance,1.0800000429153442,1.090000033378601,0.9800000190734864,1.0299999713897705,1.0299999713897705,759800,0.0,0.0,1.0,1.0800000429153442,1.0299999713897705
2020-04-13,RIOT,yfinance,1.0099999904632568,1.0199999809265137,0.9300000071525574,1.0099999904632568,1.0099999904632568,656500,0.0,0.0,1.0,1.0099999904632568,1.0099999904632568
2020-04-14,RIOT,yfinance,0.984000027179718,1.0399999618530271,0.984000027179718,1.0099999904632568,1.0099999904632568,1078000,0.0,0.0,1.0,0.984000027179718,1.0099999904632568
2020-04-15,RIOT,yfinance,1.0499999523162842,1.25,1.0199999809265137,1.1299999952316284,1.1299999952316284,2518900,0.0,0.0,1.0,1.0499999523162842,1.1299999952316284
2020-04-16,RIOT,yfinance,1.2000000476837158,1.2100000381469729,1.1299999952316284,1.1699999570846558,1.1699999570846558,1027800,0.0,0.0,1.0,1.2000000476837158,1.1699999570846558
2020-04-17,RIOT,yfinance,1.2000000476837158,1.2000000476837158,1.1100000143051147,1.1399999856948853,1.1399999856948853,720000,0.0,0.0,1.0,1.2000000476837158,1.1399999856948853
2020-04-20,RIOT,yfinance,1.100000023841858,1.1799999475479126,1.100000023841858,1.100000023841858,1.100000023841858,1170200,0.0,0.0,1.0,1.100000023841858,1.100000023841858
2020-04-21,RIOT,yfinance,1.0800000429153442,1.0839999914169312,0.984000027179718,1.0199999809265137,1.0199999809265137,1030200,0.0,0.0,1.0,1.0800000429153442,1.0199999809265137
2020-04-22,RIOT,yfinance,1.0499999523162842,1.0800000429153442,1.0199999809265137,1.0700000524520874,1.0700000524520874,502300,0.0,0.0,1.0,1.0499999523162842,1.0700000524520874
2020-04-23,RIOT,yfinance,1.0700000524520874,1.2000000476837158,1.0700000524520874,1.149999976158142,1.149999976158142,4276500,0.0,0.0,1.0,1.0700000524520874,1.149999976158142
2020-04-24,RIOT,yfinance,1.1699999570846558,1.2899999618530271,1.100000023841858,1.25,1.25,4467300,0.0,0.0,1.0,1.1699999570846558,1.25
2020-04-27,RIOT,yfinance,1.2699999809265137,1.2999999523162842,1.149999976158142,1.2400000095367432,1.2400000095367432,2484600,0.0,0.0,1.0,1.2699999809265137,1.2400000095367432
2020-04-28,RIOT,yfinance,1.2400000095367432,1.25,1.149999976158142,1.159999966621399,1.159999966621399,1071800,0.0,0.0,1.0,1.2400000095367432,1.159999966621399
2020-04-29,RIOT,yfinance,1.2599999904632568,1.3799999952316284,1.1699999570846558,1.2100000381469729,1.2100000381469729,7766400,0.0,0.0,1.0,1.2599999904632568,1.2100000381469729
2020-04-30,RIOT,yfinance,1.2300000190734863,1.2400000095367432,1.149999976158142,1.2100000381469729,1.2100000381469729,1669700,0.0,0.0,1.0,1.2300000190734863,1.2100000381469729
2020-05-01,RIOT,yfinance,1.1799999475479126,1.2000000476837158,1.0700000524520874,1.0700000524520874,1.0700000524520874,2123000,0.0,0.0,1.0,1.1799999475479126,1.0700000524520874
2020-05-04,RIOT,yfinance,1.100000023841858,1.1299999952316284,1.0299999713897705,1.1200000047683716,1.1200000047683716,1039300,0.0,0.0,1.0,1.100000023841858,1.1200000047683716
2020-05-05,RIOT,yfinance,1.149999976158142,1.1799999475479126,1.100000023841858,1.149999976158142,1.149999976158142,2111400,0.0,0.0,1.0,1.149999976158142,1.149999976158142
2020-05-06,RIOT,yfinance,1.2100000381469729,1.2799999713897705,1.1699999570846558,1.2699999809265137,1.2699999809265137,4860800,0.0,0.0,1.0,1.2100000381469729,1.2699999809265137
2020-05-07,RIOT,yfinance,1.350000023841858,1.590000033378601,1.2699999809265137,1.5399999618530271,1.5399999618530271,10412300,0.0,0.0,1.0,1.350000023841858,1.5399999618530271
2020-05-08,RIOT,yfinance,1.75,2.130000114440918,1.559999942779541,1.850000023841858,1.850000023841858,20009100,0.0,0.0,1.0,1.75,1.850000023841858
2020-05-11,RIOT,yfinance,1.7999999523162842,1.870000004768372,1.5,1.590000033378601,1.590000033378601,9081900,0.0,0.0,1.0,1.7999999523162842,1.590000033378601
2020-05-12,RIOT,yfinance,1.6100000143051147,1.7400000095367432,1.5199999809265137,1.600000023841858,1.600000023841858,4215700,0.0,0.0,1.0,1.6100000143051147,1.600000023841858
2020-05-13,RIOT,yfinance,1.6399999856948853,1.909999966621399,1.600000023841858,1.8899999856948853,1.8899999856948853,8303700,0.0,0.0,1.0,1.6399999856948853,1.8899999856948853
2020-05-14,RIOT,yfinance,2.0999999046325684,2.5799999237060547,1.919999957084656,2.2799999713897705,2.2799999713897705,21548400,0.0,0.0,1.0,2.0999999046325684,2.2799999713897705
2020-05-15,RIOT,yfinance,2.2699999809265137,2.3399999141693115,2.009999990463257,2.0799999237060547,2.0799999237060547,6998700,0.0,0.0,1.0,2.2699999809265137,2.0799999237060547
2020-05-18,RIOT,yfinance,2.180000066757202,2.309999942779541,2.059999942779541,2.190000057220459,2.190000057220459,5523100,0.0,0.0,1.0,2.180000066757202,2.190000057220459
2020-05-19,RIOT,yfinance,2.200000047683716,2.414999961853028,2.150000095367432,2.2300000190734863,2.2300000190734863,5389200,0.0,0.0,1.0,2.200000047683716,2.2300000190734863
2020-05-20,RIOT,yfinance,2.450000047683716,2.75,2.369999885559082,2.5299999713897705,2.5299999713897705,12852500,0.0,0.0,1.0,2.450000047683716,2.5299999713897705
2020-05-21,RIOT,yfinance,2.430000066757202,2.5199999809265137,2.150000095367432,2.3299999237060547,2.3299999237060547,6331400,0.0,0.0,1.0,2.430000066757202,2.3299999237060547
2020-05-22,RIOT,yfinance,2.369999885559082,2.380000114440918,2.200000047683716,2.240000009536743,2.240000009536743,3030100,0.0,0.0,1.0,2.369999885559082,2.240000009536743
2020-05-26,RIOT,yfinance,2.1700000762939453,2.1700000762939453,1.9299999475479128,1.950000047683716,1.950000047683716,5653900,0.0,0.0,1.0,2.1700000762939453,1.950000047683716
2020-05-27,RIOT,yfinance,2.130000114440918,2.2100000381469727,1.9900000095367432,2.119999885559082,2.119999885559082,4581900,0.0,0.0,1.0,2.130000114440918,2.119999885559082
2020-05-28,RIOT,yfinance,2.220000028610229,2.3499999046325684,2.180000066757202,2.2100000381469727,2.2100000381469727,4949300,0.0,0.0,1.0,2.220000028610229,2.2100000381469727
2020-05-29,RIOT,yfinance,2.200000047683716,2.2100000381469727,2.059999942779541,2.140000104904175,2.140000104904175,2455600,0.0,0.0,1.0,2.200000047683716,2.140000104904175
2020-06-01,RIOT,yfinance,2.140000104904175,2.319999933242798,2.140000104904175,2.2699999809265137,2.2699999809265137,4076800,0.0,0.0,1.0,2.140000104904175,2.2699999809265137
2020-06-02,RIOT,yfinance,2.619999885559082,2.9800000190734863,2.3399999141693115,2.509999990463257,2.509999990463257,16278000,0.0,0.0,1.0,2.619999885559082,2.509999990463257
2020-06-03,RIOT,yfinance,2.5999999046325684,2.650000095367432,2.319999933242798,2.4100000858306885,2.4100000858306885,5059300,0.0,0.0,1.0,2.5999999046325684,2.4100000858306885
2020-06-04,RIOT,yfinance,2.539999961853028,2.740000009536743,2.4100000858306885,2.630000114440918,2.630000114440918,6913300,0.0,0.0,1.0,2.539999961853028,2.630000114440918
2020-06-05,RIOT,yfinance,2.569999933242798,2.680000066757202,2.4200000762939453,2.5999999046325684,2.5999999046325684,4229500,0.0,0.0,1.0,2.569999933242798,2.5999999046325684
2020-06-08,RIOT,yfinance,2.5799999237060547,2.6600000858306885,2.4800000190734863,2.569999933242798,2.569999933242798,3545800,0.0,0.0,1.0,2.5799999237060547,2.569999933242798
2020-06-09,RIOT,yfinance,2.549999952316284,2.650000095367432,2.430000066757202,2.619999885559082,2.619999885559082,3665000,0.0,0.0,1.0,2.549999952316284,2.619999885559082
2020-06-10,RIOT,yfinance,2.680000066757202,3.309999942779541,2.569999933242798,3.0999999046325684,3.0999999046325684,18090900,0.0,0.0,1.0,2.680000066757202,3.0999999046325684
2020-06-11,RIOT,yfinance,2.680000066757202,2.819000005722046,2.1600000858306885,2.180000066757202,2.180000066757202,11006000,0.0,0.0,1.0,2.680000066757202,2.180000066757202
2020-06-12,RIOT,yfinance,2.450000047683716,2.461999893188477,2.140000104904175,2.289999961853028,2.289999961853028,4853900,0.0,0.0,1.0,2.450000047683716,2.289999961853028
2020-06-15,RIOT,yfinance,2.0999999046325684,2.375,2.049999952316284,2.309999942779541,2.309999942779541,4674200,0.0,0.0,1.0,2.0999999046325684,2.309999942779541
2020-06-16,RIOT,yfinance,2.4600000381469727,2.4800000190734863,2.2799999713897705,2.3499999046325684,2.3499999046325684,2646800,0.0,0.0,1.0,2.4600000381469727,2.3499999046325684
2020-06-17,RIOT,yfinance,2.3499999046325684,2.3499999046325684,2.2100000381469727,2.2699999809265137,2.2699999809265137,1699400,0.0,0.0,1.0,2.3499999046325684,2.2699999809265137
2020-06-18,RIOT,yfinance,2.2699999809265137,2.2799999713897705,2.190000057220459,2.190000057220459,2.190000057220459,1934300,0.0,0.0,1.0,2.2699999809265137,2.190000057220459
2020-06-19,RIOT,yfinance,2.25,2.319999933242798,2.109999895095825,2.109999895095825,2.109999895095825,3511000,0.0,0.0,1.0,2.25,2.109999895095825
2020-06-22,RIOT,yfinance,2.2300000190734863,2.700000047683716,2.140000104904175,2.509999990463257,2.509999990463257,10076100,0.0,0.0,1.0,2.2300000190734863,2.509999990463257
2020-06-23,RIOT,yfinance,2.568000078201294,2.8399999141693115,2.4100000858306885,2.5999999046325684,2.5999999046325684,7705100,0.0,0.0,1.0,2.568000078201294,2.5999999046325684
2020-06-24,RIOT,yfinance,2.5,2.5199999809265137,2.240000009536743,2.369999885559082,2.369999885559082,5062600,0.0,0.0,1.0,2.5,2.369999885559082
2020-06-25,RIOT,yfinance,2.220000028610229,2.380000114440918,2.220000028610229,2.3299999237060547,2.3299999237060547,1906300,0.0,0.0,1.0,2.220000028610229,2.3299999237060547
2020-06-26,RIOT,yfinance,2.2799999713897705,2.299999952316284,2.150000095367432,2.200000047683716,2.200000047683716,2817900,0.0,0.0,1.0,2.2799999713897705,2.200000047683716
2020-06-29,RIOT,yfinance,2.1630001068115234,2.180000066757202,2.039999961853028,2.140000104904175,2.140000104904175,2961000,0.0,0.0,1.0,2.1630001068115234,2.140000104904175
2020-06-30,RIOT,yfinance,2.0999999046325684,2.359999895095825,2.0799999237060547,2.220000028610229,2.220000028610229,3369000,0.0,0.0,1.0,2.0999999046325684,2.220000028610229
2020-07-01,RIOT,yfinance,2.2100000381469727,2.4100000858306885,2.2100000381469727,2.3399999141693115,2.3399999141693115,3538300,0.0,0.0,1.0,2.2100000381469727,2.3399999141693115
2020-07-02,RIOT,yfinance,2.380000114440918,2.384999990463257,2.190000057220459,2.289999961853028,2.289999961853028,3108700,0.0,0.0,1.0,2.380000114440918,2.289999961853028
2020-07-06,RIOT,yfinance,2.3499999046325684,2.490000009536743,2.309999942779541,2.380000114440918,2.380000114440918,4540800,0.0,0.0,1.0,2.3499999046325684,2.380000114440918
2020-07-07,RIOT,yfinance,2.380000114440918,2.384999990463257,2.2300000190734863,2.289999961853028,2.289999961853028,2244000,0.0,0.0,1.0,2.380000114440918,2.289999961853028
2020-07-08,RIOT,yfinance,2.3299999237060547,2.5799999237060547,2.308000087738037,2.539999961853028,2.539999961853028,9039500,0.0,0.0,1.0,2.3299999237060547,2.539999961853028
2020-07-09,RIOT,yfinance,2.5899999141693115,2.5999999046325684,2.259999990463257,2.359999895095825,2.359999895095825,5068600,0.0,0.0,1.0,2.5899999141693115,2.359999895095825
2020-07-10,RIOT,yfinance,2.299999952316284,2.390000104904175,2.25,2.3299999237060547,2.3299999237060547,1765900,0.0,0.0,1.0,2.299999952316284,2.3299999237060547
2020-07-13,RIOT,yfinance,2.3399999141693115,2.375999927520752,2.1600000858306885,2.180000066757202,2.180000066757202,3641200,0.0,0.0,1.0,2.3399999141693115,2.180000066757202
2020-07-14,RIOT,yfinance,2.150000095367432,2.25,2.0899999141693115,2.25,2.25,1919500,0.0,0.0,1.0,2.150000095367432,2.25
2020-07-15,RIOT,yfinance,2.2699999809265137,2.2799999713897705,2.180000066757202,2.259999990463257,2.259999990463257,1526600,0.0,0.0,1.0,2.2699999809265137,2.259999990463257
2020-07-16,RIOT,yfinance,2.200000047683716,2.2300000190734863,2.1600000858306885,2.220000028610229,2.220000028610229,1761600,0.0,0.0,1.0,2.200000047683716,2.220000028610229
2020-07-17,RIOT,yfinance,2.25,2.259999990463257,2.180000066757202,2.2300000190734863,2.2300000190734863,1595100,0.0,0.0,1.0,2.25,2.2300000190734863
2020-07-20,RIOT,yfinance,2.220000028610229,2.2699999809265137,2.150000095367432,2.259999990463257,2.259999990463257,2079900,0.0,0.0,1.0,2.220000028610229,2.259999990463257
2020-07-21,RIOT,yfinance,2.3499999046325684,2.369999885559082,2.25,2.299999952316284,2.299999952316284,3792900,0.0,0.0,1.0,2.3499999046325684,2.299999952316284
2020-07-22,RIOT,yfinance,2.299999952316284,2.369999885559082,2.240000009536743,2.3399999141693115,2.3399999141693115,5382500,0.0,0.0,1.0,2.299999952316284,2.3399999141693115
2020-07-23,RIOT,yfinance,2.400000095367432,2.450000047683716,2.2300000190734863,2.289999961853028,2.289999961853028,7573500,0.0,0.0,1.0,2.400000095367432,2.289999961853028
2020-07-24,RIOT,yfinance,2.25,2.2850000858306885,2.059999942779541,2.220000028610229,2.220000028610229,8569200,0.0,0.0,1.0,2.25,2.220000028610229
2020-07-27,RIOT,yfinance,2.619999885559082,3.0799999237060547,2.470000028610229,2.640000104904175,2.640000104904175,52558900,0.0,0.0,1.0,2.619999885559082,2.640000104904175
2020-07-28,RIOT,yfinance,2.869999885559082,3.200000047683716,2.6600000858306885,2.7699999809265137,2.7699999809265137,43346200,0.0,0.0,1.0,2.869999885559082,2.7699999809265137
2020-07-29,RIOT,yfinance,2.880000114440918,2.9100000858306885,2.700000047683716,2.75,2.75,15147400,0.0,0.0,1.0,2.880000114440918,2.75
2020-07-30,RIOT,yfinance,2.561000108718872,2.6600000858306885,2.359999895095825,2.549999952316284,2.549999952316284,10283700,0.0,0.0,1.0,2.561000108718872,2.549999952316284
2020-07-31,RIOT,yfinance,2.5999999046325684,2.799999952316284,2.430000066757202,2.640000104904175,2.640000104904175,14306300,0.0,0.0,1.0,2.5999999046325684,2.640000104904175
2020-08-03,RIOT,yfinance,2.900000095367432,4.0,2.75,3.5,3.5,58695600,0.0,0.0,1.0,2.900000095367432,3.5
2020-08-04,RIOT,yfinance,3.200000047683716,3.670000076293945,3.0299999713897705,3.400000095367432,3.400000095367432,14269800,0.0,0.0,1.0,3.200000047683716,3.400000095367432
2020-08-05,RIOT,yfinance,4.070000171661377,4.449999809265137,3.829999923706055,4.010000228881836,4.010000228881836,39590900,0.0,0.0,1.0,4.070000171661377,4.010000228881836
2020-08-06,RIOT,yfinance,4.369999885559082,4.579999923706055,4.019999980926514,4.25,4.25,27231000,0.0,0.0,1.0,4.369999885559082,4.25
2020-08-07,RIOT,yfinance,4.119999885559082,4.150000095367432,3.509999990463257,3.7699999809265137,3.7699999809265137,14748700,0.0,0.0,1.0,4.119999885559082,3.7699999809265137
2020-08-10,RIOT,yfinance,4.255000114440918,4.28000020980835,4.0,4.130000114440918,4.130000114440918,12386000,0.0,0.0,1.0,4.255000114440918,4.130000114440918
2020-08-11,RIOT,yfinance,3.7799999713897705,4.039999961853027,3.539999961853028,3.619999885559082,3.619999885559082,10213600,0.0,0.0,1.0,3.7799999713897705,3.619999885559082
2020-08-12,RIOT,yfinance,3.75,3.829999923706055,3.5,3.539999961853028,3.539999961853028,5661500,0.0,0.0,1.0,3.75,3.539999961853028
2020-08-13,RIOT,yfinance,3.4200000762939453,3.75,3.049999952316284,3.609999895095825,3.609999895095825,11009400,0.0,0.0,1.0,3.4200000762939453,3.609999895095825
2020-08-14,RIOT,yfinance,3.670000076293945,3.839999914169312,3.390000104904175,3.7799999713897705,3.7799999713897705,10691500,0.0,0.0,1.0,3.670000076293945,3.7799999713897705
2020-08-17,RIOT,yfinance,3.950000047683716,4.409999847412109,3.7699999809265137,4.150000095367432,4.150000095367432,21029500,0.0,0.0,1.0,3.950000047683716,4.150000095367432
2020-08-18,RIOT,yfinance,4.0,4.199999809265137,3.910000085830689,4.039999961853027,4.039999961853027,9456000,0.0,0.0,1.0,4.0,4.039999961853027
2020-08-19,RIOT,yfinance,3.869999885559082,4.059999942779541,3.630000114440918,3.690000057220459,3.690000057220459,8062900,0.0,0.0,1.0,3.869999885559082,3.690000057220459
2020-08-20,RIOT,yfinance,3.7300000190734863,4.050000190734863,3.7100000381469727,3.990000009536743,3.990000009536743,7506700,0.0,0.0,1.0,3.7300000190734863,3.990000009536743
2020-08-21,RIOT,yfinance,3.819999933242798,3.940000057220459,3.670000076293945,3.724999904632568,3.724999904632568,5926100,0.0,0.0,1.0,3.819999933242798,3.724999904632568
2020-08-24,RIOT,yfinance,3.7799999713897705,3.7899999618530273,3.5199999809265137,3.630000114440918,3.630000114440918,4019400,0.0,0.0,1.0,3.7799999713897705,3.630000114440918
2020-08-25,RIOT,yfinance,3.4100000858306885,3.5999999046325684,3.180000066757202,3.5799999237060547,3.5799999237060547,7397600,0.0,0.0,1.0,3.4100000858306885,3.5799999237060547
2020-08-26,RIOT,yfinance,3.400000095367432,3.559999942779541,3.3499999046325684,3.4100000858306885,3.4100000858306885,3852000,0.0,0.0,1.0,3.400000095367432,3.4100000858306885
2020-08-27,RIOT,yfinance,3.4600000381469727,3.5,3.150000095367432,3.2699999809265137,3.2699999809265137,4789700,0.0,0.0,1.0,3.4600000381469727,3.2699999809265137
2020-08-28,RIOT,yfinance,3.2300000190734863,3.650000095367432,3.2100000381469727,3.5899999141693115,3.5899999141693115,8606100,0.0,0.0,1.0,3.2300000190734863,3.5899999141693115
2020-08-31,RIOT,yfinance,3.660000085830689,3.700000047683716,3.3499999046325684,3.5,3.5,4588200,0.0,0.0,1.0,3.660000085830689,3.5
2020-09-01,RIOT,yfinance,3.5199999809265137,3.880000114440918,3.4200000762939453,3.75,3.75,8451200,0.0,0.0,1.0,3.5199999809265137,3.75
2020-09-02,RIOT,yfinance,3.509999990463257,3.5199999809265137,3.299999952316284,3.430000066757202,3.430000066757202,5030500,0.0,0.0,1.0,3.509999990463257,3.430000066757202
2020-09-03,RIOT,yfinance,3.0999999046325684,3.289999961853028,3.059999942779541,3.1600000858306885,3.1600000858306885,5900100,0.0,0.0,1.0,3.0999999046325684,3.1600000858306885
2020-09-04,RIOT,yfinance,3.0799999237060547,3.200000047683716,2.539999961853028,3.109999895095825,3.109999895095825,8056200,0.0,0.0,1.0,3.0799999237060547,3.109999895095825
2020-09-08,RIOT,yfinance,2.8399999141693115,3.0199999809265137,2.630000114440918,2.819999933242798,2.819999933242798,4434900,0.0,0.0,1.0,2.8399999141693115,2.819999933242798
2020-09-09,RIOT,yfinance,2.880000114440918,3.0899999141693115,2.880000114440918,2.950000047683716,2.950000047683716,3976600,0.0,0.0,1.0,2.880000114440918,2.950000047683716
2020-09-10,RIOT,yfinance,3.009999990463257,3.200000047683716,2.7799999713897705,2.809999942779541,2.809999942779541,4480900,0.0,0.0,1.0,3.009999990463257,2.809999942779541
2020-09-11,RIOT,yfinance,2.869999885559082,2.970000028610229,2.75,2.9100000858306885,2.9100000858306885,2951000,0.0,0.0,1.0,2.869999885559082,2.9100000858306885
2020-09-14,RIOT,yfinance,3.068000078201294,3.119999885559082,2.874000072479248,3.0199999809265137,3.0199999809265137,4284400,0.0,0.0,1.0,3.068000078201294,3.0199999809265137
2020-09-15,RIOT,yfinance,3.109999895095825,3.130000114440918,2.950000047683716,3.0,3.0,2856100,0.0,0.0,1.0,3.109999895095825,3.0
2020-09-16,RIOT,yfinance,3.0199999809265137,3.2799999713897705,2.9600000381469727,3.049999952316284,3.049999952316284,6377500,0.0,0.0,1.0,3.0199999809265137,3.049999952316284
2020-09-17,RIOT,yfinance,2.9200000762939453,3.059999942779541,2.900000095367432,3.0,3.0,2852400,0.0,0.0,1.0,2.9200000762939453,3.0
2020-09-18,RIOT,yfinance,3.0299999713897705,3.059999942779541,2.880000114440918,3.049999952316284,3.049999952316284,3944300,0.0,0.0,1.0,3.0299999713897705,3.049999952316284
2020-09-21,RIOT,yfinance,2.8499999046325684,3.0299999713897705,2.75,2.930000066757202,2.930000066757202,3625500,0.0,0.0,1.0,2.8499999046325684,2.930000066757202
2020-09-22,RIOT,yfinance,2.950000047683716,2.9600000381469727,2.8350000381469727,2.930000066757202,2.930000066757202,2511300,0.0,0.0,1.0,2.950000047683716,2.930000066757202
2020-09-23,RIOT,yfinance,2.900000095367432,2.9200000762939453,2.5999999046325684,2.5999999046325684,2.5999999046325684,4315400,0.0,0.0,1.0,2.900000095367432,2.5999999046325684
2020-09-24,RIOT,yfinance,2.549999952316284,2.7699999809265137,2.3499999046325684,2.690000057220459,2.690000057220459,4218800,0.0,0.0,1.0,2.549999952316284,2.690000057220459
2020-09-25,RIOT,yfinance,2.6600000858306885,2.7799999713897705,2.5999999046325684,2.680000066757202,2.680000066757202,3685800,0.0,0.0,1.0,2.6600000858306885,2.680000066757202
2020-09-28,RIOT,yfinance,2.789999961853028,2.809999942779541,2.6600000858306885,2.740000009536743,2.740000009536743,3243400,0.0,0.0,1.0,2.789999961853028,2.740000009536743
2020-09-29,RIOT,yfinance,2.700000047683716,2.7799999713897705,2.6600000858306885,2.759999990463257,2.759999990463257,1996600,0.0,0.0,1.0,2.700000047683716,2.759999990463257
2020-09-30,RIOT,yfinance,2.7300000190734863,2.756999969482422,2.630000114440918,2.700000047683716,2.700000047683716,1901500,0.0,0.0,1.0,2.7300000190734863,2.700000047683716
2020-10-01,RIOT,yfinance,2.7100000381469727,2.740000009536743,2.619999885559082,2.650000095367432,2.650000095367432,1740100,0.0,0.0,1.0,2.7100000381469727,2.650000095367432
2020-10-02,RIOT,yfinance,2.5299999713897705,2.609999895095825,2.5,2.5999999046325684,2.5999999046325684,2138300,0.0,0.0,1.0,2.5299999713897705,2.5999999046325684
2020-10-05,RIOT,yfinance,2.630000114440918,2.680000066757202,2.569999933242798,2.6600000858306885,2.6600000858306885,2047500,0.0,0.0,1.0,2.630000114440918,2.6600000858306885
2020-10-06,RIOT,yfinance,2.6600000858306885,2.6700000762939453,2.5299999713897705,2.569999933242798,2.569999933242798,2444300,0.0,0.0,1.0,2.6600000858306885,2.569999933242798
2020-10-07,RIOT,yfinance,2.569999933242798,2.6600000858306885,2.546999931335449,2.6600000858306885,2.6600000858306885,2148100,0.0,0.0,1.0,2.569999933242798,2.6600000858306885
2020-10-08,RIOT,yfinance,2.7699999809265137,3.0899999141693115,2.720000028610229,2.930000066757202,2.930000066757202,9775100,0.0,0.0,1.0,2.7699999809265137,2.930000066757202
2020-10-09,RIOT,yfinance,3.150000095367432,3.150000095367432,2.9600000381469727,3.095000028610229,3.095000028610229,6531000,0.0,0.0,1.0,3.150000095367432,3.095000028610229
2020-10-12,RIOT,yfinance,3.220000028610229,3.650000095367432,3.1600000858306885,3.5,3.5,12692100,0.0,0.0,1.0,3.220000028610229,3.5
2020-10-13,RIOT,yfinance,3.4670000076293945,3.470000028610229,3.220000028610229,3.369999885559082,3.369999885559082,5209300,0.0,0.0,1.0,3.4670000076293945,3.369999885559082
2020-10-14,RIOT,yfinance,3.3299999237060547,3.490000009536743,3.2100000381469727,3.2799999713897705,3.2799999713897705,4012900,0.0,0.0,1.0,3.3299999237060547,3.2799999713897705
2020-10-15,RIOT,yfinance,3.1760001182556152,3.470000028610229,3.075999975204468,3.400000095367432,3.400000095367432,3605700,0.0,0.0,1.0,3.1760001182556152,3.400000095367432
2020-10-16,RIOT,yfinance,3.369999885559082,3.369999885559082,3.109999895095825,3.109999895095825,3.109999895095825,4208700,0.0,0.0,1.0,3.369999885559082,3.109999895095825
2020-10-19,RIOT,yfinance,3.319999933242798,3.549999952316284,3.25,3.299999952316284,3.299999952316284,8909400,0.0,0.0,1.0,3.319999933242798,3.299999952316284
2020-10-20,RIOT,yfinance,3.450000047683716,3.7699999809265137,3.4100000858306885,3.539999961853028,3.539999961853028,13717600,0.0,0.0,1.0,3.450000047683716,3.539999961853028
2020-10-21,RIOT,yfinance,3.930000066757202,4.139999866485596,3.759999990463257,3.9800000190734863,3.9800000190734863,18072900,0.0,0.0,1.0,3.930000066757202,3.9800000190734863
2020-10-22,RIOT,yfinance,4.179999828338623,4.260000228881836,3.829999923706055,4.054999828338623,4.054999828338623,15856100,0.0,0.0,1.0,4.179999828338623,4.054999828338623
2020-10-23,RIOT,yfinance,3.9700000286102295,4.010000228881836,3.680000066757202,3.910000085830689,3.910000085830689,7305400,0.0,0.0,1.0,3.9700000286102295,3.910000085830689
2020-10-26,RIOT,yfinance,3.9800000190734863,4.03000020980835,3.609999895095825,3.849999904632568,3.849999904632568,6772300,0.0,0.0,1.0,3.9800000190734863,3.849999904632568
2020-10-27,RIOT,yfinance,4.03000020980835,4.159999847412109,3.859999895095825,4.019999980926514,4.019999980926514,10807100,0.0,0.0,1.0,4.03000020980835,4.019999980926514
2020-10-28,RIOT,yfinance,3.7100000381469727,3.829999923706055,3.359999895095825,3.5,3.5,8592400,0.0,0.0,1.0,3.7100000381469727,3.5
2020-10-29,RIOT,yfinance,3.5,3.7300000190734863,3.440000057220459,3.549999952316284,3.549999952316284,4609800,0.0,0.0,1.0,3.5,3.549999952316284
2020-10-30,RIOT,yfinance,3.4800000190734863,3.539999961853028,3.180000066757202,3.2699999809265137,3.2699999809265137,6904900,0.0,0.0,1.0,3.4800000190734863,3.2699999809265137
2020-11-02,RIOT,yfinance,3.259999990463257,3.390000104904175,3.140000104904175,3.289999961853028,3.289999961853028,3253500,0.0,0.0,1.0,3.259999990463257,3.289999961853028
2020-11-03,RIOT,yfinance,3.3499999046325684,3.5899999141693115,3.2980000972747803,3.5,3.5,5559600,0.0,0.0,1.0,3.3499999046325684,3.5
2020-11-04,RIOT,yfinance,3.5899999141693115,3.7300000190734863,3.380000114440918,3.549999952316284,3.549999952316284,7842100,0.0,0.0,1.0,3.5899999141693115,3.549999952316284
2020-11-05,RIOT,yfinance,3.829999923706055,3.9800000190734863,3.660000085830689,3.75,3.75,11977200,0.0,0.0,1.0,3.829999923706055,3.75
2020-11-06,RIOT,yfinance,3.819999933242798,3.819999933242798,3.609999895095825,3.650000095367432,3.650000095367432,5328900,0.0,0.0,1.0,3.819999933242798,3.650000095367432
2020-11-09,RIOT,yfinance,3.509999990463257,3.619999885559082,3.3299999237060547,3.5,3.5,5480300,0.0,0.0,1.0,3.509999990463257,3.5
2020-11-10,RIOT,yfinance,3.447000026702881,3.4800000190734863,3.200000047683716,3.450000047683716,3.450000047683716,3934300,0.0,0.0,1.0,3.447000026702881,3.450000047683716
2020-11-11,RIOT,yfinance,3.500999927520752,3.759999990463257,3.414999961853028,3.5999999046325684,3.5999999046325684,7266700,0.0,0.0,1.0,3.500999927520752,3.5999999046325684
2020-11-12,RIOT,yfinance,3.765000104904175,3.809999942779541,3.539999961853028,3.700000047683716,3.700000047683716,5205500,0.0,0.0,1.0,3.765000104904175,3.700000047683716
2020-11-13,RIOT,yfinance,3.7699999809265137,4.119999885559082,3.595000028610229,3.9800000190734863,3.9800000190734863,11293700,0.0,0.0,1.0,3.7699999809265137,3.9800000190734863
2020-11-16,RIOT,yfinance,4.019999980926514,4.170000076293945,3.809999942779541,4.099999904632568,4.099999904632568,11278300,0.0,0.0,1.0,4.019999980926514,4.099999904632568
2020-11-17,RIOT,yfinance,4.236000061035156,6.289999961853027,4.070000171661377,6.085000038146973,6.085000038146973,82187000,0.0,0.0,1.0,4.236000061035156,6.085000038146973
2020-11-18,RIOT,yfinance,6.389999866485596,6.440000057220459,5.050000190734863,5.25,5.25,48455900,0.0,0.0,1.0,6.389999866485596,5.25
2020-11-19,RIOT,yfinance,5.460000038146973,6.0,5.409999847412109,6.0,6.0,22024600,0.0,0.0,1.0,5.460000038146973,6.0
2020-11-20,RIOT,yfinance,6.170000076293945,6.559999942779541,5.829999923706055,5.994999885559082,5.994999885559082,34199600,0.0,0.0,1.0,6.170000076293945,5.994999885559082
2020-11-23,RIOT,yfinance,6.320000171661377,7.380000114440918,6.190000057220459,7.230000019073486,7.230000019073486,39777800,0.0,0.0,1.0,6.320000171661377,7.230000019073486
2020-11-24,RIOT,yfinance,7.590000152587891,7.599999904632568,6.460000038146973,6.809999942779541,6.809999942779541,28281000,0.0,0.0,1.0,7.590000152587891,6.809999942779541
2020-11-25,RIOT,yfinance,7.090000152587891,7.579999923706055,6.840000152587891,7.079999923706055,7.079999923706055,17377800,0.0,0.0,1.0,7.090000152587891,7.079999923706055
2020-11-27,RIOT,yfinance,6.150000095367432,6.610000133514404,6.019999980926514,6.25,6.25,13230100,0.0,0.0,1.0,6.150000095367432,6.25
2020-11-30,RIOT,yfinance,7.090000152587891,8.479999542236328,6.900000095367432,8.449999809265137,8.449999809265137,46491800,0.0,0.0,1.0,7.090000152587891,8.449999809265137
2020-12-01,RIOT,yfinance,8.170000076293945,9.09000015258789,7.809999942779541,8.8100004196167,8.8100004196167,28848700,0.0,0.0,1.0,8.170000076293945,8.8100004196167
2020-12-02,RIOT,yfinance,8.420000076293945,8.539999961853027,7.800000190734863,8.510000228881836,8.510000228881836,14162400,0.0,0.0,1.0,8.420000076293945,8.510000228881836
2020-12-03,RIOT,yfinance,8.8100004196167,10.140000343322754,8.5,9.65999984741211,9.65999984741211,29297500,0.0,0.0,1.0,8.8100004196167,9.65999984741211
2020-12-04,RIOT,yfinance,9.404000282287598,10.59000015258789,9.109999656677246,10.0,10.0,32322200,0.0,0.0,1.0,9.404000282287598,10.0
2020-12-07,RIOT,yfinance,9.539999961853027,11.289999961853027,9.5,10.630000114440918,10.630000114440918,27428900,0.0,0.0,1.0,9.539999961853027,10.630000114440918
2020-12-08,RIOT,yfinance,10.699999809265137,10.920000076293944,9.383000373840332,9.869999885559082,9.869999885559082,17488500,0.0,0.0,1.0,10.699999809265137,9.869999885559082
2020-12-09,RIOT,yfinance,9.81999969482422,10.09000015258789,8.359999656677246,8.850000381469727,8.850000381469727,16849800,0.0,0.0,1.0,9.81999969482422,8.850000381469727
2020-12-10,RIOT,yfinance,8.470000267028809,9.59000015258789,8.460000038146973,9.34000015258789,9.34000015258789,12211500,0.0,0.0,1.0,8.470000267028809,9.34000015258789
2020-12-11,RIOT,yfinance,9.0,9.270000457763672,8.4399995803833,8.65999984741211,8.65999984741211,10823800,0.0,0.0,1.0,9.0,8.65999984741211
2020-12-14,RIOT,yfinance,9.260000228881836,9.890000343322754,8.899999618530273,9.140000343322754,9.140000343322754,17807800,0.0,0.0,1.0,9.260000228881836,9.140000343322754
2020-12-15,RIOT,yfinance,9.25,10.300000190734863,9.100000381469728,10.18000030517578,10.18000030517578,24809400,0.0,0.0,1.0,9.25,10.18000030517578
2020-12-16,RIOT,yfinance,11.25,11.65999984741211,10.529999732971191,10.760000228881836,10.760000228881836,51278700,0.0,0.0,1.0,11.25,10.760000228881836
2020-12-17,RIOT,yfinance,11.645000457763672,11.850000381469728,10.279999732971191,10.395000457763672,10.395000457763672,47489500,0.0,0.0,1.0,11.645000457763672,10.395000457763672
2020-12-18,RIOT,yfinance,9.949999809265137,10.59000015258789,9.649999618530272,10.050000190734863,10.050000190734863,27783400,0.0,0.0,1.0,9.949999809265137,10.050000190734863
2020-12-21,RIOT,yfinance,9.890000343322754,11.31999969482422,9.75,11.039999961853027,11.039999961853027,24335600,0.0,0.0,1.0,9.890000343322754,11.039999961853027
2020-12-22,RIOT,yfinance,11.920000076293944,15.699999809265137,11.630000114440918,14.645000457763672,14.645000457763672,70429700,0.0,0.0,1.0,11.920000076293944,14.645000457763672
2020-12-23,RIOT,yfinance,14.960000038146973,15.010000228881836,13.3100004196167,13.90999984741211,13.90999984741211,32496200,0.0,0.0,1.0,14.960000038146973,13.90999984741211
2020-12-24,RIOT,yfinance,14.06999969482422,14.960000038146973,12.800000190734863,13.119999885559082,13.119999885559082,15980000,0.0,0.0,1.0,14.06999969482422,13.119999885559082
2020-12-28,RIOT,yfinance,15.449999809265137,17.43000030517578,14.710000038146973,15.649999618530272,15.649999618530272,44305800,0.0,0.0,1.0,15.449999809265137,15.649999618530272
2020-12-29,RIOT,yfinance,15.5,16.450000762939453,14.1899995803833,15.789999961853027,15.789999961853027,23106600,0.0,0.0,1.0,15.5,15.789999961853027
2020-12-30,RIOT,yfinance,16.989999771118164,18.15999984741211,16.43000030517578,17.260000228881836,17.260000228881836,42958100,0.0,0.0,1.0,16.989999771118164,17.260000228881836
2020-12-31,RIOT,yfinance,17.479999542236328,18.66900062561035,16.420000076293945,16.989999771118164,16.989999771118164,39818100,0.0,0.0,1.0,17.479999542236328,16.989999771118164
2021-01-04,RIOT,yfinance,18.799999237060547,19.229999542236328,15.850000381469728,16.479999542236328,16.479999542236328,32293600,0.0,0.0,1.0,18.799999237060547,16.479999542236328
2021-01-05,RIOT,yfinance,15.75,18.649999618530277,15.350000381469728,18.40999984741211,18.40999984741211,28099800,0.0,0.0,1.0,15.75,18.40999984741211
2021-01-06,RIOT,yfinance,18.88999938964844,20.68000030517578,18.1200008392334,19.280000686645508,19.280000686645508,40860400,0.0,0.0,1.0,18.88999938964844,19.280000686645508
2021-01-07,RIOT,yfinance,20.84000015258789,24.700000762939453,19.8700008392334,22.71999931335449,22.71999931335449,59358000,0.0,0.0,1.0,20.84000015258789,22.71999931335449
2021-01-08,RIOT,yfinance,24.770000457763672,27.38999938964844,23.59000015258789,26.59000015258789,26.59000015258789,57499700,0.0,0.0,1.0,24.770000457763672,26.59000015258789
2021-01-11,RIOT,yfinance,21.0,24.0,20.26000022888184,22.63999938964844,22.63999938964844,55243800,0.0,0.0,1.0,21.0,22.63999938964844
2021-01-12,RIOT,yfinance,23.280000686645508,24.90999984741211,22.082000732421875,24.209999084472656,24.209999084472656,28710500,0.0,0.0,1.0,23.280000686645508,24.209999084472656
2021-01-13,RIOT,yfinance,23.649999618530277,25.07900047302246,22.520000457763672,23.8799991607666,23.8799991607666,24905700,0.0,0.0,1.0,23.649999618530277,23.8799991607666
2021-01-14,RIOT,yfinance,25.899999618530277,29.280000686645508,25.559999465942383,28.899999618530277,28.899999618530277,37561000,0.0,0.0,1.0,25.899999618530277,28.899999618530277
2021-01-15,RIOT,yfinance,27.0,27.149999618530277,24.51000022888184,25.780000686645508,25.780000686645508,28732200,0.0,0.0,1.0,27.0,25.780000686645508
2021-01-19,RIOT,yfinance,26.700000762939453,27.19499969482422,24.75,25.200000762939453,25.200000762939453,20272300,0.0,0.0,1.0,26.700000762939453,25.200000762939453
2021-01-20,RIOT,yfinance,24.280000686645508,24.280000686645508,20.700000762939453,22.280000686645508,22.280000686645508,26544500,0.0,0.0,1.0,24.280000686645508,22.280000686645508
2021-01-21,RIOT,yfinance,19.3700008392334,20.46999931335449,17.899999618530273,19.350000381469727,19.350000381469727,38293000,0.0,0.0,1.0,19.3700008392334,19.350000381469727
2021-01-22,RIOT,yfinance,20.299999237060547,22.5,20.280000686645508,20.96999931335449,20.96999931335449,30545100,0.0,0.0,1.0,20.299999237060547,20.96999931335449
2021-01-25,RIOT,yfinance,22.01000022888184,22.25,19.15999984741211,19.670000076293945,19.670000076293945,19272000,0.0,0.0,1.0,22.01000022888184,19.670000076293945
2021-01-26,RIOT,yfinance,18.979999542236328,20.299999237060547,18.3700008392334,19.31999969482422,19.31999969482422,14084400,0.0,0.0,1.0,18.979999542236328,19.31999969482422
2021-01-27,RIOT,yfinance,17.790000915527344,18.93000030517578,16.75,17.93000030517578,17.93000030517578,13308800,0.0,0.0,1.0,17.790000915527344,17.93000030517578
2021-01-28,RIOT,yfinance,18.38999938964844,22.40999984741211,17.75,19.93000030517578,19.93000030517578,26695000,0.0,0.0,1.0,18.38999938964844,19.93000030517578
2021-01-29,RIOT,yfinance,24.5,24.73500061035156,19.65999984741211,20.520000457763672,20.520000457763672,26696100,0.0,0.0,1.0,24.5,20.520000457763672
2021-02-01,RIOT,yfinance,20.170000076293945,20.479999542236328,18.690000534057617,19.979999542236328,19.979999542236328,13088900,0.0,0.0,1.0,20.170000076293945,19.979999542236328
2021-02-02,RIOT,yfinance,20.559999465942383,22.18000030517578,19.6200008392334,21.489999771118164,21.489999771118164,15361800,0.0,0.0,1.0,20.559999465942383,21.489999771118164
2021-02-03,RIOT,yfinance,22.13999938964844,23.63999938964844,21.71999931335449,22.850000381469727,22.850000381469727,18199900,0.0,0.0,1.0,22.13999938964844,22.850000381469727
2021-02-04,RIOT,yfinance,23.46999931335449,23.5,21.420000076293945,23.07999992370605,23.07999992370605,12936700,0.0,0.0,1.0,23.46999931335449,23.07999992370605
2021-02-05,RIOT,yfinance,23.57999992370605,24.38800048828125,22.93000030517578,23.3799991607666,23.3799991607666,12295600,0.0,0.0,1.0,23.57999992370605,23.3799991607666
2021-02-08,RIOT,yfinance,27.299999237060547,32.900001525878906,25.899999618530277,32.790000915527344,32.790000915527344,50819500,0.0,0.0,1.0,27.299999237060547,32.790000915527344
2021-02-09,RIOT,yfinance,35.560001373291016,41.880001068115234,33.22999954223633,39.86000061035156,39.86000061035156,53085100,0.0,0.0,1.0,35.560001373291016,39.86000061035156
2021-02-10,RIOT,yfinance,37.040000915527344,39.7400016784668,32.25,36.560001373291016,36.560001373291016,27942700,0.0,0.0,1.0,37.040000915527344,36.560001373291016
2021-02-11,RIOT,yfinance,42.35499954223633,46.63999938964844,40.83000183105469,43.09000015258789,43.09000015258789,39870500,0.0,0.0,1.0,42.35499954223633,43.09000015258789
2021-02-12,RIOT,yfinance,46.13999938964844,52.72999954223633,43.65999984741211,49.27999877929688,49.27999877929688,48423900,0.0,0.0,1.0,46.13999938964844,49.27999877929688
2021-02-16,RIOT,yfinance,55.04499816894531,61.26900100708008,54.34999847412109,59.5,59.5,43863900,0.0,0.0,1.0,55.04499816894531,59.5
2021-02-17,RIOT,yfinance,67.83999633789062,79.5,61.70000076293945,77.9000015258789,77.9000015258789,72578500,0.0,0.0,1.0,67.83999633789062,77.9000015258789
2021-02-18,RIOT,yfinance,72.76000213623047,78.75,58.77000045776367,62.02999877929688,62.02999877929688,86796100,0.0,0.0,1.0,72.76000213623047,62.02999877929688
2021-02-19,RIOT,yfinance,68.80000305175781,77.81999969482422,67.41999816894531,71.33000183105469,71.33000183105469,75047100,0.0,0.0,1.0,68.80000305175781,71.33000183105469
2021-02-22,RIOT,yfinance,61.0,69.44999694824219,59.70000076293945,64.76000213623047,64.76000213623047,52489500,0.0,0.0,1.0,61.0,64.76000213623047
2021-02-23,RIOT,yfinance,53.70000076293945,56.88999938964844,45.02000045776367,48.79999923706055,48.79999923706055,52317000,0.0,0.0,1.0,53.70000076293945,48.79999923706055
2021-02-24,RIOT,yfinance,53.40999984741211,56.459999084472656,50.86000061035156,52.27000045776367,52.27000045776367,33336900,0.0,0.0,1.0,53.40999984741211,52.27000045776367
2021-02-25,RIOT,yfinance,54.33000183105469,55.88999938964844,45.220001220703125,45.66999816894531,45.66999816894531,23574600,0.0,0.0,1.0,54.33000183105469,45.66999816894531
2021-02-26,RIOT,yfinance,41.9900016784668,47.75,40.54999923706055,43.7400016784668,43.7400016784668,23843600,0.0,0.0,1.0,41.9900016784668,43.7400016784668
2021-03-01,RIOT,yfinance,49.040000915527344,53.810001373291016,46.58000183105469,53.59999847412109,53.59999847412109,26614500,0.0,0.0,1.0,49.040000915527344,53.59999847412109
2021-03-02,RIOT,yfinance,57.0,57.02000045776367,48.5,49.09999847412109,49.09999847412109,23546300,0.0,0.0,1.0,57.0,49.09999847412109
2021-03-03,RIOT,yfinance,55.13999938964844,55.27999877929688,48.59999847412109,49.56999969482422,49.56999969482422,21775400,0.0,0.0,1.0,55.13999938964844,49.56999969482422
2021-03-04,RIOT,yfinance,47.400001525878906,49.0,41.33000183105469,44.290000915527344,44.290000915527344,20168800,0.0,0.0,1.0,47.400001525878906,44.290000915527344
2021-03-05,RIOT,yfinance,44.9900016784668,45.25,34.25,40.29999923706055,40.29999923706055,27668300,0.0,0.0,1.0,44.9900016784668,40.29999923706055
2021-03-08,RIOT,yfinance,42.20000076293945,43.650001525878906,37.619998931884766,38.97999954223633,38.97999954223633,17403000,0.0,0.0,1.0,42.20000076293945,38.97999954223633
2021-03-09,RIOT,yfinance,43.95000076293945,54.0,43.720001220703125,52.15999984741211,52.15999984741211,36308300,0.0,0.0,1.0,43.95000076293945,52.15999984741211
2021-03-10,RIOT,yfinance,57.5,59.33000183105469,52.79999923706055,56.5,56.5,35830600,0.0,0.0,1.0,57.5,56.5
2021-03-11,RIOT,yfinance,57.959999084472656,63.69499969482422,56.720001220703125,63.310001373291016,63.310001373291016,29031900,0.0,0.0,1.0,57.959999084472656,63.310001373291016
2021-03-12,RIOT,yfinance,58.09999847412109,65.75,57.70000076293945,62.810001373291016,62.810001373291016,26820500,0.0,0.0,1.0,58.09999847412109,62.810001373291016
2021-03-15,RIOT,yfinance,62.77999877929688,67.66000366210938,62.71099853515625,63.43000030517578,63.43000030517578,22351400,0.0,0.0,1.0,62.77999877929688,63.43000030517578
2021-03-16,RIOT,yfinance,62.0,62.16999816894531,55.70000076293945,56.97999954223633,56.97999954223633,18223100,0.0,0.0,1.0,62.0,56.97999954223633
2021-03-17,RIOT,yfinance,54.79999923706055,65.15899658203125,53.400001525878906,64.73999786376953,64.73999786376953,26146200,0.0,0.0,1.0,54.79999923706055,64.73999786376953
2021-03-18,RIOT,yfinance,63.0,67.8499984741211,59.150001525878906,60.18999862670898,60.18999862670898,28736500,0.0,0.0,1.0,63.0,60.18999862670898
2021-03-19,RIOT,yfinance,61.02999877929688,63.70000076293945,59.5,60.650001525878906,60.650001525878906,18072800,0.0,0.0,1.0,61.02999877929688,60.650001525878906
2021-03-22,RIOT,yfinance,59.95000076293945,60.68999862670898,55.16999816894531,56.0099983215332,56.0099983215332,17993700,0.0,0.0,1.0,59.95000076293945,56.0099983215332
2021-03-23,RIOT,yfinance,54.90999984741211,57.43999862670898,50.0099983215332,50.119998931884766,50.119998931884766,18373700,0.0,0.0,1.0,54.90999984741211,50.119998931884766
2021-03-24,RIOT,yfinance,54.36000061035156,55.709999084472656,45.0,45.709999084472656,45.709999084472656,20265100,0.0,0.0,1.0,54.36000061035156,45.709999084472656
2021-03-25,RIOT,yfinance,39.380001068115234,49.290000915527344,39.130001068115234,48.16999816894531,48.16999816894531,26951400,0.0,0.0,1.0,39.380001068115234,48.16999816894531
2021-03-26,RIOT,yfinance,49.40999984741211,49.79999923706055,45.84999847412109,48.220001220703125,48.220001220703125,15141600,0.0,0.0,1.0,49.40999984741211,48.220001220703125
2021-03-29,RIOT,yfinance,51.5099983215332,52.75,47.29999923706055,47.88999938964844,47.88999938964844,17849800,0.0,0.0,1.0,51.5099983215332,47.88999938964844
2021-03-30,RIOT,yfinance,48.83000183105469,52.18899917602539,47.41999816894531,51.5099983215332,51.5099983215332,18358700,0.0,0.0,1.0,48.83000183105469,51.5099983215332
2021-03-31,RIOT,yfinance,50.72999954223633,54.58000183105469,49.40999984741211,53.27000045776367,53.27000045776367,21061700,0.0,0.0,1.0,50.72999954223633,53.27000045776367
2021-04-01,RIOT,yfinance,54.75,56.82400131225586,51.119998931884766,52.02999877929688,52.02999877929688,15058000,0.0,0.0,1.0,54.75,52.02999877929688
2021-04-05,RIOT,yfinance,52.10699844360352,57.84999847412109,50.38999938964844,56.900001525878906,56.900001525878906,18908700,0.0,0.0,1.0,52.10699844360352,56.900001525878906
2021-04-06,RIOT,yfinance,56.0,56.36000061035156,52.305999755859375,54.09999847412109,54.09999847412109,15194800,0.0,0.0,1.0,56.0,54.09999847412109
2021-04-07,RIOT,yfinance,50.52199935913086,53.025001525878906,47.70000076293945,48.369998931884766,48.369998931884766,16833100,0.0,0.0,1.0,50.52199935913086,48.369998931884766
2021-04-08,RIOT,yfinance,50.52000045776367,51.88999938964844,49.34999847412109,49.54999923706055,49.54999923706055,13416200,0.0,0.0,1.0,50.52000045776367,49.54999923706055
2021-04-09,RIOT,yfinance,50.47999954223633,51.59999847412109,47.7599983215332,49.630001068115234,49.630001068115234,13678600,0.0,0.0,1.0,50.47999954223633,49.630001068115234
2021-04-12,RIOT,yfinance,52.5,55.7869987487793,50.619998931884766,51.52999877929688,51.52999877929688,23779400,0.0,0.0,1.0,52.5,51.52999877929688
2021-04-13,RIOT,yfinance,56.43999862670898,59.959999084472656,52.86000061035156,59.2599983215332,59.2599983215332,42774300,0.0,0.0,1.0,56.43999862670898,59.2599983215332
2021-04-14,RIOT,yfinance,60.797000885009766,61.54999923706055,49.29999923706055,50.15999984741211,50.15999984741211,52949200,0.0,0.0,1.0,60.797000885009766,50.15999984741211
2021-04-15,RIOT,yfinance,50.869998931884766,52.41999816894531,43.290000915527344,48.11000061035156,48.11000061035156,39017100,0.0,0.0,1.0,50.869998931884766,48.11000061035156
2021-04-16,RIOT,yfinance,45.0099983215332,47.560001373291016,42.79999923706055,44.63999938964844,44.63999938964844,24637500,0.0,0.0,1.0,45.0099983215332,44.63999938964844
2021-04-19,RIOT,yfinance,40.34999847412109,43.310001373291016,38.709999084472656,40.900001525878906,40.900001525878906,28356400,0.0,0.0,1.0,40.34999847412109,40.900001525878906
2021-04-20,RIOT,yfinance,40.540000915527344,41.09999847412109,35.709999084472656,38.560001373291016,38.560001373291016,29240900,0.0,0.0,1.0,40.540000915527344,38.560001373291016
2021-04-21,RIOT,yfinance,36.9900016784668,42.06999969482422,36.060001373291016,41.310001373291016,41.310001373291016,26801700,0.0,0.0,1.0,36.9900016784668,41.310001373291016
2021-04-22,RIOT,yfinance,40.58000183105469,42.209999084472656,36.369998931884766,36.4900016784668,36.4900016784668,27895100,0.0,0.0,1.0,40.58000183105469,36.4900016784668
2021-04-23,RIOT,yfinance,34.09000015258789,38.90999984741211,33.369998931884766,38.47999954223633,38.47999954223633,25722600,0.0,0.0,1.0,34.09000015258789,38.47999954223633
2021-04-26,RIOT,yfinance,41.27199935913086,42.1609992980957,39.54999923706055,40.88999938964844,40.88999938964844,19234300,0.0,0.0,1.0,41.27199935913086,40.88999938964844
2021-04-27,RIOT,yfinance,41.650001525878906,41.83000183105469,39.82099914550781,40.52000045776367,40.52000045776367,13779300,0.0,0.0,1.0,41.650001525878906,40.52000045776367
2021-04-28,RIOT,yfinance,40.18000030517578,44.15499877929688,39.40999984741211,43.93000030517578,43.93000030517578,15088700,0.0,0.0,1.0,40.18000030517578,43.93000030517578
2021-04-29,RIOT,yfinance,41.95000076293945,42.72999954223633,39.41999816894531,40.33000183105469,40.33000183105469,12765300,0.0,0.0,1.0,41.95000076293945,40.33000183105469
2021-04-30,RIOT,yfinance,40.810001373291016,43.380001068115234,40.45000076293945,41.83000183105469,41.83000183105469,15422800,0.0,0.0,1.0,40.810001373291016,41.83000183105469
2021-05-03,RIOT,yfinance,42.880001068115234,44.09999847412109,39.31999969482422,39.9900016784668,39.9900016784668,14120700,0.0,0.0,1.0,42.880001068115234,39.9900016784668
2021-05-04,RIOT,yfinance,38.604000091552734,39.0,35.099998474121094,37.56999969482422,37.56999969482422,15015600,0.0,0.0,1.0,38.604000091552734,37.56999969482422
2021-05-05,RIOT,yfinance,38.15999984741211,39.11000061035156,36.0,36.619998931884766,36.619998931884766,12083500,0.0,0.0,1.0,38.15999984741211,36.619998931884766
2021-05-06,RIOT,yfinance,36.38999938964844,36.64899826049805,32.0,33.45000076293945,33.45000076293945,14595100,0.0,0.0,1.0,36.38999938964844,33.45000076293945
2021-05-07,RIOT,yfinance,33.79999923706055,35.52000045776367,32.619998931884766,33.38999938964844,33.38999938964844,11020900,0.0,0.0,1.0,33.79999923706055,33.38999938964844
2021-05-10,RIOT,yfinance,33.33000183105469,33.400001525878906,29.8799991607666,29.950000762939453,29.950000762939453,15802800,0.0,0.0,1.0,33.33000183105469,29.950000762939453
2021-05-11,RIOT,yfinance,25.989999771118164,30.799999237060547,25.649999618530277,29.8700008392334,29.8700008392334,19802800,0.0,0.0,1.0,25.989999771118164,29.8700008392334
2021-05-12,RIOT,yfinance,28.253999710083008,29.600000381469727,26.07999992370605,26.520000457763672,26.520000457763672,15277500,0.0,0.0,1.0,28.253999710083008,26.520000457763672
2021-05-13,RIOT,yfinance,24.90999984741211,26.950000762939453,20.68000030517578,22.229999542236328,22.229999542236328,36110500,0.0,0.0,1.0,24.90999984741211,22.229999542236328
2021-05-14,RIOT,yfinance,24.049999237060547,26.799999237060547,23.6299991607666,26.020000457763672,26.020000457763672,22633700,0.0,0.0,1.0,24.049999237060547,26.020000457763672
2021-05-17,RIOT,yfinance,23.399999618530277,24.520000457763672,22.520000457763672,24.309999465942383,24.309999465942383,19807500,0.0,0.0,1.0,23.399999618530277,24.309999465942383
2021-05-18,RIOT,yfinance,23.200000762939453,26.799999237060547,23.1200008392334,25.559999465942383,25.559999465942383,24456900,0.0,0.0,1.0,23.200000762939453,25.559999465942383
2021-05-19,RIOT,yfinance,21.950000762939453,24.3799991607666,21.61000061035156,24.13999938964844,24.13999938964844,41600100,0.0,0.0,1.0,21.950000762939453,24.13999938964844
2021-05-20,RIOT,yfinance,26.06999969482422,26.577999114990234,23.125999450683597,24.18000030517578,24.18000030517578,24949500,0.0,0.0,1.0,26.06999969482422,24.18000030517578
2021-05-21,RIOT,yfinance,24.450000762939453,25.459999084472656,22.459999084472656,22.84000015258789,22.84000015258789,24553800,0.0,0.0,1.0,24.450000762939453,22.84000015258789
2021-05-24,RIOT,yfinance,23.450000762939453,26.299999237060547,22.770000457763672,25.950000762939453,25.950000762939453,22951100,0.0,0.0,1.0,23.450000762939453,25.950000762939453
2021-05-25,RIOT,yfinance,24.979999542236328,25.86000061035156,24.350000381469727,25.13999938964844,25.13999938964844,16489500,0.0,0.0,1.0,24.979999542236328,25.13999938964844
2021-05-26,RIOT,yfinance,26.68000030517578,28.6299991607666,26.030000686645508,27.63999938964844,27.63999938964844,28262400,0.0,0.0,1.0,26.68000030517578,27.63999938964844
2021-05-27,RIOT,yfinance,28.850000381469727,29.600000381469727,27.280000686645508,28.5,28.5,23524200,0.0,0.0,1.0,28.850000381469727,28.5
2021-05-28,RIOT,yfinance,27.400999069213867,28.71999931335449,26.729999542236328,27.1299991607666,27.1299991607666,13679800,0.0,0.0,1.0,27.400999069213867,27.1299991607666
2021-06-01,RIOT,yfinance,27.100000381469727,29.8700008392334,27.059999465942383,29.229999542236328,29.229999542236328,14647700,0.0,0.0,1.0,27.100000381469727,29.229999542236328
2021-06-02,RIOT,yfinance,30.280000686645508,31.059999465942383,29.100000381469727,30.030000686645508,30.030000686645508,14458600,0.0,0.0,1.0,30.280000686645508,30.030000686645508
2021-06-03,RIOT,yfinance,30.476999282836918,30.520000457763672,28.01000022888184,28.280000686645508,28.280000686645508,11061800,0.0,0.0,1.0,30.476999282836918,28.280000686645508
2021-06-04,RIOT,yfinance,27.959999084472656,29.18000030517578,27.600000381469727,29.149999618530277,29.149999618530277,9402500,0.0,0.0,1.0,27.959999084472656,29.149999618530277
2021-06-07,RIOT,yfinance,29.226999282836918,29.489999771118164,27.899999618530277,28.81999969482422,28.81999969482422,8729900,0.0,0.0,1.0,29.226999282836918,28.81999969482422
2021-06-08,RIOT,yfinance,27.3799991607666,28.43000030517578,25.290000915527344,28.059999465942383,28.059999465942383,13799500,0.0,0.0,1.0,27.3799991607666,28.059999465942383
2021-06-09,RIOT,yfinance,28.6299991607666,33.09000015258789,28.350000381469727,31.40999984741211,31.40999984741211,21515700,0.0,0.0,1.0,28.6299991607666,31.40999984741211
2021-06-10,RIOT,yfinance,31.770000457763672,32.689998626708984,30.40999984741211,31.63999938964844,31.63999938964844,14163500,0.0,0.0,1.0,31.770000457763672,31.63999938964844
2021-06-11,RIOT,yfinance,31.197999954223636,31.8700008392334,30.13999938964844,31.030000686645508,31.030000686645508,8444000,0.0,0.0,1.0,31.197999954223636,31.030000686645508
2021-06-14,RIOT,yfinance,34.0099983215332,38.08000183105469,33.380001068115234,35.400001525878906,35.400001525878906,25489000,0.0,0.0,1.0,34.0099983215332,35.400001525878906
2021-06-15,RIOT,yfinance,36.060001373291016,36.66999816894531,33.810001373291016,35.060001373291016,35.060001373291016,12984900,0.0,0.0,1.0,36.060001373291016,35.060001373291016
2021-06-16,RIOT,yfinance,33.922000885009766,35.119998931884766,33.209999084472656,34.20000076293945,34.20000076293945,10166400,0.0,0.0,1.0,33.922000885009766,34.20000076293945
2021-06-17,RIOT,yfinance,34.0,35.91999816894531,33.75,34.29999923706055,34.29999923706055,10132200,0.0,0.0,1.0,34.0,34.29999923706055
2021-06-18,RIOT,yfinance,33.65900039672852,34.279998779296875,31.68000030517578,32.18000030517578,32.18000030517578,10785800,0.0,0.0,1.0,33.65900039672852,32.18000030517578
2021-06-21,RIOT,yfinance,30.3799991607666,32.04999923706055,30.0049991607666,31.56999969482422,31.56999969482422,11017900,0.0,0.0,1.0,30.3799991607666,31.56999969482422
2021-06-22,RIOT,yfinance,29.3799991607666,32.5,28.399999618530277,32.22999954223633,32.22999954223633,17705200,0.0,0.0,1.0,29.3799991607666,32.22999954223633
2021-06-23,RIOT,yfinance,33.95000076293945,34.619998931884766,32.31999969482422,32.47999954223633,32.47999954223633,10016800,0.0,0.0,1.0,33.95000076293945,32.47999954223633
2021-06-24,RIOT,yfinance,33.11000061035156,34.150001525878906,32.849998474121094,34.02000045776367,34.02000045776367,9375400,0.0,0.0,1.0,33.11000061035156,34.02000045776367
2021-06-25,RIOT,yfinance,33.0,33.61000061035156,32.380001068115234,32.970001220703125,32.970001220703125,18800900,0.0,0.0,1.0,33.0,32.970001220703125
2021-06-28,RIOT,yfinance,34.11000061035156,36.584999084472656,33.40999984741211,36.18000030517578,36.18000030517578,11326700,0.0,0.0,1.0,34.11000061035156,36.18000030517578
2021-06-29,RIOT,yfinance,38.0,40.34000015258789,37.1259994506836,37.810001373291016,37.810001373291016,14903700,0.0,0.0,1.0,38.0,37.810001373291016
2021-06-30,RIOT,yfinance,36.630001068115234,38.220001220703125,35.7599983215332,37.66999816894531,37.66999816894531,8321200,0.0,0.0,1.0,36.630001068115234,37.66999816894531
2021-07-01,RIOT,yfinance,37.22999954223633,37.650001525878906,35.79999923706055,36.209999084472656,36.209999084472656,6548200,0.0,0.0,1.0,37.22999954223633,36.209999084472656
2021-07-02,RIOT,yfinance,36.5,37.08000183105469,35.90999984741211,36.22999954223633,36.22999954223633,4630200,0.0,0.0,1.0,36.5,36.22999954223633
2021-07-06,RIOT,yfinance,36.97999954223633,37.27999877929688,34.529998779296875,35.43000030517578,35.43000030517578,6065900,0.0,0.0,1.0,36.97999954223633,35.43000030517578
2021-07-07,RIOT,yfinance,35.7599983215332,36.95000076293945,34.959999084472656,35.439998626708984,35.439998626708984,5920300,0.0,0.0,1.0,35.7599983215332,35.439998626708984
2021-07-08,RIOT,yfinance,33.540000915527344,34.2400016784668,32.380001068115234,33.720001220703125,33.720001220703125,5669600,0.0,0.0,1.0,33.540000915527344,33.720001220703125
2021-07-09,RIOT,yfinance,33.97999954223633,34.4900016784668,32.652000427246094,32.83000183105469,32.83000183105469,5794600,0.0,0.0,1.0,33.97999954223633,32.83000183105469
2021-07-12,RIOT,yfinance,33.0099983215332,33.11000061035156,30.84000015258789,31.399999618530277,31.399999618530277,5351100,0.0,0.0,1.0,33.0099983215332,31.399999618530277
2021-07-13,RIOT,yfinance,31.399999618530277,31.5,30.020000457763672,30.059999465942383,30.059999465942383,4132900,0.0,0.0,1.0,31.399999618530277,30.059999465942383
2021-07-14,RIOT,yfinance,30.63400077819824,30.729999542236328,28.51000022888184,28.59000015258789,28.59000015258789,5016900,0.0,0.0,1.0,30.63400077819824,28.59000015258789
2021-07-15,RIOT,yfinance,27.849000930786133,29.36000061035156,27.36000061035156,28.21999931335449,28.21999931335449,4710500,0.0,0.0,1.0,27.849000930786133,28.21999931335449
2021-07-16,RIOT,yfinance,28.399999618530277,28.75,27.15999984741211,27.280000686645508,27.280000686645508,4685500,0.0,0.0,1.0,28.399999618530277,27.280000686645508
2021-07-19,RIOT,yfinance,25.989999771118164,26.8700008392334,25.56999969482422,25.959999084472656,25.959999084472656,6156000,0.0,0.0,1.0,25.989999771118164,25.959999084472656
2021-07-20,RIOT,yfinance,25.3700008392334,26.31999969482422,23.93000030517578,25.850000381469727,25.850000381469727,6995500,0.0,0.0,1.0,25.3700008392334,25.850000381469727
2021-07-21,RIOT,yfinance,27.799999237060547,29.90999984741211,27.61000061035156,29.15999984741211,29.15999984741211,11923100,0.0,0.0,1.0,27.799999237060547,29.15999984741211
2021-07-22,RIOT,yfinance,29.170000076293945,29.440000534057617,27.71999931335449,28.8700008392334,28.8700008392334,7155500,0.0,0.0,1.0,29.170000076293945,28.8700008392334
2021-07-23,RIOT,yfinance,28.87700080871582,29.75,27.049999237060547,28.100000381469727,28.100000381469727,7639700,0.0,0.0,1.0,28.87700080871582,28.100000381469727
2021-07-26,RIOT,yfinance,32.5,34.720001220703125,31.700000762939453,34.0,34.0,23666900,0.0,0.0,1.0,32.5,34.0
2021-07-27,RIOT,yfinance,32.63999938964844,33.650001525878906,30.46999931335449,31.63999938964844,31.63999938964844,8746200,0.0,0.0,1.0,32.63999938964844,31.63999938964844
2021-07-28,RIOT,yfinance,33.099998474121094,33.88999938964844,32.02000045776367,32.959999084472656,32.959999084472656,8729100,0.0,0.0,1.0,33.099998474121094,32.959999084472656
2021-07-29,RIOT,yfinance,32.939998626708984,34.02000045776367,31.8799991607666,31.899999618530277,31.899999618530277,7116200,0.0,0.0,1.0,32.939998626708984,31.899999618530277
2021-07-30,RIOT,yfinance,31.65999984741211,33.099998474121094,31.350000381469727,32.95000076293945,32.95000076293945,5497300,0.0,0.0,1.0,31.65999984741211,32.95000076293945
2021-08-02,RIOT,yfinance,32.91999816894531,35.38999938964844,32.43000030517578,33.45000076293945,33.45000076293945,11575900,0.0,0.0,1.0,32.91999816894531,33.45000076293945
2021-08-03,RIOT,yfinance,32.790000915527344,33.099998474121094,30.790000915527344,31.479999542236328,31.479999542236328,8041900,0.0,0.0,1.0,32.790000915527344,31.479999542236328
2021-08-04,RIOT,yfinance,32.0,33.79999923706055,31.75,32.709999084472656,32.709999084472656,9251100,0.0,0.0,1.0,32.0,32.709999084472656
2021-08-05,RIOT,yfinance,31.799999237060547,34.279998779296875,30.850000381469727,33.59000015258789,33.59000015258789,10273800,0.0,0.0,1.0,31.799999237060547,33.59000015258789
2021-08-06,RIOT,yfinance,33.619998931884766,35.7599983215332,32.810001373291016,34.970001220703125,34.970001220703125,11749500,0.0,0.0,1.0,33.619998931884766,34.970001220703125
2021-08-09,RIOT,yfinance,37.084999084472656,39.95000076293945,36.52000045776367,37.83000183105469,37.83000183105469,24700600,0.0,0.0,1.0,37.084999084472656,37.83000183105469
2021-08-10,RIOT,yfinance,38.16999816894531,39.04100036621094,36.59000015258789,38.4900016784668,38.4900016784668,12301900,0.0,0.0,1.0,38.16999816894531,38.4900016784668
2021-08-11,RIOT,yfinance,39.42699813842773,40.79999923706055,37.20000076293945,37.7599983215332,37.7599983215332,14019100,0.0,0.0,1.0,39.42699813842773,37.7599983215332
2021-08-12,RIOT,yfinance,35.88999938964844,37.66999816894531,34.70000076293945,36.83000183105469,36.83000183105469,7247000,0.0,0.0,1.0,35.88999938964844,36.83000183105469
2021-08-13,RIOT,yfinance,38.09000015258789,38.81999969482422,35.650001525878906,35.810001373291016,35.810001373291016,9797000,0.0,0.0,1.0,38.09000015258789,35.810001373291016
2021-08-16,RIOT,yfinance,36.16999816894531,36.970001220703125,34.60900115966797,35.83000183105469,35.83000183105469,7496200,0.0,0.0,1.0,36.16999816894531,35.83000183105469
2021-08-17,RIOT,yfinance,35.39500045776367,35.79999923706055,32.40999984741211,32.7599983215332,32.7599983215332,7874600,0.0,0.0,1.0,35.39500045776367,32.7599983215332
2021-08-18,RIOT,yfinance,32.47999954223633,33.84000015258789,31.790000915527344,31.88999938964844,31.88999938964844,7315800,0.0,0.0,1.0,32.47999954223633,31.88999938964844
2021-08-19,RIOT,yfinance,31.26000022888184,32.72999954223633,30.86000061035156,32.08000183105469,32.08000183105469,9289800,0.0,0.0,1.0,31.26000022888184,32.08000183105469
2021-08-20,RIOT,yfinance,32.709999084472656,35.279998779296875,32.6349983215332,34.33000183105469,34.33000183105469,11635900,0.0,0.0,1.0,32.709999084472656,34.33000183105469
2021-08-23,RIOT,yfinance,36.68000030517578,37.29999923706055,35.040000915527344,35.72999954223633,35.72999954223633,11981400,0.0,0.0,1.0,36.68000030517578,35.72999954223633
2021-08-24,RIOT,yfinance,36.06600189208984,37.630001068115234,34.849998474121094,37.630001068115234,37.630001068115234,11224100,0.0,0.0,1.0,36.06600189208984,37.630001068115234
2021-08-25,RIOT,yfinance,36.84999847412109,38.7400016784668,36.650001525878906,37.720001220703125,37.720001220703125,12404600,0.0,0.0,1.0,36.84999847412109,37.720001220703125
2021-08-26,RIOT,yfinance,37.19499969482422,38.060001373291016,35.821998596191406,36.27999877929688,36.27999877929688,6640400,0.0,0.0,1.0,37.19499969482422,36.27999877929688
2021-08-27,RIOT,yfinance,36.5369987487793,39.34999847412109,36.34999847412109,38.56999969482422,38.56999969482422,12115300,0.0,0.0,1.0,36.5369987487793,38.56999969482422
2021-08-30,RIOT,yfinance,37.79999923706055,38.44599914550781,36.70000076293945,37.70000076293945,37.70000076293945,7975600,0.0,0.0,1.0,37.79999923706055,37.70000076293945
2021-08-31,RIOT,yfinance,37.48899841308594,37.9900016784668,36.540000915527344,37.31999969482422,37.31999969482422,7035300,0.0,0.0,1.0,37.48899841308594,37.31999969482422
2021-09-01,RIOT,yfinance,37.43999862670898,38.709999084472656,36.27999877929688,36.5,36.5,15357400,0.0,0.0,1.0,37.43999862670898,36.5
2021-09-02,RIOT,yfinance,37.81999969482422,38.290000915527344,35.90999984741211,35.959999084472656,35.959999084472656,16653700,0.0,0.0,1.0,37.81999969482422,35.959999084472656
2021-09-03,RIOT,yfinance,36.52000045776367,37.31999969482422,34.185001373291016,34.43000030517578,34.43000030517578,16981200,0.0,0.0,1.0,36.52000045776367,34.43000030517578
2021-09-07,RIOT,yfinance,34.172000885009766,34.70000076293945,30.90999984741211,32.11000061035156,32.11000061035156,17896400,0.0,0.0,1.0,34.172000885009766,32.11000061035156
2021-09-08,RIOT,yfinance,32.08000183105469,32.31999969482422,30.26000022888184,30.38500022888184,30.38500022888184,8526800,0.0,0.0,1.0,32.08000183105469,30.38500022888184
2021-09-09,RIOT,yfinance,31.1200008392334,31.96999931335449,30.799999237060547,31.350000381469727,31.350000381469727,8909300,0.0,0.0,1.0,31.1200008392334,31.350000381469727
2021-09-10,RIOT,yfinance,31.25,31.71999931335449,29.459999084472656,29.6200008392334,29.6200008392334,9130000,0.0,0.0,1.0,31.25,29.6200008392334
2021-09-13,RIOT,yfinance,29.299999237060547,30.520000457763672,28.8799991607666,29.299999237060547,29.299999237060547,10625200,0.0,0.0,1.0,29.299999237060547,29.299999237060547
2021-09-14,RIOT,yfinance,30.059999465942383,30.32999992370605,28.690000534057617,28.84000015258789,28.84000015258789,7461800,0.0,0.0,1.0,30.059999465942383,28.84000015258789
2021-09-15,RIOT,yfinance,29.71999931335449,30.520000457763672,29.040000915527344,30.32999992370605,30.32999992370605,9600100,0.0,0.0,1.0,29.71999931335449,30.32999992370605
2021-09-16,RIOT,yfinance,30.100000381469727,30.36000061035156,29.07999992370605,29.3700008392334,29.3700008392334,7185700,0.0,0.0,1.0,30.100000381469727,29.3700008392334
2021-09-17,RIOT,yfinance,29.29400062561035,29.739999771118164,28.799999237060547,29.299999237060547,29.299999237060547,6795600,0.0,0.0,1.0,29.29400062561035,29.299999237060547
2021-09-20,RIOT,yfinance,27.25,28.38999938964844,26.871000289916992,27.530000686645508,27.530000686645508,10260900,0.0,0.0,1.0,27.25,27.530000686645508
2021-09-21,RIOT,yfinance,27.799999237060547,27.874000549316406,26.940000534057617,27.36000061035156,27.36000061035156,6340400,0.0,0.0,1.0,27.799999237060547,27.36000061035156
2021-09-22,RIOT,yfinance,27.48200035095215,29.06800079345703,27.11000061035156,28.729999542236328,28.729999542236328,6237000,0.0,0.0,1.0,27.48200035095215,28.729999542236328
2021-09-23,RIOT,yfinance,28.8700008392334,29.5,28.440000534057617,29.38999938964844,29.38999938964844,6239100,0.0,0.0,1.0,28.8700008392334,29.38999938964844
2021-09-24,RIOT,yfinance,27.6560001373291,28.540000915527344,27.170000076293945,27.93000030517578,27.93000030517578,7881500,0.0,0.0,1.0,27.6560001373291,27.93000030517578
2021-09-27,RIOT,yfinance,27.84000015258789,28.450000762939453,27.18000030517578,27.770000457763672,27.770000457763672,6440900,0.0,0.0,1.0,27.84000015258789,27.770000457763672
2021-09-28,RIOT,yfinance,27.399999618530277,27.780000686645508,25.68000030517578,25.780000686645508,25.780000686645508,6685000,0.0,0.0,1.0,27.399999618530277,25.780000686645508
2021-09-29,RIOT,yfinance,26.059999465942383,26.20199966430664,24.81999969482422,24.8700008392334,24.8700008392334,5357900,0.0,0.0,1.0,26.059999465942383,24.8700008392334
2021-09-30,RIOT,yfinance,25.459999084472656,26.32999992370605,25.299999237060547,25.700000762939453,25.700000762939453,6539400,0.0,0.0,1.0,25.459999084472656,25.700000762939453
2021-10-01,RIOT,yfinance,27.200000762939453,27.309999465942383,25.739999771118164,26.100000381469727,26.100000381469727,9501500,0.0,0.0,1.0,27.200000762939453,26.100000381469727
2021-10-04,RIOT,yfinance,25.94300079345703,25.96999931335449,24.350000381469727,25.25,25.25,8385400,0.0,0.0,1.0,25.94300079345703,25.25
2021-10-05,RIOT,yfinance,25.5,26.559999465942383,25.170000076293945,26.34000015258789,26.34000015258789,10643900,0.0,0.0,1.0,25.5,26.34000015258789
2021-10-06,RIOT,yfinance,27.32999992370605,28.09000015258789,26.34000015258789,26.61000061035156,26.61000061035156,16411900,0.0,0.0,1.0,27.32999992370605,26.61000061035156
2021-10-07,RIOT,yfinance,26.299999237060547,26.65999984741211,25.57999992370605,26.1200008392334,26.1200008392334,9209300,0.0,0.0,1.0,26.299999237060547,26.1200008392334
2021-10-08,RIOT,yfinance,26.479999542236328,26.739999771118164,25.68000030517578,25.82999992370605,25.82999992370605,8259200,0.0,0.0,1.0,26.479999542236328,25.82999992370605
2021-10-11,RIOT,yfinance,26.209999084472656,28.899999618530277,26.059999465942383,27.6299991607666,27.6299991607666,16105900,0.0,0.0,1.0,26.209999084472656,27.6299991607666
2021-10-12,RIOT,yfinance,27.43000030517578,27.549999237060547,25.149999618530277,25.51000022888184,25.51000022888184,12790200,0.0,0.0,1.0,27.43000030517578,25.51000022888184
2021-10-13,RIOT,yfinance,25.450000762939453,26.299999237060547,24.6299991607666,25.63999938964844,25.63999938964844,10188000,0.0,0.0,1.0,25.450000762939453,25.63999938964844
2021-10-14,RIOT,yfinance,26.0,26.38999938964844,25.420000076293945,26.1200008392334,26.1200008392334,9822100,0.0,0.0,1.0,26.0,26.1200008392334
2021-10-15,RIOT,yfinance,27.479999542236328,28.57999992370605,26.68000030517578,27.850000381469727,27.850000381469727,28983600,0.0,0.0,1.0,27.479999542236328,27.850000381469727
2021-10-18,RIOT,yfinance,27.815000534057617,30.979999542236328,27.71999931335449,29.799999237060547,29.799999237060547,22704100,0.0,0.0,1.0,27.815000534057617,29.799999237060547
2021-10-19,RIOT,yfinance,30.597000122070312,31.799999237060547,29.059999465942383,30.82999992370605,30.82999992370605,26639500,0.0,0.0,1.0,30.597000122070312,30.82999992370605
2021-10-20,RIOT,yfinance,30.950000762939453,32.83000183105469,30.399999618530277,31.440000534057617,31.440000534057617,21216200,0.0,0.0,1.0,30.950000762939453,31.440000534057617
2021-10-21,RIOT,yfinance,31.290000915527344,32.04999923706055,29.100000381469727,29.440000534057617,29.440000534057617,15225600,0.0,0.0,1.0,31.290000915527344,29.440000534057617
2021-10-22,RIOT,yfinance,29.030000686645508,29.43000030517578,27.56999969482422,28.280000686645508,28.280000686645508,10903400,0.0,0.0,1.0,29.030000686645508,28.280000686645508
2021-10-25,RIOT,yfinance,29.1200008392334,30.423999786376957,28.86000061035156,29.59000015258789,29.59000015258789,11337100,0.0,0.0,1.0,29.1200008392334,29.59000015258789
2021-10-26,RIOT,yfinance,29.450000762939453,29.520000457763672,28.18000030517578,28.440000534057617,28.440000534057617,8672600,0.0,0.0,1.0,29.450000762939453,28.440000534057617
2021-10-27,RIOT,yfinance,27.459999084472656,27.790000915527344,26.450000762939453,26.59000015258789,26.59000015258789,9726400,0.0,0.0,1.0,27.459999084472656,26.59000015258789
2021-10-28,RIOT,yfinance,27.520000457763672,28.01000022888184,26.31999969482422,27.540000915527344,27.540000915527344,8482600,0.0,0.0,1.0,27.520000457763672,27.540000915527344
2021-10-29,RIOT,yfinance,27.420000076293945,28.20400047302246,26.809999465942383,27.21999931335449,27.21999931335449,9420700,0.0,0.0,1.0,27.420000076293945,27.21999931335449
2021-11-01,RIOT,yfinance,27.315000534057617,28.76000022888184,27.01000022888184,28.09000015258789,28.09000015258789,10537300,0.0,0.0,1.0,27.315000534057617,28.09000015258789
2021-11-02,RIOT,yfinance,28.91399955749512,31.979999542236328,28.670000076293945,31.899999618530277,31.899999618530277,22518600,0.0,0.0,1.0,28.91399955749512,31.899999618530277
2021-11-03,RIOT,yfinance,31.06999969482422,32.97999954223633,29.790000915527344,32.7599983215332,32.7599983215332,16720200,0.0,0.0,1.0,31.06999969482422,32.7599983215332
2021-11-04,RIOT,yfinance,32.70000076293945,34.20000076293945,31.950000762939453,32.720001220703125,32.720001220703125,15392400,0.0,0.0,1.0,32.70000076293945,32.720001220703125
2021-11-05,RIOT,yfinance,33.04999923706055,33.29999923706055,31.209999084472656,31.489999771118164,31.489999771118164,8936300,0.0,0.0,1.0,33.04999923706055,31.489999771118164
2021-11-08,RIOT,yfinance,33.95500183105469,37.75,33.77000045776367,36.68999862670898,36.68999862670898,27320300,0.0,0.0,1.0,33.95500183105469,36.68999862670898
2021-11-09,RIOT,yfinance,41.09999847412109,42.84000015258789,37.08000183105469,39.86000061035156,39.86000061035156,29118900,0.0,0.0,1.0,41.09999847412109,39.86000061035156
2021-11-10,RIOT,yfinance,41.130001068115234,41.7599983215332,35.80099868774414,36.4900016784668,36.4900016784668,28296300,0.0,0.0,1.0,41.130001068115234,36.4900016784668
2021-11-11,RIOT,yfinance,37.49100112915039,39.79999923706055,37.15999984741211,39.52999877929688,39.52999877929688,13000400,0.0,0.0,1.0,37.49100112915039,39.52999877929688
2021-11-12,RIOT,yfinance,39.68999862670898,44.290000915527344,37.77999877929688,44.18999862670898,44.18999862670898,23594800,0.0,0.0,1.0,39.68999862670898,44.18999862670898
2021-11-15,RIOT,yfinance,45.93999862670898,46.27999877929688,41.08000183105469,42.09000015258789,42.09000015258789,28541600,0.0,0.0,1.0,45.93999862670898,42.09000015258789
2021-11-16,RIOT,yfinance,36.400001525878906,39.33000183105469,35.150001525878906,36.900001525878906,36.900001525878906,27773800,0.0,0.0,1.0,36.400001525878906,36.900001525878906
2021-11-17,RIOT,yfinance,37.59999847412109,38.32500076293945,34.869998931884766,35.279998779296875,35.279998779296875,15912600,0.0,0.0,1.0,37.59999847412109,35.279998779296875
2021-11-18,RIOT,yfinance,34.44499969482422,35.16999816894531,31.420000076293945,33.630001068115234,33.630001068115234,18520100,0.0,0.0,1.0,34.44499969482422,33.630001068115234
2021-11-19,RIOT,yfinance,34.042999267578125,36.79999923706055,33.85699844360352,36.18000030517578,36.18000030517578,14420700,0.0,0.0,1.0,34.042999267578125,36.18000030517578
2021-11-22,RIOT,yfinance,36.540000915527344,37.02000045776367,32.54999923706055,33.45000076293945,33.45000076293945,16233200,0.0,0.0,1.0,36.540000915527344,33.45000076293945
2021-11-23,RIOT,yfinance,33.810001373291016,36.16999816894531,33.36000061035156,36.130001068115234,36.130001068115234,13270000,0.0,0.0,1.0,33.810001373291016,36.130001068115234
2021-11-24,RIOT,yfinance,34.40999984741211,37.14400100708008,33.619998931884766,37.0,37.0,11818400,0.0,0.0,1.0,34.40999984741211,37.0
2021-11-26,RIOT,yfinance,34.79999923706055,36.400001525878906,34.349998474121094,34.91999816894531,34.91999816894531,8234600,0.0,0.0,1.0,34.79999923706055,34.91999816894531
2021-11-29,RIOT,yfinance,36.33000183105469,38.060001373291016,33.66699981689453,37.369998931884766,37.369998931884766,16308300,0.0,0.0,1.0,36.33000183105469,37.369998931884766
2021-11-30,RIOT,yfinance,37.86000061035156,40.08000183105469,35.507999420166016,37.369998931884766,37.369998931884766,22146600,0.0,0.0,1.0,37.86000061035156,37.369998931884766
2021-12-01,RIOT,yfinance,38.61000061035156,40.95000076293945,35.18000030517578,35.599998474121094,35.599998474121094,22530900,0.0,0.0,1.0,38.61000061035156,35.599998474121094
2021-12-02,RIOT,yfinance,34.97999954223633,36.57099914550781,31.61000061035156,32.970001220703125,32.970001220703125,19444900,0.0,0.0,1.0,34.97999954223633,32.970001220703125
2021-12-03,RIOT,yfinance,33.54999923706055,34.099998474121094,27.799999237060547,28.63999938964844,28.63999938964844,24201300,0.0,0.0,1.0,33.54999923706055,28.63999938964844
2021-12-06,RIOT,yfinance,26.46999931335449,29.3700008392334,25.0,28.13999938964844,28.13999938964844,20225300,0.0,0.0,1.0,26.46999931335449,28.13999938964844
2021-12-07,RIOT,yfinance,29.89800071716309,30.670000076293945,29.020000457763672,29.68000030517578,29.68000030517578,13153600,0.0,0.0,1.0,29.89800071716309,29.68000030517578
2021-12-08,RIOT,yfinance,29.59000015258789,30.25,28.71999931335449,29.34000015258789,29.34000015258789,10704200,0.0,0.0,1.0,29.59000015258789,29.34000015258789
2021-12-09,RIOT,yfinance,28.691999435424805,28.799999237060547,26.399999618530277,26.5,26.5,13750900,0.0,0.0,1.0,28.691999435424805,26.5
2021-12-10,RIOT,yfinance,27.20499992370605,27.530000686645508,25.350000381469727,26.0,26.0,10045600,0.0,0.0,1.0,27.20499992370605,26.0
2021-12-13,RIOT,yfinance,25.559999465942383,25.59000015258789,23.950000762939453,24.3700008392334,24.3700008392334,11565900,0.0,0.0,1.0,25.559999465942383,24.3700008392334
2021-12-14,RIOT,yfinance,23.799999237060547,25.476999282836918,23.600000381469727,24.93000030517578,24.93000030517578,9702200,0.0,0.0,1.0,23.799999237060547,24.93000030517578
2021-12-15,RIOT,yfinance,24.68000030517578,26.511999130249023,23.040000915527344,25.8700008392334,25.8700008392334,14907600,0.0,0.0,1.0,24.68000030517578,25.8700008392334
2021-12-16,RIOT,yfinance,25.81999969482422,26.280000686645508,23.312000274658203,23.8799991607666,23.8799991607666,11068200,0.0,0.0,1.0,25.81999969482422,23.8799991607666
2021-12-17,RIOT,yfinance,23.36000061035156,24.048999786376957,21.81999969482422,23.239999771118164,23.239999771118164,13789400,0.0,0.0,1.0,23.36000061035156,23.239999771118164
2021-12-20,RIOT,yfinance,22.36000061035156,23.059999465942383,21.709999084472656,22.520000457763672,22.520000457763672,10172300,0.0,0.0,1.0,22.36000061035156,22.520000457763672
2021-12-21,RIOT,yfinance,23.450000762939453,24.299999237060547,23.020000457763672,24.049999237060547,24.049999237060547,8805400,0.0,0.0,1.0,23.450000762939453,24.049999237060547
2021-12-22,RIOT,yfinance,23.76000022888184,24.850000381469727,23.31999969482422,23.6200008392334,23.6200008392334,7726200,0.0,0.0,1.0,23.76000022888184,23.6200008392334
2021-12-23,RIOT,yfinance,23.575000762939453,26.18000030517578,22.95800018310547,25.670000076293945,25.670000076293945,13639500,0.0,0.0,1.0,23.575000762939453,25.670000076293945
2021-12-27,RIOT,yfinance,25.88999938964844,26.790000915527344,25.420000076293945,25.850000381469727,25.850000381469727,9713700,0.0,0.0,1.0,25.88999938964844,25.850000381469727
2021-12-28,RIOT,yfinance,24.76000022888184,24.940000534057617,23.26000022888184,23.649999618530277,23.649999618530277,9570900,0.0,0.0,1.0,24.76000022888184,23.649999618530277
2021-12-29,RIOT,yfinance,23.1299991607666,23.88999938964844,22.549999237060547,23.0,23.0,7342300,0.0,0.0,1.0,23.1299991607666,23.0
2021-12-30,RIOT,yfinance,22.81999969482422,24.3799991607666,22.6200008392334,23.5,23.5,8721600,0.0,0.0,1.0,22.81999969482422,23.5
2021-12-31,RIOT,yfinance,23.530000686645508,23.950000762939453,22.309999465942383,22.32999992370605,22.32999992370605,8680600,0.0,0.0,1.0,23.530000686645508,22.32999992370605
2022-01-03,RIOT,yfinance,22.450000762939453,23.13999938964844,21.902999877929688,22.739999771118164,22.739999771118164,7226500,0.0,0.0,1.0,22.450000762939453,22.739999771118164
2022-01-04,RIOT,yfinance,23.299999237060547,24.625,23.020000457763672,24.3799991607666,24.3799991607666,11870000,0.0,0.0,1.0,23.299999237060547,24.3799991607666
2022-01-05,RIOT,yfinance,23.770000457763672,24.200000762939453,21.190000534057617,21.440000534057617,21.440000534057617,13214500,0.0,0.0,1.0,23.770000457763672,21.440000534057617
2022-01-06,RIOT,yfinance,21.165000915527344,21.61000061035156,19.59499931335449,20.479999542236328,20.479999542236328,11418300,0.0,0.0,1.0,21.165000915527344,20.479999542236328
2022-01-07,RIOT,yfinance,19.98500061035156,21.05599975585937,19.450000762939453,20.36000061035156,20.36000061035156,11922000,0.0,0.0,1.0,19.98500061035156,20.36000061035156
2022-01-10,RIOT,yfinance,19.309999465942383,20.46500015258789,18.75,20.09000015258789,20.09000015258789,9888300,0.0,0.0,1.0,19.309999465942383,20.09000015258789
2022-01-11,RIOT,yfinance,19.90999984741211,21.350000381469727,19.59499931335449,20.86000061035156,20.86000061035156,9509900,0.0,0.0,1.0,19.90999984741211,20.86000061035156
2022-01-12,RIOT,yfinance,21.715999603271484,22.100000381469727,20.700000762939453,21.1299991607666,21.1299991607666,9561000,0.0,0.0,1.0,21.715999603271484,21.1299991607666
2022-01-13,RIOT,yfinance,21.7450008392334,21.979999542236328,20.030000686645508,20.149999618530277,20.149999618530277,8280900,0.0,0.0,1.0,21.7450008392334,20.149999618530277
2022-01-14,RIOT,yfinance,19.86000061035156,20.84000015258789,19.71999931335449,20.68000030517578,20.68000030517578,6676400,0.0,0.0,1.0,19.86000061035156,20.68000030517578
2022-01-18,RIOT,yfinance,19.674999237060547,20.190000534057617,18.61000061035156,18.700000762939453,18.700000762939453,8587500,0.0,0.0,1.0,19.674999237060547,18.700000762939453
2022-01-19,RIOT,yfinance,19.01000022888184,19.295000076293945,17.399999618530273,17.489999771118164,17.489999771118164,8712000,0.0,0.0,1.0,19.01000022888184,17.489999771118164
2022-01-20,RIOT,yfinance,18.010000228881836,19.13999938964844,17.43000030517578,17.469999313354492,17.469999313354492,8606300,0.0,0.0,1.0,18.010000228881836,17.469999313354492
2022-01-21,RIOT,yfinance,16.299999237060547,16.959999084472656,14.899999618530272,14.994999885559082,14.994999885559082,17283700,0.0,0.0,1.0,16.299999237060547,14.994999885559082
2022-01-24,RIOT,yfinance,13.479999542236328,15.168999671936035,12.899999618530272,15.130000114440918,15.130000114440918,23197200,0.0,0.0,1.0,13.479999542236328,15.130000114440918
2022-01-25,RIOT,yfinance,14.479000091552734,15.199999809265137,14.039999961853027,14.640000343322754,14.640000343322754,10972500,0.0,0.0,1.0,14.479000091552734,14.640000343322754
2022-01-26,RIOT,yfinance,15.855999946594238,16.100000381469727,14.06999969482422,14.329999923706056,14.329999923706056,15108600,0.0,0.0,1.0,15.855999946594238,14.329999923706056
2022-01-27,RIOT,yfinance,14.399999618530272,14.56999969482422,13.210000038146973,13.449999809265137,13.449999809265137,11443800,0.0,0.0,1.0,14.399999618530272,13.449999809265137
2022-01-28,RIOT,yfinance,13.649999618530272,14.78499984741211,13.119999885559082,14.699999809265137,14.699999809265137,11342300,0.0,0.0,1.0,13.649999618530272,14.699999809265137
2022-01-31,RIOT,yfinance,14.904999732971191,16.170000076293945,14.649999618530272,15.9399995803833,15.9399995803833,10073400,0.0,0.0,1.0,14.904999732971191,15.9399995803833
2022-02-01,RIOT,yfinance,16.559999465942383,16.989999771118164,15.670000076293944,16.690000534057617,16.690000534057617,9900000,0.0,0.0,1.0,16.559999465942383,16.690000534057617
2022-02-02,RIOT,yfinance,16.444000244140625,16.729999542236328,15.0649995803833,15.56999969482422,15.56999969482422,8767200,0.0,0.0,1.0,16.444000244140625,15.56999969482422
2022-02-03,RIOT,yfinance,14.84000015258789,15.65999984741211,14.640000343322754,14.789999961853027,14.789999961853027,8051600,0.0,0.0,1.0,14.84000015258789,14.789999961853027
2022-02-04,RIOT,yfinance,15.109999656677246,16.889999389648438,14.710000038146973,16.56999969482422,16.56999969482422,15549200,0.0,0.0,1.0,15.109999656677246,16.56999969482422
2022-02-07,RIOT,yfinance,17.709999084472656,18.53499984741211,17.309999465942383,17.700000762939453,17.700000762939453,17911400,0.0,0.0,1.0,17.709999084472656,17.700000762939453
2022-02-08,RIOT,yfinance,17.523000717163086,18.40999984741211,17.200000762939453,18.290000915527344,18.290000915527344,10474500,0.0,0.0,1.0,17.523000717163086,18.290000915527344
2022-02-09,RIOT,yfinance,18.6299991607666,19.670000076293945,18.190000534057617,19.649999618530277,19.649999618530277,10223500,0.0,0.0,1.0,18.6299991607666,19.649999618530277
2022-02-10,RIOT,yfinance,18.93000030517578,20.82999992370605,18.88999938964844,19.270000457763672,19.270000457763672,14023000,0.0,0.0,1.0,18.93000030517578,19.270000457763672
2022-02-11,RIOT,yfinance,19.299999237060547,20.07999992370605,18.09000015258789,18.3700008392334,18.3700008392334,10814800,0.0,0.0,1.0,19.299999237060547,18.3700008392334
2022-02-14,RIOT,yfinance,18.36000061035156,19.09000015258789,17.670000076293945,17.920000076293945,17.920000076293945,7381600,0.0,0.0,1.0,18.36000061035156,17.920000076293945
2022-02-15,RIOT,yfinance,19.059999465942383,19.850000381469727,18.850000381469727,19.729999542236328,19.729999542236328,10252300,0.0,0.0,1.0,19.059999465942383,19.729999542236328
2022-02-16,RIOT,yfinance,19.13400077819824,19.86000061035156,18.959999084472656,19.59000015258789,19.59000015258789,6371100,0.0,0.0,1.0,19.13400077819824,19.59000015258789
2022-02-17,RIOT,yfinance,19.0,19.34000015258789,17.600000381469727,17.760000228881836,17.760000228881836,7025300,0.0,0.0,1.0,19.0,17.760000228881836
2022-02-18,RIOT,yfinance,17.68000030517578,17.84000015258789,16.729999542236328,16.969999313354492,16.969999313354492,6579100,0.0,0.0,1.0,17.68000030517578,16.969999313354492
2022-02-22,RIOT,yfinance,16.11400032043457,16.996000289916992,15.710000038146973,15.949999809265137,15.949999809265137,7301500,0.0,0.0,1.0,16.11400032043457,15.949999809265137
2022-02-23,RIOT,yfinance,16.579999923706055,16.790000915527344,15.020000457763672,15.06999969482422,15.06999969482422,7533100,0.0,0.0,1.0,16.579999923706055,15.06999969482422
2022-02-24,RIOT,yfinance,13.6899995803833,16.389999389648438,13.630000114440918,16.25,16.25,12252600,0.0,0.0,1.0,13.6899995803833,16.25
2022-02-25,RIOT,yfinance,16.40999984741211,16.700000762939453,15.585000038146973,16.219999313354492,16.219999313354492,7577600,0.0,0.0,1.0,16.40999984741211,16.219999313354492
2022-02-28,RIOT,yfinance,16.1299991607666,17.799999237060547,16.059999465942383,17.229999542236328,17.229999542236328,13831600,0.0,0.0,1.0,16.1299991607666,17.229999542236328
2022-03-01,RIOT,yfinance,18.190000534057617,18.21999931335449,16.739999771118164,17.5,17.5,13192400,0.0,0.0,1.0,18.190000534057617,17.5
2022-03-02,RIOT,yfinance,17.389999389648438,17.84000015258789,16.770000457763672,17.729999542236328,17.729999542236328,7997400,0.0,0.0,1.0,17.389999389648438,17.729999542236328
2022-03-03,RIOT,yfinance,17.59000015258789,17.889999389648438,15.843000411987305,15.970000267028809,15.970000267028809,7159100,0.0,0.0,1.0,17.59000015258789,15.970000267028809
2022-03-04,RIOT,yfinance,15.729999542236328,16.290000915527344,14.720000267028809,14.920000076293944,14.920000076293944,6567300,0.0,0.0,1.0,15.729999542236328,14.920000076293944
2022-03-07,RIOT,yfinance,15.050000190734863,15.725000381469728,14.65999984741211,14.949999809265137,14.949999809265137,8569000,0.0,0.0,1.0,15.050000190734863,14.949999809265137
2022-03-08,RIOT,yfinance,14.800000190734863,15.73900032043457,14.420000076293944,15.100000381469728,15.100000381469728,6858000,0.0,0.0,1.0,14.800000190734863,15.100000381469728
2022-03-09,RIOT,yfinance,16.079999923706055,17.18000030517578,16.038000106811523,16.84000015258789,16.84000015258789,10942800,0.0,0.0,1.0,16.079999923706055,16.84000015258789
2022-03-10,RIOT,yfinance,16.1299991607666,16.739999771118164,15.829999923706056,16.510000228881836,16.510000228881836,6341100,0.0,0.0,1.0,16.1299991607666,16.510000228881836
2022-03-11,RIOT,yfinance,16.600000381469727,16.719999313354492,15.09000015258789,15.140000343322754,15.140000343322754,5723900,0.0,0.0,1.0,16.600000381469727,15.140000343322754
2022-03-14,RIOT,yfinance,15.0,15.239999771118164,14.020000457763672,14.15999984741211,14.15999984741211,6032800,0.0,0.0,1.0,15.0,14.15999984741211
2022-03-15,RIOT,yfinance,14.199999809265137,14.970000267028809,13.56999969482422,14.90999984741211,14.90999984741211,4296400,0.0,0.0,1.0,14.199999809265137,14.90999984741211
2022-03-16,RIOT,yfinance,15.199999809265137,16.420000076293945,15.109999656677246,16.389999389648438,16.389999389648438,8028700,0.0,0.0,1.0,15.199999809265137,16.389999389648438
2022-03-17,RIOT,yfinance,16.1200008392334,18.489999771118164,16.030000686645508,18.43000030517578,18.43000030517578,10398100,0.0,0.0,1.0,16.1200008392334,18.43000030517578
2022-03-18,RIOT,yfinance,18.09000015258789,19.799999237060547,17.8799991607666,19.530000686645508,19.530000686645508,13580200,0.0,0.0,1.0,18.09000015258789,19.530000686645508
2022-03-21,RIOT,yfinance,19.575000762939453,20.40999984741211,19.020000457763672,19.6200008392334,19.6200008392334,8611900,0.0,0.0,1.0,19.575000762939453,19.6200008392334
2022-03-22,RIOT,yfinance,20.459999084472656,21.399999618530277,20.209999084472656,20.75,20.75,9264400,0.0,0.0,1.0,20.459999084472656,20.75
2022-03-23,RIOT,yfinance,20.520000457763672,21.459999084472656,19.94499969482422,20.84000015258789,20.84000015258789,7400900,0.0,0.0,1.0,20.520000457763672,20.84000015258789
2022-03-24,RIOT,yfinance,21.18000030517578,21.600000381469727,20.229999542236328,21.540000915527344,21.540000915527344,7709300,0.0,0.0,1.0,21.18000030517578,21.540000915527344
2022-03-25,RIOT,yfinance,22.0,22.270000457763672,20.31999969482422,20.76000022888184,20.76000022888184,7261400,0.0,0.0,1.0,22.0,20.76000022888184
2022-03-28,RIOT,yfinance,22.145000457763672,23.65999984741211,21.899999618530277,22.86000061035156,22.86000061035156,14306700,0.0,0.0,1.0,22.145000457763672,22.86000061035156
2022-03-29,RIOT,yfinance,23.07999992370605,23.107999801635746,21.57999992370605,23.0,23.0,8443900,0.0,0.0,1.0,23.07999992370605,23.0
2022-03-30,RIOT,yfinance,22.530000686645508,22.979999542236328,21.75,22.040000915527344,22.040000915527344,5626500,0.0,0.0,1.0,22.530000686645508,22.040000915527344
2022-03-31,RIOT,yfinance,22.149999618530277,22.8700008392334,21.1200008392334,21.170000076293945,21.170000076293945,6034400,0.0,0.0,1.0,22.149999618530277,21.170000076293945
2022-04-01,RIOT,yfinance,20.600000381469727,21.3799991607666,20.309999465942383,20.729999542236328,20.729999542236328,8035100,0.0,0.0,1.0,20.600000381469727,20.729999542236328
2022-04-04,RIOT,yfinance,20.729999542236328,21.042999267578125,20.3700008392334,20.690000534057617,20.690000534057617,6410300,0.0,0.0,1.0,20.729999542236328,20.690000534057617
2022-04-05,RIOT,yfinance,20.75,21.01000022888184,19.15999984741211,19.229999542236328,19.229999542236328,6467100,0.0,0.0,1.0,20.75,19.229999542236328
2022-04-06,RIOT,yfinance,18.540000915527344,18.674999237060547,17.3799991607666,17.65999984741211,17.65999984741211,9199600,0.0,0.0,1.0,18.540000915527344,17.65999984741211
2022-04-07,RIOT,yfinance,17.559999465942383,17.979999542236328,16.770000457763672,17.420000076293945,17.420000076293945,6392800,0.0,0.0,1.0,17.559999465942383,17.420000076293945
2022-04-08,RIOT,yfinance,17.1299991607666,17.510000228881836,16.6200008392334,16.68000030517578,16.68000030517578,6101400,0.0,0.0,1.0,17.1299991607666,16.68000030517578
2022-04-11,RIOT,yfinance,16.100000381469727,16.450000762939453,15.470000267028809,15.90999984741211,15.90999984741211,5646700,0.0,0.0,1.0,16.100000381469727,15.90999984741211
2022-04-12,RIOT,yfinance,16.299999237060547,16.940000534057617,15.369999885559082,15.470000267028809,15.470000267028809,6857800,0.0,0.0,1.0,16.299999237060547,15.470000267028809
2022-04-13,RIOT,yfinance,15.449999809265137,16.100000381469727,15.3100004196167,16.010000228881836,16.010000228881836,6376600,0.0,0.0,1.0,15.449999809265137,16.010000228881836
2022-04-14,RIOT,yfinance,15.960000038146973,16.06999969482422,14.960000038146973,14.970000267028809,14.970000267028809,6280400,0.0,0.0,1.0,15.960000038146973,14.970000267028809
2022-04-18,RIOT,yfinance,14.75,15.0600004196167,14.265000343322754,14.789999961853027,14.789999961853027,6212900,0.0,0.0,1.0,14.75,14.789999961853027
2022-04-19,RIOT,yfinance,14.81999969482422,15.210000038146973,14.229999542236328,14.880000114440918,14.880000114440918,7729800,0.0,0.0,1.0,14.81999969482422,14.880000114440918
2022-04-20,RIOT,yfinance,14.93000030517578,15.109999656677246,13.845000267028809,13.949999809265137,13.949999809265137,8423900,0.0,0.0,1.0,14.93000030517578,13.949999809265137
2022-04-21,RIOT,yfinance,14.460000038146973,14.72599983215332,12.760000228881836,12.800000190734863,12.800000190734863,10523800,0.0,0.0,1.0,14.460000038146973,12.800000190734863
2022-04-22,RIOT,yfinance,12.654999732971191,13.100000381469728,11.81999969482422,11.850000381469728,11.850000381469728,9682600,0.0,0.0,1.0,12.654999732971191,11.850000381469728
2022-04-25,RIOT,yfinance,11.515000343322754,12.119999885559082,11.420000076293944,12.039999961853027,12.039999961853027,9640800,0.0,0.0,1.0,11.515000343322754,12.039999961853027
2022-04-26,RIOT,yfinance,11.970000267028809,12.039999961853027,10.96500015258789,11.079999923706056,11.079999923706056,8596300,0.0,0.0,1.0,11.970000267028809,11.079999923706056
2022-04-27,RIOT,yfinance,10.824999809265137,11.699999809265137,10.779999732971191,10.979999542236328,10.979999542236328,8272900,0.0,0.0,1.0,10.824999809265137,10.979999542236328
2022-04-28,RIOT,yfinance,11.100000381469728,11.369999885559082,10.350000381469728,10.9399995803833,10.9399995803833,10367400,0.0,0.0,1.0,11.100000381469728,10.9399995803833
2022-04-29,RIOT,yfinance,10.81999969482422,11.461000442504885,10.109999656677246,10.140000343322754,10.140000343322754,7931900,0.0,0.0,1.0,10.81999969482422,10.140000343322754
2022-05-02,RIOT,yfinance,10.09000015258789,10.979999542236328,9.75,10.970000267028809,10.970000267028809,10925500,0.0,0.0,1.0,10.09000015258789,10.970000267028809
2022-05-03,RIOT,yfinance,10.859999656677246,11.387999534606934,10.720000267028809,10.84000015258789,10.84000015258789,6528400,0.0,0.0,1.0,10.859999656677246,10.84000015258789
2022-05-04,RIOT,yfinance,10.899999618530272,11.640000343322754,10.241999626159668,11.56999969482422,11.56999969482422,11556800,0.0,0.0,1.0,10.899999618530272,11.56999969482422
2022-05-05,RIOT,yfinance,11.34000015258789,11.369999885559082,9.90999984741211,10.1899995803833,10.1899995803833,9394800,0.0,0.0,1.0,11.34000015258789,10.1899995803833
2022-05-06,RIOT,yfinance,9.989999771118164,10.09000015258789,9.300000190734863,9.489999771118164,9.489999771118164,8815400,0.0,0.0,1.0,9.989999771118164,9.489999771118164
2022-05-09,RIOT,yfinance,8.869999885559082,9.0,7.53000020980835,7.670000076293945,7.670000076293945,14021200,0.0,0.0,1.0,8.869999885559082,7.670000076293945
2022-05-10,RIOT,yfinance,8.25,8.5,7.230000019073486,7.53000020980835,7.53000020980835,12194500,0.0,0.0,1.0,8.25,7.53000020980835
2022-05-11,RIOT,yfinance,7.079999923706055,7.980000019073486,6.75,6.840000152587891,6.840000152587891,17503500,0.0,0.0,1.0,7.079999923706055,6.840000152587891
2022-05-12,RIOT,yfinance,6.5,7.449999809265137,6.25,7.309999942779541,7.309999942779541,19021000,0.0,0.0,1.0,6.5,7.309999942779541
2022-05-13,RIOT,yfinance,7.949999809265137,8.430000305175781,7.71999979019165,7.96999979019165,7.96999979019165,17060900,0.0,0.0,1.0,7.949999809265137,7.96999979019165
2022-05-16,RIOT,yfinance,7.829999923706055,7.929999828338623,7.170000076293945,7.190000057220459,7.190000057220459,9857300,0.0,0.0,1.0,7.829999923706055,7.190000057220459
2022-05-17,RIOT,yfinance,7.559999942779541,7.829999923706055,7.329999923706055,7.619999885559082,7.619999885559082,9248300,0.0,0.0,1.0,7.559999942779541,7.619999885559082
2022-05-18,RIOT,yfinance,7.449999809265137,7.570000171661377,6.800000190734863,6.929999828338623,6.929999828338623,10537400,0.0,0.0,1.0,7.449999809265137,6.929999828338623
2022-05-19,RIOT,yfinance,6.989999771118164,7.53000020980835,6.949999809265137,7.130000114440918,7.130000114440918,12357500,0.0,0.0,1.0,6.989999771118164,7.130000114440918
2022-05-20,RIOT,yfinance,7.269999980926514,7.349999904632568,6.4710001945495605,6.840000152587891,6.840000152587891,13467600,0.0,0.0,1.0,7.269999980926514,6.840000152587891
2022-05-23,RIOT,yfinance,6.960000038146973,7.130000114440918,6.644999980926514,6.860000133514404,6.860000133514404,11586800,0.0,0.0,1.0,6.960000038146973,6.860000133514404
2022-05-24,RIOT,yfinance,6.690000057220459,6.829999923706055,6.070000171661377,6.269999980926514,6.269999980926514,9882400,0.0,0.0,1.0,6.690000057220459,6.269999980926514
2022-05-25,RIOT,yfinance,6.21999979019165,6.559999942779541,6.184999942779541,6.429999828338623,6.429999828338623,7512000,0.0,0.0,1.0,6.21999979019165,6.429999828338623
2022-05-26,RIOT,yfinance,6.139999866485596,6.920000076293945,5.96999979019165,6.730000019073486,6.730000019073486,14240800,0.0,0.0,1.0,6.139999866485596,6.730000019073486
2022-05-27,RIOT,yfinance,6.800000190734863,7.300000190734863,6.738999843597412,7.239999771118164,7.239999771118164,14393100,0.0,0.0,1.0,6.800000190734863,7.239999771118164
2022-05-31,RIOT,yfinance,7.769999980926514,7.829999923706055,7.050000190734863,7.190000057220459,7.190000057220459,20431800,0.0,0.0,1.0,7.769999980926514,7.190000057220459
2022-06-01,RIOT,yfinance,7.199999809265137,7.25,6.480000019073486,6.519999980926514,6.519999980926514,15500400,0.0,0.0,1.0,7.199999809265137,6.519999980926514
2022-06-02,RIOT,yfinance,6.489999771118164,7.059999942779541,6.429999828338623,6.869999885559082,6.869999885559082,14267400,0.0,0.0,1.0,6.489999771118164,6.869999885559082
2022-06-03,RIOT,yfinance,6.559999942779541,6.619999885559082,6.110000133514404,6.210000038146973,6.210000038146973,15232400,0.0,0.0,1.0,6.559999942779541,6.210000038146973
2022-06-06,RIOT,yfinance,6.5,6.599999904632568,6.25,6.369999885559082,6.369999885559082,12234100,0.0,0.0,1.0,6.5,6.369999885559082
2022-06-07,RIOT,yfinance,6.150000095367432,6.230000019073486,5.820000171661377,6.170000076293945,6.170000076293945,17003700,0.0,0.0,1.0,6.150000095367432,6.170000076293945
2022-06-08,RIOT,yfinance,6.079999923706055,6.425000190734863,5.920000076293945,5.96999979019165,5.96999979019165,11169200,0.0,0.0,1.0,6.079999923706055,5.96999979019165
2022-06-09,RIOT,yfinance,5.889999866485596,5.900000095367432,5.440000057220459,5.46999979019165,5.46999979019165,13909300,0.0,0.0,1.0,5.889999866485596,5.46999979019165
2022-06-10,RIOT,yfinance,5.25,5.480000019073486,5.130000114440918,5.170000076293945,5.170000076293945,13120600,0.0,0.0,1.0,5.25,5.170000076293945
2022-06-13,RIOT,yfinance,4.369999885559082,4.860000133514404,4.360000133514404,4.650000095367432,4.650000095367432,16599900,0.0,0.0,1.0,4.369999885559082,4.650000095367432
2022-06-14,RIOT,yfinance,4.704999923706055,5.014999866485596,4.440000057220459,4.889999866485596,4.889999866485596,10692200,0.0,0.0,1.0,4.704999923706055,4.889999866485596
2022-06-15,RIOT,yfinance,4.820000171661377,5.0,4.590000152587891,4.860000133514404,4.860000133514404,20448200,0.0,0.0,1.0,4.820000171661377,4.860000133514404
2022-06-16,RIOT,yfinance,4.690000057220459,4.730000019073486,4.369999885559082,4.53000020980835,4.53000020980835,9652700,0.0,0.0,1.0,4.690000057220459,4.53000020980835
2022-06-17,RIOT,yfinance,4.5,4.769999980926514,4.46999979019165,4.650000095367432,4.650000095367432,9774800,0.0,0.0,1.0,4.5,4.650000095367432
2022-06-21,RIOT,yfinance,4.860000133514404,5.539999961853027,4.800000190734863,5.090000152587891,5.090000152587891,18023500,0.0,0.0,1.0,4.860000133514404,5.090000152587891
2022-06-22,RIOT,yfinance,5.0,5.070000171661377,4.550000190734863,4.599999904632568,4.599999904632568,14212400,0.0,0.0,1.0,5.0,4.599999904632568
2022-06-23,RIOT,yfinance,4.75,4.96999979019165,4.550000190734863,4.940000057220459,4.940000057220459,13064900,0.0,0.0,1.0,4.75,4.940000057220459
2022-06-24,RIOT,yfinance,5.010000228881836,5.40500020980835,4.989999771118164,5.190000057220459,5.190000057220459,16972500,0.0,0.0,1.0,5.010000228881836,5.190000057220459
2022-06-27,RIOT,yfinance,5.179999828338623,5.21999979019165,4.670000076293945,4.889999866485596,4.889999866485596,11651700,0.0,0.0,1.0,5.179999828338623,4.889999866485596
2022-06-28,RIOT,yfinance,5.019999980926514,5.110000133514404,4.690000057220459,4.760000228881836,4.760000228881836,9706600,0.0,0.0,1.0,5.019999980926514,4.760000228881836
2022-06-29,RIOT,yfinance,4.670000076293945,4.690000057220459,4.340000152587891,4.5,4.5,11364700,0.0,0.0,1.0,4.670000076293945,4.5
2022-06-30,RIOT,yfinance,4.340000152587891,4.400000095367432,4.119999885559082,4.190000057220459,4.190000057220459,10723300,0.0,0.0,1.0,4.340000152587891,4.190000057220459
2022-07-01,RIOT,yfinance,4.239999771118164,4.380000114440918,4.130000114440918,4.239999771118164,4.239999771118164,8415200,0.0,0.0,1.0,4.239999771118164,4.239999771118164
2022-07-05,RIOT,yfinance,4.130000114440918,4.75,4.019999980926514,4.730000019073486,4.730000019073486,13145700,0.0,0.0,1.0,4.130000114440918,4.730000019073486
2022-07-06,RIOT,yfinance,4.664999961853027,4.760000228881836,4.465000152587891,4.53000020980835,4.53000020980835,8250700,0.0,0.0,1.0,4.664999961853027,4.53000020980835
2022-07-07,RIOT,yfinance,4.599999904632568,5.289999961853027,4.570000171661377,5.28000020980835,5.28000020980835,18884700,0.0,0.0,1.0,4.599999904632568,5.28000020980835
2022-07-08,RIOT,yfinance,5.119999885559082,5.809999942779541,4.949999809265137,5.460000038146973,5.460000038146973,28861700,0.0,0.0,1.0,5.119999885559082,5.460000038146973
2022-07-11,RIOT,yfinance,5.039999961853027,5.230000019073486,4.822000026702881,4.869999885559082,4.869999885559082,12524800,0.0,0.0,1.0,5.039999961853027,4.869999885559082
2022-07-12,RIOT,yfinance,4.820000171661377,4.989999771118164,4.679999828338623,4.840000152587891,4.840000152587891,8420600,0.0,0.0,1.0,4.820000171661377,4.840000152587891
2022-07-13,RIOT,yfinance,4.679999828338623,5.03000020980835,4.519999980926514,4.929999828338623,4.929999828338623,10878600,0.0,0.0,1.0,4.679999828338623,4.929999828338623
2022-07-14,RIOT,yfinance,4.860000133514404,5.329999923706055,4.710000038146973,5.320000171661377,5.320000171661377,13267900,0.0,0.0,1.0,4.860000133514404,5.320000171661377
2022-07-15,RIOT,yfinance,5.46999979019165,5.695000171661377,5.349999904632568,5.570000171661377,5.570000171661377,13391900,0.0,0.0,1.0,5.46999979019165,5.570000171661377
2022-07-18,RIOT,yfinance,5.940000057220459,6.880000114440918,5.920000076293945,6.230000019073486,6.230000019073486,39477400,0.0,0.0,1.0,5.940000057220459,6.230000019073486
2022-07-19,RIOT,yfinance,6.599999904632568,7.050000190734863,6.329999923706055,6.980000019073486,6.980000019073486,35761600,0.0,0.0,1.0,6.599999904632568,6.980000019073486
2022-07-20,RIOT,yfinance,7.239999771118164,7.480000019073486,6.809999942779541,7.019999980926514,7.019999980926514,45561800,0.0,0.0,1.0,7.239999771118164,7.019999980926514
2022-07-21,RIOT,yfinance,6.78000020980835,7.638999938964844,6.699999809265137,7.619999885559082,7.619999885559082,27389100,0.0,0.0,1.0,6.78000020980835,7.619999885559082
2022-07-22,RIOT,yfinance,7.869999885559082,7.929999828338623,7.059999942779541,7.119999885559082,7.119999885559082,18291900,0.0,0.0,1.0,7.869999885559082,7.119999885559082
2022-07-25,RIOT,yfinance,6.840000152587891,7.059999942779541,6.570000171661377,6.650000095367432,6.650000095367432,13600600,0.0,0.0,1.0,6.840000152587891,6.650000095367432
2022-07-26,RIOT,yfinance,6.349999904632568,6.510000228881836,6.019999980926514,6.210000038146973,6.210000038146973,11404100,0.0,0.0,1.0,6.349999904632568,6.210000038146973
2022-07-27,RIOT,yfinance,6.539999961853027,7.329999923706055,6.261000156402588,7.150000095367432,7.150000095367432,18717900,0.0,0.0,1.0,6.539999961853027,7.150000095367432
2022-07-28,RIOT,yfinance,7.170000076293945,7.599999904632568,6.909999847412109,7.400000095367432,7.400000095367432,19581000,0.0,0.0,1.0,7.170000076293945,7.400000095367432
2022-07-29,RIOT,yfinance,7.239999771118164,7.743000030517578,7.079999923706055,7.320000171661377,7.320000171661377,14528900,0.0,0.0,1.0,7.239999771118164,7.320000171661377
2022-08-01,RIOT,yfinance,7.130000114440918,7.550000190734863,6.974999904632568,7.329999923706055,7.329999923706055,13572100,0.0,0.0,1.0,7.130000114440918,7.329999923706055
2022-08-02,RIOT,yfinance,7.190000057220459,8.095999717712402,7.119999885559082,7.75,7.75,16035900,0.0,0.0,1.0,7.190000057220459,7.75
2022-08-03,RIOT,yfinance,7.96999979019165,8.399999618530273,7.849999904632568,8.119999885559082,8.119999885559082,19769600,0.0,0.0,1.0,7.96999979019165,8.119999885559082
2022-08-04,RIOT,yfinance,8.220000267028809,8.829999923706055,8.0600004196167,8.180000305175781,8.180000305175781,20818500,0.0,0.0,1.0,8.220000267028809,8.180000305175781
2022-08-05,RIOT,yfinance,8.154999732971191,8.670000076293945,8.050000190734863,8.270000457763672,8.270000457763672,14090300,0.0,0.0,1.0,8.154999732971191,8.270000457763672
2022-08-08,RIOT,yfinance,8.770000457763672,9.109999656677246,8.579999923706055,8.710000038146973,8.710000038146973,16462200,0.0,0.0,1.0,8.770000457763672,8.710000038146973
2022-08-09,RIOT,yfinance,8.520000457763672,8.524999618530273,7.789999961853027,8.145000457763672,8.145000457763672,15041000,0.0,0.0,1.0,8.520000457763672,8.145000457763672
2022-08-10,RIOT,yfinance,8.75,9.15999984741211,8.149999618530273,9.109999656677246,9.109999656677246,23196000,0.0,0.0,1.0,8.75,9.109999656677246
2022-08-11,RIOT,yfinance,9.850000381469728,10.519000053405762,9.369999885559082,9.520000457763672,9.520000457763672,29449000,0.0,0.0,1.0,9.850000381469728,9.520000457763672
2022-08-12,RIOT,yfinance,9.5600004196167,10.050000190734863,9.170000076293944,9.93000030517578,9.93000030517578,15406500,0.0,0.0,1.0,9.5600004196167,9.93000030517578
2022-08-15,RIOT,yfinance,9.875,10.229999542236328,9.56999969482422,9.760000228881836,9.760000228881836,17073700,0.0,0.0,1.0,9.875,9.760000228881836
2022-08-16,RIOT,yfinance,9.539999961853027,9.789999961853027,8.800000190734863,9.170000076293944,9.170000076293944,19974000,0.0,0.0,1.0,9.539999961853027,9.170000076293944
2022-08-17,RIOT,yfinance,8.949000358581543,9.0,8.210000038146973,8.350000381469727,8.350000381469727,16838100,0.0,0.0,1.0,8.949000358581543,8.350000381469727
2022-08-18,RIOT,yfinance,8.649999618530273,8.649999618530273,8.210000038146973,8.279999732971191,8.279999732971191,8857400,0.0,0.0,1.0,8.649999618530273,8.279999732971191
2022-08-19,RIOT,yfinance,7.579999923706055,7.800000190734863,7.21999979019165,7.25,7.25,14486300,0.0,0.0,1.0,7.579999923706055,7.25
2022-08-22,RIOT,yfinance,6.949999809265137,7.217000007629394,6.815000057220459,7.0,7.0,12456400,0.0,0.0,1.0,6.949999809265137,7.0
2022-08-23,RIOT,yfinance,7.019999980926514,7.570000171661377,7.019999980926514,7.099999904632568,7.099999904632568,11776200,0.0,0.0,1.0,7.019999980926514,7.099999904632568
2022-08-24,RIOT,yfinance,7.210000038146973,7.590000152587891,7.130000114440918,7.289999961853027,7.289999961853027,9891700,0.0,0.0,1.0,7.210000038146973,7.289999961853027
2022-08-25,RIOT,yfinance,7.349999904632568,7.539999961853027,7.119999885559082,7.429999828338623,7.429999828338623,8564800,0.0,0.0,1.0,7.349999904632568,7.429999828338623
2022-08-26,RIOT,yfinance,7.5,7.554999828338623,6.769999980926514,6.789999961853027,6.789999961853027,13330800,0.0,0.0,1.0,7.5,6.789999961853027
2022-08-29,RIOT,yfinance,6.619999885559082,7.184999942779541,6.590000152587891,6.96999979019165,6.96999979019165,10890700,0.0,0.0,1.0,6.619999885559082,6.96999979019165
2022-08-30,RIOT,yfinance,7.03000020980835,7.21999979019165,6.605000019073486,6.889999866485596,6.889999866485596,10393300,0.0,0.0,1.0,7.03000020980835,6.889999866485596
2022-08-31,RIOT,yfinance,6.940000057220459,7.269999980926514,6.849999904632568,7.170000076293945,7.170000076293945,12051700,0.0,0.0,1.0,6.940000057220459,7.170000076293945
2022-09-01,RIOT,yfinance,6.960000038146973,7.059999942779541,6.510000228881836,6.849999904632568,6.849999904632568,10871900,0.0,0.0,1.0,6.960000038146973,6.849999904632568
2022-09-02,RIOT,yfinance,7.0,7.059999942779541,6.550000190734863,6.630000114440918,6.630000114440918,11208600,0.0,0.0,1.0,7.0,6.630000114440918
2022-09-06,RIOT,yfinance,6.659999847412109,6.869999885559082,6.28000020980835,6.400000095367432,6.400000095367432,16663700,0.0,0.0,1.0,6.659999847412109,6.400000095367432
2022-09-07,RIOT,yfinance,6.309999942779541,6.579999923706055,6.150000095367432,6.550000190734863,6.550000190734863,11032900,0.0,0.0,1.0,6.309999942779541,6.550000190734863
2022-09-08,RIOT,yfinance,6.46999979019165,7.489999771118164,6.349999904632568,7.460000038146973,7.460000038146973,19282900,0.0,0.0,1.0,6.46999979019165,7.460000038146973
2022-09-09,RIOT,yfinance,8.0,8.329999923706055,7.85099983215332,8.260000228881836,8.260000228881836,16446700,0.0,0.0,1.0,8.0,8.260000228881836
2022-09-12,RIOT,yfinance,8.510000228881836,8.670000076293945,8.149999618530273,8.470000267028809,8.470000267028809,14061400,0.0,0.0,1.0,8.510000228881836,8.470000267028809
2022-09-13,RIOT,yfinance,7.699999809265137,8.159000396728516,7.599999904632568,7.630000114440918,7.630000114440918,12389800,0.0,0.0,1.0,7.699999809265137,7.630000114440918
2022-09-14,RIOT,yfinance,7.619999885559082,7.664999961853027,7.400000095367432,7.559999942779541,7.559999942779541,9128100,0.0,0.0,1.0,7.619999885559082,7.559999942779541
2022-09-15,RIOT,yfinance,7.449999809265137,7.96999979019165,7.310999870300293,7.380000114440918,7.380000114440918,10339800,0.0,0.0,1.0,7.449999809265137,7.380000114440918
2022-09-16,RIOT,yfinance,7.199999809265137,7.199999809265137,6.630000114440918,6.644999980926514,6.644999980926514,15063900,0.0,0.0,1.0,7.199999809265137,6.644999980926514
2022-09-19,RIOT,yfinance,6.449999809265137,6.699999809265137,6.360000133514404,6.519999980926514,6.519999980926514,10978900,0.0,0.0,1.0,6.449999809265137,6.519999980926514
2022-09-20,RIOT,yfinance,6.460000038146973,6.5,6.179999828338623,6.21999979019165,6.21999979019165,8247800,0.0,0.0,1.0,6.460000038146973,6.21999979019165
2022-09-21,RIOT,yfinance,6.230000019073486,6.809999942779541,6.150000095367432,6.369999885559082,6.369999885559082,13734200,0.0,0.0,1.0,6.230000019073486,6.369999885559082
2022-09-22,RIOT,yfinance,6.369999885559082,6.440000057220459,6.085000038146973,6.340000152587891,6.340000152587891,8953300,0.0,0.0,1.0,6.369999885559082,6.340000152587891
2022-09-23,RIOT,yfinance,6.010000228881836,6.34499979019165,5.921999931335449,6.329999923706055,6.329999923706055,8991800,0.0,0.0,1.0,6.010000228881836,6.329999923706055
2022-09-26,RIOT,yfinance,6.420000076293945,6.985000133514404,6.400000095367432,6.699999809265137,6.699999809265137,10034200,0.0,0.0,1.0,6.420000076293945,6.699999809265137
2022-09-27,RIOT,yfinance,7.019999980926514,7.150000095367432,6.551000118255615,6.829999923706055,6.829999923706055,12296100,0.0,0.0,1.0,7.019999980926514,6.829999923706055
2022-09-28,RIOT,yfinance,6.71999979019165,7.40500020980835,6.681000232696533,7.340000152587891,7.340000152587891,10178400,0.0,0.0,1.0,6.71999979019165,7.340000152587891
2022-09-29,RIOT,yfinance,7.03000020980835,7.130000114440918,6.699999809265137,7.090000152587891,7.090000152587891,8883300,0.0,0.0,1.0,7.03000020980835,7.090000152587891
2022-09-30,RIOT,yfinance,6.960000038146973,7.639999866485596,6.880000114440918,7.010000228881836,7.010000228881836,12754100,0.0,0.0,1.0,6.960000038146973,7.010000228881836
2022-10-03,RIOT,yfinance,7.070000171661377,7.26800012588501,6.860000133514404,7.190000057220459,7.190000057220459,9449400,0.0,0.0,1.0,7.070000171661377,7.190000057220459
2022-10-04,RIOT,yfinance,7.539999961853027,7.775000095367432,7.315000057220459,7.590000152587891,7.590000152587891,12475400,0.0,0.0,1.0,7.539999961853027,7.590000152587891
2022-10-05,RIOT,yfinance,7.389999866485596,7.409999847412109,6.980000019073486,7.25,7.25,9076000,0.0,0.0,1.0,7.389999866485596,7.25
2022-10-06,RIOT,yfinance,7.230000019073486,7.5,7.059999942779541,7.159999847412109,7.159999847412109,9599100,0.0,0.0,1.0,7.230000019073486,7.159999847412109
2022-10-07,RIOT,yfinance,6.980000019073486,6.980000019073486,6.440000057220459,6.565000057220459,6.565000057220459,7812400,0.0,0.0,1.0,6.980000019073486,6.565000057220459
2022-10-10,RIOT,yfinance,6.570000171661377,6.610000133514404,6.199999809265137,6.389999866485596,6.389999866485596,5396300,0.0,0.0,1.0,6.570000171661377,6.389999866485596
2022-10-11,RIOT,yfinance,6.300000190734863,6.449999809265137,5.960000038146973,6.190000057220459,6.190000057220459,7776100,0.0,0.0,1.0,6.300000190734863,6.190000057220459
2022-10-12,RIOT,yfinance,6.170000076293945,6.284999847412109,5.9720001220703125,6.139999866485596,6.139999866485596,8161800,0.0,0.0,1.0,6.170000076293945,6.139999866485596
2022-10-13,RIOT,yfinance,5.71999979019165,6.429999828338623,5.539999961853027,6.389999866485596,6.389999866485596,12928100,0.0,0.0,1.0,5.71999979019165,6.389999866485596
2022-10-14,RIOT,yfinance,6.489999771118164,6.610000133514404,5.730000019073486,5.760000228881836,5.760000228881836,9923400,0.0,0.0,1.0,6.489999771118164,5.760000228881836
2022-10-17,RIOT,yfinance,6.010000228881836,6.249000072479248,6.010000228881836,6.039999961853027,6.039999961853027,7718500,0.0,0.0,1.0,6.010000228881836,6.039999961853027
2022-10-18,RIOT,yfinance,6.300000190734863,6.40500020980835,5.829999923706055,5.869999885559082,5.869999885559082,8974900,0.0,0.0,1.0,6.300000190734863,5.869999885559082
2022-10-19,RIOT,yfinance,5.820000171661377,5.889999866485596,5.610000133514404,5.670000076293945,5.670000076293945,8018300,0.0,0.0,1.0,5.820000171661377,5.670000076293945
2022-10-20,RIOT,yfinance,5.614999771118164,5.929999828338623,5.570000171661377,5.579999923706055,5.579999923706055,6953300,0.0,0.0,1.0,5.614999771118164,5.579999923706055
2022-10-21,RIOT,yfinance,5.519999980926514,5.849999904632568,5.380000114440918,5.829999923706055,5.829999923706055,7585200,0.0,0.0,1.0,5.519999980926514,5.829999923706055
2022-10-24,RIOT,yfinance,5.829999923706055,6.139999866485596,5.579999923706055,6.050000190734863,6.050000190734863,9463600,0.0,0.0,1.0,5.829999923706055,6.050000190734863
2022-10-25,RIOT,yfinance,6.019999980926514,7.050000190734863,6.019999980926514,7.010000228881836,7.010000228881836,14727300,0.0,0.0,1.0,6.019999980926514,7.010000228881836
2022-10-26,RIOT,yfinance,6.849999904632568,7.675000190734863,6.820000171661377,7.059999942779541,7.059999942779541,19476300,0.0,0.0,1.0,6.849999904632568,7.059999942779541
2022-10-27,RIOT,yfinance,7.230000019073486,7.349999904632568,6.824999809265137,6.840000152587891,6.840000152587891,11737600,0.0,0.0,1.0,7.230000019073486,6.840000152587891
2022-10-28,RIOT,yfinance,6.849999904632568,7.070000171661377,6.630000114440918,7.050000190734863,7.050000190734863,10109500,0.0,0.0,1.0,6.849999904632568,7.050000190734863
2022-10-31,RIOT,yfinance,7.050000190734863,7.130000114440918,6.769999980926514,6.889999866485596,6.889999866485596,7764000,0.0,0.0,1.0,7.050000190734863,6.889999866485596
2022-11-01,RIOT,yfinance,7.110000133514404,7.150000095367432,6.449999809265137,6.449999809265137,6.449999809265137,8151200,0.0,0.0,1.0,7.110000133514404,6.449999809265137
2022-11-02,RIOT,yfinance,6.46999979019165,6.519999980926514,5.849999904632568,5.869999885559082,5.869999885559082,13266200,0.0,0.0,1.0,6.46999979019165,5.869999885559082
2022-11-03,RIOT,yfinance,5.78000020980835,5.985000133514404,5.5,5.510000228881836,5.510000228881836,11348000,0.0,0.0,1.0,5.78000020980835,5.510000228881836
2022-11-04,RIOT,yfinance,5.84499979019165,5.940999984741211,5.489999771118164,5.789999961853027,5.789999961853027,16705800,0.0,0.0,1.0,5.84499979019165,5.789999961853027
2022-11-07,RIOT,yfinance,5.835000038146973,5.869999885559082,5.571000099182129,5.75,5.75,8103700,0.0,0.0,1.0,5.835000038146973,5.75
2022-11-08,RIOT,yfinance,5.340000152587891,5.809999942779541,4.960000038146973,5.329999923706055,5.329999923706055,27140200,0.0,0.0,1.0,5.340000152587891,5.329999923706055
2022-11-09,RIOT,yfinance,4.974999904632568,5.190000057220459,4.824999809265137,4.900000095367432,4.900000095367432,22550900,0.0,0.0,1.0,4.974999904632568,4.900000095367432
2022-11-10,RIOT,yfinance,5.239999771118164,5.559999942779541,5.059999942779541,5.420000076293945,5.420000076293945,16682100,0.0,0.0,1.0,5.239999771118164,5.420000076293945
2022-11-11,RIOT,yfinance,5.09499979019165,5.400000095367432,4.940000057220459,5.340000152587891,5.340000152587891,18159100,0.0,0.0,1.0,5.09499979019165,5.340000152587891
2022-11-14,RIOT,yfinance,5.295000076293945,5.420000076293945,5.110000133514404,5.139999866485596,5.139999866485596,10754400,0.0,0.0,1.0,5.295000076293945,5.139999866485596
2022-11-15,RIOT,yfinance,5.329999923706055,5.46999979019165,5.139999866485596,5.21999979019165,5.21999979019165,10610600,0.0,0.0,1.0,5.329999923706055,5.21999979019165
2022-11-16,RIOT,yfinance,5.059999942779541,5.150000095367432,4.639999866485596,4.659999847412109,4.659999847412109,13186100,0.0,0.0,1.0,5.059999942779541,4.659999847412109
2022-11-17,RIOT,yfinance,4.690000057220459,4.75,4.519999980926514,4.630000114440918,4.630000114440918,9252100,0.0,0.0,1.0,4.690000057220459,4.630000114440918
2022-11-18,RIOT,yfinance,4.71999979019165,4.71999979019165,4.409999847412109,4.460000038146973,4.460000038146973,9665900,0.0,0.0,1.0,4.71999979019165,4.460000038146973
2022-11-21,RIOT,yfinance,4.340000152587891,4.429999828338623,3.9700000286102295,3.9800000190734863,3.9800000190734863,18020100,0.0,0.0,1.0,4.340000152587891,3.9800000190734863
2022-11-22,RIOT,yfinance,4.15500020980835,4.159999847412109,3.910000085830689,3.990000009536743,3.990000009536743,13866500,0.0,0.0,1.0,4.15500020980835,3.990000009536743
2022-11-23,RIOT,yfinance,4.054999828338623,4.434999942779541,4.010000228881836,4.420000076293945,4.420000076293945,17725300,0.0,0.0,1.0,4.054999828338623,4.420000076293945
2022-11-25,RIOT,yfinance,4.380000114440918,4.46999979019165,4.25,4.429999828338623,4.429999828338623,7243800,0.0,0.0,1.0,4.380000114440918,4.429999828338623
2022-11-28,RIOT,yfinance,4.242000102996826,4.460000038146973,4.190000057220459,4.25,4.25,10621000,0.0,0.0,1.0,4.242000102996826,4.25
2022-11-29,RIOT,yfinance,4.269999980926514,4.380000114440918,4.199999809265137,4.239999771118164,4.239999771118164,5427700,0.0,0.0,1.0,4.269999980926514,4.239999771118164
2022-11-30,RIOT,yfinance,4.369999885559082,4.670000076293945,4.190000057220459,4.650000095367432,4.650000095367432,10902500,0.0,0.0,1.0,4.369999885559082,4.650000095367432
2022-12-01,RIOT,yfinance,4.679999828338623,4.760000228881836,4.460000038146973,4.579999923706055,4.579999923706055,7730600,0.0,0.0,1.0,4.679999828338623,4.579999923706055
2022-12-02,RIOT,yfinance,4.510000228881836,4.974999904632568,4.449999809265137,4.960000038146973,4.960000038146973,8315300,0.0,0.0,1.0,4.510000228881836,4.960000038146973
2022-12-05,RIOT,yfinance,5.010000228881836,5.130000114440918,4.579999923706055,4.659999847412109,4.659999847412109,12616500,0.0,0.0,1.0,5.010000228881836,4.659999847412109
2022-12-06,RIOT,yfinance,4.670000076293945,4.690000057220459,4.269999980926514,4.380000114440918,4.380000114440918,8357900,0.0,0.0,1.0,4.670000076293945,4.380000114440918
2022-12-07,RIOT,yfinance,4.34499979019165,4.389999866485596,4.119999885559082,4.21999979019165,4.21999979019165,7975600,0.0,0.0,1.0,4.34499979019165,4.21999979019165
2022-12-08,RIOT,yfinance,4.28000020980835,4.454999923706055,4.150000095367432,4.369999885559082,4.369999885559082,8121300,0.0,0.0,1.0,4.28000020980835,4.369999885559082
2022-12-09,RIOT,yfinance,4.329999923706055,4.380000114440918,4.130000114440918,4.190000057220459,4.190000057220459,6525100,0.0,0.0,1.0,4.329999923706055,4.190000057220459
2022-12-12,RIOT,yfinance,4.170000076293945,4.26200008392334,4.070000171661377,4.170000076293945,4.170000076293945,6457800,0.0,0.0,1.0,4.170000076293945,4.170000076293945
2022-12-13,RIOT,yfinance,4.510000228881836,4.639999866485596,4.039999961853027,4.070000171661377,4.070000171661377,12270500,0.0,0.0,1.0,4.510000228881836,4.070000171661377
2022-12-14,RIOT,yfinance,4.170000076293945,4.28000020980835,4.034999847412109,4.150000095367432,4.150000095367432,10348400,0.0,0.0,1.0,4.170000076293945,4.150000095367432
2022-12-15,RIOT,yfinance,4.050000190734863,4.090000152587891,3.875,4.019999980926514,4.019999980926514,9195600,0.0,0.0,1.0,4.050000190734863,4.019999980926514
2022-12-16,RIOT,yfinance,3.920000076293945,4.010000228881836,3.670000076293945,3.799999952316284,3.799999952316284,16122100,0.0,0.0,1.0,3.920000076293945,3.799999952316284
2022-12-19,RIOT,yfinance,3.740000009536743,3.849999904632568,3.5999999046325684,3.819999933242798,3.819999933242798,7043300,0.0,0.0,1.0,3.740000009536743,3.819999933242798
2022-12-20,RIOT,yfinance,3.805000066757202,4.03000020980835,3.7200000286102295,3.829999923706055,3.829999923706055,7193500,0.0,0.0,1.0,3.805000066757202,3.829999923706055
2022-12-21,RIOT,yfinance,3.839999914169312,3.910000085830689,3.700000047683716,3.829999923706055,3.829999923706055,6217800,0.0,0.0,1.0,3.839999914169312,3.829999923706055
2022-12-22,RIOT,yfinance,3.7699999809265137,3.819999933242798,3.650000095367432,3.7799999713897705,3.7799999713897705,6059600,0.0,0.0,1.0,3.7699999809265137,3.7799999713897705
2022-12-23,RIOT,yfinance,3.775000095367432,3.799999952316284,3.640000104904175,3.680000066757202,3.680000066757202,4805300,0.0,0.0,1.0,3.775000095367432,3.680000066757202
2022-12-27,RIOT,yfinance,3.640000104904175,3.660000085830689,3.4100000858306885,3.4200000762939453,3.4200000762939453,6356100,0.0,0.0,1.0,3.640000104904175,3.4200000762939453
2022-12-28,RIOT,yfinance,3.380000114440918,3.5,3.25,3.289999961853028,3.289999961853028,6616600,0.0,0.0,1.0,3.380000114440918,3.289999961853028
2022-12-29,RIOT,yfinance,3.359999895095825,3.509999990463257,3.289999961853028,3.4200000762939453,3.4200000762939453,6773800,0.0,0.0,1.0,3.359999895095825,3.4200000762939453
2022-12-30,RIOT,yfinance,3.3299999237060547,3.4200000762939453,3.2799999713897705,3.390000104904175,3.390000104904175,6592800,0.0,0.0,1.0,3.3299999237060547,3.390000104904175
2023-01-03,RIOT,yfinance,3.490000009536743,3.670000076293945,3.299999952316284,3.369999885559082,3.369999885559082,7255600,0.0,0.0,1.0,3.490000009536743,3.369999885559082
2023-01-04,RIOT,yfinance,3.440000057220459,3.950000047683716,3.380000114440918,3.880000114440918,3.880000114440918,12325300,0.0,0.0,1.0,3.440000057220459,3.880000114440918
2023-01-05,RIOT,yfinance,3.859999895095825,4.276999950408936,3.700000047683716,4.21999979019165,4.21999979019165,14097000,0.0,0.0,1.0,3.859999895095825,4.21999979019165
2023-01-06,RIOT,yfinance,4.119999885559082,4.349999904632568,3.9600000381469727,4.28000020980835,4.28000020980835,10412900,0.0,0.0,1.0,4.119999885559082,4.28000020980835
2023-01-09,RIOT,yfinance,4.480000019073486,5.230000019073486,4.453999996185303,4.889999866485596,4.889999866485596,20809400,0.0,0.0,1.0,4.480000019073486,4.889999866485596
2023-01-10,RIOT,yfinance,4.880000114440918,5.670000076293945,4.699999809265137,5.639999866485596,5.639999866485596,22171700,0.0,0.0,1.0,4.880000114440918,5.639999866485596
2023-01-11,RIOT,yfinance,5.519999980926514,5.885000228881836,5.210000038146973,5.369999885559082,5.369999885559082,19031800,0.0,0.0,1.0,5.519999980926514,5.369999885559082
2023-01-12,RIOT,yfinance,5.710000038146973,6.159999847412109,5.264999866485596,6.150000095367432,6.150000095367432,27692800,0.0,0.0,1.0,5.710000038146973,6.150000095367432
2023-01-13,RIOT,yfinance,5.940000057220459,6.494999885559082,5.860000133514404,6.019999980926514,6.019999980926514,29524800,0.0,0.0,1.0,5.940000057220459,6.019999980926514
2023-01-17,RIOT,yfinance,6.579999923706055,6.619999885559082,5.889999866485596,6.409999847412109,6.409999847412109,27444600,0.0,0.0,1.0,6.579999923706055,6.409999847412109
2023-01-18,RIOT,yfinance,6.449999809265137,6.630000114440918,5.639999866485596,5.710000038146973,5.710000038146973,23793100,0.0,0.0,1.0,6.449999809265137,5.710000038146973
2023-01-19,RIOT,yfinance,5.619999885559082,5.885000228881836,5.519999980926514,5.78000020980835,5.78000020980835,13255800,0.0,0.0,1.0,5.619999885559082,5.78000020980835
2023-01-20,RIOT,yfinance,5.849999904632568,6.21999979019165,5.619999885559082,6.199999809265137,6.199999809265137,19912300,0.0,0.0,1.0,5.849999904632568,6.199999809265137
2023-01-23,RIOT,yfinance,6.230000019073486,6.630000114440918,6.03000020980835,6.480000019073486,6.480000019073486,23506100,0.0,0.0,1.0,6.230000019073486,6.480000019073486
2023-01-24,RIOT,yfinance,6.320000171661377,6.619999885559082,6.110000133514404,6.139999866485596,6.139999866485596,21428800,0.0,0.0,1.0,6.320000171661377,6.139999866485596
2023-01-25,RIOT,yfinance,5.849999904632568,6.275000095367432,5.699999809265137,6.230000019073486,6.230000019073486,12213000,0.0,0.0,1.0,5.849999904632568,6.230000019073486
2023-01-26,RIOT,yfinance,6.460000038146973,6.579999923706055,6.059999942779541,6.130000114440918,6.130000114440918,11489500,0.0,0.0,1.0,6.460000038146973,6.130000114440918
2023-01-27,RIOT,yfinance,6.03000020980835,6.389999866485596,5.949999809265137,6.329999923706055,6.329999923706055,11799300,0.0,0.0,1.0,6.03000020980835,6.329999923706055
2023-01-30,RIOT,yfinance,6.269999980926514,6.840000152587891,5.920000076293945,5.940000057220459,5.940000057220459,18810700,0.0,0.0,1.0,6.269999980926514,5.940000057220459
2023-01-31,RIOT,yfinance,6.059999942779541,6.320000171661377,5.949999809265137,6.269999980926514,6.269999980926514,14011200,0.0,0.0,1.0,6.059999942779541,6.269999980926514
2023-02-01,RIOT,yfinance,6.239999771118164,6.949999809265137,6.059999942779541,6.860000133514404,6.860000133514404,18687900,0.0,0.0,1.0,6.239999771118164,6.860000133514404
2023-02-02,RIOT,yfinance,7.21999979019165,7.78000020980835,7.03000020980835,7.489999771118164,7.489999771118164,27398500,0.0,0.0,1.0,7.21999979019165,7.489999771118164
2023-02-03,RIOT,yfinance,7.099999904632568,7.769999980926514,6.800000190734863,6.840000152587891,6.840000152587891,18986600,0.0,0.0,1.0,7.099999904632568,6.840000152587891
2023-02-06,RIOT,yfinance,6.690000057220459,6.817999839782715,6.380000114440918,6.679999828338623,6.679999828338623,13765000,0.0,0.0,1.0,6.690000057220459,6.679999828338623
2023-02-07,RIOT,yfinance,6.699999809265137,6.699999809265137,6.179999828338623,6.599999904632568,6.599999904632568,18661500,0.0,0.0,1.0,6.699999809265137,6.599999904632568
2023-02-08,RIOT,yfinance,6.5,7.038000106811523,6.440000057220459,6.519999980926514,6.519999980926514,14973100,0.0,0.0,1.0,6.5,6.519999980926514
2023-02-09,RIOT,yfinance,6.605000019073486,6.650000095367432,5.630000114440918,5.650000095367432,5.650000095367432,17176000,0.0,0.0,1.0,6.605000019073486,5.650000095367432
2023-02-10,RIOT,yfinance,5.650000095367432,5.739999771118164,5.420000076293945,5.510000228881836,5.510000228881836,9880200,0.0,0.0,1.0,5.650000095367432,5.510000228881836
2023-02-13,RIOT,yfinance,5.320000171661377,5.539999961853027,5.179999828338623,5.46999979019165,5.46999979019165,7623800,0.0,0.0,1.0,5.320000171661377,5.46999979019165
2023-02-14,RIOT,yfinance,5.420000076293945,6.008999824523926,5.320000171661377,5.900000095367432,5.900000095367432,13904900,0.0,0.0,1.0,5.420000076293945,5.900000095367432
2023-02-15,RIOT,yfinance,6.039999961853027,6.789999961853027,5.954999923706055,6.659999847412109,6.659999847412109,20023300,0.0,0.0,1.0,6.039999961853027,6.659999847412109
2023-02-16,RIOT,yfinance,6.570000171661377,7.25,6.349999904632568,6.360000133514404,6.360000133514404,22825300,0.0,0.0,1.0,6.570000171661377,6.360000133514404
2023-02-17,RIOT,yfinance,6.349999904632568,6.699999809265137,6.130000114440918,6.590000152587891,6.590000152587891,19224700,0.0,0.0,1.0,6.349999904632568,6.590000152587891
2023-02-21,RIOT,yfinance,6.474999904632568,6.800000190734863,6.179999828338623,6.21999979019165,6.21999979019165,12728500,0.0,0.0,1.0,6.474999904632568,6.21999979019165
2023-02-22,RIOT,yfinance,6.190000057220459,6.449999809265137,6.0,6.349999904632568,6.349999904632568,13407700,0.0,0.0,1.0,6.190000057220459,6.349999904632568
2023-02-23,RIOT,yfinance,6.449999809265137,6.539999961853027,6.139999866485596,6.369999885559082,6.369999885559082,11009300,0.0,0.0,1.0,6.449999809265137,6.369999885559082
2023-02-24,RIOT,yfinance,6.170000076293945,6.21999979019165,5.730000019073486,5.869999885559082,5.869999885559082,12051500,0.0,0.0,1.0,6.170000076293945,5.869999885559082
2023-02-27,RIOT,yfinance,6.039999961853027,6.119999885559082,5.869999885559082,6.010000228881836,6.010000228881836,7351100,0.0,0.0,1.0,6.039999961853027,6.010000228881836
2023-02-28,RIOT,yfinance,6.019999980926514,6.519999980926514,5.929999828338623,6.25,6.25,12476400,0.0,0.0,1.0,6.019999980926514,6.25
2023-03-01,RIOT,yfinance,6.380000114440918,6.429999828338623,6.068999767303467,6.139999866485596,6.139999866485596,10997100,0.0,0.0,1.0,6.380000114440918,6.139999866485596
2023-03-02,RIOT,yfinance,5.989999771118164,6.269999980926514,5.769999980926514,6.179999828338623,6.179999828338623,10167800,0.0,0.0,1.0,5.989999771118164,6.179999828338623
2023-03-03,RIOT,yfinance,5.974999904632568,6.480000019073486,5.829999923706055,6.340000152587891,6.340000152587891,13744600,0.0,0.0,1.0,5.974999904632568,6.340000152587891
2023-03-06,RIOT,yfinance,6.369999885559082,6.880000114440918,6.170000076293945,6.369999885559082,6.369999885559082,13040500,0.0,0.0,1.0,6.369999885559082,6.369999885559082
2023-03-07,RIOT,yfinance,6.329999923706055,6.53000020980835,6.150000095367432,6.170000076293945,6.170000076293945,8767700,0.0,0.0,1.0,6.329999923706055,6.170000076293945
2023-03-08,RIOT,yfinance,6.170000076293945,6.389999866485596,6.070000171661377,6.300000190734863,6.300000190734863,8662300,0.0,0.0,1.0,6.170000076293945,6.300000190734863
2023-03-09,RIOT,yfinance,6.190000057220459,6.300000190734863,5.510000228881836,5.53000020980835,5.53000020980835,12832900,0.0,0.0,1.0,6.190000057220459,5.53000020980835
2023-03-10,RIOT,yfinance,5.460000038146973,5.630000114440918,5.159999847412109,5.300000190734863,5.300000190734863,11780000,0.0,0.0,1.0,5.460000038146973,5.300000190734863
2023-03-13,RIOT,yfinance,5.510000228881836,6.349999904632568,5.329999923706055,6.25,6.25,23685800,0.0,0.0,1.0,5.510000228881836,6.25
2023-03-14,RIOT,yfinance,6.789999961853027,7.269999980926514,6.570000171661377,6.889999866485596,6.889999866485596,30018800,0.0,0.0,1.0,6.789999961853027,6.889999866485596
2023-03-15,RIOT,yfinance,6.820000171661377,7.079999923706055,6.349999904632568,6.690000057220459,6.690000057220459,16291000,0.0,0.0,1.0,6.820000171661377,6.690000057220459
2023-03-16,RIOT,yfinance,6.75,7.130000114440918,6.61899995803833,7.050000190734863,7.050000190734863,12959400,0.0,0.0,1.0,6.75,7.050000190734863
2023-03-17,RIOT,yfinance,7.579999923706055,8.460000038146973,7.175000190734863,8.100000381469727,8.100000381469727,40834400,0.0,0.0,1.0,7.579999923706055,8.100000381469727
2023-03-20,RIOT,yfinance,8.630000114440918,8.760000228881836,8.029999732971191,8.550000190734863,8.550000190734863,29574900,0.0,0.0,1.0,8.630000114440918,8.550000190734863
2023-03-21,RIOT,yfinance,8.470000267028809,9.170000076293944,8.369999885559082,9.06999969482422,9.06999969482422,25618600,0.0,0.0,1.0,8.470000267028809,9.06999969482422
2023-03-22,RIOT,yfinance,9.100000381469728,9.390000343322754,8.039999961853027,8.100000381469727,8.100000381469727,30841500,0.0,0.0,1.0,9.100000381469728,8.100000381469727
2023-03-23,RIOT,yfinance,8.3149995803833,9.720000267028809,8.244999885559082,9.470000267028809,9.470000267028809,31925100,0.0,0.0,1.0,8.3149995803833,9.470000267028809
2023-03-24,RIOT,yfinance,9.210000038146973,9.25,8.350000381469727,8.630000114440918,8.630000114440918,26370500,0.0,0.0,1.0,9.210000038146973,8.630000114440918
2023-03-27,RIOT,yfinance,8.739999771118164,8.744999885559082,7.909999847412109,8.039999961853027,8.039999961853027,16539900,0.0,0.0,1.0,8.739999771118164,8.039999961853027
2023-03-28,RIOT,yfinance,7.920000076293945,8.305000305175781,7.659999847412109,8.109999656677246,8.109999656677246,15540800,0.0,0.0,1.0,7.920000076293945,8.109999656677246
2023-03-29,RIOT,yfinance,8.539999961853027,9.239999771118164,8.460000038146973,9.229999542236328,9.229999542236328,23697500,0.0,0.0,1.0,8.539999961853027,9.229999542236328
2023-03-30,RIOT,yfinance,9.40999984741211,9.539999961853027,9.050000190734863,9.140000343322754,9.140000343322754,18406900,0.0,0.0,1.0,9.40999984741211,9.140000343322754
2023-03-31,RIOT,yfinance,9.25,10.100000381469728,9.142000198364258,9.989999771118164,9.989999771118164,26859600,0.0,0.0,1.0,9.25,9.989999771118164
2023-04-03,RIOT,yfinance,9.8100004196167,9.949999809265137,9.239999771118164,9.670000076293944,9.670000076293944,17409600,0.0,0.0,1.0,9.8100004196167,9.670000076293944
2023-04-04,RIOT,yfinance,9.81999969482422,9.93000030517578,9.229999542236328,9.5600004196167,9.5600004196167,14720300,0.0,0.0,1.0,9.81999969482422,9.5600004196167
2023-04-05,RIOT,yfinance,9.640000343322754,9.75,9.010000228881836,9.149999618530272,9.149999618530272,15953300,0.0,0.0,1.0,9.640000343322754,9.149999618530272
2023-04-06,RIOT,yfinance,8.970999717712402,9.390000343322754,8.760000228881836,9.15999984741211,9.15999984741211,12719100,0.0,0.0,1.0,8.970999717712402,9.15999984741211
2023-04-10,RIOT,yfinance,9.170000076293944,10.619999885559082,8.9399995803833,10.579999923706056,10.579999923706056,30153900,0.0,0.0,1.0,9.170000076293944,10.579999923706056
2023-04-11,RIOT,yfinance,10.989999771118164,12.550000190734863,10.800000190734863,12.380000114440918,12.380000114440918,55029300,0.0,0.0,1.0,10.989999771118164,12.380000114440918
2023-04-12,RIOT,yfinance,12.260000228881836,13.149999618530272,11.949999809265137,12.350000381469728,12.350000381469728,48039100,0.0,0.0,1.0,12.260000228881836,12.350000381469728
2023-04-13,RIOT,yfinance,12.6899995803833,13.859999656677246,12.68000030517578,13.5,13.5,44153800,0.0,0.0,1.0,12.6899995803833,13.5
2023-04-14,RIOT,yfinance,13.829999923706056,13.890000343322754,12.75,13.479999542236328,13.479999542236328,30831200,0.0,0.0,1.0,13.829999923706056,13.479999542236328
2023-04-17,RIOT,yfinance,12.520000457763672,12.979999542236328,12.119999885559082,12.93000030517578,12.93000030517578,19850200,0.0,0.0,1.0,12.520000457763672,12.93000030517578
2023-04-18,RIOT,yfinance,13.670000076293944,14.428999900817873,13.25,13.449999809265137,13.449999809265137,26531200,0.0,0.0,1.0,13.670000076293944,13.449999809265137
2023-04-19,RIOT,yfinance,12.5600004196167,12.904999732971191,12.09000015258789,12.109999656677246,12.109999656677246,20647200,0.0,0.0,1.0,12.5600004196167,12.109999656677246
2023-04-20,RIOT,yfinance,11.729999542236328,12.09000015258789,10.850000381469728,10.899999618530272,10.899999618530272,20535700,0.0,0.0,1.0,11.729999542236328,10.899999618530272
2023-04-21,RIOT,yfinance,11.329999923706056,11.329999923706056,10.5,10.520000457763672,10.520000457763672,18768700,0.0,0.0,1.0,11.329999923706056,10.520000457763672
2023-04-24,RIOT,yfinance,10.470000267028809,10.80500030517578,10.119999885559082,10.390000343322754,10.390000343322754,18193800,0.0,0.0,1.0,10.470000267028809,10.390000343322754
2023-04-25,RIOT,yfinance,10.329999923706056,11.140000343322754,10.0600004196167,10.710000038146973,10.710000038146973,27025100,0.0,0.0,1.0,10.329999923706056,10.710000038146973
2023-04-26,RIOT,yfinance,11.989999771118164,12.079999923706056,10.869999885559082,10.90999984741211,10.90999984741211,40387000,0.0,0.0,1.0,11.989999771118164,10.90999984741211
2023-04-27,RIOT,yfinance,11.220000267028809,11.920000076293944,10.755000114440918,11.84000015258789,11.84000015258789,28867000,0.0,0.0,1.0,11.220000267028809,11.84000015258789
2023-04-28,RIOT,yfinance,11.65999984741211,12.100000381469728,11.31999969482422,11.960000038146973,11.960000038146973,22159000,0.0,0.0,1.0,11.65999984741211,11.960000038146973
2023-05-01,RIOT,yfinance,11.600000381469728,11.638999938964844,10.369999885559082,10.520000457763672,10.520000457763672,19192300,0.0,0.0,1.0,11.600000381469728,10.520000457763672
2023-05-02,RIOT,yfinance,10.649999618530272,11.970000267028809,10.31999969482422,11.779999732971191,11.779999732971191,22935300,0.0,0.0,1.0,10.649999618530272,11.779999732971191
2023-05-03,RIOT,yfinance,11.390000343322754,11.510000228881836,10.65999984741211,10.739999771118164,10.739999771118164,27764600,0.0,0.0,1.0,11.390000343322754,10.739999771118164
2023-05-04,RIOT,yfinance,10.800000190734863,11.14799976348877,10.539999961853027,10.84000015258789,10.84000015258789,23478600,0.0,0.0,1.0,10.800000190734863,10.84000015258789
2023-05-05,RIOT,yfinance,10.829999923706056,11.6850004196167,10.710000038146973,11.539999961853027,11.539999961853027,28585500,0.0,0.0,1.0,10.829999923706056,11.539999961853027
2023-05-08,RIOT,yfinance,10.84000015258789,10.859999656677246,10.199999809265137,10.489999771118164,10.489999771118164,23093900,0.0,0.0,1.0,10.84000015258789,10.489999771118164
2023-05-09,RIOT,yfinance,10.670000076293944,11.56999969482422,10.619999885559082,11.4399995803833,11.4399995803833,18784400,0.0,0.0,1.0,10.670000076293944,11.4399995803833
2023-05-10,RIOT,yfinance,11.84000015258789,12.899999618530272,11.68000030517578,12.279999732971191,12.279999732971191,31547700,0.0,0.0,1.0,11.84000015258789,12.279999732971191
2023-05-11,RIOT,yfinance,11.944000244140623,12.100000381469728,10.414999961853027,10.710000038146973,10.710000038146973,25762300,0.0,0.0,1.0,11.944000244140623,10.710000038146973
2023-05-12,RIOT,yfinance,10.600000381469728,10.84000015258789,10.343999862670898,10.609999656677246,10.609999656677246,16400900,0.0,0.0,1.0,10.600000381469728,10.609999656677246
2023-05-15,RIOT,yfinance,10.93000030517578,11.31999969482422,10.649999618530272,11.079999923706056,11.079999923706056,17750400,0.0,0.0,1.0,10.93000030517578,11.079999923706056
2023-05-16,RIOT,yfinance,10.779999732971191,11.03499984741211,10.550000190734863,10.850000381469728,10.850000381469728,12465800,0.0,0.0,1.0,10.779999732971191,10.850000381469728
2023-05-17,RIOT,yfinance,10.65999984741211,11.609999656677246,10.600000381469728,11.529999732971191,11.529999732971191,16416800,0.0,0.0,1.0,10.65999984741211,11.529999732971191
2023-05-18,RIOT,yfinance,11.289999961853027,11.82699966430664,10.68000030517578,11.06999969482422,11.06999969482422,16231600,0.0,0.0,1.0,11.289999961853027,11.06999969482422
2023-05-19,RIOT,yfinance,11.260000228881836,11.529999732971191,10.890000343322754,11.079999923706056,11.079999923706056,14671700,0.0,0.0,1.0,11.260000228881836,11.079999923706056
2023-05-22,RIOT,yfinance,11.005000114440918,12.199999809265137,10.829999923706056,12.199999809265137,12.199999809265137,21033000,0.0,0.0,1.0,11.005000114440918,12.199999809265137
2023-05-23,RIOT,yfinance,12.390000343322754,12.611000061035156,11.25,11.279999732971191,11.279999732971191,23583000,0.0,0.0,1.0,12.390000343322754,11.279999732971191
2023-05-24,RIOT,yfinance,11.0600004196167,11.470000267028809,10.5600004196167,11.270000457763672,11.270000457763672,18765600,0.0,0.0,1.0,11.0600004196167,11.270000457763672
2023-05-25,RIOT,yfinance,11.350000381469728,11.529999732971191,10.65999984741211,11.06999969482422,11.06999969482422,13904600,0.0,0.0,1.0,11.350000381469728,11.06999969482422
2023-05-26,RIOT,yfinance,11.109999656677246,11.845000267028809,10.729999542236328,10.920000076293944,10.920000076293944,18298000,0.0,0.0,1.0,11.109999656677246,10.920000076293944
2023-05-30,RIOT,yfinance,11.710000038146973,12.79699993133545,11.59000015258789,12.029999732971191,12.029999732971191,34100600,0.0,0.0,1.0,11.710000038146973,12.029999732971191
2023-05-31,RIOT,yfinance,11.579999923706056,12.039999961853027,11.369999885559082,12.0,12.0,19845600,0.0,0.0,1.0,11.579999923706056,12.0
2023-06-01,RIOT,yfinance,11.789999961853027,12.70699977874756,11.59000015258789,12.40999984741211,12.40999984741211,21175500,0.0,0.0,1.0,11.789999961853027,12.40999984741211
2023-06-02,RIOT,yfinance,12.710000038146973,12.710000038146973,11.369999885559082,11.710000038146973,11.710000038146973,34328000,0.0,0.0,1.0,12.710000038146973,11.710000038146973
2023-06-05,RIOT,yfinance,11.289999961853027,11.609999656677246,10.449999809265137,10.68000030517578,10.68000030517578,28106100,0.0,0.0,1.0,11.289999961853027,10.68000030517578
2023-06-06,RIOT,yfinance,10.140000343322754,10.979999542236328,9.699999809265137,10.899999618530272,10.899999618530272,26503000,0.0,0.0,1.0,10.140000343322754,10.899999618530272
2023-06-07,RIOT,yfinance,10.779999732971191,11.199999809265137,10.289999961853027,10.43000030517578,10.43000030517578,19520700,0.0,0.0,1.0,10.779999732971191,10.43000030517578
2023-06-08,RIOT,yfinance,10.4399995803833,10.850000381469728,10.369999885559082,10.550000190734863,10.550000190734863,11197900,0.0,0.0,1.0,10.4399995803833,10.550000190734863
2023-06-09,RIOT,yfinance,10.710000038146973,10.779999732971191,10.220999717712402,10.329999923706056,10.329999923706056,9154100,0.0,0.0,1.0,10.710000038146973,10.329999923706056
2023-06-12,RIOT,yfinance,10.210000038146973,10.359999656677246,10.020000457763672,10.239999771118164,10.239999771118164,10136600,0.0,0.0,1.0,10.210000038146973,10.239999771118164
2023-06-13,RIOT,yfinance,10.579999923706056,10.6899995803833,10.109999656677246,10.260000228881836,10.260000228881836,10967800,0.0,0.0,1.0,10.579999923706056,10.260000228881836
2023-06-14,RIOT,yfinance,10.300000190734863,10.520000457763672,10.020000457763672,10.149999618530272,10.149999618530272,12934300,0.0,0.0,1.0,10.300000190734863,10.149999618530272
2023-06-15,RIOT,yfinance,9.800000190734863,10.130000114440918,9.416999816894531,9.970000267028809,9.970000267028809,15436200,0.0,0.0,1.0,9.800000190734863,9.970000267028809
2023-06-16,RIOT,yfinance,10.06999969482422,10.479999542236328,9.829999923706056,10.399999618530272,10.399999618530272,18679700,0.0,0.0,1.0,10.06999969482422,10.399999618530272
2023-06-20,RIOT,yfinance,10.640000343322754,11.289999961853027,10.119000434875488,11.25,11.25,27317200,0.0,0.0,1.0,10.640000343322754,11.25
2023-06-21,RIOT,yfinance,11.65999984741211,12.0600004196167,11.460000038146973,11.68000030517578,11.68000030517578,34973600,0.0,0.0,1.0,11.65999984741211,11.68000030517578
2023-06-22,RIOT,yfinance,11.75,11.970000267028809,10.760000228881836,11.239999771118164,11.239999771118164,20888300,0.0,0.0,1.0,11.75,11.239999771118164
2023-06-23,RIOT,yfinance,11.109999656677246,12.109999656677246,10.899999618530272,11.600000381469728,11.600000381469728,29671900,0.0,0.0,1.0,11.109999656677246,11.600000381469728
2023-06-26,RIOT,yfinance,11.489999771118164,12.18000030517578,10.720000267028809,10.770000457763672,10.770000457763672,22037400,0.0,0.0,1.0,11.489999771118164,10.770000457763672
2023-06-27,RIOT,yfinance,11.06999969482422,11.710000038146973,10.880000114440918,11.649999618530272,11.649999618530272,25685600,0.0,0.0,1.0,11.06999969482422,11.649999618530272
2023-06-28,RIOT,yfinance,11.420000076293944,11.979999542236328,11.239999771118164,11.539999961853027,11.539999961853027,16753300,0.0,0.0,1.0,11.420000076293944,11.539999961853027
2023-06-29,RIOT,yfinance,11.869999885559082,12.369999885559082,11.510000228881836,11.65999984741211,11.65999984741211,21510800,0.0,0.0,1.0,11.869999885559082,11.65999984741211
2023-06-30,RIOT,yfinance,12.079999923706056,12.40999984741211,11.199999809265137,11.81999969482422,11.81999969482422,30171100,0.0,0.0,1.0,12.079999923706056,11.81999969482422
2023-07-03,RIOT,yfinance,11.920000076293944,13.454999923706056,11.861000061035156,13.350000381469728,13.350000381469728,29313400,0.0,0.0,1.0,11.920000076293944,13.350000381469728
2023-07-05,RIOT,yfinance,12.81999969482422,13.859999656677246,12.649999618530272,13.59000015258789,13.59000015258789,28389700,0.0,0.0,1.0,12.81999969482422,13.59000015258789
2023-07-06,RIOT,yfinance,13.779999732971191,13.880000114440918,12.789999961853027,13.539999961853027,13.539999961853027,23790800,0.0,0.0,1.0,13.779999732971191,13.539999961853027
2023-07-07,RIOT,yfinance,13.420000076293944,15.550000190734863,13.420000076293944,15.479999542236328,15.479999542236328,41207300,0.0,0.0,1.0,13.420000076293944,15.479999542236328
2023-07-10,RIOT,yfinance,15.75,16.90999984741211,15.119999885559082,16.860000610351562,16.860000610351562,34873100,0.0,0.0,1.0,15.75,16.860000610351562
2023-07-11,RIOT,yfinance,16.799999237060547,17.655000686645508,16.329999923706055,17.510000228881836,17.510000228881836,35291300,0.0,0.0,1.0,16.799999237060547,17.510000228881836
2023-07-12,RIOT,yfinance,18.040000915527344,18.63999938964844,17.239999771118164,17.649999618530273,17.649999618530273,40610100,0.0,0.0,1.0,18.040000915527344,17.649999618530273
2023-07-13,RIOT,yfinance,17.8700008392334,20.530000686645508,17.81999969482422,20.290000915527344,20.290000915527344,53242000,0.0,0.0,1.0,17.8700008392334,20.290000915527344
2023-07-14,RIOT,yfinance,20.25,20.649999618530277,18.770000457763672,19.1200008392334,19.1200008392334,39091200,0.0,0.0,1.0,20.25,19.1200008392334
2023-07-17,RIOT,yfinance,19.170000076293945,20.270000457763672,18.209999084472656,18.479999542236328,18.479999542236328,31227800,0.0,0.0,1.0,19.170000076293945,18.479999542236328
2023-07-18,RIOT,yfinance,18.09000015258789,18.854999542236328,17.829999923706055,18.280000686645508,18.280000686645508,20885900,0.0,0.0,1.0,18.09000015258789,18.280000686645508
2023-07-19,RIOT,yfinance,18.63999938964844,19.424999237060547,18.280000686645508,18.93000030517578,18.93000030517578,25966700,0.0,0.0,1.0,18.63999938964844,18.93000030517578
2023-07-20,RIOT,yfinance,19.149999618530277,19.5,18.239999771118164,18.46999931335449,18.46999931335449,23803300,0.0,0.0,1.0,19.149999618530277,18.46999931335449
2023-07-21,RIOT,yfinance,18.75,18.849000930786133,17.40999984741211,18.3799991607666,18.3799991607666,22605500,0.0,0.0,1.0,18.75,18.3799991607666
2023-07-24,RIOT,yfinance,17.6200008392334,18.020000457763672,16.829999923706055,17.43000030517578,17.43000030517578,19214700,0.0,0.0,1.0,17.6200008392334,17.43000030517578
2023-07-25,RIOT,yfinance,17.549999237060547,18.83799934387207,17.549999237060547,17.950000762939453,17.950000762939453,18941000,0.0,0.0,1.0,17.549999237060547,17.950000762939453
2023-07-26,RIOT,yfinance,18.030000686645508,18.584999084472656,17.709999084472656,18.450000762939453,18.450000762939453,16412300,0.0,0.0,1.0,18.030000686645508,18.450000762939453
2023-07-27,RIOT,yfinance,19.0,19.1299991607666,17.440000534057617,17.600000381469727,17.600000381469727,17258100,0.0,0.0,1.0,19.0,17.600000381469727
2023-07-28,RIOT,yfinance,18.06999969482422,18.690000534057617,17.8700008392334,18.3799991607666,18.3799991607666,16691700,0.0,0.0,1.0,18.06999969482422,18.3799991607666
2023-07-31,RIOT,yfinance,18.6299991607666,19.190000534057617,18.170000076293945,18.520000457763672,18.520000457763672,18068200,0.0,0.0,1.0,18.6299991607666,18.520000457763672
2023-08-01,RIOT,yfinance,18.1299991607666,18.40999984741211,17.06999969482422,18.229999542236328,18.229999542236328,19757500,0.0,0.0,1.0,18.1299991607666,18.229999542236328
2023-08-02,RIOT,yfinance,18.200000762939453,19.200000762939453,17.549999237060547,17.969999313354492,17.969999313354492,22880200,0.0,0.0,1.0,18.200000762939453,17.969999313354492
2023-08-03,RIOT,yfinance,17.719999313354492,18.600000381469727,17.610000610351562,17.809999465942383,17.809999465942383,18980600,0.0,0.0,1.0,17.719999313354492,17.809999465942383
2023-08-04,RIOT,yfinance,17.989999771118164,18.1200008392334,17.079999923706055,17.110000610351562,17.110000610351562,15409100,0.0,0.0,1.0,17.989999771118164,17.110000610351562
2023-08-07,RIOT,yfinance,16.989999771118164,17.040000915527344,15.3149995803833,16.31999969482422,16.31999969482422,17455500,0.0,0.0,1.0,16.989999771118164,16.31999969482422
2023-08-08,RIOT,yfinance,16.809999465942383,17.360000610351562,16.219999313354492,17.094999313354492,17.094999313354492,19345400,0.0,0.0,1.0,16.809999465942383,17.094999313354492
2023-08-09,RIOT,yfinance,17.219999313354492,17.290000915527344,16.299999237060547,16.34000015258789,16.34000015258789,18385500,0.0,0.0,1.0,17.219999313354492,16.34000015258789
2023-08-10,RIOT,yfinance,16.399999618530273,16.639999389648438,14.81999969482422,15.0,15.0,19010300,0.0,0.0,1.0,16.399999618530273,15.0
2023-08-11,RIOT,yfinance,14.84000015258789,15.699999809265137,14.630000114440918,15.229999542236328,15.229999542236328,17890000,0.0,0.0,1.0,14.84000015258789,15.229999542236328
2023-08-14,RIOT,yfinance,15.020000457763672,15.0600004196167,14.359999656677246,14.65999984741211,14.65999984741211,17366800,0.0,0.0,1.0,15.020000457763672,14.65999984741211
2023-08-15,RIOT,yfinance,14.56999969482422,14.850000381469728,13.654999732971191,13.699999809265137,13.699999809265137,16152200,0.0,0.0,1.0,14.56999969482422,13.699999809265137
2023-08-16,RIOT,yfinance,13.420000076293944,13.529999732971191,12.93000030517578,13.100000381469728,13.100000381469728,18877700,0.0,0.0,1.0,13.420000076293944,13.100000381469728
2023-08-17,RIOT,yfinance,12.720000267028809,12.760000228881836,11.654999732971191,11.710000038146973,11.710000038146973,23752300,0.0,0.0,1.0,12.720000267028809,11.710000038146973
2023-08-18,RIOT,yfinance,11.119999885559082,11.65999984741211,10.961000442504885,11.06999969482422,11.06999969482422,20167800,0.0,0.0,1.0,11.119999885559082,11.06999969482422
2023-08-21,RIOT,yfinance,11.175000190734863,11.270000457763672,10.550000190734863,10.729999542236328,10.729999542236328,18294600,0.0,0.0,1.0,11.175000190734863,10.729999542236328
2023-08-22,RIOT,yfinance,10.899999618530272,10.984999656677246,10.470000267028809,10.550000190734863,10.550000190734863,13037100,0.0,0.0,1.0,10.899999618530272,10.550000190734863
2023-08-23,RIOT,yfinance,10.529999732971191,11.3100004196167,10.460000038146973,11.119999885559082,11.119999885559082,19862900,0.0,0.0,1.0,10.529999732971191,11.119999885559082
2023-08-24,RIOT,yfinance,11.0600004196167,11.06999969482422,10.199999809265137,10.359999656677246,10.359999656677246,12899000,0.0,0.0,1.0,11.0600004196167,10.359999656677246
2023-08-25,RIOT,yfinance,10.460000038146973,10.760000228881836,10.0600004196167,10.369999885559082,10.369999885559082,12118600,0.0,0.0,1.0,10.460000038146973,10.369999885559082
2023-08-28,RIOT,yfinance,10.479999542236328,10.81999969482422,10.375,10.489999771118164,10.489999771118164,10020400,0.0,0.0,1.0,10.479999542236328,10.489999771118164
2023-08-29,RIOT,yfinance,10.390000343322754,12.550000190734863,10.350000381469728,12.300000190734863,12.300000190734863,42040200,0.0,0.0,1.0,10.390000343322754,12.300000190734863
2023-08-30,RIOT,yfinance,12.020000457763672,12.18000030517578,11.5600004196167,12.050000190734863,12.050000190734863,22609100,0.0,0.0,1.0,12.020000457763672,12.050000190734863
2023-08-31,RIOT,yfinance,12.0600004196167,12.274999618530272,11.229999542236328,11.350000381469728,11.350000381469728,18926600,0.0,0.0,1.0,12.0600004196167,11.350000381469728
2023-09-01,RIOT,yfinance,11.390000343322754,11.5600004196167,10.755000114440918,11.039999961853027,11.039999961853027,15521100,0.0,0.0,1.0,11.390000343322754,11.039999961853027
2023-09-05,RIOT,yfinance,10.979999542236328,11.229999542236328,10.720000267028809,10.979999542236328,10.979999542236328,9992700,0.0,0.0,1.0,10.979999542236328,10.979999542236328
2023-09-06,RIOT,yfinance,10.979999542236328,11.649999618530272,10.93000030517578,11.239999771118164,11.239999771118164,17992400,0.0,0.0,1.0,10.979999542236328,11.239999771118164
2023-09-07,RIOT,yfinance,11.09000015258789,11.529999732971191,10.550000190734863,11.380000114440918,11.380000114440918,12779500,0.0,0.0,1.0,11.09000015258789,11.380000114440918
2023-09-08,RIOT,yfinance,11.300000190734863,11.34000015258789,10.760000228881836,10.949999809265137,10.949999809265137,17076400,0.0,0.0,1.0,11.300000190734863,10.949999809265137
2023-09-11,RIOT,yfinance,10.800000190734863,10.989999771118164,10.085000038146973,10.140000343322754,10.140000343322754,16638000,0.0,0.0,1.0,10.800000190734863,10.140000343322754
2023-09-12,RIOT,yfinance,10.68000030517578,11.1899995803833,10.40999984741211,10.539999961853027,10.539999961853027,20067300,0.0,0.0,1.0,10.68000030517578,10.539999961853027
2023-09-13,RIOT,yfinance,10.59000015258789,10.710000038146973,10.220000267028809,10.279999732971191,10.279999732971191,13919300,0.0,0.0,1.0,10.59000015258789,10.279999732971191
2023-09-14,RIOT,yfinance,10.600000381469728,11.244999885559082,10.59000015258789,10.970000267028809,10.970000267028809,20371900,0.0,0.0,1.0,10.600000381469728,10.970000267028809
2023-09-15,RIOT,yfinance,10.979999542236328,10.979999542236328,10.59000015258789,10.770000457763672,10.770000457763672,12896300,0.0,0.0,1.0,10.979999542236328,10.770000457763672
2023-09-18,RIOT,yfinance,11.364999771118164,11.59000015258789,10.90999984741211,10.93000030517578,10.93000030517578,22987200,0.0,0.0,1.0,11.364999771118164,10.93000030517578
2023-09-19,RIOT,yfinance,11.029999732971191,11.168999671936035,10.40999984741211,10.4399995803833,10.4399995803833,19097400,0.0,0.0,1.0,11.029999732971191,10.4399995803833
2023-09-20,RIOT,yfinance,10.420000076293944,10.56999969482422,9.989999771118164,10.020000457763672,10.020000457763672,16446300,0.0,0.0,1.0,10.420000076293944,10.020000457763672
2023-09-21,RIOT,yfinance,9.710000038146973,9.760000228881836,9.31999969482422,9.579999923706056,9.579999923706056,15842100,0.0,0.0,1.0,9.710000038146973,9.579999923706056
2023-09-22,RIOT,yfinance,9.649999618530272,9.758999824523926,9.18000030517578,9.239999771118164,9.239999771118164,10148700,0.0,0.0,1.0,9.649999618530272,9.239999771118164
2023-09-25,RIOT,yfinance,9.0,9.380000114440918,8.91100025177002,9.260000228881836,9.260000228881836,15217300,0.0,0.0,1.0,9.0,9.260000228881836
2023-09-26,RIOT,yfinance,9.119999885559082,9.369999885559082,9.0,9.0600004196167,9.0600004196167,9306300,0.0,0.0,1.0,9.119999885559082,9.0600004196167
2023-09-27,RIOT,yfinance,9.300000190734863,9.529999732971191,8.819999694824219,9.020000457763672,9.020000457763672,15833100,0.0,0.0,1.0,9.300000190734863,9.020000457763672
2023-09-28,RIOT,yfinance,9.079999923706056,9.90999984741211,8.954999923706055,9.43000030517578,9.43000030517578,22547900,0.0,0.0,1.0,9.079999923706056,9.43000030517578
2023-09-29,RIOT,yfinance,9.539999961853027,9.619999885559082,9.210000038146973,9.329999923706056,9.329999923706056,14715100,0.0,0.0,1.0,9.539999961853027,9.329999923706056
2023-10-02,RIOT,yfinance,10.100000381469728,10.949999809265137,9.800000190734863,9.880000114440918,9.880000114440918,32634600,0.0,0.0,1.0,10.100000381469728,9.880000114440918
2023-10-03,RIOT,yfinance,9.649999618530272,9.890000343322754,8.670000076293945,8.779999732971191,8.779999732971191,19688400,0.0,0.0,1.0,9.649999618530272,8.779999732971191
2023-10-04,RIOT,yfinance,9.010000228881836,9.140000343322754,8.604999542236328,9.0649995803833,9.0649995803833,16082200,0.0,0.0,1.0,9.010000228881836,9.0649995803833
2023-10-05,RIOT,yfinance,9.15999984741211,9.364999771118164,8.779999732971191,9.010000228881836,9.010000228881836,15207000,0.0,0.0,1.0,9.15999984741211,9.010000228881836
2023-10-06,RIOT,yfinance,8.779999732971191,9.977999687194824,8.779999732971191,9.920000076293944,9.920000076293944,19746400,0.0,0.0,1.0,8.779999732971191,9.920000076293944
2023-10-09,RIOT,yfinance,9.510000228881836,10.210000038146973,9.510000228881836,10.170000076293944,10.170000076293944,16244800,0.0,0.0,1.0,9.510000228881836,10.170000076293944
2023-10-10,RIOT,yfinance,10.130000114440918,10.59000015258789,9.960000038146973,10.15999984741211,10.15999984741211,16776900,0.0,0.0,1.0,10.130000114440918,10.15999984741211
2023-10-11,RIOT,yfinance,9.960000038146973,10.079999923706056,9.140000343322754,9.404999732971191,9.404999732971191,16483300,0.0,0.0,1.0,9.960000038146973,9.404999732971191
2023-10-12,RIOT,yfinance,9.31999969482422,9.479999542236328,9.112000465393066,9.199999809265137,9.199999809265137,8765900,0.0,0.0,1.0,9.31999969482422,9.199999809265137
2023-10-13,RIOT,yfinance,9.25,9.279999732971191,8.960000038146973,9.149999618530272,9.149999618530272,10907600,0.0,0.0,1.0,9.25,9.149999618530272
2023-10-16,RIOT,yfinance,10.020000457763672,10.470000267028809,9.100000381469728,9.420000076293944,9.420000076293944,36847900,0.0,0.0,1.0,10.020000457763672,9.420000076293944
2023-10-17,RIOT,yfinance,9.25,9.9350004196167,9.119999885559082,9.670000076293944,9.670000076293944,18436800,0.0,0.0,1.0,9.25,9.670000076293944
2023-10-18,RIOT,yfinance,9.56999969482422,9.675000190734863,8.699999809265137,8.84000015258789,8.84000015258789,20475400,0.0,0.0,1.0,9.56999969482422,8.84000015258789
2023-10-19,RIOT,yfinance,8.960000038146973,9.1899995803833,8.680000305175781,8.819999694824219,8.819999694824219,16767600,0.0,0.0,1.0,8.960000038146973,8.819999694824219
2023-10-20,RIOT,yfinance,9.100000381469728,9.399999618530272,8.819999694824219,8.869999885559082,8.869999885559082,20312900,0.0,0.0,1.0,9.100000381469728,8.869999885559082
2023-10-23,RIOT,yfinance,9.119999885559082,10.038999557495115,8.975000381469727,9.670000076293944,9.670000076293944,38368300,0.0,0.0,1.0,9.119999885559082,9.670000076293944
2023-10-24,RIOT,yfinance,10.8100004196167,11.369999885559082,10.300000190734863,10.670000076293944,10.670000076293944,51057500,0.0,0.0,1.0,10.8100004196167,10.670000076293944
2023-10-25,RIOT,yfinance,10.880000114440918,11.279999732971191,10.460000038146973,10.5600004196167,10.5600004196167,37323800,0.0,0.0,1.0,10.880000114440918,10.5600004196167
2023-10-26,RIOT,yfinance,10.25,10.461000442504885,9.460000038146973,9.789999961853027,9.789999961853027,24072400,0.0,0.0,1.0,10.25,9.789999961853027
2023-10-27,RIOT,yfinance,10.020000457763672,10.18000030517578,9.460000038146973,9.539999961853027,9.539999961853027,16637300,0.0,0.0,1.0,10.020000457763672,9.539999961853027
2023-10-30,RIOT,yfinance,9.920000076293944,10.279999732971191,9.380000114440918,9.609999656677246,9.609999656677246,18914900,0.0,0.0,1.0,9.920000076293944,9.609999656677246
2023-10-31,RIOT,yfinance,9.56999969482422,9.850000381469728,9.270000457763672,9.779999732971191,9.779999732971191,14947700,0.0,0.0,1.0,9.56999969482422,9.779999732971191
2023-11-01,RIOT,yfinance,10.0,10.28499984741211,9.65999984741211,10.210000038146973,10.210000038146973,24654600,0.0,0.0,1.0,10.0,10.210000038146973
2023-11-02,RIOT,yfinance,10.550000190734863,11.3100004196167,10.380000114440918,11.300000190734863,11.300000190734863,28604100,0.0,0.0,1.0,10.550000190734863,11.300000190734863
2023-11-03,RIOT,yfinance,11.020000457763672,11.59000015258789,10.880000114440918,11.390000343322754,11.390000343322754,27466900,0.0,0.0,1.0,11.020000457763672,11.390000343322754
2023-11-06,RIOT,yfinance,11.630000114440918,11.949999809265137,10.71500015258789,11.010000228881836,11.010000228881836,21872300,0.0,0.0,1.0,11.630000114440918,11.010000228881836
2023-11-07,RIOT,yfinance,10.90999984741211,11.170000076293944,10.43000030517578,11.06999969482422,11.06999969482422,20864900,0.0,0.0,1.0,10.90999984741211,11.06999969482422
2023-11-08,RIOT,yfinance,10.800000190734863,10.826000213623049,10.0600004196167,10.279999732971191,10.279999732971191,22190800,0.0,0.0,1.0,10.800000190734863,10.279999732971191
2023-11-09,RIOT,yfinance,11.100000381469728,12.079999923706056,10.125,10.210000038146973,10.210000038146973,53622500,0.0,0.0,1.0,11.100000381469728,10.210000038146973
2023-11-10,RIOT,yfinance,10.31999969482422,10.489999771118164,9.699999809265137,10.359999656677246,10.359999656677246,25662200,0.0,0.0,1.0,10.31999969482422,10.359999656677246
2023-11-13,RIOT,yfinance,10.119999885559082,10.140000343322754,9.53499984741211,9.789999961853027,9.789999961853027,18073300,0.0,0.0,1.0,10.119999885559082,9.789999961853027
2023-11-14,RIOT,yfinance,10.0,10.220000267028809,9.329999923706056,9.729999542236328,9.729999542236328,22081300,0.0,0.0,1.0,10.0,9.729999542236328
2023-11-15,RIOT,yfinance,9.890000343322754,10.835000038146973,9.6899995803833,10.68000030517578,10.68000030517578,31966600,0.0,0.0,1.0,9.890000343322754,10.68000030517578
2023-11-16,RIOT,yfinance,10.199999809265137,10.279999732971191,9.729999542236328,10.15999984741211,10.15999984741211,20282700,0.0,0.0,1.0,10.199999809265137,10.15999984741211
2023-11-17,RIOT,yfinance,10.239999771118164,10.524999618530272,9.890000343322754,10.479999542236328,10.479999542236328,16492500,0.0,0.0,1.0,10.239999771118164,10.479999542236328
2023-11-20,RIOT,yfinance,10.59000015258789,11.539999961853027,10.59000015258789,11.31999969482422,11.31999969482422,25617600,0.0,0.0,1.0,10.59000015258789,11.31999969482422
2023-11-21,RIOT,yfinance,11.010000228881836,11.380000114440918,10.717000007629396,11.170000076293944,11.170000076293944,19169700,0.0,0.0,1.0,11.010000228881836,11.170000076293944
2023-11-22,RIOT,yfinance,11.277999877929688,11.645000457763672,10.670000076293944,11.600000381469728,11.600000381469728,20774500,0.0,0.0,1.0,11.277999877929688,11.600000381469728
2023-11-24,RIOT,yfinance,11.649999618530272,12.260000228881836,11.41800022125244,12.020000457763672,12.020000457763672,18308800,0.0,0.0,1.0,11.649999618530272,12.020000457763672
2023-11-27,RIOT,yfinance,11.5,12.149999618530272,11.369999885559082,11.81999969482422,11.81999969482422,18481200,0.0,0.0,1.0,11.5,11.81999969482422
2023-11-28,RIOT,yfinance,12.140000343322754,12.90999984741211,11.800000190734863,12.859999656677246,12.859999656677246,33551000,0.0,0.0,1.0,12.140000343322754,12.859999656677246
2023-11-29,RIOT,yfinance,12.880000114440918,13.289999961853027,12.649999618530272,13.0,13.0,25277500,0.0,0.0,1.0,12.880000114440918,13.0
2023-11-30,RIOT,yfinance,13.029999732971191,13.140000343322754,12.510000228881836,12.550000190734863,12.550000190734863,16717000,0.0,0.0,1.0,13.029999732971191,12.550000190734863
2023-12-01,RIOT,yfinance,12.75,13.81999969482422,12.710000038146973,13.770000457763672,13.770000457763672,32026700,0.0,0.0,1.0,12.75,13.770000457763672
2023-12-04,RIOT,yfinance,15.149999618530272,15.6899995803833,14.364999771118164,15.0,15.0,45641100,0.0,0.0,1.0,15.149999618530272,15.0
2023-12-05,RIOT,yfinance,15.010000228881836,16.020000457763672,14.850000381469728,15.140000343322754,15.140000343322754,46782600,0.0,0.0,1.0,15.010000228881836,15.140000343322754
2023-12-06,RIOT,yfinance,15.399999618530272,15.470000267028809,14.6899995803833,14.760000228881836,14.760000228881836,34912400,0.0,0.0,1.0,15.399999618530272,14.760000228881836
2023-12-07,RIOT,yfinance,14.270000457763672,15.140000343322754,14.119999885559082,14.880000114440918,14.880000114440918,22045600,0.0,0.0,1.0,14.270000457763672,14.880000114440918
2023-12-08,RIOT,yfinance,15.09000015258789,15.970000267028809,15.039999961853027,15.829999923706056,15.829999923706056,31412700,0.0,0.0,1.0,15.09000015258789,15.829999923706056
2023-12-11,RIOT,yfinance,14.84000015258789,14.859999656677246,13.529999732971191,14.020000457763672,14.020000457763672,31166900,0.0,0.0,1.0,14.84000015258789,14.020000457763672
2023-12-12,RIOT,yfinance,14.1899995803833,14.279999732971191,13.800000190734863,14.0649995803833,14.0649995803833,16558600,0.0,0.0,1.0,14.1899995803833,14.0649995803833
2023-12-13,RIOT,yfinance,14.0,15.25,13.739999771118164,15.239999771118164,15.239999771118164,33196900,0.0,0.0,1.0,14.0,15.239999771118164
2023-12-14,RIOT,yfinance,15.199999809265137,15.84000015258789,14.899999618530272,15.75,15.75,30588000,0.0,0.0,1.0,15.199999809265137,15.75
2023-12-15,RIOT,yfinance,15.449999809265137,15.779000282287598,15.0600004196167,15.630000114440918,15.630000114440918,26005500,0.0,0.0,1.0,15.449999809265137,15.630000114440918
2023-12-18,RIOT,yfinance,15.170000076293944,16.43000030517578,15.15999984741211,16.399999618530273,16.399999618530273,33815600,0.0,0.0,1.0,15.170000076293944,16.399999618530273
2023-12-19,RIOT,yfinance,17.030000686645508,17.670000076293945,16.149999618530273,16.68000030517578,16.68000030517578,43752200,0.0,0.0,1.0,17.030000686645508,16.68000030517578
2023-12-20,RIOT,yfinance,17.540000915527344,17.959999084472656,16.399999618530273,16.450000762939453,16.450000762939453,45023500,0.0,0.0,1.0,17.540000915527344,16.450000762939453
2023-12-21,RIOT,yfinance,16.950000762939453,16.969999313354492,16.270000457763672,16.75,16.75,30398700,0.0,0.0,1.0,16.950000762939453,16.75
2023-12-22,RIOT,yfinance,16.75,18.38999938964844,16.520000457763672,17.780000686645508,17.780000686645508,45554800,0.0,0.0,1.0,16.75,17.780000686645508
2023-12-26,RIOT,yfinance,17.43000030517578,17.540000915527344,16.860000610351562,17.350000381469727,17.350000381469727,30645300,0.0,0.0,1.0,17.43000030517578,17.350000381469727
2023-12-27,RIOT,yfinance,17.899999618530273,18.75,17.6299991607666,18.6200008392334,18.6200008392334,43092600,0.0,0.0,1.0,17.899999618530273,18.6200008392334
2023-12-28,RIOT,yfinance,18.209999084472656,18.3700008392334,17.34000015258789,17.600000381469727,17.600000381469727,45018800,0.0,0.0,1.0,18.209999084472656,17.600000381469727
2023-12-29,RIOT,yfinance,17.8700008392334,18.184999465942383,15.029999732971191,15.470000267028809,15.470000267028809,58700400,0.0,0.0,1.0,17.8700008392334,15.470000267028809
2024-01-02,RIOT,yfinance,17.06999969482422,17.110000610351562,15.3100004196167,15.40999984741211,15.40999984741211,35508200,0.0,0.0,1.0,17.06999969482422,15.40999984741211
2024-01-03,RIOT,yfinance,13.989999771118164,15.229999542236328,13.75,15.039999961853027,15.039999961853027,29189700,0.0,0.0,1.0,13.989999771118164,15.039999961853027
2024-01-04,RIOT,yfinance,15.3100004196167,16.079999923706055,14.949999809265137,15.859999656677246,15.859999656677246,26736700,0.0,0.0,1.0,15.3100004196167,15.859999656677246
2024-01-05,RIOT,yfinance,15.539999961853027,15.5649995803833,14.366999626159668,14.829999923706056,14.829999923706056,26205200,0.0,0.0,1.0,15.539999961853027,14.829999923706056
2024-01-08,RIOT,yfinance,15.079999923706056,16.200000762939453,14.229999542236328,16.010000228881836,16.010000228881836,40667000,0.0,0.0,1.0,15.079999923706056,16.010000228881836
2024-01-09,RIOT,yfinance,15.899999618530272,16.170000076293945,15.520000457763672,15.739999771118164,15.739999771118164,22881600,0.0,0.0,1.0,15.899999618530272,15.739999771118164
2024-01-10,RIOT,yfinance,15.199999809265137,16.309999465942383,14.770000457763672,15.550000190734863,15.550000190734863,40743800,0.0,0.0,1.0,15.199999809265137,15.550000190734863
2024-01-11,RIOT,yfinance,16.639999389648438,17.020000457763672,12.829999923706056,13.09000015258789,13.09000015258789,71584500,0.0,0.0,1.0,16.639999389648438,13.09000015258789
2024-01-12,RIOT,yfinance,12.755000114440918,12.755000114440918,11.720000267028809,11.729999542236328,11.729999542236328,44452800,0.0,0.0,1.0,12.755000114440918,11.729999542236328
2024-01-16,RIOT,yfinance,11.505000114440918,11.850000381469728,10.920000076293944,11.289999961853027,11.289999961853027,27395500,0.0,0.0,1.0,11.505000114440918,11.289999961853027
2024-01-17,RIOT,yfinance,11.0,11.130000114440918,10.649999618530272,10.869999885559082,10.869999885559082,22798500,0.0,0.0,1.0,11.0,10.869999885559082
2024-01-18,RIOT,yfinance,10.90999984741211,11.170000076293944,10.229999542236328,10.329999923706056,10.329999923706056,27512200,0.0,0.0,1.0,10.90999984741211,10.329999923706056
2024-01-19,RIOT,yfinance,10.329999923706056,10.390000343322754,9.635000228881836,10.289999961853027,10.289999961853027,31708400,0.0,0.0,1.0,10.329999923706056,10.289999961853027
2024-01-22,RIOT,yfinance,10.029999732971191,11.05500030517578,9.84000015258789,10.600000381469728,10.600000381469728,27717400,0.0,0.0,1.0,10.029999732971191,10.600000381469728
2024-01-23,RIOT,yfinance,10.239999771118164,10.59000015258789,9.93000030517578,10.380000114440918,10.380000114440918,19428300,0.0,0.0,1.0,10.239999771118164,10.380000114440918
2024-01-24,RIOT,yfinance,10.630000114440918,10.920000076293944,10.0,10.06999969482422,10.06999969482422,21642500,0.0,0.0,1.0,10.630000114440918,10.06999969482422
2024-01-25,RIOT,yfinance,10.154999732971191,10.649999618530272,9.989999771118164,10.630000114440918,10.630000114440918,19017500,0.0,0.0,1.0,10.154999732971191,10.630000114440918
2024-01-26,RIOT,yfinance,11.239999771118164,11.5600004196167,10.899999618530272,11.350000381469728,11.350000381469728,25001900,0.0,0.0,1.0,11.239999771118164,11.350000381469728
2024-01-29,RIOT,yfinance,11.40999984741211,12.130000114440918,11.229999542236328,11.550000190734863,11.550000190734863,31102800,0.0,0.0,1.0,11.40999984741211,11.550000190734863
2024-01-30,RIOT,yfinance,11.550000190734863,11.729999542236328,11.1899995803833,11.34000015258789,11.34000015258789,16150900,0.0,0.0,1.0,11.550000190734863,11.34000015258789
2024-01-31,RIOT,yfinance,11.0600004196167,11.595000267028809,10.869999885559082,10.899999618530272,10.899999618530272,17685000,0.0,0.0,1.0,11.0600004196167,10.899999618530272
2024-02-01,RIOT,yfinance,10.899999618530272,11.4399995803833,10.5600004196167,11.300000190734863,11.300000190734863,18566200,0.0,0.0,1.0,10.899999618530272,11.300000190734863
2024-02-02,RIOT,yfinance,11.0,11.399999618530272,10.920000076293944,11.210000038146973,11.210000038146973,13330900,0.0,0.0,1.0,11.0,11.210000038146973
2024-02-05,RIOT,yfinance,11.210000038146973,11.31999969482422,10.329999923706056,10.34000015258789,10.34000015258789,16253200,0.0,0.0,1.0,11.210000038146973,10.34000015258789
2024-02-06,RIOT,yfinance,10.428000450134276,10.850000381469728,10.253999710083008,10.8100004196167,10.8100004196167,11288800,0.0,0.0,1.0,10.428000450134276,10.8100004196167
2024-02-07,RIOT,yfinance,10.739999771118164,11.399999618530272,10.4350004196167,11.31999969482422,11.31999969482422,14750900,0.0,0.0,1.0,10.739999771118164,11.31999969482422
2024-02-08,RIOT,yfinance,11.81999969482422,13.0649995803833,11.729999542236328,13.050000190734863,13.050000190734863,31593200,0.0,0.0,1.0,11.81999969482422,13.050000190734863
2024-02-09,RIOT,yfinance,14.0,14.789999961853027,13.5600004196167,14.550000190734863,14.550000190734863,43578000,0.0,0.0,1.0,14.0,14.550000190734863
2024-02-12,RIOT,yfinance,14.579999923706056,16.350000381469727,14.550000190734863,15.920000076293944,15.920000076293944,41246800,0.0,0.0,1.0,14.579999923706056,15.920000076293944
2024-02-13,RIOT,yfinance,14.460000038146973,15.84000015258789,14.100000381469728,15.4399995803833,15.4399995803833,26101000,0.0,0.0,1.0,14.460000038146973,15.4399995803833
2024-02-14,RIOT,yfinance,16.989999771118164,17.6200008392334,16.549999237060547,17.6200008392334,17.6200008392334,34163800,0.0,0.0,1.0,16.989999771118164,17.6200008392334
2024-02-15,RIOT,yfinance,17.899999618530273,18.239999771118164,16.139999389648438,16.530000686645508,16.530000686645508,37285200,0.0,0.0,1.0,17.899999618530273,16.530000686645508
2024-02-16,RIOT,yfinance,16.649999618530273,17.06999969482422,15.920000076293944,16.450000762939453,16.450000762939453,21607100,0.0,0.0,1.0,16.649999618530273,16.450000762939453
2024-02-20,RIOT,yfinance,16.540000915527344,16.690000534057617,15.1850004196167,16.040000915527344,16.040000915527344,21082600,0.0,0.0,1.0,16.540000915527344,16.040000915527344
2024-02-21,RIOT,yfinance,15.15999984741211,15.848999977111816,15.06999969482422,15.100000381469728,15.100000381469728,13720900,0.0,0.0,1.0,15.15999984741211,15.100000381469728
2024-02-22,RIOT,yfinance,15.199999809265137,15.890000343322754,14.93000030517578,15.729999542236328,15.729999542236328,16953900,0.0,0.0,1.0,15.199999809265137,15.729999542236328
2024-02-23,RIOT,yfinance,15.140000343322754,15.3100004196167,14.329999923706056,14.850000381469728,14.850000381469728,18732400,0.0,0.0,1.0,15.140000343322754,14.850000381469728
2024-02-26,RIOT,yfinance,14.899999618530272,17.450000762939453,14.890000343322754,17.3700008392334,17.3700008392334,39162500,0.0,0.0,1.0,14.899999618530272,17.3700008392334
2024-02-27,RIOT,yfinance,18.100000381469727,18.36000061035156,16.219999313354492,16.799999237060547,16.799999237060547,43619600,0.0,0.0,1.0,18.100000381469727,16.799999237060547
2024-02-28,RIOT,yfinance,17.440000534057617,17.59000015258789,15.229999542236328,15.649999618530272,15.649999618530272,60473200,0.0,0.0,1.0,17.440000534057617,15.649999618530272
2024-02-29,RIOT,yfinance,15.68000030517578,15.824999809265137,13.710000038146973,14.119999885559082,14.119999885559082,39477700,0.0,0.0,1.0,15.68000030517578,14.119999885559082
2024-03-01,RIOT,yfinance,14.289999961853027,14.470000267028809,13.479999542236328,14.4399995803833,14.4399995803833,22850900,0.0,0.0,1.0,14.289999961853027,14.4399995803833
2024-03-04,RIOT,yfinance,14.829999923706056,14.989999771118164,13.125,13.479999542236328,13.479999542236328,38864500,0.0,0.0,1.0,14.829999923706056,13.479999542236328
2024-03-05,RIOT,yfinance,12.970000267028809,13.529999732971191,11.9399995803833,12.25,12.25,33797600,0.0,0.0,1.0,12.970000267028809,12.25
2024-03-06,RIOT,yfinance,12.960000038146973,13.020000457763672,11.989999771118164,12.119999885559082,12.119999885559082,26071900,0.0,0.0,1.0,12.960000038146973,12.119999885559082
2024-03-07,RIOT,yfinance,12.039999961853027,12.359999656677246,11.75,11.970000267028809,11.970000267028809,21504500,0.0,0.0,1.0,12.039999961853027,11.970000267028809
2024-03-08,RIOT,yfinance,12.029999732971191,13.196999549865724,12.015000343322754,12.350000381469728,12.350000381469728,28611900,0.0,0.0,1.0,12.029999732971191,12.350000381469728
2024-03-11,RIOT,yfinance,12.829999923706056,12.899999618530272,11.729999542236328,11.779999732971191,11.779999732971191,26591100,0.0,0.0,1.0,12.829999923706056,11.779999732971191
2024-03-12,RIOT,yfinance,11.850000381469728,11.90999984741211,11.295000076293944,11.619999885559082,11.619999885559082,20966500,0.0,0.0,1.0,11.850000381469728,11.619999885559082
2024-03-13,RIOT,yfinance,11.670000076293944,12.19499969482422,11.640000343322754,11.729999542236328,11.729999542236328,19500900,0.0,0.0,1.0,11.670000076293944,11.729999542236328
2024-03-14,RIOT,yfinance,11.5,11.529999732971191,10.600000381469728,10.93000030517578,10.93000030517578,21896100,0.0,0.0,1.0,11.5,10.93000030517578
2024-03-15,RIOT,yfinance,10.739999771118164,11.829999923706056,10.65999984741211,11.600000381469728,11.600000381469728,26319000,0.0,0.0,1.0,10.739999771118164,11.600000381469728
2024-03-18,RIOT,yfinance,11.449999809265137,11.84000015258789,11.06999969482422,11.43000030517578,11.43000030517578,16502000,0.0,0.0,1.0,11.449999809265137,11.43000030517578
2024-03-19,RIOT,yfinance,10.989999771118164,11.279999732971191,10.489999771118164,11.09000015258789,11.09000015258789,17173600,0.0,0.0,1.0,10.989999771118164,11.09000015258789
2024-03-20,RIOT,yfinance,11.75,12.43000030517578,11.199999809265137,12.399999618530272,12.399999618530272,28659500,0.0,0.0,1.0,11.75,12.399999618530272
2024-03-21,RIOT,yfinance,12.425000190734863,12.619999885559082,11.93000030517578,11.979999542236328,11.979999542236328,21698200,0.0,0.0,1.0,12.425000190734863,11.979999542236328
2024-03-22,RIOT,yfinance,11.744999885559082,11.8100004196167,11.329999923706056,11.399999618530272,11.399999618530272,15608800,0.0,0.0,1.0,11.744999885559082,11.399999618530272
2024-03-25,RIOT,yfinance,11.600000381469728,12.550000190734863,11.59000015258789,12.4399995803833,12.4399995803833,25910300,0.0,0.0,1.0,11.600000381469728,12.4399995803833
2024-03-26,RIOT,yfinance,12.460000038146973,12.579999923706056,11.949999809265137,12.050000190734863,12.050000190734863,18325200,0.0,0.0,1.0,12.460000038146973,12.050000190734863
2024-03-27,RIOT,yfinance,12.350000381469728,12.489999771118164,11.710000038146973,12.239999771118164,12.239999771118164,18676600,0.0,0.0,1.0,12.350000381469728,12.239999771118164
2024-03-28,RIOT,yfinance,12.40999984741211,13.119999885559082,12.144000053405762,12.239999771118164,12.239999771118164,27988300,0.0,0.0,1.0,12.40999984741211,12.239999771118164
2024-04-01,RIOT,yfinance,12.050000190734863,12.279999732971191,11.350000381469728,11.470000267028809,11.470000267028809,18326800,0.0,0.0,1.0,12.050000190734863,11.470000267028809
2024-04-02,RIOT,yfinance,10.899999618530272,10.920000076293944,10.479999542236328,10.609999656677246,10.609999656677246,19962400,0.0,0.0,1.0,10.899999618530272,10.609999656677246
2024-04-03,RIOT,yfinance,10.619999885559082,10.744999885559082,10.260000228881836,10.289999961853027,10.289999961853027,19594900,0.0,0.0,1.0,10.619999885559082,10.289999961853027
2024-04-04,RIOT,yfinance,10.600000381469728,10.81999969482422,10.100000381469728,10.1899995803833,10.1899995803833,21857700,0.0,0.0,1.0,10.600000381469728,10.1899995803833
2024-04-05,RIOT,yfinance,10.0,10.460000038146973,9.890000343322754,10.199999809265137,10.199999809265137,17417400,0.0,0.0,1.0,10.0,10.199999809265137
2024-04-08,RIOT,yfinance,10.630000114440918,10.760000228881836,9.859999656677246,10.050000190734863,10.050000190734863,20794200,0.0,0.0,1.0,10.630000114440918,10.050000190734863
2024-04-09,RIOT,yfinance,9.949999809265137,10.234999656677246,9.8100004196167,10.0,10.0,14698300,0.0,0.0,1.0,9.949999809265137,10.0
2024-04-10,RIOT,yfinance,9.710000038146973,10.109999656677246,9.609999656677246,9.869999885559082,9.869999885559082,15495100,0.0,0.0,1.0,9.710000038146973,9.869999885559082
2024-04-11,RIOT,yfinance,9.800000190734863,9.914999961853027,9.645000457763672,9.75,9.75,16384200,0.0,0.0,1.0,9.800000190734863,9.75
2024-04-12,RIOT,yfinance,9.68000030517578,9.6899995803833,8.970000267028809,9.100000381469728,9.100000381469728,17080700,0.0,0.0,1.0,9.68000030517578,9.100000381469728
2024-04-15,RIOT,yfinance,9.010000228881836,9.21500015258789,8.5,8.569999694824219,8.569999694824219,17777600,0.0,0.0,1.0,9.010000228881836,8.569999694824219
2024-04-16,RIOT,yfinance,8.390000343322754,8.40999984741211,7.889999866485596,8.0600004196167,8.0600004196167,21282700,0.0,0.0,1.0,8.390000343322754,8.0600004196167
2024-04-17,RIOT,yfinance,8.119999885559082,8.380000114440918,7.940000057220459,7.96999979019165,7.96999979019165,17229400,0.0,0.0,1.0,8.119999885559082,7.96999979019165
2024-04-18,RIOT,yfinance,7.909999847412109,8.420000076293945,7.800000190734863,8.289999961853027,8.289999961853027,17397300,0.0,0.0,1.0,7.909999847412109,8.289999961853027
2024-04-19,RIOT,yfinance,8.550000190734863,9.149999618530272,8.479999542236328,9.130000114440918,9.130000114440918,25743400,0.0,0.0,1.0,8.550000190734863,9.130000114440918
2024-04-22,RIOT,yfinance,9.75,11.270000457763672,9.581000328063965,11.239999771118164,11.239999771118164,57543000,0.0,0.0,1.0,9.75,11.239999771118164
2024-04-23,RIOT,yfinance,11.109999656677246,12.170000076293944,11.039999961853027,11.850000381469728,11.850000381469728,49371600,0.0,0.0,1.0,11.109999656677246,11.850000381469728
2024-04-24,RIOT,yfinance,11.800000190734863,12.649999618530272,11.710000038146973,11.880000114440918,11.880000114440918,49637500,0.0,0.0,1.0,11.800000190734863,11.880000114440918
2024-04-25,RIOT,yfinance,11.149999618530272,12.130000114440918,10.880000114440918,12.109999656677246,12.109999656677246,38061700,0.0,0.0,1.0,11.149999618530272,12.109999656677246
2024-04-26,RIOT,yfinance,11.949999809265137,12.4399995803833,11.8100004196167,11.93000030517578,11.93000030517578,23771800,0.0,0.0,1.0,11.949999809265137,11.93000030517578
2024-04-29,RIOT,yfinance,11.321999549865724,11.630000114440918,10.970000267028809,11.079999923706056,11.079999923706056,23723800,0.0,0.0,1.0,11.321999549865724,11.079999923706056
2024-04-30,RIOT,yfinance,10.649999618530272,10.899999618530272,10.0,10.109999656677246,10.109999656677246,33121300,0.0,0.0,1.0,10.649999618530272,10.109999656677246
2024-05-01,RIOT,yfinance,9.850000381469728,10.619999885559082,9.649999618530272,9.81999969482422,9.81999969482422,28804500,0.0,0.0,1.0,9.850000381469728,9.81999969482422
2024-05-02,RIOT,yfinance,10.220000267028809,10.4399995803833,9.8100004196167,10.300000190734863,10.300000190734863,22138600,0.0,0.0,1.0,10.220000267028809,10.300000190734863
2024-05-03,RIOT,yfinance,10.649999618530272,11.09000015258789,10.279999732971191,10.420000076293944,10.420000076293944,22794900,0.0,0.0,1.0,10.649999618530272,10.420000076293944
2024-05-06,RIOT,yfinance,10.630000114440918,11.170000076293944,10.59000015258789,10.770000457763672,10.770000457763672,28400000,0.0,0.0,1.0,10.630000114440918,10.770000457763672
2024-05-07,RIOT,yfinance,10.619999885559082,10.640000343322754,10.010000228881836,10.170000076293944,10.170000076293944,17144400,0.0,0.0,1.0,10.619999885559082,10.170000076293944
2024-05-08,RIOT,yfinance,9.94200038909912,10.359999656677246,9.774999618530272,10.350000381469728,10.350000381469728,15022900,0.0,0.0,1.0,9.94200038909912,10.350000381469728
2024-05-09,RIOT,yfinance,10.140000343322754,10.460000038146973,10.100000381469728,10.279999732971191,10.279999732971191,11683900,0.0,0.0,1.0,10.140000343322754,10.279999732971191
2024-05-10,RIOT,yfinance,10.300000190734863,10.359999656677246,9.1899995803833,9.199999809265137,9.199999809265137,22421300,0.0,0.0,1.0,10.300000190734863,9.199999809265137
2024-05-13,RIOT,yfinance,9.510000228881836,9.770000457763672,9.399999618530272,9.5,9.5,12079800,0.0,0.0,1.0,9.510000228881836,9.5
2024-05-14,RIOT,yfinance,9.3100004196167,9.866999626159668,9.239999771118164,9.779999732971191,9.779999732971191,13969800,0.0,0.0,1.0,9.3100004196167,9.779999732971191
2024-05-15,RIOT,yfinance,10.149999618530272,10.399999618530272,9.755000114440918,10.380000114440918,10.380000114440918,18179800,0.0,0.0,1.0,10.149999618530272,10.380000114440918
2024-05-16,RIOT,yfinance,10.18000030517578,10.40999984741211,9.93000030517578,10.0,10.0,12932700,0.0,0.0,1.0,10.18000030517578,10.0
2024-05-17,RIOT,yfinance,10.199999809265137,10.630000114440918,9.949999809265137,10.0600004196167,10.0600004196167,16089400,0.0,0.0,1.0,10.199999809265137,10.0600004196167
2024-05-20,RIOT,yfinance,10.170000076293944,11.029999732971191,9.885000228881836,10.960000038146973,10.960000038146973,24445900,0.0,0.0,1.0,10.170000076293944,10.960000038146973
2024-05-21,RIOT,yfinance,11.010000228881836,11.289999961853027,10.524999618530272,10.609999656677246,10.609999656677246,21370800,0.0,0.0,1.0,11.010000228881836,10.609999656677246
2024-05-22,RIOT,yfinance,10.600000381469728,11.34000015258789,10.550000190734863,10.789999961853027,10.789999961853027,20288100,0.0,0.0,1.0,10.600000381469728,10.789999961853027
2024-05-23,RIOT,yfinance,10.9399995803833,10.979999542236328,9.93000030517578,9.970000267028809,9.970000267028809,18215900,0.0,0.0,1.0,10.9399995803833,9.970000267028809
2024-05-24,RIOT,yfinance,10.079999923706056,10.618000030517578,9.961999893188477,10.369999885559082,10.369999885559082,14857400,0.0,0.0,1.0,10.079999923706056,10.369999885559082
2024-05-28,RIOT,yfinance,10.420000076293944,10.880000114440918,10.210000038146973,10.34000015258789,10.34000015258789,20147300,0.0,0.0,1.0,10.420000076293944,10.34000015258789
2024-05-29,RIOT,yfinance,10.265000343322754,10.43000030517578,9.984000205993652,10.0,10.0,14135000,0.0,0.0,1.0,10.265000343322754,10.0
2024-05-30,RIOT,yfinance,10.100000381469728,10.670000076293944,9.970000267028809,10.050000190734863,10.050000190734863,23375000,0.0,0.0,1.0,10.100000381469728,10.050000190734863
2024-05-31,RIOT,yfinance,10.239999771118164,10.289999961853027,9.515000343322754,9.739999771118164,9.739999771118164,24296400,0.0,0.0,1.0,10.239999771118164,9.739999771118164
2024-06-03,RIOT,yfinance,10.029999732971191,10.229999542236328,9.5600004196167,9.649999618530272,9.649999618530272,19602300,0.0,0.0,1.0,10.029999732971191,9.649999618530272
2024-06-04,RIOT,yfinance,9.670000076293944,10.170000076293944,9.520000457763672,9.670000076293944,9.670000076293944,26245200,0.0,0.0,1.0,9.670000076293944,9.670000076293944
2024-06-05,RIOT,yfinance,9.8100004196167,9.859999656677246,8.8100004196167,9.649999618530272,9.649999618530272,41068500,0.0,0.0,1.0,9.8100004196167,9.649999618530272
2024-06-06,RIOT,yfinance,9.449999809265137,10.390000343322754,9.4399995803833,10.15999984741211,10.15999984741211,34641900,0.0,0.0,1.0,9.449999809265137,10.15999984741211
2024-06-07,RIOT,yfinance,10.170000076293944,10.510000228881836,9.710000038146973,9.720000267028809,9.720000267028809,21534300,0.0,0.0,1.0,10.170000076293944,9.720000267028809
2024-06-10,RIOT,yfinance,9.65999984741211,10.010000228881836,9.470000267028809,9.895000457763672,9.895000457763672,15832000,0.0,0.0,1.0,9.65999984741211,9.895000457763672
2024-06-11,RIOT,yfinance,9.649999618530272,10.020000457763672,9.045000076293944,9.989999771118164,9.989999771118164,24437000,0.0,0.0,1.0,9.649999618530272,9.989999771118164
2024-06-12,RIOT,yfinance,10.359999656677246,10.989999771118164,10.19499969482422,10.640000343322754,10.640000343322754,30289800,0.0,0.0,1.0,10.359999656677246,10.640000343322754
2024-06-13,RIOT,yfinance,10.609999656677246,11.210000038146973,10.470000267028809,10.979999542236328,10.979999542236328,20246700,0.0,0.0,1.0,10.609999656677246,10.979999542236328
2024-06-14,RIOT,yfinance,10.949999809265137,11.020000457763672,10.265000343322754,10.529999732971191,10.529999732971191,16812100,0.0,0.0,1.0,10.949999809265137,10.529999732971191
2024-06-17,RIOT,yfinance,10.40999984741211,11.020000457763672,10.18000030517578,10.90999984741211,10.90999984741211,18687500,0.0,0.0,1.0,10.40999984741211,10.90999984741211
2024-06-18,RIOT,yfinance,10.489999771118164,10.869999885559082,10.399999618530272,10.65999984741211,10.65999984741211,17176700,0.0,0.0,1.0,10.489999771118164,10.65999984741211
2024-06-20,RIOT,yfinance,10.989999771118164,11.15999984741211,10.329999923706056,10.420000076293944,10.420000076293944,26189900,0.0,0.0,1.0,10.989999771118164,10.420000076293944
2024-06-21,RIOT,yfinance,10.09000015258789,10.130000114440918,9.460000038146973,9.550000190734863,9.550000190734863,32273100,0.0,0.0,1.0,10.09000015258789,9.550000190734863
2024-06-24,RIOT,yfinance,9.199999809265137,9.59000015258789,8.960000038146973,9.210000038146973,9.210000038146973,21871500,0.0,0.0,1.0,9.199999809265137,9.210000038146973
2024-06-25,RIOT,yfinance,9.380000114440918,9.600000381469728,9.140000343322754,9.199999809265137,9.199999809265137,20106000,0.0,0.0,1.0,9.380000114440918,9.199999809265137
2024-06-26,RIOT,yfinance,9.130000114440918,9.510000228881836,9.010000228881836,9.029999732971191,9.029999732971191,20045600,0.0,0.0,1.0,9.130000114440918,9.029999732971191
2024-06-27,RIOT,yfinance,9.229999542236328,9.380000114440918,9.029999732971191,9.119999885559082,9.119999885559082,14652600,0.0,0.0,1.0,9.229999542236328,9.119999885559082
2024-06-28,RIOT,yfinance,9.170000076293944,9.199999809265137,8.960000038146973,9.140000343322754,9.140000343322754,31572000,0.0,0.0,1.0,9.170000076293944,9.140000343322754
2024-07-01,RIOT,yfinance,9.359999656677246,10.039999961853027,9.359999656677246,9.949999809265137,9.949999809265137,29211300,0.0,0.0,1.0,9.359999656677246,9.949999809265137
2024-07-02,RIOT,yfinance,9.90999984741211,9.989999771118164,9.68000030517578,9.720000267028809,9.720000267028809,16261400,0.0,0.0,1.0,9.90999984741211,9.720000267028809
2024-07-03,RIOT,yfinance,9.392000198364258,9.699999809265137,9.350000381469728,9.56999969482422,9.56999969482422,10714900,0.0,0.0,1.0,9.392000198364258,9.56999969482422
2024-07-05,RIOT,yfinance,9.15999984741211,9.640000343322754,9.039999961853027,9.640000343322754,9.640000343322754,19688800,0.0,0.0,1.0,9.15999984741211,9.640000343322754
2024-07-08,RIOT,yfinance,9.779999732971191,10.050000190734863,9.300000190734863,9.399999618530272,9.399999618530272,20760800,0.0,0.0,1.0,9.779999732971191,9.399999618530272
2024-07-09,RIOT,yfinance,9.449999809265137,9.489999771118164,8.920000076293945,9.140000343322754,9.140000343322754,20229100,0.0,0.0,1.0,9.449999809265137,9.140000343322754
2024-07-10,RIOT,yfinance,9.210000038146973,9.329999923706056,9.029999732971191,9.15999984741211,9.15999984741211,15041300,0.0,0.0,1.0,9.210000038146973,9.15999984741211
2024-07-11,RIOT,yfinance,9.489999771118164,9.699999809265137,9.239999771118164,9.3100004196167,9.3100004196167,22285000,0.0,0.0,1.0,9.489999771118164,9.3100004196167
2024-07-12,RIOT,yfinance,9.390000343322754,9.920000076293944,9.369999885559082,9.80500030517578,9.80500030517578,22468600,0.0,0.0,1.0,9.390000343322754,9.80500030517578
2024-07-15,RIOT,yfinance,10.329999923706056,11.6899995803833,10.239999771118164,11.479999542236328,11.479999542236328,45399400,0.0,0.0,1.0,10.329999923706056,11.479999542236328
2024-07-16,RIOT,yfinance,11.43000030517578,12.875,11.25,12.699999809265137,12.699999809265137,45170600,0.0,0.0,1.0,11.43000030517578,12.699999809265137
2024-07-17,RIOT,yfinance,12.359999656677246,13.09000015258789,11.772000312805176,12.420000076293944,12.420000076293944,33442600,0.0,0.0,1.0,12.359999656677246,12.420000076293944
2024-07-18,RIOT,yfinance,12.720000267028809,12.824999809265137,10.859999656677246,10.949999809265137,10.949999809265137,35483200,0.0,0.0,1.0,12.720000267028809,10.949999809265137
2024-07-19,RIOT,yfinance,11.121999740600586,12.109999656677246,10.880000114440918,12.029999732971191,12.029999732971191,26982700,0.0,0.0,1.0,11.121999740600586,12.029999732971191
2024-07-22,RIOT,yfinance,12.25,12.449999809265137,11.604999542236328,12.239999771118164,12.239999771118164,25489200,0.0,0.0,1.0,12.25,12.239999771118164
2024-07-23,RIOT,yfinance,12.020000457763672,12.4399995803833,11.46500015258789,11.59000015258789,11.59000015258789,20403300,0.0,0.0,1.0,12.020000457763672,11.59000015258789
2024-07-24,RIOT,yfinance,11.789999961853027,12.079999923706056,11.1899995803833,11.31999969482422,11.31999969482422,26974700,0.0,0.0,1.0,11.789999961853027,11.31999969482422
2024-07-25,RIOT,yfinance,10.970000267028809,11.270000457763672,10.640000343322754,10.729999542236328,10.729999542236328,19743000,0.0,0.0,1.0,10.970000267028809,10.729999542236328
2024-07-26,RIOT,yfinance,11.350000381469728,11.739999771118164,10.989999771118164,11.199999809265137,11.199999809265137,20906600,0.0,0.0,1.0,11.350000381469728,11.199999809265137
2024-07-29,RIOT,yfinance,11.619999885559082,11.93000030517578,10.579999923706056,10.630000114440918,10.630000114440918,23678800,0.0,0.0,1.0,11.619999885559082,10.630000114440918
2024-07-30,RIOT,yfinance,10.6899995803833,10.75,10.279999732971191,10.369999885559082,10.369999885559082,12538800,0.0,0.0,1.0,10.6899995803833,10.369999885559082
2024-07-31,RIOT,yfinance,10.600000381469728,10.824999809265137,10.15999984741211,10.1899995803833,10.1899995803833,19332100,0.0,0.0,1.0,10.600000381469728,10.1899995803833
2024-08-01,RIOT,yfinance,10.100000381469728,10.260000228881836,9.300000190734863,9.31999969482422,9.31999969482422,25911700,0.0,0.0,1.0,10.100000381469728,9.31999969482422
2024-08-02,RIOT,yfinance,9.270000457763672,9.458999633789062,8.4399995803833,8.569999694824219,8.569999694824219,25183200,0.0,0.0,1.0,9.270000457763672,8.569999694824219
2024-08-05,RIOT,yfinance,7.389999866485596,8.510000228881836,7.25,8.3100004196167,8.3100004196167,27482600,0.0,0.0,1.0,7.389999866485596,8.3100004196167
2024-08-06,RIOT,yfinance,8.510000228881836,8.619999885559082,8.050000190734863,8.40999984741211,8.40999984741211,16261600,0.0,0.0,1.0,8.510000228881836,8.40999984741211
2024-08-07,RIOT,yfinance,8.609999656677246,8.630000114440918,7.610000133514404,7.639999866485596,7.639999866485596,19183400,0.0,0.0,1.0,8.609999656677246,7.639999866485596
2024-08-08,RIOT,yfinance,8.020000457763672,8.460000038146973,7.775000095367432,8.289999961853027,8.289999961853027,16550100,0.0,0.0,1.0,8.020000457763672,8.289999961853027
2024-08-09,RIOT,yfinance,8.260000228881836,8.37399959564209,8.029999732971191,8.0600004196167,8.0600004196167,12830700,0.0,0.0,1.0,8.260000228881836,8.0600004196167
2024-08-12,RIOT,yfinance,7.849999904632568,7.985000133514404,7.519999980926514,7.610000133514404,7.610000133514404,16904900,0.0,0.0,1.0,7.849999904632568,7.610000133514404
2024-08-13,RIOT,yfinance,7.650000095367432,8.0,7.53000020980835,7.840000152587891,7.840000152587891,14088300,0.0,0.0,1.0,7.650000095367432,7.840000152587891
2024-08-14,RIOT,yfinance,7.949999809265137,7.989999771118164,7.570000171661377,7.650000095367432,7.650000095367432,13438300,0.0,0.0,1.0,7.949999809265137,7.650000095367432
2024-08-15,RIOT,yfinance,7.71999979019165,8.050000190734863,7.650000095367432,7.679999828338623,7.679999828338623,17139900,0.0,0.0,1.0,7.71999979019165,7.679999828338623
2024-08-16,RIOT,yfinance,7.704999923706055,8.145999908447266,7.679999828338623,7.989999771118164,7.989999771118164,17141800,0.0,0.0,1.0,7.704999923706055,7.989999771118164
2024-08-19,RIOT,yfinance,8.010000228881836,8.170000076293945,7.800000190734863,8.050000190734863,8.050000190734863,15242800,0.0,0.0,1.0,8.010000228881836,8.050000190734863
2024-08-20,RIOT,yfinance,8.199999809265137,8.3100004196167,7.860000133514404,8.039999961853027,8.039999961853027,14599200,0.0,0.0,1.0,8.199999809265137,8.039999961853027
2024-08-21,RIOT,yfinance,8.079999923706055,8.380000114440918,7.96999979019165,8.350000381469727,8.350000381469727,18416100,0.0,0.0,1.0,8.079999923706055,8.350000381469727
2024-08-22,RIOT,yfinance,8.34000015258789,8.385000228881836,8.020000457763672,8.050000190734863,8.050000190734863,13114000,0.0,0.0,1.0,8.34000015258789,8.050000190734863
2024-08-23,RIOT,yfinance,8.079999923706055,8.520000457763672,7.980000019073486,8.5,8.5,20932600,0.0,0.0,1.0,8.079999923706055,8.5
2024-08-26,RIOT,yfinance,8.5,8.550000190734863,8.210000038146973,8.359999656677246,8.359999656677246,13839100,0.0,0.0,1.0,8.5,8.359999656677246
2024-08-27,RIOT,yfinance,8.199999809265137,8.279999732971191,7.800000190734863,7.900000095367432,7.900000095367432,16531300,0.0,0.0,1.0,8.199999809265137,7.900000095367432
2024-08-28,RIOT,yfinance,7.820000171661377,7.875,7.53000020980835,7.639999866485596,7.639999866485596,11679900,0.0,0.0,1.0,7.820000171661377,7.639999866485596
2024-08-29,RIOT,yfinance,7.789999961853027,8.020000457763672,7.610000133514404,7.679999828338623,7.679999828338623,11626300,0.0,0.0,1.0,7.789999961853027,7.679999828338623
2024-08-30,RIOT,yfinance,7.71999979019165,7.760000228881836,7.519999980926514,7.53000020980835,7.53000020980835,14246300,0.0,0.0,1.0,7.71999979019165,7.53000020980835
2024-09-03,RIOT,yfinance,7.480000019073486,7.480000019073486,6.710000038146973,6.78000020980835,6.78000020980835,19636700,0.0,0.0,1.0,7.480000019073486,6.78000020980835
2024-09-04,RIOT,yfinance,6.690000057220459,7.050000190734863,6.614999771118164,6.849999904632568,6.849999904632568,11131700,0.0,0.0,1.0,6.690000057220459,6.849999904632568
2024-09-05,RIOT,yfinance,6.78000020980835,6.940000057220459,6.630000114440918,6.690000057220459,6.690000057220459,12122600,0.0,0.0,1.0,6.78000020980835,6.690000057220459
2024-09-06,RIOT,yfinance,6.789999961853027,6.820000171661377,6.355000019073486,6.380000114440918,6.380000114440918,14844000,0.0,0.0,1.0,6.789999961853027,6.380000114440918
2024-09-09,RIOT,yfinance,6.579999923706055,6.849999904632568,6.389999866485596,6.809999942779541,6.809999942779541,15313200,0.0,0.0,1.0,6.579999923706055,6.809999942779541
2024-09-10,RIOT,yfinance,6.840000152587891,7.28000020980835,6.599999904632568,7.239999771118164,7.239999771118164,13679300,0.0,0.0,1.0,6.840000152587891,7.239999771118164
2024-09-11,RIOT,yfinance,7.0,7.190000057220459,6.699999809265137,7.090000152587891,7.090000152587891,15510900,0.0,0.0,1.0,7.0,7.090000152587891
2024-09-12,RIOT,yfinance,7.130000114440918,7.159999847412109,6.96999979019165,7.03000020980835,7.03000020980835,11186700,0.0,0.0,1.0,7.130000114440918,7.03000020980835
2024-09-13,RIOT,yfinance,7.070000171661377,7.300000190734863,6.949999809265137,7.199999809265137,7.199999809265137,15070100,0.0,0.0,1.0,7.070000171661377,7.199999809265137
2024-09-16,RIOT,yfinance,6.989999771118164,7.090000152587891,6.829999923706055,6.960000038146973,6.960000038146973,12058900,0.0,0.0,1.0,6.989999771118164,6.960000038146973
2024-09-17,RIOT,yfinance,7.090000152587891,7.28000020980835,6.96999979019165,7.099999904632568,7.099999904632568,12657600,0.0,0.0,1.0,7.090000152587891,7.099999904632568
2024-09-18,RIOT,yfinance,7.079999923706055,7.570000171661377,7.010000228881836,7.170000076293945,7.170000076293945,18980200,0.0,0.0,1.0,7.079999923706055,7.170000076293945
2024-09-19,RIOT,yfinance,7.570000171661377,7.619999885559082,7.162000179290772,7.21999979019165,7.21999979019165,25317600,0.0,0.0,1.0,7.570000171661377,7.21999979019165
2024-09-20,RIOT,yfinance,7.210000038146973,7.255000114440918,6.940000057220459,7.190000057220459,7.190000057220459,27478000,0.0,0.0,1.0,7.210000038146973,7.190000057220459
2024-09-23,RIOT,yfinance,7.190000057220459,7.400000095367432,7.110000133514404,7.329999923706055,7.329999923706055,16549400,0.0,0.0,1.0,7.190000057220459,7.329999923706055
2024-09-24,RIOT,yfinance,7.360000133514404,7.539999961853027,7.159999847412109,7.53000020980835,7.53000020980835,16585100,0.0,0.0,1.0,7.360000133514404,7.53000020980835
2024-09-25,RIOT,yfinance,7.53000020980835,7.730000019073486,7.400000095367432,7.440000057220459,7.440000057220459,17570600,0.0,0.0,1.0,7.53000020980835,7.440000057220459
2024-09-26,RIOT,yfinance,7.690000057220459,8.04699993133545,7.519999980926514,7.769999980926514,7.769999980926514,23942500,0.0,0.0,1.0,7.690000057220459,7.769999980926514
2024-09-27,RIOT,yfinance,8.0,8.069999694824219,7.695000171661377,7.840000152587891,7.840000152587891,16598100,0.0,0.0,1.0,8.0,7.840000152587891
2024-09-30,RIOT,yfinance,7.559999942779541,7.619999885559082,7.349999904632568,7.420000076293945,7.420000076293945,13219200,0.0,0.0,1.0,7.559999942779541,7.420000076293945
2024-10-01,RIOT,yfinance,7.400000095367432,7.449999809265137,6.980000019073486,7.079999923706055,7.079999923706055,14987100,0.0,0.0,1.0,7.400000095367432,7.079999923706055
2024-10-02,RIOT,yfinance,7.079999923706055,7.366000175476074,7.013999938964844,7.25,7.25,12494600,0.0,0.0,1.0,7.079999923706055,7.25
2024-10-03,RIOT,yfinance,7.190000057220459,7.440000057220459,7.150000095367432,7.429999828338623,7.429999828338623,11312000,0.0,0.0,1.0,7.190000057220459,7.429999828338623
2024-10-04,RIOT,yfinance,7.579999923706055,7.860000133514404,7.449999809265137,7.849999904632568,7.849999904632568,20255600,0.0,0.0,1.0,7.579999923706055,7.849999904632568
2024-10-07,RIOT,yfinance,8.050000190734863,8.520000457763672,7.900000095367432,8.15999984741211,8.15999984741211,34911800,0.0,0.0,1.0,8.050000190734863,8.15999984741211
2024-10-08,RIOT,yfinance,7.980000019073486,8.220000267028809,7.869999885559082,8.15999984741211,8.15999984741211,21403400,0.0,0.0,1.0,7.980000019073486,8.15999984741211
2024-10-09,RIOT,yfinance,8.140000343322754,8.210000038146973,7.760000228881836,7.820000171661377,7.820000171661377,18864100,0.0,0.0,1.0,8.140000343322754,7.820000171661377
2024-10-10,RIOT,yfinance,7.769999980926514,7.869999885559082,7.610000133514404,7.739999771118164,7.739999771118164,13501100,0.0,0.0,1.0,7.769999980926514,7.739999771118164
2024-10-11,RIOT,yfinance,7.78000020980835,8.4399995803833,7.75,8.40999984741211,8.40999984741211,20035700,0.0,0.0,1.0,7.78000020980835,8.40999984741211
2024-10-14,RIOT,yfinance,8.65999984741211,8.90999984741211,8.430000305175781,8.739999771118164,8.739999771118164,30168500,0.0,0.0,1.0,8.65999984741211,8.739999771118164
2024-10-15,RIOT,yfinance,8.710000038146973,9.130000114440918,8.59000015258789,8.770000457763672,8.770000457763672,22863000,0.0,0.0,1.0,8.710000038146973,8.770000457763672
2024-10-16,RIOT,yfinance,8.991000175476074,9.119999885559082,8.784000396728516,9.079999923706056,9.079999923706056,17126400,0.0,0.0,1.0,8.991000175476074,9.079999923706056
2024-10-17,RIOT,yfinance,8.920000076293945,9.460000038146973,8.760000228881836,9.199999809265137,9.199999809265137,21264000,0.0,0.0,1.0,8.920000076293945,9.199999809265137
2024-10-18,RIOT,yfinance,9.390000343322754,9.949999809265137,9.380000114440918,9.859999656677246,9.859999656677246,23257600,0.0,0.0,1.0,9.390000343322754,9.859999656677246
2024-10-21,RIOT,yfinance,9.75,9.765000343322754,9.380000114440918,9.739999771118164,9.739999771118164,17448200,0.0,0.0,1.0,9.75,9.739999771118164
2024-10-22,RIOT,yfinance,9.59000015258789,9.96500015258789,9.300000190734863,9.920000076293944,9.920000076293944,15335800,0.0,0.0,1.0,9.59000015258789,9.920000076293944
2024-10-23,RIOT,yfinance,9.779999732971191,9.875,9.399999618530272,9.770000457763672,9.770000457763672,19160300,0.0,0.0,1.0,9.779999732971191,9.770000457763672
2024-10-24,RIOT,yfinance,10.0,10.447999954223633,9.880000114440918,10.1899995803833,10.1899995803833,23849700,0.0,0.0,1.0,10.0,10.1899995803833
2024-10-25,RIOT,yfinance,10.229999542236328,10.279000282287598,9.611000061035156,9.640000343322754,9.640000343322754,22731200,0.0,0.0,1.0,10.229999542236328,9.640000343322754
2024-10-28,RIOT,yfinance,10.020000457763672,10.699999809265137,9.93000030517578,10.5600004196167,10.5600004196167,31325400,0.0,0.0,1.0,10.020000457763672,10.5600004196167
2024-10-29,RIOT,yfinance,10.850000381469728,11.1899995803833,10.720000267028809,10.869999885559082,10.869999885559082,28045200,0.0,0.0,1.0,10.850000381469728,10.869999885559082
2024-10-30,RIOT,yfinance,10.56999969482422,10.90999984741211,10.420000076293944,10.479999542236328,10.479999542236328,24276700,0.0,0.0,1.0,10.56999969482422,10.479999542236328
2024-10-31,RIOT,yfinance,9.96500015258789,10.229999542236328,9.100000381469728,9.239999771118164,9.239999771118164,26822900,0.0,0.0,1.0,9.96500015258789,9.239999771118164
2024-11-01,RIOT,yfinance,9.43000030517578,9.96500015258789,9.25,9.4399995803833,9.4399995803833,23181500,0.0,0.0,1.0,9.43000030517578,9.4399995803833
2024-11-04,RIOT,yfinance,9.199999809265137,9.199999809265137,8.71500015258789,8.979999542236328,8.979999542236328,22381100,0.0,0.0,1.0,9.199999809265137,8.979999542236328
2024-11-05,RIOT,yfinance,9.15999984741211,9.829999923706056,9.15999984741211,9.710000038146973,9.710000038146973,20322700,0.0,0.0,1.0,9.15999984741211,9.710000038146973
2024-11-06,RIOT,yfinance,10.779999732971191,12.289999961853027,10.609999656677246,12.25,12.25,55373600,0.0,0.0,1.0,10.779999732971191,12.25
2024-11-07,RIOT,yfinance,11.869999885559082,12.640000343322754,11.729999542236328,12.390000343322754,12.390000343322754,32921300,0.0,0.0,1.0,11.869999885559082,12.390000343322754
2024-11-08,RIOT,yfinance,12.329999923706056,12.84000015258789,12.010000228881836,12.8100004196167,12.8100004196167,29607100,0.0,0.0,1.0,12.329999923706056,12.8100004196167
2024-11-11,RIOT,yfinance,14.0600004196167,15.869999885559082,13.824999809265137,14.970000267028809,14.970000267028809,82491000,0.0,0.0,1.0,14.0600004196167,14.970000267028809
2024-11-12,RIOT,yfinance,14.079999923706056,14.890000343322754,13.479999542236328,14.449999809265137,14.449999809265137,47706400,0.0,0.0,1.0,14.079999923706056,14.449999809265137
2024-11-13,RIOT,yfinance,14.1850004196167,14.829999923706056,12.489999771118164,12.670000076293944,12.670000076293944,44053500,0.0,0.0,1.0,14.1850004196167,12.670000076293944
2024-11-14,RIOT,yfinance,12.829999923706056,13.06999969482422,11.760000228881836,11.864999771118164,11.864999771118164,26248300,0.0,0.0,1.0,12.829999923706056,11.864999771118164
2024-11-15,RIOT,yfinance,12.229999542236328,12.399999618530272,11.460000038146973,12.369999885559082,12.369999885559082,25315300,0.0,0.0,1.0,12.229999542236328,12.369999885559082
2024-11-18,RIOT,yfinance,12.25,12.65999984741211,11.894000053405762,12.15999984741211,12.15999984741211,23598000,0.0,0.0,1.0,12.25,12.15999984741211
2024-11-19,RIOT,yfinance,12.109999656677246,12.635000228881836,11.920000076293944,12.270000457763672,12.270000457763672,25901100,0.0,0.0,1.0,12.109999656677246,12.270000457763672
2024-11-20,RIOT,yfinance,12.670000076293944,12.9399995803833,11.960000038146973,12.149999618530272,12.149999618530272,42781600,0.0,0.0,1.0,12.670000076293944,12.149999618530272
2024-11-21,RIOT,yfinance,12.770000457763672,13.130000114440918,10.899999618530272,11.760000228881836,11.760000228881836,55190500,0.0,0.0,1.0,12.770000457763672,11.760000228881836
2024-11-22,RIOT,yfinance,11.5,12.520000457763672,11.220000267028809,12.3100004196167,12.3100004196167,31252600,0.0,0.0,1.0,11.5,12.3100004196167
2024-11-25,RIOT,yfinance,12.460000038146973,12.779999732971191,11.729999542236328,12.0600004196167,12.0600004196167,27019400,0.0,0.0,1.0,12.460000038146973,12.0600004196167
2024-11-26,RIOT,yfinance,11.59000015258789,11.979999542236328,11.020000457763672,11.170000076293944,11.170000076293944,26449900,0.0,0.0,1.0,11.59000015258789,11.170000076293944
2024-11-27,RIOT,yfinance,11.46500015258789,12.579999923706056,11.350000381469728,12.369999885559082,12.369999885559082,29057500,0.0,0.0,1.0,11.46500015258789,12.369999885559082
2024-11-29,RIOT,yfinance,12.59000015258789,13.34000015258789,12.420000076293944,12.649999618530272,12.649999618530272,21894800,0.0,0.0,1.0,12.59000015258789,12.649999618530272
2024-12-02,RIOT,yfinance,12.600000381469728,12.75,12.029999732971191,12.100000381469728,12.100000381469728,21982800,0.0,0.0,1.0,12.600000381469728,12.100000381469728
2024-12-03,RIOT,yfinance,11.729999542236328,12.40999984741211,11.710000038146973,12.140000343322754,12.140000343322754,18211800,0.0,0.0,1.0,11.729999542236328,12.140000343322754
2024-12-04,RIOT,yfinance,12.095000267028809,13.024999618530272,11.920000076293944,12.949999809265137,12.949999809265137,22245800,0.0,0.0,1.0,12.095000267028809,12.949999809265137
2024-12-05,RIOT,yfinance,13.75,14.119999885559082,12.265000343322754,12.31999969482422,12.31999969482422,44049200,0.0,0.0,1.0,13.75,12.31999969482422
2024-12-06,RIOT,yfinance,12.520000457763672,13.600000381469728,12.520000457763672,12.949999809265137,12.949999809265137,26721800,0.0,0.0,1.0,12.520000457763672,12.949999809265137
2024-12-09,RIOT,yfinance,12.045000076293944,12.140000343322754,11.020000457763672,11.210000038146973,11.210000038146973,76744100,0.0,0.0,1.0,12.045000076293944,11.210000038146973
2024-12-10,RIOT,yfinance,11.494999885559082,11.619999885559082,10.729999542236328,11.100000381469728,11.100000381469728,43080500,0.0,0.0,1.0,11.494999885559082,11.100000381469728
2024-12-11,RIOT,yfinance,11.300000190734863,12.15999984741211,11.210000038146973,11.770000457763672,11.770000457763672,45042400,0.0,0.0,1.0,11.300000190734863,11.770000457763672
2024-12-12,RIOT,yfinance,12.9350004196167,13.279999732971191,11.84000015258789,12.329999923706056,12.329999923706056,110945000,0.0,0.0,1.0,12.9350004196167,12.329999923706056
2024-12-13,RIOT,yfinance,12.520000457763672,13.68000030517578,12.5,12.989999771118164,12.989999771118164,53985600,0.0,0.0,1.0,12.520000457763672,12.989999771118164
2024-12-16,RIOT,yfinance,13.270000457763672,14.550000190734863,13.06999969482422,14.029999732971191,14.029999732971191,54388600,0.0,0.0,1.0,13.270000457763672,14.029999732971191
2024-12-17,RIOT,yfinance,14.470000267028809,14.699999809265137,13.800000190734863,13.970000267028809,13.970000267028809,38468400,0.0,0.0,1.0,14.470000267028809,13.970000267028809
2024-12-18,RIOT,yfinance,13.699999809265137,13.989999771118164,11.649999618530272,11.949999809265137,11.949999809265137,41110600,0.0,0.0,1.0,13.699999809265137,11.949999809265137
2024-12-19,RIOT,yfinance,12.68000030517578,12.720000267028809,11.125,11.1899995803833,11.1899995803833,28545800,0.0,0.0,1.0,12.68000030517578,11.1899995803833
2024-12-20,RIOT,yfinance,10.920000076293944,11.699999809265137,10.789999961853027,11.550000190734863,11.550000190734863,34710000,0.0,0.0,1.0,10.920000076293944,11.550000190734863
2024-12-23,RIOT,yfinance,11.390000343322754,11.460000038146973,10.6899995803833,10.800000190734863,10.800000190734863,23451100,0.0,0.0,1.0,11.390000343322754,10.800000190734863
2024-12-24,RIOT,yfinance,11.239999771118164,11.729999542236328,11.09000015258789,11.670000076293944,11.670000076293944,13445800,0.0,0.0,1.0,11.239999771118164,11.670000076293944
2024-12-26,RIOT,yfinance,11.449999809265137,11.755000114440918,11.220000267028809,11.550000190734863,11.550000190734863,13954200,0.0,0.0,1.0,11.449999809265137,11.550000190734863
2024-12-27,RIOT,yfinance,11.529999732971191,11.609999656677246,10.829999923706056,10.989999771118164,10.989999771118164,17172300,0.0,0.0,1.0,11.529999732971191,10.989999771118164
2024-12-30,RIOT,yfinance,10.725000381469728,10.760000228881836,10.020000457763672,10.5,10.5,28036800,0.0,0.0,1.0,10.725000381469728,10.5
2024-12-31,RIOT,yfinance,10.770000457763672,10.859999656677246,9.984999656677246,10.210000038146973,10.210000038146973,22608400,0.0,0.0,1.0,10.770000457763672,10.210000038146973
2025-01-02,RIOT,yfinance,10.489999771118164,10.960000038146973,10.210000038146973,10.460000038146973,10.460000038146973,23687000,0.0,0.0,1.0,10.489999771118164,10.460000038146973
2025-01-03,RIOT,yfinance,10.5649995803833,12.390000343322754,10.449999809265137,12.34000015258789,12.34000015258789,40656400,0.0,0.0,1.0,10.5649995803833,12.34000015258789
2025-01-06,RIOT,yfinance,12.59000015258789,13.010000228881836,12.3149995803833,12.890000343322754,12.890000343322754,27593700,0.0,0.0,1.0,12.59000015258789,12.890000343322754
2025-01-07,RIOT,yfinance,12.600000381469728,12.989999771118164,12.015000343322754,12.40999984741211,12.40999984741211,23285100,0.0,0.0,1.0,12.600000381469728,12.40999984741211
2025-01-08,RIOT,yfinance,12.0600004196167,12.119999885559082,11.5,12.020000457763672,12.020000457763672,22053200,0.0,0.0,1.0,12.0600004196167,12.020000457763672
2025-01-10,RIOT,yfinance,11.760000228881836,12.079999923706056,11.489999771118164,12.0,12.0,20783500,0.0,0.0,1.0,11.760000228881836,12.0
2025-01-13,RIOT,yfinance,11.34000015258789,11.899999618530272,11.020000457763672,11.770000457763672,11.770000457763672,22636200,0.0,0.0,1.0,11.34000015258789,11.770000457763672
2025-01-14,RIOT,yfinance,12.25,12.699999809265137,11.93000030517578,12.239999771118164,12.239999771118164,27050800,0.0,0.0,1.0,12.25,12.239999771118164
2025-01-15,RIOT,yfinance,12.760000228881836,13.59000015258789,12.670000076293944,13.460000038146973,13.460000038146973,34406300,0.0,0.0,1.0,12.760000228881836,13.460000038146973
2025-01-16,RIOT,yfinance,13.324999809265137,13.628999710083008,12.960000038146973,13.289999961853027,13.289999961853027,23286000,0.0,0.0,1.0,13.324999809265137,13.289999961853027
2025-01-17,RIOT,yfinance,13.869999885559082,14.43000030517578,13.329999923706056,13.390000343322754,13.390000343322754,35962100,0.0,0.0,1.0,13.869999885559082,13.390000343322754
2025-01-21,RIOT,yfinance,13.970000267028809,14.369999885559082,12.520000457763672,12.739999771118164,12.739999771118164,46327500,0.0,0.0,1.0,13.970000267028809,12.739999771118164
2025-01-22,RIOT,yfinance,12.90999984741211,13.739999771118164,12.46500015258789,13.140000343322754,13.140000343322754,37663100,0.0,0.0,1.0,12.90999984741211,13.140000343322754
2025-01-23,RIOT,yfinance,12.829999923706056,14.539999961853027,12.75,12.989999771118164,12.989999771118164,65645900,0.0,0.0,1.0,12.829999923706056,12.989999771118164
2025-01-24,RIOT,yfinance,13.324999809265137,14.229999542236328,13.050000190734863,13.539999961853027,13.539999961853027,46786200,0.0,0.0,1.0,13.324999809265137,13.539999961853027
2025-01-27,RIOT,yfinance,12.59000015258789,12.630000114440918,11.071999549865724,11.449999809265137,11.449999809265137,56712600,0.0,0.0,1.0,12.59000015258789,11.449999809265137
2025-01-28,RIOT,yfinance,11.65999984741211,11.699999809265137,10.75,10.949999809265137,10.949999809265137,37288700,0.0,0.0,1.0,11.65999984741211,10.949999809265137
2025-01-29,RIOT,yfinance,10.829999923706056,11.527999877929688,10.710000038146973,11.220000267028809,11.220000267028809,44705300,0.0,0.0,1.0,10.829999923706056,11.220000267028809
2025-01-30,RIOT,yfinance,11.479999542236328,12.140000343322754,11.420000076293944,11.899999618530272,11.899999618530272,43478100,0.0,0.0,1.0,11.479999542236328,11.899999618530272
2025-01-31,RIOT,yfinance,12.0,12.460000038146973,11.6899995803833,11.880000114440918,11.880000114440918,38259800,0.0,0.0,1.0,12.0,11.880000114440918
2025-02-03,RIOT,yfinance,10.869999885559082,12.244999885559082,10.65999984741211,11.989999771118164,11.989999771118164,33672600,0.0,0.0,1.0,10.869999885559082,11.989999771118164
2025-02-04,RIOT,yfinance,11.800000190734863,12.388999938964844,11.789999961853027,12.289999961853027,12.289999961853027,21638700,0.0,0.0,1.0,11.800000190734863,12.289999961853027
2025-02-05,RIOT,yfinance,12.390000343322754,12.545000076293944,11.699999809265137,11.739999771118164,11.739999771118164,23224100,0.0,0.0,1.0,12.390000343322754,11.739999771118164
2025-02-06,RIOT,yfinance,11.760000228881836,12.050000190734863,11.3100004196167,11.609999656677246,11.609999656677246,18711800,0.0,0.0,1.0,11.760000228881836,11.609999656677246
2025-02-07,RIOT,yfinance,11.970000267028809,12.40999984741211,11.479999542236328,11.640000343322754,11.640000343322754,35000600,0.0,0.0,1.0,11.970000267028809,11.640000343322754
2025-02-10,RIOT,yfinance,11.729999542236328,11.890000343322754,11.40999984741211,11.630000114440918,11.630000114440918,19491200,0.0,0.0,1.0,11.729999542236328,11.630000114440918
2025-02-11,RIOT,yfinance,11.59000015258789,11.609999656677246,11.029999732971191,11.140000343322754,11.140000343322754,20138500,0.0,0.0,1.0,11.59000015258789,11.140000343322754
2025-02-12,RIOT,yfinance,10.970000267028809,11.31999969482422,10.880000114440918,11.15999984741211,11.15999984741211,16135800,0.0,0.0,1.0,10.970000267028809,11.15999984741211
2025-02-13,RIOT,yfinance,11.1850004196167,12.300000190734863,10.869999885559082,12.229999542236328,12.229999542236328,38501900,0.0,0.0,1.0,11.1850004196167,12.229999542236328
2025-02-14,RIOT,yfinance,12.154999732971191,12.479999542236328,12.024999618530272,12.270000457763672,12.270000457763672,21596500,0.0,0.0,1.0,12.154999732971191,12.270000457763672
2025-02-18,RIOT,yfinance,12.149999618530272,12.210000038146973,11.369999885559082,11.5600004196167,11.5600004196167,22236100,0.0,0.0,1.0,12.149999618530272,11.5600004196167
2025-02-19,RIOT,yfinance,11.649999618530272,11.989999771118164,11.520000457763672,11.5600004196167,11.5600004196167,15701400,0.0,0.0,1.0,11.649999618530272,11.5600004196167
2025-02-20,RIOT,yfinance,11.78499984741211,12.010000228881836,11.40999984741211,11.600000381469728,11.600000381469728,23848000,0.0,0.0,1.0,11.78499984741211,11.600000381469728
2025-02-21,RIOT,yfinance,11.890000343322754,11.93000030517578,10.4399995803833,10.460000038146973,10.460000038146973,41016700,0.0,0.0,1.0,11.890000343322754,10.460000038146973
2025-02-24,RIOT,yfinance,10.600000381469728,10.625,9.84000015258789,9.989999771118164,9.989999771118164,41832300,0.0,0.0,1.0,10.600000381469728,9.989999771118164
2025-02-25,RIOT,yfinance,9.475000381469728,9.960000038146973,8.699999809265137,9.31999969482422,9.31999969482422,42441200,0.0,0.0,1.0,9.475000381469728,9.31999969482422
2025-02-26,RIOT,yfinance,9.220000267028809,9.600000381469728,8.710000038146973,8.9399995803833,8.9399995803833,30806300,0.0,0.0,1.0,9.220000267028809,8.9399995803833
2025-02-27,RIOT,yfinance,9.479999542236328,9.720000267028809,8.600000381469727,8.65999984741211,8.65999984741211,33221600,0.0,0.0,1.0,9.479999542236328,8.65999984741211
2025-02-28,RIOT,yfinance,8.600000381469727,9.289999961853027,8.520000457763672,9.279999732971191,9.279999732971191,26442900,0.0,0.0,1.0,8.600000381469727,9.279999732971191
2025-03-03,RIOT,yfinance,10.0600004196167,10.149999618530272,8.720000267028809,8.859999656677246,8.859999656677246,36222500,0.0,0.0,1.0,10.0600004196167,8.859999656677246
2025-03-04,RIOT,yfinance,8.600000381469727,8.829999923706055,7.949999809265137,8.40999984741211,8.40999984741211,32149700,0.0,0.0,1.0,8.600000381469727,8.40999984741211
2025-03-05,RIOT,yfinance,8.65999984741211,8.920000076293945,8.425000190734863,8.880000114440918,8.880000114440918,20823600,0.0,0.0,1.0,8.65999984741211,8.880000114440918
2025-03-06,RIOT,yfinance,8.345000267028809,8.5600004196167,7.949999809265137,8.114999771118164,8.114999771118164,34444700,0.0,0.0,1.0,8.345000267028809,8.114999771118164
2025-03-07,RIOT,yfinance,8.055000305175781,8.550000190734863,7.920000076293945,8.369999885559082,8.369999885559082,25133700,0.0,0.0,1.0,8.055000305175781,8.369999885559082
2025-03-10,RIOT,yfinance,7.949999809265137,8.130000114440918,7.4120001792907715,7.559999942779541,7.559999942779541,25478500,0.0,0.0,1.0,7.949999809265137,7.559999942779541
2025-03-11,RIOT,yfinance,7.630000114440918,7.860000133514404,7.239999771118164,7.71999979019165,7.71999979019165,20290000,0.0,0.0,1.0,7.630000114440918,7.71999979019165
2025-03-12,RIOT,yfinance,7.869999885559082,7.989999771118164,7.494999885559082,7.849999904632568,7.849999904632568,17212600,0.0,0.0,1.0,7.869999885559082,7.849999904632568
2025-03-13,RIOT,yfinance,7.849999904632568,7.880000114440918,7.25,7.309999942779541,7.309999942779541,18296900,0.0,0.0,1.0,7.849999904632568,7.309999942779541
2025-03-14,RIOT,yfinance,7.539999961853027,7.900000095367432,7.494999885559082,7.820000171661377,7.820000171661377,18915000,0.0,0.0,1.0,7.539999961853027,7.820000171661377
2025-03-17,RIOT,yfinance,7.690000057220459,8.0,7.570000171661377,7.760000228881836,7.760000228881836,19650100,0.0,0.0,1.0,7.690000057220459,7.760000228881836
2025-03-18,RIOT,yfinance,7.610000133514404,7.820000171661377,7.389999866485596,7.400000095367432,7.400000095367432,20641000,0.0,0.0,1.0,7.610000133514404,7.400000095367432
2025-03-19,RIOT,yfinance,7.460000038146973,7.949999809265137,7.420000076293945,7.78000020980835,7.78000020980835,19017200,0.0,0.0,1.0,7.460000038146973,7.78000020980835
2025-03-20,RIOT,yfinance,7.710000038146973,8.128999710083008,7.650000095367432,7.760000228881836,7.760000228881836,19130500,0.0,0.0,1.0,7.710000038146973,7.760000228881836
2025-03-21,RIOT,yfinance,7.619999885559082,8.029999732971191,7.5,7.949999809265137,7.949999809265137,25519400,0.0,0.0,1.0,7.619999885559082,7.949999809265137
2025-03-24,RIOT,yfinance,8.210000038146973,8.729999542236328,8.15999984741211,8.720000267028809,8.720000267028809,29862700,0.0,0.0,1.0,8.210000038146973,8.720000267028809
2025-03-25,RIOT,yfinance,8.75,8.829999923706055,8.329999923706055,8.510000228881836,8.510000228881836,30896700,0.0,0.0,1.0,8.75,8.510000228881836
2025-03-26,RIOT,yfinance,8.449999809265137,8.489999771118164,7.849999904632568,7.900000095367432,7.900000095367432,21054600,0.0,0.0,1.0,8.449999809265137,7.900000095367432
2025-03-27,RIOT,yfinance,7.75,8.180000305175781,7.659999847412109,7.769999980926514,7.769999980926514,21902000,0.0,0.0,1.0,7.75,7.769999980926514
2025-03-28,RIOT,yfinance,7.659999847412109,7.757999897003174,7.289999961853027,7.409999847412109,7.409999847412109,22949400,0.0,0.0,1.0,7.659999847412109,7.409999847412109
2025-03-31,RIOT,yfinance,7.119999885559082,7.25600004196167,6.869999885559082,7.119999885559082,7.119999885559082,21383800,0.0,0.0,1.0,7.119999885559082,7.119999885559082
2025-04-01,RIOT,yfinance,7.170000076293945,7.599999904632568,6.989999771118164,7.539999961853027,7.539999961853027,21919700,0.0,0.0,1.0,7.170000076293945,7.539999961853027
2025-04-02,RIOT,yfinance,7.329999923706055,8.0600004196167,7.300000190734863,8.020000457763672,8.020000457763672,30412200,0.0,0.0,1.0,7.329999923706055,8.020000457763672
2025-04-03,RIOT,yfinance,7.275000095367432,7.5,7.199999809265137,7.300000190734863,7.300000190734863,18115900,0.0,0.0,1.0,7.275000095367432,7.300000190734863
2025-04-04,RIOT,yfinance,7.079999923706055,7.190000057220459,6.400000095367432,7.139999866485596,7.139999866485596,20823400,0.0,0.0,1.0,7.079999923706055,7.139999866485596
2025-04-07,RIOT,yfinance,6.5,7.75,6.385000228881836,7.110000133514404,7.110000133514404,26088000,0.0,0.0,1.0,6.5,7.110000133514404
2025-04-08,RIOT,yfinance,7.429999828338623,7.429999828338623,6.300000190734863,6.539999961853027,6.539999961853027,23423600,0.0,0.0,1.0,7.429999828338623,6.539999961853027
2025-04-09,RIOT,yfinance,6.519999980926514,7.5,6.21999979019165,7.375,7.375,32597800,0.0,0.0,1.0,6.519999980926514,7.375
2025-04-10,RIOT,yfinance,7.099999904632568,7.159999847412109,6.605000019073486,6.789999961853027,6.789999961853027,18398400,0.0,0.0,1.0,7.099999904632568,6.789999961853027
2025-04-11,RIOT,yfinance,6.849999904632568,7.117000102996826,6.75,7.059999942779541,7.059999942779541,14522400,0.0,0.0,1.0,6.849999904632568,7.059999942779541
2025-04-14,RIOT,yfinance,7.340000152587891,7.389999866485596,6.909999847412109,7.010000228881836,7.010000228881836,28604300,0.0,0.0,1.0,7.340000152587891,7.010000228881836
2025-04-15,RIOT,yfinance,6.980000019073486,7.090000152587891,6.510000228881836,6.550000190734863,6.550000190734863,24971800,0.0,0.0,1.0,6.980000019073486,6.550000190734863
2025-04-16,RIOT,yfinance,6.420000076293945,6.53000020980835,6.199999809265137,6.360000133514404,6.360000133514404,34267400,0.0,0.0,1.0,6.420000076293945,6.360000133514404
2025-04-17,RIOT,yfinance,6.389999866485596,6.46999979019165,6.190000057220459,6.460000038146973,6.460000038146973,20974700,0.0,0.0,1.0,6.389999866485596,6.460000038146973
2025-04-21,RIOT,yfinance,6.489999771118164,6.670000076293945,6.255000114440918,6.289999961853027,6.289999961853027,27824400,0.0,0.0,1.0,6.489999771118164,6.289999961853027
2025-04-22,RIOT,yfinance,6.46999979019165,7.190000057220459,6.440000057220459,7.119999885559082,7.119999885559082,39942700,0.0,0.0,1.0,6.46999979019165,7.119999885559082
2025-04-23,RIOT,yfinance,7.429999828338623,7.829999923706055,7.400000095367432,7.5,7.5,40070500,0.0,0.0,1.0,7.429999828338623,7.5
2025-04-24,RIOT,yfinance,7.440000057220459,7.860000133514404,7.329999923706055,7.789999961853027,7.789999961853027,24749800,0.0,0.0,1.0,7.440000057220459,7.789999961853027
2025-04-25,RIOT,yfinance,7.900000095367432,8.050000190734863,7.710000038146973,7.769999980926514,7.769999980926514,28068900,0.0,0.0,1.0,7.900000095367432,7.769999980926514
2025-04-28,RIOT,yfinance,7.809999942779541,7.840000152587891,7.340000152587891,7.630000114440918,7.630000114440918,30193100,0.0,0.0,1.0,7.809999942779541,7.630000114440918
2025-04-29,RIOT,yfinance,7.590000152587891,7.610000133514404,7.244999885559082,7.420000076293945,7.420000076293945,43903400,0.0,0.0,1.0,7.590000152587891,7.420000076293945
2025-04-30,RIOT,yfinance,7.210000038146973,7.289999961853027,6.960000038146973,7.239999771118164,7.239999771118164,30845800,0.0,0.0,1.0,7.210000038146973,7.239999771118164
2025-05-01,RIOT,yfinance,7.489999771118164,7.96999979019165,7.400000095367432,7.769999980926514,7.769999980926514,43539500,0.0,0.0,1.0,7.489999771118164,7.769999980926514
2025-05-02,RIOT,yfinance,7.889999866485596,8.8100004196167,7.869999885559082,8.390000343322754,8.390000343322754,53438700,0.0,0.0,1.0,7.889999866485596,8.390000343322754
2025-05-05,RIOT,yfinance,8.149999618530273,8.175000190734863,7.670000076293945,7.900000095367432,7.900000095367432,33472200,0.0,0.0,1.0,8.149999618530273,7.900000095367432
2025-05-06,RIOT,yfinance,7.699999809265137,7.960000038146973,7.659999847412109,7.860000133514404,7.860000133514404,23708300,0.0,0.0,1.0,7.699999809265137,7.860000133514404
2025-05-07,RIOT,yfinance,8.0,8.055000305175781,7.679999828338623,7.840000152587891,7.840000152587891,22582100,0.0,0.0,1.0,8.0,7.840000152587891
2025-05-08,RIOT,yfinance,8.199999809265137,8.6899995803833,8.079999923706055,8.4399995803833,8.4399995803833,30927100,0.0,0.0,1.0,8.199999809265137,8.4399995803833
2025-05-09,RIOT,yfinance,8.520000457763672,8.890000343322754,8.260000228881836,8.479999542236328,8.479999542236328,32559800,0.0,0.0,1.0,8.520000457763672,8.479999542236328
2025-05-12,RIOT,yfinance,9.020000457763672,9.119999885559082,8.475000381469727,8.699999809265137,8.699999809265137,29993500,0.0,0.0,1.0,9.020000457763672,8.699999809265137
2025-05-13,RIOT,yfinance,8.880000114440918,9.09000015258789,8.630000114440918,9.0600004196167,9.0600004196167,32790200,0.0,0.0,1.0,8.880000114440918,9.0600004196167
2025-05-14,RIOT,yfinance,9.029999732971191,9.0600004196167,8.800000190734863,8.90999984741211,8.90999984741211,20643300,0.0,0.0,1.0,9.029999732971191,8.90999984741211
2025-05-15,RIOT,yfinance,8.729999542236328,8.800000190734863,8.392000198364258,8.699999809265137,8.699999809265137,28851800,0.0,0.0,1.0,8.729999542236328,8.699999809265137
2025-05-16,RIOT,yfinance,8.710000038146973,9.470000267028809,8.710000038146973,9.149999618530272,9.149999618530272,36915500,0.0,0.0,1.0,8.710000038146973,9.149999618530272
2025-05-19,RIOT,yfinance,8.819999694824219,9.067999839782717,8.6850004196167,8.970000267028809,8.970000267028809,21131800,0.0,0.0,1.0,8.819999694824219,8.970000267028809
2025-05-20,RIOT,yfinance,8.90999984741211,8.989999771118164,8.654999732971191,8.930000305175781,8.930000305175781,20156500,0.0,0.0,1.0,8.90999984741211,8.930000305175781
2025-05-21,RIOT,yfinance,8.850000381469727,9.31999969482422,8.720000267028809,8.84000015258789,8.84000015258789,37772900,0.0,0.0,1.0,8.850000381469727,8.84000015258789
2025-05-22,RIOT,yfinance,9.1899995803833,9.520000457763672,8.829999923706055,8.9399995803833,8.9399995803833,40257200,0.0,0.0,1.0,9.1899995803833,8.9399995803833
2025-05-23,RIOT,yfinance,8.65999984741211,8.8100004196167,8.470000267028809,8.550000190734863,8.550000190734863,23067500,0.0,0.0,1.0,8.65999984741211,8.550000190734863
2025-05-27,RIOT,yfinance,8.854999542236328,9.19499969482422,8.670000076293945,9.140000343322754,9.140000343322754,40428200,0.0,0.0,1.0,8.854999542236328,9.140000343322754
2025-05-28,RIOT,yfinance,9.09000015258789,9.09000015258789,8.359999656677246,8.380000114440918,8.380000114440918,39052900,0.0,0.0,1.0,9.09000015258789,8.380000114440918
2025-05-29,RIOT,yfinance,8.489999771118164,8.489999771118164,8.09000015258789,8.180000305175781,8.180000305175781,31246500,0.0,0.0,1.0,8.489999771118164,8.180000305175781
2025-05-30,RIOT,yfinance,8.079999923706055,8.265000343322754,7.929999828338623,8.069999694824219,8.069999694824219,34036600,0.0,0.0,1.0,8.079999923706055,8.069999694824219
2025-06-02,RIOT,yfinance,8.0,8.489999771118164,7.989999771118164,8.479999542236328,8.479999542236328,34057100,0.0,0.0,1.0,8.0,8.479999542236328
2025-06-03,RIOT,yfinance,8.550000190734863,9.09000015258789,8.489999771118164,9.029999732971191,9.029999732971191,42216800,0.0,0.0,1.0,8.550000190734863,9.029999732971191
2025-06-04,RIOT,yfinance,8.960000038146973,9.640000343322754,8.899999618530273,9.5,9.5,39116400,0.0,0.0,1.0,8.960000038146973,9.5
2025-06-05,RIOT,yfinance,9.654999732971191,9.6899995803833,8.880000114440918,8.989999771118164,8.989999771118164,46346900,0.0,0.0,1.0,9.654999732971191,8.989999771118164
2025-06-06,RIOT,yfinance,9.25,10.199999809265137,9.220000267028809,9.850000381469728,9.850000381469728,55897400,0.0,0.0,1.0,9.25,9.850000381469728
2025-06-09,RIOT,yfinance,10.255000114440918,10.260000228881836,9.539999961853027,10.119999885559082,10.119999885559082,49134500,0.0,0.0,1.0,10.255000114440918,10.119999885559082
2025-06-10,RIOT,yfinance,10.229999542236328,10.5,9.970000267028809,10.449999809265137,10.449999809265137,49548800,0.0,0.0,1.0,10.229999542236328,10.449999809265137
2025-06-11,RIOT,yfinance,10.4399995803833,10.869999885559082,10.26099967956543,10.550000190734863,10.550000190734863,41081500,0.0,0.0,1.0,10.4399995803833,10.550000190734863
2025-06-12,RIOT,yfinance,10.229999542236328,10.635000228881836,10.125,10.210000038146973,10.210000038146973,26537200,0.0,0.0,1.0,10.229999542236328,10.210000038146973
2025-06-13,RIOT,yfinance,9.9350004196167,10.210000038146973,9.5,9.720000267028809,9.720000267028809,39189200,0.0,0.0,1.0,9.9350004196167,9.720000267028809
2025-06-16,RIOT,yfinance,9.869999885559082,10.210000038146973,9.720000267028809,10.170000076293944,10.170000076293944,46929500,0.0,0.0,1.0,9.869999885559082,10.170000076293944
2025-06-17,RIOT,yfinance,10.039999961853027,10.050000190734863,9.359999656677246,9.65999984741211,9.65999984741211,42121700,0.0,0.0,1.0,10.039999961853027,9.65999984741211
2025-06-18,RIOT,yfinance,9.579999923706056,10.0600004196167,9.460000038146973,9.9399995803833,9.9399995803833,50959400,0.0,0.0,1.0,9.579999923706056,9.9399995803833
2025-06-20,RIOT,yfinance,10.079999923706056,10.140000343322754,9.479999542236328,9.5600004196167,9.5600004196167,33914900,0.0,0.0,1.0,10.079999923706056,9.5600004196167
2025-06-23,RIOT,yfinance,9.25,9.550000190734863,8.869999885559082,9.270000457763672,9.270000457763672,40675600,0.0,0.0,1.0,9.25,9.270000457763672
2025-06-24,RIOT,yfinance,9.4399995803833,10.050000190734863,9.359999656677246,10.020000457763672,10.020000457763672,45854600,0.0,0.0,1.0,9.4399995803833,10.020000457763672
2025-06-25,RIOT,yfinance,10.270000457763672,10.390000343322754,9.829999923706056,10.0,10.0,34228600,0.0,0.0,1.0,10.270000457763672,10.0
2025-06-26,RIOT,yfinance,9.899999618530272,10.640000343322754,9.70400047302246,10.510000228881836,10.510000228881836,57591300,0.0,0.0,1.0,9.899999618530272,10.510000228881836
2025-06-27,RIOT,yfinance,10.5600004196167,10.899999618530272,10.279999732971191,10.550000190734863,10.550000190734863,56141900,0.0,0.0,1.0,10.5600004196167,10.550000190734863
2025-06-30,RIOT,yfinance,10.765000343322754,11.4399995803833,10.649999618530272,11.300000190734863,11.300000190734863,49089100,0.0,0.0,1.0,10.765000343322754,11.300000190734863
2025-07-01,RIOT,yfinance,11.135000228881836,11.609999656677246,11.029999732971191,11.270000457763672,11.270000457763672,49405900,0.0,0.0,1.0,11.135000228881836,11.270000457763672
2025-07-02,RIOT,yfinance,11.529999732971191,12.270000457763672,11.484999656677246,12.199999809265137,12.199999809265137,44100000,0.0,0.0,1.0,11.529999732971191,12.199999809265137
2025-07-03,RIOT,yfinance,12.21500015258789,12.729999542236328,12.045000076293944,12.170000076293944,12.170000076293944,27630600,0.0,0.0,1.0,12.21500015258789,12.170000076293944
2025-07-07,RIOT,yfinance,11.869999885559082,11.880000114440918,10.93000030517578,11.550000190734863,11.550000190734863,26513500,0.0,0.0,1.0,11.869999885559082,11.550000190734863
2025-07-08,RIOT,yfinance,11.779999732971191,12.0,11.55500030517578,11.56999969482422,11.56999969482422,18320400,0.0,0.0,1.0,11.779999732971191,11.56999969482422
2025-07-09,RIOT,yfinance,11.8100004196167,12.289999961853027,11.40999984741211,12.239999771118164,12.239999771118164,30139800,0.0,0.0,1.0,11.8100004196167,12.239999771118164
2025-07-10,RIOT,yfinance,12.15999984741211,12.770000457763672,11.954999923706056,12.59000015258789,12.59000015258789,30089700,0.0,0.0,1.0,12.15999984741211,12.59000015258789
2025-07-11,RIOT,yfinance,12.9399995803833,13.029999732971191,12.34000015258789,12.420000076293944,12.420000076293944,31304500,0.0,0.0,1.0,12.9399995803833,12.420000076293944
2025-07-14,RIOT,yfinance,12.755000114440918,13.649999618530272,12.260000228881836,12.510000228881836,12.510000228881836,53371800,0.0,0.0,1.0,12.755000114440918,12.510000228881836
2025-07-15,RIOT,yfinance,12.199999809265137,12.404999732971191,11.899999618530272,12.100000381469728,12.100000381469728,30289100,0.0,0.0,1.0,12.199999809265137,12.100000381469728
2025-07-16,RIOT,yfinance,12.460000038146973,12.875,12.4399995803833,12.56999969482422,12.56999969482422,30469000,0.0,0.0,1.0,12.460000038146973,12.56999969482422
2025-07-17,RIOT,yfinance,12.600000381469728,13.479999542236328,12.329999923706056,13.329999923706056,13.329999923706056,50020100,0.0,0.0,1.0,12.600000381469728,13.329999923706056
2025-07-18,RIOT,yfinance,13.5,14.119999885559082,13.239999771118164,13.859999656677246,13.859999656677246,54887000,0.0,0.0,1.0,13.5,13.859999656677246
2025-07-21,RIOT,yfinance,14.149999618530272,15.34000015258789,13.925000190734863,14.020000457763672,14.020000457763672,127903700,0.0,0.0,1.0,14.149999618530272,14.020000457763672
2025-07-22,RIOT,yfinance,14.289999961853027,14.359999656677246,13.654999732971191,14.270000457763672,14.270000457763672,55230500,0.0,0.0,1.0,14.289999961853027,14.270000457763672
2025-07-23,RIOT,yfinance,14.220000267028809,14.585000038146973,13.699999809265137,14.34000015258789,14.34000015258789,65549400,0.0,0.0,1.0,14.220000267028809,14.34000015258789
2025-07-24,RIOT,yfinance,14.375,14.93000030517578,14.079999923706056,14.6899995803833,14.6899995803833,59749200,0.0,0.0,1.0,14.375,14.6899995803833
2025-07-25,RIOT,yfinance,14.460000038146973,14.739999771118164,13.920000076293944,14.539999961853027,14.539999961853027,43124400,0.0,0.0,1.0,14.460000038146973,14.539999961853027
2025-07-28,RIOT,yfinance,14.545000076293944,14.649999618530272,14.010000228881836,14.510000228881836,14.510000228881836,47947100,0.0,0.0,1.0,14.545000076293944,14.510000228881836
2025-07-29,RIOT,yfinance,14.479999542236328,14.600000381469728,13.289999961853027,13.600000381469728,13.600000381469728,31350900,0.0,0.0,1.0,14.479999542236328,13.600000381469728
2025-07-30,RIOT,yfinance,13.84000015258789,13.979999542236328,13.229999542236328,13.520000457763672,13.520000457763672,21239200,0.0,0.0,1.0,13.84000015258789,13.520000457763672
2025-07-31,RIOT,yfinance,13.6899995803833,13.84000015258789,13.300000190734863,13.40999984741211,13.40999984741211,28775400,0.0,0.0,1.0,13.6899995803833,13.40999984741211
2025-08-01,RIOT,yfinance,12.010000228881836,12.074000358581545,10.869999885559082,11.029999732971191,11.029999732971191,50470100,0.0,0.0,1.0,12.010000228881836,11.029999732971191
2025-08-04,RIOT,yfinance,11.30500030517578,11.494999885559082,11.079999923706056,11.420000076293944,11.420000076293944,17459700,0.0,0.0,1.0,11.30500030517578,11.420000076293944
2025-08-05,RIOT,yfinance,11.420000076293944,11.4399995803833,10.81999969482422,11.130000114440918,11.130000114440918,26878900,0.0,0.0,1.0,11.420000076293944,11.130000114440918
2025-08-06,RIOT,yfinance,11.09000015258789,11.720000267028809,10.59000015258789,11.65999984741211,11.65999984741211,37511300,0.0,0.0,1.0,11.09000015258789,11.65999984741211
2025-08-07,RIOT,yfinance,11.920000076293944,12.31999969482422,11.40999984741211,11.579999923706056,11.579999923706056,23595300,0.0,0.0,1.0,11.920000076293944,11.579999923706056
2025-08-08,RIOT,yfinance,11.670000076293944,11.789999961853027,10.949999809265137,11.079999923706056,11.079999923706056,20812900,0.0,0.0,1.0,11.670000076293944,11.079999923706056
2025-08-11,RIOT,yfinance,11.539999961853027,11.65999984741211,11.039999961853027,11.109999656677246,11.109999656677246,21563300,0.0,0.0,1.0,11.539999961853027,11.109999656677246
2025-08-12,RIOT,yfinance,11.289999961853027,11.520000457763672,11.149999618530272,11.4399995803833,11.4399995803833,16898500,0.0,0.0,1.0,11.289999961853027,11.4399995803833
2025-08-13,RIOT,yfinance,11.5,11.800000190734863,11.40999984741211,11.59000015258789,11.59000015258789,18242500,0.0,0.0,1.0,11.5,11.59000015258789
2025-08-14,RIOT,yfinance,11.369999885559082,12.279999732971191,11.220000267028809,12.25,12.25,34334800,0.0,0.0,1.0,11.369999885559082,12.25
2025-08-15,RIOT,yfinance,12.020000457763672,12.029999732971191,11.295000076293944,11.329999923706056,11.329999923706056,30886400,0.0,0.0,1.0,12.020000457763672,11.329999923706056
2025-08-18,RIOT,yfinance,11.18000030517578,12.479999542236328,11.15999984741211,12.31999969482422,12.31999969482422,40044800,0.0,0.0,1.0,11.18000030517578,12.31999969482422
2025-08-19,RIOT,yfinance,12.34000015258789,12.40999984741211,11.779999732971191,11.960000038146973,11.960000038146973,31142900,0.0,0.0,1.0,12.34000015258789,11.960000038146973
2025-08-20,RIOT,yfinance,11.845000267028809,12.55500030517578,11.210000038146973,12.520000457763672,12.520000457763672,38233000,0.0,0.0,1.0,11.845000267028809,12.520000457763672
2025-08-21,RIOT,yfinance,12.350000381469728,12.520000457763672,12.119999885559082,12.270000457763672,12.270000457763672,33741900,0.0,0.0,1.0,12.350000381469728,12.270000457763672
2025-08-22,RIOT,yfinance,12.1899995803833,13.515000343322754,12.020000457763672,13.220000267028809,13.220000267028809,52236800,0.0,0.0,1.0,12.1899995803833,13.220000267028809
2025-08-25,RIOT,yfinance,12.779999732971191,13.380000114440918,12.399999618530272,13.279999732971191,13.279999732971191,50003300,0.0,0.0,1.0,12.779999732971191,13.279999732971191
2025-08-26,RIOT,yfinance,12.970000267028809,13.729999542236328,12.880000114440918,13.6899995803833,13.6899995803833,35059200,0.0,0.0,1.0,12.970000267028809,13.6899995803833
2025-08-27,RIOT,yfinance,13.65999984741211,13.979999542236328,13.40999984741211,13.550000190734863,13.550000190734863,29031700,0.0,0.0,1.0,13.65999984741211,13.550000190734863
2025-08-28,RIOT,yfinance,13.829999923706056,14.170000076293944,13.640000343322754,13.800000190734863,13.800000190734863,37356800,0.0,0.0,1.0,13.829999923706056,13.800000190734863
2025-08-29,RIOT,yfinance,13.720000267028809,13.979999542236328,13.4350004196167,13.760000228881836,13.760000228881836,35730100,0.0,0.0,1.0,13.720000267028809,13.760000228881836
2025-09-02,RIOT,yfinance,13.300000190734863,14.300000190734863,12.970000267028809,14.09000015258789,14.09000015258789,46639400,0.0,0.0,1.0,13.300000190734863,14.09000015258789
2025-09-03,RIOT,yfinance,14.239999771118164,14.460000038146973,13.31999969482422,13.449999809265137,13.449999809265137,40967000,0.0,0.0,1.0,14.239999771118164,13.449999809265137
2025-09-04,RIOT,yfinance,13.354999542236328,13.489999771118164,12.899999618530272,13.15999984741211,13.15999984741211,38251400,0.0,0.0,1.0,13.354999542236328,13.15999984741211
2025-09-05,RIOT,yfinance,13.4399995803833,13.869999885559082,12.65999984741211,13.289999961853027,13.289999961853027,37097700,0.0,0.0,1.0,13.4399995803833,13.289999961853027
2025-09-08,RIOT,yfinance,13.289999961853027,13.59000015258789,12.973999977111816,13.4399995803833,13.4399995803833,42427800,0.0,0.0,1.0,13.289999961853027,13.4399995803833
2025-09-09,RIOT,yfinance,13.789999961853027,15.300000190734863,13.65999984741211,15.210000038146973,15.210000038146973,66569100,0.0,0.0,1.0,13.789999961853027,15.210000038146973
2025-09-10,RIOT,yfinance,15.4399995803833,16.420000076293945,15.260000228881836,16.399999618530273,16.399999618530273,55199700,0.0,0.0,1.0,15.4399995803833,16.399999618530273
2025-09-11,RIOT,yfinance,16.190000534057617,16.829999923706055,15.595000267028809,15.649999618530272,15.649999618530272,36113300,0.0,0.0,1.0,16.190000534057617,15.649999618530272
2025-09-12,RIOT,yfinance,15.890000343322754,15.989999771118164,15.545000076293944,15.890000343322754,15.890000343322754,39962200,0.0,0.0,1.0,15.890000343322754,15.890000343322754
2025-09-15,RIOT,yfinance,16.010000228881836,16.924999237060547,15.869999885559082,16.68000030517578,16.68000030517578,40517200,0.0,0.0,1.0,16.010000228881836,16.68000030517578
2025-09-16,RIOT,yfinance,16.799999237060547,17.7549991607666,16.579999923706055,17.520000457763672,17.520000457763672,53945100,0.0,0.0,1.0,16.799999237060547,17.520000457763672
2025-09-17,RIOT,yfinance,17.350000381469727,17.8799991607666,16.7450008392334,17.6200008392334,17.6200008392334,43787700,0.0,0.0,1.0,17.350000381469727,17.6200008392334
2025-09-18,RIOT,yfinance,17.950000762939453,18.040000915527344,17.395000457763672,17.510000228881836,17.510000228881836,30168500,0.0,0.0,1.0,17.950000762939453,17.510000228881836
2025-09-19,RIOT,yfinance,17.5,18.239999771118164,17.350000381469727,17.459999084472656,17.459999084472656,43345000,0.0,0.0,1.0,17.5,17.459999084472656
2025-09-22,RIOT,yfinance,17.04199981689453,17.735000610351562,16.68000030517578,17.5,17.5,43066300,0.0,0.0,1.0,17.04199981689453,17.5
2025-09-23,RIOT,yfinance,18.11000061035156,18.299999237060547,17.0,17.06999969482422,17.06999969482422,36249100,0.0,0.0,1.0,18.11000061035156,17.06999969482422
2025-09-24,RIOT,yfinance,17.84000015258789,20.1299991607666,17.780000686645508,17.989999771118164,17.989999771118164,59315300,0.0,0.0,1.0,17.84000015258789,17.989999771118164
2025-09-25,RIOT,yfinance,17.440000534057617,17.530000686645508,16.424999237060547,16.739999771118164,16.739999771118164,31514500,0.0,0.0,1.0,17.440000534057617,16.739999771118164
2025-09-26,RIOT,yfinance,17.81999969482422,17.959999084472656,16.475000381469727,17.690000534057617,17.690000534057617,49095700,0.0,0.0,1.0,17.81999969482422,17.690000534057617
2025-09-29,RIOT,yfinance,18.229999542236328,20.01000022888184,18.131000518798828,19.780000686645508,19.780000686645508,45171400,0.0,0.0,1.0,18.229999542236328,19.780000686645508
2025-09-30,RIOT,yfinance,19.63999938964844,19.770000457763672,18.76000022888184,19.030000686645508,19.030000686645508,43274300,0.0,0.0,1.0,19.63999938964844,19.030000686645508
2025-10-01,RIOT,yfinance,19.540000915527344,19.59000015258789,18.51000022888184,18.93000030517578,18.93000030517578,34586000,0.0,0.0,1.0,19.540000915527344,18.93000030517578
2025-10-02,RIOT,yfinance,19.36000061035156,19.65999984741211,18.899999618530277,19.25,19.25,29498300,0.0,0.0,1.0,19.36000061035156,19.25
2025-10-03,RIOT,yfinance,19.38999938964844,20.795000076293945,18.96999931335449,19.440000534057617,19.440000534057617,40191800,0.0,0.0,1.0,19.38999938964844,19.440000534057617
2025-10-06,RIOT,yfinance,20.46999931335449,22.07999992370605,20.100000381469727,21.559999465942383,21.559999465942383,40384700,0.0,0.0,1.0,20.46999931335449,21.559999465942383
2025-10-07,RIOT,yfinance,21.799999237060547,21.8700008392334,20.11000061035156,21.46999931335449,21.46999931335449,32348000,0.0,0.0,1.0,21.799999237060547,21.46999931335449
2025-10-08,RIOT,yfinance,21.739999771118164,22.415000915527344,21.3700008392334,21.989999771118164,21.989999771118164,28859500,0.0,0.0,1.0,21.739999771118164,21.989999771118164
2025-10-09,RIOT,yfinance,22.01000022888184,22.3700008392334,21.15999984741211,22.280000686645508,22.280000686645508,24654200,0.0,0.0,1.0,22.01000022888184,22.280000686645508
2025-10-10,RIOT,yfinance,22.88999938964844,23.934999465942383,20.63999938964844,21.01000022888184,21.01000022888184,36397200,0.0,0.0,1.0,22.88999938964844,21.01000022888184
2025-10-13,RIOT,yfinance,21.51000022888184,22.01000022888184,20.86400032043457,21.700000762939453,21.700000762939453,25822400,0.0,0.0,1.0,21.51000022888184,21.700000762939453
2025-10-14,RIOT,yfinance,20.834999084472656,22.93000030517578,20.06599998474121,22.190000534057617,22.190000534057617,26294700,0.0,0.0,1.0,20.834999084472656,22.190000534057617
2025-10-15,RIOT,yfinance,22.799999237060547,23.01000022888184,21.489999771118164,22.1299991607666,22.1299991607666,19314900,0.0,0.0,1.0,22.799999237060547,22.1299991607666
2025-10-16,RIOT,yfinance,22.11000061035156,22.11000061035156,19.399999618530277,19.549999237060547,19.549999237060547,22941100,0.0,0.0,1.0,22.11000061035156,19.549999237060547
2025-10-17,RIOT,yfinance,18.809999465942383,20.290000915527344,18.5,20.030000686645508,20.030000686645508,22556500,0.0,0.0,1.0,18.809999465942383,20.030000686645508
2025-10-20,RIOT,yfinance,21.059999465942383,22.549999237060547,20.61000061035156,22.01000022888184,22.01000022888184,22037400,0.0,0.0,1.0,21.059999465942383,22.01000022888184
2025-10-21,RIOT,yfinance,21.584999084472656,22.190000534057617,20.489999771118164,20.670000076293945,20.670000076293945,18231100,0.0,0.0,1.0,21.584999084472656,20.670000076293945
2025-10-22,RIOT,yfinance,20.21999931335449,20.57999992370605,18.38999938964844,18.989999771118164,18.989999771118164,20084800,0.0,0.0,1.0,20.21999931335449,18.989999771118164
2025-10-23,RIOT,yfinance,19.149999618530277,20.959999084472656,19.149999618530277,20.489999771118164,20.489999771118164,17813400,0.0,0.0,1.0,19.149999618530277,20.489999771118164
2025-10-24,RIOT,yfinance,21.270000457763672,21.88999938964844,20.899999618530277,21.420000076293945,21.420000076293945,15624700,0.0,0.0,1.0,21.270000457763672,21.420000076293945
2025-10-27,RIOT,yfinance,22.225000381469727,23.489999771118164,21.56999969482422,23.0,23.0,21638900,0.0,0.0,1.0,22.225000381469727,23.0
2025-10-28,RIOT,yfinance,22.950000762939453,23.23500061035156,21.43000030517578,21.55500030517578,21.55500030517578,22936600,0.0,0.0,1.0,22.950000762939453,21.55500030517578
2025-10-29,RIOT,yfinance,22.024999618530277,22.57999992370605,21.059999465942383,22.170000076293945,22.170000076293945,25248100,0.0,0.0,1.0,22.024999618530277,22.170000076293945
2025-10-30,RIOT,yfinance,21.45499992370605,21.82999992370605,20.739999771118164,21.09000015258789,21.09000015258789,20561300,0.0,0.0,1.0,21.45499992370605,21.09000015258789
2025-10-31,RIOT,yfinance,21.709999084472656,21.905000686645508,19.31100082397461,19.780000686645508,19.780000686645508,33356000,0.0,0.0,1.0,21.709999084472656,19.780000686645508
2025-11-03,RIOT,yfinance,20.88500022888184,21.82999992370605,19.950000762939453,20.71999931335449,20.71999931335449,33715600,0.0,0.0,1.0,20.88500022888184,20.71999931335449
2025-11-04,RIOT,yfinance,19.690000534057617,20.924999237060547,19.059999465942383,19.274999618530277,19.274999618530277,25277300,0.0,0.0,1.0,19.690000534057617,19.274999618530277
2025-11-05,RIOT,yfinance,19.420000076293945,19.729999542236328,18.40999984741211,18.96999931335449,18.96999931335449,32493600,0.0,0.0,1.0,19.420000076293945,18.96999931335449
2025-11-06,RIOT,yfinance,18.82999992370605,18.899999618530277,17.299999237060547,17.34000015258789,17.34000015258789,22687000,0.0,0.0,1.0,18.82999992370605,17.34000015258789
2025-11-07,RIOT,yfinance,16.584999084472656,17.125,15.970000267028809,17.010000228881836,17.010000228881836,22442100,0.0,0.0,1.0,16.584999084472656,17.010000228881836
2025-11-10,RIOT,yfinance,17.790000915527344,18.0,17.049999237060547,17.31999969482422,17.31999969482422,17622700,0.0,0.0,1.0,17.790000915527344,17.31999969482422
2025-11-11,RIOT,yfinance,16.809999465942383,16.81999969482422,15.920000076293944,16.139999389648438,16.139999389648438,22278700,0.0,0.0,1.0,16.809999465942383,16.139999389648438
2025-11-12,RIOT,yfinance,16.469999313354492,16.469999313354492,15.079999923706056,15.460000038146973,15.460000038146973,24259800,0.0,0.0,1.0,16.469999313354492,15.460000038146973
2025-11-13,RIOT,yfinance,15.0649995803833,15.199999809265137,13.600000381469728,13.880000114440918,13.880000114440918,28407500,0.0,0.0,1.0,15.0649995803833,13.880000114440918
2025-11-14,RIOT,yfinance,13.210000038146973,14.53600025177002,12.75,13.949999809265137,13.949999809265137,31664700,0.0,0.0,1.0,13.210000038146973,13.949999809265137
2025-11-17,RIOT,yfinance,13.765000343322754,14.234999656677246,13.335000038146973,13.880000114440918,13.880000114440918,22867700,0.0,0.0,1.0,13.765000343322754,13.880000114440918
2025-11-18,RIOT,yfinance,13.630000114440918,14.239999771118164,13.454999923706056,13.9399995803833,13.9399995803833,18309400,0.0,0.0,1.0,13.630000114440918,13.9399995803833
2025-11-19,RIOT,yfinance,13.970000267028809,14.454999923706056,13.03499984741211,13.350000381469728,13.350000381469728,21392400,0.0,0.0,1.0,13.970000267028809,13.350000381469728
2025-11-20,RIOT,yfinance,14.079999923706056,14.329999923706056,12.739999771118164,12.779999732971191,12.779999732971191,21872500,0.0,0.0,1.0,14.079999923706056,12.779999732971191
2025-11-21,RIOT,yfinance,12.5,12.90999984741211,12.038000106811523,12.710000038146973,12.710000038146973,18271700,0.0,0.0,1.0,12.5,12.710000038146973
2025-11-24,RIOT,yfinance,13.05500030517578,13.90999984741211,12.829999923706056,13.880000114440918,13.880000114440918,17483100,0.0,0.0,1.0,13.05500030517578,13.880000114440918
2025-11-25,RIOT,yfinance,13.630000114440918,14.4399995803833,13.125,14.390000343322754,14.390000343322754,21051300,0.0,0.0,1.0,13.630000114440918,14.390000343322754
2025-11-26,RIOT,yfinance,14.574999809265137,15.239999771118164,14.229999542236328,14.960000038146973,14.960000038146973,19374700,0.0,0.0,1.0,14.574999809265137,14.960000038146973
2025-11-28,RIOT,yfinance,15.720000267028809,16.649999618530273,15.5600004196167,16.1299991607666,16.1299991607666,21219100,0.0,0.0,1.0,15.720000267028809,16.1299991607666
2025-12-01,RIOT,yfinance,15.239999771118164,15.809000015258787,14.880000114440918,15.479999542236328,15.479999542236328,19149400,0.0,0.0,1.0,15.239999771118164,15.479999542236328
2025-12-02,RIOT,yfinance,15.845000267028809,16.25,15.199999809265137,15.220000267028809,15.220000267028809,21975200,0.0,0.0,1.0,15.845000267028809,15.220000267028809
2025-12-03,RIOT,yfinance,15.19499969482422,15.68000030517578,14.890000343322754,15.640000343322754,15.640000343322754,14094000,0.0,0.0,1.0,15.19499969482422,15.640000343322754
2025-12-04,RIOT,yfinance,15.43000030517578,15.850000381469728,15.220000267028809,15.59000015258789,15.59000015258789,12930000,0.0,0.0,1.0,15.43000030517578,15.59000015258789
2025-12-05,RIOT,yfinance,15.329999923706056,15.428999900817873,14.699999809265137,14.9399995803833,14.9399995803833,15302800,0.0,0.0,1.0,15.329999923706056,14.9399995803833
2025-12-08,RIOT,yfinance,15.130000114440918,15.404999732971191,14.760000228881836,14.960000038146973,14.960000038146973,12472000,0.0,0.0,1.0,15.130000114440918,14.960000038146973
2025-12-09,RIOT,yfinance,14.640000343322754,15.96500015258789,14.40999984741211,15.510000228881836,15.510000228881836,15477900,0.0,0.0,1.0,14.640000343322754,15.510000228881836
2025-12-10,RIOT,yfinance,15.31999969482422,15.824999809265137,15.109999656677246,15.56999969482422,15.56999969482422,14876200,0.0,0.0,1.0,15.31999969482422,15.56999969482422
2025-12-11,RIOT,yfinance,15.199999809265137,15.80500030517578,14.65999984741211,15.75,15.75,21134900,0.0,0.0,1.0,15.199999809265137,15.75
2025-12-12,RIOT,yfinance,15.744999885559082,16.270000457763672,15.029999732971191,15.300000190734863,15.300000190734863,18277400,0.0,0.0,1.0,15.744999885559082,15.300000190734863
2025-12-15,RIOT,yfinance,15.289999961853027,15.289999961853027,13.56999969482422,13.710000038146973,13.710000038146973,19176500,0.0,0.0,1.0,15.289999961853027,13.710000038146973
2025-12-16,RIOT,yfinance,13.56999969482422,13.859999656677246,13.074999809265137,13.470000267028809,13.470000267028809,13951400,0.0,0.0,1.0,13.56999969482422,13.470000267028809
2025-12-17,RIOT,yfinance,13.670000076293944,13.989999771118164,12.835000038146973,12.960000038146973,12.960000038146973,14833700,0.0,0.0,1.0,13.670000076293944,12.960000038146973
2025-12-18,RIOT,yfinance,13.475000381469728,13.734999656677246,13.114999771118164,13.380000114440918,13.380000114440918,14402700,0.0,0.0,1.0,13.475000381469728,13.380000114440918
2025-12-19,RIOT,yfinance,13.725000381469728,14.640000343322754,13.6899995803833,14.5,14.5,19399800,0.0,0.0,1.0,13.725000381469728,14.5
2025-12-22,RIOT,yfinance,15.024999618530272,15.09000015258789,14.289999961853027,14.399999618530272,14.399999618530272,13007900,0.0,0.0,1.0,15.024999618530272,14.399999618530272
2025-12-23,RIOT,yfinance,14.079999923706056,14.229999542236328,13.635000228881836,13.670000076293944,13.670000076293944,11055500,0.0,0.0,1.0,14.079999923706056,13.670000076293944
2025-12-24,RIOT,yfinance,13.84000015258789,13.93000030517578,13.541999816894531,13.920000076293944,13.920000076293944,4460600,0.0,0.0,1.0,13.84000015258789,13.920000076293944
2025-12-26,RIOT,yfinance,13.93000030517578,13.949999809265137,13.380000114440918,13.4399995803833,13.4399995803833,8972100,0.0,0.0,1.0,13.93000030517578,13.4399995803833
2025-12-29,RIOT,yfinance,13.154999732971191,13.649999618530272,13.045000076293944,13.210000038146973,13.210000038146973,8623500,0.0,0.0,1.0,13.154999732971191,13.210000038146973
2025-12-30,RIOT,yfinance,13.364999771118164,13.479999542236328,12.699999809265137,12.699999809265137,12.699999809265137,13824400,0.0,0.0,1.0,13.364999771118164,12.699999809265137
2025-12-31,RIOT,yfinance,12.770000457763672,13.06999969482422,12.619999885559082,12.670000076293944,12.670000076293944,10971600,0.0,0.0,1.0,12.770000457763672,12.670000076293944
2026-01-02,RIOT,yfinance,13.010000228881836,14.395000457763672,12.645999908447266,14.15999984741211,14.15999984741211,21653500,0.0,0.0,1.0,13.010000228881836,14.15999984741211
2026-01-05,RIOT,yfinance,14.75,14.954999923706056,14.359999656677246,14.789999961853027,14.789999961853027,14201200,0.0,0.0,1.0,14.75,14.789999961853027
2026-01-06,RIOT,yfinance,14.789999961853027,15.25,14.380000114440918,14.979999542236328,14.979999542236328,14039800,0.0,0.0,1.0,14.789999961853027,14.979999542236328
2026-01-07,RIOT,yfinance,14.93000030517578,15.345000267028809,14.585000038146973,15.270000457763672,15.270000457763672,17491900,0.0,0.0,1.0,14.93000030517578,15.270000457763672
2026-01-08,RIOT,yfinance,15.050000190734863,15.489999771118164,14.84000015258789,15.130000114440918,15.130000114440918,13371900,0.0,0.0,1.0,15.050000190734863,15.130000114440918
2026-01-09,RIOT,yfinance,15.5,16.084999084472656,15.199999809265137,15.31999969482422,15.31999969482422,16439500,0.0,0.0,1.0,15.5,15.31999969482422
2026-01-12,RIOT,yfinance,15.300000190734863,16.459999084472656,14.989999771118164,16.450000762939453,16.450000762939453,20866200,0.0,0.0,1.0,15.300000190734863,16.450000762939453
2026-01-13,RIOT,yfinance,16.65999984741211,16.950000762939453,16.149999618530273,16.75,16.75,19757500,0.0,0.0,1.0,16.65999984741211,16.75
2026-01-14,RIOT,yfinance,17.299999237060547,17.940000534057617,16.760000228881836,17.309999465942383,17.309999465942383,27729100,0.0,0.0,1.0,17.299999237060547,17.309999465942383
2026-01-15,RIOT,yfinance,16.899999618530273,17.329999923706055,16.510000228881836,16.56999969482422,16.56999969482422,15568000,0.0,0.0,1.0,16.899999618530273,16.56999969482422
2026-01-16,RIOT,yfinance,17.729999542236328,19.38999938964844,17.299999237060547,19.239999771118164,19.239999771118164,53701100,0.0,0.0,1.0,17.729999542236328,19.239999771118164
2026-01-20,RIOT,yfinance,17.84000015258789,18.979999542236328,17.799999237060547,18.100000381469727,18.100000381469727,25353400,0.0,0.0,1.0,17.84000015258789,18.100000381469727
2026-01-21,RIOT,yfinance,18.2450008392334,18.75,16.959999084472656,17.25,17.25,21079200,0.0,0.0,1.0,18.2450008392334,17.25
2026-01-22,RIOT,yfinance,17.40999984741211,17.68000030517578,16.799999237060547,17.079999923706055,17.079999923706055,13647200,0.0,0.0,1.0,17.40999984741211,17.079999923706055
2026-01-23,RIOT,yfinance,17.06999969482422,18.44499969482422,16.549999237060547,17.280000686645508,17.280000686645508,22985400,0.0,0.0,1.0,17.06999969482422,17.280000686645508
2026-01-26,RIOT,yfinance,17.155000686645508,17.170000076293945,16.200000762939453,16.229999542236328,16.229999542236328,20019400,0.0,0.0,1.0,17.155000686645508,16.229999542236328
2026-01-27,RIOT,yfinance,16.31999969482422,17.70599937438965,16.190000534057617,17.549999237060547,17.549999237060547,18849000,0.0,0.0,1.0,16.31999969482422,17.549999237060547
2026-01-28,RIOT,yfinance,17.719999313354492,18.040000915527344,17.170000076293945,17.549999237060547,17.549999237060547,14628700,0.0,0.0,1.0,17.719999313354492,17.549999237060547
2026-01-29,RIOT,yfinance,17.219999313354492,17.299999237060547,16.049999237060547,16.969999313354492,16.969999313354492,18693900,0.0,0.0,1.0,17.219999313354492,16.969999313354492
2026-01-30,RIOT,yfinance,16.440000534057617,16.59000015258789,15.25,15.470000267028809,15.470000267028809,19706700,0.0,0.0,1.0,16.440000534057617,15.470000267028809
2026-02-02,RIOT,yfinance,15.09000015258789,15.789999961853027,14.800000190734863,15.31999969482422,15.31999969482422,15999700,0.0,0.0,1.0,15.09000015258789,15.31999969482422
2026-02-03,RIOT,yfinance,15.470000267028809,16.200000762939453,14.720000267028809,15.34000015258789,15.34000015258789,18849700,0.0,0.0,1.0,15.470000267028809,15.34000015258789
2026-02-04,RIOT,yfinance,15.020000457763672,15.109999656677246,13.454999923706056,14.140000343322754,14.140000343322754,26099900,0.0,0.0,1.0,15.020000457763672,14.140000343322754
2026-02-05,RIOT,yfinance,13.640000343322754,14.18000030517578,11.8100004196167,12.0600004196167,12.0600004196167,32921100,0.0,0.0,1.0,13.640000343322754,12.0600004196167
2026-02-06,RIOT,yfinance,13.010000228881836,14.5649995803833,12.8100004196167,14.449999809265137,14.449999809265137,25278000,0.0,0.0,1.0,13.010000228881836,14.449999809265137
2026-02-09,RIOT,yfinance,13.899999618530272,15.119999885559082,13.800000190734863,14.970000267028809,14.970000267028809,18191300,0.0,0.0,1.0,13.899999618530272,14.970000267028809
2026-02-10,RIOT,yfinance,14.5,15.31999969482422,14.5,14.829999923706056,14.829999923706056,14746500,0.0,0.0,1.0,14.5,14.829999923706056
2026-02-11,RIOT,yfinance,14.949999809265137,15.114999771118164,14.279999732971191,14.800000190734863,14.800000190734863,17062500,0.0,0.0,1.0,14.949999809265137,14.800000190734863
2026-02-12,RIOT,yfinance,14.779999732971191,15.18000030517578,13.9350004196167,14.199999809265137,14.199999809265137,21918600,0.0,0.0,1.0,14.779999732971191,14.199999809265137
2026-02-13,RIOT,yfinance,14.390000343322754,15.619999885559082,14.010000228881836,15.220000267028809,15.220000267028809,19809700,0.0,0.0,1.0,14.390000343322754,15.220000267028809
2026-02-17,RIOT,yfinance,14.777999877929688,15.0649995803833,14.085000038146973,14.649999618530272,14.649999618530272,17213300,0.0,0.0,1.0,14.777999877929688,14.649999618530272
2026-02-18,RIOT,yfinance,15.25,16.059999465942383,15.050000190734863,15.489999771118164,15.489999771118164,26762800,0.0,0.0,1.0,15.25,15.489999771118164
2026-02-19,RIOT,yfinance,15.270000457763672,16.25,15.119999885559082,16.219999313354492,16.219999313354492,17510400,0.0,0.0,1.0,15.270000457763672,16.219999313354492
2026-02-20,RIOT,yfinance,16.19499969482422,17.184999465942383,15.40999984741211,15.68000030517578,15.68000030517578,20495600,0.0,0.0,1.0,16.19499969482422,15.68000030517578
2026-02-23,RIOT,yfinance,15.170000076293944,15.989999771118164,15.100000381469728,15.649999618530272,15.649999618530272,14920900,0.0,0.0,1.0,15.170000076293944,15.649999618530272
2026-02-24,RIOT,yfinance,15.789999961853027,16.780000686645508,15.390000343322754,16.5,16.5,17052100,0.0,0.0,1.0,15.789999961853027,16.5
2026-02-25,RIOT,yfinance,17.030000686645508,17.408000946044922,16.735000610351562,17.079999923706055,17.079999923706055,17540100,0.0,0.0,1.0,17.030000686645508,17.079999923706055
2026-02-26,RIOT,yfinance,16.799999237060547,17.219999313354492,16.540000915527344,17.09000015258789,17.09000015258789,12662600,0.0,0.0,1.0,16.799999237060547,17.09000015258789
2026-02-27,RIOT,yfinance,16.690000534057617,16.940000534057617,15.779999732971191,16.290000915527344,16.290000915527344,15497700,0.0,0.0,1.0,16.690000534057617,16.290000915527344
2026-03-02,RIOT,yfinance,15.600000381469728,16.899999618530273,15.5,16.43000030517578,16.43000030517578,19694000,0.0,0.0,1.0,15.600000381469728,16.43000030517578
2026-03-03,RIOT,yfinance,15.914999961853027,16.290000915527344,15.14799976348877,15.289999961853027,15.289999961853027,24626100,0.0,0.0,1.0,15.914999961853027,15.289999961853027
2026-03-04,RIOT,yfinance,15.710000038146973,17.014999389648438,15.520000457763672,16.530000686645508,16.530000686645508,21174700,0.0,0.0,1.0,15.710000038146973,16.530000686645508
2026-03-05,RIOT,yfinance,16.450000762939453,16.610000610351562,15.050000190734863,15.600000381469728,15.600000381469728,21039000,0.0,0.0,1.0,16.450000762939453,15.600000381469728
2026-03-06,RIOT,yfinance,15.05500030517578,15.09000015258789,13.9350004196167,14.164999961853027,14.164999961853027,20747700,0.0,0.0,1.0,15.05500030517578,14.164999961853027
2026-03-09,RIOT,yfinance,13.90999984741211,14.789999961853027,13.56999969482422,14.699999809265137,14.699999809265137,17254400,0.0,0.0,1.0,13.90999984741211,14.699999809265137
2026-03-10,RIOT,yfinance,14.850000381469728,15.390000343322754,14.529999732971191,14.640000343322754,14.640000343322754,15746600,0.0,0.0,1.0,14.850000381469728,14.640000343322754
2026-03-11,RIOT,yfinance,14.68000030517578,15.265000343322754,14.350000381469728,14.8100004196167,14.8100004196167,15230500,0.0,0.0,1.0,14.68000030517578,14.8100004196167
2026-03-12,RIOT,yfinance,14.454999923706056,14.75,13.93000030517578,14.5,14.5,16202900,0.0,0.0,1.0,14.454999923706056,14.5
2026-03-13,RIOT,yfinance,15.0,15.5600004196167,14.005000114440918,14.039999961853027,14.039999961853027,19874700,0.0,0.0,1.0,15.0,14.039999961853027
2026-03-16,RIOT,yfinance,14.630000114440918,14.880000114440918,14.18000030517578,14.399999618530272,14.399999618530272,18671400,0.0,0.0,1.0,14.630000114440918,14.399999618530272
2026-03-17,RIOT,yfinance,14.220000267028809,14.98900032043457,14.18000030517578,14.68000030517578,14.68000030517578,14784800,0.0,0.0,1.0,14.220000267028809,14.68000030517578
2026-03-18,RIOT,yfinance,14.460000038146973,14.67199993133545,13.925000190734863,14.100000381469728,14.100000381469728,18597900,0.0,0.0,1.0,14.460000038146973,14.100000381469728
2026-03-19,RIOT,yfinance,13.699999809265137,14.350000381469728,13.253000259399414,14.140000343322754,14.140000343322754,12493400,0.0,0.0,1.0,13.699999809265137,14.140000343322754
2026-03-20,RIOT,yfinance,14.029999732971191,14.100000381469728,13.010000228881836,13.380000114440918,13.380000114440918,15573500,0.0,0.0,1.0,14.029999732971191,13.380000114440918
2026-03-23,RIOT,yfinance,13.40999984741211,14.585000038146973,13.40999984741211,14.369999885559082,14.369999885559082,16517600,0.0,0.0,1.0,13.40999984741211,14.369999885559082
2026-03-24,RIOT,yfinance,14.15999984741211,14.729999542236328,14.024999618530272,14.329999923706056,14.329999923706056,13309100,0.0,0.0,1.0,14.15999984741211,14.329999923706056
2026-03-25,RIOT,yfinance,14.800000190734863,15.25,14.470000267028809,15.15999984741211,15.15999984741211,16018100,0.0,0.0,1.0,14.800000190734863,15.15999984741211
2026-03-26,RIOT,yfinance,14.829999923706056,14.899999618530272,13.640000343322754,14.005000114440918,14.005000114440918,14665400,0.0,0.0,1.0,14.829999923706056,14.005000114440918
2026-03-27,RIOT,yfinance,13.65999984741211,13.670000076293944,12.663000106811523,12.800000190734863,12.800000190734863,17530700,0.0,0.0,1.0,13.65999984741211,12.800000190734863
2026-03-30,RIOT,yfinance,12.904999732971191,13.0600004196167,11.5,11.829999923706056,11.829999923706056,16882500,0.0,0.0,1.0,12.904999732971191,11.829999923706056
2026-03-31,RIOT,yfinance,12.15999984741211,12.479999542236328,11.515000343322754,12.359999656677246,12.359999656677246,18025000,0.0,0.0,1.0,12.15999984741211,12.359999656677246
2026-04-01,RIOT,yfinance,12.65999984741211,12.869999885559082,12.420000076293944,12.550000190734863,12.550000190734863,13290900,0.0,0.0,1.0,12.65999984741211,12.550000190734863
2026-04-02,RIOT,yfinance,11.913999557495115,13.0,11.75,12.859999656677246,12.859999656677246,14491000,0.0,0.0,1.0,11.913999557495115,12.859999656677246
2026-04-06,RIOT,yfinance,12.960000038146973,13.710000038146973,12.949999809265137,13.520000457763672,13.520000457763672,12020400,0.0,0.0,1.0,12.960000038146973,13.520000457763672
2026-04-07,RIOT,yfinance,13.300000190734863,14.199999809265137,13.239999771118164,14.1899995803833,14.1899995803833,14780900,0.0,0.0,1.0,13.300000190734863,14.1899995803833
2026-04-08,RIOT,yfinance,15.489999771118164,16.315000534057617,15.329999923706056,16.110000610351562,16.110000610351562,28412100,0.0,0.0,1.0,15.489999771118164,16.110000610351562
2026-04-09,RIOT,yfinance,16.0,17.174999237060547,15.96500015258789,16.690000534057617,16.690000534057617,18245200,0.0,0.0,1.0,16.0,16.690000534057617
2026-04-10,RIOT,yfinance,16.739999771118164,17.149999618530273,16.565000534057617,16.600000381469727,16.600000381469727,13953800,0.0,0.0,1.0,16.739999771118164,16.600000381469727
2026-04-13,RIOT,yfinance,16.20199966430664,17.440000534057617,15.9399995803833,17.3700008392334,17.3700008392334,14040300,0.0,0.0,1.0,16.20199966430664,17.3700008392334
2026-04-14,RIOT,yfinance,18.04800033569336,18.90999984741211,17.799999237060547,18.1200008392334,18.1200008392334,17906900,0.0,0.0,1.0,18.04800033569336,18.1200008392334
2026-04-15,RIOT,yfinance,17.735000610351562,17.94499969482422,16.600000381469727,17.420000076293945,17.420000076293945,31416300,0.0,0.0,1.0,17.735000610351562,17.420000076293945
2026-04-16,RIOT,yfinance,17.579999923706055,17.690000534057617,16.155000686645508,16.920000076293945,16.920000076293945,23724500,0.0,0.0,1.0,17.579999923706055,16.920000076293945
2026-04-17,RIOT,yfinance,17.479999542236328,18.479999542236328,17.049999237060547,18.11000061035156,18.11000061035156,20578400,0.0,0.0,1.0,17.479999542236328,18.11000061035156
2026-04-20,RIOT,yfinance,17.959999084472656,18.530000686645508,17.570999145507812,18.11000061035156,18.11000061035156,22124900,0.0,0.0,1.0,17.959999084472656,18.11000061035156
2026-04-21,RIOT,yfinance,18.290000915527344,18.309999465942383,17.350000381469727,17.40999984741211,17.40999984741211,16427400,0.0,0.0,1.0,18.290000915527344,17.40999984741211
2026-04-22,RIOT,yfinance,18.11000061035156,18.670000076293945,18.10099983215332,18.479999542236328,18.479999542236328,16518600,0.0,0.0,1.0,18.11000061035156,18.479999542236328
2026-04-23,RIOT,yfinance,18.290000915527344,18.98500061035156,17.78499984741211,18.209999084472656,18.209999084472656,14607000,0.0,0.0,1.0,18.290000915527344,18.209999084472656
2026-04-24,RIOT,yfinance,18.575000762939453,19.06999969482422,18.26499938964844,18.61000061035156,18.61000061035156,20818400,0.0,0.0,1.0,18.575000762939453,18.61000061035156
2026-04-27,RIOT,yfinance,18.489999771118164,18.88500022888184,18.010000228881836,18.280000686645508,18.280000686645508,14958500,0.0,0.0,1.0,18.489999771118164,18.280000686645508
2026-04-28,RIOT,yfinance,17.530000686645508,17.56999969482422,16.4950008392334,16.56999969482422,16.56999969482422,21014400,0.0,0.0,1.0,17.530000686645508,16.56999969482422
2026-04-29,RIOT,yfinance,16.565000534057617,16.56999969482422,15.3100004196167,15.979999542236328,15.979999542236328,18305800,0.0,0.0,1.0,16.565000534057617,15.979999542236328
2026-04-30,RIOT,yfinance,16.2450008392334,17.280000686645508,16.200000762939453,17.239999771118164,17.239999771118164,22665900,0.0,0.0,1.0,16.2450008392334,17.239999771118164
2026-05-01,RIOT,yfinance,18.51000022888184,19.4950008392334,18.170000076293945,18.5,18.5,32904600,0.0,0.0,1.0,18.51000022888184,18.5
2026-05-04,RIOT,yfinance,18.6200008392334,19.100000381469727,18.15999984741211,18.68000030517578,18.68000030517578,18822200,0.0,0.0,1.0,18.6200008392334,18.68000030517578
2026-05-05,RIOT,yfinance,19.200000762939453,20.420000076293945,19.059999465942383,20.350000381469727,20.350000381469727,20934500,0.0,0.0,1.0,19.200000762939453,20.350000381469727
2026-05-06,RIOT,yfinance,22.399999618530277,23.739999771118164,22.32999992370605,23.700000762939453,23.700000762939453,37286500,0.0,0.0,1.0,22.399999618530277,23.700000762939453
2026-05-07,RIOT,yfinance,23.420000076293945,24.13999938964844,22.8799991607666,24.11000061035156,24.11000061035156,26355500,0.0,0.0,1.0,23.420000076293945,24.11000061035156
2026-05-08,RIOT,yfinance,24.40999984741211,24.46999931335449,23.13999938964844,24.07999992370605,24.07999992370605,17796300,0.0,0.0,1.0,24.40999984741211,24.07999992370605
2026-05-11,RIOT,yfinance,23.84499931335449,25.86000061035156,23.84499931335449,25.34000015258789,25.34000015258789,18705100,0.0,0.0,1.0,23.84499931335449,25.34000015258789
2026-05-12,RIOT,yfinance,24.540000915527344,25.01000022888184,23.40999984741211,24.51000022888184,24.51000022888184,18226200,0.0,0.0,1.0,24.540000915527344,24.51000022888184
2026-05-13,RIOT,yfinance,24.79800033569336,25.299999237060547,24.05500030517578,24.920000076293945,24.920000076293945,14118100,0.0,0.0,1.0,24.79800033569336,24.920000076293945
2026-05-14,RIOT,yfinance,24.920000076293945,25.200000762939453,23.8700008392334,24.6200008392334,24.6200008392334,13477300,0.0,0.0,1.0,24.920000076293945,24.6200008392334
2026-05-15,RIOT,yfinance,23.71199989318848,24.145000457763672,23.07999992370605,23.489999771118164,23.489999771118164,14080200,0.0,0.0,1.0,23.71199989318848,23.489999771118164
2026-05-18,RIOT,yfinance,23.530000686645508,23.56999969482422,22.51000022888184,23.18000030517578,23.18000030517578,17103600,0.0,0.0,1.0,23.530000686645508,23.18000030517578
2026-05-19,RIOT,yfinance,22.63500022888184,23.114999771118164,21.729999542236328,22.645000457763672,22.645000457763672,14841000,0.0,0.0,1.0,22.63500022888184,22.645000457763672
2026-05-20,RIOT,yfinance,23.149999618530277,24.200000762939453,22.77400016784668,23.670000076293945,23.670000076293945,13231200,0.0,0.0,1.0,23.149999618530277,23.670000076293945
2026-05-21,RIOT,yfinance,23.899999618530277,24.770000457763672,23.6299991607666,24.46999931335449,24.46999931335449,13551700,0.0,0.0,1.0,23.899999618530277,24.46999931335449
2026-05-22,RIOT,yfinance,24.59000015258789,25.065000534057617,24.309999465942383,24.489999771118164,24.489999771118164,11154100,0.0,0.0,1.0,24.59000015258789,24.489999771118164
2026-05-26,RIOT,yfinance,25.155000686645508,26.299999237060547,25.13999938964844,26.07999992370605,26.07999992370605,16734000,0.0,0.0,1.0,25.155000686645508,26.07999992370605
2026-05-27,RIOT,yfinance,26.489999771118164,27.38999938964844,25.670000076293945,26.940000534057617,26.940000534057617,16779800,0.0,0.0,1.0,26.489999771118164,26.940000534057617
2026-05-28,RIOT,yfinance,26.729999542236328,28.540000915527344,26.459999084472656,27.739999771118164,27.739999771118164,19167800,0.0,0.0,1.0,26.729999542236328,27.739999771118164
2026-05-29,RIOT,yfinance,27.46999931335449,27.850000381469727,26.584999084472656,27.11000061035156,27.11000061035156,18700700,0.0,0.0,1.0,27.46999931335449,27.11000061035156
2026-06-01,RIOT,yfinance,26.575000762939453,28.84000015258789,25.850000381469727,28.25,28.25,18945700,0.0,0.0,1.0,26.575000762939453,28.25
2026-06-02,RIOT,yfinance,28.229999542236328,28.940000534057617,26.95499992370605,27.31999969482422,27.31999969482422,17871500,0.0,0.0,1.0,28.229999542236328,27.31999969482422
2026-06-03,RIOT,yfinance,27.68000030517578,28.63999938964844,27.25,27.649999618530277,27.649999618530277,16040300,0.0,0.0,1.0,27.68000030517578,27.649999618530277
2026-06-04,RIOT,yfinance,26.51000022888184,28.07999992370605,26.059999465942383,27.46999931335449,27.46999931335449,16211400,0.0,0.0,1.0,26.51000022888184,27.46999931335449
2026-06-05,RIOT,yfinance,26.51000022888184,26.51000022888184,23.979999542236328,24.65999984741211,24.65999984741211,18367000,0.0,0.0,1.0,26.51000022888184,24.65999984741211
