Date,ticker,source,Open,High,Low,Close,Adj Close,Volume,Dividends,Stock Splits,adj_factor,adj_open,adj_close
2020-12-11,VVOS,yfinance,176.75,360.25,170.0,224.75,224.75,192752,0.0,0.0,1.0,176.75,224.75
2020-12-14,VVOS,yfinance,208.2749938964844,210.0,187.5,194.75,194.75,24340,0.0,0.0,1.0,208.2749938964844,194.75
2020-12-15,VVOS,yfinance,187.5,191.0,165.5,178.0,178.0,14520,0.0,0.0,1.0,187.5,178.0
2020-12-16,VVOS,yfinance,176.25,177.5,165.25,169.5,169.5,9868,0.0,0.0,1.0,176.25,169.5
2020-12-17,VVOS,yfinance,232.5,309.5,206.25,227.75,227.75,624468,0.0,0.0,1.0,232.5,227.75
2020-12-18,VVOS,yfinance,210.0,236.25,182.2749938964844,192.5,192.5,46636,0.0,0.0,1.0,210.0,192.5
2020-12-21,VVOS,yfinance,192.1499938964844,208.9750061035156,182.0,185.75,185.75,17844,0.0,0.0,1.0,192.1499938964844,185.75
2020-12-22,VVOS,yfinance,187.0,192.75,176.75,180.0,180.0,19496,0.0,0.0,1.0,187.0,180.0
2020-12-23,VVOS,yfinance,176.0,197.75,176.0,181.0,181.0,13696,0.0,0.0,1.0,176.0,181.0
2020-12-24,VVOS,yfinance,183.5,188.75,181.1999969482422,184.5,184.5,7000,0.0,0.0,1.0,183.5,184.5
2020-12-28,VVOS,yfinance,186.25,186.25,166.64999389648438,174.75,174.75,15456,0.0,0.0,1.0,186.25,174.75
2020-12-29,VVOS,yfinance,172.5,174.5,159.5,163.25,163.25,9852,0.0,0.0,1.0,172.5,163.25
2020-12-30,VVOS,yfinance,161.0,161.0,150.5,152.5,152.5,9508,0.0,0.0,1.0,161.0,152.5
2020-12-31,VVOS,yfinance,153.25,157.5,141.0,147.75,147.75,8664,0.0,0.0,1.0,153.25,147.75
2021-01-04,VVOS,yfinance,149.25,157.5,147.75,150.25,150.25,6204,0.0,0.0,1.0,149.25,150.25
2021-01-05,VVOS,yfinance,152.5,157.5,146.25,154.25,154.25,11832,0.0,0.0,1.0,152.5,154.25
2021-01-06,VVOS,yfinance,157.0,160.25,153.0,157.25,157.25,7108,0.0,0.0,1.0,157.0,157.25
2021-01-07,VVOS,yfinance,155.25,161.25,152.39999389648438,159.75,159.75,3932,0.0,0.0,1.0,155.25,159.75
2021-01-08,VVOS,yfinance,159.75,160.0,152.5,155.75,155.75,5008,0.0,0.0,1.0,159.75,155.75
2021-01-11,VVOS,yfinance,159.0,182.5,156.625,181.25,181.25,20448,0.0,0.0,1.0,159.0,181.25
2021-01-12,VVOS,yfinance,183.75,206.0,182.75,203.25,203.25,21268,0.0,0.0,1.0,183.75,203.25
2021-01-13,VVOS,yfinance,204.5,206.25,193.75,203.75,203.75,9032,0.0,0.0,1.0,204.5,203.75
2021-01-14,VVOS,yfinance,203.75,203.75,193.8500061035156,199.75,199.75,5712,0.0,0.0,1.0,203.75,199.75
2021-01-15,VVOS,yfinance,194.75,199.625,183.75,188.25,188.25,10540,0.0,0.0,1.0,194.75,188.25
2021-01-19,VVOS,yfinance,188.25,197.4499969482422,170.0,170.75,170.75,15540,0.0,0.0,1.0,188.25,170.75
2021-01-20,VVOS,yfinance,170.0,179.5,166.0,168.0,168.0,6860,0.0,0.0,1.0,170.0,168.0
2021-01-21,VVOS,yfinance,172.75,178.5,168.75,176.75,176.75,8668,0.0,0.0,1.0,172.75,176.75
2021-01-22,VVOS,yfinance,175.5,175.5,164.5,167.5,167.5,4832,0.0,0.0,1.0,175.5,167.5
2021-01-25,VVOS,yfinance,168.75,174.75,162.5,171.75,171.75,6800,0.0,0.0,1.0,168.75,171.75
2021-01-26,VVOS,yfinance,171.75,178.75,165.25,178.5,178.5,4912,0.0,0.0,1.0,171.75,178.5
2021-01-27,VVOS,yfinance,177.5,178.75,165.75,175.75,175.75,6148,0.0,0.0,1.0,177.5,175.75
2021-01-28,VVOS,yfinance,168.0,170.125,164.6999969482422,168.625,168.625,2172,0.0,0.0,1.0,168.0,168.625
2021-01-29,VVOS,yfinance,168.5,173.5,159.25,163.5,163.5,4396,0.0,0.0,1.0,168.5,163.5
2021-02-01,VVOS,yfinance,164.75,177.5,164.5,175.25,175.25,3928,0.0,0.0,1.0,164.75,175.25
2021-02-02,VVOS,yfinance,175.5,183.25,167.5,168.5,168.5,4916,0.0,0.0,1.0,175.5,168.5
2021-02-03,VVOS,yfinance,167.5,175.0,167.5,172.0,172.0,3040,0.0,0.0,1.0,167.5,172.0
2021-02-04,VVOS,yfinance,174.0,178.0,170.25,172.5,172.5,1960,0.0,0.0,1.0,174.0,172.5
2021-02-05,VVOS,yfinance,174.0,179.47500610351562,167.5,176.25,176.25,8948,0.0,0.0,1.0,174.0,176.25
2021-02-08,VVOS,yfinance,180.0,180.0,170.625,179.0,179.0,5820,0.0,0.0,1.0,180.0,179.0
2021-02-09,VVOS,yfinance,179.75,191.8000030517578,172.64999389648438,187.5,187.5,7156,0.0,0.0,1.0,179.75,187.5
2021-02-10,VVOS,yfinance,191.0,194.4499969482422,183.5,190.5,190.5,4748,0.0,0.0,1.0,191.0,190.5
2021-02-11,VVOS,yfinance,193.75,196.625,173.9499969482422,174.75,174.75,4804,0.0,0.0,1.0,193.75,174.75
2021-02-12,VVOS,yfinance,173.75,180.25,170.75,171.0,171.0,4816,0.0,0.0,1.0,173.75,171.0
2021-02-16,VVOS,yfinance,172.75,205.0,172.75,190.75,190.75,13944,0.0,0.0,1.0,172.75,190.75
2021-02-17,VVOS,yfinance,192.5,199.25,181.25,191.0,191.0,5212,0.0,0.0,1.0,192.5,191.0
2021-02-18,VVOS,yfinance,190.75,198.25,182.5,191.5,191.5,22376,0.0,0.0,1.0,190.75,191.5
2021-02-19,VVOS,yfinance,196.0,220.75,192.0,206.0,206.0,15720,0.0,0.0,1.0,196.0,206.0
2021-02-22,VVOS,yfinance,210.75,244.5,206.25,222.5,222.5,22716,0.0,0.0,1.0,210.75,222.5
2021-02-23,VVOS,yfinance,220.0,221.25,201.5,217.0,217.0,5980,0.0,0.0,1.0,220.0,217.0
2021-02-24,VVOS,yfinance,224.0,228.25,212.5,212.75,212.75,4192,0.0,0.0,1.0,224.0,212.75
2021-02-25,VVOS,yfinance,211.5,214.75,181.25,188.5,188.5,6440,0.0,0.0,1.0,211.5,188.5
2021-02-26,VVOS,yfinance,197.5,202.5,186.25,187.75,187.75,4456,0.0,0.0,1.0,197.5,187.75
2021-03-01,VVOS,yfinance,189.5,197.2250061035156,176.75,186.0,186.0,3848,0.0,0.0,1.0,189.5,186.0
2021-03-02,VVOS,yfinance,189.75,195.5,178.0,181.0,181.0,2120,0.0,0.0,1.0,189.75,181.0
2021-03-03,VVOS,yfinance,181.25,183.75,171.75,176.25,176.25,2388,0.0,0.0,1.0,181.25,176.25
2021-03-04,VVOS,yfinance,170.0,175.0,161.5,166.25,166.25,4052,0.0,0.0,1.0,170.0,166.25
2021-03-05,VVOS,yfinance,169.75,172.5,153.0,165.25,165.25,2788,0.0,0.0,1.0,169.75,165.25
2021-03-08,VVOS,yfinance,167.5,173.0,157.75,161.5,161.5,3756,0.0,0.0,1.0,167.5,161.5
2021-03-09,VVOS,yfinance,164.5,172.875,161.25,170.0,170.0,988,0.0,0.0,1.0,164.5,170.0
2021-03-10,VVOS,yfinance,174.75,174.75,167.5,167.5,167.5,1088,0.0,0.0,1.0,174.75,167.5
2021-03-11,VVOS,yfinance,171.75,184.25,168.0,174.25,174.25,1348,0.0,0.0,1.0,171.75,174.25
2021-03-12,VVOS,yfinance,174.25,187.4750061035156,170.0,186.0,186.0,5252,0.0,0.0,1.0,174.25,186.0
2021-03-15,VVOS,yfinance,182.5,208.5,180.75,184.5,184.5,12112,0.0,0.0,1.0,182.5,184.5
2021-03-16,VVOS,yfinance,186.25,198.5,173.0,183.75,183.75,9908,0.0,0.0,1.0,186.25,183.75
2021-03-17,VVOS,yfinance,182.5,190.0,181.875,186.0,186.0,2816,0.0,0.0,1.0,182.5,186.0
2021-03-18,VVOS,yfinance,186.0,190.5,179.0,179.5,179.5,2352,0.0,0.0,1.0,186.0,179.5
2021-03-19,VVOS,yfinance,187.25,193.5,173.75,173.75,173.75,7852,0.0,0.0,1.0,187.25,173.75
2021-03-22,VVOS,yfinance,176.0,188.5,175.75,177.5,177.5,3924,0.0,0.0,1.0,176.0,177.5
2021-03-23,VVOS,yfinance,177.5,185.0,174.25,175.0,175.0,4340,0.0,0.0,1.0,177.5,175.0
2021-03-24,VVOS,yfinance,175.0,179.25,170.0,173.25,173.25,2196,0.0,0.0,1.0,175.0,173.25
2021-03-25,VVOS,yfinance,181.75,181.75,168.75,171.0,171.0,5772,0.0,0.0,1.0,181.75,171.0
2021-03-26,VVOS,yfinance,187.5,187.5,171.25,172.75,172.75,2332,0.0,0.0,1.0,187.5,172.75
2021-03-29,VVOS,yfinance,171.0,181.9499969482422,170.5,178.0,178.0,2644,0.0,0.0,1.0,171.0,178.0
2021-03-30,VVOS,yfinance,178.75,178.75,168.75,169.25,169.25,3036,0.0,0.0,1.0,178.75,169.25
2021-03-31,VVOS,yfinance,169.0,176.75,163.75,166.0,166.0,5344,0.0,0.0,1.0,169.0,166.0
2021-04-01,VVOS,yfinance,172.0,197.25,172.0,183.75,183.75,12272,0.0,0.0,1.0,172.0,183.75
2021-04-05,VVOS,yfinance,211.75,252.5,204.25,233.75,233.75,96836,0.0,0.0,1.0,211.75,233.75
2021-04-06,VVOS,yfinance,230.5,242.25,212.5,241.75,241.75,10720,0.0,0.0,1.0,230.5,241.75
2021-04-07,VVOS,yfinance,236.25,242.75,230.25,230.25,230.25,5784,0.0,0.0,1.0,236.25,230.25
2021-04-08,VVOS,yfinance,233.5,236.25,224.5249938964844,229.25,229.25,5256,0.0,0.0,1.0,233.5,229.25
2021-04-09,VVOS,yfinance,229.5,243.75,225.0,238.75,238.75,8760,0.0,0.0,1.0,229.5,238.75
2021-04-12,VVOS,yfinance,252.75,271.5,225.3249969482422,228.75,228.75,13704,0.0,0.0,1.0,252.75,228.75
2021-04-13,VVOS,yfinance,228.75,242.5,200.0,216.25,216.25,9584,0.0,0.0,1.0,228.75,216.25
2021-04-14,VVOS,yfinance,214.25,237.5,214.25,222.5,222.5,5384,0.0,0.0,1.0,214.25,222.5
2021-04-15,VVOS,yfinance,224.75,226.75,214.5,222.5,222.5,2952,0.0,0.0,1.0,224.75,222.5
2021-04-16,VVOS,yfinance,223.5,229.25,207.5,209.25,209.25,4244,0.0,0.0,1.0,223.5,209.25
2021-04-19,VVOS,yfinance,209.0,215.0,197.5,198.5,198.5,2252,0.0,0.0,1.0,209.0,198.5
2021-04-20,VVOS,yfinance,196.5,206.5,188.625,191.75,191.75,3008,0.0,0.0,1.0,196.5,191.75
2021-04-21,VVOS,yfinance,190.25,200.0,190.25,200.0,200.0,1788,0.0,0.0,1.0,190.25,200.0
2021-04-22,VVOS,yfinance,200.25,206.0,190.25,191.5,191.5,3584,0.0,0.0,1.0,200.25,191.5
2021-04-23,VVOS,yfinance,191.75,199.75,189.0,191.25,191.25,1664,0.0,0.0,1.0,191.75,191.25
2021-04-26,VVOS,yfinance,191.25,200.0,189.3500061035156,199.5,199.5,828,0.0,0.0,1.0,191.25,199.5
2021-04-27,VVOS,yfinance,200.0,200.0,181.5,187.75,187.75,6284,0.0,0.0,1.0,200.0,187.75
2021-04-28,VVOS,yfinance,183.5,191.625,181.75,185.5,185.5,1408,0.0,0.0,1.0,183.5,185.5
2021-04-29,VVOS,yfinance,184.5,188.25,167.75,168.75,168.75,5600,0.0,0.0,1.0,184.5,168.75
2021-04-30,VVOS,yfinance,173.75,180.0,169.75,173.75,173.75,2076,0.0,0.0,1.0,173.75,173.75
2021-05-03,VVOS,yfinance,177.75,178.0500030517578,169.5,178.0,178.0,3524,0.0,0.0,1.0,177.75,178.0
2021-05-04,VVOS,yfinance,175.25,175.25,158.75,164.25,164.25,11036,0.0,0.0,1.0,175.25,164.25
2021-05-05,VVOS,yfinance,167.25,168.25,161.25,163.75,163.75,2924,0.0,0.0,1.0,167.25,163.75
2021-05-06,VVOS,yfinance,162.5,164.47500610351562,159.25,160.75,160.75,11852,0.0,0.0,1.0,162.5,160.75
2021-05-07,VVOS,yfinance,149.5,170.3249969482422,147.75,168.75,168.75,71760,0.0,0.0,1.0,149.5,168.75
2021-05-10,VVOS,yfinance,168.5,169.0,157.75,160.0,160.0,7336,0.0,0.0,1.0,168.5,160.0
2021-05-11,VVOS,yfinance,160.0,160.0,152.5,154.75,154.75,4076,0.0,0.0,1.0,160.0,154.75
2021-05-12,VVOS,yfinance,152.5,156.25,149.25,151.0,151.0,4992,0.0,0.0,1.0,152.5,151.0
2021-05-13,VVOS,yfinance,154.5,154.5,147.5,148.0,148.0,4184,0.0,0.0,1.0,154.5,148.0
2021-05-14,VVOS,yfinance,148.25,154.64999389648438,147.5,149.25,149.25,3128,0.0,0.0,1.0,148.25,149.25
2021-05-17,VVOS,yfinance,148.75,152.5,148.75,151.5,151.5,1668,0.0,0.0,1.0,148.75,151.5
2021-05-18,VVOS,yfinance,150.75,150.89999389648438,144.0,145.5,145.5,3912,0.0,0.0,1.0,150.75,145.5
2021-05-19,VVOS,yfinance,143.75,143.75,137.5,140.75,140.75,4420,0.0,0.0,1.0,143.75,140.75
2021-05-20,VVOS,yfinance,142.0,145.0,138.25,142.0,142.0,3940,0.0,0.0,1.0,142.0,142.0
2021-05-21,VVOS,yfinance,142.5,143.0,138.25,141.75,141.75,3300,0.0,0.0,1.0,142.5,141.75
2021-05-24,VVOS,yfinance,140.75,142.75,140.0,140.25,140.25,2464,0.0,0.0,1.0,140.75,140.25
2021-05-25,VVOS,yfinance,141.75,141.75,130.0,131.25,131.25,4644,0.0,0.0,1.0,141.75,131.25
2021-05-26,VVOS,yfinance,132.5,142.5,132.0,138.75,138.75,4048,0.0,0.0,1.0,132.5,138.75
2021-05-27,VVOS,yfinance,139.25,140.0,136.5,138.5,138.5,2628,0.0,0.0,1.0,139.25,138.5
2021-05-28,VVOS,yfinance,138.75,141.0,133.75,134.5,134.5,2352,0.0,0.0,1.0,138.75,134.5
2021-06-01,VVOS,yfinance,132.25,135.5,132.0,133.0,133.0,3172,0.0,0.0,1.0,132.25,133.0
2021-06-02,VVOS,yfinance,134.25,137.0,127.75,130.75,130.75,5092,0.0,0.0,1.0,134.25,130.75
2021-06-03,VVOS,yfinance,125.0,131.75,122.0,127.25,127.25,11292,0.0,0.0,1.0,125.0,127.25
2021-06-04,VVOS,yfinance,128.5,132.25,127.0,128.75,128.75,4148,0.0,0.0,1.0,128.5,128.75
2021-06-07,VVOS,yfinance,130.0,133.0,127.0,127.25,127.25,5840,0.0,0.0,1.0,130.0,127.25
2021-06-08,VVOS,yfinance,128.5,137.25,128.5,135.0,135.0,8516,0.0,0.0,1.0,128.5,135.0
2021-06-09,VVOS,yfinance,136.25,145.0,136.25,142.5,142.5,4352,0.0,0.0,1.0,136.25,142.5
2021-06-10,VVOS,yfinance,142.0,150.0,139.4499969482422,148.75,148.75,5804,0.0,0.0,1.0,142.0,148.75
2021-06-11,VVOS,yfinance,149.25,152.25,143.25,148.75,148.75,3508,0.0,0.0,1.0,149.25,148.75
2021-06-14,VVOS,yfinance,149.75,150.75,144.25,148.75,148.75,3960,0.0,0.0,1.0,149.75,148.75
2021-06-15,VVOS,yfinance,149.5,149.5,143.5,145.25,145.25,2720,0.0,0.0,1.0,149.5,145.25
2021-06-16,VVOS,yfinance,144.25,144.875,132.0,141.0,141.0,10028,0.0,0.0,1.0,144.25,141.0
2021-06-17,VVOS,yfinance,136.0,142.25,136.0,142.0,142.0,4732,0.0,0.0,1.0,136.0,142.0
2021-06-18,VVOS,yfinance,139.25,141.75,122.0,123.5,123.5,16092,0.0,0.0,1.0,139.25,123.5
2021-06-21,VVOS,yfinance,125.75,136.0,122.625,126.5,126.5,5964,0.0,0.0,1.0,125.75,126.5
2021-06-22,VVOS,yfinance,126.0,128.47500610351562,121.25,125.5,125.5,7328,0.0,0.0,1.0,126.0,125.5
2021-06-23,VVOS,yfinance,124.5,126.625,122.0,122.5,122.5,3692,0.0,0.0,1.0,124.5,122.5
2021-06-24,VVOS,yfinance,122.5,125.0,121.5,123.75,123.75,3788,0.0,0.0,1.0,122.5,123.75
2021-06-25,VVOS,yfinance,124.75,126.8000030517578,121.75,124.75,124.75,4188,0.0,0.0,1.0,124.75,124.75
2021-06-28,VVOS,yfinance,126.25,126.25,121.25,125.25,125.25,2892,0.0,0.0,1.0,126.25,125.25
2021-06-29,VVOS,yfinance,124.75,124.75,120.5,120.75,120.75,3920,0.0,0.0,1.0,124.75,120.75
2021-06-30,VVOS,yfinance,121.25,123.75,119.0,123.75,123.75,2640,0.0,0.0,1.0,121.25,123.75
2021-07-01,VVOS,yfinance,123.75,123.75,119.0500030517578,119.75,119.75,1772,0.0,0.0,1.0,123.75,119.75
2021-07-02,VVOS,yfinance,120.0,121.125,112.25,112.75,112.75,5224,0.0,0.0,1.0,120.0,112.75
2021-07-06,VVOS,yfinance,112.0,115.0,105.25,105.25,105.25,7156,0.0,0.0,1.0,112.0,105.25
2021-07-07,VVOS,yfinance,125.9499969482422,136.25,110.5,130.0,130.0,293332,0.0,0.0,1.0,125.9499969482422,130.0
2021-07-08,VVOS,yfinance,121.0,124.25,116.0,122.5,122.5,30064,0.0,0.0,1.0,121.0,122.5
2021-07-09,VVOS,yfinance,118.75,119.5,111.0,115.75,115.75,8660,0.0,0.0,1.0,118.75,115.75
2021-07-12,VVOS,yfinance,115.75,115.875,108.75,113.0,113.0,8084,0.0,0.0,1.0,115.75,113.0
2021-07-13,VVOS,yfinance,111.75,115.75,109.25,112.75,112.75,6940,0.0,0.0,1.0,111.75,112.75
2021-07-14,VVOS,yfinance,112.25,114.125,104.5,105.75,105.75,8220,0.0,0.0,1.0,112.25,105.75
2021-07-15,VVOS,yfinance,104.5,107.5,100.25,107.5,107.5,9804,0.0,0.0,1.0,104.5,107.5
2021-07-16,VVOS,yfinance,107.0,107.0,101.25,101.5,101.5,3264,0.0,0.0,1.0,107.0,101.5
2021-07-19,VVOS,yfinance,101.75,103.75,97.125,99.0,99.0,8432,0.0,0.0,1.0,101.75,99.0
2021-07-20,VVOS,yfinance,99.0,101.25,98.0,100.0,100.0,4872,0.0,0.0,1.0,99.0,100.0
2021-07-21,VVOS,yfinance,100.0,102.5,97.9250030517578,101.75,101.75,6916,0.0,0.0,1.0,100.0,101.75
2021-07-22,VVOS,yfinance,103.0,103.0,91.75,97.5,97.5,11372,0.0,0.0,1.0,103.0,97.5
2021-07-23,VVOS,yfinance,98.5,99.75,94.0,99.25,99.25,3556,0.0,0.0,1.0,98.5,99.25
2021-07-26,VVOS,yfinance,99.75,100.0,92.75,93.25,93.25,3976,0.0,0.0,1.0,99.75,93.25
2021-07-27,VVOS,yfinance,92.75,97.0,89.75,90.5,90.5,3792,0.0,0.0,1.0,92.75,90.5
2021-07-28,VVOS,yfinance,91.25,91.375,75.0,78.25,78.25,34240,0.0,0.0,1.0,91.25,78.25
2021-07-29,VVOS,yfinance,79.5,81.75,76.5,78.0,78.0,7972,0.0,0.0,1.0,79.5,78.0
2021-07-30,VVOS,yfinance,77.0,79.2750015258789,75.25,75.5,75.5,9328,0.0,0.0,1.0,77.0,75.5
2021-08-02,VVOS,yfinance,77.25,77.25,75.25,76.0,76.0,5892,0.0,0.0,1.0,77.25,76.0
2021-08-03,VVOS,yfinance,76.25,77.0,69.07499694824219,72.25,72.25,15164,0.0,0.0,1.0,76.25,72.25
2021-08-04,VVOS,yfinance,72.5,73.5,70.25,71.0,71.0,3564,0.0,0.0,1.0,72.5,71.0
2021-08-05,VVOS,yfinance,71.0,72.75,67.0,67.875,67.875,13308,0.0,0.0,1.0,71.0,67.875
2021-08-06,VVOS,yfinance,69.25,73.5,65.25,71.0,71.0,12432,0.0,0.0,1.0,69.25,71.0
2021-08-09,VVOS,yfinance,73.5,76.25,70.25,71.5,71.5,11272,0.0,0.0,1.0,73.5,71.5
2021-08-10,VVOS,yfinance,72.5,72.875,68.0,70.0,70.0,5460,0.0,0.0,1.0,72.5,70.0
2021-08-11,VVOS,yfinance,71.0,71.5,68.75,70.5,70.5,5764,0.0,0.0,1.0,71.0,70.5
2021-08-12,VVOS,yfinance,70.5,72.0,66.5,68.5,68.5,11068,0.0,0.0,1.0,70.5,68.5
2021-08-13,VVOS,yfinance,70.0,94.5,67.75,81.75,81.75,127988,0.0,0.0,1.0,70.0,81.75
2021-08-16,VVOS,yfinance,81.0,85.75,69.5,72.0,72.0,16848,0.0,0.0,1.0,81.0,72.0
2021-08-17,VVOS,yfinance,70.5,95.0,70.5,84.125,84.125,52056,0.0,0.0,1.0,70.5,84.125
2021-08-18,VVOS,yfinance,76.7750015258789,86.75,75.5,85.25,85.25,24216,0.0,0.0,1.0,76.7750015258789,85.25
2021-08-19,VVOS,yfinance,85.25,99.75,83.5,88.0,88.0,27396,0.0,0.0,1.0,85.25,88.0
2021-08-20,VVOS,yfinance,87.25,102.9749984741211,85.25,96.0,96.0,30364,0.0,0.0,1.0,87.25,96.0
2021-08-23,VVOS,yfinance,163.0,177.25,133.75,147.5,147.5,6915412,0.0,0.0,1.0,163.0,147.5
2021-08-24,VVOS,yfinance,135.0,138.75,122.5,136.75,136.75,326384,0.0,0.0,1.0,135.0,136.75
2021-08-25,VVOS,yfinance,134.47500610351562,137.5,124.5,127.25,127.25,92504,0.0,0.0,1.0,134.47500610351562,127.25
2021-08-26,VVOS,yfinance,132.75,138.75,124.5,127.5,127.5,61428,0.0,0.0,1.0,132.75,127.5
2021-08-27,VVOS,yfinance,126.25,132.25,118.1750030517578,132.0,132.0,71004,0.0,0.0,1.0,126.25,132.0
2021-08-30,VVOS,yfinance,128.25,136.25,124.5,130.75,130.75,25840,0.0,0.0,1.0,128.25,130.75
2021-08-31,VVOS,yfinance,130.5,136.5,128.75,131.5,131.5,20460,0.0,0.0,1.0,130.5,131.5
2021-09-01,VVOS,yfinance,132.5,132.5,125.5,126.5,126.5,15372,0.0,0.0,1.0,132.5,126.5
2021-09-02,VVOS,yfinance,128.0,130.75,125.25,129.0,129.0,15724,0.0,0.0,1.0,128.0,129.0
2021-09-03,VVOS,yfinance,128.0,130.0,126.125,127.25,127.25,7960,0.0,0.0,1.0,128.0,127.25
2021-09-07,VVOS,yfinance,124.25,143.25,124.0,140.75,140.75,47272,0.0,0.0,1.0,124.25,140.75
2021-09-08,VVOS,yfinance,140.5,142.25,131.10000610351562,132.0,132.0,17488,0.0,0.0,1.0,140.5,132.0
2021-09-09,VVOS,yfinance,130.5749969482422,145.97500610351562,130.5749969482422,139.0,139.0,17928,0.0,0.0,1.0,130.5749969482422,139.0
2021-09-10,VVOS,yfinance,137.25,144.25,125.75,131.5,131.5,33436,0.0,0.0,1.0,137.25,131.5
2021-09-13,VVOS,yfinance,133.75,136.5,128.77499389648438,129.75,129.75,19056,0.0,0.0,1.0,133.75,129.75
2021-09-14,VVOS,yfinance,132.5,133.75,115.75,121.0,121.0,23144,0.0,0.0,1.0,132.5,121.0
2021-09-15,VVOS,yfinance,119.25,124.0,117.0,118.25,118.25,8216,0.0,0.0,1.0,119.25,118.25
2021-09-16,VVOS,yfinance,118.75,120.0,114.0,116.25,116.25,7344,0.0,0.0,1.0,118.75,116.25
2021-09-17,VVOS,yfinance,115.75,124.0,115.0,117.25,117.25,28144,0.0,0.0,1.0,115.75,117.25
2021-09-20,VVOS,yfinance,112.75,121.0,108.0,109.5,109.5,31480,0.0,0.0,1.0,112.75,109.5
2021-09-21,VVOS,yfinance,110.25,114.25,105.75,107.25,107.25,7396,0.0,0.0,1.0,110.25,107.25
2021-09-22,VVOS,yfinance,108.0,109.0,103.0,107.25,107.25,15164,0.0,0.0,1.0,108.0,107.25
2021-09-23,VVOS,yfinance,105.25,109.5,103.5,107.0,107.0,9476,0.0,0.0,1.0,105.25,107.0
2021-09-24,VVOS,yfinance,105.5,112.4749984741211,104.0,111.25,111.25,5056,0.0,0.0,1.0,105.5,111.25
2021-09-27,VVOS,yfinance,110.75,118.0,108.0,109.0,109.0,13764,0.0,0.0,1.0,110.75,109.0
2021-09-28,VVOS,yfinance,108.5,111.25,106.4000015258789,106.75,106.75,13084,0.0,0.0,1.0,108.5,106.75
2021-09-29,VVOS,yfinance,108.0,108.875,99.75,100.25,100.25,10216,0.0,0.0,1.0,108.0,100.25
2021-09-30,VVOS,yfinance,101.5,105.75,94.5,101.0,101.0,8976,0.0,0.0,1.0,101.5,101.0
2021-10-01,VVOS,yfinance,101.25,105.0,100.25,101.0,101.0,5352,0.0,0.0,1.0,101.25,101.0
2021-10-04,VVOS,yfinance,99.75,102.25,94.25,94.75,94.75,11036,0.0,0.0,1.0,99.75,94.75
2021-10-05,VVOS,yfinance,95.25,101.0,95.25,99.75,99.75,8436,0.0,0.0,1.0,95.25,99.75
2021-10-06,VVOS,yfinance,99.75,99.75,94.5,96.0,96.0,10952,0.0,0.0,1.0,99.75,96.0
2021-10-07,VVOS,yfinance,96.75,99.25,93.0,93.25,93.25,3896,0.0,0.0,1.0,96.75,93.25
2021-10-08,VVOS,yfinance,94.75,97.25,92.75,94.0,94.0,4652,0.0,0.0,1.0,94.75,94.0
2021-10-11,VVOS,yfinance,94.0,96.0,91.0,91.25,91.25,2932,0.0,0.0,1.0,94.0,91.25
2021-10-12,VVOS,yfinance,90.75,92.25,86.75,87.5,87.5,6316,0.0,0.0,1.0,90.75,87.5
2021-10-13,VVOS,yfinance,88.0,93.25,87.75,91.5,91.5,5748,0.0,0.0,1.0,88.0,91.5
2021-10-14,VVOS,yfinance,90.75,96.0250015258789,90.0,92.0,92.0,5808,0.0,0.0,1.0,90.75,92.0
2021-10-15,VVOS,yfinance,92.0,93.8000030517578,86.75,88.75,88.75,9056,0.0,0.0,1.0,92.0,88.75
2021-10-18,VVOS,yfinance,90.75,100.5,88.25,97.0,97.0,8356,0.0,0.0,1.0,90.75,97.0
2021-10-19,VVOS,yfinance,98.0,101.0,94.5,99.5,99.5,16204,0.0,0.0,1.0,98.0,99.5
2021-10-20,VVOS,yfinance,99.75,103.25,95.25,97.5,97.5,4456,0.0,0.0,1.0,99.75,97.5
2021-10-21,VVOS,yfinance,96.5,100.0,94.25,96.5,96.5,3636,0.0,0.0,1.0,96.5,96.5
2021-10-22,VVOS,yfinance,97.5,97.5,91.375,93.5,93.5,2660,0.0,0.0,1.0,97.5,93.5
2021-10-25,VVOS,yfinance,92.5,93.5,87.0,87.5,87.5,7356,0.0,0.0,1.0,92.5,87.5
2021-10-26,VVOS,yfinance,89.0,91.5,87.5,89.75,89.75,5672,0.0,0.0,1.0,89.0,89.75
2021-10-27,VVOS,yfinance,90.25,92.125,87.5250015258789,88.25,88.25,6340,0.0,0.0,1.0,90.25,88.25
2021-10-28,VVOS,yfinance,90.5,93.5,86.5,88.75,88.75,5060,0.0,0.0,1.0,90.5,88.75
2021-10-29,VVOS,yfinance,90.5,93.75,87.5,90.75,90.75,1772,0.0,0.0,1.0,90.5,90.75
2021-11-01,VVOS,yfinance,91.0,97.75,91.0,97.5,97.5,4904,0.0,0.0,1.0,91.0,97.5
2021-11-02,VVOS,yfinance,97.5,97.5,94.25,96.75,96.75,1412,0.0,0.0,1.0,97.5,96.75
2021-11-03,VVOS,yfinance,97.75,106.75,96.75,102.75,102.75,6032,0.0,0.0,1.0,97.75,102.75
2021-11-04,VVOS,yfinance,103.75,105.0,98.0,99.75,99.75,3428,0.0,0.0,1.0,103.75,99.75
2021-11-05,VVOS,yfinance,99.5,102.25,97.0,98.5,98.5,2820,0.0,0.0,1.0,99.5,98.5
2021-11-08,VVOS,yfinance,98.75,100.5,95.6750030517578,98.0,98.0,2904,0.0,0.0,1.0,98.75,98.0
2021-11-09,VVOS,yfinance,97.75,99.25,95.75,98.25,98.25,1580,0.0,0.0,1.0,97.75,98.25
2021-11-10,VVOS,yfinance,97.0,99.5,91.75,94.5,94.5,2072,0.0,0.0,1.0,97.0,94.5
2021-11-11,VVOS,yfinance,93.75,99.25,91.75,98.0,98.0,1832,0.0,0.0,1.0,93.75,98.0
2021-11-12,VVOS,yfinance,96.75,101.8499984741211,96.5,98.25,98.25,5644,0.0,0.0,1.0,96.75,98.25
2021-11-15,VVOS,yfinance,94.8000030517578,103.5,94.8000030517578,101.5,101.5,6096,0.0,0.0,1.0,94.8000030517578,101.5
2021-11-16,VVOS,yfinance,90.25,93.5,81.25,81.5,81.5,20272,0.0,0.0,1.0,90.25,81.5
2021-11-17,VVOS,yfinance,82.25,84.0,76.25,78.25,78.25,8096,0.0,0.0,1.0,82.25,78.25
2021-11-18,VVOS,yfinance,76.75,80.75,71.0,73.5,73.5,11452,0.0,0.0,1.0,76.75,73.5
2021-11-19,VVOS,yfinance,83.42500305175781,83.42500305175781,68.0250015258789,68.25,68.25,5632,0.0,0.0,1.0,83.42500305175781,68.25
2021-11-22,VVOS,yfinance,69.5,70.25,63.0,66.5,66.5,6012,0.0,0.0,1.0,69.5,66.5
2021-11-23,VVOS,yfinance,65.25,68.5,62.25,64.75,64.75,8856,0.0,0.0,1.0,65.25,64.75
2021-11-24,VVOS,yfinance,67.5,71.9749984741211,63.75,68.75,68.75,5296,0.0,0.0,1.0,67.5,68.75
2021-11-26,VVOS,yfinance,65.25,69.25,64.25,66.25,66.25,2764,0.0,0.0,1.0,65.25,66.25
2021-11-29,VVOS,yfinance,66.5,67.25,62.75,65.75,65.75,1960,0.0,0.0,1.0,66.5,65.75
2021-11-30,VVOS,yfinance,64.25,67.5,62.5,63.75,63.75,3808,0.0,0.0,1.0,64.25,63.75
2021-12-01,VVOS,yfinance,64.25,68.0,63.275001525878906,64.0,64.0,3756,0.0,0.0,1.0,64.25,64.0
2021-12-02,VVOS,yfinance,64.0,67.25,61.5,62.25,62.25,10864,0.0,0.0,1.0,64.0,62.25
2021-12-03,VVOS,yfinance,61.25,61.400001525878906,55.0,57.25,57.25,6864,0.0,0.0,1.0,61.25,57.25
2021-12-06,VVOS,yfinance,56.5,58.5,54.5,57.0,57.0,6884,0.0,0.0,1.0,56.5,57.0
2021-12-07,VVOS,yfinance,56.25,63.5,56.25,62.0,62.0,6172,0.0,0.0,1.0,56.25,62.0
2021-12-08,VVOS,yfinance,63.75,70.75,62.0,70.0,70.0,3892,0.0,0.0,1.0,63.75,70.0
2021-12-09,VVOS,yfinance,73.25,76.5,69.5,71.5,71.5,7516,0.0,0.0,1.0,73.25,71.5
2021-12-10,VVOS,yfinance,70.5,72.25,66.75,67.5,67.5,1496,0.0,0.0,1.0,70.5,67.5
2021-12-13,VVOS,yfinance,69.0,70.5,66.5,67.75,67.75,2100,0.0,0.0,1.0,69.0,67.75
2021-12-14,VVOS,yfinance,68.75,73.75,62.5,63.0,63.0,6132,0.0,0.0,1.0,68.75,63.0
2021-12-15,VVOS,yfinance,64.5,69.75,62.0,69.75,69.75,3972,0.0,0.0,1.0,64.5,69.75
2021-12-16,VVOS,yfinance,69.75,69.75,65.5,66.75,66.75,1624,0.0,0.0,1.0,69.75,66.75
2021-12-17,VVOS,yfinance,66.75,67.25,63.150001525878906,66.0,66.0,4348,0.0,0.0,1.0,66.75,66.0
2021-12-20,VVOS,yfinance,66.5,67.5,60.25,64.0,64.0,4044,0.0,0.0,1.0,66.5,64.0
2021-12-21,VVOS,yfinance,63.25,69.4749984741211,63.25,68.25,68.25,3184,0.0,0.0,1.0,63.25,68.25
2021-12-22,VVOS,yfinance,68.75,72.5,67.0250015258789,70.0,70.0,2852,0.0,0.0,1.0,68.75,70.0
2021-12-23,VVOS,yfinance,69.5,70.75,65.5,68.5,68.5,4336,0.0,0.0,1.0,69.5,68.5
2021-12-27,VVOS,yfinance,67.75,68.5,58.5,62.0,62.0,9396,0.0,0.0,1.0,67.75,62.0
2021-12-28,VVOS,yfinance,61.5,63.0,58.75,60.0,60.0,7432,0.0,0.0,1.0,61.5,60.0
2021-12-29,VVOS,yfinance,58.75,62.0,56.5,59.5,59.5,5612,0.0,0.0,1.0,58.75,59.5
2021-12-30,VVOS,yfinance,60.5,61.25,57.75,59.5,59.5,4924,0.0,0.0,1.0,60.5,59.5
2021-12-31,VVOS,yfinance,58.5,61.0,55.82500076293945,56.25,56.25,6100,0.0,0.0,1.0,58.5,56.25
2022-01-03,VVOS,yfinance,58.25,59.5,55.625,58.5,58.5,1892,0.0,0.0,1.0,58.25,58.5
2022-01-04,VVOS,yfinance,58.5,58.5,56.5,56.5,56.5,1692,0.0,0.0,1.0,58.5,56.5
2022-01-05,VVOS,yfinance,57.0,58.25,51.75,53.0,53.0,2948,0.0,0.0,1.0,57.0,53.0
2022-01-06,VVOS,yfinance,52.25,53.0,48.0,50.75,50.75,6372,0.0,0.0,1.0,52.25,50.75
2022-01-07,VVOS,yfinance,50.75,53.0,49.875,50.75,50.75,2092,0.0,0.0,1.0,50.75,50.75
2022-01-10,VVOS,yfinance,51.25,52.25,48.5,51.5,51.5,2380,0.0,0.0,1.0,51.25,51.5
2022-01-11,VVOS,yfinance,51.75,54.0,48.59999847412109,50.75,50.75,3048,0.0,0.0,1.0,51.75,50.75
2022-01-12,VVOS,yfinance,51.25,51.25,48.5,49.25,49.25,1340,0.0,0.0,1.0,51.25,49.25
2022-01-13,VVOS,yfinance,49.75,49.92499923706055,47.0,47.875,47.875,4032,0.0,0.0,1.0,49.75,47.875
2022-01-14,VVOS,yfinance,48.5,48.5,46.25,46.75,46.75,2000,0.0,0.0,1.0,48.5,46.75
2022-01-18,VVOS,yfinance,44.25,46.25,40.70000076293945,40.75,40.75,4944,0.0,0.0,1.0,44.25,40.75
2022-01-19,VVOS,yfinance,50.625,64.75,50.25,57.5,57.5,4089816,0.0,0.0,1.0,50.625,57.5
2022-01-20,VVOS,yfinance,52.75,57.0,50.75,54.875,54.875,127084,0.0,0.0,1.0,52.75,54.875
2022-01-21,VVOS,yfinance,54.75,67.25,54.0,61.75,61.75,489464,0.0,0.0,1.0,54.75,61.75
2022-01-24,VVOS,yfinance,59.25,63.5,50.0,60.75,60.75,95920,0.0,0.0,1.0,59.25,60.75
2022-01-25,VVOS,yfinance,58.5,73.5,57.5,70.25,70.25,76828,0.0,0.0,1.0,58.5,70.25
2022-01-26,VVOS,yfinance,66.5,87.5,55.0,60.75,60.75,163820,0.0,0.0,1.0,66.5,60.75
2022-01-27,VVOS,yfinance,62.0,65.25,52.5,62.5,62.5,42516,0.0,0.0,1.0,62.0,62.5
2022-01-28,VVOS,yfinance,60.5,64.0999984741211,56.5,62.25,62.25,15512,0.0,0.0,1.0,60.5,62.25
2022-01-31,VVOS,yfinance,62.5,64.5,59.75,61.75,61.75,10712,0.0,0.0,1.0,62.5,61.75
2022-02-01,VVOS,yfinance,60.0,68.0,58.5,64.5,64.5,14948,0.0,0.0,1.0,60.0,64.5
2022-02-02,VVOS,yfinance,65.0,65.25,61.5,62.25,62.25,7648,0.0,0.0,1.0,65.0,62.25
2022-02-03,VVOS,yfinance,60.75,63.0,55.5,58.75,58.75,7632,0.0,0.0,1.0,60.75,58.75
2022-02-04,VVOS,yfinance,57.5,63.75,56.5,63.0,63.0,6360,0.0,0.0,1.0,57.5,63.0
2022-02-07,VVOS,yfinance,64.75,64.75,59.75,63.5,63.5,8604,0.0,0.0,1.0,64.75,63.5
2022-02-08,VVOS,yfinance,63.5,64.25,60.25,62.5,62.5,4368,0.0,0.0,1.0,63.5,62.5
2022-02-09,VVOS,yfinance,62.5,63.0,59.0,60.75,60.75,12640,0.0,0.0,1.0,62.5,60.75
2022-02-10,VVOS,yfinance,59.75,64.94999694824219,59.0,64.25,64.25,15936,0.0,0.0,1.0,59.75,64.25
2022-02-11,VVOS,yfinance,64.25,64.25,60.25,60.5,60.5,7464,0.0,0.0,1.0,64.25,60.5
2022-02-14,VVOS,yfinance,61.75,62.775001525878906,60.0,60.0,60.0,2912,0.0,0.0,1.0,61.75,60.0
2022-02-15,VVOS,yfinance,61.25,64.25,58.5,60.5,60.5,4236,0.0,0.0,1.0,61.25,60.5
2022-02-16,VVOS,yfinance,64.25,69.44999694824219,59.29999923706055,69.0,69.0,23124,0.0,0.0,1.0,64.25,69.0
2022-02-17,VVOS,yfinance,70.75,77.0,69.0,70.0,70.0,21216,0.0,0.0,1.0,70.75,70.0
2022-02-18,VVOS,yfinance,69.5,76.25,66.5,73.75,73.75,25384,0.0,0.0,1.0,69.5,73.75
2022-02-22,VVOS,yfinance,73.75,85.0,73.75,84.75,84.75,33948,0.0,0.0,1.0,73.75,84.75
2022-02-23,VVOS,yfinance,85.3499984741211,86.25,70.75,73.25,73.25,15896,0.0,0.0,1.0,85.3499984741211,73.25
2022-02-24,VVOS,yfinance,67.5,80.25,65.0,79.75,79.75,5340,0.0,0.0,1.0,67.5,79.75
2022-02-25,VVOS,yfinance,79.5,83.30000305175781,78.75,81.75,81.75,5484,0.0,0.0,1.0,79.5,81.75
2022-02-28,VVOS,yfinance,79.25,84.75,79.0,83.5,83.5,2748,0.0,0.0,1.0,79.25,83.5
2022-03-01,VVOS,yfinance,83.0,91.75,82.5,88.75,88.75,6188,0.0,0.0,1.0,83.0,88.75
2022-03-02,VVOS,yfinance,88.75,92.25,87.5,90.75,90.75,4704,0.0,0.0,1.0,88.75,90.75
2022-03-03,VVOS,yfinance,90.75,91.25,79.4749984741211,84.0,84.0,9136,0.0,0.0,1.0,90.75,84.0
2022-03-04,VVOS,yfinance,83.25,83.625,81.5,82.0,82.0,2664,0.0,0.0,1.0,83.25,82.0
2022-03-07,VVOS,yfinance,81.25,84.25,76.5,83.75,83.75,3556,0.0,0.0,1.0,81.25,83.75
2022-03-08,VVOS,yfinance,83.5,83.5,74.5,74.75,74.75,10632,0.0,0.0,1.0,83.5,74.75
2022-03-09,VVOS,yfinance,74.75,78.75,74.0,74.75,74.75,6412,0.0,0.0,1.0,74.75,74.75
2022-03-10,VVOS,yfinance,73.75,77.25,70.75,73.75,73.75,5272,0.0,0.0,1.0,73.75,73.75
2022-03-11,VVOS,yfinance,72.75,74.75,70.5,72.75,72.75,1764,0.0,0.0,1.0,72.75,72.75
2022-03-14,VVOS,yfinance,72.75,74.0,68.25,69.0,69.0,3032,0.0,0.0,1.0,72.75,69.0
2022-03-15,VVOS,yfinance,67.0,69.55000305175781,65.25,67.25,67.25,1348,0.0,0.0,1.0,67.0,67.25
2022-03-16,VVOS,yfinance,68.75,69.5,66.5,66.75,66.75,2100,0.0,0.0,1.0,68.75,66.75
2022-03-17,VVOS,yfinance,69.25,69.25,67.0,67.5,67.5,1684,0.0,0.0,1.0,69.25,67.5
2022-03-18,VVOS,yfinance,68.75,69.5,66.25,68.75,68.75,3464,0.0,0.0,1.0,68.75,68.75
2022-03-21,VVOS,yfinance,67.25,69.125,65.5,65.5,65.5,3636,0.0,0.0,1.0,67.25,65.5
2022-03-22,VVOS,yfinance,66.0,68.125,64.7750015258789,66.75,66.75,3240,0.0,0.0,1.0,66.0,66.75
2022-03-23,VVOS,yfinance,67.5,67.5,62.5,63.75,63.75,3964,0.0,0.0,1.0,67.5,63.75
2022-03-24,VVOS,yfinance,62.0,63.375,60.25,62.5,62.5,2932,0.0,0.0,1.0,62.0,62.5
2022-03-25,VVOS,yfinance,64.4749984741211,64.75,61.5,63.5,63.5,1024,0.0,0.0,1.0,64.4749984741211,63.5
2022-03-28,VVOS,yfinance,61.75,65.0,60.75,63.25,63.25,1052,0.0,0.0,1.0,61.75,63.25
2022-03-29,VVOS,yfinance,63.25,68.0,62.0,65.25,65.25,1748,0.0,0.0,1.0,63.25,65.25
2022-03-30,VVOS,yfinance,68.0,69.5,65.4749984741211,66.25,66.25,2884,0.0,0.0,1.0,68.0,66.25
2022-03-31,VVOS,yfinance,72.0,72.0,65.25,67.0,67.0,2772,0.0,0.0,1.0,72.0,67.0
2022-04-01,VVOS,yfinance,62.75,64.5,54.125,54.5,54.5,7960,0.0,0.0,1.0,62.75,54.5
2022-04-04,VVOS,yfinance,54.5,62.47499847412109,52.0,52.5,52.5,11952,0.0,0.0,1.0,54.5,52.5
2022-04-05,VVOS,yfinance,50.75,54.59999847412109,44.75,45.75,45.75,15248,0.0,0.0,1.0,50.75,45.75
2022-04-06,VVOS,yfinance,45.0,47.5,43.5,46.0,46.0,3936,0.0,0.0,1.0,45.0,46.0
2022-04-07,VVOS,yfinance,46.25,53.0,43.95000076293945,48.25,48.25,8360,0.0,0.0,1.0,46.25,48.25
2022-04-08,VVOS,yfinance,47.54999923706055,50.0,47.5,49.0,49.0,1636,0.0,0.0,1.0,47.54999923706055,49.0
2022-04-11,VVOS,yfinance,49.5,51.79999923706055,47.5,49.25,49.25,1712,0.0,0.0,1.0,49.5,49.25
2022-04-12,VVOS,yfinance,48.25,49.25,47.25,48.25,48.25,1456,0.0,0.0,1.0,48.25,48.25
2022-04-13,VVOS,yfinance,46.5,51.09999847412109,46.5,50.5,50.5,1596,0.0,0.0,1.0,46.5,50.5
2022-04-14,VVOS,yfinance,50.0,50.75,48.75,49.0,49.0,392,0.0,0.0,1.0,50.0,49.0
2022-04-18,VVOS,yfinance,49.75,49.75,44.5,44.5,44.5,1580,0.0,0.0,1.0,49.75,44.5
2022-04-19,VVOS,yfinance,45.0,47.625,45.0,46.25,46.25,756,0.0,0.0,1.0,45.0,46.25
2022-04-20,VVOS,yfinance,46.875,47.125,41.5,42.5,42.5,3444,0.0,0.0,1.0,46.875,42.5
2022-04-21,VVOS,yfinance,42.75,45.0,42.75,44.0,44.0,1888,0.0,0.0,1.0,42.75,44.0
2022-04-22,VVOS,yfinance,43.0,44.25,41.75,42.0,42.0,1192,0.0,0.0,1.0,43.0,42.0
2022-04-25,VVOS,yfinance,41.25,44.25,40.150001525878906,43.5,43.5,2092,0.0,0.0,1.0,41.25,43.5
2022-04-26,VVOS,yfinance,43.5,47.5,43.25,44.0,44.0,1600,0.0,0.0,1.0,43.5,44.0
2022-04-27,VVOS,yfinance,44.25,45.84999847412109,43.0,44.5,44.5,1088,0.0,0.0,1.0,44.25,44.5
2022-04-28,VVOS,yfinance,46.5,46.5,41.0,44.25,44.25,1948,0.0,0.0,1.0,46.5,44.25
2022-04-29,VVOS,yfinance,43.25,46.75,41.5,43.25,43.25,3056,0.0,0.0,1.0,43.25,43.25
2022-05-02,VVOS,yfinance,46.29999923706055,46.29999923706055,41.0,44.0,44.0,828,0.0,0.0,1.0,46.29999923706055,44.0
2022-05-03,VVOS,yfinance,43.25,48.25,43.0,47.75,47.75,6064,0.0,0.0,1.0,43.25,47.75
2022-05-04,VVOS,yfinance,49.75,55.75,41.275001525878906,53.75,53.75,6092,0.0,0.0,1.0,49.75,53.75
2022-05-05,VVOS,yfinance,54.75,55.0,46.125,51.0,51.0,9348,0.0,0.0,1.0,54.75,51.0
2022-05-06,VVOS,yfinance,50.025001525878906,54.75,48.45000076293945,50.25,50.25,840,0.0,0.0,1.0,50.025001525878906,50.25
2022-05-09,VVOS,yfinance,48.5,49.75,42.5,42.75,42.75,2492,0.0,0.0,1.0,48.5,42.75
2022-05-10,VVOS,yfinance,47.0,47.0,40.75,42.0,42.0,800,0.0,0.0,1.0,47.0,42.0
2022-05-11,VVOS,yfinance,44.5,44.5,35.099998474121094,36.0,36.0,2568,0.0,0.0,1.0,44.5,36.0
2022-05-12,VVOS,yfinance,34.25,34.75,29.5,32.25,32.25,9600,0.0,0.0,1.0,34.25,32.25
2022-05-13,VVOS,yfinance,36.75,37.0,33.125,34.75,34.75,3604,0.0,0.0,1.0,36.75,34.75
2022-05-16,VVOS,yfinance,37.0,37.0,33.0,33.75,33.75,3116,0.0,0.0,1.0,37.0,33.75
2022-05-17,VVOS,yfinance,37.0,40.0,31.725000381469727,38.25,38.25,5912,0.0,0.0,1.0,37.0,38.25
2022-05-18,VVOS,yfinance,38.5,40.0,35.0,35.25,35.25,1636,0.0,0.0,1.0,38.5,35.25
2022-05-19,VVOS,yfinance,34.42499923706055,36.0,32.75,35.75,35.75,1596,0.0,0.0,1.0,34.42499923706055,35.75
2022-05-20,VVOS,yfinance,37.0,39.25,35.0,35.5,35.5,2168,0.0,0.0,1.0,37.0,35.5
2022-05-23,VVOS,yfinance,34.5,37.32500076293945,32.75,33.25,33.25,1760,0.0,0.0,1.0,34.5,33.25
2022-05-24,VVOS,yfinance,33.5,36.75,32.5,36.25,36.25,2004,0.0,0.0,1.0,33.5,36.25
2022-05-25,VVOS,yfinance,35.75,39.25,35.75,37.0,37.0,2324,0.0,0.0,1.0,35.75,37.0
2022-05-26,VVOS,yfinance,34.0,43.25,34.0,39.25,39.25,2464,0.0,0.0,1.0,34.0,39.25
2022-05-27,VVOS,yfinance,39.0,50.0,39.0,46.75,46.75,9156,0.0,0.0,1.0,39.0,46.75
2022-05-31,VVOS,yfinance,48.0,51.25,46.0,50.75,50.75,2556,0.0,0.0,1.0,48.0,50.75
2022-06-01,VVOS,yfinance,49.75,50.0,45.25,45.75,45.75,912,0.0,0.0,1.0,49.75,45.75
2022-06-02,VVOS,yfinance,42.75,50.0,42.5,49.25,49.25,1044,0.0,0.0,1.0,42.75,49.25
2022-06-03,VVOS,yfinance,50.25,52.07500076293945,45.75,47.5,47.5,1300,0.0,0.0,1.0,50.25,47.5
2022-06-06,VVOS,yfinance,50.25,50.75,46.25,47.0,47.0,820,0.0,0.0,1.0,50.25,47.0
2022-06-07,VVOS,yfinance,44.25,46.625,43.25,43.25,43.25,1936,0.0,0.0,1.0,44.25,43.25
2022-06-08,VVOS,yfinance,42.5,43.25,42.5,43.0,43.0,704,0.0,0.0,1.0,42.5,43.0
2022-06-09,VVOS,yfinance,45.0,48.125,45.0,47.0,47.0,388,0.0,0.0,1.0,45.0,47.0
2022-06-10,VVOS,yfinance,46.75,50.0,35.375,37.75,37.75,6316,0.0,0.0,1.0,46.75,37.75
2022-06-13,VVOS,yfinance,30.75,36.875,30.75,31.5,31.5,2552,0.0,0.0,1.0,30.75,31.5
2022-06-14,VVOS,yfinance,40.25,40.25,27.75,28.0,28.0,4616,0.0,0.0,1.0,40.25,28.0
2022-06-15,VVOS,yfinance,28.75,34.75,28.25,32.0,32.0,3148,0.0,0.0,1.0,28.75,32.0
2022-06-16,VVOS,yfinance,31.5,33.5,30.25,33.0,33.0,928,0.0,0.0,1.0,31.5,33.0
2022-06-17,VVOS,yfinance,39.0,39.0,33.5,35.0,35.0,2284,0.0,0.0,1.0,39.0,35.0
2022-06-21,VVOS,yfinance,34.25,37.32500076293945,33.5,36.25,36.25,1524,0.0,0.0,1.0,34.25,36.25
2022-06-22,VVOS,yfinance,35.75,37.5,33.5,33.5,33.5,1308,0.0,0.0,1.0,35.75,33.5
2022-06-23,VVOS,yfinance,32.25,35.25,32.25,33.75,33.75,2264,0.0,0.0,1.0,32.25,33.75
2022-06-24,VVOS,yfinance,32.75,34.75,32.75,34.25,34.25,932,0.0,0.0,1.0,32.75,34.25
2022-06-27,VVOS,yfinance,34.25,34.25,33.25,33.25,33.25,232,0.0,0.0,1.0,34.25,33.25
2022-06-28,VVOS,yfinance,35.724998474121094,35.724998474121094,32.75,32.75,32.75,692,0.0,0.0,1.0,35.724998474121094,32.75
2022-06-29,VVOS,yfinance,32.75,35.25,31.25,31.75,31.75,2980,0.0,0.0,1.0,32.75,31.75
2022-06-30,VVOS,yfinance,31.75,32.5,31.25,32.25,32.25,1500,0.0,0.0,1.0,31.75,32.25
2022-07-01,VVOS,yfinance,31.600000381469727,32.0,29.0,30.5,30.5,1168,0.0,0.0,1.0,31.600000381469727,30.5
2022-07-05,VVOS,yfinance,30.75,32.5,30.75,32.0,32.0,1228,0.0,0.0,1.0,30.75,32.0
2022-07-06,VVOS,yfinance,33.5,33.75,32.875,33.0,33.0,804,0.0,0.0,1.0,33.5,33.0
2022-07-07,VVOS,yfinance,33.75,35.75,30.75,34.5,34.5,1824,0.0,0.0,1.0,33.75,34.5
2022-07-08,VVOS,yfinance,33.5,37.0,33.5,36.25,36.25,712,0.0,0.0,1.0,33.5,36.25
2022-07-11,VVOS,yfinance,38.75,38.75,35.5,37.0,37.0,116,0.0,0.0,1.0,38.75,37.0
2022-07-12,VVOS,yfinance,38.5,38.75,37.25,37.25,37.25,252,0.0,0.0,1.0,38.5,37.25
2022-07-13,VVOS,yfinance,37.25,38.5,35.25,35.25,35.25,492,0.0,0.0,1.0,37.25,35.25
2022-07-14,VVOS,yfinance,37.75,38.5,35.25,36.75,36.75,1164,0.0,0.0,1.0,37.75,36.75
2022-07-15,VVOS,yfinance,37.75,38.25,35.25,35.25,35.25,336,0.0,0.0,1.0,37.75,35.25
2022-07-18,VVOS,yfinance,35.5,37.5,35.0,35.5,35.5,524,0.0,0.0,1.0,35.5,35.5
2022-07-19,VVOS,yfinance,34.5,36.375,34.5,35.25,35.25,908,0.0,0.0,1.0,34.5,35.25
2022-07-20,VVOS,yfinance,34.25,38.0,34.25,35.0,35.0,1228,0.0,0.0,1.0,34.25,35.0
2022-07-21,VVOS,yfinance,34.0,35.0,34.0,35.0,35.0,684,0.0,0.0,1.0,34.0,35.0
2022-07-22,VVOS,yfinance,37.5,38.75,35.25,35.5,35.5,1068,0.0,0.0,1.0,37.5,35.5
2022-07-25,VVOS,yfinance,34.25,35.5,34.25,34.25,34.25,416,0.0,0.0,1.0,34.25,34.25
2022-07-26,VVOS,yfinance,32.5,34.75,32.5,34.0,34.0,360,0.0,0.0,1.0,32.5,34.0
2022-07-27,VVOS,yfinance,33.875,33.875,32.0,33.5,33.5,328,0.0,0.0,1.0,33.875,33.5
2022-07-28,VVOS,yfinance,33.0,34.650001525878906,32.29999923706055,32.5,32.5,784,0.0,0.0,1.0,33.0,32.5
2022-07-29,VVOS,yfinance,31.75,33.0,28.75,28.75,28.75,2696,0.0,0.0,1.0,31.75,28.75
2022-08-01,VVOS,yfinance,28.0,30.0,27.25,27.75,27.75,3412,0.0,0.0,1.0,28.0,27.75
2022-08-02,VVOS,yfinance,27.5,31.5,27.5,29.25,29.25,1120,0.0,0.0,1.0,27.5,29.25
2022-08-03,VVOS,yfinance,29.75,32.0,29.0,29.0,29.0,3688,0.0,0.0,1.0,29.75,29.0
2022-08-04,VVOS,yfinance,31.875,35.0,29.950000762939453,34.25,34.25,1700,0.0,0.0,1.0,31.875,34.25
2022-08-05,VVOS,yfinance,34.75,35.25,32.5,32.75,32.75,480,0.0,0.0,1.0,34.75,32.75
2022-08-08,VVOS,yfinance,32.25,34.0,32.25,32.5,32.5,964,0.0,0.0,1.0,32.25,32.5
2022-08-09,VVOS,yfinance,31.75,32.25,30.25,30.25,30.25,904,0.0,0.0,1.0,31.75,30.25
2022-08-10,VVOS,yfinance,29.5,31.25,29.25,30.0,30.0,972,0.0,0.0,1.0,29.5,30.0
2022-08-11,VVOS,yfinance,33.375,34.0,32.5,32.5,32.5,272,0.0,0.0,1.0,33.375,32.5
2022-08-12,VVOS,yfinance,29.5,33.5,29.5,33.25,33.25,2200,0.0,0.0,1.0,29.5,33.25
2022-08-15,VVOS,yfinance,31.25,36.25,31.25,35.25,35.25,1588,0.0,0.0,1.0,31.25,35.25
2022-08-16,VVOS,yfinance,32.5,34.0,31.5,33.25,33.25,1564,0.0,0.0,1.0,32.5,33.25
2022-08-17,VVOS,yfinance,32.42499923706055,34.5,29.5,30.75,30.75,2804,0.0,0.0,1.0,32.42499923706055,30.75
2022-08-18,VVOS,yfinance,30.325000762939453,30.850000381469727,29.0,29.5,29.5,1660,0.0,0.0,1.0,30.325000762939453,29.5
2022-08-19,VVOS,yfinance,29.0,31.0,27.75,30.75,30.75,4476,0.0,0.0,1.0,29.0,30.75
2022-08-22,VVOS,yfinance,30.0,32.0,29.299999237060547,31.25,31.25,2520,0.0,0.0,1.0,30.0,31.25
2022-08-23,VVOS,yfinance,29.75,30.75,27.75,30.0,30.0,10720,0.0,0.0,1.0,29.75,30.0
2022-08-24,VVOS,yfinance,28.25,31.5,27.25,30.75,30.75,5420,0.0,0.0,1.0,28.25,30.75
2022-08-25,VVOS,yfinance,30.450000762939453,32.75,30.25,31.25,31.25,2732,0.0,0.0,1.0,30.450000762939453,31.25
2022-08-26,VVOS,yfinance,31.25,31.75,30.75,31.75,31.75,460,0.0,0.0,1.0,31.25,31.75
2022-08-29,VVOS,yfinance,31.75,31.75,30.25,31.25,31.25,612,0.0,0.0,1.0,31.75,31.25
2022-08-30,VVOS,yfinance,31.75,33.0,30.25,31.25,31.25,1076,0.0,0.0,1.0,31.75,31.25
2022-08-31,VVOS,yfinance,32.224998474121094,32.224998474121094,30.75,30.75,30.75,40,0.0,0.0,1.0,32.224998474121094,30.75
2022-09-01,VVOS,yfinance,30.25,30.450000762939453,29.5,29.5,29.5,704,0.0,0.0,1.0,30.25,29.5
2022-09-02,VVOS,yfinance,31.75,32.5,29.350000381469727,31.5,31.5,4044,0.0,0.0,1.0,31.75,31.5
2022-09-06,VVOS,yfinance,31.25,31.5,29.75,30.0,30.0,924,0.0,0.0,1.0,31.25,30.0
2022-09-07,VVOS,yfinance,30.25,30.25,29.75,29.75,29.75,124,0.0,0.0,1.0,30.25,29.75
2022-09-08,VVOS,yfinance,28.5,30.0,28.5,29.5,29.5,216,0.0,0.0,1.0,28.5,29.5
2022-09-09,VVOS,yfinance,28.5,30.799999237060547,28.5,28.75,28.75,1812,0.0,0.0,1.0,28.5,28.75
2022-09-12,VVOS,yfinance,29.25,31.0,28.75,28.75,28.75,1320,0.0,0.0,1.0,29.25,28.75
2022-09-13,VVOS,yfinance,31.25,31.25,27.75,28.5,28.5,272,0.0,0.0,1.0,31.25,28.5
2022-09-14,VVOS,yfinance,28.674999237060547,29.0,27.75,27.75,27.75,752,0.0,0.0,1.0,28.674999237060547,27.75
2022-09-15,VVOS,yfinance,30.5,30.5,27.75,28.5,28.5,1016,0.0,0.0,1.0,30.5,28.5
2022-09-16,VVOS,yfinance,27.25,28.5,27.25,28.0,28.0,1520,0.0,0.0,1.0,27.25,28.0
2022-09-19,VVOS,yfinance,27.75,27.75,27.25,27.5,27.5,720,0.0,0.0,1.0,27.75,27.5
2022-09-20,VVOS,yfinance,27.75,28.75,27.25,27.5,27.5,1068,0.0,0.0,1.0,27.75,27.5
2022-09-21,VVOS,yfinance,27.25,27.549999237060547,27.0,27.25,27.25,1080,0.0,0.0,1.0,27.25,27.25
2022-09-22,VVOS,yfinance,26.0,27.5,22.5,22.75,22.75,1640,0.0,0.0,1.0,26.0,22.75
2022-09-23,VVOS,yfinance,21.549999237060547,22.75,18.0,20.700000762939453,20.700000762939453,4704,0.0,0.0,1.0,21.549999237060547,20.700000762939453
2022-09-26,VVOS,yfinance,21.725000381469727,22.174999237060547,19.149999618530277,21.25,21.25,792,0.0,0.0,1.0,21.725000381469727,21.25
2022-09-27,VVOS,yfinance,20.75,22.5,18.825000762939453,19.649999618530277,19.649999618530277,3436,0.0,0.0,1.0,20.75,19.649999618530277
2022-09-28,VVOS,yfinance,20.0,23.5,19.674999237060547,21.0,21.0,444,0.0,0.0,1.0,20.0,21.0
2022-09-29,VVOS,yfinance,20.0,22.5,18.75,19.100000381469727,19.100000381469727,1708,0.0,0.0,1.0,20.0,19.100000381469727
2022-09-30,VVOS,yfinance,18.375,21.375,15.0,16.25,16.25,7036,0.0,0.0,1.0,18.375,16.25
2022-10-03,VVOS,yfinance,16.25,17.475000381469727,16.25,16.5,16.5,860,0.0,0.0,1.0,16.25,16.5
2022-10-04,VVOS,yfinance,16.049999237060547,17.375,16.049999237060547,16.5,16.5,1048,0.0,0.0,1.0,16.049999237060547,16.5
2022-10-05,VVOS,yfinance,17.25,17.5,16.5,17.0,17.0,792,0.0,0.0,1.0,17.25,17.0
2022-10-06,VVOS,yfinance,18.674999237060547,18.674999237060547,16.575000762939453,17.274999618530273,17.274999618530273,768,0.0,0.0,1.0,18.674999237060547,17.274999618530273
2022-10-07,VVOS,yfinance,17.0,19.475000381469727,17.0,17.774999618530273,17.774999618530273,756,0.0,0.0,1.0,17.0,17.774999618530273
2022-10-10,VVOS,yfinance,19.25,19.25,15.75,17.475000381469727,17.475000381469727,2200,0.0,0.0,1.0,19.25,17.475000381469727
2022-10-11,VVOS,yfinance,18.600000381469727,18.600000381469727,17.475000381469727,17.475000381469727,17.475000381469727,188,0.0,0.0,1.0,18.600000381469727,17.475000381469727
2022-10-12,VVOS,yfinance,16.25,17.0,16.0,16.0,16.0,564,0.0,0.0,1.0,16.25,16.0
2022-10-13,VVOS,yfinance,15.25,17.0,15.25,16.625,16.625,1416,0.0,0.0,1.0,15.25,16.625
2022-10-14,VVOS,yfinance,16.924999237060547,17.774999618530273,16.350000381469727,17.174999237060547,17.174999237060547,732,0.0,0.0,1.0,16.924999237060547,17.174999237060547
2022-10-17,VVOS,yfinance,17.0,18.0,16.5,17.75,17.75,1560,0.0,0.0,1.0,17.0,17.75
2022-10-18,VVOS,yfinance,17.75,19.75,17.5,17.5,17.5,1676,0.0,0.0,1.0,17.75,17.5
2022-10-19,VVOS,yfinance,18.375,19.75,17.274999618530273,17.274999618530273,17.274999618530273,620,0.0,0.0,1.0,18.375,17.274999618530273
2022-10-20,VVOS,yfinance,17.25,19.325000762939453,17.25,18.25,18.25,1248,0.0,0.0,1.0,17.25,18.25
2022-10-21,VVOS,yfinance,20.0,20.75,19.325000762939453,19.5,19.5,1772,0.0,0.0,1.0,20.0,19.5
2022-10-24,VVOS,yfinance,19.75,21.0,19.75,20.75,20.75,940,0.0,0.0,1.0,19.75,20.75
2022-10-25,VVOS,yfinance,19.924999237060547,21.0,18.0,18.825000762939453,18.825000762939453,2616,0.0,0.0,1.0,19.924999237060547,18.825000762939453
2022-10-26,VVOS,yfinance,19.075000762939453,20.049999237060547,18.399999618530277,18.700000762939453,18.700000762939453,4424,0.0,0.0,1.0,19.075000762939453,18.700000762939453
2022-10-27,VVOS,yfinance,18.975000381469727,18.975000381469727,18.0,18.5,18.5,1596,0.0,0.0,1.0,18.975000381469727,18.5
2022-10-28,VVOS,yfinance,19.424999237060547,19.424999237060547,18.049999237060547,18.375,18.375,1852,0.0,0.0,1.0,19.424999237060547,18.375
2022-10-31,VVOS,yfinance,19.25,19.25,18.0,18.0,18.0,564,0.0,0.0,1.0,19.25,18.0
2022-11-01,VVOS,yfinance,18.975000381469727,18.975000381469727,17.0,17.0,17.0,1008,0.0,0.0,1.0,18.975000381469727,17.0
2022-11-02,VVOS,yfinance,17.0,18.25,17.0,17.25,17.25,528,0.0,0.0,1.0,17.0,17.25
2022-11-03,VVOS,yfinance,20.0,20.0,17.75,18.225000381469727,18.225000381469727,148,0.0,0.0,1.0,20.0,18.225000381469727
2022-11-04,VVOS,yfinance,17.5,17.700000762939453,16.5,16.75,16.75,1292,0.0,0.0,1.0,17.5,16.75
2022-11-07,VVOS,yfinance,17.325000762939453,18.024999618530277,16.450000762939453,16.450000762939453,16.450000762939453,1172,0.0,0.0,1.0,17.325000762939453,16.450000762939453
2022-11-08,VVOS,yfinance,16.875,17.5,15.524999618530272,16.0,16.0,1732,0.0,0.0,1.0,16.875,16.0
2022-11-09,VVOS,yfinance,15.675000190734863,16.0,15.5,15.5,15.5,360,0.0,0.0,1.0,15.675000190734863,15.5
2022-11-10,VVOS,yfinance,15.5,16.25,15.25,15.375,15.375,1772,0.0,0.0,1.0,15.5,15.375
2022-11-11,VVOS,yfinance,15.25,16.075000762939453,14.524999618530272,15.0,15.0,2976,0.0,0.0,1.0,15.25,15.0
2022-11-14,VVOS,yfinance,15.75,15.75,14.524999618530272,15.25,15.25,476,0.0,0.0,1.0,15.75,15.25
2022-11-15,VVOS,yfinance,16.0,17.5,16.0,17.149999618530273,17.149999618530273,688,0.0,0.0,1.0,16.0,17.149999618530273
2022-11-16,VVOS,yfinance,18.5,18.5,16.274999618530273,17.75,17.75,1032,0.0,0.0,1.0,18.5,17.75
2022-11-17,VVOS,yfinance,15.5,17.174999237060547,15.0,16.375,16.375,344,0.0,0.0,1.0,15.5,16.375
2022-11-18,VVOS,yfinance,17.25,17.375,15.0,15.274999618530272,15.274999618530272,1980,0.0,0.0,1.0,17.25,15.274999618530272
2022-11-21,VVOS,yfinance,16.024999618530273,16.024999618530273,14.0,14.149999618530272,14.149999618530272,2216,0.0,0.0,1.0,16.024999618530273,14.149999618530272
2022-11-22,VVOS,yfinance,14.850000381469728,16.200000762939453,14.850000381469728,15.524999618530272,15.524999618530272,1508,0.0,0.0,1.0,14.850000381469728,15.524999618530272
2022-11-23,VVOS,yfinance,14.824999809265137,16.100000381469727,14.824999809265137,15.0,15.0,1032,0.0,0.0,1.0,14.824999809265137,15.0
2022-11-25,VVOS,yfinance,14.75,15.0,14.75,15.0,15.0,184,0.0,0.0,1.0,14.75,15.0
2022-11-28,VVOS,yfinance,14.699999809265137,14.875,14.25,14.5,14.5,520,0.0,0.0,1.0,14.699999809265137,14.5
2022-11-29,VVOS,yfinance,14.699999809265137,14.699999809265137,13.0,13.25,13.25,1324,0.0,0.0,1.0,14.699999809265137,13.25
2022-11-30,VVOS,yfinance,15.5,15.5,12.475000381469728,12.5,12.5,3828,0.0,0.0,1.0,15.5,12.5
2022-12-01,VVOS,yfinance,12.5,12.5,12.25,12.25,12.25,2256,0.0,0.0,1.0,12.5,12.25
2022-12-02,VVOS,yfinance,12.024999618530272,12.25,11.25,12.0,12.0,2064,0.0,0.0,1.0,12.024999618530272,12.0
2022-12-05,VVOS,yfinance,12.0,12.050000190734863,11.324999809265137,11.324999809265137,11.324999809265137,6964,0.0,0.0,1.0,12.0,11.324999809265137
2022-12-06,VVOS,yfinance,11.399999618530272,11.399999618530272,9.649999618530272,10.125,10.125,2836,0.0,0.0,1.0,11.399999618530272,10.125
2022-12-07,VVOS,yfinance,10.149999618530272,10.625,9.25,9.5,9.5,2544,0.0,0.0,1.0,10.149999618530272,9.5
2022-12-08,VVOS,yfinance,10.25,10.25,9.5,9.75,9.75,2036,0.0,0.0,1.0,10.25,9.75
2022-12-09,VVOS,yfinance,10.0,10.0,8.800000190734863,8.925000190734863,8.925000190734863,7512,0.0,0.0,1.0,10.0,8.925000190734863
2022-12-12,VVOS,yfinance,9.0,9.125,8.75,8.949999809265137,8.949999809265137,3184,0.0,0.0,1.0,9.0,8.949999809265137
2022-12-13,VVOS,yfinance,9.0,9.125,8.75,8.75,8.75,3144,0.0,0.0,1.0,9.0,8.75
2022-12-14,VVOS,yfinance,9.0,9.0,8.649999618530273,8.649999618530273,8.649999618530273,1036,0.0,0.0,1.0,9.0,8.649999618530273
2022-12-15,VVOS,yfinance,8.649999618530273,9.074999809265137,8.524999618530273,8.725000381469727,8.725000381469727,3184,0.0,0.0,1.0,8.649999618530273,8.725000381469727
2022-12-16,VVOS,yfinance,9.0,10.0,8.850000381469727,9.149999618530272,9.149999618530272,3436,0.0,0.0,1.0,9.0,9.149999618530272
2022-12-19,VVOS,yfinance,9.0,13.574999809265137,8.949999809265137,11.600000381469728,11.600000381469728,11984,0.0,0.0,1.0,9.0,11.600000381469728
2022-12-20,VVOS,yfinance,11.75,18.75,11.649999618530272,13.25,13.25,28144,0.0,0.0,1.0,11.75,13.25
2022-12-21,VVOS,yfinance,12.774999618530272,12.774999618530272,9.5,10.25,10.25,14584,0.0,0.0,1.0,12.774999618530272,10.25
2022-12-22,VVOS,yfinance,9.625,12.5,9.625,12.375,12.375,15776,0.0,0.0,1.0,9.625,12.375
2022-12-23,VVOS,yfinance,12.0,12.5,11.350000381469728,11.925000190734863,11.925000190734863,6336,0.0,0.0,1.0,12.0,11.925000190734863
2022-12-27,VVOS,yfinance,11.399999618530272,12.5,11.0,11.0,11.0,5556,0.0,0.0,1.0,11.399999618530272,11.0
2022-12-28,VVOS,yfinance,11.149999618530272,13.375,10.5,10.5,10.5,7808,0.0,0.0,1.0,11.149999618530272,10.5
2022-12-29,VVOS,yfinance,11.024999618530272,11.574999809265137,9.5,9.75,9.75,6464,0.0,0.0,1.0,11.024999618530272,9.75
2022-12-30,VVOS,yfinance,9.475000381469728,10.649999618530272,9.425000190734863,10.050000190734863,10.050000190734863,2352,0.0,0.0,1.0,9.475000381469728,10.050000190734863
2023-01-03,VVOS,yfinance,11.25,22.25,11.25,18.5,18.5,68784,0.0,0.0,1.0,11.25,18.5
2023-01-04,VVOS,yfinance,51.5,74.05000305175781,43.75,47.0,47.0,4538788,0.0,0.0,1.0,51.5,47.0
2023-01-05,VVOS,yfinance,39.5,56.25,32.5,47.0,47.0,455880,0.0,0.0,1.0,39.5,47.0
2023-01-06,VVOS,yfinance,43.25,44.5,36.75,38.25,38.25,76804,0.0,0.0,1.0,43.25,38.25
2023-01-09,VVOS,yfinance,37.5,43.0,36.0,36.0,36.0,42672,0.0,0.0,1.0,37.5,36.0
2023-01-10,VVOS,yfinance,36.25,38.75,34.25,38.0,38.0,18696,0.0,0.0,1.0,36.25,38.0
2023-01-11,VVOS,yfinance,35.0,38.25,34.5,37.5,37.5,23892,0.0,0.0,1.0,35.0,37.5
2023-01-12,VVOS,yfinance,37.5,38.5,34.75,37.5,37.5,13396,0.0,0.0,1.0,37.5,37.5
2023-01-13,VVOS,yfinance,36.5,45.5,36.5,43.75,43.75,37220,0.0,0.0,1.0,36.5,43.75
2023-01-17,VVOS,yfinance,45.0,45.0,39.0,40.75,40.75,16884,0.0,0.0,1.0,45.0,40.75
2023-01-18,VVOS,yfinance,41.0,41.25,37.5,38.25,38.25,15380,0.0,0.0,1.0,41.0,38.25
2023-01-19,VVOS,yfinance,39.0,39.275001525878906,37.0,37.5,37.5,5084,0.0,0.0,1.0,39.0,37.5
2023-01-20,VVOS,yfinance,37.5,38.75,33.75,34.0,34.0,10380,0.0,0.0,1.0,37.5,34.0
2023-01-23,VVOS,yfinance,33.75,35.75,32.75,33.0,33.0,9608,0.0,0.0,1.0,33.75,33.0
2023-01-24,VVOS,yfinance,31.75,33.125,31.0,32.0,32.0,5816,0.0,0.0,1.0,31.75,32.0
2023-01-25,VVOS,yfinance,32.0,35.5,31.75,33.5,33.5,7104,0.0,0.0,1.0,32.0,33.5
2023-01-26,VVOS,yfinance,33.5,34.25,33.0,33.5,33.5,2704,0.0,0.0,1.0,33.5,33.5
2023-01-27,VVOS,yfinance,32.0,34.42499923706055,32.0,32.75,32.75,3776,0.0,0.0,1.0,32.0,32.75
2023-01-30,VVOS,yfinance,32.25,33.5,30.0,30.5,30.5,4940,0.0,0.0,1.0,32.25,30.5
2023-01-31,VVOS,yfinance,29.0,30.75,26.5,27.25,27.25,10172,0.0,0.0,1.0,29.0,27.25
2023-02-01,VVOS,yfinance,27.25,32.5,27.25,30.75,30.75,3548,0.0,0.0,1.0,27.25,30.75
2023-02-02,VVOS,yfinance,30.75,32.25,29.0,30.75,30.75,4304,0.0,0.0,1.0,30.75,30.75
2023-02-03,VVOS,yfinance,30.0,30.575000762939453,29.25,29.5,29.5,1788,0.0,0.0,1.0,30.0,29.5
2023-02-06,VVOS,yfinance,29.75,31.5,27.75,28.75,28.75,1880,0.0,0.0,1.0,29.75,28.75
2023-02-07,VVOS,yfinance,28.25,29.0,25.0,27.5,27.5,5304,0.0,0.0,1.0,28.25,27.5
2023-02-08,VVOS,yfinance,27.25,28.024999618530277,26.25,27.0,27.0,1316,0.0,0.0,1.0,27.25,27.0
2023-02-09,VVOS,yfinance,27.0,27.0,24.0,24.225000381469727,24.225000381469727,2936,0.0,0.0,1.0,27.0,24.225000381469727
2023-02-10,VVOS,yfinance,24.0,25.5,22.725000381469727,23.75,23.75,2376,0.0,0.0,1.0,24.0,23.75
2023-02-13,VVOS,yfinance,23.825000762939453,24.950000762939453,22.25,23.125,23.125,3112,0.0,0.0,1.0,23.825000762939453,23.125
2023-02-14,VVOS,yfinance,22.274999618530277,23.0,20.75,21.25,21.25,4024,0.0,0.0,1.0,22.274999618530277,21.25
2023-02-15,VVOS,yfinance,21.25,23.0,19.5,22.799999237060547,22.799999237060547,5680,0.0,0.0,1.0,21.25,22.799999237060547
2023-02-16,VVOS,yfinance,22.125,22.875,19.549999237060547,21.174999237060547,21.174999237060547,4852,0.0,0.0,1.0,22.125,21.174999237060547
2023-02-17,VVOS,yfinance,20.674999237060547,21.950000762939453,19.5,19.75,19.75,4752,0.0,0.0,1.0,20.674999237060547,19.75
2023-02-21,VVOS,yfinance,20.0,20.674999237060547,18.625,18.625,18.625,2528,0.0,0.0,1.0,20.0,18.625
2023-02-22,VVOS,yfinance,18.75,21.024999618530277,18.625,18.75,18.75,1236,0.0,0.0,1.0,18.75,18.75
2023-02-23,VVOS,yfinance,18.200000762939453,19.5,17.875,17.875,17.875,1952,0.0,0.0,1.0,18.200000762939453,17.875
2023-02-24,VVOS,yfinance,18.700000762939453,18.700000762939453,14.925000190734863,14.925000190734863,14.925000190734863,5624,0.0,0.0,1.0,18.700000762939453,14.925000190734863
2023-02-27,VVOS,yfinance,16.5,17.475000381469727,14.625,15.425000190734863,15.425000190734863,4236,0.0,0.0,1.0,16.5,15.425000190734863
2023-02-28,VVOS,yfinance,15.5,15.850000381469728,14.875,15.25,15.25,1472,0.0,0.0,1.0,15.5,15.25
2023-03-01,VVOS,yfinance,19.75,20.975000381469727,10.524999618530272,11.0,11.0,1055468,0.0,0.0,1.0,19.75,11.0
2023-03-02,VVOS,yfinance,10.25,13.625,9.149999618530272,9.725000381469728,9.725000381469728,231004,0.0,0.0,1.0,10.25,9.725000381469728
2023-03-03,VVOS,yfinance,10.75,11.399999618530272,9.875,10.800000190734863,10.800000190734863,61492,0.0,0.0,1.0,10.75,10.800000190734863
2023-03-06,VVOS,yfinance,10.75,11.225000381469728,9.5,10.324999809265137,10.324999809265137,33712,0.0,0.0,1.0,10.75,10.324999809265137
2023-03-07,VVOS,yfinance,10.475000381469728,10.5,9.25,9.824999809265137,9.824999809265137,41880,0.0,0.0,1.0,10.475000381469728,9.824999809265137
2023-03-08,VVOS,yfinance,10.25,10.25,9.25,9.324999809265137,9.324999809265137,22668,0.0,0.0,1.0,10.25,9.324999809265137
2023-03-09,VVOS,yfinance,9.524999618530272,9.524999618530272,8.75,8.949999809265137,8.949999809265137,21060,0.0,0.0,1.0,9.524999618530272,8.949999809265137
2023-03-10,VVOS,yfinance,8.75,8.949999809265137,7.800000190734863,8.649999618530273,8.649999618530273,30136,0.0,0.0,1.0,8.75,8.649999618530273
2023-03-13,VVOS,yfinance,8.625,8.975000381469727,7.550000190734863,8.625,8.625,18972,0.0,0.0,1.0,8.625,8.625
2023-03-14,VVOS,yfinance,8.625,9.5,8.625,8.875,8.875,18180,0.0,0.0,1.0,8.625,8.875
2023-03-15,VVOS,yfinance,8.399999618530273,9.425000190734863,8.399999618530273,9.175000190734863,9.175000190734863,10080,0.0,0.0,1.0,8.399999618530273,9.175000190734863
2023-03-16,VVOS,yfinance,9.25,9.975000381469728,8.875,9.574999809265137,9.574999809265137,18600,0.0,0.0,1.0,9.25,9.574999809265137
2023-03-17,VVOS,yfinance,9.625,9.625,8.699999809265137,8.75,8.75,10436,0.0,0.0,1.0,9.625,8.75
2023-03-20,VVOS,yfinance,8.75,8.75,8.25,8.274999618530273,8.274999618530273,7924,0.0,0.0,1.0,8.75,8.274999618530273
2023-03-21,VVOS,yfinance,8.5,8.5,8.25,8.425000190734863,8.425000190734863,6628,0.0,0.0,1.0,8.5,8.425000190734863
2023-03-22,VVOS,yfinance,8.75,8.824999809265137,8.449999809265137,8.600000381469727,8.600000381469727,4592,0.0,0.0,1.0,8.75,8.600000381469727
2023-03-23,VVOS,yfinance,9.25,9.25,8.350000381469727,8.449999809265137,8.449999809265137,4196,0.0,0.0,1.0,9.25,8.449999809265137
2023-03-24,VVOS,yfinance,8.75,8.75,8.100000381469727,8.600000381469727,8.600000381469727,4780,0.0,0.0,1.0,8.75,8.600000381469727
2023-03-27,VVOS,yfinance,8.75,8.75,8.25,8.75,8.75,4008,0.0,0.0,1.0,8.75,8.75
2023-03-28,VVOS,yfinance,8.75,8.75,7.900000095367432,8.0,8.0,7248,0.0,0.0,1.0,8.75,8.0
2023-03-29,VVOS,yfinance,8.175000190734863,8.5,8.074999809265137,8.25,8.25,4272,0.0,0.0,1.0,8.175000190734863,8.25
2023-03-30,VVOS,yfinance,8.300000190734863,9.0,8.300000190734863,9.0,9.0,12632,0.0,0.0,1.0,8.300000190734863,9.0
2023-03-31,VVOS,yfinance,8.899999618530273,9.800000190734863,8.449999809265137,8.524999618530273,8.524999618530273,13440,0.0,0.0,1.0,8.899999618530273,8.524999618530273
2023-04-03,VVOS,yfinance,8.300000190734863,8.925000190734863,8.300000190734863,8.5,8.5,8028,0.0,0.0,1.0,8.300000190734863,8.5
2023-04-04,VVOS,yfinance,8.875,8.875,8.5,8.5,8.5,2764,0.0,0.0,1.0,8.875,8.5
2023-04-05,VVOS,yfinance,8.625,8.75,8.175000190734863,8.25,8.25,4168,0.0,0.0,1.0,8.625,8.25
2023-04-06,VVOS,yfinance,8.175000190734863,8.324999809265137,7.900000095367432,8.225000381469727,8.225000381469727,5516,0.0,0.0,1.0,8.175000190734863,8.225000381469727
2023-04-10,VVOS,yfinance,8.25,8.25,7.5,7.75,7.75,9764,0.0,0.0,1.0,8.25,7.75
2023-04-11,VVOS,yfinance,8.199999809265137,8.225000381469727,7.75,7.824999809265137,7.824999809265137,3016,0.0,0.0,1.0,8.199999809265137,7.824999809265137
2023-04-12,VVOS,yfinance,8.0,8.5,7.875,8.449999809265137,8.449999809265137,6104,0.0,0.0,1.0,8.0,8.449999809265137
2023-04-13,VVOS,yfinance,8.449999809265137,8.449999809265137,7.5,8.0,8.0,3644,0.0,0.0,1.0,8.449999809265137,8.0
2023-04-14,VVOS,yfinance,8.0,8.5,7.775000095367432,8.350000381469727,8.350000381469727,5228,0.0,0.0,1.0,8.0,8.350000381469727
2023-04-17,VVOS,yfinance,8.5,9.324999809265137,8.0,8.550000190734863,8.550000190734863,13524,0.0,0.0,1.0,8.5,8.550000190734863
2023-04-18,VVOS,yfinance,8.824999809265137,9.5,8.550000190734863,9.5,9.5,8092,0.0,0.0,1.0,8.824999809265137,9.5
2023-04-19,VVOS,yfinance,9.449999809265137,10.25,9.0,9.774999618530272,9.774999618530272,7328,0.0,0.0,1.0,9.449999809265137,9.774999618530272
2023-04-20,VVOS,yfinance,10.125,10.25,9.25,9.324999809265137,9.324999809265137,3556,0.0,0.0,1.0,10.125,9.324999809265137
2023-04-21,VVOS,yfinance,9.5,10.25,8.074999809265137,9.75,9.75,10024,0.0,0.0,1.0,9.5,9.75
2023-04-24,VVOS,yfinance,9.675000190734863,9.75,9.0,9.149999618530272,9.149999618530272,1292,0.0,0.0,1.0,9.675000190734863,9.149999618530272
2023-04-25,VVOS,yfinance,9.5,9.5,8.25,8.850000381469727,8.850000381469727,3224,0.0,0.0,1.0,9.5,8.850000381469727
2023-04-26,VVOS,yfinance,9.100000381469728,9.5,8.0,8.0,8.0,2212,0.0,0.0,1.0,9.100000381469728,8.0
2023-04-27,VVOS,yfinance,8.850000381469727,8.850000381469727,8.0,8.25,8.25,652,0.0,0.0,1.0,8.850000381469727,8.25
2023-04-28,VVOS,yfinance,8.824999809265137,8.824999809265137,8.25,8.600000381469727,8.600000381469727,2412,0.0,0.0,1.0,8.824999809265137,8.600000381469727
2023-05-01,VVOS,yfinance,9.25,9.5,8.25,8.675000190734863,8.675000190734863,20800,0.0,0.0,1.0,9.25,8.675000190734863
2023-05-02,VVOS,yfinance,8.5,8.5,8.350000381469727,8.5,8.5,3936,0.0,0.0,1.0,8.5,8.5
2023-05-03,VVOS,yfinance,8.475000381469727,8.475000381469727,7.75,8.0,8.0,4004,0.0,0.0,1.0,8.475000381469727,8.0
2023-05-04,VVOS,yfinance,7.75,8.25,7.625,8.0,8.0,3152,0.0,0.0,1.0,7.75,8.0
2023-05-05,VVOS,yfinance,8.25,8.25,7.875,8.125,8.125,1660,0.0,0.0,1.0,8.25,8.125
2023-05-08,VVOS,yfinance,8.149999618530273,8.75,8.125,8.300000190734863,8.300000190734863,3320,0.0,0.0,1.0,8.149999618530273,8.300000190734863
2023-05-09,VVOS,yfinance,8.75,8.75,8.125,8.600000381469727,8.600000381469727,3988,0.0,0.0,1.0,8.75,8.600000381469727
2023-05-10,VVOS,yfinance,8.475000381469727,8.75,8.199999809265137,8.625,8.625,1292,0.0,0.0,1.0,8.475000381469727,8.625
2023-05-11,VVOS,yfinance,8.75,8.75,8.324999809265137,8.324999809265137,8.324999809265137,1784,0.0,0.0,1.0,8.75,8.324999809265137
2023-05-12,VVOS,yfinance,8.350000381469727,8.699999809265137,8.199999809265137,8.199999809265137,8.199999809265137,1020,0.0,0.0,1.0,8.350000381469727,8.199999809265137
2023-05-15,VVOS,yfinance,8.149999618530273,8.25,8.0,8.25,8.25,816,0.0,0.0,1.0,8.149999618530273,8.25
2023-05-16,VVOS,yfinance,8.0,9.25,8.0,9.0,9.0,15476,0.0,0.0,1.0,8.0,9.0
2023-05-17,VVOS,yfinance,8.925000190734863,10.5,8.5,9.875,9.875,12604,0.0,0.0,1.0,8.925000190734863,9.875
2023-05-18,VVOS,yfinance,9.574999809265137,10.0,9.0,9.0,9.0,4272,0.0,0.0,1.0,9.574999809265137,9.0
2023-05-19,VVOS,yfinance,9.25,9.625,8.25,8.274999618530273,8.274999618530273,7716,0.0,0.0,1.0,9.25,8.274999618530273
2023-05-22,VVOS,yfinance,8.524999618530273,9.25,8.25,9.125,9.125,4488,0.0,0.0,1.0,8.524999618530273,9.125
2023-05-23,VVOS,yfinance,9.25,9.25,8.0,8.600000381469727,8.600000381469727,8364,0.0,0.0,1.0,9.25,8.600000381469727
2023-05-24,VVOS,yfinance,8.600000381469727,10.175000190734863,8.024999618530273,10.149999618530272,10.149999618530272,14924,0.0,0.0,1.0,8.600000381469727,10.149999618530272
2023-05-25,VVOS,yfinance,10.0,10.25,9.5,9.975000381469728,9.975000381469728,5992,0.0,0.0,1.0,10.0,9.975000381469728
2023-05-26,VVOS,yfinance,10.5,10.5,9.75,10.0,10.0,4380,0.0,0.0,1.0,10.5,10.0
2023-05-30,VVOS,yfinance,10.0,10.25,9.625,10.0,10.0,3816,0.0,0.0,1.0,10.0,10.0
2023-05-31,VVOS,yfinance,10.25,10.25,9.25,9.550000190734863,9.550000190734863,6724,0.0,0.0,1.0,10.25,9.550000190734863
2023-06-01,VVOS,yfinance,10.5,10.5,9.75,10.25,10.25,4352,0.0,0.0,1.0,10.5,10.25
2023-06-02,VVOS,yfinance,10.75,11.125,10.0,10.024999618530272,10.024999618530272,12384,0.0,0.0,1.0,10.75,10.024999618530272
2023-06-05,VVOS,yfinance,10.25,10.725000381469728,10.0,10.024999618530272,10.024999618530272,720,0.0,0.0,1.0,10.25,10.024999618530272
2023-06-06,VVOS,yfinance,10.0,10.75,10.0,10.324999809265137,10.324999809265137,1616,0.0,0.0,1.0,10.0,10.324999809265137
2023-06-07,VVOS,yfinance,10.75,10.75,10.25,10.375,10.375,2252,0.0,0.0,1.0,10.75,10.375
2023-06-08,VVOS,yfinance,10.574999809265137,11.949999809265137,10.5,11.75,11.75,15056,0.0,0.0,1.0,10.574999809265137,11.75
2023-06-09,VVOS,yfinance,11.75,11.925000190734863,10.5,10.550000190734863,10.550000190734863,9528,0.0,0.0,1.0,11.75,10.550000190734863
2023-06-12,VVOS,yfinance,11.125,12.0,10.5,11.0,11.0,8400,0.0,0.0,1.0,11.125,11.0
2023-06-13,VVOS,yfinance,10.675000190734863,13.199999809265137,10.675000190734863,12.600000381469728,12.600000381469728,25060,0.0,0.0,1.0,10.675000190734863,12.600000381469728
2023-06-14,VVOS,yfinance,12.75,12.75,11.699999809265137,11.899999618530272,11.899999618530272,9568,0.0,0.0,1.0,12.75,11.899999618530272
2023-06-15,VVOS,yfinance,12.25,13.975000381469728,11.899999618530272,13.774999618530272,13.774999618530272,13368,0.0,0.0,1.0,12.25,13.774999618530272
2023-06-16,VVOS,yfinance,13.949999809265137,14.0,12.5,12.5,12.5,10600,0.0,0.0,1.0,13.949999809265137,12.5
2023-06-20,VVOS,yfinance,13.399999618530272,13.75,12.0,12.699999809265137,12.699999809265137,15628,0.0,0.0,1.0,13.399999618530272,12.699999809265137
2023-06-21,VVOS,yfinance,13.5,13.824999809265137,12.75,13.375,13.375,9668,0.0,0.0,1.0,13.5,13.375
2023-06-22,VVOS,yfinance,13.75,13.75,12.524999618530272,12.550000190734863,12.550000190734863,3432,0.0,0.0,1.0,13.75,12.550000190734863
2023-06-23,VVOS,yfinance,12.725000381469728,13.5,12.100000381469728,12.100000381469728,12.100000381469728,5744,0.0,0.0,1.0,12.725000381469728,12.100000381469728
2023-06-26,VVOS,yfinance,12.75,12.75,12.0,12.625,12.625,2444,0.0,0.0,1.0,12.75,12.625
2023-06-27,VVOS,yfinance,12.5,12.75,12.024999618530272,12.550000190734863,12.550000190734863,6492,0.0,0.0,1.0,12.5,12.550000190734863
2023-06-28,VVOS,yfinance,12.600000381469728,12.600000381469728,12.25,12.25,12.25,3156,0.0,0.0,1.0,12.600000381469728,12.25
2023-06-29,VVOS,yfinance,12.25,12.600000381469728,12.25,12.5,12.5,1660,0.0,0.0,1.0,12.25,12.5
2023-06-30,VVOS,yfinance,12.75,12.75,12.024999618530272,12.75,12.75,2908,0.0,0.0,1.0,12.75,12.75
2023-07-03,VVOS,yfinance,12.199999809265137,12.75,12.199999809265137,12.5,12.5,1976,0.0,0.0,1.0,12.199999809265137,12.5
2023-07-05,VVOS,yfinance,12.75,13.574999809265137,12.274999618530272,12.5,12.5,2652,0.0,0.0,1.0,12.75,12.5
2023-07-06,VVOS,yfinance,12.5,12.875,12.25,12.875,12.875,2732,0.0,0.0,1.0,12.5,12.875
2023-07-07,VVOS,yfinance,12.875,12.875,12.5,12.875,12.875,3468,0.0,0.0,1.0,12.875,12.875
2023-07-10,VVOS,yfinance,12.875,13.5,12.625,12.75,12.75,872,0.0,0.0,1.0,12.875,12.75
2023-07-11,VVOS,yfinance,12.975000381469728,13.125,12.074999809265137,12.699999809265137,12.699999809265137,10524,0.0,0.0,1.0,12.975000381469728,12.699999809265137
2023-07-12,VVOS,yfinance,12.600000381469728,13.0,12.324999809265137,12.625,12.625,10436,0.0,0.0,1.0,12.600000381469728,12.625
2023-07-13,VVOS,yfinance,12.800000190734863,13.25,12.324999809265137,12.625,12.625,8632,0.0,0.0,1.0,12.800000190734863,12.625
2023-07-14,VVOS,yfinance,12.699999809265137,13.0,7.275000095367432,7.925000190734863,7.925000190734863,76196,0.0,0.0,1.0,12.699999809265137,7.925000190734863
2023-07-17,VVOS,yfinance,8.675000190734863,9.5,7.25,7.824999809265137,7.824999809265137,68636,0.0,0.0,1.0,8.675000190734863,7.824999809265137
2023-07-18,VVOS,yfinance,7.824999809265137,8.0,5.75,6.300000190734863,6.300000190734863,70560,0.0,0.0,1.0,7.824999809265137,6.300000190734863
2023-07-19,VVOS,yfinance,6.300000190734863,7.150000095367432,6.300000190734863,7.125,7.125,15648,0.0,0.0,1.0,6.300000190734863,7.125
2023-07-20,VVOS,yfinance,7.300000190734863,7.300000190734863,6.625,7.099999904632568,7.099999904632568,7264,0.0,0.0,1.0,7.300000190734863,7.099999904632568
2023-07-21,VVOS,yfinance,7.449999809265137,7.675000190734863,7.099999904632568,7.25,7.25,8728,0.0,0.0,1.0,7.449999809265137,7.25
2023-07-24,VVOS,yfinance,7.849999904632568,7.849999904632568,7.25,7.574999809265137,7.574999809265137,8268,0.0,0.0,1.0,7.849999904632568,7.574999809265137
2023-07-25,VVOS,yfinance,7.75,7.75,7.25,7.324999809265137,7.324999809265137,5592,0.0,0.0,1.0,7.75,7.324999809265137
2023-07-26,VVOS,yfinance,7.25,7.75,7.025000095367432,7.449999809265137,7.449999809265137,11524,0.0,0.0,1.0,7.25,7.449999809265137
2023-07-27,VVOS,yfinance,7.224999904632568,7.699999809265137,7.199999809265137,7.449999809265137,7.449999809265137,2776,0.0,0.0,1.0,7.224999904632568,7.449999809265137
2023-07-28,VVOS,yfinance,8.0,8.0,7.025000095367432,7.025000095367432,7.025000095367432,2860,0.0,0.0,1.0,8.0,7.025000095367432
2023-07-31,VVOS,yfinance,7.5,7.5,6.875,7.275000095367432,7.275000095367432,15416,0.0,0.0,1.0,7.5,7.275000095367432
2023-08-01,VVOS,yfinance,7.5,7.5,7.0,7.25,7.25,2972,0.0,0.0,1.0,7.5,7.25
2023-08-02,VVOS,yfinance,7.25,7.625,7.0,7.400000095367432,7.400000095367432,8352,0.0,0.0,1.0,7.25,7.400000095367432
2023-08-03,VVOS,yfinance,7.650000095367432,7.650000095367432,7.0,7.400000095367432,7.400000095367432,2820,0.0,0.0,1.0,7.650000095367432,7.400000095367432
2023-08-04,VVOS,yfinance,7.525000095367432,7.525000095367432,7.150000095367432,7.349999904632568,7.349999904632568,2400,0.0,0.0,1.0,7.525000095367432,7.349999904632568
2023-08-07,VVOS,yfinance,7.025000095367432,7.375,6.25,6.525000095367432,6.525000095367432,245640,0.0,0.0,1.0,7.025000095367432,6.525000095367432
2023-08-08,VVOS,yfinance,13.25,14.024999618530272,9.574999809265137,10.0,10.0,2798644,0.0,0.0,1.0,13.25,10.0
2023-08-09,VVOS,yfinance,8.75,8.75,7.050000190734863,7.800000190734863,7.800000190734863,145544,0.0,0.0,1.0,8.75,7.800000190734863
2023-08-10,VVOS,yfinance,7.375,8.774999618530273,6.875,8.574999809265137,8.574999809265137,81040,0.0,0.0,1.0,7.375,8.574999809265137
2023-08-11,VVOS,yfinance,7.75,8.824999809265137,7.5,8.75,8.75,34072,0.0,0.0,1.0,7.75,8.75
2023-08-14,VVOS,yfinance,8.649999618530273,8.75,8.274999618530273,8.574999809265137,8.574999809265137,25112,0.0,0.0,1.0,8.649999618530273,8.574999809265137
2023-08-15,VVOS,yfinance,8.449999809265137,8.5,7.525000095367432,8.149999618530273,8.149999618530273,17260,0.0,0.0,1.0,8.449999809265137,8.149999618530273
2023-08-16,VVOS,yfinance,8.475000381469727,9.399999618530272,7.949999809265137,8.574999809265137,8.574999809265137,20608,0.0,0.0,1.0,8.475000381469727,8.574999809265137
2023-08-17,VVOS,yfinance,8.074999809265137,8.375,7.625,7.974999904632568,7.974999904632568,16884,0.0,0.0,1.0,8.074999809265137,7.974999904632568
2023-08-18,VVOS,yfinance,7.724999904632568,7.900000095367432,7.625,7.824999809265137,7.824999809265137,11428,0.0,0.0,1.0,7.724999904632568,7.824999809265137
2023-08-21,VVOS,yfinance,7.525000095367432,7.824999809265137,6.5,6.925000190734863,6.925000190734863,21204,0.0,0.0,1.0,7.525000095367432,6.925000190734863
2023-08-22,VVOS,yfinance,6.775000095367432,6.775000095367432,6.25,6.625,6.625,12444,0.0,0.0,1.0,6.775000095367432,6.625
2023-08-23,VVOS,yfinance,6.625,6.724999904632568,6.5,6.525000095367432,6.525000095367432,7720,0.0,0.0,1.0,6.625,6.525000095367432
2023-08-24,VVOS,yfinance,6.75,6.75,6.5,6.599999904632568,6.599999904632568,7792,0.0,0.0,1.0,6.75,6.599999904632568
2023-08-25,VVOS,yfinance,6.5,6.75,6.25,6.650000095367432,6.650000095367432,5076,0.0,0.0,1.0,6.5,6.650000095367432
2023-08-28,VVOS,yfinance,6.775000095367432,6.775000095367432,6.25,6.5,6.5,6644,0.0,0.0,1.0,6.775000095367432,6.5
2023-08-29,VVOS,yfinance,6.300000190734863,6.699999809265137,6.300000190734863,6.625,6.625,5028,0.0,0.0,1.0,6.300000190734863,6.625
2023-08-30,VVOS,yfinance,6.474999904632568,6.699999809265137,6.0,6.275000095367432,6.275000095367432,9424,0.0,0.0,1.0,6.474999904632568,6.275000095367432
2023-08-31,VVOS,yfinance,6.5,6.599999904632568,6.275000095367432,6.275000095367432,6.275000095367432,3380,0.0,0.0,1.0,6.5,6.275000095367432
2023-09-01,VVOS,yfinance,6.25,6.599999904632568,6.25,6.400000095367432,6.400000095367432,5428,0.0,0.0,1.0,6.25,6.400000095367432
2023-09-05,VVOS,yfinance,6.224999904632568,6.875,6.224999904632568,6.425000190734863,6.425000190734863,4292,0.0,0.0,1.0,6.224999904632568,6.425000190734863
2023-09-06,VVOS,yfinance,6.125,6.75,6.125,6.400000095367432,6.400000095367432,4072,0.0,0.0,1.0,6.125,6.400000095367432
2023-09-07,VVOS,yfinance,6.474999904632568,6.474999904632568,6.125,6.300000190734863,6.300000190734863,4132,0.0,0.0,1.0,6.474999904632568,6.300000190734863
2023-09-08,VVOS,yfinance,6.474999904632568,6.724999904632568,6.125,6.375,6.375,5912,0.0,0.0,1.0,6.474999904632568,6.375
2023-09-11,VVOS,yfinance,6.5,6.75,6.25,6.25,6.25,4764,0.0,0.0,1.0,6.5,6.25
2023-09-12,VVOS,yfinance,6.375,6.5,6.150000095367432,6.150000095367432,6.150000095367432,6052,0.0,0.0,1.0,6.375,6.150000095367432
2023-09-13,VVOS,yfinance,6.150000095367432,6.5,5.525000095367432,6.074999809265137,6.074999809265137,10104,0.0,0.0,1.0,6.150000095367432,6.074999809265137
2023-09-14,VVOS,yfinance,5.875,6.125,5.849999904632568,6.125,6.125,2976,0.0,0.0,1.0,5.875,6.125
2023-09-15,VVOS,yfinance,6.125,6.25,5.974999904632568,6.125,6.125,4812,0.0,0.0,1.0,6.125,6.125
2023-09-18,VVOS,yfinance,6.0,6.625,6.0,6.550000190734863,6.550000190734863,8708,0.0,0.0,1.0,6.0,6.550000190734863
2023-09-19,VVOS,yfinance,6.625,6.625,6.0,6.5,6.5,4276,0.0,0.0,1.0,6.625,6.5
2023-09-20,VVOS,yfinance,6.625,6.625,6.125,6.25,6.25,3148,0.0,0.0,1.0,6.625,6.25
2023-09-21,VVOS,yfinance,5.925000190734863,5.925000190734863,5.025000095367432,5.199999809265137,5.199999809265137,17700,0.0,0.0,1.0,5.925000190734863,5.199999809265137
2023-09-22,VVOS,yfinance,5.125,5.125,4.525000095367432,4.775000095367432,4.775000095367432,10512,0.0,0.0,1.0,5.125,4.775000095367432
2023-09-25,VVOS,yfinance,4.925000190734863,4.925000190734863,4.75,4.800000190734863,4.800000190734863,8932,0.0,0.0,1.0,4.925000190734863,4.800000190734863
2023-09-26,VVOS,yfinance,6.0,6.0,4.75,4.775000095367432,4.775000095367432,8812,0.0,0.0,1.0,6.0,4.775000095367432
2023-09-27,VVOS,yfinance,5.099999904632568,5.099999904632568,4.574999809265137,4.75,4.75,10624,0.0,0.0,1.0,5.099999904632568,4.75
2023-09-28,VVOS,yfinance,4.925000190734863,4.925000190734863,4.550000190734863,4.550000190734863,4.550000190734863,3552,0.0,0.0,1.0,4.925000190734863,4.550000190734863
2023-09-29,VVOS,yfinance,4.5,5.125,4.5,4.800000190734863,4.800000190734863,12064,0.0,0.0,1.0,4.5,4.800000190734863
2023-10-02,VVOS,yfinance,4.775000095367432,4.800000190734863,4.625,4.75,4.75,2144,0.0,0.0,1.0,4.775000095367432,4.75
2023-10-03,VVOS,yfinance,4.75,4.75,4.5,4.625,4.625,2288,0.0,0.0,1.0,4.75,4.625
2023-10-04,VVOS,yfinance,6.75,11.25,6.275000095367432,7.625,7.625,10055588,0.0,0.0,1.0,6.75,7.625
2023-10-05,VVOS,yfinance,8.800000190734863,8.975000381469727,7.275000095367432,8.149999618530273,8.149999618530273,955332,0.0,0.0,1.0,8.800000190734863,8.149999618530273
2023-10-06,VVOS,yfinance,7.025000095367432,7.349999904632568,6.525000095367432,6.949999809265137,6.949999809265137,209628,0.0,0.0,1.0,7.025000095367432,6.949999809265137
2023-10-09,VVOS,yfinance,6.5,7.449999809265137,6.050000190734863,6.875,6.875,102632,0.0,0.0,1.0,6.5,6.875
2023-10-10,VVOS,yfinance,7.224999904632568,7.699999809265137,6.699999809265137,7.574999809265137,7.574999809265137,128000,0.0,0.0,1.0,7.224999904632568,7.574999809265137
2023-10-11,VVOS,yfinance,7.175000190734863,8.324999809265137,6.925000190734863,7.849999904632568,7.849999904632568,100228,0.0,0.0,1.0,7.175000190734863,7.849999904632568
2023-10-12,VVOS,yfinance,7.349999904632568,8.25,7.324999809265137,7.824999809265137,7.824999809265137,51620,0.0,0.0,1.0,7.349999904632568,7.824999809265137
2023-10-13,VVOS,yfinance,7.349999904632568,8.199999809265137,7.25,8.074999809265137,8.074999809265137,22896,0.0,0.0,1.0,7.349999904632568,8.074999809265137
2023-10-16,VVOS,yfinance,8.199999809265137,8.425000190734863,7.625,8.0,8.0,28868,0.0,0.0,1.0,8.199999809265137,8.0
2023-10-17,VVOS,yfinance,7.974999904632568,8.199999809265137,7.525000095367432,7.699999809265137,7.699999809265137,15104,0.0,0.0,1.0,7.974999904632568,7.699999809265137
2023-10-18,VVOS,yfinance,8.149999618530273,8.25,6.900000095367432,7.0,7.0,28156,0.0,0.0,1.0,8.149999618530273,7.0
2023-10-19,VVOS,yfinance,7.25,7.349999904632568,6.75,6.900000095367432,6.900000095367432,16096,0.0,0.0,1.0,7.25,6.900000095367432
2023-10-20,VVOS,yfinance,6.800000190734863,6.925000190734863,6.25,6.5,6.5,23512,0.0,0.0,1.0,6.800000190734863,6.5
2023-10-23,VVOS,yfinance,6.300000190734863,7.0,5.599999904632568,6.949999809265137,6.949999809265137,44200,0.0,0.0,1.0,6.300000190734863,6.949999809265137
2023-10-24,VVOS,yfinance,7.75,7.824999809265137,6.5,6.550000190734863,6.550000190734863,37272,0.0,0.0,1.0,7.75,6.550000190734863
2023-10-25,VVOS,yfinance,6.5,7.75,6.5,6.949999809265137,6.949999809265137,15224,0.0,0.0,1.0,6.5,6.949999809265137
2023-10-26,VVOS,yfinance,7.050000190734863,7.175000190734863,6.25,6.474999904632568,6.474999904632568,35804,0.0,0.0,1.0,7.050000190734863,6.474999904632568
2023-10-27,VVOS,yfinance,5.019999980926514,5.019999980926514,3.5899999141693115,4.320000171661377,4.320000171661377,194300,0.0,0.04,1.0,5.019999980926514,4.320000171661377
2023-10-30,VVOS,yfinance,4.079999923706055,4.170000076293945,3.700000047683716,3.829999923706055,3.829999923706055,52100,0.0,0.0,1.0,4.079999923706055,3.829999923706055
2023-10-31,VVOS,yfinance,3.5899999141693115,3.5899999141693115,3.069000005722046,3.2100000381469727,3.2100000381469727,96600,0.0,0.0,1.0,3.5899999141693115,3.2100000381469727
2023-11-01,VVOS,yfinance,3.400000095367432,3.4600000381469727,3.1700000762939453,3.380000114440918,3.380000114440918,20500,0.0,0.0,1.0,3.400000095367432,3.380000114440918
2023-11-02,VVOS,yfinance,3.450000047683716,4.039999961853027,3.450000047683716,3.619999885559082,3.619999885559082,112200,0.0,0.0,1.0,3.450000047683716,3.619999885559082
2023-11-03,VVOS,yfinance,3.4800000190734863,3.829999923706055,3.369999885559082,3.4200000762939453,3.4200000762939453,68400,0.0,0.0,1.0,3.4800000190734863,3.4200000762939453
2023-11-06,VVOS,yfinance,3.440000057220459,3.7300000190734863,3.305999994277954,3.549999952316284,3.549999952316284,40500,0.0,0.0,1.0,3.440000057220459,3.549999952316284
2023-11-07,VVOS,yfinance,3.549999952316284,3.849999904632568,3.359999895095825,3.4800000190734863,3.4800000190734863,24400,0.0,0.0,1.0,3.549999952316284,3.4800000190734863
2023-11-08,VVOS,yfinance,3.4600000381469727,3.5899999141693115,3.059999942779541,3.289999961853028,3.289999961853028,48500,0.0,0.0,1.0,3.4600000381469727,3.289999961853028
2023-11-09,VVOS,yfinance,3.140000104904175,3.240000009536743,2.9100000858306885,2.9100000858306885,2.9100000858306885,34800,0.0,0.0,1.0,3.140000104904175,2.9100000858306885
2023-11-10,VVOS,yfinance,2.9100000858306885,2.9100000858306885,2.740000009536743,2.740000009536743,2.740000009536743,21400,0.0,0.0,1.0,2.9100000858306885,2.740000009536743
2023-11-13,VVOS,yfinance,2.799999952316284,3.430000066757202,2.7300000190734863,3.400000095367432,3.400000095367432,53700,0.0,0.0,1.0,2.799999952316284,3.400000095367432
2023-11-14,VVOS,yfinance,3.4100000858306885,3.744999885559082,3.390000104904175,3.7300000190734863,3.7300000190734863,61000,0.0,0.0,1.0,3.4100000858306885,3.7300000190734863
2023-11-15,VVOS,yfinance,3.950000047683716,4.300000190734863,3.809999942779541,3.849999904632568,3.849999904632568,82500,0.0,0.0,1.0,3.950000047683716,3.849999904632568
2023-11-16,VVOS,yfinance,3.849999904632568,4.159999847412109,3.849999904632568,3.880000114440918,3.880000114440918,34300,0.0,0.0,1.0,3.849999904632568,3.880000114440918
2023-11-17,VVOS,yfinance,3.849999904632568,4.150000095367432,3.849999904632568,4.039999961853027,4.039999961853027,10700,0.0,0.0,1.0,3.849999904632568,4.039999961853027
2023-11-20,VVOS,yfinance,3.9700000286102295,4.5,3.961999893188477,4.28000020980835,4.28000020980835,21200,0.0,0.0,1.0,3.9700000286102295,4.28000020980835
2023-11-21,VVOS,yfinance,4.269999980926514,4.980000019073486,4.255000114440918,4.650000095367432,4.650000095367432,18400,0.0,0.0,1.0,4.269999980926514,4.650000095367432
2023-11-22,VVOS,yfinance,4.989999771118164,4.989999771118164,3.990000009536743,3.990000009536743,3.990000009536743,44300,0.0,0.0,1.0,4.989999771118164,3.990000009536743
2023-11-24,VVOS,yfinance,3.990000009536743,4.525000095367432,3.990000009536743,4.489999771118164,4.489999771118164,19600,0.0,0.0,1.0,3.990000009536743,4.489999771118164
2023-11-27,VVOS,yfinance,4.440000057220459,4.5,4.070000171661377,4.228000164031982,4.228000164031982,10300,0.0,0.0,1.0,4.440000057220459,4.228000164031982
2023-11-28,VVOS,yfinance,4.070000171661377,4.425000190734863,4.070000171661377,4.389999866485596,4.389999866485596,6100,0.0,0.0,1.0,4.070000171661377,4.389999866485596
2023-11-29,VVOS,yfinance,11.93000030517578,48.790000915527344,9.869999885559082,41.0,41.0,46841800,0.0,0.0,1.0,11.93000030517578,41.0
2023-11-30,VVOS,yfinance,25.280000686645508,31.5,21.899999618530277,24.5,24.5,5513600,0.0,0.0,1.0,25.280000686645508,24.5
2023-12-01,VVOS,yfinance,20.63999938964844,23.3700008392334,18.989999771118164,19.899999618530277,19.899999618530277,1857800,0.0,0.0,1.0,20.63999938964844,19.899999618530277
2023-12-04,VVOS,yfinance,17.010000228881836,17.969999313354492,15.5,15.8100004196167,15.8100004196167,1345600,0.0,0.0,1.0,17.010000228881836,15.8100004196167
2023-12-05,VVOS,yfinance,15.899999618530272,18.5,15.029999732971191,15.3100004196167,15.3100004196167,885000,0.0,0.0,1.0,15.899999618530272,15.3100004196167
2023-12-06,VVOS,yfinance,15.380000114440918,18.850000381469727,15.020000457763672,16.969999313354492,16.969999313354492,1248000,0.0,0.0,1.0,15.380000114440918,16.969999313354492
2023-12-07,VVOS,yfinance,15.770000457763672,17.59000015258789,15.699999809265137,15.890000343322754,15.890000343322754,436600,0.0,0.0,1.0,15.770000457763672,15.890000343322754
2023-12-08,VVOS,yfinance,15.579999923706056,16.209999084472656,15.119999885559082,15.3100004196167,15.3100004196167,216700,0.0,0.0,1.0,15.579999923706056,15.3100004196167
2023-12-11,VVOS,yfinance,15.390000343322754,15.899999618530272,12.800000190734863,13.100000381469728,13.100000381469728,273700,0.0,0.0,1.0,15.390000343322754,13.100000381469728
2023-12-12,VVOS,yfinance,13.15999984741211,13.510000228881836,10.550000190734863,10.699999809265137,10.699999809265137,307100,0.0,0.0,1.0,13.15999984741211,10.699999809265137
2023-12-13,VVOS,yfinance,10.600000381469728,11.350000381469728,10.010000228881836,10.880000114440918,10.880000114440918,236200,0.0,0.0,1.0,10.600000381469728,10.880000114440918
2023-12-14,VVOS,yfinance,10.789999961853027,11.168999671936035,9.479999542236328,9.880000114440918,9.880000114440918,338500,0.0,0.0,1.0,10.789999961853027,9.880000114440918
2023-12-15,VVOS,yfinance,9.520000457763672,9.904999732971191,9.050000190734863,9.210000038146973,9.210000038146973,163400,0.0,0.0,1.0,9.520000457763672,9.210000038146973
2023-12-18,VVOS,yfinance,9.050000190734863,12.449999809265137,9.050000190734863,11.609999656677246,11.609999656677246,1068800,0.0,0.0,1.0,9.050000190734863,11.609999656677246
2023-12-19,VVOS,yfinance,10.600000381469728,11.989999771118164,10.59000015258789,10.880000114440918,10.880000114440918,198300,0.0,0.0,1.0,10.600000381469728,10.880000114440918
2023-12-20,VVOS,yfinance,11.18000030517578,14.199999809265137,10.65999984741211,12.140000343322754,12.140000343322754,693300,0.0,0.0,1.0,11.18000030517578,12.140000343322754
2023-12-21,VVOS,yfinance,11.90999984741211,13.399999618530272,11.600000381469728,11.779999732971191,11.779999732971191,180300,0.0,0.0,1.0,11.90999984741211,11.779999732971191
2023-12-22,VVOS,yfinance,11.640000343322754,12.3100004196167,11.0,11.329999923706056,11.329999923706056,106200,0.0,0.0,1.0,11.640000343322754,11.329999923706056
2023-12-26,VVOS,yfinance,11.0,11.607000350952148,11.0,11.260000228881836,11.260000228881836,54200,0.0,0.0,1.0,11.0,11.260000228881836
2023-12-27,VVOS,yfinance,11.149999618530272,12.0,11.0,11.920000076293944,11.920000076293944,75600,0.0,0.0,1.0,11.149999618530272,11.920000076293944
2023-12-28,VVOS,yfinance,11.710000038146973,12.75,11.489999771118164,12.5600004196167,12.5600004196167,128600,0.0,0.0,1.0,11.710000038146973,12.5600004196167
2023-12-29,VVOS,yfinance,12.5600004196167,12.831000328063965,11.93000030517578,12.4399995803833,12.4399995803833,105400,0.0,0.0,1.0,12.5600004196167,12.4399995803833
2024-01-02,VVOS,yfinance,12.65999984741211,12.75,11.56999969482422,11.800000190734863,11.800000190734863,56100,0.0,0.0,1.0,12.65999984741211,11.800000190734863
2024-01-03,VVOS,yfinance,11.399999618530272,12.399999618530272,11.362000465393066,11.75,11.75,54700,0.0,0.0,1.0,11.399999618530272,11.75
2024-01-04,VVOS,yfinance,11.520000457763672,12.579999923706056,9.800000190734863,9.859999656677246,9.859999656677246,161800,0.0,0.0,1.0,11.520000457763672,9.859999656677246
2024-01-05,VVOS,yfinance,9.989999771118164,9.989999771118164,9.010000228881836,9.329999923706056,9.329999923706056,141900,0.0,0.0,1.0,9.989999771118164,9.329999923706056
2024-01-08,VVOS,yfinance,9.789999961853027,9.968000411987305,9.18000030517578,9.449999809265137,9.449999809265137,84500,0.0,0.0,1.0,9.789999961853027,9.449999809265137
2024-01-09,VVOS,yfinance,9.260000228881836,9.354999542236328,8.550000190734863,8.600000381469727,8.600000381469727,90300,0.0,0.0,1.0,9.260000228881836,8.600000381469727
2024-01-10,VVOS,yfinance,8.579999923706055,8.859000205993652,8.029999732971191,8.079999923706055,8.079999923706055,132400,0.0,0.0,1.0,8.579999923706055,8.079999923706055
2024-01-11,VVOS,yfinance,7.920000076293945,8.09000015258789,7.679999828338623,8.069999694824219,8.069999694824219,83700,0.0,0.0,1.0,7.920000076293945,8.069999694824219
2024-01-12,VVOS,yfinance,7.909999847412109,8.170000076293945,7.619999885559082,7.945000171661377,7.945000171661377,31200,0.0,0.0,1.0,7.909999847412109,7.945000171661377
2024-01-16,VVOS,yfinance,7.650000095367432,7.789999961853027,7.110000133514404,7.159999847412109,7.159999847412109,53700,0.0,0.0,1.0,7.650000095367432,7.159999847412109
2024-01-17,VVOS,yfinance,7.079999923706055,7.159999847412109,6.5,6.820000171661377,6.820000171661377,89600,0.0,0.0,1.0,7.079999923706055,6.820000171661377
2024-01-18,VVOS,yfinance,6.599999904632568,7.090000152587891,6.599999904632568,6.809999942779541,6.809999942779541,59100,0.0,0.0,1.0,6.599999904632568,6.809999942779541
2024-01-19,VVOS,yfinance,6.71999979019165,6.800000190734863,6.5,6.5,6.5,63700,0.0,0.0,1.0,6.71999979019165,6.5
2024-01-22,VVOS,yfinance,6.519999980926514,7.198999881744385,6.460000038146973,7.010000228881836,7.010000228881836,119800,0.0,0.0,1.0,6.519999980926514,7.010000228881836
2024-01-23,VVOS,yfinance,6.989999771118164,7.136000156402588,5.730000019073486,6.300000190734863,6.300000190734863,164900,0.0,0.0,1.0,6.989999771118164,6.300000190734863
2024-01-24,VVOS,yfinance,6.159999847412109,6.420000076293945,5.570000171661377,5.619999885559082,5.619999885559082,76600,0.0,0.0,1.0,6.159999847412109,5.619999885559082
2024-01-25,VVOS,yfinance,5.61299991607666,5.670000076293945,5.090000152587891,5.164999961853027,5.164999961853027,101500,0.0,0.0,1.0,5.61299991607666,5.164999961853027
2024-01-26,VVOS,yfinance,5.71999979019165,5.71999979019165,5.230000019073486,5.400000095367432,5.400000095367432,83000,0.0,0.0,1.0,5.71999979019165,5.400000095367432
2024-01-29,VVOS,yfinance,5.489999771118164,7.300000190734863,5.340000152587891,6.599999904632568,6.599999904632568,526900,0.0,0.0,1.0,5.489999771118164,6.599999904632568
2024-01-30,VVOS,yfinance,6.480000019073486,9.138999938964844,6.159999847412109,7.550000190734863,7.550000190734863,922400,0.0,0.0,1.0,6.480000019073486,7.550000190734863
2024-01-31,VVOS,yfinance,7.389999866485596,7.739999771118164,7.02400016784668,7.369999885559082,7.369999885559082,143600,0.0,0.0,1.0,7.389999866485596,7.369999885559082
2024-02-01,VVOS,yfinance,7.429999828338623,7.619999885559082,6.017000198364258,6.139999866485596,6.139999866485596,175700,0.0,0.0,1.0,7.429999828338623,6.139999866485596
2024-02-02,VVOS,yfinance,6.300000190734863,6.46999979019165,5.900000095367432,6.130000114440918,6.130000114440918,86400,0.0,0.0,1.0,6.300000190734863,6.130000114440918
2024-02-05,VVOS,yfinance,5.989999771118164,6.059000015258789,5.75,5.75,5.75,51400,0.0,0.0,1.0,5.989999771118164,5.75
2024-02-06,VVOS,yfinance,6.420000076293945,6.449999809265137,5.46999979019165,5.46999979019165,5.46999979019165,545800,0.0,0.0,1.0,6.420000076293945,5.46999979019165
2024-02-07,VVOS,yfinance,5.510000228881836,5.5229997634887695,4.900000095367432,5.03000020980835,5.03000020980835,281800,0.0,0.0,1.0,5.510000228881836,5.03000020980835
2024-02-08,VVOS,yfinance,5.110000133514404,5.5,4.960000038146973,5.25,5.25,115800,0.0,0.0,1.0,5.110000133514404,5.25
2024-02-09,VVOS,yfinance,5.139999866485596,5.5,5.070000171661377,5.289999961853027,5.289999961853027,101800,0.0,0.0,1.0,5.139999866485596,5.289999961853027
2024-02-12,VVOS,yfinance,5.300000190734863,5.679999828338623,4.960000038146973,5.139999866485596,5.139999866485596,134300,0.0,0.0,1.0,5.300000190734863,5.139999866485596
2024-02-13,VVOS,yfinance,5.0,5.460000038146973,4.96999979019165,5.150000095367432,5.150000095367432,123900,0.0,0.0,1.0,5.0,5.150000095367432
2024-02-14,VVOS,yfinance,5.019999980926514,5.4070000648498535,4.974999904632568,5.050000190734863,5.050000190734863,113300,0.0,0.0,1.0,5.019999980926514,5.050000190734863
2024-02-15,VVOS,yfinance,5.010000228881836,5.51200008392334,5.010000228881836,5.360000133514404,5.360000133514404,90800,0.0,0.0,1.0,5.010000228881836,5.360000133514404
2024-02-16,VVOS,yfinance,5.639999866485596,5.639999866485596,5.159999847412109,5.25,5.25,54700,0.0,0.0,1.0,5.639999866485596,5.25
2024-02-20,VVOS,yfinance,5.300000190734863,5.497000217437744,5.019999980926514,5.130000114440918,5.130000114440918,59400,0.0,0.0,1.0,5.300000190734863,5.130000114440918
2024-02-21,VVOS,yfinance,5.0,5.152999877929688,4.769999980926514,4.929999828338623,4.929999828338623,87900,0.0,0.0,1.0,5.0,4.929999828338623
2024-02-22,VVOS,yfinance,4.929999828338623,5.142000198364258,4.860000133514404,4.949999809265137,4.949999809265137,29900,0.0,0.0,1.0,4.929999828338623,4.949999809265137
2024-02-23,VVOS,yfinance,5.179999828338623,5.179999828338623,4.75,4.900000095367432,4.900000095367432,61200,0.0,0.0,1.0,5.179999828338623,4.900000095367432
2024-02-26,VVOS,yfinance,5.0,5.199999809265137,4.860000133514404,4.909999847412109,4.909999847412109,73300,0.0,0.0,1.0,5.0,4.909999847412109
2024-02-27,VVOS,yfinance,4.949999809265137,5.010000228881836,4.836999893188477,4.920000076293945,4.920000076293945,70600,0.0,0.0,1.0,4.949999809265137,4.920000076293945
2024-02-28,VVOS,yfinance,4.860000133514404,5.21999979019165,4.78000020980835,5.199999809265137,5.199999809265137,80500,0.0,0.0,1.0,4.860000133514404,5.199999809265137
2024-02-29,VVOS,yfinance,5.159999847412109,6.230000019073486,5.019999980926514,5.809999942779541,5.809999942779541,324400,0.0,0.0,1.0,5.159999847412109,5.809999942779541
2024-03-01,VVOS,yfinance,5.550000190734863,5.840000152587891,5.400000095367432,5.489999771118164,5.489999771118164,71400,0.0,0.0,1.0,5.550000190734863,5.489999771118164
2024-03-04,VVOS,yfinance,5.389999866485596,5.710000038146973,5.150000095367432,5.300000190734863,5.300000190734863,85800,0.0,0.0,1.0,5.389999866485596,5.300000190734863
2024-03-05,VVOS,yfinance,5.420000076293945,5.5,4.869999885559082,5.039999961853027,5.039999961853027,77700,0.0,0.0,1.0,5.420000076293945,5.039999961853027
2024-03-06,VVOS,yfinance,5.25,5.349999904632568,4.900000095367432,5.309999942779541,5.309999942779541,70800,0.0,0.0,1.0,5.25,5.309999942779541
2024-03-07,VVOS,yfinance,5.179999828338623,5.300000190734863,4.940000057220459,5.079999923706055,5.079999923706055,32900,0.0,0.0,1.0,5.179999828338623,5.079999923706055
2024-03-08,VVOS,yfinance,5.010000228881836,5.210000038146973,4.78000020980835,4.829999923706055,4.829999923706055,70300,0.0,0.0,1.0,5.010000228881836,4.829999923706055
2024-03-11,VVOS,yfinance,4.920000076293945,4.980000019073486,4.349999904632568,4.764999866485596,4.764999866485596,50000,0.0,0.0,1.0,4.920000076293945,4.764999866485596
2024-03-12,VVOS,yfinance,4.659999847412109,4.889999866485596,4.550000190734863,4.559999942779541,4.559999942779541,53500,0.0,0.0,1.0,4.659999847412109,4.559999942779541
2024-03-13,VVOS,yfinance,4.550000190734863,4.71999979019165,4.449999809265137,4.510000228881836,4.510000228881836,46800,0.0,0.0,1.0,4.550000190734863,4.510000228881836
2024-03-14,VVOS,yfinance,4.409999847412109,4.6479997634887695,4.210000038146973,4.260000228881836,4.260000228881836,76300,0.0,0.0,1.0,4.409999847412109,4.260000228881836
2024-03-15,VVOS,yfinance,4.300000190734863,4.670000076293945,4.260000228881836,4.5,4.5,50200,0.0,0.0,1.0,4.300000190734863,4.5
2024-03-18,VVOS,yfinance,4.510000228881836,4.769999980926514,4.400000095367432,4.46999979019165,4.46999979019165,59400,0.0,0.0,1.0,4.510000228881836,4.46999979019165
2024-03-19,VVOS,yfinance,4.320000171661377,4.630000114440918,4.320000171661377,4.449999809265137,4.449999809265137,61600,0.0,0.0,1.0,4.320000171661377,4.449999809265137
2024-03-20,VVOS,yfinance,4.380000114440918,4.619999885559082,4.380000114440918,4.599999904632568,4.599999904632568,31200,0.0,0.0,1.0,4.380000114440918,4.599999904632568
2024-03-21,VVOS,yfinance,4.599999904632568,5.142000198364258,4.599999904632568,4.909999847412109,4.909999847412109,89400,0.0,0.0,1.0,4.599999904632568,4.909999847412109
2024-03-22,VVOS,yfinance,4.889999866485596,5.239999771118164,4.559999942779541,4.940000057220459,4.940000057220459,81600,0.0,0.0,1.0,4.889999866485596,4.940000057220459
2024-03-25,VVOS,yfinance,4.909999847412109,4.909999847412109,4.420000076293945,4.550000190734863,4.550000190734863,41500,0.0,0.0,1.0,4.909999847412109,4.550000190734863
2024-03-26,VVOS,yfinance,4.610000133514404,4.735000133514404,4.110000133514404,4.46999979019165,4.46999979019165,74600,0.0,0.0,1.0,4.610000133514404,4.46999979019165
2024-03-27,VVOS,yfinance,4.639999866485596,4.699999809265137,4.349999904632568,4.650000095367432,4.650000095367432,45400,0.0,0.0,1.0,4.639999866485596,4.650000095367432
2024-03-28,VVOS,yfinance,4.699999809265137,4.849999904632568,4.310999870300293,4.829999923706055,4.829999923706055,149800,0.0,0.0,1.0,4.699999809265137,4.829999923706055
2024-04-01,VVOS,yfinance,3.75,3.990000009536743,3.3299999237060547,3.369999885559082,3.369999885559082,399600,0.0,0.0,1.0,3.75,3.369999885559082
2024-04-02,VVOS,yfinance,3.4600000381469727,3.4600000381469727,3.250999927520752,3.384999990463257,3.384999990463257,70500,0.0,0.0,1.0,3.4600000381469727,3.384999990463257
2024-04-03,VVOS,yfinance,3.400000095367432,3.440000057220459,2.940000057220459,3.009999990463257,3.009999990463257,164900,0.0,0.0,1.0,3.400000095367432,3.009999990463257
2024-04-04,VVOS,yfinance,3.0299999713897705,3.749000072479248,2.950000047683716,3.140000104904175,3.140000104904175,650100,0.0,0.0,1.0,3.0299999713897705,3.140000104904175
2024-04-05,VVOS,yfinance,2.9600000381469727,3.135999917984009,2.950000047683716,3.009999990463257,3.009999990463257,92600,0.0,0.0,1.0,2.9600000381469727,3.009999990463257
2024-04-08,VVOS,yfinance,3.009999990463257,3.095999956130981,2.934999942779541,3.0299999713897705,3.0299999713897705,38400,0.0,0.0,1.0,3.009999990463257,3.0299999713897705
2024-04-09,VVOS,yfinance,3.0199999809265137,3.440000057220459,2.470000028610229,2.755000114440918,2.755000114440918,5186800,0.0,0.0,1.0,3.0199999809265137,2.755000114440918
2024-04-10,VVOS,yfinance,2.680000066757202,2.799999952316284,2.5999999046325684,2.680000066757202,2.680000066757202,234600,0.0,0.0,1.0,2.680000066757202,2.680000066757202
2024-04-11,VVOS,yfinance,2.7699999809265137,2.789999961853028,2.400000095367432,2.740000009536743,2.740000009536743,157500,0.0,0.0,1.0,2.7699999809265137,2.740000009536743
2024-04-12,VVOS,yfinance,2.789999961853028,2.789999961853028,2.569999933242798,2.640000104904175,2.640000104904175,88600,0.0,0.0,1.0,2.789999961853028,2.640000104904175
2024-04-15,VVOS,yfinance,2.5799999237060547,2.900000095367432,2.450000047683716,2.7699999809265137,2.7699999809265137,236500,0.0,0.0,1.0,2.5799999237060547,2.7699999809265137
2024-04-16,VVOS,yfinance,2.7100000381469727,2.76200008392334,2.5199999809265137,2.700000047683716,2.700000047683716,74900,0.0,0.0,1.0,2.7100000381469727,2.700000047683716
2024-04-17,VVOS,yfinance,2.700000047683716,2.744999885559082,2.549999952316284,2.6600000858306885,2.6600000858306885,30600,0.0,0.0,1.0,2.700000047683716,2.6600000858306885
2024-04-18,VVOS,yfinance,2.789999961853028,2.789999961853028,2.5999999046325684,2.6600000858306885,2.6600000858306885,63300,0.0,0.0,1.0,2.789999961853028,2.6600000858306885
2024-04-19,VVOS,yfinance,2.690000057220459,2.740000009536743,2.609999895095825,2.720000028610229,2.720000028610229,40300,0.0,0.0,1.0,2.690000057220459,2.720000028610229
2024-04-22,VVOS,yfinance,2.650000095367432,2.7300000190734863,2.569999933242798,2.640000104904175,2.640000104904175,31000,0.0,0.0,1.0,2.650000095367432,2.640000104904175
2024-04-23,VVOS,yfinance,2.609999895095825,2.700000047683716,2.5999999046325684,2.650000095367432,2.650000095367432,35700,0.0,0.0,1.0,2.609999895095825,2.650000095367432
2024-04-24,VVOS,yfinance,2.569999933242798,2.720000028610229,2.5450000762939453,2.569999933242798,2.569999933242798,74500,0.0,0.0,1.0,2.569999933242798,2.569999933242798
2024-04-25,VVOS,yfinance,2.5999999046325684,2.5999999046325684,2.369999885559082,2.4600000381469727,2.4600000381469727,52500,0.0,0.0,1.0,2.5999999046325684,2.4600000381469727
2024-04-26,VVOS,yfinance,2.5799999237060547,2.609999895095825,2.4800000190734863,2.5899999141693115,2.5899999141693115,67600,0.0,0.0,1.0,2.5799999237060547,2.5899999141693115
2024-04-29,VVOS,yfinance,2.5299999713897705,2.680000066757202,2.440000057220459,2.5899999141693115,2.5899999141693115,36100,0.0,0.0,1.0,2.5299999713897705,2.5899999141693115
2024-04-30,VVOS,yfinance,2.559999942779541,2.571000099182129,2.369999885559082,2.5299999713897705,2.5299999713897705,52200,0.0,0.0,1.0,2.559999942779541,2.5299999713897705
2024-05-01,VVOS,yfinance,2.5299999713897705,2.539999961853028,2.450000047683716,2.5339999198913574,2.5339999198913574,24900,0.0,0.0,1.0,2.5299999713897705,2.5339999198913574
2024-05-02,VVOS,yfinance,2.559999942779541,2.688999891281128,2.509999990463257,2.630000114440918,2.630000114440918,23400,0.0,0.0,1.0,2.559999942779541,2.630000114440918
2024-05-03,VVOS,yfinance,2.700000047683716,2.700000047683716,2.559999942779541,2.630000114440918,2.630000114440918,14900,0.0,0.0,1.0,2.700000047683716,2.630000114440918
2024-05-06,VVOS,yfinance,2.569999933242798,2.63700008392334,2.369999885559082,2.380000114440918,2.380000114440918,105000,0.0,0.0,1.0,2.569999933242798,2.380000114440918
2024-05-07,VVOS,yfinance,2.380000114440918,2.5,2.380000114440918,2.430000066757202,2.430000066757202,50000,0.0,0.0,1.0,2.380000114440918,2.430000066757202
2024-05-08,VVOS,yfinance,2.430000066757202,2.4800000190734863,2.309999942779541,2.375,2.375,38400,0.0,0.0,1.0,2.430000066757202,2.375
2024-05-09,VVOS,yfinance,2.390000104904175,2.450000047683716,2.1700000762939453,2.190000057220459,2.190000057220459,128200,0.0,0.0,1.0,2.390000104904175,2.190000057220459
2024-05-10,VVOS,yfinance,2.2100000381469727,2.2699999809265137,2.039999961853028,2.125,2.125,120500,0.0,0.0,1.0,2.2100000381469727,2.125
2024-05-13,VVOS,yfinance,2.180000066757202,2.200000047683716,1.9600000381469729,2.009999990463257,2.009999990463257,133400,0.0,0.0,1.0,2.180000066757202,2.009999990463257
2024-05-14,VVOS,yfinance,2.039999961853028,2.569999933242798,2.039999961853028,2.490000009536743,2.490000009536743,312400,0.0,0.0,1.0,2.039999961853028,2.490000009536743
2024-05-15,VVOS,yfinance,2.130000114440918,2.259999990463257,2.059999942779541,2.180000066757202,2.180000066757202,104200,0.0,0.0,1.0,2.130000114440918,2.180000066757202
2024-05-16,VVOS,yfinance,2.1600000858306885,2.299999952316284,2.119999885559082,2.259999990463257,2.259999990463257,41300,0.0,0.0,1.0,2.1600000858306885,2.259999990463257
2024-05-17,VVOS,yfinance,2.289999961853028,2.3399999141693115,2.2300000190734863,2.289999961853028,2.289999961853028,28300,0.0,0.0,1.0,2.289999961853028,2.289999961853028
2024-05-20,VVOS,yfinance,2.2300000190734863,2.25,2.200000047683716,2.240000009536743,2.240000009536743,26800,0.0,0.0,1.0,2.2300000190734863,2.240000009536743
2024-05-21,VVOS,yfinance,2.2799999713897705,2.2799999713897705,2.150000095367432,2.200000047683716,2.200000047683716,25000,0.0,0.0,1.0,2.2799999713897705,2.200000047683716
2024-05-22,VVOS,yfinance,2.1600000858306885,2.244999885559082,2.0850000381469727,2.130000114440918,2.130000114440918,32800,0.0,0.0,1.0,2.1600000858306885,2.130000114440918
2024-05-23,VVOS,yfinance,2.190000057220459,2.190000057220459,2.039999961853028,2.0899999141693115,2.0899999141693115,21400,0.0,0.0,1.0,2.190000057220459,2.0899999141693115
2024-05-24,VVOS,yfinance,2.0799999237060547,2.0999999046325684,2.039999961853028,2.0999999046325684,2.0999999046325684,19300,0.0,0.0,1.0,2.0799999237060547,2.0999999046325684
2024-05-28,VVOS,yfinance,2.140000104904175,2.3489999771118164,2.009999990463257,2.069999933242798,2.069999933242798,122600,0.0,0.0,1.0,2.140000104904175,2.069999933242798
2024-05-29,VVOS,yfinance,2.049999952316284,2.049999952316284,1.955000042915344,1.9600000381469729,1.9600000381469729,46300,0.0,0.0,1.0,2.049999952316284,1.9600000381469729
2024-05-30,VVOS,yfinance,2.0,2.0350000858306885,1.909999966621399,1.950000047683716,1.950000047683716,35500,0.0,0.0,1.0,2.0,1.950000047683716
2024-05-31,VVOS,yfinance,1.937999963760376,2.0999999046325684,1.937999963760376,2.0899999141693115,2.0899999141693115,18700,0.0,0.0,1.0,1.937999963760376,2.0899999141693115
2024-06-03,VVOS,yfinance,2.0899999141693115,2.109999895095825,2.0,2.0199999809265137,2.0199999809265137,17900,0.0,0.0,1.0,2.0899999141693115,2.0199999809265137
2024-06-04,VVOS,yfinance,2.039999961853028,2.2300000190734863,2.039999961853028,2.1700000762939453,2.1700000762939453,43600,0.0,0.0,1.0,2.039999961853028,2.1700000762939453
2024-06-05,VVOS,yfinance,2.0899999141693115,2.1730000972747803,2.059999942779541,2.0999999046325684,2.0999999046325684,38500,0.0,0.0,1.0,2.0899999141693115,2.0999999046325684
2024-06-06,VVOS,yfinance,2.0799999237060547,2.3299999237060547,2.069999933242798,2.299999952316284,2.299999952316284,56300,0.0,0.0,1.0,2.0799999237060547,2.299999952316284
2024-06-07,VVOS,yfinance,2.2699999809265137,2.5,2.2219998836517334,2.450000047683716,2.450000047683716,38500,0.0,0.0,1.0,2.2699999809265137,2.450000047683716
2024-06-10,VVOS,yfinance,2.450000047683716,2.565000057220459,2.3399999141693115,2.470000028610229,2.470000028610229,31600,0.0,0.0,1.0,2.450000047683716,2.470000028610229
2024-06-11,VVOS,yfinance,2.4100000858306885,2.559999942779541,2.400000095367432,2.549999952316284,2.549999952316284,43600,0.0,0.0,1.0,2.4100000858306885,2.549999952316284
2024-06-12,VVOS,yfinance,2.609999895095825,2.609999895095825,2.3399999141693115,2.3399999141693115,2.3399999141693115,43900,0.0,0.0,1.0,2.609999895095825,2.3399999141693115
2024-06-13,VVOS,yfinance,2.380000114440918,2.450000047683716,2.309999942779541,2.450000047683716,2.450000047683716,19200,0.0,0.0,1.0,2.380000114440918,2.450000047683716
2024-06-14,VVOS,yfinance,2.427000045776367,2.469000101089477,2.240000009536743,2.25,2.25,35100,0.0,0.0,1.0,2.427000045776367,2.25
2024-06-17,VVOS,yfinance,2.299999952316284,2.369999885559082,2.0299999713897705,2.049999952316284,2.049999952316284,50400,0.0,0.0,1.0,2.299999952316284,2.049999952316284
2024-06-18,VVOS,yfinance,2.088000059127808,2.25,2.088000059127808,2.130000114440918,2.130000114440918,55700,0.0,0.0,1.0,2.088000059127808,2.130000114440918
2024-06-20,VVOS,yfinance,2.2100000381469727,2.430000066757202,2.2100000381469727,2.380000114440918,2.380000114440918,71500,0.0,0.0,1.0,2.2100000381469727,2.380000114440918
2024-06-21,VVOS,yfinance,2.380000114440918,2.490000009536743,2.119999885559082,2.2300000190734863,2.2300000190734863,68400,0.0,0.0,1.0,2.380000114440918,2.2300000190734863
2024-06-24,VVOS,yfinance,2.1700000762939453,2.265000104904175,2.130000114440918,2.150000095367432,2.150000095367432,68700,0.0,0.0,1.0,2.1700000762939453,2.150000095367432
2024-06-25,VVOS,yfinance,2.190000057220459,2.190000057220459,2.0169999599456787,2.150000095367432,2.150000095367432,58000,0.0,0.0,1.0,2.190000057220459,2.150000095367432
2024-06-26,VVOS,yfinance,2.190000057220459,2.259000062942505,2.130000114440918,2.180000066757202,2.180000066757202,31000,0.0,0.0,1.0,2.190000057220459,2.180000066757202
2024-06-27,VVOS,yfinance,2.130000114440918,2.490000009536743,2.111000061035156,2.390000104904175,2.390000104904175,441300,0.0,0.0,1.0,2.130000114440918,2.390000104904175
2024-06-28,VVOS,yfinance,2.3499999046325684,2.3499999046325684,2.190000057220459,2.220000028610229,2.220000028610229,59000,0.0,0.0,1.0,2.3499999046325684,2.220000028610229
2024-07-01,VVOS,yfinance,2.240000009536743,2.4600000381469727,2.150000095367432,2.359999895095825,2.359999895095825,78700,0.0,0.0,1.0,2.240000009536743,2.359999895095825
2024-07-02,VVOS,yfinance,2.319999933242798,2.440000057220459,2.259999990463257,2.380000114440918,2.380000114440918,31900,0.0,0.0,1.0,2.319999933242798,2.380000114440918
2024-07-03,VVOS,yfinance,2.380000114440918,2.450000047683716,2.359999895095825,2.4049999713897705,2.4049999713897705,13000,0.0,0.0,1.0,2.380000114440918,2.4049999713897705
2024-07-05,VVOS,yfinance,2.4100000858306885,2.4200000762939453,2.2699999809265137,2.299999952316284,2.299999952316284,22000,0.0,0.0,1.0,2.4100000858306885,2.299999952316284
2024-07-08,VVOS,yfinance,2.2799999713897705,2.390000104904175,2.2799999713897705,2.345000028610229,2.345000028610229,13900,0.0,0.0,1.0,2.2799999713897705,2.345000028610229
2024-07-09,VVOS,yfinance,2.328000068664551,2.4600000381469727,2.319999933242798,2.424999952316284,2.424999952316284,15400,0.0,0.0,1.0,2.328000068664551,2.424999952316284
2024-07-10,VVOS,yfinance,2.4600000381469727,2.470000028610229,2.3499999046325684,2.4600000381469727,2.4600000381469727,40700,0.0,0.0,1.0,2.4600000381469727,2.4600000381469727
2024-07-11,VVOS,yfinance,2.440000057220459,2.9800000190734863,2.4100000858306885,2.7939999103546143,2.7939999103546143,222800,0.0,0.0,1.0,2.440000057220459,2.7939999103546143
2024-07-12,VVOS,yfinance,2.7679998874664307,2.900000095367432,2.619999885559082,2.809999942779541,2.809999942779541,65600,0.0,0.0,1.0,2.7679998874664307,2.809999942779541
2024-07-15,VVOS,yfinance,2.799999952316284,2.9600000381469727,2.650000095367432,2.759999990463257,2.759999990463257,68300,0.0,0.0,1.0,2.799999952316284,2.759999990463257
2024-07-16,VVOS,yfinance,2.759999990463257,2.9200000762939453,2.5999999046325684,2.880000114440918,2.880000114440918,72800,0.0,0.0,1.0,2.759999990463257,2.880000114440918
2024-07-17,VVOS,yfinance,2.799999952316284,2.8980000019073486,2.752000093460083,2.8299999237060547,2.8299999237060547,30800,0.0,0.0,1.0,2.799999952316284,2.8299999237060547
2024-07-18,VVOS,yfinance,2.859999895095825,2.890000104904175,2.4200000762939453,2.569999933242798,2.569999933242798,78900,0.0,0.0,1.0,2.859999895095825,2.569999933242798
2024-07-19,VVOS,yfinance,2.5299999713897705,2.5999999046325684,2.440000057220459,2.450000047683716,2.450000047683716,16500,0.0,0.0,1.0,2.5299999713897705,2.450000047683716
2024-07-22,VVOS,yfinance,2.539999961853028,2.539999961853028,2.3299999237060547,2.4100000858306885,2.4100000858306885,18500,0.0,0.0,1.0,2.539999961853028,2.4100000858306885
2024-07-23,VVOS,yfinance,2.539999961853028,2.75,2.358999967575073,2.4200000762939453,2.4200000762939453,307900,0.0,0.0,1.0,2.539999961853028,2.4200000762939453
2024-07-24,VVOS,yfinance,2.2799999713897705,2.450000047683716,2.25,2.440000057220459,2.440000057220459,59900,0.0,0.0,1.0,2.2799999713897705,2.440000057220459
2024-07-25,VVOS,yfinance,2.3550000190734863,2.509999990463257,2.3499999046325684,2.4800000190734863,2.4800000190734863,22900,0.0,0.0,1.0,2.3550000190734863,2.4800000190734863
2024-07-26,VVOS,yfinance,2.4200000762939453,2.4590001106262207,2.359999895095825,2.400000095367432,2.400000095367432,13700,0.0,0.0,1.0,2.4200000762939453,2.400000095367432
2024-07-29,VVOS,yfinance,2.400000095367432,2.450000047683716,2.2300000190734863,2.2799999713897705,2.2799999713897705,21500,0.0,0.0,1.0,2.400000095367432,2.2799999713897705
2024-07-30,VVOS,yfinance,2.319999933242798,2.369999885559082,2.140000104904175,2.180000066757202,2.180000066757202,40600,0.0,0.0,1.0,2.319999933242798,2.180000066757202
2024-07-31,VVOS,yfinance,2.2149999141693115,2.470000028610229,2.190000057220459,2.299999952316284,2.299999952316284,56200,0.0,0.0,1.0,2.2149999141693115,2.299999952316284
2024-08-01,VVOS,yfinance,2.289999961853028,2.289999961853028,2.1419999599456787,2.1700000762939453,2.1700000762939453,17200,0.0,0.0,1.0,2.289999961853028,2.1700000762939453
2024-08-02,VVOS,yfinance,2.049999952316284,2.2100000381469727,2.0209999084472656,2.0999999046325684,2.0999999046325684,40500,0.0,0.0,1.0,2.049999952316284,2.0999999046325684
2024-08-05,VVOS,yfinance,2.009999990463257,2.0999999046325684,1.9700000286102293,2.039999961853028,2.039999961853028,24100,0.0,0.0,1.0,2.009999990463257,2.039999961853028
2024-08-06,VVOS,yfinance,2.0299999713897705,2.259999990463257,2.0299999713897705,2.1600000858306885,2.1600000858306885,50200,0.0,0.0,1.0,2.0299999713897705,2.1600000858306885
2024-08-07,VVOS,yfinance,2.1700000762939453,2.1700000762939453,2.049999952316284,2.049999952316284,2.049999952316284,56900,0.0,0.0,1.0,2.1700000762939453,2.049999952316284
2024-08-08,VVOS,yfinance,2.0999999046325684,2.140000104904175,2.015000104904175,2.0480000972747803,2.0480000972747803,37300,0.0,0.0,1.0,2.0999999046325684,2.0480000972747803
2024-08-09,VVOS,yfinance,2.121999979019165,2.121999979019165,2.0899999141693115,2.0999999046325684,2.0999999046325684,13900,0.0,0.0,1.0,2.121999979019165,2.0999999046325684
2024-08-12,VVOS,yfinance,2.190000057220459,2.369999885559082,2.0999999046325684,2.119999885559082,2.119999885559082,21300,0.0,0.0,1.0,2.190000057220459,2.119999885559082
2024-08-13,VVOS,yfinance,2.150000095367432,2.400000095367432,2.140000104904175,2.299999952316284,2.299999952316284,40200,0.0,0.0,1.0,2.150000095367432,2.299999952316284
2024-08-14,VVOS,yfinance,2.390000104904175,2.450000047683716,2.315999984741211,2.369999885559082,2.369999885559082,83100,0.0,0.0,1.0,2.390000104904175,2.369999885559082
2024-08-15,VVOS,yfinance,2.470000028610229,2.4800000190734863,2.234999895095825,2.249000072479248,2.249000072479248,31700,0.0,0.0,1.0,2.470000028610229,2.249000072479248
2024-08-16,VVOS,yfinance,2.220000028610229,2.440000057220459,2.220000028610229,2.3299999237060547,2.3299999237060547,22600,0.0,0.0,1.0,2.220000028610229,2.3299999237060547
2024-08-19,VVOS,yfinance,2.4100000858306885,2.7079999446868896,2.3499999046325684,2.5999999046325684,2.5999999046325684,85600,0.0,0.0,1.0,2.4100000858306885,2.5999999046325684
2024-08-20,VVOS,yfinance,2.5999999046325684,3.2799999713897705,2.57699990272522,3.049999952316284,3.049999952316284,360300,0.0,0.0,1.0,2.5999999046325684,3.049999952316284
2024-08-21,VVOS,yfinance,3.0999999046325684,3.1700000762939453,2.7100000381469727,2.836999893188477,2.836999893188477,103500,0.0,0.0,1.0,3.0999999046325684,2.836999893188477
2024-08-22,VVOS,yfinance,2.819999933242798,2.8299999237060547,2.5999999046325684,2.700000047683716,2.700000047683716,72400,0.0,0.0,1.0,2.819999933242798,2.700000047683716
2024-08-23,VVOS,yfinance,2.7300000190734863,2.789999961853028,2.609999895095825,2.7049999237060547,2.7049999237060547,23800,0.0,0.0,1.0,2.7300000190734863,2.7049999237060547
2024-08-26,VVOS,yfinance,2.759999990463257,2.944000005722046,2.759999990463257,2.9049999713897705,2.9049999713897705,48500,0.0,0.0,1.0,2.759999990463257,2.9049999713897705
2024-08-27,VVOS,yfinance,2.940000057220459,2.940000057220459,2.7769999504089355,2.799999952316284,2.799999952316284,21300,0.0,0.0,1.0,2.940000057220459,2.799999952316284
2024-08-28,VVOS,yfinance,2.990000009536743,2.990000009536743,2.5,2.5999999046325684,2.5999999046325684,45100,0.0,0.0,1.0,2.990000009536743,2.5999999046325684
2024-08-29,VVOS,yfinance,2.630000114440918,3.069999933242798,2.630000114440918,2.890000104904175,2.890000104904175,51800,0.0,0.0,1.0,2.630000114440918,2.890000104904175
2024-08-30,VVOS,yfinance,2.8299999237060547,2.86299991607666,2.700000047683716,2.7100000381469727,2.7100000381469727,15200,0.0,0.0,1.0,2.8299999237060547,2.7100000381469727
2024-09-03,VVOS,yfinance,2.619999885559082,2.799999952316284,2.5899999141693115,2.6050000190734863,2.6050000190734863,34600,0.0,0.0,1.0,2.619999885559082,2.6050000190734863
2024-09-04,VVOS,yfinance,2.690999984741211,2.759999990463257,2.509999990463257,2.5799999237060547,2.5799999237060547,34000,0.0,0.0,1.0,2.690999984741211,2.5799999237060547
2024-09-05,VVOS,yfinance,2.630000114440918,2.720000028610229,2.569999933242798,2.640000104904175,2.640000104904175,13800,0.0,0.0,1.0,2.630000114440918,2.640000104904175
2024-09-06,VVOS,yfinance,2.700000047683716,2.700000047683716,2.5,2.619999885559082,2.619999885559082,30300,0.0,0.0,1.0,2.700000047683716,2.619999885559082
2024-09-09,VVOS,yfinance,2.789999961853028,2.990000009536743,2.650000095367432,2.9600000381469727,2.9600000381469727,63100,0.0,0.0,1.0,2.789999961853028,2.9600000381469727
2024-09-10,VVOS,yfinance,2.970000028610229,3.299999952316284,2.880000114440918,3.0199999809265137,3.0199999809265137,111700,0.0,0.0,1.0,2.970000028610229,3.0199999809265137
2024-09-11,VVOS,yfinance,2.9800000190734863,3.150000095367432,2.900000095367432,3.039999961853028,3.039999961853028,52100,0.0,0.0,1.0,2.9800000190734863,3.039999961853028
2024-09-12,VVOS,yfinance,2.997999906539917,2.997999906539917,2.799999952316284,2.859999895095825,2.859999895095825,31000,0.0,0.0,1.0,2.997999906539917,2.859999895095825
2024-09-13,VVOS,yfinance,2.884000062942505,3.0,2.7730000019073486,2.950000047683716,2.950000047683716,16300,0.0,0.0,1.0,2.884000062942505,2.950000047683716
2024-09-16,VVOS,yfinance,3.0999999046325684,3.0999999046325684,2.8559999465942383,2.950000047683716,2.950000047683716,16900,0.0,0.0,1.0,3.0999999046325684,2.950000047683716
2024-09-17,VVOS,yfinance,3.0,3.150000095367432,2.700000047683716,2.799999952316284,2.799999952316284,168200,0.0,0.0,1.0,3.0,2.799999952316284
2024-09-18,VVOS,yfinance,3.4200000762939453,5.949999809265137,3.0199999809265137,4.130000114440918,4.130000114440918,74202800,0.0,0.0,1.0,3.4200000762939453,4.130000114440918
2024-09-19,VVOS,yfinance,3.2799999713897705,3.289999961853028,2.930000066757202,3.220000028610229,3.220000028610229,3651000,0.0,0.0,1.0,3.2799999713897705,3.220000028610229
2024-09-20,VVOS,yfinance,3.180000066757202,3.3299999237060547,2.7799999713897705,3.0799999237060547,3.0799999237060547,885600,0.0,0.0,1.0,3.180000066757202,3.0799999237060547
2024-09-23,VVOS,yfinance,3.039999961853028,3.180000066757202,2.930000066757202,2.930000066757202,2.930000066757202,413800,0.0,0.0,1.0,3.039999961853028,2.930000066757202
2024-09-24,VVOS,yfinance,2.9100000858306885,3.150000095367432,2.900000095367432,3.039999961853028,3.039999961853028,308800,0.0,0.0,1.0,2.9100000858306885,3.039999961853028
2024-09-25,VVOS,yfinance,3.0199999809265137,3.3499999046325684,3.0199999809265137,3.240000009536743,3.240000009536743,424100,0.0,0.0,1.0,3.0199999809265137,3.240000009536743
2024-09-26,VVOS,yfinance,3.240000009536743,3.289999961853028,3.009999990463257,3.059999942779541,3.059999942779541,235900,0.0,0.0,1.0,3.240000009536743,3.059999942779541
2024-09-27,VVOS,yfinance,3.059999942779541,3.0899999141693115,2.630000114440918,2.700000047683716,2.700000047683716,989700,0.0,0.0,1.0,3.059999942779541,2.700000047683716
2024-09-30,VVOS,yfinance,2.6700000762939453,2.809999942779541,2.5999999046325684,2.609999895095825,2.609999895095825,161600,0.0,0.0,1.0,2.6700000762939453,2.609999895095825
2024-10-01,VVOS,yfinance,2.5999999046325684,2.619999885559082,2.430000066757202,2.5199999809265137,2.5199999809265137,205000,0.0,0.0,1.0,2.5999999046325684,2.5199999809265137
2024-10-02,VVOS,yfinance,2.490000009536743,2.5,2.390000104904175,2.430000066757202,2.430000066757202,227300,0.0,0.0,1.0,2.490000009536743,2.430000066757202
2024-10-03,VVOS,yfinance,2.369999885559082,2.5199999809265137,2.309999942779541,2.5,2.5,135200,0.0,0.0,1.0,2.369999885559082,2.5
2024-10-04,VVOS,yfinance,2.5899999141693115,2.6059999465942383,2.5,2.509999990463257,2.509999990463257,78600,0.0,0.0,1.0,2.5899999141693115,2.509999990463257
2024-10-07,VVOS,yfinance,2.509999990463257,2.5799999237060547,2.390000104904175,2.4200000762939453,2.4200000762939453,96400,0.0,0.0,1.0,2.509999990463257,2.4200000762939453
2024-10-08,VVOS,yfinance,2.4100000858306885,2.5199999809265137,2.369999885559082,2.4100000858306885,2.4100000858306885,253100,0.0,0.0,1.0,2.4100000858306885,2.4100000858306885
2024-10-09,VVOS,yfinance,2.390000104904175,2.3959999084472656,2.2720000743865967,2.289999961853028,2.289999961853028,146200,0.0,0.0,1.0,2.390000104904175,2.289999961853028
2024-10-10,VVOS,yfinance,2.2699999809265137,2.4260001182556152,2.2249999046325684,2.309999942779541,2.309999942779541,152800,0.0,0.0,1.0,2.2699999809265137,2.309999942779541
2024-10-11,VVOS,yfinance,2.319999933242798,2.5299999713897705,2.302000045776367,2.5299999713897705,2.5299999713897705,85500,0.0,0.0,1.0,2.319999933242798,2.5299999713897705
2024-10-14,VVOS,yfinance,2.509999990463257,2.5899999141693115,2.430999994277954,2.4600000381469727,2.4600000381469727,105900,0.0,0.0,1.0,2.509999990463257,2.4600000381469727
2024-10-15,VVOS,yfinance,2.440000057220459,2.5409998893737797,2.380000114440918,2.470000028610229,2.470000028610229,69400,0.0,0.0,1.0,2.440000057220459,2.470000028610229
2024-10-16,VVOS,yfinance,2.427000045776367,2.549999952316284,2.4200000762939453,2.5299999713897705,2.5299999713897705,75600,0.0,0.0,1.0,2.427000045776367,2.5299999713897705
2024-10-17,VVOS,yfinance,2.5,2.5299999713897705,2.400000095367432,2.440000057220459,2.440000057220459,81900,0.0,0.0,1.0,2.5,2.440000057220459
2024-10-18,VVOS,yfinance,2.450000047683716,2.740000009536743,2.401000022888184,2.6700000762939453,2.6700000762939453,187800,0.0,0.0,1.0,2.450000047683716,2.6700000762939453
2024-10-21,VVOS,yfinance,2.6700000762939453,2.950000047683716,2.609999895095825,2.700000047683716,2.700000047683716,339300,0.0,0.0,1.0,2.6700000762939453,2.700000047683716
2024-10-22,VVOS,yfinance,2.700000047683716,2.7049999237060547,2.5199999809265137,2.630000114440918,2.630000114440918,77900,0.0,0.0,1.0,2.700000047683716,2.630000114440918
2024-10-23,VVOS,yfinance,2.6600000858306885,2.6600000858306885,2.559999942779541,2.640000104904175,2.640000104904175,70300,0.0,0.0,1.0,2.6600000858306885,2.640000104904175
2024-10-24,VVOS,yfinance,2.6600000858306885,2.686000108718872,2.559999942779541,2.6700000762939453,2.6700000762939453,87300,0.0,0.0,1.0,2.6600000858306885,2.6700000762939453
2024-10-25,VVOS,yfinance,2.700000047683716,2.759999990463257,2.650000095367432,2.650000095367432,2.650000095367432,79200,0.0,0.0,1.0,2.700000047683716,2.650000095367432
2024-10-28,VVOS,yfinance,2.7100000381469727,2.990000009536743,2.619999885559082,2.900000095367432,2.900000095367432,399700,0.0,0.0,1.0,2.7100000381469727,2.900000095367432
2024-10-29,VVOS,yfinance,2.930000066757202,2.930000066757202,2.7699999809265137,2.900000095367432,2.900000095367432,76700,0.0,0.0,1.0,2.930000066757202,2.900000095367432
2024-10-30,VVOS,yfinance,2.900000095367432,2.900000095367432,2.690000057220459,2.700000047683716,2.700000047683716,139400,0.0,0.0,1.0,2.900000095367432,2.700000047683716
2024-10-31,VVOS,yfinance,2.7300000190734863,2.7300000190734863,2.5199999809265137,2.5199999809265137,2.5199999809265137,108000,0.0,0.0,1.0,2.7300000190734863,2.5199999809265137
2024-11-01,VVOS,yfinance,2.539999961853028,2.7249999046325684,2.539999961853028,2.680000066757202,2.680000066757202,87500,0.0,0.0,1.0,2.539999961853028,2.680000066757202
2024-11-04,VVOS,yfinance,2.700000047683716,2.75,2.609999895095825,2.690000057220459,2.690000057220459,54300,0.0,0.0,1.0,2.700000047683716,2.690000057220459
2024-11-05,VVOS,yfinance,2.7100000381469727,2.7100000381469727,2.650000095367432,2.650000095367432,2.650000095367432,30800,0.0,0.0,1.0,2.7100000381469727,2.650000095367432
2024-11-06,VVOS,yfinance,2.680000066757202,2.7699999809265137,2.6659998893737797,2.7100000381469727,2.7100000381469727,73000,0.0,0.0,1.0,2.680000066757202,2.7100000381469727
2024-11-07,VVOS,yfinance,2.740000009536743,2.890000104904175,2.680000066757202,2.8399999141693115,2.8399999141693115,152000,0.0,0.0,1.0,2.740000009536743,2.8399999141693115
2024-11-08,VVOS,yfinance,2.869999885559082,3.25,2.815000057220459,3.0899999141693115,3.0899999141693115,339200,0.0,0.0,1.0,2.869999885559082,3.0899999141693115
2024-11-11,VVOS,yfinance,3.1700000762939453,3.4800000190734863,3.069999933242798,3.2100000381469727,3.2100000381469727,509400,0.0,0.0,1.0,3.1700000762939453,3.2100000381469727
2024-11-12,VVOS,yfinance,3.25,3.25,3.009999990463257,3.2100000381469727,3.2100000381469727,148700,0.0,0.0,1.0,3.25,3.2100000381469727
2024-11-13,VVOS,yfinance,3.25,3.25,2.990000009536743,3.119999885559082,3.119999885559082,193700,0.0,0.0,1.0,3.25,3.119999885559082
2024-11-14,VVOS,yfinance,3.119999885559082,3.2300000190734863,2.950000047683716,3.119999885559082,3.119999885559082,228500,0.0,0.0,1.0,3.119999885559082,3.119999885559082
2024-11-15,VVOS,yfinance,3.150000095367432,3.150000095367432,2.759999990463257,2.8399999141693115,2.8399999141693115,225200,0.0,0.0,1.0,3.150000095367432,2.8399999141693115
2024-11-18,VVOS,yfinance,2.819999933242798,2.940000057220459,2.700000047683716,2.7100000381469727,2.7100000381469727,158500,0.0,0.0,1.0,2.819999933242798,2.7100000381469727
2024-11-19,VVOS,yfinance,2.630000114440918,2.869999885559082,2.509999990463257,2.8299999237060547,2.8299999237060547,116800,0.0,0.0,1.0,2.630000114440918,2.8299999237060547
2024-11-20,VVOS,yfinance,2.859999895095825,2.970000028610229,2.7699999809265137,2.890000104904175,2.890000104904175,69600,0.0,0.0,1.0,2.859999895095825,2.890000104904175
2024-11-21,VVOS,yfinance,2.890000104904175,2.990000009536743,2.799999952316284,2.950000047683716,2.950000047683716,106600,0.0,0.0,1.0,2.890000104904175,2.950000047683716
2024-11-22,VVOS,yfinance,3.0,3.2799999713897705,3.0,3.200000047683716,3.200000047683716,273700,0.0,0.0,1.0,3.0,3.200000047683716
2024-11-25,VVOS,yfinance,3.25,3.430000066757202,3.0899999141693115,3.380000114440918,3.380000114440918,275000,0.0,0.0,1.0,3.25,3.380000114440918
2024-11-26,VVOS,yfinance,3.4100000858306885,3.640000104904175,3.180000066757202,3.5199999809265137,3.5199999809265137,371000,0.0,0.0,1.0,3.4100000858306885,3.5199999809265137
2024-11-27,VVOS,yfinance,3.5,3.5999999046325684,3.2939999103546143,3.400000095367432,3.400000095367432,126200,0.0,0.0,1.0,3.5,3.400000095367432
2024-11-29,VVOS,yfinance,3.390000104904175,3.440000057220459,3.312999963760376,3.4100000858306885,3.4100000858306885,78200,0.0,0.0,1.0,3.390000104904175,3.4100000858306885
2024-12-02,VVOS,yfinance,3.359999895095825,4.0,3.309999942779541,3.660000085830689,3.660000085830689,555700,0.0,0.0,1.0,3.359999895095825,3.660000085830689
2024-12-03,VVOS,yfinance,3.660000085830689,3.7899999618530273,3.440000057220459,3.5799999237060547,3.5799999237060547,163100,0.0,0.0,1.0,3.660000085830689,3.5799999237060547
2024-12-04,VVOS,yfinance,3.5799999237060547,4.159999847412109,3.5269999504089355,4.03000020980835,4.03000020980835,208700,0.0,0.0,1.0,3.5799999237060547,4.03000020980835
2024-12-05,VVOS,yfinance,4.039999961853027,4.300000190734863,3.940000057220459,4.010000228881836,4.010000228881836,181300,0.0,0.0,1.0,4.039999961853027,4.010000228881836
2024-12-06,VVOS,yfinance,4.0,4.269999980926514,3.91100001335144,4.170000076293945,4.170000076293945,154200,0.0,0.0,1.0,4.0,4.170000076293945
2024-12-09,VVOS,yfinance,4.300000190734863,4.670000076293945,4.050000190734863,4.610000133514404,4.610000133514404,284900,0.0,0.0,1.0,4.300000190734863,4.610000133514404
2024-12-10,VVOS,yfinance,4.659999847412109,4.800000190734863,4.414999961853027,4.550000190734863,4.550000190734863,193500,0.0,0.0,1.0,4.659999847412109,4.550000190734863
2024-12-11,VVOS,yfinance,4.639999866485596,4.729000091552734,4.309999942779541,4.5,4.5,119100,0.0,0.0,1.0,4.639999866485596,4.5
2024-12-12,VVOS,yfinance,4.5,4.695000171661377,4.400000095367432,4.449999809265137,4.449999809265137,145600,0.0,0.0,1.0,4.5,4.449999809265137
2024-12-13,VVOS,yfinance,4.622000217437744,4.659999847412109,4.139999866485596,4.610000133514404,4.610000133514404,209000,0.0,0.0,1.0,4.622000217437744,4.610000133514404
2024-12-16,VVOS,yfinance,4.96999979019165,5.429999828338623,4.789999961853027,4.949999809265137,4.949999809265137,557500,0.0,0.0,1.0,4.96999979019165,4.949999809265137
2024-12-17,VVOS,yfinance,5.050000190734863,5.170000076293945,4.659999847412109,4.900000095367432,4.900000095367432,139000,0.0,0.0,1.0,5.050000190734863,4.900000095367432
2024-12-18,VVOS,yfinance,4.900000095367432,4.989999771118164,4.449999809265137,4.539999961853027,4.539999961853027,207800,0.0,0.0,1.0,4.900000095367432,4.539999961853027
2024-12-19,VVOS,yfinance,4.659999847412109,4.829999923706055,4.539999961853027,4.659999847412109,4.659999847412109,143700,0.0,0.0,1.0,4.659999847412109,4.659999847412109
2024-12-20,VVOS,yfinance,4.690000057220459,5.119999885559082,4.613999843597412,4.980000019073486,4.980000019073486,241200,0.0,0.0,1.0,4.690000057220459,4.980000019073486
2024-12-23,VVOS,yfinance,4.75,5.239999771118164,4.010000228881836,5.119999885559082,5.119999885559082,686700,0.0,0.0,1.0,4.75,5.119999885559082
2024-12-24,VVOS,yfinance,5.150000095367432,5.150000095367432,4.590000152587891,4.809999942779541,4.809999942779541,244300,0.0,0.0,1.0,5.150000095367432,4.809999942779541
2024-12-26,VVOS,yfinance,4.820000171661377,4.889999866485596,4.53000020980835,4.760000228881836,4.760000228881836,141200,0.0,0.0,1.0,4.820000171661377,4.760000228881836
2024-12-27,VVOS,yfinance,4.710000038146973,4.75,4.409999847412109,4.650000095367432,4.650000095367432,226000,0.0,0.0,1.0,4.710000038146973,4.650000095367432
2024-12-30,VVOS,yfinance,4.519999980926514,4.519999980926514,4.179999828338623,4.440000057220459,4.440000057220459,311700,0.0,0.0,1.0,4.519999980926514,4.440000057220459
2024-12-31,VVOS,yfinance,4.489999771118164,4.489999771118164,4.043000221252441,4.289999961853027,4.289999961853027,325300,0.0,0.0,1.0,4.489999771118164,4.289999961853027
2025-01-02,VVOS,yfinance,4.369999885559082,4.480000019073486,4.110000133514404,4.25,4.25,139300,0.0,0.0,1.0,4.369999885559082,4.25
2025-01-03,VVOS,yfinance,4.28000020980835,4.550000190734863,4.179999828338623,4.369999885559082,4.369999885559082,218700,0.0,0.0,1.0,4.28000020980835,4.369999885559082
2025-01-06,VVOS,yfinance,4.449999809265137,4.480000019073486,4.119999885559082,4.239999771118164,4.239999771118164,228500,0.0,0.0,1.0,4.449999809265137,4.239999771118164
2025-01-07,VVOS,yfinance,4.28000020980835,4.39900016784668,4.070000171661377,4.354000091552734,4.354000091552734,224500,0.0,0.0,1.0,4.28000020980835,4.354000091552734
2025-01-08,VVOS,yfinance,4.360000133514404,4.389999866485596,4.050000190734863,4.369999885559082,4.369999885559082,317600,0.0,0.0,1.0,4.360000133514404,4.369999885559082
2025-01-10,VVOS,yfinance,4.260000228881836,5.139999866485596,4.199999809265137,5.079999923706055,5.079999923706055,826400,0.0,0.0,1.0,4.260000228881836,5.079999923706055
2025-01-13,VVOS,yfinance,5.099999904632568,5.2230000495910645,4.409999847412109,4.849999904632568,4.849999904632568,538900,0.0,0.0,1.0,5.099999904632568,4.849999904632568
2025-01-14,VVOS,yfinance,4.789999961853027,5.349999904632568,4.630000114440918,5.059999942779541,5.059999942779541,287800,0.0,0.0,1.0,4.789999961853027,5.059999942779541
2025-01-15,VVOS,yfinance,5.130000114440918,5.369999885559082,4.96999979019165,5.119999885559082,5.119999885559082,222100,0.0,0.0,1.0,5.130000114440918,5.119999885559082
2025-01-16,VVOS,yfinance,5.090000152587891,5.96999979019165,4.940000057220459,5.949999809265137,5.949999809265137,560800,0.0,0.0,1.0,5.090000152587891,5.949999809265137
2025-01-17,VVOS,yfinance,6.039999961853027,6.28000020980835,5.610000133514404,5.739999771118164,5.739999771118164,628700,0.0,0.0,1.0,6.039999961853027,5.739999771118164
2025-01-21,VVOS,yfinance,5.829999923706055,5.829999923706055,5.310999870300293,5.610000133514404,5.610000133514404,242200,0.0,0.0,1.0,5.829999923706055,5.610000133514404
2025-01-22,VVOS,yfinance,5.400000095367432,5.460000038146973,4.940000057220459,5.03000020980835,5.03000020980835,328500,0.0,0.0,1.0,5.400000095367432,5.03000020980835
2025-01-23,VVOS,yfinance,4.940000057220459,4.974999904632568,4.559999942779541,4.710000038146973,4.710000038146973,368100,0.0,0.0,1.0,4.940000057220459,4.710000038146973
2025-01-24,VVOS,yfinance,4.800000190734863,5.119999885559082,4.710000038146973,4.760000228881836,4.760000228881836,199300,0.0,0.0,1.0,4.800000190734863,4.760000228881836
2025-01-27,VVOS,yfinance,4.5,4.59499979019165,4.070000171661377,4.21999979019165,4.21999979019165,324700,0.0,0.0,1.0,4.5,4.21999979019165
2025-01-28,VVOS,yfinance,4.139999866485596,4.244999885559082,4.050000190734863,4.119999885559082,4.119999885559082,134900,0.0,0.0,1.0,4.139999866485596,4.119999885559082
2025-01-29,VVOS,yfinance,4.130000114440918,4.357999801635742,4.070000171661377,4.239999771118164,4.239999771118164,64300,0.0,0.0,1.0,4.130000114440918,4.239999771118164
2025-01-30,VVOS,yfinance,4.260000228881836,4.440000057220459,3.848000049591065,3.930000066757202,3.930000066757202,269800,0.0,0.0,1.0,4.260000228881836,3.930000066757202
2025-01-31,VVOS,yfinance,3.950000047683716,4.099999904632568,3.900000095367432,3.9700000286102295,3.9700000286102295,115400,0.0,0.0,1.0,3.950000047683716,3.9700000286102295
2025-02-03,VVOS,yfinance,3.900000095367432,4.119999885559082,3.740000009536743,3.900000095367432,3.900000095367432,134500,0.0,0.0,1.0,3.900000095367432,3.900000095367432
2025-02-04,VVOS,yfinance,3.890000104904175,3.9600000381469727,3.740000009536743,3.809999942779541,3.809999942779541,131200,0.0,0.0,1.0,3.890000104904175,3.809999942779541
2025-02-05,VVOS,yfinance,3.819999933242798,4.269999980926514,3.809999942779541,4.110000133514404,4.110000133514404,164100,0.0,0.0,1.0,3.819999933242798,4.110000133514404
2025-02-06,VVOS,yfinance,4.079999923706055,4.107999801635742,3.849999904632568,4.050000190734863,4.050000190734863,119600,0.0,0.0,1.0,4.079999923706055,4.050000190734863
2025-02-07,VVOS,yfinance,4.050000190734863,4.070000171661377,3.7699999809265137,4.050000190734863,4.050000190734863,125000,0.0,0.0,1.0,4.050000190734863,4.050000190734863
2025-02-10,VVOS,yfinance,4.070000171661377,4.228000164031982,4.0,4.130000114440918,4.130000114440918,56400,0.0,0.0,1.0,4.070000171661377,4.130000114440918
2025-02-11,VVOS,yfinance,4.110000133514404,4.125,3.8949999809265137,3.940000057220459,3.940000057220459,74900,0.0,0.0,1.0,4.110000133514404,3.940000057220459
2025-02-12,VVOS,yfinance,3.859999895095825,3.9489998817443848,3.75,3.880000114440918,3.880000114440918,146700,0.0,0.0,1.0,3.859999895095825,3.880000114440918
2025-02-13,VVOS,yfinance,3.869999885559082,4.25,3.869999885559082,4.25,4.25,116100,0.0,0.0,1.0,3.869999885559082,4.25
2025-02-14,VVOS,yfinance,3.950000047683716,4.267000198364258,3.9170000553131104,4.0,4.0,146600,0.0,0.0,1.0,3.950000047683716,4.0
2025-02-18,VVOS,yfinance,3.9800000190734863,4.269999980926514,3.401000022888184,3.539999961853028,3.539999961853028,506500,0.0,0.0,1.0,3.9800000190734863,3.539999961853028
2025-02-19,VVOS,yfinance,3.549999952316284,3.680000066757202,3.240000009536743,3.309999942779541,3.309999942779541,253300,0.0,0.0,1.0,3.549999952316284,3.309999942779541
2025-02-20,VVOS,yfinance,3.309999942779541,3.3399999141693115,3.130000114440918,3.289999961853028,3.289999961853028,94300,0.0,0.0,1.0,3.309999942779541,3.289999961853028
2025-02-21,VVOS,yfinance,3.25,3.325000047683716,3.009999990463257,3.119999885559082,3.119999885559082,152400,0.0,0.0,1.0,3.25,3.119999885559082
2025-02-24,VVOS,yfinance,3.119999885559082,3.569999933242798,3.069999933242798,3.4600000381469727,3.4600000381469727,948900,0.0,0.0,1.0,3.119999885559082,3.4600000381469727
2025-02-25,VVOS,yfinance,3.549999952316284,3.640000104904175,3.0999999046325684,3.345000028610229,3.345000028610229,231800,0.0,0.0,1.0,3.549999952316284,3.345000028610229
2025-02-26,VVOS,yfinance,3.3399999141693115,3.549999952316284,3.299999952316284,3.450000047683716,3.450000047683716,70200,0.0,0.0,1.0,3.3399999141693115,3.450000047683716
2025-02-27,VVOS,yfinance,3.4200000762939453,3.494999885559082,3.311000108718872,3.390000104904175,3.390000104904175,129400,0.0,0.0,1.0,3.4200000762939453,3.390000104904175
2025-02-28,VVOS,yfinance,3.3499999046325684,3.509999990463257,3.319999933242798,3.470000028610229,3.470000028610229,53700,0.0,0.0,1.0,3.3499999046325684,3.470000028610229
2025-03-03,VVOS,yfinance,3.5199999809265137,3.5199999809265137,3.2170000076293945,3.299999952316284,3.299999952316284,147900,0.0,0.0,1.0,3.5199999809265137,3.299999952316284
2025-03-04,VVOS,yfinance,3.2300000190734863,3.289999961853028,3.069999933242798,3.240000009536743,3.240000009536743,87400,0.0,0.0,1.0,3.2300000190734863,3.240000009536743
2025-03-05,VVOS,yfinance,3.2799999713897705,3.565000057220459,3.200000047683716,3.4600000381469727,3.4600000381469727,73500,0.0,0.0,1.0,3.2799999713897705,3.4600000381469727
2025-03-06,VVOS,yfinance,3.4600000381469727,3.812000036239624,3.3499999046325684,3.7200000286102295,3.7200000286102295,177800,0.0,0.0,1.0,3.4600000381469727,3.7200000286102295
2025-03-07,VVOS,yfinance,3.700000047683716,3.809999942779541,3.509999990463257,3.690000057220459,3.690000057220459,73000,0.0,0.0,1.0,3.700000047683716,3.690000057220459
2025-03-10,VVOS,yfinance,3.609999895095825,3.609999895095825,3.220000028610229,3.2300000190734863,3.2300000190734863,116200,0.0,0.0,1.0,3.609999895095825,3.2300000190734863
2025-03-11,VVOS,yfinance,3.3499999046325684,3.430000066757202,3.2300000190734863,3.359999895095825,3.359999895095825,52700,0.0,0.0,1.0,3.3499999046325684,3.359999895095825
2025-03-12,VVOS,yfinance,3.4200000762939453,3.489000082015991,3.1600000858306885,3.2699999809265137,3.2699999809265137,58800,0.0,0.0,1.0,3.4200000762939453,3.2699999809265137
2025-03-13,VVOS,yfinance,3.240000009536743,3.3499999046325684,3.069999933242798,3.1600000858306885,3.1600000858306885,73400,0.0,0.0,1.0,3.240000009536743,3.1600000858306885
2025-03-14,VVOS,yfinance,3.1700000762939453,3.3299999237060547,3.0999999046325684,3.299999952316284,3.299999952316284,50200,0.0,0.0,1.0,3.1700000762939453,3.299999952316284
2025-03-17,VVOS,yfinance,3.309999942779541,3.6549999713897705,3.309999942779541,3.5799999237060547,3.5799999237060547,69200,0.0,0.0,1.0,3.309999942779541,3.5799999237060547
2025-03-18,VVOS,yfinance,3.5999999046325684,3.609999895095825,3.361000061035156,3.549999952316284,3.549999952316284,34500,0.0,0.0,1.0,3.5999999046325684,3.549999952316284
2025-03-19,VVOS,yfinance,3.4800000190734863,3.5999999046325684,3.4100000858306885,3.5299999713897705,3.5299999713897705,32000,0.0,0.0,1.0,3.4800000190734863,3.5299999713897705
2025-03-20,VVOS,yfinance,3.562000036239624,3.700000047683716,3.5,3.509999990463257,3.509999990463257,39400,0.0,0.0,1.0,3.562000036239624,3.509999990463257
2025-03-21,VVOS,yfinance,3.5199999809265137,3.680999994277954,3.450000047683716,3.5999999046325684,3.5999999046325684,62000,0.0,0.0,1.0,3.5199999809265137,3.5999999046325684
2025-03-24,VVOS,yfinance,3.690000057220459,3.75,3.5,3.7100000381469727,3.7100000381469727,43100,0.0,0.0,1.0,3.690000057220459,3.7100000381469727
2025-03-25,VVOS,yfinance,3.650000095367432,3.809000015258789,3.361000061035156,3.490000009536743,3.490000009536743,66900,0.0,0.0,1.0,3.650000095367432,3.490000009536743
2025-03-26,VVOS,yfinance,3.359999895095825,3.5,3.1700000762939453,3.200000047683716,3.200000047683716,76800,0.0,0.0,1.0,3.359999895095825,3.200000047683716
2025-03-27,VVOS,yfinance,3.240000009536743,3.2839999198913574,3.069999933242798,3.190000057220459,3.190000057220459,41300,0.0,0.0,1.0,3.240000009536743,3.190000057220459
2025-03-28,VVOS,yfinance,3.1600000858306885,3.359999895095825,2.8399999141693115,3.109999895095825,3.109999895095825,125500,0.0,0.0,1.0,3.1600000858306885,3.109999895095825
2025-03-31,VVOS,yfinance,3.1600000858306885,3.1700000762939453,2.809999942779541,2.8499999046325684,2.8499999046325684,145400,0.0,0.0,1.0,3.1600000858306885,2.8499999046325684
2025-04-01,VVOS,yfinance,2.819999933242798,2.890000104904175,2.5810000896453857,2.630000114440918,2.630000114440918,168300,0.0,0.0,1.0,2.819999933242798,2.630000114440918
2025-04-02,VVOS,yfinance,2.609999895095825,2.740000009536743,2.380000114440918,2.569999933242798,2.569999933242798,160400,0.0,0.0,1.0,2.609999895095825,2.569999933242798
2025-04-03,VVOS,yfinance,2.5299999713897705,2.619999885559082,2.440000057220459,2.569999933242798,2.569999933242798,79300,0.0,0.0,1.0,2.5299999713897705,2.569999933242798
2025-04-04,VVOS,yfinance,2.490000009536743,2.650000095367432,2.4200000762939453,2.549999952316284,2.549999952316284,49700,0.0,0.0,1.0,2.490000009536743,2.549999952316284
2025-04-07,VVOS,yfinance,2.440000057220459,2.5810000896453857,2.365999937057495,2.5199999809265137,2.5199999809265137,49700,0.0,0.0,1.0,2.440000057220459,2.5199999809265137
2025-04-08,VVOS,yfinance,2.5299999713897705,2.595000028610229,2.180000066757202,2.2300000190734863,2.2300000190734863,100100,0.0,0.0,1.0,2.5299999713897705,2.2300000190734863
2025-04-09,VVOS,yfinance,2.240000009536743,2.5980000495910645,1.996999979019165,2.4800000190734863,2.4800000190734863,137200,0.0,0.0,1.0,2.240000009536743,2.4800000190734863
2025-04-10,VVOS,yfinance,2.470000028610229,2.505000114440918,2.150000095367432,2.289999961853028,2.289999961853028,80500,0.0,0.0,1.0,2.470000028610229,2.289999961853028
2025-04-11,VVOS,yfinance,2.368000030517578,2.4100000858306885,2.200000047683716,2.3299999237060547,2.3299999237060547,39700,0.0,0.0,1.0,2.368000030517578,2.3299999237060547
2025-04-14,VVOS,yfinance,2.319999933242798,2.319999933242798,2.109999895095825,2.25,2.25,98500,0.0,0.0,1.0,2.319999933242798,2.25
2025-04-15,VVOS,yfinance,2.319999933242798,2.3299999237060547,2.109999895095825,2.190000057220459,2.190000057220459,79200,0.0,0.0,1.0,2.319999933242798,2.190000057220459
2025-04-16,VVOS,yfinance,2.119999885559082,2.190000057220459,2.003999948501587,2.0799999237060547,2.0799999237060547,208300,0.0,0.0,1.0,2.119999885559082,2.0799999237060547
2025-04-17,VVOS,yfinance,2.0899999141693115,2.119999885559082,1.9800000190734863,2.0999999046325684,2.0999999046325684,81500,0.0,0.0,1.0,2.0899999141693115,2.0999999046325684
2025-04-21,VVOS,yfinance,2.150000095367432,2.259999990463257,2.0999999046325684,2.200000047683716,2.200000047683716,70400,0.0,0.0,1.0,2.150000095367432,2.200000047683716
2025-04-22,VVOS,yfinance,2.219000101089477,2.400000095367432,2.219000101089477,2.299999952316284,2.299999952316284,86200,0.0,0.0,1.0,2.219000101089477,2.299999952316284
2025-04-23,VVOS,yfinance,2.359999895095825,2.5299999713897705,2.351999998092652,2.5199999809265137,2.5199999809265137,97000,0.0,0.0,1.0,2.359999895095825,2.5199999809265137
2025-04-24,VVOS,yfinance,2.5299999713897705,2.7100000381469727,2.4600000381469727,2.7100000381469727,2.7100000381469727,88800,0.0,0.0,1.0,2.5299999713897705,2.7100000381469727
2025-04-25,VVOS,yfinance,2.640000104904175,2.6600000858306885,2.553999900817871,2.630000114440918,2.630000114440918,54100,0.0,0.0,1.0,2.640000104904175,2.630000114440918
2025-04-28,VVOS,yfinance,2.690000057220459,2.736000061035156,2.5980000495910645,2.680000066757202,2.680000066757202,38300,0.0,0.0,1.0,2.690000057220459,2.680000066757202
2025-04-29,VVOS,yfinance,2.700000047683716,2.740000009536743,2.549999952316284,2.640000104904175,2.640000104904175,35600,0.0,0.0,1.0,2.700000047683716,2.640000104904175
2025-04-30,VVOS,yfinance,2.619999885559082,2.880000114440918,2.5299999713897705,2.8399999141693115,2.8399999141693115,92700,0.0,0.0,1.0,2.619999885559082,2.8399999141693115
2025-05-01,VVOS,yfinance,2.7799999713897705,2.7950000762939453,2.650000095367432,2.7300000190734863,2.7300000190734863,89300,0.0,0.0,1.0,2.7799999713897705,2.7300000190734863
2025-05-02,VVOS,yfinance,2.7799999713897705,2.816999912261963,2.640000104904175,2.7300000190734863,2.7300000190734863,73000,0.0,0.0,1.0,2.7799999713897705,2.7300000190734863
2025-05-05,VVOS,yfinance,2.700000047683716,2.7300000190734863,2.5299999713897705,2.609999895095825,2.609999895095825,52400,0.0,0.0,1.0,2.700000047683716,2.609999895095825
2025-05-06,VVOS,yfinance,2.549999952316284,2.690999984741211,2.5,2.569999933242798,2.569999933242798,63200,0.0,0.0,1.0,2.549999952316284,2.569999933242798
2025-05-07,VVOS,yfinance,2.630000114440918,2.7300000190734863,2.549999952316284,2.7300000190734863,2.7300000190734863,56400,0.0,0.0,1.0,2.630000114440918,2.7300000190734863
2025-05-08,VVOS,yfinance,2.720000028610229,2.950000047683716,2.630000114440918,2.8399999141693115,2.8399999141693115,53300,0.0,0.0,1.0,2.720000028610229,2.8399999141693115
2025-05-09,VVOS,yfinance,2.930000066757202,3.0199999809265137,2.759999990463257,3.0,3.0,53200,0.0,0.0,1.0,2.930000066757202,3.0
2025-05-12,VVOS,yfinance,3.069999933242798,3.150000095367432,2.990000009536743,3.140000104904175,3.140000104904175,71700,0.0,0.0,1.0,3.069999933242798,3.140000104904175
2025-05-13,VVOS,yfinance,3.150000095367432,3.3289999961853027,3.0299999713897705,3.140000104904175,3.140000104904175,68500,0.0,0.0,1.0,3.150000095367432,3.140000104904175
2025-05-14,VVOS,yfinance,3.130000114440918,3.1700000762939453,2.9100000858306885,3.039999961853028,3.039999961853028,145400,0.0,0.0,1.0,3.130000114440918,3.039999961853028
2025-05-15,VVOS,yfinance,2.9800000190734863,3.180000066757202,2.900000095367432,3.059999942779541,3.059999942779541,95700,0.0,0.0,1.0,2.9800000190734863,3.059999942779541
2025-05-16,VVOS,yfinance,2.900000095367432,2.900000095367432,2.470000028610229,2.539999961853028,2.539999961853028,365700,0.0,0.0,1.0,2.900000095367432,2.539999961853028
2025-05-19,VVOS,yfinance,2.5299999713897705,2.5299999713897705,2.2669999599456787,2.309999942779541,2.309999942779541,164600,0.0,0.0,1.0,2.5299999713897705,2.309999942779541
2025-05-20,VVOS,yfinance,2.25,2.299999952316284,2.069999933242798,2.1449999809265137,2.1449999809265137,275200,0.0,0.0,1.0,2.25,2.1449999809265137
2025-05-21,VVOS,yfinance,2.180000066757202,2.194999933242798,2.069999933242798,2.0799999237060547,2.0799999237060547,88900,0.0,0.0,1.0,2.180000066757202,2.0799999237060547
2025-05-22,VVOS,yfinance,2.039999961853028,2.190000057220459,1.9800000190734863,2.0899999141693115,2.0899999141693115,135600,0.0,0.0,1.0,2.039999961853028,2.0899999141693115
2025-05-23,VVOS,yfinance,2.0999999046325684,2.490000009536743,2.069999933242798,2.2799999713897705,2.2799999713897705,245700,0.0,0.0,1.0,2.0999999046325684,2.2799999713897705
2025-05-27,VVOS,yfinance,2.2799999713897705,2.4600000381469727,2.247999906539917,2.2699999809265137,2.2699999809265137,146500,0.0,0.0,1.0,2.2799999713897705,2.2699999809265137
2025-05-28,VVOS,yfinance,2.3299999237060547,2.450000047683716,2.240000009536743,2.289999961853028,2.289999961853028,77300,0.0,0.0,1.0,2.3299999237060547,2.289999961853028
2025-05-29,VVOS,yfinance,2.3399999141693115,2.549999952316284,2.299999952316284,2.490000009536743,2.490000009536743,99100,0.0,0.0,1.0,2.3399999141693115,2.490000009536743
2025-05-30,VVOS,yfinance,2.5,2.549999952316284,2.3499999046325684,2.4200000762939453,2.4200000762939453,142600,0.0,0.0,1.0,2.5,2.4200000762939453
2025-06-02,VVOS,yfinance,2.359999895095825,2.470000028610229,2.220000028610229,2.400000095367432,2.400000095367432,132500,0.0,0.0,1.0,2.359999895095825,2.400000095367432
2025-06-03,VVOS,yfinance,2.430000066757202,2.470000028610229,2.299999952316284,2.359999895095825,2.359999895095825,88100,0.0,0.0,1.0,2.430000066757202,2.359999895095825
2025-06-04,VVOS,yfinance,2.369999885559082,2.430000066757202,2.240000009536743,2.3399999141693115,2.3399999141693115,137900,0.0,0.0,1.0,2.369999885559082,2.3399999141693115
2025-06-05,VVOS,yfinance,2.3399999141693115,2.38700008392334,2.200000047683716,2.2100000381469727,2.2100000381469727,84400,0.0,0.0,1.0,2.3399999141693115,2.2100000381469727
2025-06-06,VVOS,yfinance,2.25,2.319999933242798,2.1600000858306885,2.2300000190734863,2.2300000190734863,52200,0.0,0.0,1.0,2.25,2.2300000190734863
2025-06-09,VVOS,yfinance,2.119999885559082,2.2290000915527344,2.059999942779541,2.140000104904175,2.140000104904175,148900,0.0,0.0,1.0,2.119999885559082,2.140000104904175
2025-06-10,VVOS,yfinance,2.2260000705718994,2.2260000705718994,2.069999933242798,2.109999895095825,2.109999895095825,101300,0.0,0.0,1.0,2.2260000705718994,2.109999895095825
2025-06-11,VVOS,yfinance,2.190000057220459,2.299999952316284,2.140000104904175,2.220000028610229,2.220000028610229,185300,0.0,0.0,1.0,2.190000057220459,2.220000028610229
2025-06-12,VVOS,yfinance,2.1700000762939453,2.2690000534057617,2.0999999046325684,2.130000114440918,2.130000114440918,113000,0.0,0.0,1.0,2.1700000762939453,2.130000114440918
2025-06-13,VVOS,yfinance,2.150000095367432,2.190000057220459,2.0299999713897705,2.140000104904175,2.140000104904175,169000,0.0,0.0,1.0,2.150000095367432,2.140000104904175
2025-06-16,VVOS,yfinance,2.150000095367432,2.2799999713897705,2.119999885559082,2.2300000190734863,2.2300000190734863,123000,0.0,0.0,1.0,2.150000095367432,2.2300000190734863
2025-06-17,VVOS,yfinance,2.2300000190734863,2.25,2.140000104904175,2.1600000858306885,2.1600000858306885,70500,0.0,0.0,1.0,2.2300000190734863,2.1600000858306885
2025-06-18,VVOS,yfinance,2.180000066757202,2.4800000190734863,2.140000104904175,2.4800000190734863,2.4800000190734863,321200,0.0,0.0,1.0,2.180000066757202,2.4800000190734863
2025-06-20,VVOS,yfinance,2.700000047683716,2.900000095367432,2.549999952316284,2.799999952316284,2.799999952316284,502200,0.0,0.0,1.0,2.700000047683716,2.799999952316284
2025-06-23,VVOS,yfinance,2.880000114440918,3.049999952316284,2.713000059127808,2.940000057220459,2.940000057220459,213500,0.0,0.0,1.0,2.880000114440918,2.940000057220459
2025-06-24,VVOS,yfinance,3.0,3.039999961853028,2.759999990463257,2.970000028610229,2.970000028610229,230500,0.0,0.0,1.0,3.0,2.970000028610229
2025-06-25,VVOS,yfinance,3.009999990463257,3.200000047683716,2.859999895095825,3.049999952316284,3.049999952316284,359100,0.0,0.0,1.0,3.009999990463257,3.049999952316284
2025-06-26,VVOS,yfinance,3.559999942779541,3.910000085830689,3.2249999046325684,3.369999885559082,3.369999885559082,1445500,0.0,0.0,1.0,3.559999942779541,3.369999885559082
2025-06-27,VVOS,yfinance,3.319999933242798,3.361000061035156,3.130000114440918,3.2799999713897705,3.2799999713897705,134600,0.0,0.0,1.0,3.319999933242798,3.2799999713897705
2025-06-30,VVOS,yfinance,3.240000009536743,3.2799999713897705,3.109999895095825,3.1600000858306885,3.1600000858306885,123500,0.0,0.0,1.0,3.240000009536743,3.1600000858306885
2025-07-01,VVOS,yfinance,4.210000038146973,4.679999828338623,3.549999952316284,3.869999885559082,3.869999885559082,28238100,0.0,0.0,1.0,4.210000038146973,3.869999885559082
2025-07-02,VVOS,yfinance,3.799999952316284,4.230000019073486,3.660000085830689,3.829999923706055,3.829999923706055,1166200,0.0,0.0,1.0,3.799999952316284,3.829999923706055
2025-07-03,VVOS,yfinance,3.890000104904175,4.5,3.875,4.429999828338623,4.429999828338623,994500,0.0,0.0,1.0,3.890000104904175,4.429999828338623
2025-07-07,VVOS,yfinance,4.380000114440918,5.269999980926514,4.130000114440918,5.170000076293945,5.170000076293945,1442600,0.0,0.0,1.0,4.380000114440918,5.170000076293945
2025-07-08,VVOS,yfinance,5.079999923706055,5.447000026702881,4.800000190734863,5.119999885559082,5.119999885559082,802100,0.0,0.0,1.0,5.079999923706055,5.119999885559082
2025-07-09,VVOS,yfinance,5.150000095367432,6.159999847412109,5.050000190734863,6.0,6.0,973600,0.0,0.0,1.0,5.150000095367432,6.0
2025-07-10,VVOS,yfinance,5.940000057220459,6.739999771118164,5.610000133514404,6.670000076293945,6.670000076293945,1023300,0.0,0.0,1.0,5.940000057220459,6.670000076293945
2025-07-11,VVOS,yfinance,6.71999979019165,7.949999809265137,6.440000057220459,6.820000171661377,6.820000171661377,1265300,0.0,0.0,1.0,6.71999979019165,6.820000171661377
2025-07-14,VVOS,yfinance,6.75,7.400000095367432,6.300000190734863,6.949999809265137,6.949999809265137,523000,0.0,0.0,1.0,6.75,6.949999809265137
2025-07-15,VVOS,yfinance,6.920000076293945,7.03000020980835,6.590000152587891,6.739999771118164,6.739999771118164,205400,0.0,0.0,1.0,6.920000076293945,6.739999771118164
2025-07-16,VVOS,yfinance,6.659999847412109,6.730000019073486,5.900000095367432,6.070000171661377,6.070000171661377,491100,0.0,0.0,1.0,6.659999847412109,6.070000171661377
2025-07-17,VVOS,yfinance,6.210000038146973,6.455999851226807,5.710000038146973,5.730000019073486,5.730000019073486,299100,0.0,0.0,1.0,6.210000038146973,5.730000019073486
2025-07-18,VVOS,yfinance,5.579999923706055,5.949999809265137,5.260000228881836,5.820000171661377,5.820000171661377,269300,0.0,0.0,1.0,5.579999923706055,5.820000171661377
2025-07-21,VVOS,yfinance,5.800000190734863,5.800000190734863,5.170000076293945,5.440000057220459,5.440000057220459,340300,0.0,0.0,1.0,5.800000190734863,5.440000057220459
2025-07-22,VVOS,yfinance,5.429999828338623,5.699999809265137,5.300000190734863,5.5,5.5,106000,0.0,0.0,1.0,5.429999828338623,5.5
2025-07-23,VVOS,yfinance,5.539999961853027,5.942999839782715,5.420000076293945,5.610000133514404,5.610000133514404,103000,0.0,0.0,1.0,5.539999961853027,5.610000133514404
2025-07-24,VVOS,yfinance,5.550000190734863,5.599999904632568,5.329999923706055,5.420000076293945,5.420000076293945,127900,0.0,0.0,1.0,5.550000190734863,5.420000076293945
2025-07-25,VVOS,yfinance,5.389999866485596,5.577000141143799,5.21999979019165,5.239999771118164,5.239999771118164,96400,0.0,0.0,1.0,5.389999866485596,5.239999771118164
2025-07-28,VVOS,yfinance,5.179999828338623,5.239999771118164,4.679999828338623,4.724999904632568,4.724999904632568,135300,0.0,0.0,1.0,5.179999828338623,4.724999904632568
2025-07-29,VVOS,yfinance,4.670000076293945,4.880000114440918,4.39900016784668,4.460000038146973,4.460000038146973,143000,0.0,0.0,1.0,4.670000076293945,4.460000038146973
2025-07-30,VVOS,yfinance,4.300000190734863,4.710000038146973,4.300000190734863,4.519999980926514,4.519999980926514,69500,0.0,0.0,1.0,4.300000190734863,4.519999980926514
2025-07-31,VVOS,yfinance,4.440000057220459,4.500999927520752,4.150000095367432,4.329999923706055,4.329999923706055,132500,0.0,0.0,1.0,4.440000057220459,4.329999923706055
2025-08-01,VVOS,yfinance,4.150000095367432,5.690000057220459,4.099999904632568,5.179999828338623,5.179999828338623,983000,0.0,0.0,1.0,4.150000095367432,5.179999828338623
2025-08-04,VVOS,yfinance,5.170000076293945,5.210000038146973,4.650000095367432,4.760000228881836,4.760000228881836,183300,0.0,0.0,1.0,5.170000076293945,4.760000228881836
2025-08-05,VVOS,yfinance,4.78000020980835,5.019999980926514,4.699999809265137,4.929999828338623,4.929999828338623,77300,0.0,0.0,1.0,4.78000020980835,4.929999828338623
2025-08-06,VVOS,yfinance,4.900000095367432,5.059999942779541,4.510000228881836,4.630000114440918,4.630000114440918,140900,0.0,0.0,1.0,4.900000095367432,4.630000114440918
2025-08-07,VVOS,yfinance,4.550000190734863,4.875999927520752,4.309999942779541,4.519999980926514,4.519999980926514,56000,0.0,0.0,1.0,4.550000190734863,4.519999980926514
2025-08-08,VVOS,yfinance,4.510000228881836,4.673999786376953,4.328000068664551,4.400000095367432,4.400000095367432,95900,0.0,0.0,1.0,4.510000228881836,4.400000095367432
2025-08-11,VVOS,yfinance,4.449999809265137,4.715000152587891,4.309999942779541,4.579999923706055,4.579999923706055,107400,0.0,0.0,1.0,4.449999809265137,4.579999923706055
2025-08-12,VVOS,yfinance,4.599999904632568,4.829999923706055,4.480000019073486,4.75,4.75,108400,0.0,0.0,1.0,4.599999904632568,4.75
2025-08-13,VVOS,yfinance,4.699999809265137,4.800000190734863,4.60099983215332,4.610000133514404,4.610000133514404,53000,0.0,0.0,1.0,4.699999809265137,4.610000133514404
2025-08-14,VVOS,yfinance,4.5,4.804999828338623,4.5,4.610000133514404,4.610000133514404,121900,0.0,0.0,1.0,4.5,4.610000133514404
2025-08-15,VVOS,yfinance,4.329999923706055,4.349999904632568,3.723000049591065,4.110000133514404,4.110000133514404,339400,0.0,0.0,1.0,4.329999923706055,4.110000133514404
2025-08-18,VVOS,yfinance,4.119999885559082,4.525000095367432,4.0,4.449999809265137,4.449999809265137,142700,0.0,0.0,1.0,4.119999885559082,4.449999809265137
2025-08-19,VVOS,yfinance,4.440000057220459,4.570000171661377,4.210000038146973,4.269999980926514,4.269999980926514,108100,0.0,0.0,1.0,4.440000057220459,4.269999980926514
2025-08-20,VVOS,yfinance,4.099999904632568,4.25,3.539999961853028,4.130000114440918,4.130000114440918,366900,0.0,0.0,1.0,4.099999904632568,4.130000114440918
2025-08-21,VVOS,yfinance,4.159999847412109,4.599999904632568,4.019999980926514,4.599999904632568,4.599999904632568,92100,0.0,0.0,1.0,4.159999847412109,4.599999904632568
2025-08-22,VVOS,yfinance,4.489999771118164,4.494999885559082,4.162000179290772,4.199999809265137,4.199999809265137,163300,0.0,0.0,1.0,4.489999771118164,4.199999809265137
2025-08-25,VVOS,yfinance,4.199999809265137,4.840000152587891,4.099999904632568,4.625,4.625,256900,0.0,0.0,1.0,4.199999809265137,4.625
2025-08-26,VVOS,yfinance,4.639999866485596,5.119999885559082,4.510000228881836,4.690000057220459,4.690000057220459,245200,0.0,0.0,1.0,4.639999866485596,4.690000057220459
2025-08-27,VVOS,yfinance,4.710000038146973,4.821000099182129,4.585000038146973,4.59499979019165,4.59499979019165,52400,0.0,0.0,1.0,4.710000038146973,4.59499979019165
2025-08-28,VVOS,yfinance,4.579999923706055,4.929999828338623,4.51200008392334,4.639999866485596,4.639999866485596,63300,0.0,0.0,1.0,4.579999923706055,4.639999866485596
2025-08-29,VVOS,yfinance,4.699999809265137,4.934000015258789,4.230000019073486,4.329999923706055,4.329999923706055,96800,0.0,0.0,1.0,4.699999809265137,4.329999923706055
2025-09-02,VVOS,yfinance,4.329999923706055,4.510000228881836,4.150000095367432,4.230000019073486,4.230000019073486,87800,0.0,0.0,1.0,4.329999923706055,4.230000019073486
2025-09-03,VVOS,yfinance,4.190000057220459,4.625,4.15500020980835,4.53000020980835,4.53000020980835,78700,0.0,0.0,1.0,4.190000057220459,4.53000020980835
2025-09-04,VVOS,yfinance,4.570000171661377,4.570000171661377,4.199999809265137,4.400000095367432,4.400000095367432,49700,0.0,0.0,1.0,4.570000171661377,4.400000095367432
2025-09-05,VVOS,yfinance,4.340000152587891,4.412000179290772,3.950000047683716,4.119999885559082,4.119999885559082,124000,0.0,0.0,1.0,4.340000152587891,4.119999885559082
2025-09-08,VVOS,yfinance,4.110000133514404,4.133999824523926,3.799999952316284,3.829999923706055,3.829999923706055,183900,0.0,0.0,1.0,4.110000133514404,3.829999923706055
2025-09-09,VVOS,yfinance,3.829999923706055,4.019999980926514,3.811000108718872,3.865000009536743,3.865000009536743,61200,0.0,0.0,1.0,3.829999923706055,3.865000009536743
2025-09-10,VVOS,yfinance,3.839999914169312,3.9790000915527344,3.7100000381469727,3.809999942779541,3.809999942779541,76000,0.0,0.0,1.0,3.839999914169312,3.809999942779541
2025-09-11,VVOS,yfinance,3.700000047683716,3.822000026702881,3.5999999046325684,3.640000104904175,3.640000104904175,124700,0.0,0.0,1.0,3.700000047683716,3.640000104904175
2025-09-12,VVOS,yfinance,3.650000095367432,3.6689999103546143,3.4600000381469727,3.470000028610229,3.470000028610229,98900,0.0,0.0,1.0,3.650000095367432,3.470000028610229
2025-09-15,VVOS,yfinance,3.549999952316284,3.660000085830689,3.3399999141693115,3.380000114440918,3.380000114440918,134100,0.0,0.0,1.0,3.549999952316284,3.380000114440918
2025-09-16,VVOS,yfinance,3.430000066757202,3.509999990463257,3.369999885559082,3.400000095367432,3.400000095367432,72500,0.0,0.0,1.0,3.430000066757202,3.400000095367432
2025-09-17,VVOS,yfinance,3.369999885559082,3.700000047683716,3.1700000762939453,3.5199999809265137,3.5199999809265137,5430100,0.0,0.0,1.0,3.369999885559082,3.5199999809265137
2025-09-18,VVOS,yfinance,3.509999990463257,3.5450000762939453,3.3399999141693115,3.3399999141693115,3.3399999141693115,513500,0.0,0.0,1.0,3.509999990463257,3.3399999141693115
2025-09-19,VVOS,yfinance,3.3299999237060547,3.569999933242798,3.305999994277954,3.440000057220459,3.440000057220459,249800,0.0,0.0,1.0,3.3299999237060547,3.440000057220459
2025-09-22,VVOS,yfinance,3.400000095367432,3.609999895095825,3.380000114440918,3.380000114440918,3.380000114440918,365300,0.0,0.0,1.0,3.400000095367432,3.380000114440918
2025-09-23,VVOS,yfinance,3.400000095367432,3.490000009536743,3.359999895095825,3.359999895095825,3.359999895095825,160600,0.0,0.0,1.0,3.400000095367432,3.359999895095825
2025-09-24,VVOS,yfinance,3.3299999237060547,3.526000022888184,3.3299999237060547,3.4800000190734863,3.4800000190734863,74500,0.0,0.0,1.0,3.3299999237060547,3.4800000190734863
2025-09-25,VVOS,yfinance,3.450000047683716,3.5799999237060547,3.319999933242798,3.3499999046325684,3.3499999046325684,110300,0.0,0.0,1.0,3.450000047683716,3.3499999046325684
2025-09-26,VVOS,yfinance,3.3299999237060547,3.4089999198913574,3.119999885559082,3.119999885559082,3.119999885559082,185200,0.0,0.0,1.0,3.3299999237060547,3.119999885559082
2025-09-29,VVOS,yfinance,3.119999885559082,3.289999961853028,3.063999891281128,3.130000114440918,3.130000114440918,105700,0.0,0.0,1.0,3.119999885559082,3.130000114440918
2025-09-30,VVOS,yfinance,3.1700000762939453,3.450000047683716,3.0,3.0999999046325684,3.0999999046325684,920600,0.0,0.0,1.0,3.1700000762939453,3.0999999046325684
2025-10-01,VVOS,yfinance,3.119999885559082,3.200000047683716,2.950000047683716,3.190000057220459,3.190000057220459,248300,0.0,0.0,1.0,3.119999885559082,3.190000057220459
2025-10-02,VVOS,yfinance,3.190000057220459,3.3399999141693115,3.125,3.200000047683716,3.200000047683716,172100,0.0,0.0,1.0,3.190000057220459,3.200000047683716
2025-10-03,VVOS,yfinance,3.140000104904175,3.299999952316284,3.140000104904175,3.190000057220459,3.190000057220459,121400,0.0,0.0,1.0,3.140000104904175,3.190000057220459
2025-10-06,VVOS,yfinance,3.200000047683716,3.4200000762939453,3.0999999046325684,3.25,3.25,553500,0.0,0.0,1.0,3.200000047683716,3.25
2025-10-07,VVOS,yfinance,3.299999952316284,3.3499999046325684,3.059999942779541,3.0999999046325684,3.0999999046325684,168600,0.0,0.0,1.0,3.299999952316284,3.0999999046325684
2025-10-08,VVOS,yfinance,3.059999942779541,3.25,3.059999942779541,3.200000047683716,3.200000047683716,102400,0.0,0.0,1.0,3.059999942779541,3.200000047683716
2025-10-09,VVOS,yfinance,3.2100000381469727,3.2699999809265137,3.0999999046325684,3.130000114440918,3.130000114440918,104600,0.0,0.0,1.0,3.2100000381469727,3.130000114440918
2025-10-10,VVOS,yfinance,3.0999999046325684,3.220000028610229,3.069999933242798,3.119999885559082,3.119999885559082,366900,0.0,0.0,1.0,3.0999999046325684,3.119999885559082
2025-10-13,VVOS,yfinance,3.069999933242798,3.2799999713897705,3.0199999809265137,3.1700000762939453,3.1700000762939453,402500,0.0,0.0,1.0,3.069999933242798,3.1700000762939453
2025-10-14,VVOS,yfinance,3.1600000858306885,3.234999895095825,3.0999999046325684,3.180000066757202,3.180000066757202,277200,0.0,0.0,1.0,3.1600000858306885,3.180000066757202
2025-10-15,VVOS,yfinance,3.220000028610229,3.2790000438690186,3.0999999046325684,3.150000095367432,3.150000095367432,179000,0.0,0.0,1.0,3.220000028610229,3.150000095367432
2025-10-16,VVOS,yfinance,3.1600000858306885,3.2100000381469727,2.8299999237060547,2.890000104904175,2.890000104904175,671500,0.0,0.0,1.0,3.1600000858306885,2.890000104904175
2025-10-17,VVOS,yfinance,2.940000057220459,2.990000009536743,2.799999952316284,2.900000095367432,2.900000095367432,418600,0.0,0.0,1.0,2.940000057220459,2.900000095367432
2025-10-20,VVOS,yfinance,2.934999942779541,2.990000009536743,2.8299999237060547,2.8499999046325684,2.8499999046325684,210300,0.0,0.0,1.0,2.934999942779541,2.8499999046325684
2025-10-21,VVOS,yfinance,2.819999933242798,2.890000104904175,2.5999999046325684,2.759999990463257,2.759999990463257,370300,0.0,0.0,1.0,2.819999933242798,2.759999990463257
2025-10-22,VVOS,yfinance,2.7699999809265137,2.789999961853028,2.5850000381469727,2.6700000762939453,2.6700000762939453,240000,0.0,0.0,1.0,2.7699999809265137,2.6700000762939453
2025-10-23,VVOS,yfinance,2.650000095367432,3.0,2.650000095367432,2.970000028610229,2.970000028610229,326400,0.0,0.0,1.0,2.650000095367432,2.970000028610229
2025-10-24,VVOS,yfinance,2.9800000190734863,3.1050000190734863,2.950000047683716,3.009999990463257,3.009999990463257,90400,0.0,0.0,1.0,2.9800000190734863,3.009999990463257
2025-10-27,VVOS,yfinance,3.049999952316284,3.049999952316284,2.6679999828338623,2.720000028610229,2.720000028610229,294300,0.0,0.0,1.0,3.049999952316284,2.720000028610229
2025-10-28,VVOS,yfinance,2.690000057220459,2.75,2.5799999237060547,2.5999999046325684,2.5999999046325684,181300,0.0,0.0,1.0,2.690000057220459,2.5999999046325684
2025-10-29,VVOS,yfinance,2.619999885559082,2.880000114440918,2.5199999809265137,2.6700000762939453,2.6700000762939453,181400,0.0,0.0,1.0,2.619999885559082,2.6700000762939453
2025-10-30,VVOS,yfinance,2.609999895095825,2.680000066757202,2.569999933242798,2.5799999237060547,2.5799999237060547,94800,0.0,0.0,1.0,2.609999895095825,2.5799999237060547
2025-10-31,VVOS,yfinance,2.559999942779541,2.630000114440918,2.549999952316284,2.5799999237060547,2.5799999237060547,77800,0.0,0.0,1.0,2.559999942779541,2.5799999237060547
2025-11-03,VVOS,yfinance,2.549999952316284,2.569999933242798,2.450000047683716,2.470000028610229,2.470000028610229,112000,0.0,0.0,1.0,2.549999952316284,2.470000028610229
2025-11-04,VVOS,yfinance,2.4100000858306885,2.5799999237060547,2.3499999046325684,2.359999895095825,2.359999895095825,241700,0.0,0.0,1.0,2.4100000858306885,2.359999895095825
2025-11-05,VVOS,yfinance,2.359999895095825,2.525000095367432,2.359999895095825,2.430000066757202,2.430000066757202,88000,0.0,0.0,1.0,2.359999895095825,2.430000066757202
2025-11-06,VVOS,yfinance,2.440000057220459,2.539999961853028,2.299999952316284,2.319999933242798,2.319999933242798,133300,0.0,0.0,1.0,2.440000057220459,2.319999933242798
2025-11-07,VVOS,yfinance,2.359999895095825,2.5799999237060547,2.299999952316284,2.569999933242798,2.569999933242798,207800,0.0,0.0,1.0,2.359999895095825,2.569999933242798
2025-11-10,VVOS,yfinance,2.5799999237060547,2.5999999046325684,2.470000028610229,2.539999961853028,2.539999961853028,38000,0.0,0.0,1.0,2.5799999237060547,2.539999961853028
2025-11-11,VVOS,yfinance,2.539999961853028,2.6700000762939453,2.5350000858306885,2.5899999141693115,2.5899999141693115,48700,0.0,0.0,1.0,2.539999961853028,2.5899999141693115
2025-11-12,VVOS,yfinance,2.619999885559082,2.720000028610229,2.5,2.5199999809265137,2.5199999809265137,105700,0.0,0.0,1.0,2.619999885559082,2.5199999809265137
2025-11-13,VVOS,yfinance,2.509999990463257,2.509999990463257,2.359999895095825,2.4200000762939453,2.4200000762939453,112600,0.0,0.0,1.0,2.509999990463257,2.4200000762939453
2025-11-14,VVOS,yfinance,2.380000114440918,2.438999891281128,2.299999952316284,2.3399999141693115,2.3399999141693115,72100,0.0,0.0,1.0,2.380000114440918,2.3399999141693115
2025-11-17,VVOS,yfinance,2.390000104904175,2.4779999256134038,2.299999952316284,2.390000104904175,2.390000104904175,92700,0.0,0.0,1.0,2.390000104904175,2.390000104904175
2025-11-18,VVOS,yfinance,2.430999994277954,2.470000028610229,2.359999895095825,2.470000028610229,2.470000028610229,34300,0.0,0.0,1.0,2.430999994277954,2.470000028610229
2025-11-19,VVOS,yfinance,2.4100000858306885,2.5,2.3299999237060547,2.359999895095825,2.359999895095825,77100,0.0,0.0,1.0,2.4100000858306885,2.359999895095825
2025-11-20,VVOS,yfinance,2.259999990463257,2.4800000190734863,2.115000009536743,2.119999885559082,2.119999885559082,273500,0.0,0.0,1.0,2.259999990463257,2.119999885559082
2025-11-21,VVOS,yfinance,2.140000104904175,2.2300000190734863,2.0999999046325684,2.200000047683716,2.200000047683716,81500,0.0,0.0,1.0,2.140000104904175,2.200000047683716
2025-11-24,VVOS,yfinance,2.2300000190734863,2.2300000190734863,2.0299999713897705,2.150000095367432,2.150000095367432,267900,0.0,0.0,1.0,2.2300000190734863,2.150000095367432
2025-11-25,VVOS,yfinance,2.1600000858306885,2.2300000190734863,2.124000072479248,2.200000047683716,2.200000047683716,97800,0.0,0.0,1.0,2.1600000858306885,2.200000047683716
2025-11-26,VVOS,yfinance,2.1700000762939453,2.2799999713897705,2.150000095367432,2.240000009536743,2.240000009536743,113400,0.0,0.0,1.0,2.1700000762939453,2.240000009536743
2025-11-28,VVOS,yfinance,2.2799999713897705,2.3299999237060547,2.240000009536743,2.259999990463257,2.259999990463257,108300,0.0,0.0,1.0,2.2799999713897705,2.259999990463257
2025-12-01,VVOS,yfinance,2.259999990463257,2.275000095367432,2.0999999046325684,2.130000114440918,2.130000114440918,111000,0.0,0.0,1.0,2.259999990463257,2.130000114440918
2025-12-02,VVOS,yfinance,2.1600000858306885,2.164999961853028,2.049999952316284,2.049999952316284,2.049999952316284,119300,0.0,0.0,1.0,2.1600000858306885,2.049999952316284
2025-12-03,VVOS,yfinance,2.039999961853028,2.0999999046325684,1.9800000190734863,2.069999933242798,2.069999933242798,192500,0.0,0.0,1.0,2.039999961853028,2.069999933242798
2025-12-04,VVOS,yfinance,2.039999961853028,2.1549999713897705,2.039999961853028,2.150000095367432,2.150000095367432,76100,0.0,0.0,1.0,2.039999961853028,2.150000095367432
2025-12-05,VVOS,yfinance,2.1600000858306885,2.1600000858306885,2.039999961853028,2.069999933242798,2.069999933242798,70200,0.0,0.0,1.0,2.1600000858306885,2.069999933242798
2025-12-08,VVOS,yfinance,2.0999999046325684,2.200000047683716,2.049999952316284,2.1600000858306885,2.1600000858306885,259500,0.0,0.0,1.0,2.0999999046325684,2.1600000858306885
2025-12-09,VVOS,yfinance,2.180000066757202,2.2100000381469727,2.119999885559082,2.1600000858306885,2.1600000858306885,54600,0.0,0.0,1.0,2.180000066757202,2.1600000858306885
2025-12-10,VVOS,yfinance,2.130000114440918,2.2799999713897705,2.119999885559082,2.190000057220459,2.190000057220459,162100,0.0,0.0,1.0,2.130000114440918,2.190000057220459
2025-12-11,VVOS,yfinance,2.220000028610229,2.220000028610229,2.109999895095825,2.109999895095825,2.109999895095825,94400,0.0,0.0,1.0,2.220000028610229,2.109999895095825
2025-12-12,VVOS,yfinance,2.180000066757202,2.183000087738037,2.039999961853028,2.069999933242798,2.069999933242798,116500,0.0,0.0,1.0,2.180000066757202,2.069999933242798
2025-12-15,VVOS,yfinance,2.130000114440918,2.130000114440918,1.9800000190734863,2.0199999809265137,2.0199999809265137,221900,0.0,0.0,1.0,2.130000114440918,2.0199999809265137
2025-12-16,VVOS,yfinance,2.039999961853028,2.075000047683716,2.009999990463257,2.0199999809265137,2.0199999809265137,141800,0.0,0.0,1.0,2.039999961853028,2.0199999809265137
2025-12-17,VVOS,yfinance,2.059999942779541,2.059999942779541,1.924999952316284,1.950000047683716,1.950000047683716,148000,0.0,0.0,1.0,2.059999942779541,1.950000047683716
2025-12-18,VVOS,yfinance,2.0,2.049999952316284,1.9700000286102293,1.9800000190734863,1.9800000190734863,142400,0.0,0.0,1.0,2.0,1.9800000190734863
2025-12-19,VVOS,yfinance,2.0,2.069000005722046,1.9700000286102293,1.9700000286102293,1.9700000286102293,84200,0.0,0.0,1.0,2.0,1.9700000286102293
2025-12-22,VVOS,yfinance,2.0,2.0739998817443848,1.9889999628067017,2.049999952316284,2.049999952316284,79900,0.0,0.0,1.0,2.0,2.049999952316284
2025-12-23,VVOS,yfinance,2.0299999713897705,2.069999933242798,2.0,2.039999961853028,2.039999961853028,75600,0.0,0.0,1.0,2.0299999713897705,2.039999961853028
2025-12-24,VVOS,yfinance,2.039999961853028,2.069999933242798,2.0,2.059999942779541,2.059999942779541,43400,0.0,0.0,1.0,2.039999961853028,2.059999942779541
2025-12-26,VVOS,yfinance,2.0299999713897705,2.069999933242798,2.0,2.0299999713897705,2.0299999713897705,80300,0.0,0.0,1.0,2.0299999713897705,2.0299999713897705
2025-12-29,VVOS,yfinance,2.039999961853028,2.039999961853028,1.940000057220459,2.0299999713897705,2.0299999713897705,118500,0.0,0.0,1.0,2.039999961853028,2.0299999713897705
2025-12-30,VVOS,yfinance,1.9900000095367432,2.075000047683716,1.98199999332428,2.059999942779541,2.059999942779541,54300,0.0,0.0,1.0,1.9900000095367432,2.059999942779541
2025-12-31,VVOS,yfinance,2.059999942779541,2.069999933242798,2.009999990463257,2.0299999713897705,2.0299999713897705,113200,0.0,0.0,1.0,2.059999942779541,2.0299999713897705
2026-01-02,VVOS,yfinance,2.069999933242798,2.569999933242798,2.065000057220459,2.5299999713897705,2.5299999713897705,401900,0.0,0.0,1.0,2.069999933242798,2.5299999713897705
2026-01-05,VVOS,yfinance,2.5299999713897705,2.690000057220459,2.4600000381469727,2.470000028610229,2.470000028610229,292400,0.0,0.0,1.0,2.5299999713897705,2.470000028610229
2026-01-06,VVOS,yfinance,2.5,2.539999961853028,2.359999895095825,2.380000114440918,2.380000114440918,89100,0.0,0.0,1.0,2.5,2.380000114440918
2026-01-07,VVOS,yfinance,2.400000095367432,2.4100000858306885,2.220000028610229,2.275000095367432,2.275000095367432,88900,0.0,0.0,1.0,2.400000095367432,2.275000095367432
2026-01-08,VVOS,yfinance,2.2799999713897705,2.308000087738037,2.1700000762939453,2.220000028610229,2.220000028610229,58500,0.0,0.0,1.0,2.2799999713897705,2.220000028610229
2026-01-09,VVOS,yfinance,2.259999990463257,2.3359999656677246,2.0299999713897705,2.059999942779541,2.059999942779541,154300,0.0,0.0,1.0,2.259999990463257,2.059999942779541
2026-01-12,VVOS,yfinance,2.0999999046325684,2.1710000038146973,2.0,2.069999933242798,2.069999933242798,134500,0.0,0.0,1.0,2.0999999046325684,2.069999933242798
2026-01-13,VVOS,yfinance,2.069999933242798,2.075000047683716,1.940000057220459,1.950000047683716,1.950000047683716,203600,0.0,0.0,1.0,2.069999933242798,1.950000047683716
2026-01-14,VVOS,yfinance,2.0,2.150000095367432,1.9600000381469729,2.0899999141693115,2.0899999141693115,115800,0.0,0.0,1.0,2.0,2.0899999141693115
2026-01-15,VVOS,yfinance,2.130000114440918,2.180000066757202,2.0789999961853027,2.140000104904175,2.140000104904175,89100,0.0,0.0,1.0,2.130000114440918,2.140000104904175
2026-01-16,VVOS,yfinance,2.109999895095825,2.150000095367432,2.0,2.069999933242798,2.069999933242798,140600,0.0,0.0,1.0,2.109999895095825,2.069999933242798
2026-01-20,VVOS,yfinance,2.069999933242798,2.0899999141693115,1.940000057220459,1.9700000286102293,1.9700000286102293,86300,0.0,0.0,1.0,2.069999933242798,1.9700000286102293
2026-01-21,VVOS,yfinance,1.9700000286102293,2.009999990463257,1.7799999713897705,1.830000042915344,1.830000042915344,332900,0.0,0.0,1.0,1.9700000286102293,1.830000042915344
2026-01-22,VVOS,yfinance,1.830000042915344,1.899999976158142,1.825000047683716,1.830000042915344,1.830000042915344,112300,0.0,0.0,1.0,1.830000042915344,1.830000042915344
2026-01-23,VVOS,yfinance,1.850000023841858,1.924999952316284,1.6649999618530271,1.7699999809265137,1.7699999809265137,199400,0.0,0.0,1.0,1.850000023841858,1.7699999809265137
2026-01-26,VVOS,yfinance,1.7699999809265137,1.7699999809265137,1.6699999570846558,1.7000000476837158,1.7000000476837158,114400,0.0,0.0,1.0,1.7699999809265137,1.7000000476837158
2026-01-27,VVOS,yfinance,1.7000000476837158,1.830000042915344,1.6799999475479126,1.7899999618530271,1.7899999618530271,103700,0.0,0.0,1.0,1.7000000476837158,1.7899999618530271
2026-01-28,VVOS,yfinance,1.75,1.8049999475479128,1.659999966621399,1.7100000381469729,1.7100000381469729,128400,0.0,0.0,1.0,1.75,1.7100000381469729
2026-01-29,VVOS,yfinance,1.690000057220459,1.6970000267028809,1.559999942779541,1.6200000047683716,1.6200000047683716,128200,0.0,0.0,1.0,1.690000057220459,1.6200000047683716
2026-01-30,VVOS,yfinance,1.649999976158142,1.649999976158142,1.559999942779541,1.6200000047683716,1.6200000047683716,129300,0.0,0.0,1.0,1.649999976158142,1.6200000047683716
2026-02-02,VVOS,yfinance,1.6200000047683716,1.659999966621399,1.5800000429153442,1.6200000047683716,1.6200000047683716,56700,0.0,0.0,1.0,1.6200000047683716,1.6200000047683716
2026-02-03,VVOS,yfinance,1.6200000047683716,1.6299999952316284,1.4600000381469729,1.5199999809265137,1.5199999809265137,174800,0.0,0.0,1.0,1.6200000047683716,1.5199999809265137
2026-02-04,VVOS,yfinance,1.5,1.5099999904632568,1.4240000247955322,1.5,1.5,110700,0.0,0.0,1.0,1.5,1.5
2026-02-05,VVOS,yfinance,1.4900000095367432,1.590000033378601,1.440000057220459,1.5,1.5,221600,0.0,0.0,1.0,1.4900000095367432,1.5
2026-02-06,VVOS,yfinance,1.5,1.5800000429153442,1.4700000286102295,1.5499999523162842,1.5499999523162842,87600,0.0,0.0,1.0,1.5,1.5499999523162842
2026-02-09,VVOS,yfinance,1.5299999713897705,1.7100000381469729,1.5299999713897705,1.690000057220459,1.690000057220459,96800,0.0,0.0,1.0,1.5299999713897705,1.690000057220459
2026-02-10,VVOS,yfinance,1.75,1.8799999952316284,1.690000057220459,1.7100000381469729,1.7100000381469729,200900,0.0,0.0,1.0,1.75,1.7100000381469729
2026-02-11,VVOS,yfinance,1.7100000381469729,1.715000033378601,1.6200000047683716,1.6699999570846558,1.6699999570846558,90900,0.0,0.0,1.0,1.7100000381469729,1.6699999570846558
2026-02-12,VVOS,yfinance,1.659999966621399,1.659999966621399,1.5180000066757202,1.5499999523162842,1.5499999523162842,95900,0.0,0.0,1.0,1.659999966621399,1.5499999523162842
2026-02-13,VVOS,yfinance,1.600000023841858,1.725000023841858,1.5099999904632568,1.5199999809265137,1.5199999809265137,176800,0.0,0.0,1.0,1.600000023841858,1.5199999809265137
2026-02-17,VVOS,yfinance,1.5,1.6200000047683716,1.4600000381469729,1.5800000429153442,1.5800000429153442,88800,0.0,0.0,1.0,1.5,1.5800000429153442
2026-02-18,VVOS,yfinance,1.5700000524520874,1.6699999570846558,1.5700000524520874,1.6200000047683716,1.6200000047683716,53500,0.0,0.0,1.0,1.5700000524520874,1.6200000047683716
2026-02-19,VVOS,yfinance,1.600000023841858,1.712000012397766,1.5800000429153442,1.6299999952316284,1.6299999952316284,41200,0.0,0.0,1.0,1.600000023841858,1.6299999952316284
2026-02-20,VVOS,yfinance,1.6399999856948853,1.715999960899353,1.5839999914169312,1.6299999952316284,1.6299999952316284,19900,0.0,0.0,1.0,1.6399999856948853,1.6299999952316284
2026-02-23,VVOS,yfinance,1.590000033378601,1.61899995803833,1.5099999904632568,1.5199999809265137,1.5199999809265137,52200,0.0,0.0,1.0,1.590000033378601,1.5199999809265137
2026-02-24,VVOS,yfinance,1.5880000591278076,1.5880000591278076,1.5,1.5410000085830688,1.5410000085830688,26300,0.0,0.0,1.0,1.5880000591278076,1.5410000085830688
2026-02-25,VVOS,yfinance,1.5399999618530271,1.6699999570846558,1.4500000476837158,1.4700000286102295,1.4700000286102295,300000,0.0,0.0,1.0,1.5399999618530271,1.4700000286102295
2026-02-26,VVOS,yfinance,1.5,1.5,1.3899999856948853,1.4500000476837158,1.4500000476837158,93900,0.0,0.0,1.0,1.5,1.4500000476837158
2026-02-27,VVOS,yfinance,1.4600000381469729,1.4800000190734863,1.3730000257492063,1.399999976158142,1.399999976158142,54700,0.0,0.0,1.0,1.4600000381469729,1.399999976158142
2026-03-02,VVOS,yfinance,1.350000023841858,1.4500000476837158,1.3200000524520874,1.409999966621399,1.409999966621399,59900,0.0,0.0,1.0,1.350000023841858,1.409999966621399
2026-03-03,VVOS,yfinance,1.4800000190734863,1.4800000190734863,1.3300000429153442,1.350000023841858,1.350000023841858,66800,0.0,0.0,1.0,1.4800000190734863,1.350000023841858
2026-03-04,VVOS,yfinance,1.3700000047683716,1.4900000095367432,1.3600000143051147,1.440000057220459,1.440000057220459,79300,0.0,0.0,1.0,1.3700000047683716,1.440000057220459
2026-03-05,VVOS,yfinance,1.3940000534057615,1.4299999475479126,1.340000033378601,1.3799999952316284,1.3799999952316284,84400,0.0,0.0,1.0,1.3940000534057615,1.3799999952316284
2026-03-06,VVOS,yfinance,1.375,1.3799999952316284,1.2899999618530271,1.3300000429153442,1.3300000429153442,51500,0.0,0.0,1.0,1.375,1.3300000429153442
2026-03-09,VVOS,yfinance,1.2999999523162842,1.3700000047683716,1.2599999904632568,1.3300000429153442,1.3300000429153442,46800,0.0,0.0,1.0,1.2999999523162842,1.3300000429153442
2026-03-10,VVOS,yfinance,1.340000033378601,1.3609999418258667,1.2999999523162842,1.3450000286102295,1.3450000286102295,23200,0.0,0.0,1.0,1.340000033378601,1.3450000286102295
2026-03-11,VVOS,yfinance,1.340000033378601,1.5,1.2999999523162842,1.340000033378601,1.340000033378601,430300,0.0,0.0,1.0,1.340000033378601,1.340000033378601
2026-03-12,VVOS,yfinance,1.3700000047683716,1.399999976158142,1.2899999618530271,1.2999999523162842,1.2999999523162842,80900,0.0,0.0,1.0,1.3700000047683716,1.2999999523162842
2026-03-13,VVOS,yfinance,1.2699999809265137,1.340000033378601,1.190000057220459,1.2400000095367432,1.2400000095367432,216000,0.0,0.0,1.0,1.2699999809265137,1.2400000095367432
2026-03-16,VVOS,yfinance,1.274999976158142,1.3300000429153442,1.2599999904632568,1.2999999523162842,1.2999999523162842,40100,0.0,0.0,1.0,1.274999976158142,1.2999999523162842
2026-03-17,VVOS,yfinance,1.2999999523162842,1.3890000581741333,1.2999999523162842,1.3200000524520874,1.3200000524520874,95200,0.0,0.0,1.0,1.2999999523162842,1.3200000524520874
2026-03-18,VVOS,yfinance,1.36899995803833,1.4500000476837158,1.2899999618530271,1.340000033378601,1.340000033378601,257400,0.0,0.0,1.0,1.36899995803833,1.340000033378601
2026-03-19,VVOS,yfinance,1.309999942779541,1.3600000143051147,1.2599999904632568,1.2799999713897705,1.2799999713897705,56800,0.0,0.0,1.0,1.309999942779541,1.2799999713897705
2026-03-20,VVOS,yfinance,1.3450000286102295,1.3450000286102295,1.190000057220459,1.2200000286102295,1.2200000286102295,202900,0.0,0.0,1.0,1.3450000286102295,1.2200000286102295
2026-03-23,VVOS,yfinance,1.2300000190734863,1.2549999952316284,1.1799999475479126,1.1799999475479126,1.1799999475479126,44100,0.0,0.0,1.0,1.2300000190734863,1.1799999475479126
2026-03-24,VVOS,yfinance,1.1699999570846558,1.1820000410079956,1.1200000047683716,1.149999976158142,1.149999976158142,111200,0.0,0.0,1.0,1.1699999570846558,1.149999976158142
2026-03-25,VVOS,yfinance,1.149999976158142,1.2000000476837158,1.090000033378601,1.1399999856948853,1.1399999856948853,85900,0.0,0.0,1.0,1.149999976158142,1.1399999856948853
2026-03-26,VVOS,yfinance,1.1299999952316284,1.3600000143051147,1.0950000286102295,1.190000057220459,1.190000057220459,255000,0.0,0.0,1.0,1.1299999952316284,1.190000057220459
2026-03-27,VVOS,yfinance,1.149999976158142,1.1990000009536743,1.1100000143051147,1.149999976158142,1.149999976158142,134400,0.0,0.0,1.0,1.149999976158142,1.149999976158142
2026-03-30,VVOS,yfinance,1.1699999570846558,1.1699999570846558,1.0850000381469729,1.090000033378601,1.090000033378601,88700,0.0,0.0,1.0,1.1699999570846558,1.090000033378601
2026-03-31,VVOS,yfinance,1.090000033378601,1.1799999475479126,1.090000033378601,1.1799999475479126,1.1799999475479126,69100,0.0,0.0,1.0,1.090000033378601,1.1799999475479126
2026-04-01,VVOS,yfinance,1.149999976158142,1.309999942779541,1.149999976158142,1.2999999523162842,1.2999999523162842,96000,0.0,0.0,1.0,1.149999976158142,1.2999999523162842
2026-04-02,VVOS,yfinance,1.2549999952316284,1.35099995136261,1.25,1.3200000524520874,1.3200000524520874,170900,0.0,0.0,1.0,1.2549999952316284,1.3200000524520874
2026-04-06,VVOS,yfinance,1.399999976158142,1.4500000476837158,1.2899999618530271,1.309999942779541,1.309999942779541,2848600,0.0,0.0,1.0,1.399999976158142,1.309999942779541
2026-04-07,VVOS,yfinance,1.2899999618530271,1.3200000524520874,1.1399999856948853,1.2400000095367432,1.2400000095367432,375600,0.0,0.0,1.0,1.2899999618530271,1.2400000095367432
2026-04-08,VVOS,yfinance,1.2899999618530271,1.2899999618530271,1.1799999475479126,1.2000000476837158,1.2000000476837158,113100,0.0,0.0,1.0,1.2899999618530271,1.2000000476837158
2026-04-09,VVOS,yfinance,1.1799999475479126,1.2100000381469729,1.149999976158142,1.159999966621399,1.159999966621399,128100,0.0,0.0,1.0,1.1799999475479126,1.159999966621399
2026-04-10,VVOS,yfinance,1.1799999475479126,1.2130000591278076,1.159999966621399,1.2100000381469729,1.2100000381469729,157000,0.0,0.0,1.0,1.1799999475479126,1.2100000381469729
2026-04-13,VVOS,yfinance,1.190000057220459,1.25,1.1799999475479126,1.2200000286102295,1.2200000286102295,82200,0.0,0.0,1.0,1.190000057220459,1.2200000286102295
2026-04-14,VVOS,yfinance,1.2400000095367432,1.350000023841858,1.2200000286102295,1.350000023841858,1.350000023841858,167800,0.0,0.0,1.0,1.2400000095367432,1.350000023841858
2026-04-15,VVOS,yfinance,1.350000023841858,1.5399999618530271,1.3300000429153442,1.4700000286102295,1.4700000286102295,435800,0.0,0.0,1.0,1.350000023841858,1.4700000286102295
2026-04-16,VVOS,yfinance,1.2400000095367432,1.2949999570846558,1.090000033378601,1.090000033378601,1.090000033378601,892600,0.0,0.0,1.0,1.2400000095367432,1.090000033378601
2026-04-17,VVOS,yfinance,1.100000023841858,1.100000023841858,0.959999978542328,0.9739999771118164,0.9739999771118164,668700,0.0,0.0,1.0,1.100000023841858,0.9739999771118164
2026-04-20,VVOS,yfinance,1.0099999904632568,1.0399999618530271,0.9900000095367432,1.0099999904632568,1.0099999904632568,188900,0.0,0.0,1.0,1.0099999904632568,1.0099999904632568
2026-04-21,VVOS,yfinance,1.0299999713897705,1.0759999752044678,1.0,1.0299999713897705,1.0299999713897705,238400,0.0,0.0,1.0,1.0299999713897705,1.0299999713897705
2026-04-22,VVOS,yfinance,1.0499999523162842,1.059999942779541,1.0099999904632568,1.0299999713897705,1.0299999713897705,252500,0.0,0.0,1.0,1.0499999523162842,1.0299999713897705
2026-04-23,VVOS,yfinance,1.0499999523162842,1.0499999523162842,0.8220000267028809,0.8960000276565552,0.8960000276565552,627600,0.0,0.0,1.0,1.0499999523162842,0.8960000276565552
2026-04-24,VVOS,yfinance,0.9200000166893004,0.9200000166893004,0.8220000267028809,0.8420000076293945,0.8420000076293945,151100,0.0,0.0,1.0,0.9200000166893004,0.8420000076293945
2026-04-27,VVOS,yfinance,0.8519999980926514,0.8999999761581421,0.8080000281333923,0.8629999756813049,0.8629999756813049,395500,0.0,0.0,1.0,0.8519999980926514,0.8629999756813049
2026-04-28,VVOS,yfinance,0.8840000033378601,0.9190000295639038,0.847000002861023,0.8489999771118164,0.8489999771118164,88400,0.0,0.0,1.0,0.8840000033378601,0.8489999771118164
2026-04-29,VVOS,yfinance,0.8600000143051147,0.8610000014305115,0.7609999775886536,0.7829999923706055,0.7829999923706055,236900,0.0,0.0,1.0,0.8600000143051147,0.7829999923706055
2026-04-30,VVOS,yfinance,0.7979999780654907,0.8569999933242798,0.7979999780654907,0.800000011920929,0.800000011920929,107600,0.0,0.0,1.0,0.7979999780654907,0.800000011920929
2026-05-01,VVOS,yfinance,0.8669999837875366,0.8669999837875366,0.800000011920929,0.8069999814033508,0.8069999814033508,87300,0.0,0.0,1.0,0.8669999837875366,0.8069999814033508
2026-05-04,VVOS,yfinance,0.8199999928474426,0.847000002861023,0.7409999966621399,0.7450000047683716,0.7450000047683716,233400,0.0,0.0,1.0,0.8199999928474426,0.7450000047683716
2026-05-05,VVOS,yfinance,0.7699999809265137,0.7990000247955322,0.6899999976158142,0.7099999785423279,0.7099999785423279,256000,0.0,0.0,1.0,0.7699999809265137,0.7099999785423279
2026-05-06,VVOS,yfinance,0.7009999752044678,0.7419999837875366,0.7009999752044678,0.7200000286102295,0.7200000286102295,152100,0.0,0.0,1.0,0.7009999752044678,0.7200000286102295
2026-05-07,VVOS,yfinance,0.7260000109672546,0.75,0.6510000228881836,0.6639999747276306,0.6639999747276306,176800,0.0,0.0,1.0,0.7260000109672546,0.6639999747276306
2026-05-08,VVOS,yfinance,0.6639999747276306,0.6980000138282776,0.6549999713897705,0.6650000214576721,0.6650000214576721,127600,0.0,0.0,1.0,0.6639999747276306,0.6650000214576721
2026-05-11,VVOS,yfinance,0.6930000185966492,0.699999988079071,0.6620000004768372,0.6930000185966492,0.6930000185966492,165100,0.0,0.0,1.0,0.6930000185966492,0.6930000185966492
2026-05-12,VVOS,yfinance,0.6899999976158142,0.7260000109672546,0.6899999976158142,0.7260000109672546,0.7260000109672546,69400,0.0,0.0,1.0,0.6899999976158142,0.7260000109672546
2026-05-13,VVOS,yfinance,0.7360000014305115,0.7739999890327454,0.6899999976158142,0.7160000205039978,0.7160000205039978,149300,0.0,0.0,1.0,0.7360000014305115,0.7160000205039978
2026-05-14,VVOS,yfinance,0.7409999966621399,0.7459999918937683,0.6610000133514404,0.6899999976158142,0.6899999976158142,158100,0.0,0.0,1.0,0.7409999966621399,0.6899999976158142
2026-05-15,VVOS,yfinance,0.6899999976158142,0.7009999752044678,0.6399999856948853,0.640999972820282,0.640999972820282,138200,0.0,0.0,1.0,0.6899999976158142,0.640999972820282
2026-05-18,VVOS,yfinance,0.6420000195503235,0.6420000195503235,0.5799999833106995,0.5989999771118164,0.5989999771118164,208300,0.0,0.0,1.0,0.6420000195503235,0.5989999771118164
2026-05-19,VVOS,yfinance,0.593999981880188,0.6499999761581421,0.5799999833106995,0.5849999785423279,0.5849999785423279,55300,0.0,0.0,1.0,0.593999981880188,0.5849999785423279
2026-05-20,VVOS,yfinance,0.5799999833106995,0.6110000014305115,0.5699999928474426,0.5899999737739563,0.5899999737739563,278300,0.0,0.0,1.0,0.5799999833106995,0.5899999737739563
2026-05-21,VVOS,yfinance,0.5799999833106995,0.5989999771118164,0.5450000166893005,0.5849999785423279,0.5849999785423279,256400,0.0,0.0,1.0,0.5799999833106995,0.5849999785423279
2026-05-22,VVOS,yfinance,0.5989999771118164,0.6610000133514404,0.5989999771118164,0.6100000143051147,0.6100000143051147,143700,0.0,0.0,1.0,0.5989999771118164,0.6100000143051147
2026-05-26,VVOS,yfinance,0.6349999904632568,0.6570000052452087,0.6200000047683716,0.6470000147819519,0.6470000147819519,127800,0.0,0.0,1.0,0.6349999904632568,0.6470000147819519
2026-05-27,VVOS,yfinance,0.6600000262260437,0.7540000081062317,0.6600000262260437,0.6610000133514404,0.6610000133514404,228100,0.0,0.0,1.0,0.6600000262260437,0.6610000133514404
2026-05-28,VVOS,yfinance,0.6669999957084656,0.6930000185966492,0.6159999966621399,0.6700000166893005,0.6700000166893005,101800,0.0,0.0,1.0,0.6669999957084656,0.6700000166893005
2026-05-29,VVOS,yfinance,0.6700000166893005,0.699999988079071,0.6700000166893005,0.699999988079071,0.699999988079071,57800,0.0,0.0,1.0,0.6700000166893005,0.699999988079071
2026-06-01,VVOS,yfinance,0.7300000190734863,0.7379999756813049,0.6579999923706055,0.6850000023841858,0.6850000023841858,141100,0.0,0.0,1.0,0.7300000190734863,0.6850000023841858
2026-06-02,VVOS,yfinance,0.6740000247955322,0.7300000190734863,0.6510000228881836,0.6779999732971191,0.6779999732971191,66800,0.0,0.0,1.0,0.6740000247955322,0.6779999732971191
2026-06-03,VVOS,yfinance,0.6669999957084656,0.699999988079071,0.6309999823570251,0.6430000066757202,0.6430000066757202,147000,0.0,0.0,1.0,0.6669999957084656,0.6430000066757202
2026-06-04,VVOS,yfinance,0.6779999732971191,0.6930000185966492,0.6600000262260437,0.6930000185966492,0.6930000185966492,40500,0.0,0.0,1.0,0.6779999732971191,0.6930000185966492
2026-06-05,VVOS,yfinance,0.7250000238418579,1.3600000143051147,0.7020000219345093,0.8650000095367432,0.8650000095367432,67992100,0.0,0.0,1.0,0.7250000238418579,0.8650000095367432
